REGIONAL_GESTOR;REGIONAL;FAMILIA;PERIODO;VOL_VENDA
CO NO;CENTRO OESTE;00 - TUBOS PVC KRONA;2022-01-01;94490,84
CO NO;CENTRO OESTE;00 - TUBOS PVC KRONA;2022-02-01;277811,14
CO NO;CENTRO OESTE;00 - TUBOS PVC KRONA;2022-03-01;1529378,42
CO NO;CENTRO OESTE;00 - TUBOS PVC KRONA;2022-04-01;1062159,29
CO NO;CENTRO OESTE;00 - TUBOS PVC KRONA;2022-05-01;1064785,67
CO NO;CENTRO OESTE;00 - TUBOS PVC KRONA;2022-06-01;697002,01
CO NO;CENTRO OESTE;00 - TUBOS PVC KRONA;2022-07-01;310125,69
CO NO;CENTRO OESTE;00 - TUBOS PVC KRONA;2022-08-01;739502,46
CO NO;CENTRO OESTE;00 - TUBOS PVC KRONA;2022-09-01;740296,68
CO NO;CENTRO OESTE;00 - TUBOS PVC KRONA;2022-10-01;521082,43
CO NO;CENTRO OESTE;00 - TUBOS PVC KRONA;2022-11-01;220122,91
CO NO;CENTRO OESTE;00 - TUBOS PVC KRONA;2022-12-01;732236,37
CO NO;CENTRO OESTE;00 - TUBOS PVC KRONA;2023-01-01;99161,26
CO NO;CENTRO OESTE;00 - TUBOS PVC KRONA;2023-02-01;1408094,57
CO NO;CENTRO OESTE;00 - TUBOS PVC KRONA;2023-03-01;1009139,09
CO NO;CENTRO OESTE;00 - TUBOS PVC KRONA;2023-04-01;209357,85
CO NO;CENTRO OESTE;00 - TUBOS PVC KRONA;2023-05-01;339454,85
CO NO;CENTRO OESTE;00 - TUBOS PVC KRONA;2023-06-01;725340,64
CO NO;CENTRO OESTE;00 - TUBOS PVC KRONA;2023-07-01;406154,82
CO NO;CENTRO OESTE;00 - TUBOS PVC KRONA;2023-08-01;699098,60
CO NO;CENTRO OESTE;00 - TUBOS PVC KRONA;2023-09-01;964569,11
CO NO;CENTRO OESTE;00 - TUBOS PVC KRONA;2023-10-01;709245,81
CO NO;CENTRO OESTE;00 - TUBOS PVC KRONA;2023-11-01;252068,94
CO NO;CENTRO OESTE;00 - TUBOS PVC KRONA;2023-12-01;892367,15
CO NO;CENTRO OESTE;00 - TUBOS PVC KRONA;2024-01-01;133305,41
CO NO;CENTRO OESTE;00 - TUBOS PVC KRONA;2024-02-01;1335120,76
CO NO;CENTRO OESTE;00 - TUBOS PVC KRONA;2024-03-01;516594,33
CO NO;CENTRO OESTE;00 - TUBOS PVC KRONA;2024-04-01;349711,35
CO NO;CENTRO OESTE;00 - TUBOS PVC KRONA;2024-05-01;939835,21
CO NO;CENTRO OESTE;00 - TUBOS PVC KRONA;2024-06-01;1280407,45
CO NO;CENTRO OESTE;00 - TUBOS PVC KRONA;2024-07-01;1145163,72
CO NO;CENTRO OESTE;00 - TUBOS PVC KRONA;2024-08-01;209862,28
CO NO;CENTRO OESTE;00 - TUBOS PVC KRONA;2024-09-01;1143113,71
CO NO;CENTRO OESTE;00 - TUBOS PVC KRONA;2024-10-01;730935,02
CO NO;CENTRO OESTE;00 - TUBOS PVC KRONA;2024-11-01;790564,77
CO NO;CENTRO OESTE;00 - TUBOS PVC KRONA;2024-12-01;827338,20
CO NO;CENTRO OESTE;00 - TUBOS PVC KRONA;2025-01-01;559873,05
CO NO;CENTRO OESTE;00 - TUBOS PVC KRONA;2025-02-01;274923,23
CO NO;CENTRO OESTE;00 - TUBOS PVC KRONA;2025-03-01;605272,62
CO NO;CENTRO OESTE;00 - TUBOS PVC KRONA;2025-04-01;550469,51
CO NO;CENTRO OESTE;00 - TUBOS PVC KRONA;2025-05-01;737558,77
CO NO;CENTRO OESTE;00 - TUBOS PVC KRONA;2025-06-01;1553854,53
CO NO;CENTRO OESTE;00 - TUBOS PVC KRONA;2025-07-01;598365,31
CO NO;CENTRO OESTE;00 - TUBOS PVC KRONA;2025-08-01;728346,14
CO NO;CENTRO OESTE;00 - TUBOS PVC KRONA;2025-09-01;794927,51
CO NO;CENTRO OESTE;00 - TUBOS PVC KRONA;2025-10-01;897485,22
CO NO;CENTRO OESTE;00 - TUBOS PVC KRONA;2025-11-01;942379,97
CO NO;CENTRO OESTE;00 - TUBOS PVC KRONA;2025-12-01;1177472,29
CO NO;CENTRO OESTE;00 - TUBOS PVC KRONA;2026-01-01;253416,56
CO NO;CENTRO OESTE;00 - TUBOS PVC KRONA;2026-02-01;695621,35
CO NO;CENTRO OESTE;00 - TUBOS PVC KRONA;2026-03-01;877575,58
CO NO;CENTRO OESTE;00 - TUBOS PVC KRONA;2026-04-01;1090041,16
CO NO;CENTRO OESTE;00 - TUBOS PVC KRONA;2026-05-01;490668,76
CO NO;CENTRO OESTE;00 - TUBOS PVC KRONA;2026-06-01;626735,75
CO NO;CENTRO OESTE;00 - TUBOS PVC KRONA;2026-07-01;618293,66
CO NO;CENTRO OESTE;00 - TUBOS PVC KRONA;2026-08-01;441761,08
CO NO;CENTRO OESTE;01 - TUBOS ELETRODUTOS KRONA;2022-01-01;1330,66
CO NO;CENTRO OESTE;01 - TUBOS ELETRODUTOS KRONA;2022-02-01;1670,71
CO NO;CENTRO OESTE;01 - TUBOS ELETRODUTOS KRONA;2022-03-01;4194,02
CO NO;CENTRO OESTE;01 - TUBOS ELETRODUTOS KRONA;2022-04-01;3890,95
CO NO;CENTRO OESTE;01 - TUBOS ELETRODUTOS KRONA;2022-05-01;5865,21
CO NO;CENTRO OESTE;01 - TUBOS ELETRODUTOS KRONA;2022-06-01;4523,92
CO NO;CENTRO OESTE;01 - TUBOS ELETRODUTOS KRONA;2022-07-01;1847,36
CO NO;CENTRO OESTE;01 - TUBOS ELETRODUTOS KRONA;2022-08-01;1641,86
CO NO;CENTRO OESTE;01 - TUBOS ELETRODUTOS KRONA;2022-09-01;3240,69
CO NO;CENTRO OESTE;01 - TUBOS ELETRODUTOS KRONA;2022-10-01;2301,61
CO NO;CENTRO OESTE;01 - TUBOS ELETRODUTOS KRONA;2022-11-01;3619,00
CO NO;CENTRO OESTE;01 - TUBOS ELETRODUTOS KRONA;2022-12-01;8937,26
CO NO;CENTRO OESTE;01 - TUBOS ELETRODUTOS KRONA;2023-01-01;856,76
CO NO;CENTRO OESTE;01 - TUBOS ELETRODUTOS KRONA;2023-02-01;9906,73
CO NO;CENTRO OESTE;01 - TUBOS ELETRODUTOS KRONA;2023-03-01;4283,80
CO NO;CENTRO OESTE;01 - TUBOS ELETRODUTOS KRONA;2023-04-01;1536,36
CO NO;CENTRO OESTE;01 - TUBOS ELETRODUTOS KRONA;2023-05-01;5720,30
CO NO;CENTRO OESTE;01 - TUBOS ELETRODUTOS KRONA;2023-06-01;3694,12
CO NO;CENTRO OESTE;01 - TUBOS ELETRODUTOS KRONA;2023-07-01;7894,97
CO NO;CENTRO OESTE;01 - TUBOS ELETRODUTOS KRONA;2023-08-01;10552,52
CO NO;CENTRO OESTE;01 - TUBOS ELETRODUTOS KRONA;2023-09-01;10497,19
CO NO;CENTRO OESTE;01 - TUBOS ELETRODUTOS KRONA;2023-10-01;12642,30
CO NO;CENTRO OESTE;01 - TUBOS ELETRODUTOS KRONA;2023-11-01;1938,25
CO NO;CENTRO OESTE;01 - TUBOS ELETRODUTOS KRONA;2023-12-01;14791,42
CO NO;CENTRO OESTE;01 - TUBOS ELETRODUTOS KRONA;2024-01-01;865,80
CO NO;CENTRO OESTE;01 - TUBOS ELETRODUTOS KRONA;2024-02-01;12616,32
CO NO;CENTRO OESTE;01 - TUBOS ELETRODUTOS KRONA;2024-03-01;8814,37
CO NO;CENTRO OESTE;01 - TUBOS ELETRODUTOS KRONA;2024-04-01;2464,37
CO NO;CENTRO OESTE;01 - TUBOS ELETRODUTOS KRONA;2024-05-01;8250,98
CO NO;CENTRO OESTE;01 - TUBOS ELETRODUTOS KRONA;2024-06-01;12349,55
CO NO;CENTRO OESTE;01 - TUBOS ELETRODUTOS KRONA;2024-07-01;14281,20
CO NO;CENTRO OESTE;01 - TUBOS ELETRODUTOS KRONA;2024-08-01;874,03
CO NO;CENTRO OESTE;01 - TUBOS ELETRODUTOS KRONA;2024-09-01;4254,85
CO NO;CENTRO OESTE;01 - TUBOS ELETRODUTOS KRONA;2024-10-01;5772,70
CO NO;CENTRO OESTE;01 - TUBOS ELETRODUTOS KRONA;2024-11-01;1803,46
CO NO;CENTRO OESTE;01 - TUBOS ELETRODUTOS KRONA;2024-12-01;5870,30
CO NO;CENTRO OESTE;01 - TUBOS ELETRODUTOS KRONA;2025-01-01;9185,78
CO NO;CENTRO OESTE;01 - TUBOS ELETRODUTOS KRONA;2025-02-01;640,89
CO NO;CENTRO OESTE;01 - TUBOS ELETRODUTOS KRONA;2025-03-01;7290,23
CO NO;CENTRO OESTE;01 - TUBOS ELETRODUTOS KRONA;2025-04-01;7189,52
CO NO;CENTRO OESTE;01 - TUBOS ELETRODUTOS KRONA;2025-05-01;5307,69
CO NO;CENTRO OESTE;01 - TUBOS ELETRODUTOS KRONA;2025-06-01;11266,99
CO NO;CENTRO OESTE;01 - TUBOS ELETRODUTOS KRONA;2025-07-01;2871,59
CO NO;CENTRO OESTE;01 - TUBOS ELETRODUTOS KRONA;2025-08-01;5703,78
CO NO;CENTRO OESTE;01 - TUBOS ELETRODUTOS KRONA;2025-09-01;9527,92
CO NO;CENTRO OESTE;01 - TUBOS ELETRODUTOS KRONA;2025-10-01;7466,57
CO NO;CENTRO OESTE;01 - TUBOS ELETRODUTOS KRONA;2025-11-01;5905,71
CO NO;CENTRO OESTE;01 - TUBOS ELETRODUTOS KRONA;2025-12-01;11588,28
CO NO;CENTRO OESTE;01 - TUBOS ELETRODUTOS KRONA;2026-01-01;1494,04
CO NO;CENTRO OESTE;01 - TUBOS ELETRODUTOS KRONA;2026-02-01;11921,67
CO NO;CENTRO OESTE;01 - TUBOS ELETRODUTOS KRONA;2026-03-01;13608,73
CO NO;CENTRO OESTE;01 - TUBOS ELETRODUTOS KRONA;2026-04-01;5776,28
CO NO;CENTRO OESTE;01 - TUBOS ELETRODUTOS KRONA;2026-05-01;759,45
CO NO;CENTRO OESTE;01 - TUBOS ELETRODUTOS KRONA;2026-06-01;9506,40
CO NO;CENTRO OESTE;01 - TUBOS ELETRODUTOS KRONA;2026-07-01;10229,44
CO NO;CENTRO OESTE;01 - TUBOS ELETRODUTOS KRONA;2026-08-01;2912,02
CO NO;CENTRO OESTE;02 - CONEXOES KRONA;2022-01-01;18828,21
CO NO;CENTRO OESTE;02 - CONEXOES KRONA;2022-02-01;68390,15
CO NO;CENTRO OESTE;02 - CONEXOES KRONA;2022-03-01;237781,68
CO NO;CENTRO OESTE;02 - CONEXOES KRONA;2022-04-01;149140,60
CO NO;CENTRO OESTE;02 - CONEXOES KRONA;2022-05-01;146915,59
CO NO;CENTRO OESTE;02 - CONEXOES KRONA;2022-06-01;171688,37
CO NO;CENTRO OESTE;02 - CONEXOES KRONA;2022-07-01;62102,17
CO NO;CENTRO OESTE;02 - CONEXOES KRONA;2022-08-01;86651,39
CO NO;CENTRO OESTE;02 - CONEXOES KRONA;2022-09-01;147742,33
CO NO;CENTRO OESTE;02 - CONEXOES KRONA;2022-10-01;194085,41
CO NO;CENTRO OESTE;02 - CONEXOES KRONA;2022-11-01;57277,95
CO NO;CENTRO OESTE;02 - CONEXOES KRONA;2022-12-01;183662,61
CO NO;CENTRO OESTE;02 - CONEXOES KRONA;2023-01-01;30870,48
CO NO;CENTRO OESTE;02 - CONEXOES KRONA;2023-02-01;220339,27
CO NO;CENTRO OESTE;02 - CONEXOES KRONA;2023-03-01;198617,16
CO NO;CENTRO OESTE;02 - CONEXOES KRONA;2023-04-01;50512,57
CO NO;CENTRO OESTE;02 - CONEXOES KRONA;2023-05-01;109836,95
CO NO;CENTRO OESTE;02 - CONEXOES KRONA;2023-06-01;227777,60
CO NO;CENTRO OESTE;02 - CONEXOES KRONA;2023-07-01;165400,23
CO NO;CENTRO OESTE;02 - CONEXOES KRONA;2023-08-01;252368,00
CO NO;CENTRO OESTE;02 - CONEXOES KRONA;2023-09-01;270406,76
CO NO;CENTRO OESTE;02 - CONEXOES KRONA;2023-10-01;149882,22
CO NO;CENTRO OESTE;02 - CONEXOES KRONA;2023-11-01;64844,06
CO NO;CENTRO OESTE;02 - CONEXOES KRONA;2023-12-01;255090,43
CO NO;CENTRO OESTE;02 - CONEXOES KRONA;2024-01-01;50904,29
CO NO;CENTRO OESTE;02 - CONEXOES KRONA;2024-02-01;237341,21
CO NO;CENTRO OESTE;02 - CONEXOES KRONA;2024-03-01;149729,98
CO NO;CENTRO OESTE;02 - CONEXOES KRONA;2024-04-01;110063,18
CO NO;CENTRO OESTE;02 - CONEXOES KRONA;2024-05-01;210252,79
CO NO;CENTRO OESTE;02 - CONEXOES KRONA;2024-06-01;286900,19
CO NO;CENTRO OESTE;02 - CONEXOES KRONA;2024-07-01;359847,15
CO NO;CENTRO OESTE;02 - CONEXOES KRONA;2024-08-01;54227,26
CO NO;CENTRO OESTE;02 - CONEXOES KRONA;2024-09-01;212205,96
CO NO;CENTRO OESTE;02 - CONEXOES KRONA;2024-10-01;145073,21
CO NO;CENTRO OESTE;02 - CONEXOES KRONA;2024-11-01;126541,51
CO NO;CENTRO OESTE;02 - CONEXOES KRONA;2024-12-01;205053,87
CO NO;CENTRO OESTE;02 - CONEXOES KRONA;2025-01-01;163682,11
CO NO;CENTRO OESTE;02 - CONEXOES KRONA;2025-02-01;64120,79
CO NO;CENTRO OESTE;02 - CONEXOES KRONA;2025-03-01;184126,82
CO NO;CENTRO OESTE;02 - CONEXOES KRONA;2025-04-01;96167,38
CO NO;CENTRO OESTE;02 - CONEXOES KRONA;2025-05-01;195794,35
CO NO;CENTRO OESTE;02 - CONEXOES KRONA;2025-06-01;366550,23
CO NO;CENTRO OESTE;02 - CONEXOES KRONA;2025-07-01;147448,54
CO NO;CENTRO OESTE;02 - CONEXOES KRONA;2025-08-01;132454,18
CO NO;CENTRO OESTE;02 - CONEXOES KRONA;2025-09-01;169479,54
CO NO;CENTRO OESTE;02 - CONEXOES KRONA;2025-10-01;186996,60
CO NO;CENTRO OESTE;02 - CONEXOES KRONA;2025-11-01;138818,78
CO NO;CENTRO OESTE;02 - CONEXOES KRONA;2025-12-01;215538,26
CO NO;CENTRO OESTE;02 - CONEXOES KRONA;2026-01-01;41692,33
CO NO;CENTRO OESTE;02 - CONEXOES KRONA;2026-02-01;207615,62
CO NO;CENTRO OESTE;02 - CONEXOES KRONA;2026-03-01;198271,36
CO NO;CENTRO OESTE;02 - CONEXOES KRONA;2026-04-01;231085,45
CO NO;CENTRO OESTE;02 - CONEXOES KRONA;2026-05-01;94461,40
CO NO;CENTRO OESTE;02 - CONEXOES KRONA;2026-06-01;167742,59
CO NO;CENTRO OESTE;02 - CONEXOES KRONA;2026-07-01;175164,89
CO NO;CENTRO OESTE;02 - CONEXOES KRONA;2026-08-01;106955,84
CO NO;CENTRO OESTE;03 - ACESSORIOS KRONA;2022-01-01;2446,18
CO NO;CENTRO OESTE;03 - ACESSORIOS KRONA;2022-02-01;13463,20
CO NO;CENTRO OESTE;03 - ACESSORIOS KRONA;2022-03-01;53854,73
CO NO;CENTRO OESTE;03 - ACESSORIOS KRONA;2022-04-01;36944,18
CO NO;CENTRO OESTE;03 - ACESSORIOS KRONA;2022-05-01;30483,34
CO NO;CENTRO OESTE;03 - ACESSORIOS KRONA;2022-06-01;27315,34
CO NO;CENTRO OESTE;03 - ACESSORIOS KRONA;2022-07-01;8220,39
CO NO;CENTRO OESTE;03 - ACESSORIOS KRONA;2022-08-01;16259,79
CO NO;CENTRO OESTE;03 - ACESSORIOS KRONA;2022-09-01;26587,37
CO NO;CENTRO OESTE;03 - ACESSORIOS KRONA;2022-10-01;30043,27
CO NO;CENTRO OESTE;03 - ACESSORIOS KRONA;2022-11-01;11578,35
CO NO;CENTRO OESTE;03 - ACESSORIOS KRONA;2022-12-01;32785,63
CO NO;CENTRO OESTE;03 - ACESSORIOS KRONA;2023-01-01;8793,45
CO NO;CENTRO OESTE;03 - ACESSORIOS KRONA;2023-02-01;51444,56
CO NO;CENTRO OESTE;03 - ACESSORIOS KRONA;2023-03-01;44187,18
CO NO;CENTRO OESTE;03 - ACESSORIOS KRONA;2023-04-01;3717,71
CO NO;CENTRO OESTE;03 - ACESSORIOS KRONA;2023-05-01;25754,18
CO NO;CENTRO OESTE;03 - ACESSORIOS KRONA;2023-06-01;38781,49
CO NO;CENTRO OESTE;03 - ACESSORIOS KRONA;2023-07-01;39365,20
CO NO;CENTRO OESTE;03 - ACESSORIOS KRONA;2023-08-01;43029,80
CO NO;CENTRO OESTE;03 - ACESSORIOS KRONA;2023-09-01;47004,19
CO NO;CENTRO OESTE;03 - ACESSORIOS KRONA;2023-10-01;26635,90
CO NO;CENTRO OESTE;03 - ACESSORIOS KRONA;2023-11-01;8289,26
CO NO;CENTRO OESTE;03 - ACESSORIOS KRONA;2023-12-01;46514,55
CO NO;CENTRO OESTE;03 - ACESSORIOS KRONA;2024-01-01;7415,30
CO NO;CENTRO OESTE;03 - ACESSORIOS KRONA;2024-02-01;65497,03
CO NO;CENTRO OESTE;03 - ACESSORIOS KRONA;2024-03-01;31073,12
CO NO;CENTRO OESTE;03 - ACESSORIOS KRONA;2024-04-01;14356,97
CO NO;CENTRO OESTE;03 - ACESSORIOS KRONA;2024-05-01;54114,21
CO NO;CENTRO OESTE;03 - ACESSORIOS KRONA;2024-06-01;58821,51
CO NO;CENTRO OESTE;03 - ACESSORIOS KRONA;2024-07-01;64802,24
CO NO;CENTRO OESTE;03 - ACESSORIOS KRONA;2024-08-01;6091,45
CO NO;CENTRO OESTE;03 - ACESSORIOS KRONA;2024-09-01;33359,46
CO NO;CENTRO OESTE;03 - ACESSORIOS KRONA;2024-10-01;19175,20
CO NO;CENTRO OESTE;03 - ACESSORIOS KRONA;2024-11-01;17302,12
CO NO;CENTRO OESTE;03 - ACESSORIOS KRONA;2024-12-01;36520,40
CO NO;CENTRO OESTE;03 - ACESSORIOS KRONA;2025-01-01;39224,37
CO NO;CENTRO OESTE;03 - ACESSORIOS KRONA;2025-02-01;11380,73
CO NO;CENTRO OESTE;03 - ACESSORIOS KRONA;2025-03-01;31221,95
CO NO;CENTRO OESTE;03 - ACESSORIOS KRONA;2025-04-01;20019,78
CO NO;CENTRO OESTE;03 - ACESSORIOS KRONA;2025-05-01;35750,74
CO NO;CENTRO OESTE;03 - ACESSORIOS KRONA;2025-06-01;74531,43
CO NO;CENTRO OESTE;03 - ACESSORIOS KRONA;2025-07-01;25217,95
CO NO;CENTRO OESTE;03 - ACESSORIOS KRONA;2025-08-01;21268,40
CO NO;CENTRO OESTE;03 - ACESSORIOS KRONA;2025-09-01;32312,79
CO NO;CENTRO OESTE;03 - ACESSORIOS KRONA;2025-10-01;25832,87
CO NO;CENTRO OESTE;03 - ACESSORIOS KRONA;2025-11-01;17615,16
CO NO;CENTRO OESTE;03 - ACESSORIOS KRONA;2025-12-01;34732,42
CO NO;CENTRO OESTE;03 - ACESSORIOS KRONA;2026-01-01;8147,65
CO NO;CENTRO OESTE;03 - ACESSORIOS KRONA;2026-02-01;56337,14
CO NO;CENTRO OESTE;03 - ACESSORIOS KRONA;2026-03-01;54373,16
CO NO;CENTRO OESTE;03 - ACESSORIOS KRONA;2026-04-01;49661,91
CO NO;CENTRO OESTE;03 - ACESSORIOS KRONA;2026-05-01;14779,54
CO NO;CENTRO OESTE;03 - ACESSORIOS KRONA;2026-06-01;64509,31
CO NO;CENTRO OESTE;03 - ACESSORIOS KRONA;2026-07-01;41092,05
CO NO;CENTRO OESTE;03 - ACESSORIOS KRONA;2026-08-01;16180,29
CO NO;CENTRO OESTE;04 - PRODUTOS REVENDA;2022-01-01;1807,98
CO NO;CENTRO OESTE;04 - PRODUTOS REVENDA;2022-02-01;7902,46
CO NO;CENTRO OESTE;04 - PRODUTOS REVENDA;2022-03-01;16442,08
CO NO;CENTRO OESTE;04 - PRODUTOS REVENDA;2022-04-01;16744,02
CO NO;CENTRO OESTE;04 - PRODUTOS REVENDA;2022-05-01;17554,83
CO NO;CENTRO OESTE;04 - PRODUTOS REVENDA;2022-06-01;21778,54
CO NO;CENTRO OESTE;04 - PRODUTOS REVENDA;2022-07-01;5836,13
CO NO;CENTRO OESTE;04 - PRODUTOS REVENDA;2022-08-01;8520,32
CO NO;CENTRO OESTE;04 - PRODUTOS REVENDA;2022-09-01;13713,40
CO NO;CENTRO OESTE;04 - PRODUTOS REVENDA;2022-10-01;19638,60
CO NO;CENTRO OESTE;04 - PRODUTOS REVENDA;2022-11-01;6639,14
CO NO;CENTRO OESTE;04 - PRODUTOS REVENDA;2022-12-01;27812,21
CO NO;CENTRO OESTE;04 - PRODUTOS REVENDA;2023-01-01;2591,67
CO NO;CENTRO OESTE;04 - PRODUTOS REVENDA;2023-02-01;16115,90
CO NO;CENTRO OESTE;04 - PRODUTOS REVENDA;2023-03-01;20331,97
CO NO;CENTRO OESTE;04 - PRODUTOS REVENDA;2023-04-01;4761,33
CO NO;CENTRO OESTE;04 - PRODUTOS REVENDA;2023-05-01;10509,84
CO NO;CENTRO OESTE;04 - PRODUTOS REVENDA;2023-06-01;20416,61
CO NO;CENTRO OESTE;04 - PRODUTOS REVENDA;2023-07-01;14203,72
CO NO;CENTRO OESTE;04 - PRODUTOS REVENDA;2023-08-01;18556,11
CO NO;CENTRO OESTE;04 - PRODUTOS REVENDA;2023-09-01;18899,49
CO NO;CENTRO OESTE;04 - PRODUTOS REVENDA;2023-10-01;14949,02
CO NO;CENTRO OESTE;04 - PRODUTOS REVENDA;2023-11-01;5630,45
CO NO;CENTRO OESTE;04 - PRODUTOS REVENDA;2023-12-01;21199,67
CO NO;CENTRO OESTE;04 - PRODUTOS REVENDA;2024-01-01;4577,16
CO NO;CENTRO OESTE;04 - PRODUTOS REVENDA;2024-02-01;19807,71
CO NO;CENTRO OESTE;04 - PRODUTOS REVENDA;2024-03-01;10687,57
CO NO;CENTRO OESTE;04 - PRODUTOS REVENDA;2024-04-01;6264,39
CO NO;CENTRO OESTE;04 - PRODUTOS REVENDA;2024-05-01;13297,87
CO NO;CENTRO OESTE;04 - PRODUTOS REVENDA;2024-06-01;22995,61
CO NO;CENTRO OESTE;04 - PRODUTOS REVENDA;2024-07-01;20646,07
CO NO;CENTRO OESTE;04 - PRODUTOS REVENDA;2024-08-01;3941,97
CO NO;CENTRO OESTE;04 - PRODUTOS REVENDA;2024-09-01;12397,75
CO NO;CENTRO OESTE;04 - PRODUTOS REVENDA;2024-10-01;14529,42
CO NO;CENTRO OESTE;04 - PRODUTOS REVENDA;2024-11-01;7240,12
CO NO;CENTRO OESTE;04 - PRODUTOS REVENDA;2024-12-01;12302,89
CO NO;CENTRO OESTE;04 - PRODUTOS REVENDA;2025-01-01;10201,61
CO NO;CENTRO OESTE;04 - PRODUTOS REVENDA;2025-02-01;3936,54
CO NO;CENTRO OESTE;04 - PRODUTOS REVENDA;2025-03-01;12439,20
CO NO;CENTRO OESTE;04 - PRODUTOS REVENDA;2025-04-01;6776,01
CO NO;CENTRO OESTE;04 - PRODUTOS REVENDA;2025-05-01;15848,76
CO NO;CENTRO OESTE;04 - PRODUTOS REVENDA;2025-06-01;21850,87
CO NO;CENTRO OESTE;04 - PRODUTOS REVENDA;2025-07-01;7172,96
CO NO;CENTRO OESTE;04 - PRODUTOS REVENDA;2025-08-01;8972,43
CO NO;CENTRO OESTE;04 - PRODUTOS REVENDA;2025-09-01;12190,38
CO NO;CENTRO OESTE;04 - PRODUTOS REVENDA;2025-10-01;13658,29
CO NO;CENTRO OESTE;04 - PRODUTOS REVENDA;2025-11-01;9269,58
CO NO;CENTRO OESTE;04 - PRODUTOS REVENDA;2025-12-01;15716,47
CO NO;CENTRO OESTE;04 - PRODUTOS REVENDA;2026-01-01;2981,58
CO NO;CENTRO OESTE;04 - PRODUTOS REVENDA;2026-02-01;14686,26
CO NO;CENTRO OESTE;04 - PRODUTOS REVENDA;2026-03-01;13713,43
CO NO;CENTRO OESTE;04 - PRODUTOS REVENDA;2026-04-01;11782,22
CO NO;CENTRO OESTE;04 - PRODUTOS REVENDA;2026-05-01;5171,11
CO NO;CENTRO OESTE;04 - PRODUTOS REVENDA;2026-06-01;15976,97
CO NO;CENTRO OESTE;04 - PRODUTOS REVENDA;2026-07-01;12554,42
CO NO;CENTRO OESTE;04 - PRODUTOS REVENDA;2026-08-01;5942,38
CO NO;CENTRO OESTE;29 - PPR;2022-02-01;12,80
CO NO;CENTRO OESTE;29 - PPR;2022-03-01;1,12
CO NO;CENTRO OESTE;29 - PPR;2022-05-01;40,50
CO NO;CENTRO OESTE;29 - PPR;2022-07-01;1,16
CO NO;CENTRO OESTE;29 - PPR;2022-09-01;1,36
CO NO;CENTRO OESTE;29 - PPR;2022-10-01;39,60
CO NO;CENTRO OESTE;29 - PPR;2023-03-01;53,94
CO NO;CENTRO OESTE;29 - PPR;2023-10-01;39,60
CO NO;CENTRO OESTE;29 - PPR;2024-02-01;0,83
CO NO;CENTRO OESTE;29 - PPR;2024-04-01;19,80
CO NO;CENTRO OESTE;29 - PPR;2024-05-01;1,07
CO NO;CENTRO OESTE;29 - PPR;2024-06-01;39,60
CO NO;CENTRO OESTE;29 - PPR;2024-10-01;1,18
CO NO;CENTRO OESTE;29 - PPR;2025-02-01;35,82
CO NO;CENTRO OESTE;29 - PPR;2025-03-01;70,99
CO NO;CENTRO OESTE;29 - PPR;2025-05-01;0,82
CO NO;CENTRO OESTE;29 - PPR;2025-06-01;43,71
CO NO;CENTRO OESTE;29 - PPR;2025-07-01;2,17
CO NO;CENTRO OESTE;29 - PPR;2025-09-01;0,51
CO NO;CENTRO OESTE;29 - PPR;2025-10-01;5,85
CO NO;CENTRO OESTE;29 - PPR;2025-11-01;19,80
CO NO;CENTRO OESTE;29 - PPR;2025-12-01;0,15
CO NO;CENTRO OESTE;29 - PPR;2026-01-01;19,80
CO NO;CENTRO OESTE;29 - PPR;2026-02-01;1,70
CO NO;CENTRO OESTE;29 - PPR;2026-03-01;4,05
CO NO;CENTRO OESTE;29 - PPR;2026-04-01;14,63
CO NO;CENTRO OESTE;29 - PPR;2026-05-01;1,89
CO NO;CENTRO OESTE;29 - PPR;2026-06-01;39,60
CO NO;CENTRO OESTE;29 - PPR;2026-07-01;34,87
CO NO;CENTRO OESTE;29 - PPR;2026-08-01;48,76
CO NO;CENTRO OESTE;30 - ELETRODUTOS CORRUGADOS KRONA;2022-01-01;6678,95
CO NO;CENTRO OESTE;30 - ELETRODUTOS CORRUGADOS KRONA;2022-02-01;26009,44
CO NO;CENTRO OESTE;30 - ELETRODUTOS CORRUGADOS KRONA;2022-03-01;55691,69
CO NO;CENTRO OESTE;30 - ELETRODUTOS CORRUGADOS KRONA;2022-04-01;110005,38
CO NO;CENTRO OESTE;30 - ELETRODUTOS CORRUGADOS KRONA;2022-05-01;71187,33
CO NO;CENTRO OESTE;30 - ELETRODUTOS CORRUGADOS KRONA;2022-06-01;58524,60
CO NO;CENTRO OESTE;30 - ELETRODUTOS CORRUGADOS KRONA;2022-07-01;40043,71
CO NO;CENTRO OESTE;30 - ELETRODUTOS CORRUGADOS KRONA;2022-08-01;30031,60
CO NO;CENTRO OESTE;30 - ELETRODUTOS CORRUGADOS KRONA;2022-09-01;63682,46
CO NO;CENTRO OESTE;30 - ELETRODUTOS CORRUGADOS KRONA;2022-10-01;82454,74
CO NO;CENTRO OESTE;30 - ELETRODUTOS CORRUGADOS KRONA;2022-11-01;18915,92
CO NO;CENTRO OESTE;30 - ELETRODUTOS CORRUGADOS KRONA;2022-12-01;73751,18
CO NO;CENTRO OESTE;30 - ELETRODUTOS CORRUGADOS KRONA;2023-01-01;12298,27
CO NO;CENTRO OESTE;30 - ELETRODUTOS CORRUGADOS KRONA;2023-02-01;69647,26
CO NO;CENTRO OESTE;30 - ELETRODUTOS CORRUGADOS KRONA;2023-03-01;104615,00
CO NO;CENTRO OESTE;30 - ELETRODUTOS CORRUGADOS KRONA;2023-04-01;22156,69
CO NO;CENTRO OESTE;30 - ELETRODUTOS CORRUGADOS KRONA;2023-05-01;36029,50
CO NO;CENTRO OESTE;30 - ELETRODUTOS CORRUGADOS KRONA;2023-06-01;47946,84
CO NO;CENTRO OESTE;30 - ELETRODUTOS CORRUGADOS KRONA;2023-07-01;49072,60
CO NO;CENTRO OESTE;30 - ELETRODUTOS CORRUGADOS KRONA;2023-08-01;90749,40
CO NO;CENTRO OESTE;30 - ELETRODUTOS CORRUGADOS KRONA;2023-09-01;77238,01
CO NO;CENTRO OESTE;30 - ELETRODUTOS CORRUGADOS KRONA;2023-10-01;32264,51
CO NO;CENTRO OESTE;30 - ELETRODUTOS CORRUGADOS KRONA;2023-11-01;7139,97
CO NO;CENTRO OESTE;30 - ELETRODUTOS CORRUGADOS KRONA;2023-12-01;62554,20
CO NO;CENTRO OESTE;30 - ELETRODUTOS CORRUGADOS KRONA;2024-01-01;9920,60
CO NO;CENTRO OESTE;30 - ELETRODUTOS CORRUGADOS KRONA;2024-02-01;48217,10
CO NO;CENTRO OESTE;30 - ELETRODUTOS CORRUGADOS KRONA;2024-03-01;50154,54
CO NO;CENTRO OESTE;30 - ELETRODUTOS CORRUGADOS KRONA;2024-04-01;24858,53
CO NO;CENTRO OESTE;30 - ELETRODUTOS CORRUGADOS KRONA;2024-05-01;70013,83
CO NO;CENTRO OESTE;30 - ELETRODUTOS CORRUGADOS KRONA;2024-06-01;89305,88
CO NO;CENTRO OESTE;30 - ELETRODUTOS CORRUGADOS KRONA;2024-07-01;59513,22
CO NO;CENTRO OESTE;30 - ELETRODUTOS CORRUGADOS KRONA;2024-08-01;9691,75
CO NO;CENTRO OESTE;30 - ELETRODUTOS CORRUGADOS KRONA;2024-09-01;52447,96
CO NO;CENTRO OESTE;30 - ELETRODUTOS CORRUGADOS KRONA;2024-10-01;42084,81
CO NO;CENTRO OESTE;30 - ELETRODUTOS CORRUGADOS KRONA;2024-11-01;18100,00
CO NO;CENTRO OESTE;30 - ELETRODUTOS CORRUGADOS KRONA;2024-12-01;54344,58
CO NO;CENTRO OESTE;30 - ELETRODUTOS CORRUGADOS KRONA;2025-01-01;43534,90
CO NO;CENTRO OESTE;30 - ELETRODUTOS CORRUGADOS KRONA;2025-02-01;19082,28
CO NO;CENTRO OESTE;30 - ELETRODUTOS CORRUGADOS KRONA;2025-03-01;82339,64
CO NO;CENTRO OESTE;30 - ELETRODUTOS CORRUGADOS KRONA;2025-04-01;54715,29
CO NO;CENTRO OESTE;30 - ELETRODUTOS CORRUGADOS KRONA;2025-05-01;23249,71
CO NO;CENTRO OESTE;30 - ELETRODUTOS CORRUGADOS KRONA;2025-06-01;169265,48
CO NO;CENTRO OESTE;30 - ELETRODUTOS CORRUGADOS KRONA;2025-07-01;53352,42
CO NO;CENTRO OESTE;30 - ELETRODUTOS CORRUGADOS KRONA;2025-08-01;141736,10
CO NO;CENTRO OESTE;30 - ELETRODUTOS CORRUGADOS KRONA;2025-09-01;122155,32
CO NO;CENTRO OESTE;30 - ELETRODUTOS CORRUGADOS KRONA;2025-10-01;75934,26
CO NO;CENTRO OESTE;30 - ELETRODUTOS CORRUGADOS KRONA;2025-11-01;73332,40
CO NO;CENTRO OESTE;30 - ELETRODUTOS CORRUGADOS KRONA;2025-12-01;92224,19
CO NO;CENTRO OESTE;30 - ELETRODUTOS CORRUGADOS KRONA;2026-01-01;18026,74
CO NO;CENTRO OESTE;30 - ELETRODUTOS CORRUGADOS KRONA;2026-02-01;117756,58
CO NO;CENTRO OESTE;30 - ELETRODUTOS CORRUGADOS KRONA;2026-03-01;109110,75
CO NO;CENTRO OESTE;30 - ELETRODUTOS CORRUGADOS KRONA;2026-04-01;150575,30
CO NO;CENTRO OESTE;30 - ELETRODUTOS CORRUGADOS KRONA;2026-05-01;42120,57
CO NO;CENTRO OESTE;30 - ELETRODUTOS CORRUGADOS KRONA;2026-06-01;73422,82
CO NO;CENTRO OESTE;30 - ELETRODUTOS CORRUGADOS KRONA;2026-07-01;151182,93
CO NO;CENTRO OESTE;30 - ELETRODUTOS CORRUGADOS KRONA;2026-08-01;56117,25
CO NO;CENTRO OESTE;31 - CPVC ULTRATERM;2022-01-01;820,72
CO NO;CENTRO OESTE;31 - CPVC ULTRATERM;2022-02-01;6769,34
CO NO;CENTRO OESTE;31 - CPVC ULTRATERM;2022-03-01;16034,49
CO NO;CENTRO OESTE;31 - CPVC ULTRATERM;2022-04-01;3022,10
CO NO;CENTRO OESTE;31 - CPVC ULTRATERM;2022-05-01;5727,39
CO NO;CENTRO OESTE;31 - CPVC ULTRATERM;2022-06-01;6463,46
CO NO;CENTRO OESTE;31 - CPVC ULTRATERM;2022-07-01;2236,07
CO NO;CENTRO OESTE;31 - CPVC ULTRATERM;2022-08-01;2312,73
CO NO;CENTRO OESTE;31 - CPVC ULTRATERM;2022-09-01;5752,34
CO NO;CENTRO OESTE;31 - CPVC ULTRATERM;2022-10-01;5355,18
CO NO;CENTRO OESTE;31 - CPVC ULTRATERM;2022-11-01;1807,78
CO NO;CENTRO OESTE;31 - CPVC ULTRATERM;2022-12-01;3685,45
CO NO;CENTRO OESTE;31 - CPVC ULTRATERM;2023-01-01;53,21
CO NO;CENTRO OESTE;31 - CPVC ULTRATERM;2023-02-01;11623,72
CO NO;CENTRO OESTE;31 - CPVC ULTRATERM;2023-03-01;7368,38
CO NO;CENTRO OESTE;31 - CPVC ULTRATERM;2023-04-01;1646,28
CO NO;CENTRO OESTE;31 - CPVC ULTRATERM;2023-05-01;2284,82
CO NO;CENTRO OESTE;31 - CPVC ULTRATERM;2023-06-01;4113,16
CO NO;CENTRO OESTE;31 - CPVC ULTRATERM;2023-07-01;1813,08
CO NO;CENTRO OESTE;31 - CPVC ULTRATERM;2023-08-01;8708,52
CO NO;CENTRO OESTE;31 - CPVC ULTRATERM;2023-09-01;3862,43
CO NO;CENTRO OESTE;31 - CPVC ULTRATERM;2023-10-01;3259,54
CO NO;CENTRO OESTE;31 - CPVC ULTRATERM;2023-11-01;645,67
CO NO;CENTRO OESTE;31 - CPVC ULTRATERM;2023-12-01;2127,18
CO NO;CENTRO OESTE;31 - CPVC ULTRATERM;2024-01-01;1911,35
CO NO;CENTRO OESTE;31 - CPVC ULTRATERM;2024-02-01;4933,90
CO NO;CENTRO OESTE;31 - CPVC ULTRATERM;2024-03-01;2981,11
CO NO;CENTRO OESTE;31 - CPVC ULTRATERM;2024-04-01;2131,21
CO NO;CENTRO OESTE;31 - CPVC ULTRATERM;2024-05-01;5094,75
CO NO;CENTRO OESTE;31 - CPVC ULTRATERM;2024-06-01;4518,60
CO NO;CENTRO OESTE;31 - CPVC ULTRATERM;2024-07-01;7538,26
CO NO;CENTRO OESTE;31 - CPVC ULTRATERM;2024-08-01;1284,65
CO NO;CENTRO OESTE;31 - CPVC ULTRATERM;2024-09-01;5350,71
CO NO;CENTRO OESTE;31 - CPVC ULTRATERM;2024-10-01;3689,99
CO NO;CENTRO OESTE;31 - CPVC ULTRATERM;2024-11-01;2337,14
CO NO;CENTRO OESTE;31 - CPVC ULTRATERM;2024-12-01;5786,69
CO NO;CENTRO OESTE;31 - CPVC ULTRATERM;2025-01-01;7155,98
CO NO;CENTRO OESTE;31 - CPVC ULTRATERM;2025-02-01;5307,69
CO NO;CENTRO OESTE;31 - CPVC ULTRATERM;2025-03-01;1761,86
CO NO;CENTRO OESTE;31 - CPVC ULTRATERM;2025-04-01;1704,82
CO NO;CENTRO OESTE;31 - CPVC ULTRATERM;2025-05-01;5922,90
CO NO;CENTRO OESTE;31 - CPVC ULTRATERM;2025-06-01;3031,09
CO NO;CENTRO OESTE;31 - CPVC ULTRATERM;2025-07-01;2686,47
CO NO;CENTRO OESTE;31 - CPVC ULTRATERM;2025-08-01;2541,11
CO NO;CENTRO OESTE;31 - CPVC ULTRATERM;2025-09-01;3578,75
CO NO;CENTRO OESTE;31 - CPVC ULTRATERM;2025-10-01;4048,39
CO NO;CENTRO OESTE;31 - CPVC ULTRATERM;2025-11-01;2409,70
CO NO;CENTRO OESTE;31 - CPVC ULTRATERM;2025-12-01;5935,52
CO NO;CENTRO OESTE;31 - CPVC ULTRATERM;2026-01-01;407,24
CO NO;CENTRO OESTE;31 - CPVC ULTRATERM;2026-02-01;3561,57
CO NO;CENTRO OESTE;31 - CPVC ULTRATERM;2026-03-01;4430,89
CO NO;CENTRO OESTE;31 - CPVC ULTRATERM;2026-04-01;4087,64
CO NO;CENTRO OESTE;31 - CPVC ULTRATERM;2026-05-01;1231,62
CO NO;CENTRO OESTE;31 - CPVC ULTRATERM;2026-06-01;2862,39
CO NO;CENTRO OESTE;31 - CPVC ULTRATERM;2026-07-01;5400,53
CO NO;CENTRO OESTE;31 - CPVC ULTRATERM;2026-08-01;1166,23
CO NO;NORTE;00 - TUBOS PVC KRONA;2022-01-01;53004,34
CO NO;NORTE;00 - TUBOS PVC KRONA;2022-02-01;142016,16
CO NO;NORTE;00 - TUBOS PVC KRONA;2022-03-01;149842,95
CO NO;NORTE;00 - TUBOS PVC KRONA;2022-04-01;209301,03
CO NO;NORTE;00 - TUBOS PVC KRONA;2022-05-01;185682,62
CO NO;NORTE;00 - TUBOS PVC KRONA;2022-06-01;128624,40
CO NO;NORTE;00 - TUBOS PVC KRONA;2022-07-01;192099,08
CO NO;NORTE;00 - TUBOS PVC KRONA;2022-08-01;386393,58
CO NO;NORTE;00 - TUBOS PVC KRONA;2022-09-01;118503,30
CO NO;NORTE;00 - TUBOS PVC KRONA;2022-10-01;232829,68
CO NO;NORTE;00 - TUBOS PVC KRONA;2022-11-01;125911,37
CO NO;NORTE;00 - TUBOS PVC KRONA;2022-12-01;300343,30
CO NO;NORTE;00 - TUBOS PVC KRONA;2023-01-01;110717,20
CO NO;NORTE;00 - TUBOS PVC KRONA;2023-02-01;233633,25
CO NO;NORTE;00 - TUBOS PVC KRONA;2023-03-01;201254,92
CO NO;NORTE;00 - TUBOS PVC KRONA;2023-04-01;192739,38
CO NO;NORTE;00 - TUBOS PVC KRONA;2023-05-01;139516,59
CO NO;NORTE;00 - TUBOS PVC KRONA;2023-06-01;358262,13
CO NO;NORTE;00 - TUBOS PVC KRONA;2023-07-01;293989,12
CO NO;NORTE;00 - TUBOS PVC KRONA;2023-08-01;252531,79
CO NO;NORTE;00 - TUBOS PVC KRONA;2023-09-01;456996,27
CO NO;NORTE;00 - TUBOS PVC KRONA;2023-10-01;263904,05
CO NO;NORTE;00 - TUBOS PVC KRONA;2023-11-01;95832,16
CO NO;NORTE;00 - TUBOS PVC KRONA;2023-12-01;480002,34
CO NO;NORTE;00 - TUBOS PVC KRONA;2024-01-01;97809,16
CO NO;NORTE;00 - TUBOS PVC KRONA;2024-02-01;241606,09
CO NO;NORTE;00 - TUBOS PVC KRONA;2024-03-01;129658,61
CO NO;NORTE;00 - TUBOS PVC KRONA;2024-04-01;329296,19
CO NO;NORTE;00 - TUBOS PVC KRONA;2024-05-01;221817,68
CO NO;NORTE;00 - TUBOS PVC KRONA;2024-06-01;538156,43
CO NO;NORTE;00 - TUBOS PVC KRONA;2024-07-01;135893,97
CO NO;NORTE;00 - TUBOS PVC KRONA;2024-08-01;419638,77
CO NO;NORTE;00 - TUBOS PVC KRONA;2024-09-01;249130,24
CO NO;NORTE;00 - TUBOS PVC KRONA;2024-10-01;407886,61
CO NO;NORTE;00 - TUBOS PVC KRONA;2024-11-01;289526,41
CO NO;NORTE;00 - TUBOS PVC KRONA;2024-12-01;368148,11
CO NO;NORTE;00 - TUBOS PVC KRONA;2025-01-01;84822,48
CO NO;NORTE;00 - TUBOS PVC KRONA;2025-02-01;326669,47
CO NO;NORTE;00 - TUBOS PVC KRONA;2025-03-01;228468,82
CO NO;NORTE;00 - TUBOS PVC KRONA;2025-04-01;137705,62
CO NO;NORTE;00 - TUBOS PVC KRONA;2025-05-01;197935,12
CO NO;NORTE;00 - TUBOS PVC KRONA;2025-06-01;602403,49
CO NO;NORTE;00 - TUBOS PVC KRONA;2025-07-01;471883,95
CO NO;NORTE;00 - TUBOS PVC KRONA;2025-08-01;286017,77
CO NO;NORTE;00 - TUBOS PVC KRONA;2025-09-01;323142,46
CO NO;NORTE;00 - TUBOS PVC KRONA;2025-10-01;432621,36
CO NO;NORTE;00 - TUBOS PVC KRONA;2025-11-01;328495,19
CO NO;NORTE;00 - TUBOS PVC KRONA;2025-12-01;442827,57
CO NO;NORTE;00 - TUBOS PVC KRONA;2026-01-01;239934,90
CO NO;NORTE;00 - TUBOS PVC KRONA;2026-02-01;490765,56
CO NO;NORTE;00 - TUBOS PVC KRONA;2026-03-01;452619,70
CO NO;NORTE;00 - TUBOS PVC KRONA;2026-04-01;529738,08
CO NO;NORTE;00 - TUBOS PVC KRONA;2026-05-01;388148,50
CO NO;NORTE;00 - TUBOS PVC KRONA;2026-06-01;317929,83
CO NO;NORTE;00 - TUBOS PVC KRONA;2026-07-01;237330,56
CO NO;NORTE;00 - TUBOS PVC KRONA;2026-08-01;247640,13
CO NO;NORTE;01 - TUBOS ELETRODUTOS KRONA;2022-01-01;2470,40
CO NO;NORTE;01 - TUBOS ELETRODUTOS KRONA;2022-02-01;8756,05
CO NO;NORTE;01 - TUBOS ELETRODUTOS KRONA;2022-03-01;15407,76
CO NO;NORTE;01 - TUBOS ELETRODUTOS KRONA;2022-04-01;15125,05
CO NO;NORTE;01 - TUBOS ELETRODUTOS KRONA;2022-05-01;4114,99
CO NO;NORTE;01 - TUBOS ELETRODUTOS KRONA;2022-06-01;4549,67
CO NO;NORTE;01 - TUBOS ELETRODUTOS KRONA;2022-07-01;10031,45
CO NO;NORTE;01 - TUBOS ELETRODUTOS KRONA;2022-08-01;11045,25
CO NO;NORTE;01 - TUBOS ELETRODUTOS KRONA;2022-09-01;11232,03
CO NO;NORTE;01 - TUBOS ELETRODUTOS KRONA;2022-10-01;14514,92
CO NO;NORTE;01 - TUBOS ELETRODUTOS KRONA;2022-11-01;8537,50
CO NO;NORTE;01 - TUBOS ELETRODUTOS KRONA;2022-12-01;52760,52
CO NO;NORTE;01 - TUBOS ELETRODUTOS KRONA;2023-01-01;6327,45
CO NO;NORTE;01 - TUBOS ELETRODUTOS KRONA;2023-02-01;15567,89
CO NO;NORTE;01 - TUBOS ELETRODUTOS KRONA;2023-03-01;12898,30
CO NO;NORTE;01 - TUBOS ELETRODUTOS KRONA;2023-04-01;12048,33
CO NO;NORTE;01 - TUBOS ELETRODUTOS KRONA;2023-05-01;7502,11
CO NO;NORTE;01 - TUBOS ELETRODUTOS KRONA;2023-06-01;14060,10
CO NO;NORTE;01 - TUBOS ELETRODUTOS KRONA;2023-07-01;14154,14
CO NO;NORTE;01 - TUBOS ELETRODUTOS KRONA;2023-08-01;15081,70
CO NO;NORTE;01 - TUBOS ELETRODUTOS KRONA;2023-09-01;26146,18
CO NO;NORTE;01 - TUBOS ELETRODUTOS KRONA;2023-10-01;21660,94
CO NO;NORTE;01 - TUBOS ELETRODUTOS KRONA;2023-11-01;5840,15
CO NO;NORTE;01 - TUBOS ELETRODUTOS KRONA;2023-12-01;22362,06
CO NO;NORTE;01 - TUBOS ELETRODUTOS KRONA;2024-01-01;3316,36
CO NO;NORTE;01 - TUBOS ELETRODUTOS KRONA;2024-02-01;7707,60
CO NO;NORTE;01 - TUBOS ELETRODUTOS KRONA;2024-03-01;8644,03
CO NO;NORTE;01 - TUBOS ELETRODUTOS KRONA;2024-04-01;12513,33
CO NO;NORTE;01 - TUBOS ELETRODUTOS KRONA;2024-05-01;13782,73
CO NO;NORTE;01 - TUBOS ELETRODUTOS KRONA;2024-06-01;32393,08
CO NO;NORTE;01 - TUBOS ELETRODUTOS KRONA;2024-07-01;7466,81
CO NO;NORTE;01 - TUBOS ELETRODUTOS KRONA;2024-08-01;8865,72
CO NO;NORTE;01 - TUBOS ELETRODUTOS KRONA;2024-09-01;11831,72
CO NO;NORTE;01 - TUBOS ELETRODUTOS KRONA;2024-10-01;10135,40
CO NO;NORTE;01 - TUBOS ELETRODUTOS KRONA;2024-11-01;5236,60
CO NO;NORTE;01 - TUBOS ELETRODUTOS KRONA;2024-12-01;6149,52
CO NO;NORTE;01 - TUBOS ELETRODUTOS KRONA;2025-01-01;2341,66
CO NO;NORTE;01 - TUBOS ELETRODUTOS KRONA;2025-02-01;9549,27
CO NO;NORTE;01 - TUBOS ELETRODUTOS KRONA;2025-03-01;3497,18
CO NO;NORTE;01 - TUBOS ELETRODUTOS KRONA;2025-04-01;3970,95
CO NO;NORTE;01 - TUBOS ELETRODUTOS KRONA;2025-05-01;10845,22
CO NO;NORTE;01 - TUBOS ELETRODUTOS KRONA;2025-06-01;16192,23
CO NO;NORTE;01 - TUBOS ELETRODUTOS KRONA;2025-07-01;18968,31
CO NO;NORTE;01 - TUBOS ELETRODUTOS KRONA;2025-08-01;10424,15
CO NO;NORTE;01 - TUBOS ELETRODUTOS KRONA;2025-09-01;4673,00
CO NO;NORTE;01 - TUBOS ELETRODUTOS KRONA;2025-10-01;19363,22
CO NO;NORTE;01 - TUBOS ELETRODUTOS KRONA;2025-11-01;7007,20
CO NO;NORTE;01 - TUBOS ELETRODUTOS KRONA;2025-12-01;12549,90
CO NO;NORTE;01 - TUBOS ELETRODUTOS KRONA;2026-01-01;4797,56
CO NO;NORTE;01 - TUBOS ELETRODUTOS KRONA;2026-02-01;9437,63
CO NO;NORTE;01 - TUBOS ELETRODUTOS KRONA;2026-03-01;12355,54
CO NO;NORTE;01 - TUBOS ELETRODUTOS KRONA;2026-04-01;9559,60
CO NO;NORTE;01 - TUBOS ELETRODUTOS KRONA;2026-05-01;10693,44
CO NO;NORTE;01 - TUBOS ELETRODUTOS KRONA;2026-06-01;7930,52
CO NO;NORTE;01 - TUBOS ELETRODUTOS KRONA;2026-07-01;11900,27
CO NO;NORTE;01 - TUBOS ELETRODUTOS KRONA;2026-08-01;13772,50
CO NO;NORTE;02 - CONEXOES KRONA;2022-01-01;12205,06
CO NO;NORTE;02 - CONEXOES KRONA;2022-02-01;50904,01
CO NO;NORTE;02 - CONEXOES KRONA;2022-03-01;73824,76
CO NO;NORTE;02 - CONEXOES KRONA;2022-04-01;87402,01
CO NO;NORTE;02 - CONEXOES KRONA;2022-05-01;54607,07
CO NO;NORTE;02 - CONEXOES KRONA;2022-06-01;51290,41
CO NO;NORTE;02 - CONEXOES KRONA;2022-07-01;70307,61
CO NO;NORTE;02 - CONEXOES KRONA;2022-08-01;77033,87
CO NO;NORTE;02 - CONEXOES KRONA;2022-09-01;78800,56
CO NO;NORTE;02 - CONEXOES KRONA;2022-10-01;94705,33
CO NO;NORTE;02 - CONEXOES KRONA;2022-11-01;50153,42
CO NO;NORTE;02 - CONEXOES KRONA;2022-12-01;109415,67
CO NO;NORTE;02 - CONEXOES KRONA;2023-01-01;29913,33
CO NO;NORTE;02 - CONEXOES KRONA;2023-02-01;76481,81
CO NO;NORTE;02 - CONEXOES KRONA;2023-03-01;61220,16
CO NO;NORTE;02 - CONEXOES KRONA;2023-04-01;77778,91
CO NO;NORTE;02 - CONEXOES KRONA;2023-05-01;54464,56
CO NO;NORTE;02 - CONEXOES KRONA;2023-06-01;90657,09
CO NO;NORTE;02 - CONEXOES KRONA;2023-07-01;79453,96
CO NO;NORTE;02 - CONEXOES KRONA;2023-08-01;81403,11
CO NO;NORTE;02 - CONEXOES KRONA;2023-09-01;182590,37
CO NO;NORTE;02 - CONEXOES KRONA;2023-10-01;49724,69
CO NO;NORTE;02 - CONEXOES KRONA;2023-11-01;45668,15
CO NO;NORTE;02 - CONEXOES KRONA;2023-12-01;125013,06
CO NO;NORTE;02 - CONEXOES KRONA;2024-01-01;29707,24
CO NO;NORTE;02 - CONEXOES KRONA;2024-02-01;88984,27
CO NO;NORTE;02 - CONEXOES KRONA;2024-03-01;44288,17
CO NO;NORTE;02 - CONEXOES KRONA;2024-04-01;104720,34
CO NO;NORTE;02 - CONEXOES KRONA;2024-05-01;78588,78
CO NO;NORTE;02 - CONEXOES KRONA;2024-06-01;169316,90
CO NO;NORTE;02 - CONEXOES KRONA;2024-07-01;67023,35
CO NO;NORTE;02 - CONEXOES KRONA;2024-08-01;70015,06
CO NO;NORTE;02 - CONEXOES KRONA;2024-09-01;97707,60
CO NO;NORTE;02 - CONEXOES KRONA;2024-10-01;114707,08
CO NO;NORTE;02 - CONEXOES KRONA;2024-11-01;59508,97
CO NO;NORTE;02 - CONEXOES KRONA;2024-12-01;92789,06
CO NO;NORTE;02 - CONEXOES KRONA;2025-01-01;45112,47
CO NO;NORTE;02 - CONEXOES KRONA;2025-02-01;87774,04
CO NO;NORTE;02 - CONEXOES KRONA;2025-03-01;69424,76
CO NO;NORTE;02 - CONEXOES KRONA;2025-04-01;35195,39
CO NO;NORTE;02 - CONEXOES KRONA;2025-05-01;84034,59
CO NO;NORTE;02 - CONEXOES KRONA;2025-06-01;143925,81
CO NO;NORTE;02 - CONEXOES KRONA;2025-07-01;116384,55
CO NO;NORTE;02 - CONEXOES KRONA;2025-08-01;79832,73
CO NO;NORTE;02 - CONEXOES KRONA;2025-09-01;82191,78
CO NO;NORTE;02 - CONEXOES KRONA;2025-10-01;102013,20
CO NO;NORTE;02 - CONEXOES KRONA;2025-11-01;59140,57
CO NO;NORTE;02 - CONEXOES KRONA;2025-12-01;113654,65
CO NO;NORTE;02 - CONEXOES KRONA;2026-01-01;66660,89
CO NO;NORTE;02 - CONEXOES KRONA;2026-02-01;106384,45
CO NO;NORTE;02 - CONEXOES KRONA;2026-03-01;149718,94
CO NO;NORTE;02 - CONEXOES KRONA;2026-04-01;121825,17
CO NO;NORTE;02 - CONEXOES KRONA;2026-05-01;148928,17
CO NO;NORTE;02 - CONEXOES KRONA;2026-06-01;88050,41
CO NO;NORTE;02 - CONEXOES KRONA;2026-07-01;67682,15
CO NO;NORTE;02 - CONEXOES KRONA;2026-08-01;91076,45
CO NO;NORTE;03 - ACESSORIOS KRONA;2022-01-01;4027,95
CO NO;NORTE;03 - ACESSORIOS KRONA;2022-02-01;9006,54
CO NO;NORTE;03 - ACESSORIOS KRONA;2022-03-01;11322,77
CO NO;NORTE;03 - ACESSORIOS KRONA;2022-04-01;12388,53
CO NO;NORTE;03 - ACESSORIOS KRONA;2022-05-01;7673,85
CO NO;NORTE;03 - ACESSORIOS KRONA;2022-06-01;5255,48
CO NO;NORTE;03 - ACESSORIOS KRONA;2022-07-01;11199,47
CO NO;NORTE;03 - ACESSORIOS KRONA;2022-08-01;8486,73
CO NO;NORTE;03 - ACESSORIOS KRONA;2022-09-01;10580,96
CO NO;NORTE;03 - ACESSORIOS KRONA;2022-10-01;13462,23
CO NO;NORTE;03 - ACESSORIOS KRONA;2022-11-01;6976,62
CO NO;NORTE;03 - ACESSORIOS KRONA;2022-12-01;16101,72
CO NO;NORTE;03 - ACESSORIOS KRONA;2023-01-01;4540,18
CO NO;NORTE;03 - ACESSORIOS KRONA;2023-02-01;13514,86
CO NO;NORTE;03 - ACESSORIOS KRONA;2023-03-01;9295,88
CO NO;NORTE;03 - ACESSORIOS KRONA;2023-04-01;12947,42
CO NO;NORTE;03 - ACESSORIOS KRONA;2023-05-01;6628,40
CO NO;NORTE;03 - ACESSORIOS KRONA;2023-06-01;14468,89
CO NO;NORTE;03 - ACESSORIOS KRONA;2023-07-01;12332,46
CO NO;NORTE;03 - ACESSORIOS KRONA;2023-08-01;11577,81
CO NO;NORTE;03 - ACESSORIOS KRONA;2023-09-01;24089,78
CO NO;NORTE;03 - ACESSORIOS KRONA;2023-10-01;7982,69
CO NO;NORTE;03 - ACESSORIOS KRONA;2023-11-01;5479,16
CO NO;NORTE;03 - ACESSORIOS KRONA;2023-12-01;18053,26
CO NO;NORTE;03 - ACESSORIOS KRONA;2024-01-01;3314,13
CO NO;NORTE;03 - ACESSORIOS KRONA;2024-02-01;12026,29
CO NO;NORTE;03 - ACESSORIOS KRONA;2024-03-01;7464,19
CO NO;NORTE;03 - ACESSORIOS KRONA;2024-04-01;13252,69
CO NO;NORTE;03 - ACESSORIOS KRONA;2024-05-01;14340,43
CO NO;NORTE;03 - ACESSORIOS KRONA;2024-06-01;21608,97
CO NO;NORTE;03 - ACESSORIOS KRONA;2024-07-01;10453,72
CO NO;NORTE;03 - ACESSORIOS KRONA;2024-08-01;7204,90
CO NO;NORTE;03 - ACESSORIOS KRONA;2024-09-01;15268,83
CO NO;NORTE;03 - ACESSORIOS KRONA;2024-10-01;14950,33
CO NO;NORTE;03 - ACESSORIOS KRONA;2024-11-01;7850,71
CO NO;NORTE;03 - ACESSORIOS KRONA;2024-12-01;11302,72
CO NO;NORTE;03 - ACESSORIOS KRONA;2025-01-01;7468,94
CO NO;NORTE;03 - ACESSORIOS KRONA;2025-02-01;9213,39
CO NO;NORTE;03 - ACESSORIOS KRONA;2025-03-01;9695,82
CO NO;NORTE;03 - ACESSORIOS KRONA;2025-04-01;4443,78
CO NO;NORTE;03 - ACESSORIOS KRONA;2025-05-01;10573,24
CO NO;NORTE;03 - ACESSORIOS KRONA;2025-06-01;17523,44
CO NO;NORTE;03 - ACESSORIOS KRONA;2025-07-01;14137,02
CO NO;NORTE;03 - ACESSORIOS KRONA;2025-08-01;7689,02
CO NO;NORTE;03 - ACESSORIOS KRONA;2025-09-01;10299,75
CO NO;NORTE;03 - ACESSORIOS KRONA;2025-10-01;14528,68
CO NO;NORTE;03 - ACESSORIOS KRONA;2025-11-01;6339,05
CO NO;NORTE;03 - ACESSORIOS KRONA;2025-12-01;12933,00
CO NO;NORTE;03 - ACESSORIOS KRONA;2026-01-01;17888,24
CO NO;NORTE;03 - ACESSORIOS KRONA;2026-02-01;14701,63
CO NO;NORTE;03 - ACESSORIOS KRONA;2026-03-01;17392,75
CO NO;NORTE;03 - ACESSORIOS KRONA;2026-04-01;17034,63
CO NO;NORTE;03 - ACESSORIOS KRONA;2026-05-01;16885,78
CO NO;NORTE;03 - ACESSORIOS KRONA;2026-06-01;22407,08
CO NO;NORTE;03 - ACESSORIOS KRONA;2026-07-01;11651,79
CO NO;NORTE;03 - ACESSORIOS KRONA;2026-08-01;13114,66
CO NO;NORTE;04 - PRODUTOS REVENDA;2022-01-01;502,99
CO NO;NORTE;04 - PRODUTOS REVENDA;2022-02-01;2066,91
CO NO;NORTE;04 - PRODUTOS REVENDA;2022-03-01;1426,58
CO NO;NORTE;04 - PRODUTOS REVENDA;2022-04-01;1540,08
CO NO;NORTE;04 - PRODUTOS REVENDA;2022-05-01;1433,00
CO NO;NORTE;04 - PRODUTOS REVENDA;2022-06-01;1262,13
CO NO;NORTE;04 - PRODUTOS REVENDA;2022-07-01;1380,02
CO NO;NORTE;04 - PRODUTOS REVENDA;2022-08-01;1428,95
CO NO;NORTE;04 - PRODUTOS REVENDA;2022-09-01;2165,46
CO NO;NORTE;04 - PRODUTOS REVENDA;2022-10-01;2074,92
CO NO;NORTE;04 - PRODUTOS REVENDA;2022-11-01;2161,29
CO NO;NORTE;04 - PRODUTOS REVENDA;2022-12-01;3338,16
CO NO;NORTE;04 - PRODUTOS REVENDA;2023-01-01;882,70
CO NO;NORTE;04 - PRODUTOS REVENDA;2023-02-01;1961,08
CO NO;NORTE;04 - PRODUTOS REVENDA;2023-03-01;1704,03
CO NO;NORTE;04 - PRODUTOS REVENDA;2023-04-01;2251,58
CO NO;NORTE;04 - PRODUTOS REVENDA;2023-05-01;1584,81
CO NO;NORTE;04 - PRODUTOS REVENDA;2023-06-01;2086,22
CO NO;NORTE;04 - PRODUTOS REVENDA;2023-07-01;2576,56
CO NO;NORTE;04 - PRODUTOS REVENDA;2023-08-01;2160,70
CO NO;NORTE;04 - PRODUTOS REVENDA;2023-09-01;4920,43
CO NO;NORTE;04 - PRODUTOS REVENDA;2023-10-01;2034,56
CO NO;NORTE;04 - PRODUTOS REVENDA;2023-11-01;1838,32
CO NO;NORTE;04 - PRODUTOS REVENDA;2023-12-01;5825,64
CO NO;NORTE;04 - PRODUTOS REVENDA;2024-01-01;967,42
CO NO;NORTE;04 - PRODUTOS REVENDA;2024-02-01;2542,77
CO NO;NORTE;04 - PRODUTOS REVENDA;2024-03-01;1850,63
CO NO;NORTE;04 - PRODUTOS REVENDA;2024-04-01;2148,03
CO NO;NORTE;04 - PRODUTOS REVENDA;2024-05-01;1852,53
CO NO;NORTE;04 - PRODUTOS REVENDA;2024-06-01;3579,74
CO NO;NORTE;04 - PRODUTOS REVENDA;2024-07-01;2185,33
CO NO;NORTE;04 - PRODUTOS REVENDA;2024-08-01;1489,53
CO NO;NORTE;04 - PRODUTOS REVENDA;2024-09-01;2398,70
CO NO;NORTE;04 - PRODUTOS REVENDA;2024-10-01;3431,86
CO NO;NORTE;04 - PRODUTOS REVENDA;2024-11-01;1858,34
CO NO;NORTE;04 - PRODUTOS REVENDA;2024-12-01;2703,18
CO NO;NORTE;04 - PRODUTOS REVENDA;2025-01-01;1121,13
CO NO;NORTE;04 - PRODUTOS REVENDA;2025-02-01;2329,18
CO NO;NORTE;04 - PRODUTOS REVENDA;2025-03-01;1700,08
CO NO;NORTE;04 - PRODUTOS REVENDA;2025-04-01;1295,72
CO NO;NORTE;04 - PRODUTOS REVENDA;2025-05-01;1804,25
CO NO;NORTE;04 - PRODUTOS REVENDA;2025-06-01;2597,62
CO NO;NORTE;04 - PRODUTOS REVENDA;2025-07-01;2807,18
CO NO;NORTE;04 - PRODUTOS REVENDA;2025-08-01;1829,85
CO NO;NORTE;04 - PRODUTOS REVENDA;2025-09-01;1919,54
CO NO;NORTE;04 - PRODUTOS REVENDA;2025-10-01;1687,97
CO NO;NORTE;04 - PRODUTOS REVENDA;2025-11-01;1565,88
CO NO;NORTE;04 - PRODUTOS REVENDA;2025-12-01;2955,87
CO NO;NORTE;04 - PRODUTOS REVENDA;2026-01-01;1111,04
CO NO;NORTE;04 - PRODUTOS REVENDA;2026-02-01;1688,40
CO NO;NORTE;04 - PRODUTOS REVENDA;2026-03-01;2811,88
CO NO;NORTE;04 - PRODUTOS REVENDA;2026-04-01;1863,28
CO NO;NORTE;04 - PRODUTOS REVENDA;2026-05-01;2598,17
CO NO;NORTE;04 - PRODUTOS REVENDA;2026-06-01;1787,16
CO NO;NORTE;04 - PRODUTOS REVENDA;2026-07-01;1582,68
CO NO;NORTE;04 - PRODUTOS REVENDA;2026-08-01;2249,37
CO NO;NORTE;29 - PPR;2022-03-01;104,66
CO NO;NORTE;29 - PPR;2023-03-01;13,88
CO NO;NORTE;29 - PPR;2023-04-01;0,12
CO NO;NORTE;29 - PPR;2023-10-01;13,88
CO NO;NORTE;29 - PPR;2023-11-01;13,88
CO NO;NORTE;29 - PPR;2023-12-01;0,43
CO NO;NORTE;29 - PPR;2024-03-01;0,37
CO NO;NORTE;29 - PPR;2024-08-01;2,24
CO NO;NORTE;29 - PPR;2024-09-01;17,18
CO NO;NORTE;29 - PPR;2024-10-01;34,35
CO NO;NORTE;29 - PPR;2024-11-01;13,23
CO NO;NORTE;29 - PPR;2024-12-01;4,76
CO NO;NORTE;29 - PPR;2025-02-01;34,25
CO NO;NORTE;29 - PPR;2025-04-01;0,23
CO NO;NORTE;29 - PPR;2025-05-01;34,35
CO NO;NORTE;29 - PPR;2025-06-01;93,67
CO NO;NORTE;29 - PPR;2025-07-01;17,18
CO NO;NORTE;29 - PPR;2026-01-01;1,33
CO NO;NORTE;29 - PPR;2026-02-01;27,76
CO NO;NORTE;29 - PPR;2026-03-01;1,37
CO NO;NORTE;29 - PPR;2026-04-01;2,49
CO NO;NORTE;29 - PPR;2026-05-01;34,35
CO NO;NORTE;30 - ELETRODUTOS CORRUGADOS KRONA;2022-01-01;3199,78
CO NO;NORTE;30 - ELETRODUTOS CORRUGADOS KRONA;2022-02-01;19479,70
CO NO;NORTE;30 - ELETRODUTOS CORRUGADOS KRONA;2022-03-01;30188,38
CO NO;NORTE;30 - ELETRODUTOS CORRUGADOS KRONA;2022-04-01;22737,62
CO NO;NORTE;30 - ELETRODUTOS CORRUGADOS KRONA;2022-05-01;22276,68
CO NO;NORTE;30 - ELETRODUTOS CORRUGADOS KRONA;2022-06-01;10727,87
CO NO;NORTE;30 - ELETRODUTOS CORRUGADOS KRONA;2022-07-01;24766,36
CO NO;NORTE;30 - ELETRODUTOS CORRUGADOS KRONA;2022-08-01;25922,86
CO NO;NORTE;30 - ELETRODUTOS CORRUGADOS KRONA;2022-09-01;23221,15
CO NO;NORTE;30 - ELETRODUTOS CORRUGADOS KRONA;2022-10-01;25786,69
CO NO;NORTE;30 - ELETRODUTOS CORRUGADOS KRONA;2022-11-01;21311,69
CO NO;NORTE;30 - ELETRODUTOS CORRUGADOS KRONA;2022-12-01;34620,63
CO NO;NORTE;30 - ELETRODUTOS CORRUGADOS KRONA;2023-01-01;10827,90
CO NO;NORTE;30 - ELETRODUTOS CORRUGADOS KRONA;2023-02-01;21488,22
CO NO;NORTE;30 - ELETRODUTOS CORRUGADOS KRONA;2023-03-01;14644,73
CO NO;NORTE;30 - ELETRODUTOS CORRUGADOS KRONA;2023-04-01;12170,46
CO NO;NORTE;30 - ELETRODUTOS CORRUGADOS KRONA;2023-05-01;10756,37
CO NO;NORTE;30 - ELETRODUTOS CORRUGADOS KRONA;2023-06-01;25491,29
CO NO;NORTE;30 - ELETRODUTOS CORRUGADOS KRONA;2023-07-01;25444,17
CO NO;NORTE;30 - ELETRODUTOS CORRUGADOS KRONA;2023-08-01;19284,62
CO NO;NORTE;30 - ELETRODUTOS CORRUGADOS KRONA;2023-09-01;32088,63
CO NO;NORTE;30 - ELETRODUTOS CORRUGADOS KRONA;2023-10-01;14087,32
CO NO;NORTE;30 - ELETRODUTOS CORRUGADOS KRONA;2023-11-01;5773,08
CO NO;NORTE;30 - ELETRODUTOS CORRUGADOS KRONA;2023-12-01;8964,75
CO NO;NORTE;30 - ELETRODUTOS CORRUGADOS KRONA;2024-01-01;1708,83
CO NO;NORTE;30 - ELETRODUTOS CORRUGADOS KRONA;2024-02-01;14592,47
CO NO;NORTE;30 - ELETRODUTOS CORRUGADOS KRONA;2024-03-01;6228,23
CO NO;NORTE;30 - ELETRODUTOS CORRUGADOS KRONA;2024-04-01;8897,91
CO NO;NORTE;30 - ELETRODUTOS CORRUGADOS KRONA;2024-05-01;8091,44
CO NO;NORTE;30 - ELETRODUTOS CORRUGADOS KRONA;2024-06-01;21160,31
CO NO;NORTE;30 - ELETRODUTOS CORRUGADOS KRONA;2024-07-01;4876,43
CO NO;NORTE;30 - ELETRODUTOS CORRUGADOS KRONA;2024-08-01;10623,84
CO NO;NORTE;30 - ELETRODUTOS CORRUGADOS KRONA;2024-09-01;14277,34
CO NO;NORTE;30 - ELETRODUTOS CORRUGADOS KRONA;2024-10-01;14524,76
CO NO;NORTE;30 - ELETRODUTOS CORRUGADOS KRONA;2024-11-01;7132,98
CO NO;NORTE;30 - ELETRODUTOS CORRUGADOS KRONA;2024-12-01;9440,76
CO NO;NORTE;30 - ELETRODUTOS CORRUGADOS KRONA;2025-01-01;7220,22
CO NO;NORTE;30 - ELETRODUTOS CORRUGADOS KRONA;2025-02-01;9500,23
CO NO;NORTE;30 - ELETRODUTOS CORRUGADOS KRONA;2025-03-01;11992,50
CO NO;NORTE;30 - ELETRODUTOS CORRUGADOS KRONA;2025-04-01;4721,73
CO NO;NORTE;30 - ELETRODUTOS CORRUGADOS KRONA;2025-05-01;21548,70
CO NO;NORTE;30 - ELETRODUTOS CORRUGADOS KRONA;2025-06-01;38064,60
CO NO;NORTE;30 - ELETRODUTOS CORRUGADOS KRONA;2025-07-01;24263,20
CO NO;NORTE;30 - ELETRODUTOS CORRUGADOS KRONA;2025-08-01;19754,44
CO NO;NORTE;30 - ELETRODUTOS CORRUGADOS KRONA;2025-09-01;17614,49
CO NO;NORTE;30 - ELETRODUTOS CORRUGADOS KRONA;2025-10-01;18931,75
CO NO;NORTE;30 - ELETRODUTOS CORRUGADOS KRONA;2025-11-01;11915,35
CO NO;NORTE;30 - ELETRODUTOS CORRUGADOS KRONA;2025-12-01;25883,26
CO NO;NORTE;30 - ELETRODUTOS CORRUGADOS KRONA;2026-01-01;15922,91
CO NO;NORTE;30 - ELETRODUTOS CORRUGADOS KRONA;2026-02-01;27547,19
CO NO;NORTE;30 - ELETRODUTOS CORRUGADOS KRONA;2026-03-01;21451,01
CO NO;NORTE;30 - ELETRODUTOS CORRUGADOS KRONA;2026-04-01;48423,97
CO NO;NORTE;30 - ELETRODUTOS CORRUGADOS KRONA;2026-05-01;22879,69
CO NO;NORTE;30 - ELETRODUTOS CORRUGADOS KRONA;2026-06-01;23496,79
CO NO;NORTE;30 - ELETRODUTOS CORRUGADOS KRONA;2026-07-01;16779,08
CO NO;NORTE;30 - ELETRODUTOS CORRUGADOS KRONA;2026-08-01;28069,87
CO NO;NORTE;31 - CPVC ULTRATERM;2022-02-01;203,69
CO NO;NORTE;31 - CPVC ULTRATERM;2022-03-01;74,40
CO NO;NORTE;31 - CPVC ULTRATERM;2022-04-01;35,41
CO NO;NORTE;31 - CPVC ULTRATERM;2022-05-01;65,53
CO NO;NORTE;31 - CPVC ULTRATERM;2022-06-01;55,23
CO NO;NORTE;31 - CPVC ULTRATERM;2022-07-01;126,48
CO NO;NORTE;31 - CPVC ULTRATERM;2022-08-01;14,53
CO NO;NORTE;31 - CPVC ULTRATERM;2022-09-01;224,14
CO NO;NORTE;31 - CPVC ULTRATERM;2022-10-01;217,66
CO NO;NORTE;31 - CPVC ULTRATERM;2022-11-01;13,03
CO NO;NORTE;31 - CPVC ULTRATERM;2022-12-01;56,97
CO NO;NORTE;31 - CPVC ULTRATERM;2023-01-01;45,05
CO NO;NORTE;31 - CPVC ULTRATERM;2023-02-01;59,60
CO NO;NORTE;31 - CPVC ULTRATERM;2023-03-01;4,23
CO NO;NORTE;31 - CPVC ULTRATERM;2023-04-01;137,46
CO NO;NORTE;31 - CPVC ULTRATERM;2023-05-01;8,31
CO NO;NORTE;31 - CPVC ULTRATERM;2023-06-01;212,69
CO NO;NORTE;31 - CPVC ULTRATERM;2023-07-01;147,51
CO NO;NORTE;31 - CPVC ULTRATERM;2023-08-01;30,99
CO NO;NORTE;31 - CPVC ULTRATERM;2023-09-01;228,47
CO NO;NORTE;31 - CPVC ULTRATERM;2023-10-01;108,48
CO NO;NORTE;31 - CPVC ULTRATERM;2023-11-01;29,70
CO NO;NORTE;31 - CPVC ULTRATERM;2023-12-01;42,43
CO NO;NORTE;31 - CPVC ULTRATERM;2024-02-01;2,19
CO NO;NORTE;31 - CPVC ULTRATERM;2024-03-01;115,44
CO NO;NORTE;31 - CPVC ULTRATERM;2024-04-01;153,29
CO NO;NORTE;31 - CPVC ULTRATERM;2024-05-01;136,22
CO NO;NORTE;31 - CPVC ULTRATERM;2024-06-01;109,70
CO NO;NORTE;31 - CPVC ULTRATERM;2024-07-01;97,70
CO NO;NORTE;31 - CPVC ULTRATERM;2024-08-01;0,96
CO NO;NORTE;31 - CPVC ULTRATERM;2024-09-01;442,11
CO NO;NORTE;31 - CPVC ULTRATERM;2024-10-01;152,81
CO NO;NORTE;31 - CPVC ULTRATERM;2024-11-01;56,20
CO NO;NORTE;31 - CPVC ULTRATERM;2024-12-01;48,83
CO NO;NORTE;31 - CPVC ULTRATERM;2025-01-01;55,89
CO NO;NORTE;31 - CPVC ULTRATERM;2025-02-01;140,25
CO NO;NORTE;31 - CPVC ULTRATERM;2025-03-01;266,12
CO NO;NORTE;31 - CPVC ULTRATERM;2025-04-01;111,05
CO NO;NORTE;31 - CPVC ULTRATERM;2025-05-01;133,10
CO NO;NORTE;31 - CPVC ULTRATERM;2025-06-01;455,41
CO NO;NORTE;31 - CPVC ULTRATERM;2025-07-01;90,42
CO NO;NORTE;31 - CPVC ULTRATERM;2025-08-01;235,34
CO NO;NORTE;31 - CPVC ULTRATERM;2025-09-01;20,61
CO NO;NORTE;31 - CPVC ULTRATERM;2025-10-01;100,57
CO NO;NORTE;31 - CPVC ULTRATERM;2025-11-01;525,58
CO NO;NORTE;31 - CPVC ULTRATERM;2025-12-01;254,67
CO NO;NORTE;31 - CPVC ULTRATERM;2026-01-01;152,54
CO NO;NORTE;31 - CPVC ULTRATERM;2026-02-01;108,99
CO NO;NORTE;31 - CPVC ULTRATERM;2026-03-01;610,86
CO NO;NORTE;31 - CPVC ULTRATERM;2026-04-01;84,27
CO NO;NORTE;31 - CPVC ULTRATERM;2026-05-01;138,17
CO NO;NORTE;31 - CPVC ULTRATERM;2026-06-01;84,52
CO NO;NORTE;31 - CPVC ULTRATERM;2026-07-01;135,94
CO NO;NORTE;31 - CPVC ULTRATERM;2026-08-01;244,19
CONSTRUTORA;CONSTR CENTRO OESTE;00 - TUBOS PVC KRONA;2022-01-01;11553,00
CONSTRUTORA;CONSTR CENTRO OESTE;00 - TUBOS PVC KRONA;2022-02-01;37881,80
CONSTRUTORA;CONSTR CENTRO OESTE;00 - TUBOS PVC KRONA;2022-03-01;16094,86
CONSTRUTORA;CONSTR CENTRO OESTE;00 - TUBOS PVC KRONA;2022-04-01;30620,94
CONSTRUTORA;CONSTR CENTRO OESTE;00 - TUBOS PVC KRONA;2022-05-01;46101,57
CONSTRUTORA;CONSTR CENTRO OESTE;00 - TUBOS PVC KRONA;2022-06-01;44799,67
CONSTRUTORA;CONSTR CENTRO OESTE;00 - TUBOS PVC KRONA;2022-07-01;14361,43
CONSTRUTORA;CONSTR CENTRO OESTE;00 - TUBOS PVC KRONA;2022-08-01;34222,01
CONSTRUTORA;CONSTR CENTRO OESTE;00 - TUBOS PVC KRONA;2022-09-01;28434,47
CONSTRUTORA;CONSTR CENTRO OESTE;00 - TUBOS PVC KRONA;2022-10-01;48758,07
CONSTRUTORA;CONSTR CENTRO OESTE;00 - TUBOS PVC KRONA;2022-11-01;38608,62
CONSTRUTORA;CONSTR CENTRO OESTE;00 - TUBOS PVC KRONA;2022-12-01;34915,43
CONSTRUTORA;CONSTR CENTRO OESTE;00 - TUBOS PVC KRONA;2023-01-01;22855,53
CONSTRUTORA;CONSTR CENTRO OESTE;00 - TUBOS PVC KRONA;2023-02-01;41497,70
CONSTRUTORA;CONSTR CENTRO OESTE;00 - TUBOS PVC KRONA;2023-03-01;31313,88
CONSTRUTORA;CONSTR CENTRO OESTE;00 - TUBOS PVC KRONA;2023-04-01;47791,34
CONSTRUTORA;CONSTR CENTRO OESTE;00 - TUBOS PVC KRONA;2023-05-01;31194,85
CONSTRUTORA;CONSTR CENTRO OESTE;00 - TUBOS PVC KRONA;2023-06-01;72357,07
CONSTRUTORA;CONSTR CENTRO OESTE;00 - TUBOS PVC KRONA;2023-07-01;59491,06
CONSTRUTORA;CONSTR CENTRO OESTE;00 - TUBOS PVC KRONA;2023-08-01;76782,51
CONSTRUTORA;CONSTR CENTRO OESTE;00 - TUBOS PVC KRONA;2023-09-01;61791,28
CONSTRUTORA;CONSTR CENTRO OESTE;00 - TUBOS PVC KRONA;2023-10-01;54151,03
CONSTRUTORA;CONSTR CENTRO OESTE;00 - TUBOS PVC KRONA;2023-11-01;35416,32
CONSTRUTORA;CONSTR CENTRO OESTE;00 - TUBOS PVC KRONA;2023-12-01;59934,28
CONSTRUTORA;CONSTR CENTRO OESTE;00 - TUBOS PVC KRONA;2024-01-01;31187,57
CONSTRUTORA;CONSTR CENTRO OESTE;00 - TUBOS PVC KRONA;2024-02-01;67454,46
CONSTRUTORA;CONSTR CENTRO OESTE;00 - TUBOS PVC KRONA;2024-03-01;46070,13
CONSTRUTORA;CONSTR CENTRO OESTE;00 - TUBOS PVC KRONA;2024-04-01;52819,92
CONSTRUTORA;CONSTR CENTRO OESTE;00 - TUBOS PVC KRONA;2024-05-01;81057,96
CONSTRUTORA;CONSTR CENTRO OESTE;00 - TUBOS PVC KRONA;2024-06-01;75998,58
CONSTRUTORA;CONSTR CENTRO OESTE;00 - TUBOS PVC KRONA;2024-07-01;93193,68
CONSTRUTORA;CONSTR CENTRO OESTE;00 - TUBOS PVC KRONA;2024-08-01;97914,10
CONSTRUTORA;CONSTR CENTRO OESTE;00 - TUBOS PVC KRONA;2024-09-01;127456,43
CONSTRUTORA;CONSTR CENTRO OESTE;00 - TUBOS PVC KRONA;2024-10-01;131165,72
CONSTRUTORA;CONSTR CENTRO OESTE;00 - TUBOS PVC KRONA;2024-11-01;115630,66
CONSTRUTORA;CONSTR CENTRO OESTE;00 - TUBOS PVC KRONA;2024-12-01;61007,76
CONSTRUTORA;CONSTR CENTRO OESTE;00 - TUBOS PVC KRONA;2025-01-01;25000,73
CONSTRUTORA;CONSTR CENTRO OESTE;00 - TUBOS PVC KRONA;2025-02-01;73364,02
CONSTRUTORA;CONSTR CENTRO OESTE;00 - TUBOS PVC KRONA;2025-03-01;59064,22
CONSTRUTORA;CONSTR CENTRO OESTE;00 - TUBOS PVC KRONA;2025-04-01;56190,43
CONSTRUTORA;CONSTR CENTRO OESTE;00 - TUBOS PVC KRONA;2025-05-01;56774,63
CONSTRUTORA;CONSTR CENTRO OESTE;00 - TUBOS PVC KRONA;2025-06-01;74518,52
CONSTRUTORA;CONSTR CENTRO OESTE;00 - TUBOS PVC KRONA;2025-07-01;79984,66
CONSTRUTORA;CONSTR CENTRO OESTE;00 - TUBOS PVC KRONA;2025-08-01;106706,63
CONSTRUTORA;CONSTR CENTRO OESTE;00 - TUBOS PVC KRONA;2025-09-01;108797,66
CONSTRUTORA;CONSTR CENTRO OESTE;00 - TUBOS PVC KRONA;2025-10-01;98756,29
CONSTRUTORA;CONSTR CENTRO OESTE;00 - TUBOS PVC KRONA;2025-11-01;138380,43
CONSTRUTORA;CONSTR CENTRO OESTE;00 - TUBOS PVC KRONA;2025-12-01;81442,97
CONSTRUTORA;CONSTR CENTRO OESTE;00 - TUBOS PVC KRONA;2026-01-01;80506,45
CONSTRUTORA;CONSTR CENTRO OESTE;00 - TUBOS PVC KRONA;2026-02-01;104222,87
CONSTRUTORA;CONSTR CENTRO OESTE;00 - TUBOS PVC KRONA;2026-03-01;125074,17
CONSTRUTORA;CONSTR CENTRO OESTE;00 - TUBOS PVC KRONA;2026-04-01;165473,63
CONSTRUTORA;CONSTR CENTRO OESTE;00 - TUBOS PVC KRONA;2026-05-01;214574,09
CONSTRUTORA;CONSTR CENTRO OESTE;00 - TUBOS PVC KRONA;2026-06-01;309858,17
CONSTRUTORA;CONSTR CENTRO OESTE;00 - TUBOS PVC KRONA;2026-07-01;179033,01
CONSTRUTORA;CONSTR CENTRO OESTE;00 - TUBOS PVC KRONA;2026-08-01;261709,77
CONSTRUTORA;CONSTR CENTRO OESTE;01 - TUBOS ELETRODUTOS KRONA;2022-03-01;9,00
CONSTRUTORA;CONSTR CENTRO OESTE;01 - TUBOS ELETRODUTOS KRONA;2022-04-01;167,38
CONSTRUTORA;CONSTR CENTRO OESTE;01 - TUBOS ELETRODUTOS KRONA;2022-06-01;1639,70
CONSTRUTORA;CONSTR CENTRO OESTE;01 - TUBOS ELETRODUTOS KRONA;2022-07-01;92,81
CONSTRUTORA;CONSTR CENTRO OESTE;01 - TUBOS ELETRODUTOS KRONA;2022-08-01;1351,52
CONSTRUTORA;CONSTR CENTRO OESTE;01 - TUBOS ELETRODUTOS KRONA;2022-09-01;1417,50
CONSTRUTORA;CONSTR CENTRO OESTE;01 - TUBOS ELETRODUTOS KRONA;2022-10-01;1387,97
CONSTRUTORA;CONSTR CENTRO OESTE;01 - TUBOS ELETRODUTOS KRONA;2022-11-01;1721,58
CONSTRUTORA;CONSTR CENTRO OESTE;01 - TUBOS ELETRODUTOS KRONA;2022-12-01;149,00
CONSTRUTORA;CONSTR CENTRO OESTE;01 - TUBOS ELETRODUTOS KRONA;2023-02-01;140,47
CONSTRUTORA;CONSTR CENTRO OESTE;01 - TUBOS ELETRODUTOS KRONA;2023-03-01;2334,42
CONSTRUTORA;CONSTR CENTRO OESTE;01 - TUBOS ELETRODUTOS KRONA;2023-04-01;3265,52
CONSTRUTORA;CONSTR CENTRO OESTE;01 - TUBOS ELETRODUTOS KRONA;2023-05-01;2863,83
CONSTRUTORA;CONSTR CENTRO OESTE;01 - TUBOS ELETRODUTOS KRONA;2023-06-01;1163,17
CONSTRUTORA;CONSTR CENTRO OESTE;01 - TUBOS ELETRODUTOS KRONA;2023-07-01;2341,81
CONSTRUTORA;CONSTR CENTRO OESTE;01 - TUBOS ELETRODUTOS KRONA;2023-08-01;750,75
CONSTRUTORA;CONSTR CENTRO OESTE;01 - TUBOS ELETRODUTOS KRONA;2023-09-01;2382,88
CONSTRUTORA;CONSTR CENTRO OESTE;01 - TUBOS ELETRODUTOS KRONA;2023-10-01;1242,59
CONSTRUTORA;CONSTR CENTRO OESTE;01 - TUBOS ELETRODUTOS KRONA;2023-11-01;59,47
CONSTRUTORA;CONSTR CENTRO OESTE;01 - TUBOS ELETRODUTOS KRONA;2023-12-01;2150,29
CONSTRUTORA;CONSTR CENTRO OESTE;01 - TUBOS ELETRODUTOS KRONA;2024-02-01;1536,84
CONSTRUTORA;CONSTR CENTRO OESTE;01 - TUBOS ELETRODUTOS KRONA;2024-03-01;2615,74
CONSTRUTORA;CONSTR CENTRO OESTE;01 - TUBOS ELETRODUTOS KRONA;2024-04-01;1684,19
CONSTRUTORA;CONSTR CENTRO OESTE;01 - TUBOS ELETRODUTOS KRONA;2024-05-01;1123,53
CONSTRUTORA;CONSTR CENTRO OESTE;01 - TUBOS ELETRODUTOS KRONA;2024-06-01;2512,90
CONSTRUTORA;CONSTR CENTRO OESTE;01 - TUBOS ELETRODUTOS KRONA;2024-07-01;510,63
CONSTRUTORA;CONSTR CENTRO OESTE;01 - TUBOS ELETRODUTOS KRONA;2024-08-01;336,00
CONSTRUTORA;CONSTR CENTRO OESTE;01 - TUBOS ELETRODUTOS KRONA;2024-09-01;906,35
CONSTRUTORA;CONSTR CENTRO OESTE;01 - TUBOS ELETRODUTOS KRONA;2024-10-01;1131,44
CONSTRUTORA;CONSTR CENTRO OESTE;01 - TUBOS ELETRODUTOS KRONA;2024-11-01;3587,68
CONSTRUTORA;CONSTR CENTRO OESTE;01 - TUBOS ELETRODUTOS KRONA;2024-12-01;478,50
CONSTRUTORA;CONSTR CENTRO OESTE;01 - TUBOS ELETRODUTOS KRONA;2025-01-01;490,40
CONSTRUTORA;CONSTR CENTRO OESTE;01 - TUBOS ELETRODUTOS KRONA;2025-02-01;3911,01
CONSTRUTORA;CONSTR CENTRO OESTE;01 - TUBOS ELETRODUTOS KRONA;2025-03-01;1095,33
CONSTRUTORA;CONSTR CENTRO OESTE;01 - TUBOS ELETRODUTOS KRONA;2025-04-01;1128,19
CONSTRUTORA;CONSTR CENTRO OESTE;01 - TUBOS ELETRODUTOS KRONA;2025-05-01;1784,04
CONSTRUTORA;CONSTR CENTRO OESTE;01 - TUBOS ELETRODUTOS KRONA;2025-06-01;179,00
CONSTRUTORA;CONSTR CENTRO OESTE;01 - TUBOS ELETRODUTOS KRONA;2025-07-01;458,40
CONSTRUTORA;CONSTR CENTRO OESTE;01 - TUBOS ELETRODUTOS KRONA;2025-08-01;344,34
CONSTRUTORA;CONSTR CENTRO OESTE;01 - TUBOS ELETRODUTOS KRONA;2025-09-01;697,40
CONSTRUTORA;CONSTR CENTRO OESTE;01 - TUBOS ELETRODUTOS KRONA;2025-10-01;2978,00
CONSTRUTORA;CONSTR CENTRO OESTE;01 - TUBOS ELETRODUTOS KRONA;2025-11-01;202,00
CONSTRUTORA;CONSTR CENTRO OESTE;01 - TUBOS ELETRODUTOS KRONA;2025-12-01;748,86
CONSTRUTORA;CONSTR CENTRO OESTE;01 - TUBOS ELETRODUTOS KRONA;2026-01-01;82,37
CONSTRUTORA;CONSTR CENTRO OESTE;01 - TUBOS ELETRODUTOS KRONA;2026-02-01;1288,30
CONSTRUTORA;CONSTR CENTRO OESTE;01 - TUBOS ELETRODUTOS KRONA;2026-03-01;9,00
CONSTRUTORA;CONSTR CENTRO OESTE;01 - TUBOS ELETRODUTOS KRONA;2026-04-01;87,10
CONSTRUTORA;CONSTR CENTRO OESTE;01 - TUBOS ELETRODUTOS KRONA;2026-05-01;1695,40
CONSTRUTORA;CONSTR CENTRO OESTE;01 - TUBOS ELETRODUTOS KRONA;2026-06-01;207,00
CONSTRUTORA;CONSTR CENTRO OESTE;01 - TUBOS ELETRODUTOS KRONA;2026-07-01;247,66
CONSTRUTORA;CONSTR CENTRO OESTE;01 - TUBOS ELETRODUTOS KRONA;2026-08-01;1045,73
CONSTRUTORA;CONSTR CENTRO OESTE;02 - CONEXOES KRONA;2022-01-01;2639,07
CONSTRUTORA;CONSTR CENTRO OESTE;02 - CONEXOES KRONA;2022-02-01;7590,81
CONSTRUTORA;CONSTR CENTRO OESTE;02 - CONEXOES KRONA;2022-03-01;2170,76
CONSTRUTORA;CONSTR CENTRO OESTE;02 - CONEXOES KRONA;2022-04-01;4106,79
CONSTRUTORA;CONSTR CENTRO OESTE;02 - CONEXOES KRONA;2022-05-01;7441,38
CONSTRUTORA;CONSTR CENTRO OESTE;02 - CONEXOES KRONA;2022-06-01;9319,45
CONSTRUTORA;CONSTR CENTRO OESTE;02 - CONEXOES KRONA;2022-07-01;3490,26
CONSTRUTORA;CONSTR CENTRO OESTE;02 - CONEXOES KRONA;2022-08-01;7917,25
CONSTRUTORA;CONSTR CENTRO OESTE;02 - CONEXOES KRONA;2022-09-01;6765,32
CONSTRUTORA;CONSTR CENTRO OESTE;02 - CONEXOES KRONA;2022-10-01;8898,24
CONSTRUTORA;CONSTR CENTRO OESTE;02 - CONEXOES KRONA;2022-11-01;7365,43
CONSTRUTORA;CONSTR CENTRO OESTE;02 - CONEXOES KRONA;2022-12-01;8414,95
CONSTRUTORA;CONSTR CENTRO OESTE;02 - CONEXOES KRONA;2023-01-01;4623,64
CONSTRUTORA;CONSTR CENTRO OESTE;02 - CONEXOES KRONA;2023-02-01;9747,81
CONSTRUTORA;CONSTR CENTRO OESTE;02 - CONEXOES KRONA;2023-03-01;9152,99
CONSTRUTORA;CONSTR CENTRO OESTE;02 - CONEXOES KRONA;2023-04-01;8756,10
CONSTRUTORA;CONSTR CENTRO OESTE;02 - CONEXOES KRONA;2023-05-01;7715,07
CONSTRUTORA;CONSTR CENTRO OESTE;02 - CONEXOES KRONA;2023-06-01;9783,62
CONSTRUTORA;CONSTR CENTRO OESTE;02 - CONEXOES KRONA;2023-07-01;13127,45
CONSTRUTORA;CONSTR CENTRO OESTE;02 - CONEXOES KRONA;2023-08-01;17333,78
CONSTRUTORA;CONSTR CENTRO OESTE;02 - CONEXOES KRONA;2023-09-01;12251,47
CONSTRUTORA;CONSTR CENTRO OESTE;02 - CONEXOES KRONA;2023-10-01;10691,78
CONSTRUTORA;CONSTR CENTRO OESTE;02 - CONEXOES KRONA;2023-11-01;6545,44
CONSTRUTORA;CONSTR CENTRO OESTE;02 - CONEXOES KRONA;2023-12-01;15140,05
CONSTRUTORA;CONSTR CENTRO OESTE;02 - CONEXOES KRONA;2024-01-01;6537,15
CONSTRUTORA;CONSTR CENTRO OESTE;02 - CONEXOES KRONA;2024-02-01;13238,76
CONSTRUTORA;CONSTR CENTRO OESTE;02 - CONEXOES KRONA;2024-03-01;9005,75
CONSTRUTORA;CONSTR CENTRO OESTE;02 - CONEXOES KRONA;2024-04-01;10450,53
CONSTRUTORA;CONSTR CENTRO OESTE;02 - CONEXOES KRONA;2024-05-01;16868,46
CONSTRUTORA;CONSTR CENTRO OESTE;02 - CONEXOES KRONA;2024-06-01;18488,86
CONSTRUTORA;CONSTR CENTRO OESTE;02 - CONEXOES KRONA;2024-07-01;17983,40
CONSTRUTORA;CONSTR CENTRO OESTE;02 - CONEXOES KRONA;2024-08-01;18331,08
CONSTRUTORA;CONSTR CENTRO OESTE;02 - CONEXOES KRONA;2024-09-01;22389,29
CONSTRUTORA;CONSTR CENTRO OESTE;02 - CONEXOES KRONA;2024-10-01;24109,65
CONSTRUTORA;CONSTR CENTRO OESTE;02 - CONEXOES KRONA;2024-11-01;20308,08
CONSTRUTORA;CONSTR CENTRO OESTE;02 - CONEXOES KRONA;2024-12-01;11900,30
CONSTRUTORA;CONSTR CENTRO OESTE;02 - CONEXOES KRONA;2025-01-01;6732,77
CONSTRUTORA;CONSTR CENTRO OESTE;02 - CONEXOES KRONA;2025-02-01;19652,90
CONSTRUTORA;CONSTR CENTRO OESTE;02 - CONEXOES KRONA;2025-03-01;10248,81
CONSTRUTORA;CONSTR CENTRO OESTE;02 - CONEXOES KRONA;2025-04-01;14367,22
CONSTRUTORA;CONSTR CENTRO OESTE;02 - CONEXOES KRONA;2025-05-01;14756,70
CONSTRUTORA;CONSTR CENTRO OESTE;02 - CONEXOES KRONA;2025-06-01;18379,93
CONSTRUTORA;CONSTR CENTRO OESTE;02 - CONEXOES KRONA;2025-07-01;15971,98
CONSTRUTORA;CONSTR CENTRO OESTE;02 - CONEXOES KRONA;2025-08-01;18404,46
CONSTRUTORA;CONSTR CENTRO OESTE;02 - CONEXOES KRONA;2025-09-01;19641,80
CONSTRUTORA;CONSTR CENTRO OESTE;02 - CONEXOES KRONA;2025-10-01;18730,38
CONSTRUTORA;CONSTR CENTRO OESTE;02 - CONEXOES KRONA;2025-11-01;23485,11
CONSTRUTORA;CONSTR CENTRO OESTE;02 - CONEXOES KRONA;2025-12-01;17555,37
CONSTRUTORA;CONSTR CENTRO OESTE;02 - CONEXOES KRONA;2026-01-01;10434,36
CONSTRUTORA;CONSTR CENTRO OESTE;02 - CONEXOES KRONA;2026-02-01;26748,55
CONSTRUTORA;CONSTR CENTRO OESTE;02 - CONEXOES KRONA;2026-03-01;25465,70
CONSTRUTORA;CONSTR CENTRO OESTE;02 - CONEXOES KRONA;2026-04-01;31600,67
CONSTRUTORA;CONSTR CENTRO OESTE;02 - CONEXOES KRONA;2026-05-01;39025,07
CONSTRUTORA;CONSTR CENTRO OESTE;02 - CONEXOES KRONA;2026-06-01;46914,98
CONSTRUTORA;CONSTR CENTRO OESTE;02 - CONEXOES KRONA;2026-07-01;34779,84
CONSTRUTORA;CONSTR CENTRO OESTE;02 - CONEXOES KRONA;2026-08-01;56058,12
CONSTRUTORA;CONSTR CENTRO OESTE;03 - ACESSORIOS KRONA;2022-01-01;81,97
CONSTRUTORA;CONSTR CENTRO OESTE;03 - ACESSORIOS KRONA;2022-02-01;114,39
CONSTRUTORA;CONSTR CENTRO OESTE;03 - ACESSORIOS KRONA;2022-03-01;0,52
CONSTRUTORA;CONSTR CENTRO OESTE;03 - ACESSORIOS KRONA;2022-04-01;100,95
CONSTRUTORA;CONSTR CENTRO OESTE;03 - ACESSORIOS KRONA;2022-05-01;85,16
CONSTRUTORA;CONSTR CENTRO OESTE;03 - ACESSORIOS KRONA;2022-06-01;499,62
CONSTRUTORA;CONSTR CENTRO OESTE;03 - ACESSORIOS KRONA;2022-07-01;67,31
CONSTRUTORA;CONSTR CENTRO OESTE;03 - ACESSORIOS KRONA;2022-08-01;137,21
CONSTRUTORA;CONSTR CENTRO OESTE;03 - ACESSORIOS KRONA;2022-09-01;42,41
CONSTRUTORA;CONSTR CENTRO OESTE;03 - ACESSORIOS KRONA;2022-10-01;243,24
CONSTRUTORA;CONSTR CENTRO OESTE;03 - ACESSORIOS KRONA;2022-11-01;219,47
CONSTRUTORA;CONSTR CENTRO OESTE;03 - ACESSORIOS KRONA;2022-12-01;160,61
CONSTRUTORA;CONSTR CENTRO OESTE;03 - ACESSORIOS KRONA;2023-01-01;14,18
CONSTRUTORA;CONSTR CENTRO OESTE;03 - ACESSORIOS KRONA;2023-02-01;408,24
CONSTRUTORA;CONSTR CENTRO OESTE;03 - ACESSORIOS KRONA;2023-03-01;211,60
CONSTRUTORA;CONSTR CENTRO OESTE;03 - ACESSORIOS KRONA;2023-04-01;122,88
CONSTRUTORA;CONSTR CENTRO OESTE;03 - ACESSORIOS KRONA;2023-05-01;103,49
CONSTRUTORA;CONSTR CENTRO OESTE;03 - ACESSORIOS KRONA;2023-06-01;1017,98
CONSTRUTORA;CONSTR CENTRO OESTE;03 - ACESSORIOS KRONA;2023-07-01;140,28
CONSTRUTORA;CONSTR CENTRO OESTE;03 - ACESSORIOS KRONA;2023-08-01;273,73
CONSTRUTORA;CONSTR CENTRO OESTE;03 - ACESSORIOS KRONA;2023-09-01;679,41
CONSTRUTORA;CONSTR CENTRO OESTE;03 - ACESSORIOS KRONA;2023-10-01;416,34
CONSTRUTORA;CONSTR CENTRO OESTE;03 - ACESSORIOS KRONA;2023-11-01;72,62
CONSTRUTORA;CONSTR CENTRO OESTE;03 - ACESSORIOS KRONA;2023-12-01;90,42
CONSTRUTORA;CONSTR CENTRO OESTE;03 - ACESSORIOS KRONA;2024-01-01;82,93
CONSTRUTORA;CONSTR CENTRO OESTE;03 - ACESSORIOS KRONA;2024-02-01;172,52
CONSTRUTORA;CONSTR CENTRO OESTE;03 - ACESSORIOS KRONA;2024-03-01;137,97
CONSTRUTORA;CONSTR CENTRO OESTE;03 - ACESSORIOS KRONA;2024-04-01;343,07
CONSTRUTORA;CONSTR CENTRO OESTE;03 - ACESSORIOS KRONA;2024-05-01;100,04
CONSTRUTORA;CONSTR CENTRO OESTE;03 - ACESSORIOS KRONA;2024-06-01;169,01
CONSTRUTORA;CONSTR CENTRO OESTE;03 - ACESSORIOS KRONA;2024-07-01;1217,86
CONSTRUTORA;CONSTR CENTRO OESTE;03 - ACESSORIOS KRONA;2024-08-01;275,77
CONSTRUTORA;CONSTR CENTRO OESTE;03 - ACESSORIOS KRONA;2024-09-01;83,00
CONSTRUTORA;CONSTR CENTRO OESTE;03 - ACESSORIOS KRONA;2024-10-01;376,84
CONSTRUTORA;CONSTR CENTRO OESTE;03 - ACESSORIOS KRONA;2024-11-01;105,80
CONSTRUTORA;CONSTR CENTRO OESTE;03 - ACESSORIOS KRONA;2024-12-01;335,37
CONSTRUTORA;CONSTR CENTRO OESTE;03 - ACESSORIOS KRONA;2025-01-01;297,86
CONSTRUTORA;CONSTR CENTRO OESTE;03 - ACESSORIOS KRONA;2025-02-01;81,83
CONSTRUTORA;CONSTR CENTRO OESTE;03 - ACESSORIOS KRONA;2025-03-01;55,15
CONSTRUTORA;CONSTR CENTRO OESTE;03 - ACESSORIOS KRONA;2025-04-01;65,14
CONSTRUTORA;CONSTR CENTRO OESTE;03 - ACESSORIOS KRONA;2025-05-01;366,66
CONSTRUTORA;CONSTR CENTRO OESTE;03 - ACESSORIOS KRONA;2025-06-01;123,22
CONSTRUTORA;CONSTR CENTRO OESTE;03 - ACESSORIOS KRONA;2025-07-01;14,74
CONSTRUTORA;CONSTR CENTRO OESTE;03 - ACESSORIOS KRONA;2025-08-01;382,63
CONSTRUTORA;CONSTR CENTRO OESTE;03 - ACESSORIOS KRONA;2025-09-01;1078,70
CONSTRUTORA;CONSTR CENTRO OESTE;03 - ACESSORIOS KRONA;2025-10-01;87,51
CONSTRUTORA;CONSTR CENTRO OESTE;03 - ACESSORIOS KRONA;2025-11-01;843,48
CONSTRUTORA;CONSTR CENTRO OESTE;03 - ACESSORIOS KRONA;2025-12-01;55,42
CONSTRUTORA;CONSTR CENTRO OESTE;03 - ACESSORIOS KRONA;2026-01-01;75,13
CONSTRUTORA;CONSTR CENTRO OESTE;03 - ACESSORIOS KRONA;2026-02-01;501,32
CONSTRUTORA;CONSTR CENTRO OESTE;03 - ACESSORIOS KRONA;2026-03-01;220,05
CONSTRUTORA;CONSTR CENTRO OESTE;03 - ACESSORIOS KRONA;2026-04-01;670,55
CONSTRUTORA;CONSTR CENTRO OESTE;03 - ACESSORIOS KRONA;2026-05-01;781,60
CONSTRUTORA;CONSTR CENTRO OESTE;03 - ACESSORIOS KRONA;2026-06-01;376,64
CONSTRUTORA;CONSTR CENTRO OESTE;03 - ACESSORIOS KRONA;2026-07-01;172,71
CONSTRUTORA;CONSTR CENTRO OESTE;03 - ACESSORIOS KRONA;2026-08-01;1104,72
CONSTRUTORA;CONSTR CENTRO OESTE;04 - PRODUTOS REVENDA;2022-01-01;126,27
CONSTRUTORA;CONSTR CENTRO OESTE;04 - PRODUTOS REVENDA;2022-02-01;725,28
CONSTRUTORA;CONSTR CENTRO OESTE;04 - PRODUTOS REVENDA;2022-03-01;185,61
CONSTRUTORA;CONSTR CENTRO OESTE;04 - PRODUTOS REVENDA;2022-04-01;413,29
CONSTRUTORA;CONSTR CENTRO OESTE;04 - PRODUTOS REVENDA;2022-05-01;920,61
CONSTRUTORA;CONSTR CENTRO OESTE;04 - PRODUTOS REVENDA;2022-06-01;909,82
CONSTRUTORA;CONSTR CENTRO OESTE;04 - PRODUTOS REVENDA;2022-07-01;529,25
CONSTRUTORA;CONSTR CENTRO OESTE;04 - PRODUTOS REVENDA;2022-08-01;617,22
CONSTRUTORA;CONSTR CENTRO OESTE;04 - PRODUTOS REVENDA;2022-09-01;579,93
CONSTRUTORA;CONSTR CENTRO OESTE;04 - PRODUTOS REVENDA;2022-10-01;1053,85
CONSTRUTORA;CONSTR CENTRO OESTE;04 - PRODUTOS REVENDA;2022-11-01;799,53
CONSTRUTORA;CONSTR CENTRO OESTE;04 - PRODUTOS REVENDA;2022-12-01;959,49
CONSTRUTORA;CONSTR CENTRO OESTE;04 - PRODUTOS REVENDA;2023-01-01;423,56
CONSTRUTORA;CONSTR CENTRO OESTE;04 - PRODUTOS REVENDA;2023-02-01;1196,95
CONSTRUTORA;CONSTR CENTRO OESTE;04 - PRODUTOS REVENDA;2023-03-01;550,51
CONSTRUTORA;CONSTR CENTRO OESTE;04 - PRODUTOS REVENDA;2023-04-01;1094,59
CONSTRUTORA;CONSTR CENTRO OESTE;04 - PRODUTOS REVENDA;2023-05-01;925,16
CONSTRUTORA;CONSTR CENTRO OESTE;04 - PRODUTOS REVENDA;2023-06-01;1345,83
CONSTRUTORA;CONSTR CENTRO OESTE;04 - PRODUTOS REVENDA;2023-07-01;1450,24
CONSTRUTORA;CONSTR CENTRO OESTE;04 - PRODUTOS REVENDA;2023-08-01;1968,76
CONSTRUTORA;CONSTR CENTRO OESTE;04 - PRODUTOS REVENDA;2023-09-01;903,12
CONSTRUTORA;CONSTR CENTRO OESTE;04 - PRODUTOS REVENDA;2023-10-01;1021,70
CONSTRUTORA;CONSTR CENTRO OESTE;04 - PRODUTOS REVENDA;2023-11-01;680,25
CONSTRUTORA;CONSTR CENTRO OESTE;04 - PRODUTOS REVENDA;2023-12-01;1554,47
CONSTRUTORA;CONSTR CENTRO OESTE;04 - PRODUTOS REVENDA;2024-01-01;396,24
CONSTRUTORA;CONSTR CENTRO OESTE;04 - PRODUTOS REVENDA;2024-02-01;1758,65
CONSTRUTORA;CONSTR CENTRO OESTE;04 - PRODUTOS REVENDA;2024-03-01;958,16
CONSTRUTORA;CONSTR CENTRO OESTE;04 - PRODUTOS REVENDA;2024-04-01;1433,23
CONSTRUTORA;CONSTR CENTRO OESTE;04 - PRODUTOS REVENDA;2024-05-01;2549,69
CONSTRUTORA;CONSTR CENTRO OESTE;04 - PRODUTOS REVENDA;2024-06-01;2772,08
CONSTRUTORA;CONSTR CENTRO OESTE;04 - PRODUTOS REVENDA;2024-07-01;2815,46
CONSTRUTORA;CONSTR CENTRO OESTE;04 - PRODUTOS REVENDA;2024-08-01;3496,75
CONSTRUTORA;CONSTR CENTRO OESTE;04 - PRODUTOS REVENDA;2024-09-01;3472,23
CONSTRUTORA;CONSTR CENTRO OESTE;04 - PRODUTOS REVENDA;2024-10-01;2610,29
CONSTRUTORA;CONSTR CENTRO OESTE;04 - PRODUTOS REVENDA;2024-11-01;3510,23
CONSTRUTORA;CONSTR CENTRO OESTE;04 - PRODUTOS REVENDA;2024-12-01;2069,00
CONSTRUTORA;CONSTR CENTRO OESTE;04 - PRODUTOS REVENDA;2025-01-01;680,95
CONSTRUTORA;CONSTR CENTRO OESTE;04 - PRODUTOS REVENDA;2025-02-01;2292,63
CONSTRUTORA;CONSTR CENTRO OESTE;04 - PRODUTOS REVENDA;2025-03-01;1765,64
CONSTRUTORA;CONSTR CENTRO OESTE;04 - PRODUTOS REVENDA;2025-04-01;1925,03
CONSTRUTORA;CONSTR CENTRO OESTE;04 - PRODUTOS REVENDA;2025-05-01;2173,47
CONSTRUTORA;CONSTR CENTRO OESTE;04 - PRODUTOS REVENDA;2025-06-01;1734,69
CONSTRUTORA;CONSTR CENTRO OESTE;04 - PRODUTOS REVENDA;2025-07-01;2224,53
CONSTRUTORA;CONSTR CENTRO OESTE;04 - PRODUTOS REVENDA;2025-08-01;2818,08
CONSTRUTORA;CONSTR CENTRO OESTE;04 - PRODUTOS REVENDA;2025-09-01;2804,52
CONSTRUTORA;CONSTR CENTRO OESTE;04 - PRODUTOS REVENDA;2025-10-01;3531,02
CONSTRUTORA;CONSTR CENTRO OESTE;04 - PRODUTOS REVENDA;2025-11-01;3519,04
CONSTRUTORA;CONSTR CENTRO OESTE;04 - PRODUTOS REVENDA;2025-12-01;2035,70
CONSTRUTORA;CONSTR CENTRO OESTE;04 - PRODUTOS REVENDA;2026-01-01;1471,84
CONSTRUTORA;CONSTR CENTRO OESTE;04 - PRODUTOS REVENDA;2026-02-01;2354,93
CONSTRUTORA;CONSTR CENTRO OESTE;04 - PRODUTOS REVENDA;2026-03-01;3565,81
CONSTRUTORA;CONSTR CENTRO OESTE;04 - PRODUTOS REVENDA;2026-04-01;3556,39
CONSTRUTORA;CONSTR CENTRO OESTE;04 - PRODUTOS REVENDA;2026-05-01;6425,90
CONSTRUTORA;CONSTR CENTRO OESTE;04 - PRODUTOS REVENDA;2026-06-01;7375,40
CONSTRUTORA;CONSTR CENTRO OESTE;04 - PRODUTOS REVENDA;2026-07-01;6449,95
CONSTRUTORA;CONSTR CENTRO OESTE;04 - PRODUTOS REVENDA;2026-08-01;7530,42
CONSTRUTORA;CONSTR CENTRO OESTE;29 - PPR;2022-02-01;49,16
CONSTRUTORA;CONSTR CENTRO OESTE;29 - PPR;2022-04-01;247,84
CONSTRUTORA;CONSTR CENTRO OESTE;29 - PPR;2022-09-01;68,55
CONSTRUTORA;CONSTR CENTRO OESTE;29 - PPR;2022-12-01;64,19
CONSTRUTORA;CONSTR CENTRO OESTE;29 - PPR;2023-06-01;0,08
CONSTRUTORA;CONSTR CENTRO OESTE;29 - PPR;2023-08-01;344,12
CONSTRUTORA;CONSTR CENTRO OESTE;29 - PPR;2023-09-01;14,86
CONSTRUTORA;CONSTR CENTRO OESTE;29 - PPR;2023-10-01;476,53
CONSTRUTORA;CONSTR CENTRO OESTE;29 - PPR;2023-11-01;70,40
CONSTRUTORA;CONSTR CENTRO OESTE;29 - PPR;2023-12-01;9,00
CONSTRUTORA;CONSTR CENTRO OESTE;29 - PPR;2024-04-01;142,37
CONSTRUTORA;CONSTR CENTRO OESTE;29 - PPR;2024-07-01;63,03
CONSTRUTORA;CONSTR CENTRO OESTE;29 - PPR;2024-08-01;1234,54
CONSTRUTORA;CONSTR CENTRO OESTE;29 - PPR;2024-09-01;372,92
CONSTRUTORA;CONSTR CENTRO OESTE;29 - PPR;2024-10-01;319,38
CONSTRUTORA;CONSTR CENTRO OESTE;29 - PPR;2024-11-01;18,42
CONSTRUTORA;CONSTR CENTRO OESTE;29 - PPR;2024-12-01;109,51
CONSTRUTORA;CONSTR CENTRO OESTE;29 - PPR;2025-02-01;3,75
CONSTRUTORA;CONSTR CENTRO OESTE;29 - PPR;2025-03-01;5,81
CONSTRUTORA;CONSTR CENTRO OESTE;29 - PPR;2025-06-01;583,35
CONSTRUTORA;CONSTR CENTRO OESTE;29 - PPR;2025-07-01;207,31
CONSTRUTORA;CONSTR CENTRO OESTE;29 - PPR;2025-08-01;802,71
CONSTRUTORA;CONSTR CENTRO OESTE;29 - PPR;2025-09-01;46,10
CONSTRUTORA;CONSTR CENTRO OESTE;29 - PPR;2025-10-01;305,26
CONSTRUTORA;CONSTR CENTRO OESTE;29 - PPR;2025-11-01;322,66
CONSTRUTORA;CONSTR CENTRO OESTE;29 - PPR;2025-12-01;84,25
CONSTRUTORA;CONSTR CENTRO OESTE;29 - PPR;2026-01-01;82,21
CONSTRUTORA;CONSTR CENTRO OESTE;29 - PPR;2026-02-01;7,02
CONSTRUTORA;CONSTR CENTRO OESTE;29 - PPR;2026-03-01;206,04
CONSTRUTORA;CONSTR CENTRO OESTE;29 - PPR;2026-04-01;32,98
CONSTRUTORA;CONSTR CENTRO OESTE;29 - PPR;2026-05-01;66,11
CONSTRUTORA;CONSTR CENTRO OESTE;29 - PPR;2026-07-01;0,69
CONSTRUTORA;CONSTR CENTRO OESTE;30 - ELETRODUTOS CORRUGADOS KRONA;2022-01-01;1107,64
CONSTRUTORA;CONSTR CENTRO OESTE;30 - ELETRODUTOS CORRUGADOS KRONA;2022-02-01;2180,88
CONSTRUTORA;CONSTR CENTRO OESTE;30 - ELETRODUTOS CORRUGADOS KRONA;2022-03-01;7949,58
CONSTRUTORA;CONSTR CENTRO OESTE;30 - ELETRODUTOS CORRUGADOS KRONA;2022-04-01;5326,65
CONSTRUTORA;CONSTR CENTRO OESTE;30 - ELETRODUTOS CORRUGADOS KRONA;2022-05-01;7600,49
CONSTRUTORA;CONSTR CENTRO OESTE;30 - ELETRODUTOS CORRUGADOS KRONA;2022-06-01;7886,72
CONSTRUTORA;CONSTR CENTRO OESTE;30 - ELETRODUTOS CORRUGADOS KRONA;2022-07-01;7351,11
CONSTRUTORA;CONSTR CENTRO OESTE;30 - ELETRODUTOS CORRUGADOS KRONA;2022-08-01;7061,56
CONSTRUTORA;CONSTR CENTRO OESTE;30 - ELETRODUTOS CORRUGADOS KRONA;2022-09-01;33626,58
CONSTRUTORA;CONSTR CENTRO OESTE;30 - ELETRODUTOS CORRUGADOS KRONA;2022-10-01;89911,17
CONSTRUTORA;CONSTR CENTRO OESTE;30 - ELETRODUTOS CORRUGADOS KRONA;2022-11-01;72477,22
CONSTRUTORA;CONSTR CENTRO OESTE;30 - ELETRODUTOS CORRUGADOS KRONA;2022-12-01;67368,66
CONSTRUTORA;CONSTR CENTRO OESTE;30 - ELETRODUTOS CORRUGADOS KRONA;2023-01-01;84629,07
CONSTRUTORA;CONSTR CENTRO OESTE;30 - ELETRODUTOS CORRUGADOS KRONA;2023-02-01;61561,17
CONSTRUTORA;CONSTR CENTRO OESTE;30 - ELETRODUTOS CORRUGADOS KRONA;2023-03-01;35633,04
CONSTRUTORA;CONSTR CENTRO OESTE;30 - ELETRODUTOS CORRUGADOS KRONA;2023-04-01;54433,13
CONSTRUTORA;CONSTR CENTRO OESTE;30 - ELETRODUTOS CORRUGADOS KRONA;2023-05-01;52538,91
CONSTRUTORA;CONSTR CENTRO OESTE;30 - ELETRODUTOS CORRUGADOS KRONA;2023-06-01;74515,57
CONSTRUTORA;CONSTR CENTRO OESTE;30 - ELETRODUTOS CORRUGADOS KRONA;2023-07-01;75553,74
CONSTRUTORA;CONSTR CENTRO OESTE;30 - ELETRODUTOS CORRUGADOS KRONA;2023-08-01;99432,92
CONSTRUTORA;CONSTR CENTRO OESTE;30 - ELETRODUTOS CORRUGADOS KRONA;2023-09-01;58351,53
CONSTRUTORA;CONSTR CENTRO OESTE;30 - ELETRODUTOS CORRUGADOS KRONA;2023-10-01;77880,82
CONSTRUTORA;CONSTR CENTRO OESTE;30 - ELETRODUTOS CORRUGADOS KRONA;2023-11-01;54777,62
CONSTRUTORA;CONSTR CENTRO OESTE;30 - ELETRODUTOS CORRUGADOS KRONA;2023-12-01;52941,42
CONSTRUTORA;CONSTR CENTRO OESTE;30 - ELETRODUTOS CORRUGADOS KRONA;2024-01-01;29091,96
CONSTRUTORA;CONSTR CENTRO OESTE;30 - ELETRODUTOS CORRUGADOS KRONA;2024-02-01;48498,61
CONSTRUTORA;CONSTR CENTRO OESTE;30 - ELETRODUTOS CORRUGADOS KRONA;2024-03-01;22766,86
CONSTRUTORA;CONSTR CENTRO OESTE;30 - ELETRODUTOS CORRUGADOS KRONA;2024-04-01;14661,69
CONSTRUTORA;CONSTR CENTRO OESTE;30 - ELETRODUTOS CORRUGADOS KRONA;2024-05-01;27527,75
CONSTRUTORA;CONSTR CENTRO OESTE;30 - ELETRODUTOS CORRUGADOS KRONA;2024-06-01;28724,52
CONSTRUTORA;CONSTR CENTRO OESTE;30 - ELETRODUTOS CORRUGADOS KRONA;2024-07-01;34597,20
CONSTRUTORA;CONSTR CENTRO OESTE;30 - ELETRODUTOS CORRUGADOS KRONA;2024-08-01;42493,57
CONSTRUTORA;CONSTR CENTRO OESTE;30 - ELETRODUTOS CORRUGADOS KRONA;2024-09-01;60299,83
CONSTRUTORA;CONSTR CENTRO OESTE;30 - ELETRODUTOS CORRUGADOS KRONA;2024-10-01;33964,14
CONSTRUTORA;CONSTR CENTRO OESTE;30 - ELETRODUTOS CORRUGADOS KRONA;2024-11-01;34902,92
CONSTRUTORA;CONSTR CENTRO OESTE;30 - ELETRODUTOS CORRUGADOS KRONA;2024-12-01;15059,86
CONSTRUTORA;CONSTR CENTRO OESTE;30 - ELETRODUTOS CORRUGADOS KRONA;2025-01-01;9333,62
CONSTRUTORA;CONSTR CENTRO OESTE;30 - ELETRODUTOS CORRUGADOS KRONA;2025-02-01;23606,29
CONSTRUTORA;CONSTR CENTRO OESTE;30 - ELETRODUTOS CORRUGADOS KRONA;2025-03-01;26113,01
CONSTRUTORA;CONSTR CENTRO OESTE;30 - ELETRODUTOS CORRUGADOS KRONA;2025-04-01;15577,75
CONSTRUTORA;CONSTR CENTRO OESTE;30 - ELETRODUTOS CORRUGADOS KRONA;2025-05-01;28529,12
CONSTRUTORA;CONSTR CENTRO OESTE;30 - ELETRODUTOS CORRUGADOS KRONA;2025-06-01;13908,67
CONSTRUTORA;CONSTR CENTRO OESTE;30 - ELETRODUTOS CORRUGADOS KRONA;2025-07-01;31031,73
CONSTRUTORA;CONSTR CENTRO OESTE;30 - ELETRODUTOS CORRUGADOS KRONA;2025-08-01;34983,24
CONSTRUTORA;CONSTR CENTRO OESTE;30 - ELETRODUTOS CORRUGADOS KRONA;2025-09-01;37773,04
CONSTRUTORA;CONSTR CENTRO OESTE;30 - ELETRODUTOS CORRUGADOS KRONA;2025-10-01;29687,62
CONSTRUTORA;CONSTR CENTRO OESTE;30 - ELETRODUTOS CORRUGADOS KRONA;2025-11-01;30577,63
CONSTRUTORA;CONSTR CENTRO OESTE;30 - ELETRODUTOS CORRUGADOS KRONA;2025-12-01;31086,10
CONSTRUTORA;CONSTR CENTRO OESTE;30 - ELETRODUTOS CORRUGADOS KRONA;2026-01-01;5862,14
CONSTRUTORA;CONSTR CENTRO OESTE;30 - ELETRODUTOS CORRUGADOS KRONA;2026-02-01;27692,54
CONSTRUTORA;CONSTR CENTRO OESTE;30 - ELETRODUTOS CORRUGADOS KRONA;2026-03-01;25700,49
CONSTRUTORA;CONSTR CENTRO OESTE;30 - ELETRODUTOS CORRUGADOS KRONA;2026-04-01;28217,84
CONSTRUTORA;CONSTR CENTRO OESTE;30 - ELETRODUTOS CORRUGADOS KRONA;2026-05-01;38049,43
CONSTRUTORA;CONSTR CENTRO OESTE;30 - ELETRODUTOS CORRUGADOS KRONA;2026-06-01;41089,58
CONSTRUTORA;CONSTR CENTRO OESTE;30 - ELETRODUTOS CORRUGADOS KRONA;2026-07-01;23055,65
CONSTRUTORA;CONSTR CENTRO OESTE;30 - ELETRODUTOS CORRUGADOS KRONA;2026-08-01;47343,83
CONSTRUTORA;CONSTR CENTRO OESTE;31 - CPVC ULTRATERM;2022-01-01;247,60
CONSTRUTORA;CONSTR CENTRO OESTE;31 - CPVC ULTRATERM;2022-02-01;171,30
CONSTRUTORA;CONSTR CENTRO OESTE;31 - CPVC ULTRATERM;2022-03-01;76,46
CONSTRUTORA;CONSTR CENTRO OESTE;31 - CPVC ULTRATERM;2022-04-01;376,00
CONSTRUTORA;CONSTR CENTRO OESTE;31 - CPVC ULTRATERM;2022-05-01;506,89
CONSTRUTORA;CONSTR CENTRO OESTE;31 - CPVC ULTRATERM;2022-06-01;956,96
CONSTRUTORA;CONSTR CENTRO OESTE;31 - CPVC ULTRATERM;2022-07-01;134,56
CONSTRUTORA;CONSTR CENTRO OESTE;31 - CPVC ULTRATERM;2022-08-01;226,16
CONSTRUTORA;CONSTR CENTRO OESTE;31 - CPVC ULTRATERM;2022-09-01;139,96
CONSTRUTORA;CONSTR CENTRO OESTE;31 - CPVC ULTRATERM;2022-10-01;295,38
CONSTRUTORA;CONSTR CENTRO OESTE;31 - CPVC ULTRATERM;2022-11-01;610,45
CONSTRUTORA;CONSTR CENTRO OESTE;31 - CPVC ULTRATERM;2022-12-01;500,17
CONSTRUTORA;CONSTR CENTRO OESTE;31 - CPVC ULTRATERM;2023-02-01;411,57
CONSTRUTORA;CONSTR CENTRO OESTE;31 - CPVC ULTRATERM;2023-03-01;231,21
CONSTRUTORA;CONSTR CENTRO OESTE;31 - CPVC ULTRATERM;2023-04-01;369,80
CONSTRUTORA;CONSTR CENTRO OESTE;31 - CPVC ULTRATERM;2023-05-01;192,07
CONSTRUTORA;CONSTR CENTRO OESTE;31 - CPVC ULTRATERM;2023-06-01;262,91
CONSTRUTORA;CONSTR CENTRO OESTE;31 - CPVC ULTRATERM;2023-07-01;219,79
CONSTRUTORA;CONSTR CENTRO OESTE;31 - CPVC ULTRATERM;2023-08-01;491,50
CONSTRUTORA;CONSTR CENTRO OESTE;31 - CPVC ULTRATERM;2023-09-01;383,66
CONSTRUTORA;CONSTR CENTRO OESTE;31 - CPVC ULTRATERM;2023-10-01;318,32
CONSTRUTORA;CONSTR CENTRO OESTE;31 - CPVC ULTRATERM;2023-11-01;33,92
CONSTRUTORA;CONSTR CENTRO OESTE;31 - CPVC ULTRATERM;2023-12-01;125,65
CONSTRUTORA;CONSTR CENTRO OESTE;31 - CPVC ULTRATERM;2024-01-01;158,78
CONSTRUTORA;CONSTR CENTRO OESTE;31 - CPVC ULTRATERM;2024-02-01;391,24
CONSTRUTORA;CONSTR CENTRO OESTE;31 - CPVC ULTRATERM;2024-03-01;186,65
CONSTRUTORA;CONSTR CENTRO OESTE;31 - CPVC ULTRATERM;2024-04-01;79,98
CONSTRUTORA;CONSTR CENTRO OESTE;31 - CPVC ULTRATERM;2024-05-01;899,25
CONSTRUTORA;CONSTR CENTRO OESTE;31 - CPVC ULTRATERM;2024-06-01;136,88
CONSTRUTORA;CONSTR CENTRO OESTE;31 - CPVC ULTRATERM;2024-07-01;370,23
CONSTRUTORA;CONSTR CENTRO OESTE;31 - CPVC ULTRATERM;2024-08-01;292,24
CONSTRUTORA;CONSTR CENTRO OESTE;31 - CPVC ULTRATERM;2024-09-01;339,99
CONSTRUTORA;CONSTR CENTRO OESTE;31 - CPVC ULTRATERM;2024-10-01;713,41
CONSTRUTORA;CONSTR CENTRO OESTE;31 - CPVC ULTRATERM;2024-11-01;0,10
CONSTRUTORA;CONSTR CENTRO OESTE;31 - CPVC ULTRATERM;2024-12-01;150,25
CONSTRUTORA;CONSTR CENTRO OESTE;31 - CPVC ULTRATERM;2025-02-01;664,92
CONSTRUTORA;CONSTR CENTRO OESTE;31 - CPVC ULTRATERM;2025-03-01;226,08
CONSTRUTORA;CONSTR CENTRO OESTE;31 - CPVC ULTRATERM;2025-04-01;30,06
CONSTRUTORA;CONSTR CENTRO OESTE;31 - CPVC ULTRATERM;2025-05-01;92,87
CONSTRUTORA;CONSTR CENTRO OESTE;31 - CPVC ULTRATERM;2025-06-01;369,26
CONSTRUTORA;CONSTR CENTRO OESTE;31 - CPVC ULTRATERM;2025-07-01;329,06
CONSTRUTORA;CONSTR CENTRO OESTE;31 - CPVC ULTRATERM;2025-08-01;78,05
CONSTRUTORA;CONSTR CENTRO OESTE;31 - CPVC ULTRATERM;2025-09-01;495,86
CONSTRUTORA;CONSTR CENTRO OESTE;31 - CPVC ULTRATERM;2025-10-01;602,34
CONSTRUTORA;CONSTR CENTRO OESTE;31 - CPVC ULTRATERM;2025-11-01;824,13
CONSTRUTORA;CONSTR CENTRO OESTE;31 - CPVC ULTRATERM;2025-12-01;385,77
CONSTRUTORA;CONSTR CENTRO OESTE;31 - CPVC ULTRATERM;2026-01-01;223,97
CONSTRUTORA;CONSTR CENTRO OESTE;31 - CPVC ULTRATERM;2026-02-01;679,20
CONSTRUTORA;CONSTR CENTRO OESTE;31 - CPVC ULTRATERM;2026-03-01;536,44
CONSTRUTORA;CONSTR CENTRO OESTE;31 - CPVC ULTRATERM;2026-04-01;2830,97
CONSTRUTORA;CONSTR CENTRO OESTE;31 - CPVC ULTRATERM;2026-05-01;1900,01
CONSTRUTORA;CONSTR CENTRO OESTE;31 - CPVC ULTRATERM;2026-06-01;1705,42
CONSTRUTORA;CONSTR CENTRO OESTE;31 - CPVC ULTRATERM;2026-07-01;3098,00
CONSTRUTORA;CONSTR CENTRO OESTE;31 - CPVC ULTRATERM;2026-08-01;2551,10
CONSTRUTORA;CONSTR NORDESTE;00 - TUBOS PVC KRONA;2022-01-01;100593,22
CONSTRUTORA;CONSTR NORDESTE;00 - TUBOS PVC KRONA;2022-02-01;188293,37
CONSTRUTORA;CONSTR NORDESTE;00 - TUBOS PVC KRONA;2022-03-01;206995,29
CONSTRUTORA;CONSTR NORDESTE;00 - TUBOS PVC KRONA;2022-04-01;244010,83
CONSTRUTORA;CONSTR NORDESTE;00 - TUBOS PVC KRONA;2022-05-01;271823,37
CONSTRUTORA;CONSTR NORDESTE;00 - TUBOS PVC KRONA;2022-06-01;233411,86
CONSTRUTORA;CONSTR NORDESTE;00 - TUBOS PVC KRONA;2022-07-01;213674,63
CONSTRUTORA;CONSTR NORDESTE;00 - TUBOS PVC KRONA;2022-08-01;242313,57
CONSTRUTORA;CONSTR NORDESTE;00 - TUBOS PVC KRONA;2022-09-01;262501,22
CONSTRUTORA;CONSTR NORDESTE;00 - TUBOS PVC KRONA;2022-10-01;240916,16
CONSTRUTORA;CONSTR NORDESTE;00 - TUBOS PVC KRONA;2022-11-01;238732,89
CONSTRUTORA;CONSTR NORDESTE;00 - TUBOS PVC KRONA;2022-12-01;339533,26
CONSTRUTORA;CONSTR NORDESTE;00 - TUBOS PVC KRONA;2023-01-01;185150,42
CONSTRUTORA;CONSTR NORDESTE;00 - TUBOS PVC KRONA;2023-02-01;238857,43
CONSTRUTORA;CONSTR NORDESTE;00 - TUBOS PVC KRONA;2023-03-01;268696,07
CONSTRUTORA;CONSTR NORDESTE;00 - TUBOS PVC KRONA;2023-04-01;223521,97
CONSTRUTORA;CONSTR NORDESTE;00 - TUBOS PVC KRONA;2023-05-01;204493,89
CONSTRUTORA;CONSTR NORDESTE;00 - TUBOS PVC KRONA;2023-06-01;345824,44
CONSTRUTORA;CONSTR NORDESTE;00 - TUBOS PVC KRONA;2023-07-01;312429,91
CONSTRUTORA;CONSTR NORDESTE;00 - TUBOS PVC KRONA;2023-08-01;263355,86
CONSTRUTORA;CONSTR NORDESTE;00 - TUBOS PVC KRONA;2023-09-01;331280,60
CONSTRUTORA;CONSTR NORDESTE;00 - TUBOS PVC KRONA;2023-10-01;291549,28
CONSTRUTORA;CONSTR NORDESTE;00 - TUBOS PVC KRONA;2023-11-01;306991,64
CONSTRUTORA;CONSTR NORDESTE;00 - TUBOS PVC KRONA;2023-12-01;276325,10
CONSTRUTORA;CONSTR NORDESTE;00 - TUBOS PVC KRONA;2024-01-01;241764,96
CONSTRUTORA;CONSTR NORDESTE;00 - TUBOS PVC KRONA;2024-02-01;282609,20
CONSTRUTORA;CONSTR NORDESTE;00 - TUBOS PVC KRONA;2024-03-01;372293,46
CONSTRUTORA;CONSTR NORDESTE;00 - TUBOS PVC KRONA;2024-04-01;359975,55
CONSTRUTORA;CONSTR NORDESTE;00 - TUBOS PVC KRONA;2024-05-01;303344,63
CONSTRUTORA;CONSTR NORDESTE;00 - TUBOS PVC KRONA;2024-06-01;393350,45
CONSTRUTORA;CONSTR NORDESTE;00 - TUBOS PVC KRONA;2024-07-01;306722,03
CONSTRUTORA;CONSTR NORDESTE;00 - TUBOS PVC KRONA;2024-08-01;272263,07
CONSTRUTORA;CONSTR NORDESTE;00 - TUBOS PVC KRONA;2024-09-01;317565,28
CONSTRUTORA;CONSTR NORDESTE;00 - TUBOS PVC KRONA;2024-10-01;374803,01
CONSTRUTORA;CONSTR NORDESTE;00 - TUBOS PVC KRONA;2024-11-01;272381,30
CONSTRUTORA;CONSTR NORDESTE;00 - TUBOS PVC KRONA;2024-12-01;351040,54
CONSTRUTORA;CONSTR NORDESTE;00 - TUBOS PVC KRONA;2025-01-01;328054,42
CONSTRUTORA;CONSTR NORDESTE;00 - TUBOS PVC KRONA;2025-02-01;248572,82
CONSTRUTORA;CONSTR NORDESTE;00 - TUBOS PVC KRONA;2025-03-01;285418,42
CONSTRUTORA;CONSTR NORDESTE;00 - TUBOS PVC KRONA;2025-04-01;397090,23
CONSTRUTORA;CONSTR NORDESTE;00 - TUBOS PVC KRONA;2025-05-01;391488,17
CONSTRUTORA;CONSTR NORDESTE;00 - TUBOS PVC KRONA;2025-06-01;700809,08
CONSTRUTORA;CONSTR NORDESTE;00 - TUBOS PVC KRONA;2025-07-01;240255,66
CONSTRUTORA;CONSTR NORDESTE;00 - TUBOS PVC KRONA;2025-08-01;361359,65
CONSTRUTORA;CONSTR NORDESTE;00 - TUBOS PVC KRONA;2025-09-01;289847,48
CONSTRUTORA;CONSTR NORDESTE;00 - TUBOS PVC KRONA;2025-10-01;340266,88
CONSTRUTORA;CONSTR NORDESTE;00 - TUBOS PVC KRONA;2025-11-01;373810,03
CONSTRUTORA;CONSTR NORDESTE;00 - TUBOS PVC KRONA;2025-12-01;350229,89
CONSTRUTORA;CONSTR NORDESTE;00 - TUBOS PVC KRONA;2026-01-01;244454,01
CONSTRUTORA;CONSTR NORDESTE;00 - TUBOS PVC KRONA;2026-02-01;407024,84
CONSTRUTORA;CONSTR NORDESTE;00 - TUBOS PVC KRONA;2026-03-01;491779,60
CONSTRUTORA;CONSTR NORDESTE;00 - TUBOS PVC KRONA;2026-04-01;563001,65
CONSTRUTORA;CONSTR NORDESTE;00 - TUBOS PVC KRONA;2026-05-01;265557,47
CONSTRUTORA;CONSTR NORDESTE;00 - TUBOS PVC KRONA;2026-06-01;274034,95
CONSTRUTORA;CONSTR NORDESTE;00 - TUBOS PVC KRONA;2026-07-01;332228,95
CONSTRUTORA;CONSTR NORDESTE;00 - TUBOS PVC KRONA;2026-08-01;400445,53
CONSTRUTORA;CONSTR NORDESTE;01 - TUBOS ELETRODUTOS KRONA;2022-01-01;5179,39
CONSTRUTORA;CONSTR NORDESTE;01 - TUBOS ELETRODUTOS KRONA;2022-02-01;21506,70
CONSTRUTORA;CONSTR NORDESTE;01 - TUBOS ELETRODUTOS KRONA;2022-03-01;25012,29
CONSTRUTORA;CONSTR NORDESTE;01 - TUBOS ELETRODUTOS KRONA;2022-04-01;21508,48
CONSTRUTORA;CONSTR NORDESTE;01 - TUBOS ELETRODUTOS KRONA;2022-05-01;26010,60
CONSTRUTORA;CONSTR NORDESTE;01 - TUBOS ELETRODUTOS KRONA;2022-06-01;18907,27
CONSTRUTORA;CONSTR NORDESTE;01 - TUBOS ELETRODUTOS KRONA;2022-07-01;36239,52
CONSTRUTORA;CONSTR NORDESTE;01 - TUBOS ELETRODUTOS KRONA;2022-08-01;25217,76
CONSTRUTORA;CONSTR NORDESTE;01 - TUBOS ELETRODUTOS KRONA;2022-09-01;18807,35
CONSTRUTORA;CONSTR NORDESTE;01 - TUBOS ELETRODUTOS KRONA;2022-10-01;33187,33
CONSTRUTORA;CONSTR NORDESTE;01 - TUBOS ELETRODUTOS KRONA;2022-11-01;32931,07
CONSTRUTORA;CONSTR NORDESTE;01 - TUBOS ELETRODUTOS KRONA;2022-12-01;40293,56
CONSTRUTORA;CONSTR NORDESTE;01 - TUBOS ELETRODUTOS KRONA;2023-01-01;24842,58
CONSTRUTORA;CONSTR NORDESTE;01 - TUBOS ELETRODUTOS KRONA;2023-02-01;23905,69
CONSTRUTORA;CONSTR NORDESTE;01 - TUBOS ELETRODUTOS KRONA;2023-03-01;24806,84
CONSTRUTORA;CONSTR NORDESTE;01 - TUBOS ELETRODUTOS KRONA;2023-04-01;25412,73
CONSTRUTORA;CONSTR NORDESTE;01 - TUBOS ELETRODUTOS KRONA;2023-05-01;23942,72
CONSTRUTORA;CONSTR NORDESTE;01 - TUBOS ELETRODUTOS KRONA;2023-06-01;40851,37
CONSTRUTORA;CONSTR NORDESTE;01 - TUBOS ELETRODUTOS KRONA;2023-07-01;40784,07
CONSTRUTORA;CONSTR NORDESTE;01 - TUBOS ELETRODUTOS KRONA;2023-08-01;41552,65
CONSTRUTORA;CONSTR NORDESTE;01 - TUBOS ELETRODUTOS KRONA;2023-09-01;50551,28
CONSTRUTORA;CONSTR NORDESTE;01 - TUBOS ELETRODUTOS KRONA;2023-10-01;36539,36
CONSTRUTORA;CONSTR NORDESTE;01 - TUBOS ELETRODUTOS KRONA;2023-11-01;41589,33
CONSTRUTORA;CONSTR NORDESTE;01 - TUBOS ELETRODUTOS KRONA;2023-12-01;37708,78
CONSTRUTORA;CONSTR NORDESTE;01 - TUBOS ELETRODUTOS KRONA;2024-01-01;20522,78
CONSTRUTORA;CONSTR NORDESTE;01 - TUBOS ELETRODUTOS KRONA;2024-02-01;29993,10
CONSTRUTORA;CONSTR NORDESTE;01 - TUBOS ELETRODUTOS KRONA;2024-03-01;55369,20
CONSTRUTORA;CONSTR NORDESTE;01 - TUBOS ELETRODUTOS KRONA;2024-04-01;31065,91
CONSTRUTORA;CONSTR NORDESTE;01 - TUBOS ELETRODUTOS KRONA;2024-05-01;49716,96
CONSTRUTORA;CONSTR NORDESTE;01 - TUBOS ELETRODUTOS KRONA;2024-06-01;58667,05
CONSTRUTORA;CONSTR NORDESTE;01 - TUBOS ELETRODUTOS KRONA;2024-07-01;43058,14
CONSTRUTORA;CONSTR NORDESTE;01 - TUBOS ELETRODUTOS KRONA;2024-08-01;44401,66
CONSTRUTORA;CONSTR NORDESTE;01 - TUBOS ELETRODUTOS KRONA;2024-09-01;43771,76
CONSTRUTORA;CONSTR NORDESTE;01 - TUBOS ELETRODUTOS KRONA;2024-10-01;43185,59
CONSTRUTORA;CONSTR NORDESTE;01 - TUBOS ELETRODUTOS KRONA;2024-11-01;39240,24
CONSTRUTORA;CONSTR NORDESTE;01 - TUBOS ELETRODUTOS KRONA;2024-12-01;46293,74
CONSTRUTORA;CONSTR NORDESTE;01 - TUBOS ELETRODUTOS KRONA;2025-01-01;49060,16
CONSTRUTORA;CONSTR NORDESTE;01 - TUBOS ELETRODUTOS KRONA;2025-02-01;33739,64
CONSTRUTORA;CONSTR NORDESTE;01 - TUBOS ELETRODUTOS KRONA;2025-03-01;48312,74
CONSTRUTORA;CONSTR NORDESTE;01 - TUBOS ELETRODUTOS KRONA;2025-04-01;50296,57
CONSTRUTORA;CONSTR NORDESTE;01 - TUBOS ELETRODUTOS KRONA;2025-05-01;53774,46
CONSTRUTORA;CONSTR NORDESTE;01 - TUBOS ELETRODUTOS KRONA;2025-06-01;51510,31
CONSTRUTORA;CONSTR NORDESTE;01 - TUBOS ELETRODUTOS KRONA;2025-07-01;33870,33
CONSTRUTORA;CONSTR NORDESTE;01 - TUBOS ELETRODUTOS KRONA;2025-08-01;41679,38
CONSTRUTORA;CONSTR NORDESTE;01 - TUBOS ELETRODUTOS KRONA;2025-09-01;47042,95
CONSTRUTORA;CONSTR NORDESTE;01 - TUBOS ELETRODUTOS KRONA;2025-10-01;35568,04
CONSTRUTORA;CONSTR NORDESTE;01 - TUBOS ELETRODUTOS KRONA;2025-11-01;33898,40
CONSTRUTORA;CONSTR NORDESTE;01 - TUBOS ELETRODUTOS KRONA;2025-12-01;26493,84
CONSTRUTORA;CONSTR NORDESTE;01 - TUBOS ELETRODUTOS KRONA;2026-01-01;23162,29
CONSTRUTORA;CONSTR NORDESTE;01 - TUBOS ELETRODUTOS KRONA;2026-02-01;42991,05
CONSTRUTORA;CONSTR NORDESTE;01 - TUBOS ELETRODUTOS KRONA;2026-03-01;40923,78
CONSTRUTORA;CONSTR NORDESTE;01 - TUBOS ELETRODUTOS KRONA;2026-04-01;52094,31
CONSTRUTORA;CONSTR NORDESTE;01 - TUBOS ELETRODUTOS KRONA;2026-05-01;25508,62
CONSTRUTORA;CONSTR NORDESTE;01 - TUBOS ELETRODUTOS KRONA;2026-06-01;28928,59
CONSTRUTORA;CONSTR NORDESTE;01 - TUBOS ELETRODUTOS KRONA;2026-07-01;31484,23
CONSTRUTORA;CONSTR NORDESTE;01 - TUBOS ELETRODUTOS KRONA;2026-08-01;38454,02
CONSTRUTORA;CONSTR NORDESTE;02 - CONEXOES KRONA;2022-01-01;21898,48
CONSTRUTORA;CONSTR NORDESTE;02 - CONEXOES KRONA;2022-02-01;34858,28
CONSTRUTORA;CONSTR NORDESTE;02 - CONEXOES KRONA;2022-03-01;40505,32
CONSTRUTORA;CONSTR NORDESTE;02 - CONEXOES KRONA;2022-04-01;39820,13
CONSTRUTORA;CONSTR NORDESTE;02 - CONEXOES KRONA;2022-05-01;49025,76
CONSTRUTORA;CONSTR NORDESTE;02 - CONEXOES KRONA;2022-06-01;44549,31
CONSTRUTORA;CONSTR NORDESTE;02 - CONEXOES KRONA;2022-07-01;49616,01
CONSTRUTORA;CONSTR NORDESTE;02 - CONEXOES KRONA;2022-08-01;48615,43
CONSTRUTORA;CONSTR NORDESTE;02 - CONEXOES KRONA;2022-09-01;54783,94
CONSTRUTORA;CONSTR NORDESTE;02 - CONEXOES KRONA;2022-10-01;43501,01
CONSTRUTORA;CONSTR NORDESTE;02 - CONEXOES KRONA;2022-11-01;45564,23
CONSTRUTORA;CONSTR NORDESTE;02 - CONEXOES KRONA;2022-12-01;63908,78
CONSTRUTORA;CONSTR NORDESTE;02 - CONEXOES KRONA;2023-01-01;34254,12
CONSTRUTORA;CONSTR NORDESTE;02 - CONEXOES KRONA;2023-02-01;43132,52
CONSTRUTORA;CONSTR NORDESTE;02 - CONEXOES KRONA;2023-03-01;54702,86
CONSTRUTORA;CONSTR NORDESTE;02 - CONEXOES KRONA;2023-04-01;42042,71
CONSTRUTORA;CONSTR NORDESTE;02 - CONEXOES KRONA;2023-05-01;35096,24
CONSTRUTORA;CONSTR NORDESTE;02 - CONEXOES KRONA;2023-06-01;60285,84
CONSTRUTORA;CONSTR NORDESTE;02 - CONEXOES KRONA;2023-07-01;60754,32
CONSTRUTORA;CONSTR NORDESTE;02 - CONEXOES KRONA;2023-08-01;56797,65
CONSTRUTORA;CONSTR NORDESTE;02 - CONEXOES KRONA;2023-09-01;67753,33
CONSTRUTORA;CONSTR NORDESTE;02 - CONEXOES KRONA;2023-10-01;53749,57
CONSTRUTORA;CONSTR NORDESTE;02 - CONEXOES KRONA;2023-11-01;59594,94
CONSTRUTORA;CONSTR NORDESTE;02 - CONEXOES KRONA;2023-12-01;55577,33
CONSTRUTORA;CONSTR NORDESTE;02 - CONEXOES KRONA;2024-01-01;42059,93
CONSTRUTORA;CONSTR NORDESTE;02 - CONEXOES KRONA;2024-02-01;55575,17
CONSTRUTORA;CONSTR NORDESTE;02 - CONEXOES KRONA;2024-03-01;74534,27
CONSTRUTORA;CONSTR NORDESTE;02 - CONEXOES KRONA;2024-04-01;65214,71
CONSTRUTORA;CONSTR NORDESTE;02 - CONEXOES KRONA;2024-05-01;66373,82
CONSTRUTORA;CONSTR NORDESTE;02 - CONEXOES KRONA;2024-06-01;82758,60
CONSTRUTORA;CONSTR NORDESTE;02 - CONEXOES KRONA;2024-07-01;62338,85
CONSTRUTORA;CONSTR NORDESTE;02 - CONEXOES KRONA;2024-08-01;58681,52
CONSTRUTORA;CONSTR NORDESTE;02 - CONEXOES KRONA;2024-09-01;72504,75
CONSTRUTORA;CONSTR NORDESTE;02 - CONEXOES KRONA;2024-10-01;74914,15
CONSTRUTORA;CONSTR NORDESTE;02 - CONEXOES KRONA;2024-11-01;53588,63
CONSTRUTORA;CONSTR NORDESTE;02 - CONEXOES KRONA;2024-12-01;74153,06
CONSTRUTORA;CONSTR NORDESTE;02 - CONEXOES KRONA;2025-01-01;65373,33
CONSTRUTORA;CONSTR NORDESTE;02 - CONEXOES KRONA;2025-02-01;54846,23
CONSTRUTORA;CONSTR NORDESTE;02 - CONEXOES KRONA;2025-03-01;59788,30
CONSTRUTORA;CONSTR NORDESTE;02 - CONEXOES KRONA;2025-04-01;82726,73
CONSTRUTORA;CONSTR NORDESTE;02 - CONEXOES KRONA;2025-05-01;82578,90
CONSTRUTORA;CONSTR NORDESTE;02 - CONEXOES KRONA;2025-06-01;130651,23
CONSTRUTORA;CONSTR NORDESTE;02 - CONEXOES KRONA;2025-07-01;47534,60
CONSTRUTORA;CONSTR NORDESTE;02 - CONEXOES KRONA;2025-08-01;76382,59
CONSTRUTORA;CONSTR NORDESTE;02 - CONEXOES KRONA;2025-09-01;58824,09
CONSTRUTORA;CONSTR NORDESTE;02 - CONEXOES KRONA;2025-10-01;65497,69
CONSTRUTORA;CONSTR NORDESTE;02 - CONEXOES KRONA;2025-11-01;73828,43
CONSTRUTORA;CONSTR NORDESTE;02 - CONEXOES KRONA;2025-12-01;68886,78
CONSTRUTORA;CONSTR NORDESTE;02 - CONEXOES KRONA;2026-01-01;48505,78
CONSTRUTORA;CONSTR NORDESTE;02 - CONEXOES KRONA;2026-02-01;76476,66
CONSTRUTORA;CONSTR NORDESTE;02 - CONEXOES KRONA;2026-03-01;94626,73
CONSTRUTORA;CONSTR NORDESTE;02 - CONEXOES KRONA;2026-04-01;98024,58
CONSTRUTORA;CONSTR NORDESTE;02 - CONEXOES KRONA;2026-05-01;50025,62
CONSTRUTORA;CONSTR NORDESTE;02 - CONEXOES KRONA;2026-06-01;55544,39
CONSTRUTORA;CONSTR NORDESTE;02 - CONEXOES KRONA;2026-07-01;69664,46
CONSTRUTORA;CONSTR NORDESTE;02 - CONEXOES KRONA;2026-08-01;70770,00
CONSTRUTORA;CONSTR NORDESTE;03 - ACESSORIOS KRONA;2022-01-01;1028,19
CONSTRUTORA;CONSTR NORDESTE;03 - ACESSORIOS KRONA;2022-02-01;1476,89
CONSTRUTORA;CONSTR NORDESTE;03 - ACESSORIOS KRONA;2022-03-01;2655,43
CONSTRUTORA;CONSTR NORDESTE;03 - ACESSORIOS KRONA;2022-04-01;1386,96
CONSTRUTORA;CONSTR NORDESTE;03 - ACESSORIOS KRONA;2022-05-01;3055,72
CONSTRUTORA;CONSTR NORDESTE;03 - ACESSORIOS KRONA;2022-06-01;2828,06
CONSTRUTORA;CONSTR NORDESTE;03 - ACESSORIOS KRONA;2022-07-01;3219,66
CONSTRUTORA;CONSTR NORDESTE;03 - ACESSORIOS KRONA;2022-08-01;3408,29
CONSTRUTORA;CONSTR NORDESTE;03 - ACESSORIOS KRONA;2022-09-01;2514,47
CONSTRUTORA;CONSTR NORDESTE;03 - ACESSORIOS KRONA;2022-10-01;1606,04
CONSTRUTORA;CONSTR NORDESTE;03 - ACESSORIOS KRONA;2022-11-01;2643,61
CONSTRUTORA;CONSTR NORDESTE;03 - ACESSORIOS KRONA;2022-12-01;4034,98
CONSTRUTORA;CONSTR NORDESTE;03 - ACESSORIOS KRONA;2023-01-01;2863,22
CONSTRUTORA;CONSTR NORDESTE;03 - ACESSORIOS KRONA;2023-02-01;2624,52
CONSTRUTORA;CONSTR NORDESTE;03 - ACESSORIOS KRONA;2023-03-01;3263,69
CONSTRUTORA;CONSTR NORDESTE;03 - ACESSORIOS KRONA;2023-04-01;2664,90
CONSTRUTORA;CONSTR NORDESTE;03 - ACESSORIOS KRONA;2023-05-01;1642,97
CONSTRUTORA;CONSTR NORDESTE;03 - ACESSORIOS KRONA;2023-06-01;2727,95
CONSTRUTORA;CONSTR NORDESTE;03 - ACESSORIOS KRONA;2023-07-01;3283,96
CONSTRUTORA;CONSTR NORDESTE;03 - ACESSORIOS KRONA;2023-08-01;2299,56
CONSTRUTORA;CONSTR NORDESTE;03 - ACESSORIOS KRONA;2023-09-01;4113,85
CONSTRUTORA;CONSTR NORDESTE;03 - ACESSORIOS KRONA;2023-10-01;3207,23
CONSTRUTORA;CONSTR NORDESTE;03 - ACESSORIOS KRONA;2023-11-01;3193,96
CONSTRUTORA;CONSTR NORDESTE;03 - ACESSORIOS KRONA;2023-12-01;2320,17
CONSTRUTORA;CONSTR NORDESTE;03 - ACESSORIOS KRONA;2024-01-01;1720,17
CONSTRUTORA;CONSTR NORDESTE;03 - ACESSORIOS KRONA;2024-02-01;3690,06
CONSTRUTORA;CONSTR NORDESTE;03 - ACESSORIOS KRONA;2024-03-01;3212,34
CONSTRUTORA;CONSTR NORDESTE;03 - ACESSORIOS KRONA;2024-04-01;3989,55
CONSTRUTORA;CONSTR NORDESTE;03 - ACESSORIOS KRONA;2024-05-01;3750,90
CONSTRUTORA;CONSTR NORDESTE;03 - ACESSORIOS KRONA;2024-06-01;3250,56
CONSTRUTORA;CONSTR NORDESTE;03 - ACESSORIOS KRONA;2024-07-01;3102,40
CONSTRUTORA;CONSTR NORDESTE;03 - ACESSORIOS KRONA;2024-08-01;2532,90
CONSTRUTORA;CONSTR NORDESTE;03 - ACESSORIOS KRONA;2024-09-01;3830,06
CONSTRUTORA;CONSTR NORDESTE;03 - ACESSORIOS KRONA;2024-10-01;4735,09
CONSTRUTORA;CONSTR NORDESTE;03 - ACESSORIOS KRONA;2024-11-01;2872,40
CONSTRUTORA;CONSTR NORDESTE;03 - ACESSORIOS KRONA;2024-12-01;4633,85
CONSTRUTORA;CONSTR NORDESTE;03 - ACESSORIOS KRONA;2025-01-01;4462,85
CONSTRUTORA;CONSTR NORDESTE;03 - ACESSORIOS KRONA;2025-02-01;2248,38
CONSTRUTORA;CONSTR NORDESTE;03 - ACESSORIOS KRONA;2025-03-01;3236,48
CONSTRUTORA;CONSTR NORDESTE;03 - ACESSORIOS KRONA;2025-04-01;3503,39
CONSTRUTORA;CONSTR NORDESTE;03 - ACESSORIOS KRONA;2025-05-01;4560,10
CONSTRUTORA;CONSTR NORDESTE;03 - ACESSORIOS KRONA;2025-06-01;5653,24
CONSTRUTORA;CONSTR NORDESTE;03 - ACESSORIOS KRONA;2025-07-01;2588,55
CONSTRUTORA;CONSTR NORDESTE;03 - ACESSORIOS KRONA;2025-08-01;4074,94
CONSTRUTORA;CONSTR NORDESTE;03 - ACESSORIOS KRONA;2025-09-01;3107,89
CONSTRUTORA;CONSTR NORDESTE;03 - ACESSORIOS KRONA;2025-10-01;2803,36
CONSTRUTORA;CONSTR NORDESTE;03 - ACESSORIOS KRONA;2025-11-01;3057,18
CONSTRUTORA;CONSTR NORDESTE;03 - ACESSORIOS KRONA;2025-12-01;3909,81
CONSTRUTORA;CONSTR NORDESTE;03 - ACESSORIOS KRONA;2026-01-01;2445,20
CONSTRUTORA;CONSTR NORDESTE;03 - ACESSORIOS KRONA;2026-02-01;2958,60
CONSTRUTORA;CONSTR NORDESTE;03 - ACESSORIOS KRONA;2026-03-01;4046,45
CONSTRUTORA;CONSTR NORDESTE;03 - ACESSORIOS KRONA;2026-04-01;5335,83
CONSTRUTORA;CONSTR NORDESTE;03 - ACESSORIOS KRONA;2026-05-01;3428,10
CONSTRUTORA;CONSTR NORDESTE;03 - ACESSORIOS KRONA;2026-06-01;3807,30
CONSTRUTORA;CONSTR NORDESTE;03 - ACESSORIOS KRONA;2026-07-01;3934,03
CONSTRUTORA;CONSTR NORDESTE;03 - ACESSORIOS KRONA;2026-08-01;4531,98
CONSTRUTORA;CONSTR NORDESTE;04 - PRODUTOS REVENDA;2022-01-01;1720,61
CONSTRUTORA;CONSTR NORDESTE;04 - PRODUTOS REVENDA;2022-02-01;2842,05
CONSTRUTORA;CONSTR NORDESTE;04 - PRODUTOS REVENDA;2022-03-01;3049,60
CONSTRUTORA;CONSTR NORDESTE;04 - PRODUTOS REVENDA;2022-04-01;3812,08
CONSTRUTORA;CONSTR NORDESTE;04 - PRODUTOS REVENDA;2022-05-01;4518,45
CONSTRUTORA;CONSTR NORDESTE;04 - PRODUTOS REVENDA;2022-06-01;3275,33
CONSTRUTORA;CONSTR NORDESTE;04 - PRODUTOS REVENDA;2022-07-01;4020,00
CONSTRUTORA;CONSTR NORDESTE;04 - PRODUTOS REVENDA;2022-08-01;4068,35
CONSTRUTORA;CONSTR NORDESTE;04 - PRODUTOS REVENDA;2022-09-01;5661,63
CONSTRUTORA;CONSTR NORDESTE;04 - PRODUTOS REVENDA;2022-10-01;3761,31
CONSTRUTORA;CONSTR NORDESTE;04 - PRODUTOS REVENDA;2022-11-01;4016,98
CONSTRUTORA;CONSTR NORDESTE;04 - PRODUTOS REVENDA;2022-12-01;7212,63
CONSTRUTORA;CONSTR NORDESTE;04 - PRODUTOS REVENDA;2023-01-01;4138,05
CONSTRUTORA;CONSTR NORDESTE;04 - PRODUTOS REVENDA;2023-02-01;4619,41
CONSTRUTORA;CONSTR NORDESTE;04 - PRODUTOS REVENDA;2023-03-01;4184,91
CONSTRUTORA;CONSTR NORDESTE;04 - PRODUTOS REVENDA;2023-04-01;4198,78
CONSTRUTORA;CONSTR NORDESTE;04 - PRODUTOS REVENDA;2023-05-01;3163,80
CONSTRUTORA;CONSTR NORDESTE;04 - PRODUTOS REVENDA;2023-06-01;5567,26
CONSTRUTORA;CONSTR NORDESTE;04 - PRODUTOS REVENDA;2023-07-01;5448,73
CONSTRUTORA;CONSTR NORDESTE;04 - PRODUTOS REVENDA;2023-08-01;4453,91
CONSTRUTORA;CONSTR NORDESTE;04 - PRODUTOS REVENDA;2023-09-01;6428,06
CONSTRUTORA;CONSTR NORDESTE;04 - PRODUTOS REVENDA;2023-10-01;6862,24
CONSTRUTORA;CONSTR NORDESTE;04 - PRODUTOS REVENDA;2023-11-01;4882,09
CONSTRUTORA;CONSTR NORDESTE;04 - PRODUTOS REVENDA;2023-12-01;5787,59
CONSTRUTORA;CONSTR NORDESTE;04 - PRODUTOS REVENDA;2024-01-01;3504,79
CONSTRUTORA;CONSTR NORDESTE;04 - PRODUTOS REVENDA;2024-02-01;4079,85
CONSTRUTORA;CONSTR NORDESTE;04 - PRODUTOS REVENDA;2024-03-01;7283,62
CONSTRUTORA;CONSTR NORDESTE;04 - PRODUTOS REVENDA;2024-04-01;6296,42
CONSTRUTORA;CONSTR NORDESTE;04 - PRODUTOS REVENDA;2024-05-01;6139,38
CONSTRUTORA;CONSTR NORDESTE;04 - PRODUTOS REVENDA;2024-06-01;7921,97
CONSTRUTORA;CONSTR NORDESTE;04 - PRODUTOS REVENDA;2024-07-01;5163,28
CONSTRUTORA;CONSTR NORDESTE;04 - PRODUTOS REVENDA;2024-08-01;5833,06
CONSTRUTORA;CONSTR NORDESTE;04 - PRODUTOS REVENDA;2024-09-01;5961,48
CONSTRUTORA;CONSTR NORDESTE;04 - PRODUTOS REVENDA;2024-10-01;6764,94
CONSTRUTORA;CONSTR NORDESTE;04 - PRODUTOS REVENDA;2024-11-01;5106,92
CONSTRUTORA;CONSTR NORDESTE;04 - PRODUTOS REVENDA;2024-12-01;5997,15
CONSTRUTORA;CONSTR NORDESTE;04 - PRODUTOS REVENDA;2025-01-01;5453,02
CONSTRUTORA;CONSTR NORDESTE;04 - PRODUTOS REVENDA;2025-02-01;5408,59
CONSTRUTORA;CONSTR NORDESTE;04 - PRODUTOS REVENDA;2025-03-01;5804,06
CONSTRUTORA;CONSTR NORDESTE;04 - PRODUTOS REVENDA;2025-04-01;6746,99
CONSTRUTORA;CONSTR NORDESTE;04 - PRODUTOS REVENDA;2025-05-01;6940,24
CONSTRUTORA;CONSTR NORDESTE;04 - PRODUTOS REVENDA;2025-06-01;12229,01
CONSTRUTORA;CONSTR NORDESTE;04 - PRODUTOS REVENDA;2025-07-01;3910,38
CONSTRUTORA;CONSTR NORDESTE;04 - PRODUTOS REVENDA;2025-08-01;6873,49
CONSTRUTORA;CONSTR NORDESTE;04 - PRODUTOS REVENDA;2025-09-01;4686,70
CONSTRUTORA;CONSTR NORDESTE;04 - PRODUTOS REVENDA;2025-10-01;6646,05
CONSTRUTORA;CONSTR NORDESTE;04 - PRODUTOS REVENDA;2025-11-01;6824,10
CONSTRUTORA;CONSTR NORDESTE;04 - PRODUTOS REVENDA;2025-12-01;5165,59
CONSTRUTORA;CONSTR NORDESTE;04 - PRODUTOS REVENDA;2026-01-01;3747,77
CONSTRUTORA;CONSTR NORDESTE;04 - PRODUTOS REVENDA;2026-02-01;9467,58
CONSTRUTORA;CONSTR NORDESTE;04 - PRODUTOS REVENDA;2026-03-01;7847,59
CONSTRUTORA;CONSTR NORDESTE;04 - PRODUTOS REVENDA;2026-04-01;9098,18
CONSTRUTORA;CONSTR NORDESTE;04 - PRODUTOS REVENDA;2026-05-01;4718,91
CONSTRUTORA;CONSTR NORDESTE;04 - PRODUTOS REVENDA;2026-06-01;6967,65
CONSTRUTORA;CONSTR NORDESTE;04 - PRODUTOS REVENDA;2026-07-01;6229,69
CONSTRUTORA;CONSTR NORDESTE;04 - PRODUTOS REVENDA;2026-08-01;6781,12
CONSTRUTORA;CONSTR NORDESTE;29 - PPR;2022-01-01;11,56
CONSTRUTORA;CONSTR NORDESTE;29 - PPR;2022-02-01;828,57
CONSTRUTORA;CONSTR NORDESTE;29 - PPR;2022-03-01;59,46
CONSTRUTORA;CONSTR NORDESTE;29 - PPR;2022-04-01;84,23
CONSTRUTORA;CONSTR NORDESTE;29 - PPR;2022-05-01;256,36
CONSTRUTORA;CONSTR NORDESTE;29 - PPR;2022-06-01;119,65
CONSTRUTORA;CONSTR NORDESTE;29 - PPR;2022-07-01;432,13
CONSTRUTORA;CONSTR NORDESTE;29 - PPR;2022-08-01;1380,44
CONSTRUTORA;CONSTR NORDESTE;29 - PPR;2022-09-01;250,93
CONSTRUTORA;CONSTR NORDESTE;29 - PPR;2022-10-01;169,78
CONSTRUTORA;CONSTR NORDESTE;29 - PPR;2022-11-01;57,25
CONSTRUTORA;CONSTR NORDESTE;29 - PPR;2022-12-01;1296,12
CONSTRUTORA;CONSTR NORDESTE;29 - PPR;2023-01-01;858,53
CONSTRUTORA;CONSTR NORDESTE;29 - PPR;2023-02-01;2030,80
CONSTRUTORA;CONSTR NORDESTE;29 - PPR;2023-03-01;560,11
CONSTRUTORA;CONSTR NORDESTE;29 - PPR;2023-04-01;1446,44
CONSTRUTORA;CONSTR NORDESTE;29 - PPR;2023-05-01;583,61
CONSTRUTORA;CONSTR NORDESTE;29 - PPR;2023-06-01;1137,49
CONSTRUTORA;CONSTR NORDESTE;29 - PPR;2023-07-01;2381,71
CONSTRUTORA;CONSTR NORDESTE;29 - PPR;2023-08-01;623,58
CONSTRUTORA;CONSTR NORDESTE;29 - PPR;2023-09-01;195,93
CONSTRUTORA;CONSTR NORDESTE;29 - PPR;2023-10-01;1813,51
CONSTRUTORA;CONSTR NORDESTE;29 - PPR;2023-11-01;1989,76
CONSTRUTORA;CONSTR NORDESTE;29 - PPR;2023-12-01;1421,01
CONSTRUTORA;CONSTR NORDESTE;29 - PPR;2024-01-01;965,29
CONSTRUTORA;CONSTR NORDESTE;29 - PPR;2024-02-01;1140,42
CONSTRUTORA;CONSTR NORDESTE;29 - PPR;2024-03-01;1342,51
CONSTRUTORA;CONSTR NORDESTE;29 - PPR;2024-04-01;2722,81
CONSTRUTORA;CONSTR NORDESTE;29 - PPR;2024-05-01;769,57
CONSTRUTORA;CONSTR NORDESTE;29 - PPR;2024-06-01;1210,65
CONSTRUTORA;CONSTR NORDESTE;29 - PPR;2024-07-01;387,15
CONSTRUTORA;CONSTR NORDESTE;29 - PPR;2024-08-01;857,76
CONSTRUTORA;CONSTR NORDESTE;29 - PPR;2024-09-01;1846,08
CONSTRUTORA;CONSTR NORDESTE;29 - PPR;2024-10-01;2082,48
CONSTRUTORA;CONSTR NORDESTE;29 - PPR;2024-11-01;5975,37
CONSTRUTORA;CONSTR NORDESTE;29 - PPR;2024-12-01;1410,41
CONSTRUTORA;CONSTR NORDESTE;29 - PPR;2025-01-01;7905,53
CONSTRUTORA;CONSTR NORDESTE;29 - PPR;2025-02-01;3414,63
CONSTRUTORA;CONSTR NORDESTE;29 - PPR;2025-03-01;1433,98
CONSTRUTORA;CONSTR NORDESTE;29 - PPR;2025-04-01;2385,94
CONSTRUTORA;CONSTR NORDESTE;29 - PPR;2025-05-01;4979,59
CONSTRUTORA;CONSTR NORDESTE;29 - PPR;2025-06-01;11199,15
CONSTRUTORA;CONSTR NORDESTE;29 - PPR;2025-07-01;1869,16
CONSTRUTORA;CONSTR NORDESTE;29 - PPR;2025-08-01;4573,97
CONSTRUTORA;CONSTR NORDESTE;29 - PPR;2025-09-01;13855,64
CONSTRUTORA;CONSTR NORDESTE;29 - PPR;2025-10-01;11976,97
CONSTRUTORA;CONSTR NORDESTE;29 - PPR;2025-11-01;5608,82
CONSTRUTORA;CONSTR NORDESTE;29 - PPR;2025-12-01;4698,50
CONSTRUTORA;CONSTR NORDESTE;29 - PPR;2026-01-01;1434,03
CONSTRUTORA;CONSTR NORDESTE;29 - PPR;2026-02-01;8196,39
CONSTRUTORA;CONSTR NORDESTE;29 - PPR;2026-03-01;9595,46
CONSTRUTORA;CONSTR NORDESTE;29 - PPR;2026-04-01;5913,16
CONSTRUTORA;CONSTR NORDESTE;29 - PPR;2026-05-01;2972,37
CONSTRUTORA;CONSTR NORDESTE;29 - PPR;2026-06-01;953,56
CONSTRUTORA;CONSTR NORDESTE;29 - PPR;2026-07-01;3495,49
CONSTRUTORA;CONSTR NORDESTE;29 - PPR;2026-08-01;2878,64
CONSTRUTORA;CONSTR NORDESTE;30 - ELETRODUTOS CORRUGADOS KRONA;2022-01-01;6451,54
CONSTRUTORA;CONSTR NORDESTE;30 - ELETRODUTOS CORRUGADOS KRONA;2022-02-01;24697,03
CONSTRUTORA;CONSTR NORDESTE;30 - ELETRODUTOS CORRUGADOS KRONA;2022-03-01;18249,44
CONSTRUTORA;CONSTR NORDESTE;30 - ELETRODUTOS CORRUGADOS KRONA;2022-04-01;25197,82
CONSTRUTORA;CONSTR NORDESTE;30 - ELETRODUTOS CORRUGADOS KRONA;2022-05-01;28060,23
CONSTRUTORA;CONSTR NORDESTE;30 - ELETRODUTOS CORRUGADOS KRONA;2022-06-01;21484,81
CONSTRUTORA;CONSTR NORDESTE;30 - ELETRODUTOS CORRUGADOS KRONA;2022-07-01;22797,61
CONSTRUTORA;CONSTR NORDESTE;30 - ELETRODUTOS CORRUGADOS KRONA;2022-08-01;19096,88
CONSTRUTORA;CONSTR NORDESTE;30 - ELETRODUTOS CORRUGADOS KRONA;2022-09-01;22336,21
CONSTRUTORA;CONSTR NORDESTE;30 - ELETRODUTOS CORRUGADOS KRONA;2022-10-01;31833,21
CONSTRUTORA;CONSTR NORDESTE;30 - ELETRODUTOS CORRUGADOS KRONA;2022-11-01;27704,44
CONSTRUTORA;CONSTR NORDESTE;30 - ELETRODUTOS CORRUGADOS KRONA;2022-12-01;40013,20
CONSTRUTORA;CONSTR NORDESTE;30 - ELETRODUTOS CORRUGADOS KRONA;2023-01-01;26748,74
CONSTRUTORA;CONSTR NORDESTE;30 - ELETRODUTOS CORRUGADOS KRONA;2023-02-01;29522,20
CONSTRUTORA;CONSTR NORDESTE;30 - ELETRODUTOS CORRUGADOS KRONA;2023-03-01;26460,78
CONSTRUTORA;CONSTR NORDESTE;30 - ELETRODUTOS CORRUGADOS KRONA;2023-04-01;15486,24
CONSTRUTORA;CONSTR NORDESTE;30 - ELETRODUTOS CORRUGADOS KRONA;2023-05-01;18141,49
CONSTRUTORA;CONSTR NORDESTE;30 - ELETRODUTOS CORRUGADOS KRONA;2023-06-01;32478,15
CONSTRUTORA;CONSTR NORDESTE;30 - ELETRODUTOS CORRUGADOS KRONA;2023-07-01;24513,75
CONSTRUTORA;CONSTR NORDESTE;30 - ELETRODUTOS CORRUGADOS KRONA;2023-08-01;35491,54
CONSTRUTORA;CONSTR NORDESTE;30 - ELETRODUTOS CORRUGADOS KRONA;2023-09-01;31867,86
CONSTRUTORA;CONSTR NORDESTE;30 - ELETRODUTOS CORRUGADOS KRONA;2023-10-01;39626,35
CONSTRUTORA;CONSTR NORDESTE;30 - ELETRODUTOS CORRUGADOS KRONA;2023-11-01;32229,61
CONSTRUTORA;CONSTR NORDESTE;30 - ELETRODUTOS CORRUGADOS KRONA;2023-12-01;32574,54
CONSTRUTORA;CONSTR NORDESTE;30 - ELETRODUTOS CORRUGADOS KRONA;2024-01-01;22230,66
CONSTRUTORA;CONSTR NORDESTE;30 - ELETRODUTOS CORRUGADOS KRONA;2024-02-01;30091,97
CONSTRUTORA;CONSTR NORDESTE;30 - ELETRODUTOS CORRUGADOS KRONA;2024-03-01;42370,13
CONSTRUTORA;CONSTR NORDESTE;30 - ELETRODUTOS CORRUGADOS KRONA;2024-04-01;34027,94
CONSTRUTORA;CONSTR NORDESTE;30 - ELETRODUTOS CORRUGADOS KRONA;2024-05-01;54292,36
CONSTRUTORA;CONSTR NORDESTE;30 - ELETRODUTOS CORRUGADOS KRONA;2024-06-01;37598,72
CONSTRUTORA;CONSTR NORDESTE;30 - ELETRODUTOS CORRUGADOS KRONA;2024-07-01;28436,83
CONSTRUTORA;CONSTR NORDESTE;30 - ELETRODUTOS CORRUGADOS KRONA;2024-08-01;35494,57
CONSTRUTORA;CONSTR NORDESTE;30 - ELETRODUTOS CORRUGADOS KRONA;2024-09-01;50842,70
CONSTRUTORA;CONSTR NORDESTE;30 - ELETRODUTOS CORRUGADOS KRONA;2024-10-01;69529,68
CONSTRUTORA;CONSTR NORDESTE;30 - ELETRODUTOS CORRUGADOS KRONA;2024-11-01;42173,98
CONSTRUTORA;CONSTR NORDESTE;30 - ELETRODUTOS CORRUGADOS KRONA;2024-12-01;46422,11
CONSTRUTORA;CONSTR NORDESTE;30 - ELETRODUTOS CORRUGADOS KRONA;2025-01-01;38953,31
CONSTRUTORA;CONSTR NORDESTE;30 - ELETRODUTOS CORRUGADOS KRONA;2025-02-01;45583,59
CONSTRUTORA;CONSTR NORDESTE;30 - ELETRODUTOS CORRUGADOS KRONA;2025-03-01;31544,47
CONSTRUTORA;CONSTR NORDESTE;30 - ELETRODUTOS CORRUGADOS KRONA;2025-04-01;56166,44
CONSTRUTORA;CONSTR NORDESTE;30 - ELETRODUTOS CORRUGADOS KRONA;2025-05-01;35904,21
CONSTRUTORA;CONSTR NORDESTE;30 - ELETRODUTOS CORRUGADOS KRONA;2025-06-01;88878,99
CONSTRUTORA;CONSTR NORDESTE;30 - ELETRODUTOS CORRUGADOS KRONA;2025-07-01;41110,43
CONSTRUTORA;CONSTR NORDESTE;30 - ELETRODUTOS CORRUGADOS KRONA;2025-08-01;58794,50
CONSTRUTORA;CONSTR NORDESTE;30 - ELETRODUTOS CORRUGADOS KRONA;2025-09-01;55421,99
CONSTRUTORA;CONSTR NORDESTE;30 - ELETRODUTOS CORRUGADOS KRONA;2025-10-01;61566,08
CONSTRUTORA;CONSTR NORDESTE;30 - ELETRODUTOS CORRUGADOS KRONA;2025-11-01;45278,06
CONSTRUTORA;CONSTR NORDESTE;30 - ELETRODUTOS CORRUGADOS KRONA;2025-12-01;35729,63
CONSTRUTORA;CONSTR NORDESTE;30 - ELETRODUTOS CORRUGADOS KRONA;2026-01-01;59126,84
CONSTRUTORA;CONSTR NORDESTE;30 - ELETRODUTOS CORRUGADOS KRONA;2026-02-01;55143,31
CONSTRUTORA;CONSTR NORDESTE;30 - ELETRODUTOS CORRUGADOS KRONA;2026-03-01;53424,90
CONSTRUTORA;CONSTR NORDESTE;30 - ELETRODUTOS CORRUGADOS KRONA;2026-04-01;82930,58
CONSTRUTORA;CONSTR NORDESTE;30 - ELETRODUTOS CORRUGADOS KRONA;2026-05-01;47917,87
CONSTRUTORA;CONSTR NORDESTE;30 - ELETRODUTOS CORRUGADOS KRONA;2026-06-01;52025,17
CONSTRUTORA;CONSTR NORDESTE;30 - ELETRODUTOS CORRUGADOS KRONA;2026-07-01;46345,76
CONSTRUTORA;CONSTR NORDESTE;30 - ELETRODUTOS CORRUGADOS KRONA;2026-08-01;49936,31
CONSTRUTORA;CONSTR NORDESTE;31 - CPVC ULTRATERM;2022-01-01;460,63
CONSTRUTORA;CONSTR NORDESTE;31 - CPVC ULTRATERM;2022-02-01;737,82
CONSTRUTORA;CONSTR NORDESTE;31 - CPVC ULTRATERM;2022-03-01;546,53
CONSTRUTORA;CONSTR NORDESTE;31 - CPVC ULTRATERM;2022-04-01;799,67
CONSTRUTORA;CONSTR NORDESTE;31 - CPVC ULTRATERM;2022-05-01;1849,19
CONSTRUTORA;CONSTR NORDESTE;31 - CPVC ULTRATERM;2022-06-01;2826,47
CONSTRUTORA;CONSTR NORDESTE;31 - CPVC ULTRATERM;2022-07-01;4173,69
CONSTRUTORA;CONSTR NORDESTE;31 - CPVC ULTRATERM;2022-08-01;2254,80
CONSTRUTORA;CONSTR NORDESTE;31 - CPVC ULTRATERM;2022-09-01;3030,52
CONSTRUTORA;CONSTR NORDESTE;31 - CPVC ULTRATERM;2022-10-01;1624,63
CONSTRUTORA;CONSTR NORDESTE;31 - CPVC ULTRATERM;2022-11-01;1709,49
CONSTRUTORA;CONSTR NORDESTE;31 - CPVC ULTRATERM;2022-12-01;1315,57
CONSTRUTORA;CONSTR NORDESTE;31 - CPVC ULTRATERM;2023-01-01;756,80
CONSTRUTORA;CONSTR NORDESTE;31 - CPVC ULTRATERM;2023-02-01;4090,25
CONSTRUTORA;CONSTR NORDESTE;31 - CPVC ULTRATERM;2023-03-01;1784,33
CONSTRUTORA;CONSTR NORDESTE;31 - CPVC ULTRATERM;2023-04-01;2421,98
CONSTRUTORA;CONSTR NORDESTE;31 - CPVC ULTRATERM;2023-05-01;521,68
CONSTRUTORA;CONSTR NORDESTE;31 - CPVC ULTRATERM;2023-06-01;2486,94
CONSTRUTORA;CONSTR NORDESTE;31 - CPVC ULTRATERM;2023-07-01;551,70
CONSTRUTORA;CONSTR NORDESTE;31 - CPVC ULTRATERM;2023-08-01;698,56
CONSTRUTORA;CONSTR NORDESTE;31 - CPVC ULTRATERM;2023-09-01;1958,81
CONSTRUTORA;CONSTR NORDESTE;31 - CPVC ULTRATERM;2023-10-01;1900,04
CONSTRUTORA;CONSTR NORDESTE;31 - CPVC ULTRATERM;2023-11-01;1338,40
CONSTRUTORA;CONSTR NORDESTE;31 - CPVC ULTRATERM;2023-12-01;2674,34
CONSTRUTORA;CONSTR NORDESTE;31 - CPVC ULTRATERM;2024-01-01;1034,09
CONSTRUTORA;CONSTR NORDESTE;31 - CPVC ULTRATERM;2024-02-01;1733,23
CONSTRUTORA;CONSTR NORDESTE;31 - CPVC ULTRATERM;2024-03-01;1561,37
CONSTRUTORA;CONSTR NORDESTE;31 - CPVC ULTRATERM;2024-04-01;2760,36
CONSTRUTORA;CONSTR NORDESTE;31 - CPVC ULTRATERM;2024-05-01;1624,10
CONSTRUTORA;CONSTR NORDESTE;31 - CPVC ULTRATERM;2024-06-01;2087,70
CONSTRUTORA;CONSTR NORDESTE;31 - CPVC ULTRATERM;2024-07-01;1613,59
CONSTRUTORA;CONSTR NORDESTE;31 - CPVC ULTRATERM;2024-08-01;1375,29
CONSTRUTORA;CONSTR NORDESTE;31 - CPVC ULTRATERM;2024-09-01;893,49
CONSTRUTORA;CONSTR NORDESTE;31 - CPVC ULTRATERM;2024-10-01;1937,93
CONSTRUTORA;CONSTR NORDESTE;31 - CPVC ULTRATERM;2024-11-01;1525,44
CONSTRUTORA;CONSTR NORDESTE;31 - CPVC ULTRATERM;2024-12-01;1939,10
CONSTRUTORA;CONSTR NORDESTE;31 - CPVC ULTRATERM;2025-01-01;2343,89
CONSTRUTORA;CONSTR NORDESTE;31 - CPVC ULTRATERM;2025-02-01;1914,27
CONSTRUTORA;CONSTR NORDESTE;31 - CPVC ULTRATERM;2025-03-01;1550,65
CONSTRUTORA;CONSTR NORDESTE;31 - CPVC ULTRATERM;2025-04-01;1460,07
CONSTRUTORA;CONSTR NORDESTE;31 - CPVC ULTRATERM;2025-05-01;2002,09
CONSTRUTORA;CONSTR NORDESTE;31 - CPVC ULTRATERM;2025-06-01;4464,99
CONSTRUTORA;CONSTR NORDESTE;31 - CPVC ULTRATERM;2025-07-01;488,60
CONSTRUTORA;CONSTR NORDESTE;31 - CPVC ULTRATERM;2025-08-01;1489,08
CONSTRUTORA;CONSTR NORDESTE;31 - CPVC ULTRATERM;2025-09-01;2699,12
CONSTRUTORA;CONSTR NORDESTE;31 - CPVC ULTRATERM;2025-10-01;2356,35
CONSTRUTORA;CONSTR NORDESTE;31 - CPVC ULTRATERM;2025-11-01;2096,16
CONSTRUTORA;CONSTR NORDESTE;31 - CPVC ULTRATERM;2025-12-01;2519,15
CONSTRUTORA;CONSTR NORDESTE;31 - CPVC ULTRATERM;2026-01-01;2221,51
CONSTRUTORA;CONSTR NORDESTE;31 - CPVC ULTRATERM;2026-02-01;658,35
CONSTRUTORA;CONSTR NORDESTE;31 - CPVC ULTRATERM;2026-03-01;1347,72
CONSTRUTORA;CONSTR NORDESTE;31 - CPVC ULTRATERM;2026-04-01;5779,71
CONSTRUTORA;CONSTR NORDESTE;31 - CPVC ULTRATERM;2026-05-01;2220,08
CONSTRUTORA;CONSTR NORDESTE;31 - CPVC ULTRATERM;2026-06-01;3906,31
CONSTRUTORA;CONSTR NORDESTE;31 - CPVC ULTRATERM;2026-07-01;1709,71
CONSTRUTORA;CONSTR NORDESTE;31 - CPVC ULTRATERM;2026-08-01;1574,20
CONSTRUTORA;CONSTR NORTE;00 - TUBOS PVC KRONA;2022-01-01;2355,58
CONSTRUTORA;CONSTR NORTE;00 - TUBOS PVC KRONA;2022-02-01;7778,47
CONSTRUTORA;CONSTR NORTE;00 - TUBOS PVC KRONA;2022-03-01;5941,53
CONSTRUTORA;CONSTR NORTE;00 - TUBOS PVC KRONA;2022-04-01;3271,94
CONSTRUTORA;CONSTR NORTE;00 - TUBOS PVC KRONA;2022-05-01;24267,41
CONSTRUTORA;CONSTR NORTE;00 - TUBOS PVC KRONA;2022-06-01;4650,02
CONSTRUTORA;CONSTR NORTE;00 - TUBOS PVC KRONA;2022-07-01;8728,08
CONSTRUTORA;CONSTR NORTE;00 - TUBOS PVC KRONA;2022-08-01;13068,92
CONSTRUTORA;CONSTR NORTE;00 - TUBOS PVC KRONA;2022-09-01;9062,24
CONSTRUTORA;CONSTR NORTE;00 - TUBOS PVC KRONA;2022-10-01;20275,76
CONSTRUTORA;CONSTR NORTE;00 - TUBOS PVC KRONA;2022-11-01;10794,64
CONSTRUTORA;CONSTR NORTE;00 - TUBOS PVC KRONA;2022-12-01;114628,83
CONSTRUTORA;CONSTR NORTE;00 - TUBOS PVC KRONA;2023-01-01;1024,44
CONSTRUTORA;CONSTR NORTE;00 - TUBOS PVC KRONA;2023-02-01;5518,16
CONSTRUTORA;CONSTR NORTE;00 - TUBOS PVC KRONA;2023-03-01;37476,86
CONSTRUTORA;CONSTR NORTE;00 - TUBOS PVC KRONA;2023-04-01;6840,54
CONSTRUTORA;CONSTR NORTE;00 - TUBOS PVC KRONA;2023-05-01;65203,62
CONSTRUTORA;CONSTR NORTE;00 - TUBOS PVC KRONA;2023-06-01;66207,15
CONSTRUTORA;CONSTR NORTE;00 - TUBOS PVC KRONA;2023-07-01;9608,29
CONSTRUTORA;CONSTR NORTE;00 - TUBOS PVC KRONA;2023-08-01;91328,42
CONSTRUTORA;CONSTR NORTE;00 - TUBOS PVC KRONA;2023-09-01;94319,84
CONSTRUTORA;CONSTR NORTE;00 - TUBOS PVC KRONA;2023-10-01;4982,55
CONSTRUTORA;CONSTR NORTE;00 - TUBOS PVC KRONA;2023-11-01;44398,03
CONSTRUTORA;CONSTR NORTE;00 - TUBOS PVC KRONA;2023-12-01;89590,31
CONSTRUTORA;CONSTR NORTE;00 - TUBOS PVC KRONA;2024-01-01;5658,01
CONSTRUTORA;CONSTR NORTE;00 - TUBOS PVC KRONA;2024-02-01;16799,89
CONSTRUTORA;CONSTR NORTE;00 - TUBOS PVC KRONA;2024-03-01;79340,02
CONSTRUTORA;CONSTR NORTE;00 - TUBOS PVC KRONA;2024-04-01;11180,07
CONSTRUTORA;CONSTR NORTE;00 - TUBOS PVC KRONA;2024-05-01;32791,95
CONSTRUTORA;CONSTR NORTE;00 - TUBOS PVC KRONA;2024-06-01;130868,07
CONSTRUTORA;CONSTR NORTE;00 - TUBOS PVC KRONA;2024-07-01;26076,33
CONSTRUTORA;CONSTR NORTE;00 - TUBOS PVC KRONA;2024-08-01;4187,06
CONSTRUTORA;CONSTR NORTE;00 - TUBOS PVC KRONA;2024-09-01;45191,82
CONSTRUTORA;CONSTR NORTE;00 - TUBOS PVC KRONA;2024-10-01;6455,21
CONSTRUTORA;CONSTR NORTE;00 - TUBOS PVC KRONA;2024-11-01;18289,90
CONSTRUTORA;CONSTR NORTE;00 - TUBOS PVC KRONA;2024-12-01;10011,89
CONSTRUTORA;CONSTR NORTE;00 - TUBOS PVC KRONA;2025-01-01;3507,39
CONSTRUTORA;CONSTR NORTE;00 - TUBOS PVC KRONA;2025-02-01;9438,84
CONSTRUTORA;CONSTR NORTE;00 - TUBOS PVC KRONA;2025-03-01;4115,97
CONSTRUTORA;CONSTR NORTE;00 - TUBOS PVC KRONA;2025-04-01;8172,80
CONSTRUTORA;CONSTR NORTE;00 - TUBOS PVC KRONA;2025-05-01;11736,81
CONSTRUTORA;CONSTR NORTE;00 - TUBOS PVC KRONA;2025-06-01;11574,40
CONSTRUTORA;CONSTR NORTE;00 - TUBOS PVC KRONA;2025-07-01;4763,96
CONSTRUTORA;CONSTR NORTE;00 - TUBOS PVC KRONA;2025-08-01;14521,24
CONSTRUTORA;CONSTR NORTE;00 - TUBOS PVC KRONA;2025-09-01;3500,48
CONSTRUTORA;CONSTR NORTE;00 - TUBOS PVC KRONA;2025-10-01;15812,67
CONSTRUTORA;CONSTR NORTE;00 - TUBOS PVC KRONA;2025-11-01;8142,60
CONSTRUTORA;CONSTR NORTE;00 - TUBOS PVC KRONA;2025-12-01;12746,65
CONSTRUTORA;CONSTR NORTE;00 - TUBOS PVC KRONA;2026-01-01;8218,66
CONSTRUTORA;CONSTR NORTE;00 - TUBOS PVC KRONA;2026-02-01;12384,16
CONSTRUTORA;CONSTR NORTE;00 - TUBOS PVC KRONA;2026-03-01;9563,83
CONSTRUTORA;CONSTR NORTE;00 - TUBOS PVC KRONA;2026-04-01;3659,58
CONSTRUTORA;CONSTR NORTE;00 - TUBOS PVC KRONA;2026-05-01;10699,74
CONSTRUTORA;CONSTR NORTE;00 - TUBOS PVC KRONA;2026-06-01;16053,89
CONSTRUTORA;CONSTR NORTE;00 - TUBOS PVC KRONA;2026-07-01;14988,58
CONSTRUTORA;CONSTR NORTE;00 - TUBOS PVC KRONA;2026-08-01;13507,08
CONSTRUTORA;CONSTR NORTE;01 - TUBOS ELETRODUTOS KRONA;2022-04-01;508,41
CONSTRUTORA;CONSTR NORTE;01 - TUBOS ELETRODUTOS KRONA;2022-05-01;5,60
CONSTRUTORA;CONSTR NORTE;01 - TUBOS ELETRODUTOS KRONA;2022-07-01;640,50
CONSTRUTORA;CONSTR NORTE;01 - TUBOS ELETRODUTOS KRONA;2022-08-01;64,00
CONSTRUTORA;CONSTR NORTE;01 - TUBOS ELETRODUTOS KRONA;2022-09-01;286,50
CONSTRUTORA;CONSTR NORTE;01 - TUBOS ELETRODUTOS KRONA;2022-10-01;784,00
CONSTRUTORA;CONSTR NORTE;01 - TUBOS ELETRODUTOS KRONA;2022-12-01;2222,50
CONSTRUTORA;CONSTR NORTE;01 - TUBOS ELETRODUTOS KRONA;2023-03-01;621,36
CONSTRUTORA;CONSTR NORTE;01 - TUBOS ELETRODUTOS KRONA;2023-05-01;1131,75
CONSTRUTORA;CONSTR NORTE;01 - TUBOS ELETRODUTOS KRONA;2023-06-01;1223,17
CONSTRUTORA;CONSTR NORTE;01 - TUBOS ELETRODUTOS KRONA;2023-07-01;320,00
CONSTRUTORA;CONSTR NORTE;01 - TUBOS ELETRODUTOS KRONA;2023-08-01;1317,93
CONSTRUTORA;CONSTR NORTE;01 - TUBOS ELETRODUTOS KRONA;2023-09-01;1700,50
CONSTRUTORA;CONSTR NORTE;01 - TUBOS ELETRODUTOS KRONA;2023-10-01;604,60
CONSTRUTORA;CONSTR NORTE;01 - TUBOS ELETRODUTOS KRONA;2023-11-01;1165,82
CONSTRUTORA;CONSTR NORTE;01 - TUBOS ELETRODUTOS KRONA;2023-12-01;1304,90
CONSTRUTORA;CONSTR NORTE;01 - TUBOS ELETRODUTOS KRONA;2024-02-01;1154,39
CONSTRUTORA;CONSTR NORTE;01 - TUBOS ELETRODUTOS KRONA;2024-03-01;1273,30
CONSTRUTORA;CONSTR NORTE;01 - TUBOS ELETRODUTOS KRONA;2024-04-01;764,70
CONSTRUTORA;CONSTR NORTE;01 - TUBOS ELETRODUTOS KRONA;2024-05-01;769,04
CONSTRUTORA;CONSTR NORTE;01 - TUBOS ELETRODUTOS KRONA;2024-06-01;2083,62
CONSTRUTORA;CONSTR NORTE;01 - TUBOS ELETRODUTOS KRONA;2024-07-01;348,09
CONSTRUTORA;CONSTR NORTE;01 - TUBOS ELETRODUTOS KRONA;2024-09-01;653,10
CONSTRUTORA;CONSTR NORTE;01 - TUBOS ELETRODUTOS KRONA;2024-11-01;244,10
CONSTRUTORA;CONSTR NORTE;01 - TUBOS ELETRODUTOS KRONA;2025-02-01;269,10
CONSTRUTORA;CONSTR NORTE;01 - TUBOS ELETRODUTOS KRONA;2025-06-01;627,18
CONSTRUTORA;CONSTR NORTE;01 - TUBOS ELETRODUTOS KRONA;2025-08-01;245,65
CONSTRUTORA;CONSTR NORTE;01 - TUBOS ELETRODUTOS KRONA;2025-09-01;468,00
CONSTRUTORA;CONSTR NORTE;01 - TUBOS ELETRODUTOS KRONA;2025-10-01;505,98
CONSTRUTORA;CONSTR NORTE;01 - TUBOS ELETRODUTOS KRONA;2025-11-01;4295,00
CONSTRUTORA;CONSTR NORTE;01 - TUBOS ELETRODUTOS KRONA;2025-12-01;80,28
CONSTRUTORA;CONSTR NORTE;01 - TUBOS ELETRODUTOS KRONA;2026-01-01;842,80
CONSTRUTORA;CONSTR NORTE;01 - TUBOS ELETRODUTOS KRONA;2026-02-01;47,40
CONSTRUTORA;CONSTR NORTE;01 - TUBOS ELETRODUTOS KRONA;2026-04-01;406,25
CONSTRUTORA;CONSTR NORTE;01 - TUBOS ELETRODUTOS KRONA;2026-07-01;488,50
CONSTRUTORA;CONSTR NORTE;01 - TUBOS ELETRODUTOS KRONA;2026-08-01;193,60
CONSTRUTORA;CONSTR NORTE;02 - CONEXOES KRONA;2022-01-01;216,45
CONSTRUTORA;CONSTR NORTE;02 - CONEXOES KRONA;2022-02-01;518,22
CONSTRUTORA;CONSTR NORTE;02 - CONEXOES KRONA;2022-03-01;953,03
CONSTRUTORA;CONSTR NORTE;02 - CONEXOES KRONA;2022-04-01;1271,19
CONSTRUTORA;CONSTR NORTE;02 - CONEXOES KRONA;2022-05-01;3045,03
CONSTRUTORA;CONSTR NORTE;02 - CONEXOES KRONA;2022-06-01;1450,08
CONSTRUTORA;CONSTR NORTE;02 - CONEXOES KRONA;2022-07-01;1284,01
CONSTRUTORA;CONSTR NORTE;02 - CONEXOES KRONA;2022-08-01;2845,83
CONSTRUTORA;CONSTR NORTE;02 - CONEXOES KRONA;2022-09-01;3753,48
CONSTRUTORA;CONSTR NORTE;02 - CONEXOES KRONA;2022-10-01;6100,64
CONSTRUTORA;CONSTR NORTE;02 - CONEXOES KRONA;2022-11-01;4426,13
CONSTRUTORA;CONSTR NORTE;02 - CONEXOES KRONA;2022-12-01;15571,73
CONSTRUTORA;CONSTR NORTE;02 - CONEXOES KRONA;2023-01-01;299,70
CONSTRUTORA;CONSTR NORTE;02 - CONEXOES KRONA;2023-02-01;1466,01
CONSTRUTORA;CONSTR NORTE;02 - CONEXOES KRONA;2023-03-01;9890,57
CONSTRUTORA;CONSTR NORTE;02 - CONEXOES KRONA;2023-04-01;717,82
CONSTRUTORA;CONSTR NORTE;02 - CONEXOES KRONA;2023-05-01;6227,67
CONSTRUTORA;CONSTR NORTE;02 - CONEXOES KRONA;2023-06-01;8082,15
CONSTRUTORA;CONSTR NORTE;02 - CONEXOES KRONA;2023-07-01;2436,50
CONSTRUTORA;CONSTR NORTE;02 - CONEXOES KRONA;2023-08-01;13149,66
CONSTRUTORA;CONSTR NORTE;02 - CONEXOES KRONA;2023-09-01;13278,64
CONSTRUTORA;CONSTR NORTE;02 - CONEXOES KRONA;2023-10-01;993,16
CONSTRUTORA;CONSTR NORTE;02 - CONEXOES KRONA;2023-11-01;3809,57
CONSTRUTORA;CONSTR NORTE;02 - CONEXOES KRONA;2023-12-01;4983,80
CONSTRUTORA;CONSTR NORTE;02 - CONEXOES KRONA;2024-01-01;1208,24
CONSTRUTORA;CONSTR NORTE;02 - CONEXOES KRONA;2024-02-01;2590,25
CONSTRUTORA;CONSTR NORTE;02 - CONEXOES KRONA;2024-03-01;6603,35
CONSTRUTORA;CONSTR NORTE;02 - CONEXOES KRONA;2024-04-01;2533,84
CONSTRUTORA;CONSTR NORTE;02 - CONEXOES KRONA;2024-05-01;3858,30
CONSTRUTORA;CONSTR NORTE;02 - CONEXOES KRONA;2024-06-01;22303,79
CONSTRUTORA;CONSTR NORTE;02 - CONEXOES KRONA;2024-07-01;3709,56
CONSTRUTORA;CONSTR NORTE;02 - CONEXOES KRONA;2024-08-01;1420,81
CONSTRUTORA;CONSTR NORTE;02 - CONEXOES KRONA;2024-09-01;5362,39
CONSTRUTORA;CONSTR NORTE;02 - CONEXOES KRONA;2024-10-01;1681,37
CONSTRUTORA;CONSTR NORTE;02 - CONEXOES KRONA;2024-11-01;3096,75
CONSTRUTORA;CONSTR NORTE;02 - CONEXOES KRONA;2024-12-01;1938,05
CONSTRUTORA;CONSTR NORTE;02 - CONEXOES KRONA;2025-01-01;1027,99
CONSTRUTORA;CONSTR NORTE;02 - CONEXOES KRONA;2025-02-01;3248,32
CONSTRUTORA;CONSTR NORTE;02 - CONEXOES KRONA;2025-03-01;815,66
CONSTRUTORA;CONSTR NORTE;02 - CONEXOES KRONA;2025-04-01;1600,22
CONSTRUTORA;CONSTR NORTE;02 - CONEXOES KRONA;2025-05-01;3579,27
CONSTRUTORA;CONSTR NORTE;02 - CONEXOES KRONA;2025-06-01;2818,33
CONSTRUTORA;CONSTR NORTE;02 - CONEXOES KRONA;2025-07-01;1832,00
CONSTRUTORA;CONSTR NORTE;02 - CONEXOES KRONA;2025-08-01;2339,71
CONSTRUTORA;CONSTR NORTE;02 - CONEXOES KRONA;2025-09-01;991,83
CONSTRUTORA;CONSTR NORTE;02 - CONEXOES KRONA;2025-10-01;2363,09
CONSTRUTORA;CONSTR NORTE;02 - CONEXOES KRONA;2025-11-01;1313,78
CONSTRUTORA;CONSTR NORTE;02 - CONEXOES KRONA;2025-12-01;1938,21
CONSTRUTORA;CONSTR NORTE;02 - CONEXOES KRONA;2026-01-01;1929,83
CONSTRUTORA;CONSTR NORTE;02 - CONEXOES KRONA;2026-02-01;3074,32
CONSTRUTORA;CONSTR NORTE;02 - CONEXOES KRONA;2026-03-01;3087,93
CONSTRUTORA;CONSTR NORTE;02 - CONEXOES KRONA;2026-04-01;1496,80
CONSTRUTORA;CONSTR NORTE;02 - CONEXOES KRONA;2026-05-01;1781,27
CONSTRUTORA;CONSTR NORTE;02 - CONEXOES KRONA;2026-06-01;3526,75
CONSTRUTORA;CONSTR NORTE;02 - CONEXOES KRONA;2026-07-01;3395,40
CONSTRUTORA;CONSTR NORTE;02 - CONEXOES KRONA;2026-08-01;2838,59
CONSTRUTORA;CONSTR NORTE;03 - ACESSORIOS KRONA;2022-02-01;61,73
CONSTRUTORA;CONSTR NORTE;03 - ACESSORIOS KRONA;2022-04-01;45,74
CONSTRUTORA;CONSTR NORTE;03 - ACESSORIOS KRONA;2022-05-01;172,01
CONSTRUTORA;CONSTR NORTE;03 - ACESSORIOS KRONA;2022-06-01;114,23
CONSTRUTORA;CONSTR NORTE;03 - ACESSORIOS KRONA;2022-07-01;8,32
CONSTRUTORA;CONSTR NORTE;03 - ACESSORIOS KRONA;2022-08-01;366,00
CONSTRUTORA;CONSTR NORTE;03 - ACESSORIOS KRONA;2022-09-01;81,42
CONSTRUTORA;CONSTR NORTE;03 - ACESSORIOS KRONA;2022-10-01;140,71
CONSTRUTORA;CONSTR NORTE;03 - ACESSORIOS KRONA;2022-11-01;166,82
CONSTRUTORA;CONSTR NORTE;03 - ACESSORIOS KRONA;2022-12-01;1176,44
CONSTRUTORA;CONSTR NORTE;03 - ACESSORIOS KRONA;2023-01-01;5,58
CONSTRUTORA;CONSTR NORTE;03 - ACESSORIOS KRONA;2023-02-01;239,90
CONSTRUTORA;CONSTR NORTE;03 - ACESSORIOS KRONA;2023-03-01;1235,94
CONSTRUTORA;CONSTR NORTE;03 - ACESSORIOS KRONA;2023-04-01;72,10
CONSTRUTORA;CONSTR NORTE;03 - ACESSORIOS KRONA;2023-05-01;685,36
CONSTRUTORA;CONSTR NORTE;03 - ACESSORIOS KRONA;2023-06-01;593,46
CONSTRUTORA;CONSTR NORTE;03 - ACESSORIOS KRONA;2023-07-01;7,39
CONSTRUTORA;CONSTR NORTE;03 - ACESSORIOS KRONA;2023-08-01;1409,59
CONSTRUTORA;CONSTR NORTE;03 - ACESSORIOS KRONA;2023-09-01;1463,79
CONSTRUTORA;CONSTR NORTE;03 - ACESSORIOS KRONA;2023-10-01;16,74
CONSTRUTORA;CONSTR NORTE;03 - ACESSORIOS KRONA;2023-11-01;2,95
CONSTRUTORA;CONSTR NORTE;03 - ACESSORIOS KRONA;2023-12-01;615,34
CONSTRUTORA;CONSTR NORTE;03 - ACESSORIOS KRONA;2024-01-01;166,91
CONSTRUTORA;CONSTR NORTE;03 - ACESSORIOS KRONA;2024-02-01;52,71
CONSTRUTORA;CONSTR NORTE;03 - ACESSORIOS KRONA;2024-03-01;471,00
CONSTRUTORA;CONSTR NORTE;03 - ACESSORIOS KRONA;2024-04-01;1187,52
CONSTRUTORA;CONSTR NORTE;03 - ACESSORIOS KRONA;2024-05-01;313,49
CONSTRUTORA;CONSTR NORTE;03 - ACESSORIOS KRONA;2024-06-01;2141,70
CONSTRUTORA;CONSTR NORTE;03 - ACESSORIOS KRONA;2024-07-01;75,78
CONSTRUTORA;CONSTR NORTE;03 - ACESSORIOS KRONA;2024-08-01;133,38
CONSTRUTORA;CONSTR NORTE;03 - ACESSORIOS KRONA;2024-09-01;329,79
CONSTRUTORA;CONSTR NORTE;03 - ACESSORIOS KRONA;2024-10-01;105,21
CONSTRUTORA;CONSTR NORTE;03 - ACESSORIOS KRONA;2024-11-01;20,68
CONSTRUTORA;CONSTR NORTE;03 - ACESSORIOS KRONA;2024-12-01;16,99
CONSTRUTORA;CONSTR NORTE;03 - ACESSORIOS KRONA;2025-01-01;19,34
CONSTRUTORA;CONSTR NORTE;03 - ACESSORIOS KRONA;2025-02-01;14,23
CONSTRUTORA;CONSTR NORTE;03 - ACESSORIOS KRONA;2025-04-01;150,35
CONSTRUTORA;CONSTR NORTE;03 - ACESSORIOS KRONA;2025-05-01;36,01
CONSTRUTORA;CONSTR NORTE;03 - ACESSORIOS KRONA;2025-06-01;56,06
CONSTRUTORA;CONSTR NORTE;03 - ACESSORIOS KRONA;2025-07-01;41,20
CONSTRUTORA;CONSTR NORTE;03 - ACESSORIOS KRONA;2025-08-01;138,14
CONSTRUTORA;CONSTR NORTE;03 - ACESSORIOS KRONA;2025-09-01;0,44
CONSTRUTORA;CONSTR NORTE;03 - ACESSORIOS KRONA;2025-10-01;593,95
CONSTRUTORA;CONSTR NORTE;03 - ACESSORIOS KRONA;2025-11-01;48,74
CONSTRUTORA;CONSTR NORTE;03 - ACESSORIOS KRONA;2025-12-01;31,60
CONSTRUTORA;CONSTR NORTE;03 - ACESSORIOS KRONA;2026-01-01;21,10
CONSTRUTORA;CONSTR NORTE;03 - ACESSORIOS KRONA;2026-02-01;2,85
CONSTRUTORA;CONSTR NORTE;03 - ACESSORIOS KRONA;2026-03-01;58,48
CONSTRUTORA;CONSTR NORTE;03 - ACESSORIOS KRONA;2026-04-01;333,53
CONSTRUTORA;CONSTR NORTE;03 - ACESSORIOS KRONA;2026-05-01;11,93
CONSTRUTORA;CONSTR NORTE;03 - ACESSORIOS KRONA;2026-06-01;31,87
CONSTRUTORA;CONSTR NORTE;03 - ACESSORIOS KRONA;2026-07-01;164,71
CONSTRUTORA;CONSTR NORTE;03 - ACESSORIOS KRONA;2026-08-01;30,38
CONSTRUTORA;CONSTR NORTE;04 - PRODUTOS REVENDA;2022-01-01;15,43
CONSTRUTORA;CONSTR NORTE;04 - PRODUTOS REVENDA;2022-02-01;39,88
CONSTRUTORA;CONSTR NORTE;04 - PRODUTOS REVENDA;2022-03-01;203,18
CONSTRUTORA;CONSTR NORTE;04 - PRODUTOS REVENDA;2022-04-01;131,50
CONSTRUTORA;CONSTR NORTE;04 - PRODUTOS REVENDA;2022-05-01;217,97
CONSTRUTORA;CONSTR NORTE;04 - PRODUTOS REVENDA;2022-06-01;30,96
CONSTRUTORA;CONSTR NORTE;04 - PRODUTOS REVENDA;2022-07-01;234,33
CONSTRUTORA;CONSTR NORTE;04 - PRODUTOS REVENDA;2022-08-01;370,68
CONSTRUTORA;CONSTR NORTE;04 - PRODUTOS REVENDA;2022-09-01;311,95
CONSTRUTORA;CONSTR NORTE;04 - PRODUTOS REVENDA;2022-10-01;442,58
CONSTRUTORA;CONSTR NORTE;04 - PRODUTOS REVENDA;2022-11-01;117,17
CONSTRUTORA;CONSTR NORTE;04 - PRODUTOS REVENDA;2022-12-01;1441,69
CONSTRUTORA;CONSTR NORTE;04 - PRODUTOS REVENDA;2023-01-01;7,12
CONSTRUTORA;CONSTR NORTE;04 - PRODUTOS REVENDA;2023-02-01;94,01
CONSTRUTORA;CONSTR NORTE;04 - PRODUTOS REVENDA;2023-03-01;449,99
CONSTRUTORA;CONSTR NORTE;04 - PRODUTOS REVENDA;2023-04-01;182,87
CONSTRUTORA;CONSTR NORTE;04 - PRODUTOS REVENDA;2023-05-01;539,71
CONSTRUTORA;CONSTR NORTE;04 - PRODUTOS REVENDA;2023-06-01;318,81
CONSTRUTORA;CONSTR NORTE;04 - PRODUTOS REVENDA;2023-07-01;173,39
CONSTRUTORA;CONSTR NORTE;04 - PRODUTOS REVENDA;2023-08-01;1381,14
CONSTRUTORA;CONSTR NORTE;04 - PRODUTOS REVENDA;2023-09-01;1034,04
CONSTRUTORA;CONSTR NORTE;04 - PRODUTOS REVENDA;2023-10-01;145,31
CONSTRUTORA;CONSTR NORTE;04 - PRODUTOS REVENDA;2023-11-01;214,01
CONSTRUTORA;CONSTR NORTE;04 - PRODUTOS REVENDA;2023-12-01;458,25
CONSTRUTORA;CONSTR NORTE;04 - PRODUTOS REVENDA;2024-01-01;120,26
CONSTRUTORA;CONSTR NORTE;04 - PRODUTOS REVENDA;2024-02-01;129,52
CONSTRUTORA;CONSTR NORTE;04 - PRODUTOS REVENDA;2024-03-01;650,26
CONSTRUTORA;CONSTR NORTE;04 - PRODUTOS REVENDA;2024-04-01;299,85
CONSTRUTORA;CONSTR NORTE;04 - PRODUTOS REVENDA;2024-05-01;766,73
CONSTRUTORA;CONSTR NORTE;04 - PRODUTOS REVENDA;2024-06-01;1128,08
CONSTRUTORA;CONSTR NORTE;04 - PRODUTOS REVENDA;2024-07-01;349,44
CONSTRUTORA;CONSTR NORTE;04 - PRODUTOS REVENDA;2024-08-01;62,90
CONSTRUTORA;CONSTR NORTE;04 - PRODUTOS REVENDA;2024-09-01;329,93
CONSTRUTORA;CONSTR NORTE;04 - PRODUTOS REVENDA;2024-10-01;80,43
CONSTRUTORA;CONSTR NORTE;04 - PRODUTOS REVENDA;2024-11-01;404,95
CONSTRUTORA;CONSTR NORTE;04 - PRODUTOS REVENDA;2024-12-01;298,15
CONSTRUTORA;CONSTR NORTE;04 - PRODUTOS REVENDA;2025-01-01;77,67
CONSTRUTORA;CONSTR NORTE;04 - PRODUTOS REVENDA;2025-02-01;191,46
CONSTRUTORA;CONSTR NORTE;04 - PRODUTOS REVENDA;2025-03-01;140,84
CONSTRUTORA;CONSTR NORTE;04 - PRODUTOS REVENDA;2025-04-01;300,49
CONSTRUTORA;CONSTR NORTE;04 - PRODUTOS REVENDA;2025-05-01;551,65
CONSTRUTORA;CONSTR NORTE;04 - PRODUTOS REVENDA;2025-06-01;107,91
CONSTRUTORA;CONSTR NORTE;04 - PRODUTOS REVENDA;2025-07-01;84,01
CONSTRUTORA;CONSTR NORTE;04 - PRODUTOS REVENDA;2025-08-01;190,79
CONSTRUTORA;CONSTR NORTE;04 - PRODUTOS REVENDA;2025-09-01;226,10
CONSTRUTORA;CONSTR NORTE;04 - PRODUTOS REVENDA;2025-10-01;546,91
CONSTRUTORA;CONSTR NORTE;04 - PRODUTOS REVENDA;2025-11-01;161,38
CONSTRUTORA;CONSTR NORTE;04 - PRODUTOS REVENDA;2025-12-01;244,37
CONSTRUTORA;CONSTR NORTE;04 - PRODUTOS REVENDA;2026-01-01;532,28
CONSTRUTORA;CONSTR NORTE;04 - PRODUTOS REVENDA;2026-02-01;402,76
CONSTRUTORA;CONSTR NORTE;04 - PRODUTOS REVENDA;2026-03-01;450,36
CONSTRUTORA;CONSTR NORTE;04 - PRODUTOS REVENDA;2026-04-01;70,76
CONSTRUTORA;CONSTR NORTE;04 - PRODUTOS REVENDA;2026-05-01;327,31
CONSTRUTORA;CONSTR NORTE;04 - PRODUTOS REVENDA;2026-06-01;803,93
CONSTRUTORA;CONSTR NORTE;04 - PRODUTOS REVENDA;2026-07-01;279,03
CONSTRUTORA;CONSTR NORTE;04 - PRODUTOS REVENDA;2026-08-01;230,14
CONSTRUTORA;CONSTR NORTE;29 - PPR;2022-01-01;290,83
CONSTRUTORA;CONSTR NORTE;29 - PPR;2022-02-01;290,83
CONSTRUTORA;CONSTR NORTE;29 - PPR;2022-03-01;872,50
CONSTRUTORA;CONSTR NORTE;29 - PPR;2022-05-01;50,42
CONSTRUTORA;CONSTR NORTE;29 - PPR;2022-07-01;30,67
CONSTRUTORA;CONSTR NORTE;29 - PPR;2022-09-01;106,65
CONSTRUTORA;CONSTR NORTE;29 - PPR;2022-10-01;367,62
CONSTRUTORA;CONSTR NORTE;29 - PPR;2022-11-01;590,59
CONSTRUTORA;CONSTR NORTE;29 - PPR;2023-01-01;9,84
CONSTRUTORA;CONSTR NORTE;29 - PPR;2023-03-01;6,00
CONSTRUTORA;CONSTR NORTE;29 - PPR;2023-05-01;323,19
CONSTRUTORA;CONSTR NORTE;29 - PPR;2023-09-01;10,03
CONSTRUTORA;CONSTR NORTE;29 - PPR;2023-10-01;14,63
CONSTRUTORA;CONSTR NORTE;29 - PPR;2023-12-01;13,48
CONSTRUTORA;CONSTR NORTE;29 - PPR;2024-01-01;196,91
CONSTRUTORA;CONSTR NORTE;29 - PPR;2024-03-01;5,64
CONSTRUTORA;CONSTR NORTE;29 - PPR;2024-04-01;214,51
CONSTRUTORA;CONSTR NORTE;29 - PPR;2024-05-01;42,75
CONSTRUTORA;CONSTR NORTE;29 - PPR;2024-06-01;84,75
CONSTRUTORA;CONSTR NORTE;29 - PPR;2024-07-01;2,96
CONSTRUTORA;CONSTR NORTE;29 - PPR;2024-08-01;54,52
CONSTRUTORA;CONSTR NORTE;29 - PPR;2024-09-01;96,15
CONSTRUTORA;CONSTR NORTE;29 - PPR;2024-10-01;56,22
CONSTRUTORA;CONSTR NORTE;29 - PPR;2024-11-01;71,38
CONSTRUTORA;CONSTR NORTE;29 - PPR;2024-12-01;18,28
CONSTRUTORA;CONSTR NORTE;29 - PPR;2025-03-01;0,59
CONSTRUTORA;CONSTR NORTE;29 - PPR;2025-04-01;904,26
CONSTRUTORA;CONSTR NORTE;29 - PPR;2025-07-01;554,44
CONSTRUTORA;CONSTR NORTE;29 - PPR;2025-08-01;43,97
CONSTRUTORA;CONSTR NORTE;29 - PPR;2025-09-01;47,88
CONSTRUTORA;CONSTR NORTE;29 - PPR;2026-03-01;35,75
CONSTRUTORA;CONSTR NORTE;29 - PPR;2026-04-01;109,53
CONSTRUTORA;CONSTR NORTE;30 - ELETRODUTOS CORRUGADOS KRONA;2022-02-01;1454,62
CONSTRUTORA;CONSTR NORTE;30 - ELETRODUTOS CORRUGADOS KRONA;2022-03-01;1012,60
CONSTRUTORA;CONSTR NORTE;30 - ELETRODUTOS CORRUGADOS KRONA;2022-04-01;2187,57
CONSTRUTORA;CONSTR NORTE;30 - ELETRODUTOS CORRUGADOS KRONA;2022-05-01;4667,65
CONSTRUTORA;CONSTR NORTE;30 - ELETRODUTOS CORRUGADOS KRONA;2022-06-01;1394,96
CONSTRUTORA;CONSTR NORTE;30 - ELETRODUTOS CORRUGADOS KRONA;2022-07-01;371,52
CONSTRUTORA;CONSTR NORTE;30 - ELETRODUTOS CORRUGADOS KRONA;2022-08-01;3651,01
CONSTRUTORA;CONSTR NORTE;30 - ELETRODUTOS CORRUGADOS KRONA;2022-09-01;1440,78
CONSTRUTORA;CONSTR NORTE;30 - ELETRODUTOS CORRUGADOS KRONA;2022-10-01;4852,37
CONSTRUTORA;CONSTR NORTE;30 - ELETRODUTOS CORRUGADOS KRONA;2022-11-01;633,22
CONSTRUTORA;CONSTR NORTE;30 - ELETRODUTOS CORRUGADOS KRONA;2022-12-01;5755,65
CONSTRUTORA;CONSTR NORTE;30 - ELETRODUTOS CORRUGADOS KRONA;2023-01-01;1545,65
CONSTRUTORA;CONSTR NORTE;30 - ELETRODUTOS CORRUGADOS KRONA;2023-02-01;49,92
CONSTRUTORA;CONSTR NORTE;30 - ELETRODUTOS CORRUGADOS KRONA;2023-03-01;4409,85
CONSTRUTORA;CONSTR NORTE;30 - ELETRODUTOS CORRUGADOS KRONA;2023-04-01;689,47
CONSTRUTORA;CONSTR NORTE;30 - ELETRODUTOS CORRUGADOS KRONA;2023-05-01;3205,46
CONSTRUTORA;CONSTR NORTE;30 - ELETRODUTOS CORRUGADOS KRONA;2023-06-01;2567,20
CONSTRUTORA;CONSTR NORTE;30 - ELETRODUTOS CORRUGADOS KRONA;2023-07-01;6593,80
CONSTRUTORA;CONSTR NORTE;30 - ELETRODUTOS CORRUGADOS KRONA;2023-08-01;1941,30
CONSTRUTORA;CONSTR NORTE;30 - ELETRODUTOS CORRUGADOS KRONA;2023-09-01;640,59
CONSTRUTORA;CONSTR NORTE;30 - ELETRODUTOS CORRUGADOS KRONA;2023-10-01;1529,35
CONSTRUTORA;CONSTR NORTE;30 - ELETRODUTOS CORRUGADOS KRONA;2023-11-01;5849,32
CONSTRUTORA;CONSTR NORTE;30 - ELETRODUTOS CORRUGADOS KRONA;2023-12-01;509,04
CONSTRUTORA;CONSTR NORTE;30 - ELETRODUTOS CORRUGADOS KRONA;2024-01-01;972,00
CONSTRUTORA;CONSTR NORTE;30 - ELETRODUTOS CORRUGADOS KRONA;2024-02-01;176,61
CONSTRUTORA;CONSTR NORTE;30 - ELETRODUTOS CORRUGADOS KRONA;2024-03-01;4529,10
CONSTRUTORA;CONSTR NORTE;30 - ELETRODUTOS CORRUGADOS KRONA;2024-04-01;5456,35
CONSTRUTORA;CONSTR NORTE;30 - ELETRODUTOS CORRUGADOS KRONA;2024-05-01;706,90
CONSTRUTORA;CONSTR NORTE;30 - ELETRODUTOS CORRUGADOS KRONA;2024-06-01;7584,92
CONSTRUTORA;CONSTR NORTE;30 - ELETRODUTOS CORRUGADOS KRONA;2024-07-01;2459,60
CONSTRUTORA;CONSTR NORTE;30 - ELETRODUTOS CORRUGADOS KRONA;2024-08-01;216,00
CONSTRUTORA;CONSTR NORTE;30 - ELETRODUTOS CORRUGADOS KRONA;2024-09-01;1021,39
CONSTRUTORA;CONSTR NORTE;30 - ELETRODUTOS CORRUGADOS KRONA;2024-10-01;593,33
CONSTRUTORA;CONSTR NORTE;30 - ELETRODUTOS CORRUGADOS KRONA;2024-11-01;688,63
CONSTRUTORA;CONSTR NORTE;30 - ELETRODUTOS CORRUGADOS KRONA;2024-12-01;1929,90
CONSTRUTORA;CONSTR NORTE;30 - ELETRODUTOS CORRUGADOS KRONA;2025-01-01;99,72
CONSTRUTORA;CONSTR NORTE;30 - ELETRODUTOS CORRUGADOS KRONA;2025-02-01;482,94
CONSTRUTORA;CONSTR NORTE;30 - ELETRODUTOS CORRUGADOS KRONA;2025-03-01;1640,14
CONSTRUTORA;CONSTR NORTE;30 - ELETRODUTOS CORRUGADOS KRONA;2025-04-01;856,11
CONSTRUTORA;CONSTR NORTE;30 - ELETRODUTOS CORRUGADOS KRONA;2025-05-01;1385,63
CONSTRUTORA;CONSTR NORTE;30 - ELETRODUTOS CORRUGADOS KRONA;2025-06-01;3715,17
CONSTRUTORA;CONSTR NORTE;30 - ELETRODUTOS CORRUGADOS KRONA;2025-07-01;3952,14
CONSTRUTORA;CONSTR NORTE;30 - ELETRODUTOS CORRUGADOS KRONA;2025-08-01;1252,05
CONSTRUTORA;CONSTR NORTE;30 - ELETRODUTOS CORRUGADOS KRONA;2025-09-01;1514,07
CONSTRUTORA;CONSTR NORTE;30 - ELETRODUTOS CORRUGADOS KRONA;2025-10-01;1921,52
CONSTRUTORA;CONSTR NORTE;30 - ELETRODUTOS CORRUGADOS KRONA;2025-11-01;5080,76
CONSTRUTORA;CONSTR NORTE;30 - ELETRODUTOS CORRUGADOS KRONA;2025-12-01;4367,23
CONSTRUTORA;CONSTR NORTE;30 - ELETRODUTOS CORRUGADOS KRONA;2026-01-01;717,48
CONSTRUTORA;CONSTR NORTE;30 - ELETRODUTOS CORRUGADOS KRONA;2026-02-01;2335,57
CONSTRUTORA;CONSTR NORTE;30 - ELETRODUTOS CORRUGADOS KRONA;2026-03-01;3633,70
CONSTRUTORA;CONSTR NORTE;30 - ELETRODUTOS CORRUGADOS KRONA;2026-04-01;385,88
CONSTRUTORA;CONSTR NORTE;30 - ELETRODUTOS CORRUGADOS KRONA;2026-05-01;84,15
CONSTRUTORA;CONSTR NORTE;30 - ELETRODUTOS CORRUGADOS KRONA;2026-06-01;1697,97
CONSTRUTORA;CONSTR NORTE;30 - ELETRODUTOS CORRUGADOS KRONA;2026-07-01;565,34
CONSTRUTORA;CONSTR NORTE;30 - ELETRODUTOS CORRUGADOS KRONA;2026-08-01;4470,80
CONSTRUTORA;CONSTR NORTE;31 - CPVC ULTRATERM;2022-01-01;171,00
CONSTRUTORA;CONSTR NORTE;31 - CPVC ULTRATERM;2022-02-01;25,74
CONSTRUTORA;CONSTR NORTE;31 - CPVC ULTRATERM;2022-03-01;69,53
CONSTRUTORA;CONSTR NORTE;31 - CPVC ULTRATERM;2022-05-01;44,94
CONSTRUTORA;CONSTR NORTE;31 - CPVC ULTRATERM;2022-07-01;66,01
CONSTRUTORA;CONSTR NORTE;31 - CPVC ULTRATERM;2022-09-01;52,49
CONSTRUTORA;CONSTR NORTE;31 - CPVC ULTRATERM;2022-10-01;107,38
CONSTRUTORA;CONSTR NORTE;31 - CPVC ULTRATERM;2022-12-01;73,90
CONSTRUTORA;CONSTR NORTE;31 - CPVC ULTRATERM;2023-04-01;82,81
CONSTRUTORA;CONSTR NORTE;31 - CPVC ULTRATERM;2023-06-01;77,86
CONSTRUTORA;CONSTR NORTE;31 - CPVC ULTRATERM;2023-07-01;41,44
CONSTRUTORA;CONSTR NORTE;31 - CPVC ULTRATERM;2023-08-01;138,48
CONSTRUTORA;CONSTR NORTE;31 - CPVC ULTRATERM;2023-09-01;142,73
CONSTRUTORA;CONSTR NORTE;31 - CPVC ULTRATERM;2023-11-01;39,10
CONSTRUTORA;CONSTR NORTE;31 - CPVC ULTRATERM;2023-12-01;9,35
CONSTRUTORA;CONSTR NORTE;31 - CPVC ULTRATERM;2024-01-01;123,17
CONSTRUTORA;CONSTR NORTE;31 - CPVC ULTRATERM;2024-02-01;397,91
CONSTRUTORA;CONSTR NORTE;31 - CPVC ULTRATERM;2024-03-01;1,21
CONSTRUTORA;CONSTR NORTE;31 - CPVC ULTRATERM;2024-04-01;7,06
CONSTRUTORA;CONSTR NORTE;31 - CPVC ULTRATERM;2024-05-01;30,39
CONSTRUTORA;CONSTR NORTE;31 - CPVC ULTRATERM;2024-06-01;239,38
CONSTRUTORA;CONSTR NORTE;31 - CPVC ULTRATERM;2024-07-01;14,38
CONSTRUTORA;CONSTR NORTE;31 - CPVC ULTRATERM;2024-08-01;10,55
CONSTRUTORA;CONSTR NORTE;31 - CPVC ULTRATERM;2024-09-01;0,74
CONSTRUTORA;CONSTR NORTE;31 - CPVC ULTRATERM;2024-10-01;1590,75
CONSTRUTORA;CONSTR NORTE;31 - CPVC ULTRATERM;2024-11-01;230,88
CONSTRUTORA;CONSTR NORTE;31 - CPVC ULTRATERM;2025-01-01;420,63
CONSTRUTORA;CONSTR NORTE;31 - CPVC ULTRATERM;2025-02-01;106,42
CONSTRUTORA;CONSTR NORTE;31 - CPVC ULTRATERM;2025-03-01;175,11
CONSTRUTORA;CONSTR NORTE;31 - CPVC ULTRATERM;2025-05-01;104,61
CONSTRUTORA;CONSTR NORTE;31 - CPVC ULTRATERM;2025-06-01;0,46
CONSTRUTORA;CONSTR NORTE;31 - CPVC ULTRATERM;2025-08-01;43,69
CONSTRUTORA;CONSTR NORTE;31 - CPVC ULTRATERM;2025-09-01;20,35
CONSTRUTORA;CONSTR NORTE;31 - CPVC ULTRATERM;2025-10-01;900,64
CONSTRUTORA;CONSTR NORTE;31 - CPVC ULTRATERM;2026-03-01;836,94
CONSTRUTORA;CONSTR NORTE;31 - CPVC ULTRATERM;2026-06-01;33,77
CONSTRUTORA;CONSTR NORTE;31 - CPVC ULTRATERM;2026-07-01;42,35
CONSTRUTORA;CONSTR NORTE;31 - CPVC ULTRATERM;2026-08-01;663,30
CONSTRUTORA;CONSTR SAO PAULO;00 - TUBOS PVC KRONA;2022-01-01;26021,68
CONSTRUTORA;CONSTR SAO PAULO;00 - TUBOS PVC KRONA;2022-02-01;44494,67
CONSTRUTORA;CONSTR SAO PAULO;00 - TUBOS PVC KRONA;2022-03-01;75070,84
CONSTRUTORA;CONSTR SAO PAULO;00 - TUBOS PVC KRONA;2022-04-01;53632,65
CONSTRUTORA;CONSTR SAO PAULO;00 - TUBOS PVC KRONA;2022-05-01;65985,70
CONSTRUTORA;CONSTR SAO PAULO;00 - TUBOS PVC KRONA;2022-06-01;46873,87
CONSTRUTORA;CONSTR SAO PAULO;00 - TUBOS PVC KRONA;2022-07-01;62242,31
CONSTRUTORA;CONSTR SAO PAULO;00 - TUBOS PVC KRONA;2022-08-01;64749,43
CONSTRUTORA;CONSTR SAO PAULO;00 - TUBOS PVC KRONA;2022-09-01;58016,95
CONSTRUTORA;CONSTR SAO PAULO;00 - TUBOS PVC KRONA;2022-10-01;82693,42
CONSTRUTORA;CONSTR SAO PAULO;00 - TUBOS PVC KRONA;2022-11-01;45140,75
CONSTRUTORA;CONSTR SAO PAULO;00 - TUBOS PVC KRONA;2022-12-01;51447,50
CONSTRUTORA;CONSTR SAO PAULO;00 - TUBOS PVC KRONA;2023-01-01;32693,55
CONSTRUTORA;CONSTR SAO PAULO;00 - TUBOS PVC KRONA;2023-02-01;60117,40
CONSTRUTORA;CONSTR SAO PAULO;00 - TUBOS PVC KRONA;2023-03-01;78854,15
CONSTRUTORA;CONSTR SAO PAULO;00 - TUBOS PVC KRONA;2023-04-01;85842,56
CONSTRUTORA;CONSTR SAO PAULO;00 - TUBOS PVC KRONA;2023-05-01;56055,67
CONSTRUTORA;CONSTR SAO PAULO;00 - TUBOS PVC KRONA;2023-06-01;95531,76
CONSTRUTORA;CONSTR SAO PAULO;00 - TUBOS PVC KRONA;2023-07-01;56211,72
CONSTRUTORA;CONSTR SAO PAULO;00 - TUBOS PVC KRONA;2023-08-01;128052,67
CONSTRUTORA;CONSTR SAO PAULO;00 - TUBOS PVC KRONA;2023-09-01;90737,69
CONSTRUTORA;CONSTR SAO PAULO;00 - TUBOS PVC KRONA;2023-10-01;130678,76
CONSTRUTORA;CONSTR SAO PAULO;00 - TUBOS PVC KRONA;2023-11-01;68923,95
CONSTRUTORA;CONSTR SAO PAULO;00 - TUBOS PVC KRONA;2023-12-01;71982,84
CONSTRUTORA;CONSTR SAO PAULO;00 - TUBOS PVC KRONA;2024-01-01;66097,07
CONSTRUTORA;CONSTR SAO PAULO;00 - TUBOS PVC KRONA;2024-02-01;61749,85
CONSTRUTORA;CONSTR SAO PAULO;00 - TUBOS PVC KRONA;2024-03-01;113020,80
CONSTRUTORA;CONSTR SAO PAULO;00 - TUBOS PVC KRONA;2024-04-01;119293,40
CONSTRUTORA;CONSTR SAO PAULO;00 - TUBOS PVC KRONA;2024-05-01;133493,94
CONSTRUTORA;CONSTR SAO PAULO;00 - TUBOS PVC KRONA;2024-06-01;175405,78
CONSTRUTORA;CONSTR SAO PAULO;00 - TUBOS PVC KRONA;2024-07-01;158112,34
CONSTRUTORA;CONSTR SAO PAULO;00 - TUBOS PVC KRONA;2024-08-01;176580,67
CONSTRUTORA;CONSTR SAO PAULO;00 - TUBOS PVC KRONA;2024-09-01;126143,19
CONSTRUTORA;CONSTR SAO PAULO;00 - TUBOS PVC KRONA;2024-10-01;139289,38
CONSTRUTORA;CONSTR SAO PAULO;00 - TUBOS PVC KRONA;2024-11-01;94586,44
CONSTRUTORA;CONSTR SAO PAULO;00 - TUBOS PVC KRONA;2024-12-01;163004,86
CONSTRUTORA;CONSTR SAO PAULO;00 - TUBOS PVC KRONA;2025-01-01;81765,64
CONSTRUTORA;CONSTR SAO PAULO;00 - TUBOS PVC KRONA;2025-02-01;159235,69
CONSTRUTORA;CONSTR SAO PAULO;00 - TUBOS PVC KRONA;2025-03-01;109644,10
CONSTRUTORA;CONSTR SAO PAULO;00 - TUBOS PVC KRONA;2025-04-01;102602,28
CONSTRUTORA;CONSTR SAO PAULO;00 - TUBOS PVC KRONA;2025-05-01;112463,89
CONSTRUTORA;CONSTR SAO PAULO;00 - TUBOS PVC KRONA;2025-06-01;193107,95
CONSTRUTORA;CONSTR SAO PAULO;00 - TUBOS PVC KRONA;2025-07-01;144646,25
CONSTRUTORA;CONSTR SAO PAULO;00 - TUBOS PVC KRONA;2025-08-01;166766,38
CONSTRUTORA;CONSTR SAO PAULO;00 - TUBOS PVC KRONA;2025-09-01;100529,50
CONSTRUTORA;CONSTR SAO PAULO;00 - TUBOS PVC KRONA;2025-10-01;114608,20
CONSTRUTORA;CONSTR SAO PAULO;00 - TUBOS PVC KRONA;2025-11-01;108648,42
CONSTRUTORA;CONSTR SAO PAULO;00 - TUBOS PVC KRONA;2025-12-01;150142,07
CONSTRUTORA;CONSTR SAO PAULO;00 - TUBOS PVC KRONA;2026-01-01;70998,21
CONSTRUTORA;CONSTR SAO PAULO;00 - TUBOS PVC KRONA;2026-02-01;173773,42
CONSTRUTORA;CONSTR SAO PAULO;00 - TUBOS PVC KRONA;2026-03-01;126374,06
CONSTRUTORA;CONSTR SAO PAULO;00 - TUBOS PVC KRONA;2026-04-01;174776,00
CONSTRUTORA;CONSTR SAO PAULO;00 - TUBOS PVC KRONA;2026-05-01;161528,45
CONSTRUTORA;CONSTR SAO PAULO;00 - TUBOS PVC KRONA;2026-06-01;139648,66
CONSTRUTORA;CONSTR SAO PAULO;00 - TUBOS PVC KRONA;2026-07-01;92025,82
CONSTRUTORA;CONSTR SAO PAULO;00 - TUBOS PVC KRONA;2026-08-01;138968,16
CONSTRUTORA;CONSTR SAO PAULO;01 - TUBOS ELETRODUTOS KRONA;2022-02-01;88,50
CONSTRUTORA;CONSTR SAO PAULO;01 - TUBOS ELETRODUTOS KRONA;2022-03-01;169,61
CONSTRUTORA;CONSTR SAO PAULO;01 - TUBOS ELETRODUTOS KRONA;2022-04-01;295,56
CONSTRUTORA;CONSTR SAO PAULO;01 - TUBOS ELETRODUTOS KRONA;2022-06-01;202,75
CONSTRUTORA;CONSTR SAO PAULO;01 - TUBOS ELETRODUTOS KRONA;2022-08-01;491,18
CONSTRUTORA;CONSTR SAO PAULO;01 - TUBOS ELETRODUTOS KRONA;2022-09-01;1209,60
CONSTRUTORA;CONSTR SAO PAULO;01 - TUBOS ELETRODUTOS KRONA;2022-10-01;2010,25
CONSTRUTORA;CONSTR SAO PAULO;01 - TUBOS ELETRODUTOS KRONA;2022-11-01;572,75
CONSTRUTORA;CONSTR SAO PAULO;01 - TUBOS ELETRODUTOS KRONA;2022-12-01;968,25
CONSTRUTORA;CONSTR SAO PAULO;01 - TUBOS ELETRODUTOS KRONA;2023-01-01;1185,50
CONSTRUTORA;CONSTR SAO PAULO;01 - TUBOS ELETRODUTOS KRONA;2023-02-01;3142,44
CONSTRUTORA;CONSTR SAO PAULO;01 - TUBOS ELETRODUTOS KRONA;2023-03-01;1226,65
CONSTRUTORA;CONSTR SAO PAULO;01 - TUBOS ELETRODUTOS KRONA;2023-04-01;1904,00
CONSTRUTORA;CONSTR SAO PAULO;01 - TUBOS ELETRODUTOS KRONA;2023-05-01;716,50
CONSTRUTORA;CONSTR SAO PAULO;01 - TUBOS ELETRODUTOS KRONA;2023-06-01;4765,53
CONSTRUTORA;CONSTR SAO PAULO;01 - TUBOS ELETRODUTOS KRONA;2023-07-01;610,75
CONSTRUTORA;CONSTR SAO PAULO;01 - TUBOS ELETRODUTOS KRONA;2023-08-01;1471,50
CONSTRUTORA;CONSTR SAO PAULO;01 - TUBOS ELETRODUTOS KRONA;2023-09-01;2724,83
CONSTRUTORA;CONSTR SAO PAULO;01 - TUBOS ELETRODUTOS KRONA;2023-10-01;884,38
CONSTRUTORA;CONSTR SAO PAULO;01 - TUBOS ELETRODUTOS KRONA;2023-11-01;351,50
CONSTRUTORA;CONSTR SAO PAULO;01 - TUBOS ELETRODUTOS KRONA;2023-12-01;673,09
CONSTRUTORA;CONSTR SAO PAULO;01 - TUBOS ELETRODUTOS KRONA;2024-02-01;1852,26
CONSTRUTORA;CONSTR SAO PAULO;01 - TUBOS ELETRODUTOS KRONA;2024-03-01;244,30
CONSTRUTORA;CONSTR SAO PAULO;01 - TUBOS ELETRODUTOS KRONA;2024-04-01;712,94
CONSTRUTORA;CONSTR SAO PAULO;01 - TUBOS ELETRODUTOS KRONA;2024-05-01;462,95
CONSTRUTORA;CONSTR SAO PAULO;01 - TUBOS ELETRODUTOS KRONA;2024-06-01;951,64
CONSTRUTORA;CONSTR SAO PAULO;01 - TUBOS ELETRODUTOS KRONA;2024-07-01;12,20
CONSTRUTORA;CONSTR SAO PAULO;01 - TUBOS ELETRODUTOS KRONA;2024-08-01;1129,93
CONSTRUTORA;CONSTR SAO PAULO;01 - TUBOS ELETRODUTOS KRONA;2024-09-01;281,18
CONSTRUTORA;CONSTR SAO PAULO;01 - TUBOS ELETRODUTOS KRONA;2024-10-01;1637,89
CONSTRUTORA;CONSTR SAO PAULO;01 - TUBOS ELETRODUTOS KRONA;2024-11-01;1595,09
CONSTRUTORA;CONSTR SAO PAULO;01 - TUBOS ELETRODUTOS KRONA;2024-12-01;800,07
CONSTRUTORA;CONSTR SAO PAULO;01 - TUBOS ELETRODUTOS KRONA;2025-02-01;486,97
CONSTRUTORA;CONSTR SAO PAULO;01 - TUBOS ELETRODUTOS KRONA;2025-04-01;663,15
CONSTRUTORA;CONSTR SAO PAULO;01 - TUBOS ELETRODUTOS KRONA;2025-05-01;284,05
CONSTRUTORA;CONSTR SAO PAULO;01 - TUBOS ELETRODUTOS KRONA;2025-06-01;287,50
CONSTRUTORA;CONSTR SAO PAULO;01 - TUBOS ELETRODUTOS KRONA;2025-07-01;731,07
CONSTRUTORA;CONSTR SAO PAULO;01 - TUBOS ELETRODUTOS KRONA;2025-08-01;982,18
CONSTRUTORA;CONSTR SAO PAULO;01 - TUBOS ELETRODUTOS KRONA;2025-09-01;1181,33
CONSTRUTORA;CONSTR SAO PAULO;01 - TUBOS ELETRODUTOS KRONA;2025-10-01;3795,98
CONSTRUTORA;CONSTR SAO PAULO;01 - TUBOS ELETRODUTOS KRONA;2025-11-01;5188,35
CONSTRUTORA;CONSTR SAO PAULO;01 - TUBOS ELETRODUTOS KRONA;2025-12-01;652,62
CONSTRUTORA;CONSTR SAO PAULO;01 - TUBOS ELETRODUTOS KRONA;2026-01-01;2931,15
CONSTRUTORA;CONSTR SAO PAULO;01 - TUBOS ELETRODUTOS KRONA;2026-02-01;1698,16
CONSTRUTORA;CONSTR SAO PAULO;01 - TUBOS ELETRODUTOS KRONA;2026-03-01;968,55
CONSTRUTORA;CONSTR SAO PAULO;01 - TUBOS ELETRODUTOS KRONA;2026-04-01;1356,83
CONSTRUTORA;CONSTR SAO PAULO;01 - TUBOS ELETRODUTOS KRONA;2026-05-01;937,41
CONSTRUTORA;CONSTR SAO PAULO;01 - TUBOS ELETRODUTOS KRONA;2026-06-01;821,82
CONSTRUTORA;CONSTR SAO PAULO;01 - TUBOS ELETRODUTOS KRONA;2026-07-01;286,73
CONSTRUTORA;CONSTR SAO PAULO;01 - TUBOS ELETRODUTOS KRONA;2026-08-01;953,75
CONSTRUTORA;CONSTR SAO PAULO;02 - CONEXOES KRONA;2022-01-01;5751,69
CONSTRUTORA;CONSTR SAO PAULO;02 - CONEXOES KRONA;2022-02-01;8972,54
CONSTRUTORA;CONSTR SAO PAULO;02 - CONEXOES KRONA;2022-03-01;15866,45
CONSTRUTORA;CONSTR SAO PAULO;02 - CONEXOES KRONA;2022-04-01;10216,75
CONSTRUTORA;CONSTR SAO PAULO;02 - CONEXOES KRONA;2022-05-01;11173,92
CONSTRUTORA;CONSTR SAO PAULO;02 - CONEXOES KRONA;2022-06-01;11026,05
CONSTRUTORA;CONSTR SAO PAULO;02 - CONEXOES KRONA;2022-07-01;10237,27
CONSTRUTORA;CONSTR SAO PAULO;02 - CONEXOES KRONA;2022-08-01;12951,88
CONSTRUTORA;CONSTR SAO PAULO;02 - CONEXOES KRONA;2022-09-01;15433,50
CONSTRUTORA;CONSTR SAO PAULO;02 - CONEXOES KRONA;2022-10-01;15788,07
CONSTRUTORA;CONSTR SAO PAULO;02 - CONEXOES KRONA;2022-11-01;10950,10
CONSTRUTORA;CONSTR SAO PAULO;02 - CONEXOES KRONA;2022-12-01;14054,70
CONSTRUTORA;CONSTR SAO PAULO;02 - CONEXOES KRONA;2023-01-01;8667,64
CONSTRUTORA;CONSTR SAO PAULO;02 - CONEXOES KRONA;2023-02-01;12663,46
CONSTRUTORA;CONSTR SAO PAULO;02 - CONEXOES KRONA;2023-03-01;18350,32
CONSTRUTORA;CONSTR SAO PAULO;02 - CONEXOES KRONA;2023-04-01;20527,12
CONSTRUTORA;CONSTR SAO PAULO;02 - CONEXOES KRONA;2023-05-01;12634,83
CONSTRUTORA;CONSTR SAO PAULO;02 - CONEXOES KRONA;2023-06-01;17573,92
CONSTRUTORA;CONSTR SAO PAULO;02 - CONEXOES KRONA;2023-07-01;13653,53
CONSTRUTORA;CONSTR SAO PAULO;02 - CONEXOES KRONA;2023-08-01;25367,96
CONSTRUTORA;CONSTR SAO PAULO;02 - CONEXOES KRONA;2023-09-01;20952,71
CONSTRUTORA;CONSTR SAO PAULO;02 - CONEXOES KRONA;2023-10-01;22951,83
CONSTRUTORA;CONSTR SAO PAULO;02 - CONEXOES KRONA;2023-11-01;14234,64
CONSTRUTORA;CONSTR SAO PAULO;02 - CONEXOES KRONA;2023-12-01;13443,87
CONSTRUTORA;CONSTR SAO PAULO;02 - CONEXOES KRONA;2024-01-01;12971,11
CONSTRUTORA;CONSTR SAO PAULO;02 - CONEXOES KRONA;2024-02-01;12466,01
CONSTRUTORA;CONSTR SAO PAULO;02 - CONEXOES KRONA;2024-03-01;22108,67
CONSTRUTORA;CONSTR SAO PAULO;02 - CONEXOES KRONA;2024-04-01;23910,16
CONSTRUTORA;CONSTR SAO PAULO;02 - CONEXOES KRONA;2024-05-01;26187,38
CONSTRUTORA;CONSTR SAO PAULO;02 - CONEXOES KRONA;2024-06-01;33783,63
CONSTRUTORA;CONSTR SAO PAULO;02 - CONEXOES KRONA;2024-07-01;33672,94
CONSTRUTORA;CONSTR SAO PAULO;02 - CONEXOES KRONA;2024-08-01;34423,82
CONSTRUTORA;CONSTR SAO PAULO;02 - CONEXOES KRONA;2024-09-01;27644,34
CONSTRUTORA;CONSTR SAO PAULO;02 - CONEXOES KRONA;2024-10-01;27178,07
CONSTRUTORA;CONSTR SAO PAULO;02 - CONEXOES KRONA;2024-11-01;20502,90
CONSTRUTORA;CONSTR SAO PAULO;02 - CONEXOES KRONA;2024-12-01;32576,47
CONSTRUTORA;CONSTR SAO PAULO;02 - CONEXOES KRONA;2025-01-01;15812,33
CONSTRUTORA;CONSTR SAO PAULO;02 - CONEXOES KRONA;2025-02-01;35120,97
CONSTRUTORA;CONSTR SAO PAULO;02 - CONEXOES KRONA;2025-03-01;24256,93
CONSTRUTORA;CONSTR SAO PAULO;02 - CONEXOES KRONA;2025-04-01;21674,64
CONSTRUTORA;CONSTR SAO PAULO;02 - CONEXOES KRONA;2025-05-01;23078,90
CONSTRUTORA;CONSTR SAO PAULO;02 - CONEXOES KRONA;2025-06-01;43578,98
CONSTRUTORA;CONSTR SAO PAULO;02 - CONEXOES KRONA;2025-07-01;25705,72
CONSTRUTORA;CONSTR SAO PAULO;02 - CONEXOES KRONA;2025-08-01;37111,76
CONSTRUTORA;CONSTR SAO PAULO;02 - CONEXOES KRONA;2025-09-01;18469,66
CONSTRUTORA;CONSTR SAO PAULO;02 - CONEXOES KRONA;2025-10-01;24174,95
CONSTRUTORA;CONSTR SAO PAULO;02 - CONEXOES KRONA;2025-11-01;24925,32
CONSTRUTORA;CONSTR SAO PAULO;02 - CONEXOES KRONA;2025-12-01;30788,70
CONSTRUTORA;CONSTR SAO PAULO;02 - CONEXOES KRONA;2026-01-01;15317,62
CONSTRUTORA;CONSTR SAO PAULO;02 - CONEXOES KRONA;2026-02-01;34925,97
CONSTRUTORA;CONSTR SAO PAULO;02 - CONEXOES KRONA;2026-03-01;32323,94
CONSTRUTORA;CONSTR SAO PAULO;02 - CONEXOES KRONA;2026-04-01;35529,26
CONSTRUTORA;CONSTR SAO PAULO;02 - CONEXOES KRONA;2026-05-01;28964,57
CONSTRUTORA;CONSTR SAO PAULO;02 - CONEXOES KRONA;2026-06-01;26566,14
CONSTRUTORA;CONSTR SAO PAULO;02 - CONEXOES KRONA;2026-07-01;17184,35
CONSTRUTORA;CONSTR SAO PAULO;02 - CONEXOES KRONA;2026-08-01;28051,13
CONSTRUTORA;CONSTR SAO PAULO;03 - ACESSORIOS KRONA;2022-01-01;435,46
CONSTRUTORA;CONSTR SAO PAULO;03 - ACESSORIOS KRONA;2022-02-01;211,29
CONSTRUTORA;CONSTR SAO PAULO;03 - ACESSORIOS KRONA;2022-03-01;360,54
CONSTRUTORA;CONSTR SAO PAULO;03 - ACESSORIOS KRONA;2022-04-01;326,15
CONSTRUTORA;CONSTR SAO PAULO;03 - ACESSORIOS KRONA;2022-05-01;677,28
CONSTRUTORA;CONSTR SAO PAULO;03 - ACESSORIOS KRONA;2022-06-01;483,23
CONSTRUTORA;CONSTR SAO PAULO;03 - ACESSORIOS KRONA;2022-07-01;266,48
CONSTRUTORA;CONSTR SAO PAULO;03 - ACESSORIOS KRONA;2022-08-01;624,75
CONSTRUTORA;CONSTR SAO PAULO;03 - ACESSORIOS KRONA;2022-09-01;262,63
CONSTRUTORA;CONSTR SAO PAULO;03 - ACESSORIOS KRONA;2022-10-01;898,50
CONSTRUTORA;CONSTR SAO PAULO;03 - ACESSORIOS KRONA;2022-11-01;616,05
CONSTRUTORA;CONSTR SAO PAULO;03 - ACESSORIOS KRONA;2022-12-01;207,03
CONSTRUTORA;CONSTR SAO PAULO;03 - ACESSORIOS KRONA;2023-01-01;95,75
CONSTRUTORA;CONSTR SAO PAULO;03 - ACESSORIOS KRONA;2023-02-01;605,61
CONSTRUTORA;CONSTR SAO PAULO;03 - ACESSORIOS KRONA;2023-03-01;599,53
CONSTRUTORA;CONSTR SAO PAULO;03 - ACESSORIOS KRONA;2023-04-01;164,24
CONSTRUTORA;CONSTR SAO PAULO;03 - ACESSORIOS KRONA;2023-05-01;383,57
CONSTRUTORA;CONSTR SAO PAULO;03 - ACESSORIOS KRONA;2023-06-01;307,49
CONSTRUTORA;CONSTR SAO PAULO;03 - ACESSORIOS KRONA;2023-07-01;252,62
CONSTRUTORA;CONSTR SAO PAULO;03 - ACESSORIOS KRONA;2023-08-01;346,53
CONSTRUTORA;CONSTR SAO PAULO;03 - ACESSORIOS KRONA;2023-09-01;583,43
CONSTRUTORA;CONSTR SAO PAULO;03 - ACESSORIOS KRONA;2023-10-01;250,86
CONSTRUTORA;CONSTR SAO PAULO;03 - ACESSORIOS KRONA;2023-11-01;95,61
CONSTRUTORA;CONSTR SAO PAULO;03 - ACESSORIOS KRONA;2023-12-01;423,46
CONSTRUTORA;CONSTR SAO PAULO;03 - ACESSORIOS KRONA;2024-01-01;194,20
CONSTRUTORA;CONSTR SAO PAULO;03 - ACESSORIOS KRONA;2024-02-01;466,19
CONSTRUTORA;CONSTR SAO PAULO;03 - ACESSORIOS KRONA;2024-03-01;780,47
CONSTRUTORA;CONSTR SAO PAULO;03 - ACESSORIOS KRONA;2024-04-01;549,71
CONSTRUTORA;CONSTR SAO PAULO;03 - ACESSORIOS KRONA;2024-05-01;576,96
CONSTRUTORA;CONSTR SAO PAULO;03 - ACESSORIOS KRONA;2024-06-01;1313,41
CONSTRUTORA;CONSTR SAO PAULO;03 - ACESSORIOS KRONA;2024-07-01;145,22
CONSTRUTORA;CONSTR SAO PAULO;03 - ACESSORIOS KRONA;2024-08-01;330,91
CONSTRUTORA;CONSTR SAO PAULO;03 - ACESSORIOS KRONA;2024-09-01;218,13
CONSTRUTORA;CONSTR SAO PAULO;03 - ACESSORIOS KRONA;2024-10-01;503,80
CONSTRUTORA;CONSTR SAO PAULO;03 - ACESSORIOS KRONA;2024-11-01;60,52
CONSTRUTORA;CONSTR SAO PAULO;03 - ACESSORIOS KRONA;2024-12-01;87,36
CONSTRUTORA;CONSTR SAO PAULO;03 - ACESSORIOS KRONA;2025-01-01;82,58
CONSTRUTORA;CONSTR SAO PAULO;03 - ACESSORIOS KRONA;2025-02-01;147,44
CONSTRUTORA;CONSTR SAO PAULO;03 - ACESSORIOS KRONA;2025-03-01;219,90
CONSTRUTORA;CONSTR SAO PAULO;03 - ACESSORIOS KRONA;2025-04-01;151,94
CONSTRUTORA;CONSTR SAO PAULO;03 - ACESSORIOS KRONA;2025-05-01;1117,89
CONSTRUTORA;CONSTR SAO PAULO;03 - ACESSORIOS KRONA;2025-06-01;776,26
CONSTRUTORA;CONSTR SAO PAULO;03 - ACESSORIOS KRONA;2025-07-01;753,20
CONSTRUTORA;CONSTR SAO PAULO;03 - ACESSORIOS KRONA;2025-08-01;212,37
CONSTRUTORA;CONSTR SAO PAULO;03 - ACESSORIOS KRONA;2025-09-01;337,55
CONSTRUTORA;CONSTR SAO PAULO;03 - ACESSORIOS KRONA;2025-10-01;265,38
CONSTRUTORA;CONSTR SAO PAULO;03 - ACESSORIOS KRONA;2025-11-01;734,32
CONSTRUTORA;CONSTR SAO PAULO;03 - ACESSORIOS KRONA;2025-12-01;246,32
CONSTRUTORA;CONSTR SAO PAULO;03 - ACESSORIOS KRONA;2026-01-01;196,71
CONSTRUTORA;CONSTR SAO PAULO;03 - ACESSORIOS KRONA;2026-02-01;443,27
CONSTRUTORA;CONSTR SAO PAULO;03 - ACESSORIOS KRONA;2026-03-01;242,64
CONSTRUTORA;CONSTR SAO PAULO;03 - ACESSORIOS KRONA;2026-04-01;213,68
CONSTRUTORA;CONSTR SAO PAULO;03 - ACESSORIOS KRONA;2026-05-01;504,47
CONSTRUTORA;CONSTR SAO PAULO;03 - ACESSORIOS KRONA;2026-06-01;1728,46
CONSTRUTORA;CONSTR SAO PAULO;03 - ACESSORIOS KRONA;2026-07-01;448,39
CONSTRUTORA;CONSTR SAO PAULO;03 - ACESSORIOS KRONA;2026-08-01;738,79
CONSTRUTORA;CONSTR SAO PAULO;04 - PRODUTOS REVENDA;2022-01-01;849,22
CONSTRUTORA;CONSTR SAO PAULO;04 - PRODUTOS REVENDA;2022-02-01;730,98
CONSTRUTORA;CONSTR SAO PAULO;04 - PRODUTOS REVENDA;2022-03-01;1593,20
CONSTRUTORA;CONSTR SAO PAULO;04 - PRODUTOS REVENDA;2022-04-01;1389,93
CONSTRUTORA;CONSTR SAO PAULO;04 - PRODUTOS REVENDA;2022-05-01;1016,59
CONSTRUTORA;CONSTR SAO PAULO;04 - PRODUTOS REVENDA;2022-06-01;1699,49
CONSTRUTORA;CONSTR SAO PAULO;04 - PRODUTOS REVENDA;2022-07-01;1350,61
CONSTRUTORA;CONSTR SAO PAULO;04 - PRODUTOS REVENDA;2022-08-01;1220,99
CONSTRUTORA;CONSTR SAO PAULO;04 - PRODUTOS REVENDA;2022-09-01;1122,17
CONSTRUTORA;CONSTR SAO PAULO;04 - PRODUTOS REVENDA;2022-10-01;1998,20
CONSTRUTORA;CONSTR SAO PAULO;04 - PRODUTOS REVENDA;2022-11-01;1325,06
CONSTRUTORA;CONSTR SAO PAULO;04 - PRODUTOS REVENDA;2022-12-01;1279,73
CONSTRUTORA;CONSTR SAO PAULO;04 - PRODUTOS REVENDA;2023-01-01;1004,64
CONSTRUTORA;CONSTR SAO PAULO;04 - PRODUTOS REVENDA;2023-02-01;1449,48
CONSTRUTORA;CONSTR SAO PAULO;04 - PRODUTOS REVENDA;2023-03-01;2245,29
CONSTRUTORA;CONSTR SAO PAULO;04 - PRODUTOS REVENDA;2023-04-01;1997,23
CONSTRUTORA;CONSTR SAO PAULO;04 - PRODUTOS REVENDA;2023-05-01;1526,16
CONSTRUTORA;CONSTR SAO PAULO;04 - PRODUTOS REVENDA;2023-06-01;1685,95
CONSTRUTORA;CONSTR SAO PAULO;04 - PRODUTOS REVENDA;2023-07-01;1209,40
CONSTRUTORA;CONSTR SAO PAULO;04 - PRODUTOS REVENDA;2023-08-01;3584,86
CONSTRUTORA;CONSTR SAO PAULO;04 - PRODUTOS REVENDA;2023-09-01;2521,34
CONSTRUTORA;CONSTR SAO PAULO;04 - PRODUTOS REVENDA;2023-10-01;3103,60
CONSTRUTORA;CONSTR SAO PAULO;04 - PRODUTOS REVENDA;2023-11-01;1501,31
CONSTRUTORA;CONSTR SAO PAULO;04 - PRODUTOS REVENDA;2023-12-01;1902,92
CONSTRUTORA;CONSTR SAO PAULO;04 - PRODUTOS REVENDA;2024-01-01;2201,48
CONSTRUTORA;CONSTR SAO PAULO;04 - PRODUTOS REVENDA;2024-02-01;2262,65
CONSTRUTORA;CONSTR SAO PAULO;04 - PRODUTOS REVENDA;2024-03-01;3003,30
CONSTRUTORA;CONSTR SAO PAULO;04 - PRODUTOS REVENDA;2024-04-01;3259,23
CONSTRUTORA;CONSTR SAO PAULO;04 - PRODUTOS REVENDA;2024-05-01;2913,21
CONSTRUTORA;CONSTR SAO PAULO;04 - PRODUTOS REVENDA;2024-06-01;4857,11
CONSTRUTORA;CONSTR SAO PAULO;04 - PRODUTOS REVENDA;2024-07-01;4381,38
CONSTRUTORA;CONSTR SAO PAULO;04 - PRODUTOS REVENDA;2024-08-01;3643,93
CONSTRUTORA;CONSTR SAO PAULO;04 - PRODUTOS REVENDA;2024-09-01;4969,84
CONSTRUTORA;CONSTR SAO PAULO;04 - PRODUTOS REVENDA;2024-10-01;3340,76
CONSTRUTORA;CONSTR SAO PAULO;04 - PRODUTOS REVENDA;2024-11-01;2955,68
CONSTRUTORA;CONSTR SAO PAULO;04 - PRODUTOS REVENDA;2024-12-01;3268,39
CONSTRUTORA;CONSTR SAO PAULO;04 - PRODUTOS REVENDA;2025-01-01;2332,49
CONSTRUTORA;CONSTR SAO PAULO;04 - PRODUTOS REVENDA;2025-02-01;5309,95
CONSTRUTORA;CONSTR SAO PAULO;04 - PRODUTOS REVENDA;2025-03-01;3492,95
CONSTRUTORA;CONSTR SAO PAULO;04 - PRODUTOS REVENDA;2025-04-01;2194,39
CONSTRUTORA;CONSTR SAO PAULO;04 - PRODUTOS REVENDA;2025-05-01;3276,23
CONSTRUTORA;CONSTR SAO PAULO;04 - PRODUTOS REVENDA;2025-06-01;5330,11
CONSTRUTORA;CONSTR SAO PAULO;04 - PRODUTOS REVENDA;2025-07-01;3998,81
CONSTRUTORA;CONSTR SAO PAULO;04 - PRODUTOS REVENDA;2025-08-01;5334,16
CONSTRUTORA;CONSTR SAO PAULO;04 - PRODUTOS REVENDA;2025-09-01;3016,83
CONSTRUTORA;CONSTR SAO PAULO;04 - PRODUTOS REVENDA;2025-10-01;3666,47
CONSTRUTORA;CONSTR SAO PAULO;04 - PRODUTOS REVENDA;2025-11-01;3546,12
CONSTRUTORA;CONSTR SAO PAULO;04 - PRODUTOS REVENDA;2025-12-01;3877,95
CONSTRUTORA;CONSTR SAO PAULO;04 - PRODUTOS REVENDA;2026-01-01;2597,78
CONSTRUTORA;CONSTR SAO PAULO;04 - PRODUTOS REVENDA;2026-02-01;5555,41
CONSTRUTORA;CONSTR SAO PAULO;04 - PRODUTOS REVENDA;2026-03-01;4026,88
CONSTRUTORA;CONSTR SAO PAULO;04 - PRODUTOS REVENDA;2026-04-01;5648,53
CONSTRUTORA;CONSTR SAO PAULO;04 - PRODUTOS REVENDA;2026-05-01;4687,39
CONSTRUTORA;CONSTR SAO PAULO;04 - PRODUTOS REVENDA;2026-06-01;4909,01
CONSTRUTORA;CONSTR SAO PAULO;04 - PRODUTOS REVENDA;2026-07-01;3515,91
CONSTRUTORA;CONSTR SAO PAULO;04 - PRODUTOS REVENDA;2026-08-01;4675,35
CONSTRUTORA;CONSTR SAO PAULO;29 - PPR;2022-02-01;110,71
CONSTRUTORA;CONSTR SAO PAULO;29 - PPR;2022-03-01;25,35
CONSTRUTORA;CONSTR SAO PAULO;29 - PPR;2022-04-01;154,42
CONSTRUTORA;CONSTR SAO PAULO;29 - PPR;2022-05-01;51,32
CONSTRUTORA;CONSTR SAO PAULO;29 - PPR;2022-06-01;44,54
CONSTRUTORA;CONSTR SAO PAULO;29 - PPR;2022-07-01;200,14
CONSTRUTORA;CONSTR SAO PAULO;29 - PPR;2022-08-01;86,57
CONSTRUTORA;CONSTR SAO PAULO;29 - PPR;2022-09-01;474,04
CONSTRUTORA;CONSTR SAO PAULO;29 - PPR;2022-10-01;27,41
CONSTRUTORA;CONSTR SAO PAULO;29 - PPR;2022-12-01;14,24
CONSTRUTORA;CONSTR SAO PAULO;29 - PPR;2023-03-01;1345,69
CONSTRUTORA;CONSTR SAO PAULO;29 - PPR;2023-04-01;5,14
CONSTRUTORA;CONSTR SAO PAULO;29 - PPR;2023-05-01;511,44
CONSTRUTORA;CONSTR SAO PAULO;29 - PPR;2023-06-01;38,55
CONSTRUTORA;CONSTR SAO PAULO;29 - PPR;2023-07-01;21,31
CONSTRUTORA;CONSTR SAO PAULO;29 - PPR;2023-08-01;74,01
CONSTRUTORA;CONSTR SAO PAULO;29 - PPR;2023-09-01;816,16
CONSTRUTORA;CONSTR SAO PAULO;29 - PPR;2023-10-01;134,16
CONSTRUTORA;CONSTR SAO PAULO;29 - PPR;2023-11-01;645,68
CONSTRUTORA;CONSTR SAO PAULO;29 - PPR;2023-12-01;633,67
CONSTRUTORA;CONSTR SAO PAULO;29 - PPR;2024-01-01;207,21
CONSTRUTORA;CONSTR SAO PAULO;29 - PPR;2024-02-01;174,62
CONSTRUTORA;CONSTR SAO PAULO;29 - PPR;2024-03-01;395,45
CONSTRUTORA;CONSTR SAO PAULO;29 - PPR;2024-04-01;39,45
CONSTRUTORA;CONSTR SAO PAULO;29 - PPR;2024-05-01;89,97
CONSTRUTORA;CONSTR SAO PAULO;29 - PPR;2024-06-01;128,75
CONSTRUTORA;CONSTR SAO PAULO;29 - PPR;2024-07-01;133,00
CONSTRUTORA;CONSTR SAO PAULO;29 - PPR;2024-08-01;169,98
CONSTRUTORA;CONSTR SAO PAULO;29 - PPR;2024-09-01;55,21
CONSTRUTORA;CONSTR SAO PAULO;29 - PPR;2024-10-01;128,77
CONSTRUTORA;CONSTR SAO PAULO;29 - PPR;2024-11-01;9,05
CONSTRUTORA;CONSTR SAO PAULO;29 - PPR;2024-12-01;633,57
CONSTRUTORA;CONSTR SAO PAULO;29 - PPR;2025-02-01;1,85
CONSTRUTORA;CONSTR SAO PAULO;29 - PPR;2025-03-01;13,90
CONSTRUTORA;CONSTR SAO PAULO;29 - PPR;2025-04-01;1,86
CONSTRUTORA;CONSTR SAO PAULO;29 - PPR;2025-05-01;35,28
CONSTRUTORA;CONSTR SAO PAULO;29 - PPR;2025-06-01;986,05
CONSTRUTORA;CONSTR SAO PAULO;29 - PPR;2025-07-01;0,75
CONSTRUTORA;CONSTR SAO PAULO;29 - PPR;2025-08-01;63,47
CONSTRUTORA;CONSTR SAO PAULO;29 - PPR;2025-10-01;5,62
CONSTRUTORA;CONSTR SAO PAULO;29 - PPR;2025-11-01;615,51
CONSTRUTORA;CONSTR SAO PAULO;29 - PPR;2025-12-01;623,09
CONSTRUTORA;CONSTR SAO PAULO;29 - PPR;2026-02-01;998,57
CONSTRUTORA;CONSTR SAO PAULO;29 - PPR;2026-03-01;274,99
CONSTRUTORA;CONSTR SAO PAULO;29 - PPR;2026-04-01;910,51
CONSTRUTORA;CONSTR SAO PAULO;29 - PPR;2026-05-01;6,05
CONSTRUTORA;CONSTR SAO PAULO;29 - PPR;2026-07-01;36,78
CONSTRUTORA;CONSTR SAO PAULO;29 - PPR;2026-08-01;428,20
CONSTRUTORA;CONSTR SAO PAULO;30 - ELETRODUTOS CORRUGADOS KRONA;2022-01-01;463,35
CONSTRUTORA;CONSTR SAO PAULO;30 - ELETRODUTOS CORRUGADOS KRONA;2022-02-01;1438,39
CONSTRUTORA;CONSTR SAO PAULO;30 - ELETRODUTOS CORRUGADOS KRONA;2022-03-01;1585,31
CONSTRUTORA;CONSTR SAO PAULO;30 - ELETRODUTOS CORRUGADOS KRONA;2022-04-01;5564,90
CONSTRUTORA;CONSTR SAO PAULO;30 - ELETRODUTOS CORRUGADOS KRONA;2022-05-01;1945,01
CONSTRUTORA;CONSTR SAO PAULO;30 - ELETRODUTOS CORRUGADOS KRONA;2022-06-01;9788,77
CONSTRUTORA;CONSTR SAO PAULO;30 - ELETRODUTOS CORRUGADOS KRONA;2022-07-01;5909,25
CONSTRUTORA;CONSTR SAO PAULO;30 - ELETRODUTOS CORRUGADOS KRONA;2022-08-01;9094,54
CONSTRUTORA;CONSTR SAO PAULO;30 - ELETRODUTOS CORRUGADOS KRONA;2022-09-01;7652,20
CONSTRUTORA;CONSTR SAO PAULO;30 - ELETRODUTOS CORRUGADOS KRONA;2022-10-01;9393,51
CONSTRUTORA;CONSTR SAO PAULO;30 - ELETRODUTOS CORRUGADOS KRONA;2022-11-01;3534,95
CONSTRUTORA;CONSTR SAO PAULO;30 - ELETRODUTOS CORRUGADOS KRONA;2022-12-01;9671,79
CONSTRUTORA;CONSTR SAO PAULO;30 - ELETRODUTOS CORRUGADOS KRONA;2023-01-01;7212,28
CONSTRUTORA;CONSTR SAO PAULO;30 - ELETRODUTOS CORRUGADOS KRONA;2023-02-01;12819,95
CONSTRUTORA;CONSTR SAO PAULO;30 - ELETRODUTOS CORRUGADOS KRONA;2023-03-01;12535,62
CONSTRUTORA;CONSTR SAO PAULO;30 - ELETRODUTOS CORRUGADOS KRONA;2023-04-01;13390,03
CONSTRUTORA;CONSTR SAO PAULO;30 - ELETRODUTOS CORRUGADOS KRONA;2023-05-01;15182,62
CONSTRUTORA;CONSTR SAO PAULO;30 - ELETRODUTOS CORRUGADOS KRONA;2023-06-01;15843,93
CONSTRUTORA;CONSTR SAO PAULO;30 - ELETRODUTOS CORRUGADOS KRONA;2023-07-01;16002,07
CONSTRUTORA;CONSTR SAO PAULO;30 - ELETRODUTOS CORRUGADOS KRONA;2023-08-01;20274,82
CONSTRUTORA;CONSTR SAO PAULO;30 - ELETRODUTOS CORRUGADOS KRONA;2023-09-01;19803,94
CONSTRUTORA;CONSTR SAO PAULO;30 - ELETRODUTOS CORRUGADOS KRONA;2023-10-01;23061,18
CONSTRUTORA;CONSTR SAO PAULO;30 - ELETRODUTOS CORRUGADOS KRONA;2023-11-01;8378,93
CONSTRUTORA;CONSTR SAO PAULO;30 - ELETRODUTOS CORRUGADOS KRONA;2023-12-01;13418,19
CONSTRUTORA;CONSTR SAO PAULO;30 - ELETRODUTOS CORRUGADOS KRONA;2024-01-01;13036,12
CONSTRUTORA;CONSTR SAO PAULO;30 - ELETRODUTOS CORRUGADOS KRONA;2024-02-01;24044,75
CONSTRUTORA;CONSTR SAO PAULO;30 - ELETRODUTOS CORRUGADOS KRONA;2024-03-01;25509,07
CONSTRUTORA;CONSTR SAO PAULO;30 - ELETRODUTOS CORRUGADOS KRONA;2024-04-01;26055,06
CONSTRUTORA;CONSTR SAO PAULO;30 - ELETRODUTOS CORRUGADOS KRONA;2024-05-01;22832,46
CONSTRUTORA;CONSTR SAO PAULO;30 - ELETRODUTOS CORRUGADOS KRONA;2024-06-01;32908,29
CONSTRUTORA;CONSTR SAO PAULO;30 - ELETRODUTOS CORRUGADOS KRONA;2024-07-01;26291,94
CONSTRUTORA;CONSTR SAO PAULO;30 - ELETRODUTOS CORRUGADOS KRONA;2024-08-01;38260,92
CONSTRUTORA;CONSTR SAO PAULO;30 - ELETRODUTOS CORRUGADOS KRONA;2024-09-01;20157,62
CONSTRUTORA;CONSTR SAO PAULO;30 - ELETRODUTOS CORRUGADOS KRONA;2024-10-01;35694,71
CONSTRUTORA;CONSTR SAO PAULO;30 - ELETRODUTOS CORRUGADOS KRONA;2024-11-01;15523,39
CONSTRUTORA;CONSTR SAO PAULO;30 - ELETRODUTOS CORRUGADOS KRONA;2024-12-01;23161,50
CONSTRUTORA;CONSTR SAO PAULO;30 - ELETRODUTOS CORRUGADOS KRONA;2025-01-01;12269,30
CONSTRUTORA;CONSTR SAO PAULO;30 - ELETRODUTOS CORRUGADOS KRONA;2025-02-01;39173,04
CONSTRUTORA;CONSTR SAO PAULO;30 - ELETRODUTOS CORRUGADOS KRONA;2025-03-01;23501,67
CONSTRUTORA;CONSTR SAO PAULO;30 - ELETRODUTOS CORRUGADOS KRONA;2025-04-01;35373,63
CONSTRUTORA;CONSTR SAO PAULO;30 - ELETRODUTOS CORRUGADOS KRONA;2025-05-01;23833,49
CONSTRUTORA;CONSTR SAO PAULO;30 - ELETRODUTOS CORRUGADOS KRONA;2025-06-01;52806,44
CONSTRUTORA;CONSTR SAO PAULO;30 - ELETRODUTOS CORRUGADOS KRONA;2025-07-01;30524,78
CONSTRUTORA;CONSTR SAO PAULO;30 - ELETRODUTOS CORRUGADOS KRONA;2025-08-01;58349,52
CONSTRUTORA;CONSTR SAO PAULO;30 - ELETRODUTOS CORRUGADOS KRONA;2025-09-01;24575,48
CONSTRUTORA;CONSTR SAO PAULO;30 - ELETRODUTOS CORRUGADOS KRONA;2025-10-01;31780,25
CONSTRUTORA;CONSTR SAO PAULO;30 - ELETRODUTOS CORRUGADOS KRONA;2025-11-01;42099,04
CONSTRUTORA;CONSTR SAO PAULO;30 - ELETRODUTOS CORRUGADOS KRONA;2025-12-01;39678,76
CONSTRUTORA;CONSTR SAO PAULO;30 - ELETRODUTOS CORRUGADOS KRONA;2026-01-01;10272,13
CONSTRUTORA;CONSTR SAO PAULO;30 - ELETRODUTOS CORRUGADOS KRONA;2026-02-01;39107,52
CONSTRUTORA;CONSTR SAO PAULO;30 - ELETRODUTOS CORRUGADOS KRONA;2026-03-01;46320,00
CONSTRUTORA;CONSTR SAO PAULO;30 - ELETRODUTOS CORRUGADOS KRONA;2026-04-01;26341,60
CONSTRUTORA;CONSTR SAO PAULO;30 - ELETRODUTOS CORRUGADOS KRONA;2026-05-01;35371,84
CONSTRUTORA;CONSTR SAO PAULO;30 - ELETRODUTOS CORRUGADOS KRONA;2026-06-01;25505,55
CONSTRUTORA;CONSTR SAO PAULO;30 - ELETRODUTOS CORRUGADOS KRONA;2026-07-01;26164,47
CONSTRUTORA;CONSTR SAO PAULO;30 - ELETRODUTOS CORRUGADOS KRONA;2026-08-01;71385,18
CONSTRUTORA;CONSTR SAO PAULO;31 - CPVC ULTRATERM;2022-01-01;338,34
CONSTRUTORA;CONSTR SAO PAULO;31 - CPVC ULTRATERM;2022-02-01;713,66
CONSTRUTORA;CONSTR SAO PAULO;31 - CPVC ULTRATERM;2022-03-01;995,23
CONSTRUTORA;CONSTR SAO PAULO;31 - CPVC ULTRATERM;2022-04-01;744,04
CONSTRUTORA;CONSTR SAO PAULO;31 - CPVC ULTRATERM;2022-05-01;1969,57
CONSTRUTORA;CONSTR SAO PAULO;31 - CPVC ULTRATERM;2022-06-01;698,58
CONSTRUTORA;CONSTR SAO PAULO;31 - CPVC ULTRATERM;2022-07-01;1255,25
CONSTRUTORA;CONSTR SAO PAULO;31 - CPVC ULTRATERM;2022-08-01;982,44
CONSTRUTORA;CONSTR SAO PAULO;31 - CPVC ULTRATERM;2022-09-01;704,27
CONSTRUTORA;CONSTR SAO PAULO;31 - CPVC ULTRATERM;2022-10-01;1040,11
CONSTRUTORA;CONSTR SAO PAULO;31 - CPVC ULTRATERM;2022-11-01;393,95
CONSTRUTORA;CONSTR SAO PAULO;31 - CPVC ULTRATERM;2022-12-01;683,99
CONSTRUTORA;CONSTR SAO PAULO;31 - CPVC ULTRATERM;2023-01-01;177,20
CONSTRUTORA;CONSTR SAO PAULO;31 - CPVC ULTRATERM;2023-02-01;606,32
CONSTRUTORA;CONSTR SAO PAULO;31 - CPVC ULTRATERM;2023-03-01;428,62
CONSTRUTORA;CONSTR SAO PAULO;31 - CPVC ULTRATERM;2023-04-01;1075,83
CONSTRUTORA;CONSTR SAO PAULO;31 - CPVC ULTRATERM;2023-05-01;148,82
CONSTRUTORA;CONSTR SAO PAULO;31 - CPVC ULTRATERM;2023-06-01;894,26
CONSTRUTORA;CONSTR SAO PAULO;31 - CPVC ULTRATERM;2023-07-01;377,74
CONSTRUTORA;CONSTR SAO PAULO;31 - CPVC ULTRATERM;2023-08-01;1142,00
CONSTRUTORA;CONSTR SAO PAULO;31 - CPVC ULTRATERM;2023-09-01;1310,21
CONSTRUTORA;CONSTR SAO PAULO;31 - CPVC ULTRATERM;2023-10-01;1372,42
CONSTRUTORA;CONSTR SAO PAULO;31 - CPVC ULTRATERM;2023-11-01;901,97
CONSTRUTORA;CONSTR SAO PAULO;31 - CPVC ULTRATERM;2023-12-01;465,34
CONSTRUTORA;CONSTR SAO PAULO;31 - CPVC ULTRATERM;2024-01-01;98,56
CONSTRUTORA;CONSTR SAO PAULO;31 - CPVC ULTRATERM;2024-02-01;722,82
CONSTRUTORA;CONSTR SAO PAULO;31 - CPVC ULTRATERM;2024-03-01;641,56
CONSTRUTORA;CONSTR SAO PAULO;31 - CPVC ULTRATERM;2024-04-01;1161,94
CONSTRUTORA;CONSTR SAO PAULO;31 - CPVC ULTRATERM;2024-05-01;657,31
CONSTRUTORA;CONSTR SAO PAULO;31 - CPVC ULTRATERM;2024-06-01;362,16
CONSTRUTORA;CONSTR SAO PAULO;31 - CPVC ULTRATERM;2024-07-01;312,48
CONSTRUTORA;CONSTR SAO PAULO;31 - CPVC ULTRATERM;2024-08-01;217,59
CONSTRUTORA;CONSTR SAO PAULO;31 - CPVC ULTRATERM;2024-09-01;388,98
CONSTRUTORA;CONSTR SAO PAULO;31 - CPVC ULTRATERM;2024-10-01;295,26
CONSTRUTORA;CONSTR SAO PAULO;31 - CPVC ULTRATERM;2024-11-01;815,76
CONSTRUTORA;CONSTR SAO PAULO;31 - CPVC ULTRATERM;2024-12-01;578,49
CONSTRUTORA;CONSTR SAO PAULO;31 - CPVC ULTRATERM;2025-01-01;356,75
CONSTRUTORA;CONSTR SAO PAULO;31 - CPVC ULTRATERM;2025-02-01;320,28
CONSTRUTORA;CONSTR SAO PAULO;31 - CPVC ULTRATERM;2025-03-01;280,87
CONSTRUTORA;CONSTR SAO PAULO;31 - CPVC ULTRATERM;2025-04-01;352,92
CONSTRUTORA;CONSTR SAO PAULO;31 - CPVC ULTRATERM;2025-05-01;490,13
CONSTRUTORA;CONSTR SAO PAULO;31 - CPVC ULTRATERM;2025-06-01;2051,75
CONSTRUTORA;CONSTR SAO PAULO;31 - CPVC ULTRATERM;2025-07-01;2205,88
CONSTRUTORA;CONSTR SAO PAULO;31 - CPVC ULTRATERM;2025-08-01;2672,71
CONSTRUTORA;CONSTR SAO PAULO;31 - CPVC ULTRATERM;2025-09-01;297,86
CONSTRUTORA;CONSTR SAO PAULO;31 - CPVC ULTRATERM;2025-10-01;743,02
CONSTRUTORA;CONSTR SAO PAULO;31 - CPVC ULTRATERM;2025-11-01;715,40
CONSTRUTORA;CONSTR SAO PAULO;31 - CPVC ULTRATERM;2025-12-01;969,21
CONSTRUTORA;CONSTR SAO PAULO;31 - CPVC ULTRATERM;2026-01-01;682,05
CONSTRUTORA;CONSTR SAO PAULO;31 - CPVC ULTRATERM;2026-02-01;276,23
CONSTRUTORA;CONSTR SAO PAULO;31 - CPVC ULTRATERM;2026-03-01;574,47
CONSTRUTORA;CONSTR SAO PAULO;31 - CPVC ULTRATERM;2026-04-01;838,94
CONSTRUTORA;CONSTR SAO PAULO;31 - CPVC ULTRATERM;2026-05-01;231,97
CONSTRUTORA;CONSTR SAO PAULO;31 - CPVC ULTRATERM;2026-06-01;651,03
CONSTRUTORA;CONSTR SAO PAULO;31 - CPVC ULTRATERM;2026-07-01;996,14
CONSTRUTORA;CONSTR SAO PAULO;31 - CPVC ULTRATERM;2026-08-01;539,63
CONSTRUTORA;CONSTR SUDESTE;00 - TUBOS PVC KRONA;2022-01-01;12632,13
CONSTRUTORA;CONSTR SUDESTE;00 - TUBOS PVC KRONA;2022-02-01;23667,78
CONSTRUTORA;CONSTR SUDESTE;00 - TUBOS PVC KRONA;2022-03-01;40787,24
CONSTRUTORA;CONSTR SUDESTE;00 - TUBOS PVC KRONA;2022-04-01;41021,60
CONSTRUTORA;CONSTR SUDESTE;00 - TUBOS PVC KRONA;2022-05-01;71042,26
CONSTRUTORA;CONSTR SUDESTE;00 - TUBOS PVC KRONA;2022-06-01;43797,57
CONSTRUTORA;CONSTR SUDESTE;00 - TUBOS PVC KRONA;2022-07-01;18497,34
CONSTRUTORA;CONSTR SUDESTE;00 - TUBOS PVC KRONA;2022-08-01;22409,90
CONSTRUTORA;CONSTR SUDESTE;00 - TUBOS PVC KRONA;2022-09-01;25656,06
CONSTRUTORA;CONSTR SUDESTE;00 - TUBOS PVC KRONA;2022-10-01;48296,54
CONSTRUTORA;CONSTR SUDESTE;00 - TUBOS PVC KRONA;2022-11-01;54281,97
CONSTRUTORA;CONSTR SUDESTE;00 - TUBOS PVC KRONA;2022-12-01;101380,60
CONSTRUTORA;CONSTR SUDESTE;00 - TUBOS PVC KRONA;2023-01-01;25742,60
CONSTRUTORA;CONSTR SUDESTE;00 - TUBOS PVC KRONA;2023-02-01;32225,78
CONSTRUTORA;CONSTR SUDESTE;00 - TUBOS PVC KRONA;2023-03-01;6880,04
CONSTRUTORA;CONSTR SUDESTE;00 - TUBOS PVC KRONA;2023-04-01;77879,83
CONSTRUTORA;CONSTR SUDESTE;00 - TUBOS PVC KRONA;2023-05-01;39273,04
CONSTRUTORA;CONSTR SUDESTE;00 - TUBOS PVC KRONA;2023-06-01;108312,96
CONSTRUTORA;CONSTR SUDESTE;00 - TUBOS PVC KRONA;2023-07-01;100889,76
CONSTRUTORA;CONSTR SUDESTE;00 - TUBOS PVC KRONA;2023-08-01;38221,69
CONSTRUTORA;CONSTR SUDESTE;00 - TUBOS PVC KRONA;2023-09-01;104600,57
CONSTRUTORA;CONSTR SUDESTE;00 - TUBOS PVC KRONA;2023-10-01;131848,45
CONSTRUTORA;CONSTR SUDESTE;00 - TUBOS PVC KRONA;2023-11-01;89063,52
CONSTRUTORA;CONSTR SUDESTE;00 - TUBOS PVC KRONA;2023-12-01;63953,65
CONSTRUTORA;CONSTR SUDESTE;00 - TUBOS PVC KRONA;2024-01-01;103985,34
CONSTRUTORA;CONSTR SUDESTE;00 - TUBOS PVC KRONA;2024-02-01;34103,52
CONSTRUTORA;CONSTR SUDESTE;00 - TUBOS PVC KRONA;2024-03-01;68485,95
CONSTRUTORA;CONSTR SUDESTE;00 - TUBOS PVC KRONA;2024-04-01;94859,15
CONSTRUTORA;CONSTR SUDESTE;00 - TUBOS PVC KRONA;2024-05-01;55218,84
CONSTRUTORA;CONSTR SUDESTE;00 - TUBOS PVC KRONA;2024-06-01;201920,67
CONSTRUTORA;CONSTR SUDESTE;00 - TUBOS PVC KRONA;2024-07-01;74536,93
CONSTRUTORA;CONSTR SUDESTE;00 - TUBOS PVC KRONA;2024-08-01;50636,75
CONSTRUTORA;CONSTR SUDESTE;00 - TUBOS PVC KRONA;2024-09-01;51500,33
CONSTRUTORA;CONSTR SUDESTE;00 - TUBOS PVC KRONA;2024-10-01;134599,96
CONSTRUTORA;CONSTR SUDESTE;00 - TUBOS PVC KRONA;2024-11-01;7631,82
CONSTRUTORA;CONSTR SUDESTE;00 - TUBOS PVC KRONA;2024-12-01;22843,47
CONSTRUTORA;CONSTR SUDESTE;00 - TUBOS PVC KRONA;2025-01-01;2877,45
CONSTRUTORA;CONSTR SUDESTE;00 - TUBOS PVC KRONA;2025-02-01;85676,89
CONSTRUTORA;CONSTR SUDESTE;00 - TUBOS PVC KRONA;2025-03-01;12095,73
CONSTRUTORA;CONSTR SUDESTE;00 - TUBOS PVC KRONA;2025-04-01;34853,12
CONSTRUTORA;CONSTR SUDESTE;00 - TUBOS PVC KRONA;2025-05-01;35449,77
CONSTRUTORA;CONSTR SUDESTE;00 - TUBOS PVC KRONA;2025-06-01;79496,45
CONSTRUTORA;CONSTR SUDESTE;00 - TUBOS PVC KRONA;2025-07-01;55542,57
CONSTRUTORA;CONSTR SUDESTE;00 - TUBOS PVC KRONA;2025-08-01;34849,61
CONSTRUTORA;CONSTR SUDESTE;00 - TUBOS PVC KRONA;2025-09-01;19964,10
CONSTRUTORA;CONSTR SUDESTE;00 - TUBOS PVC KRONA;2025-10-01;47289,42
CONSTRUTORA;CONSTR SUDESTE;00 - TUBOS PVC KRONA;2025-11-01;22161,66
CONSTRUTORA;CONSTR SUDESTE;00 - TUBOS PVC KRONA;2025-12-01;45929,55
CONSTRUTORA;CONSTR SUDESTE;00 - TUBOS PVC KRONA;2026-01-01;3562,45
CONSTRUTORA;CONSTR SUDESTE;00 - TUBOS PVC KRONA;2026-02-01;34488,53
CONSTRUTORA;CONSTR SUDESTE;00 - TUBOS PVC KRONA;2026-03-01;84345,80
CONSTRUTORA;CONSTR SUDESTE;00 - TUBOS PVC KRONA;2026-04-01;60887,02
CONSTRUTORA;CONSTR SUDESTE;00 - TUBOS PVC KRONA;2026-05-01;53700,63
CONSTRUTORA;CONSTR SUDESTE;00 - TUBOS PVC KRONA;2026-06-01;23605,54
CONSTRUTORA;CONSTR SUDESTE;00 - TUBOS PVC KRONA;2026-07-01;43254,24
CONSTRUTORA;CONSTR SUDESTE;00 - TUBOS PVC KRONA;2026-08-01;56399,49
CONSTRUTORA;CONSTR SUDESTE;01 - TUBOS ELETRODUTOS KRONA;2022-01-01;2456,62
CONSTRUTORA;CONSTR SUDESTE;01 - TUBOS ELETRODUTOS KRONA;2022-02-01;387,50
CONSTRUTORA;CONSTR SUDESTE;01 - TUBOS ELETRODUTOS KRONA;2022-03-01;1849,67
CONSTRUTORA;CONSTR SUDESTE;01 - TUBOS ELETRODUTOS KRONA;2022-04-01;18,00
CONSTRUTORA;CONSTR SUDESTE;01 - TUBOS ELETRODUTOS KRONA;2022-05-01;2149,36
CONSTRUTORA;CONSTR SUDESTE;01 - TUBOS ELETRODUTOS KRONA;2022-06-01;45,00
CONSTRUTORA;CONSTR SUDESTE;01 - TUBOS ELETRODUTOS KRONA;2022-07-01;845,10
CONSTRUTORA;CONSTR SUDESTE;01 - TUBOS ELETRODUTOS KRONA;2022-08-01;245,59
CONSTRUTORA;CONSTR SUDESTE;01 - TUBOS ELETRODUTOS KRONA;2022-09-01;2020,79
CONSTRUTORA;CONSTR SUDESTE;01 - TUBOS ELETRODUTOS KRONA;2022-10-01;470,17
CONSTRUTORA;CONSTR SUDESTE;01 - TUBOS ELETRODUTOS KRONA;2022-11-01;181,25
CONSTRUTORA;CONSTR SUDESTE;01 - TUBOS ELETRODUTOS KRONA;2022-12-01;626,12
CONSTRUTORA;CONSTR SUDESTE;01 - TUBOS ELETRODUTOS KRONA;2023-01-01;19,85
CONSTRUTORA;CONSTR SUDESTE;01 - TUBOS ELETRODUTOS KRONA;2023-02-01;222,39
CONSTRUTORA;CONSTR SUDESTE;01 - TUBOS ELETRODUTOS KRONA;2023-03-01;479,93
CONSTRUTORA;CONSTR SUDESTE;01 - TUBOS ELETRODUTOS KRONA;2023-04-01;316,15
CONSTRUTORA;CONSTR SUDESTE;01 - TUBOS ELETRODUTOS KRONA;2023-05-01;1034,60
CONSTRUTORA;CONSTR SUDESTE;01 - TUBOS ELETRODUTOS KRONA;2023-06-01;212,90
CONSTRUTORA;CONSTR SUDESTE;01 - TUBOS ELETRODUTOS KRONA;2023-07-01;1254,28
CONSTRUTORA;CONSTR SUDESTE;01 - TUBOS ELETRODUTOS KRONA;2023-08-01;158,94
CONSTRUTORA;CONSTR SUDESTE;01 - TUBOS ELETRODUTOS KRONA;2023-09-01;324,99
CONSTRUTORA;CONSTR SUDESTE;01 - TUBOS ELETRODUTOS KRONA;2023-10-01;1048,54
CONSTRUTORA;CONSTR SUDESTE;01 - TUBOS ELETRODUTOS KRONA;2023-11-01;1070,09
CONSTRUTORA;CONSTR SUDESTE;01 - TUBOS ELETRODUTOS KRONA;2023-12-01;640,16
CONSTRUTORA;CONSTR SUDESTE;01 - TUBOS ELETRODUTOS KRONA;2024-01-01;3343,57
CONSTRUTORA;CONSTR SUDESTE;01 - TUBOS ELETRODUTOS KRONA;2024-02-01;380,93
CONSTRUTORA;CONSTR SUDESTE;01 - TUBOS ELETRODUTOS KRONA;2024-03-01;495,92
CONSTRUTORA;CONSTR SUDESTE;01 - TUBOS ELETRODUTOS KRONA;2024-04-01;657,37
CONSTRUTORA;CONSTR SUDESTE;01 - TUBOS ELETRODUTOS KRONA;2024-05-01;548,59
CONSTRUTORA;CONSTR SUDESTE;01 - TUBOS ELETRODUTOS KRONA;2024-06-01;4014,08
CONSTRUTORA;CONSTR SUDESTE;01 - TUBOS ELETRODUTOS KRONA;2024-07-01;473,30
CONSTRUTORA;CONSTR SUDESTE;01 - TUBOS ELETRODUTOS KRONA;2024-08-01;744,50
CONSTRUTORA;CONSTR SUDESTE;01 - TUBOS ELETRODUTOS KRONA;2024-09-01;823,75
CONSTRUTORA;CONSTR SUDESTE;01 - TUBOS ELETRODUTOS KRONA;2024-10-01;667,00
CONSTRUTORA;CONSTR SUDESTE;01 - TUBOS ELETRODUTOS KRONA;2024-12-01;574,49
CONSTRUTORA;CONSTR SUDESTE;01 - TUBOS ELETRODUTOS KRONA;2025-01-01;14,60
CONSTRUTORA;CONSTR SUDESTE;01 - TUBOS ELETRODUTOS KRONA;2025-02-01;804,85
CONSTRUTORA;CONSTR SUDESTE;01 - TUBOS ELETRODUTOS KRONA;2025-03-01;81,10
CONSTRUTORA;CONSTR SUDESTE;01 - TUBOS ELETRODUTOS KRONA;2025-04-01;285,09
CONSTRUTORA;CONSTR SUDESTE;01 - TUBOS ELETRODUTOS KRONA;2025-05-01;270,00
CONSTRUTORA;CONSTR SUDESTE;01 - TUBOS ELETRODUTOS KRONA;2025-06-01;2233,14
CONSTRUTORA;CONSTR SUDESTE;01 - TUBOS ELETRODUTOS KRONA;2025-07-01;1101,50
CONSTRUTORA;CONSTR SUDESTE;01 - TUBOS ELETRODUTOS KRONA;2025-09-01;700,40
CONSTRUTORA;CONSTR SUDESTE;01 - TUBOS ELETRODUTOS KRONA;2025-10-01;2929,76
CONSTRUTORA;CONSTR SUDESTE;01 - TUBOS ELETRODUTOS KRONA;2025-11-01;96,70
CONSTRUTORA;CONSTR SUDESTE;01 - TUBOS ELETRODUTOS KRONA;2025-12-01;930,87
CONSTRUTORA;CONSTR SUDESTE;01 - TUBOS ELETRODUTOS KRONA;2026-01-01;189,00
CONSTRUTORA;CONSTR SUDESTE;01 - TUBOS ELETRODUTOS KRONA;2026-02-01;627,00
CONSTRUTORA;CONSTR SUDESTE;01 - TUBOS ELETRODUTOS KRONA;2026-03-01;646,00
CONSTRUTORA;CONSTR SUDESTE;01 - TUBOS ELETRODUTOS KRONA;2026-04-01;300,36
CONSTRUTORA;CONSTR SUDESTE;01 - TUBOS ELETRODUTOS KRONA;2026-05-01;18,00
CONSTRUTORA;CONSTR SUDESTE;01 - TUBOS ELETRODUTOS KRONA;2026-06-01;2614,74
CONSTRUTORA;CONSTR SUDESTE;01 - TUBOS ELETRODUTOS KRONA;2026-07-01;927,46
CONSTRUTORA;CONSTR SUDESTE;01 - TUBOS ELETRODUTOS KRONA;2026-08-01;17411,12
CONSTRUTORA;CONSTR SUDESTE;02 - CONEXOES KRONA;2022-01-01;3595,41
CONSTRUTORA;CONSTR SUDESTE;02 - CONEXOES KRONA;2022-02-01;3030,96
CONSTRUTORA;CONSTR SUDESTE;02 - CONEXOES KRONA;2022-03-01;11514,28
CONSTRUTORA;CONSTR SUDESTE;02 - CONEXOES KRONA;2022-04-01;11038,40
CONSTRUTORA;CONSTR SUDESTE;02 - CONEXOES KRONA;2022-05-01;14760,24
CONSTRUTORA;CONSTR SUDESTE;02 - CONEXOES KRONA;2022-06-01;10132,22
CONSTRUTORA;CONSTR SUDESTE;02 - CONEXOES KRONA;2022-07-01;3860,46
CONSTRUTORA;CONSTR SUDESTE;02 - CONEXOES KRONA;2022-08-01;5775,85
CONSTRUTORA;CONSTR SUDESTE;02 - CONEXOES KRONA;2022-09-01;6860,55
CONSTRUTORA;CONSTR SUDESTE;02 - CONEXOES KRONA;2022-10-01;7939,32
CONSTRUTORA;CONSTR SUDESTE;02 - CONEXOES KRONA;2022-11-01;9472,01
CONSTRUTORA;CONSTR SUDESTE;02 - CONEXOES KRONA;2022-12-01;20491,50
CONSTRUTORA;CONSTR SUDESTE;02 - CONEXOES KRONA;2023-01-01;6486,68
CONSTRUTORA;CONSTR SUDESTE;02 - CONEXOES KRONA;2023-02-01;7774,74
CONSTRUTORA;CONSTR SUDESTE;02 - CONEXOES KRONA;2023-03-01;2902,58
CONSTRUTORA;CONSTR SUDESTE;02 - CONEXOES KRONA;2023-04-01;15702,28
CONSTRUTORA;CONSTR SUDESTE;02 - CONEXOES KRONA;2023-05-01;8843,21
CONSTRUTORA;CONSTR SUDESTE;02 - CONEXOES KRONA;2023-06-01;26533,46
CONSTRUTORA;CONSTR SUDESTE;02 - CONEXOES KRONA;2023-07-01;23521,19
CONSTRUTORA;CONSTR SUDESTE;02 - CONEXOES KRONA;2023-08-01;5543,71
CONSTRUTORA;CONSTR SUDESTE;02 - CONEXOES KRONA;2023-09-01;14553,39
CONSTRUTORA;CONSTR SUDESTE;02 - CONEXOES KRONA;2023-10-01;24275,37
CONSTRUTORA;CONSTR SUDESTE;02 - CONEXOES KRONA;2023-11-01;16214,36
CONSTRUTORA;CONSTR SUDESTE;02 - CONEXOES KRONA;2023-12-01;19267,87
CONSTRUTORA;CONSTR SUDESTE;02 - CONEXOES KRONA;2024-01-01;15889,79
CONSTRUTORA;CONSTR SUDESTE;02 - CONEXOES KRONA;2024-02-01;8554,55
CONSTRUTORA;CONSTR SUDESTE;02 - CONEXOES KRONA;2024-03-01;18237,13
CONSTRUTORA;CONSTR SUDESTE;02 - CONEXOES KRONA;2024-04-01;25394,04
CONSTRUTORA;CONSTR SUDESTE;02 - CONEXOES KRONA;2024-05-01;13779,47
CONSTRUTORA;CONSTR SUDESTE;02 - CONEXOES KRONA;2024-06-01;49995,75
CONSTRUTORA;CONSTR SUDESTE;02 - CONEXOES KRONA;2024-07-01;10753,22
CONSTRUTORA;CONSTR SUDESTE;02 - CONEXOES KRONA;2024-08-01;7736,79
CONSTRUTORA;CONSTR SUDESTE;02 - CONEXOES KRONA;2024-09-01;15569,43
CONSTRUTORA;CONSTR SUDESTE;02 - CONEXOES KRONA;2024-10-01;20321,07
CONSTRUTORA;CONSTR SUDESTE;02 - CONEXOES KRONA;2024-11-01;7563,35
CONSTRUTORA;CONSTR SUDESTE;02 - CONEXOES KRONA;2024-12-01;5393,60
CONSTRUTORA;CONSTR SUDESTE;02 - CONEXOES KRONA;2025-01-01;1499,65
CONSTRUTORA;CONSTR SUDESTE;02 - CONEXOES KRONA;2025-02-01;12433,09
CONSTRUTORA;CONSTR SUDESTE;02 - CONEXOES KRONA;2025-03-01;2777,19
CONSTRUTORA;CONSTR SUDESTE;02 - CONEXOES KRONA;2025-04-01;8599,09
CONSTRUTORA;CONSTR SUDESTE;02 - CONEXOES KRONA;2025-05-01;10842,18
CONSTRUTORA;CONSTR SUDESTE;02 - CONEXOES KRONA;2025-06-01;17496,86
CONSTRUTORA;CONSTR SUDESTE;02 - CONEXOES KRONA;2025-07-01;15898,38
CONSTRUTORA;CONSTR SUDESTE;02 - CONEXOES KRONA;2025-08-01;7533,46
CONSTRUTORA;CONSTR SUDESTE;02 - CONEXOES KRONA;2025-09-01;7468,60
CONSTRUTORA;CONSTR SUDESTE;02 - CONEXOES KRONA;2025-10-01;12977,55
CONSTRUTORA;CONSTR SUDESTE;02 - CONEXOES KRONA;2025-11-01;5401,65
CONSTRUTORA;CONSTR SUDESTE;02 - CONEXOES KRONA;2025-12-01;12112,46
CONSTRUTORA;CONSTR SUDESTE;02 - CONEXOES KRONA;2026-01-01;833,55
CONSTRUTORA;CONSTR SUDESTE;02 - CONEXOES KRONA;2026-02-01;9515,10
CONSTRUTORA;CONSTR SUDESTE;02 - CONEXOES KRONA;2026-03-01;13901,89
CONSTRUTORA;CONSTR SUDESTE;02 - CONEXOES KRONA;2026-04-01;14848,26
CONSTRUTORA;CONSTR SUDESTE;02 - CONEXOES KRONA;2026-05-01;10310,43
CONSTRUTORA;CONSTR SUDESTE;02 - CONEXOES KRONA;2026-06-01;7665,26
CONSTRUTORA;CONSTR SUDESTE;02 - CONEXOES KRONA;2026-07-01;16110,44
CONSTRUTORA;CONSTR SUDESTE;02 - CONEXOES KRONA;2026-08-01;12302,84
CONSTRUTORA;CONSTR SUDESTE;03 - ACESSORIOS KRONA;2022-01-01;294,05
CONSTRUTORA;CONSTR SUDESTE;03 - ACESSORIOS KRONA;2022-02-01;122,94
CONSTRUTORA;CONSTR SUDESTE;03 - ACESSORIOS KRONA;2022-03-01;325,99
CONSTRUTORA;CONSTR SUDESTE;03 - ACESSORIOS KRONA;2022-04-01;496,29
CONSTRUTORA;CONSTR SUDESTE;03 - ACESSORIOS KRONA;2022-05-01;381,04
CONSTRUTORA;CONSTR SUDESTE;03 - ACESSORIOS KRONA;2022-06-01;173,79
CONSTRUTORA;CONSTR SUDESTE;03 - ACESSORIOS KRONA;2022-07-01;73,71
CONSTRUTORA;CONSTR SUDESTE;03 - ACESSORIOS KRONA;2022-08-01;173,42
CONSTRUTORA;CONSTR SUDESTE;03 - ACESSORIOS KRONA;2022-09-01;215,18
CONSTRUTORA;CONSTR SUDESTE;03 - ACESSORIOS KRONA;2022-10-01;270,59
CONSTRUTORA;CONSTR SUDESTE;03 - ACESSORIOS KRONA;2022-11-01;451,61
CONSTRUTORA;CONSTR SUDESTE;03 - ACESSORIOS KRONA;2022-12-01;754,65
CONSTRUTORA;CONSTR SUDESTE;03 - ACESSORIOS KRONA;2023-01-01;388,19
CONSTRUTORA;CONSTR SUDESTE;03 - ACESSORIOS KRONA;2023-02-01;381,00
CONSTRUTORA;CONSTR SUDESTE;03 - ACESSORIOS KRONA;2023-03-01;296,88
CONSTRUTORA;CONSTR SUDESTE;03 - ACESSORIOS KRONA;2023-04-01;830,86
CONSTRUTORA;CONSTR SUDESTE;03 - ACESSORIOS KRONA;2023-05-01;279,80
CONSTRUTORA;CONSTR SUDESTE;03 - ACESSORIOS KRONA;2023-06-01;106,03
CONSTRUTORA;CONSTR SUDESTE;03 - ACESSORIOS KRONA;2023-07-01;442,46
CONSTRUTORA;CONSTR SUDESTE;03 - ACESSORIOS KRONA;2023-08-01;171,28
CONSTRUTORA;CONSTR SUDESTE;03 - ACESSORIOS KRONA;2023-09-01;625,73
CONSTRUTORA;CONSTR SUDESTE;03 - ACESSORIOS KRONA;2023-10-01;346,81
CONSTRUTORA;CONSTR SUDESTE;03 - ACESSORIOS KRONA;2023-11-01;277,73
CONSTRUTORA;CONSTR SUDESTE;03 - ACESSORIOS KRONA;2023-12-01;636,51
CONSTRUTORA;CONSTR SUDESTE;03 - ACESSORIOS KRONA;2024-01-01;28,08
CONSTRUTORA;CONSTR SUDESTE;03 - ACESSORIOS KRONA;2024-02-01;79,99
CONSTRUTORA;CONSTR SUDESTE;03 - ACESSORIOS KRONA;2024-03-01;996,35
CONSTRUTORA;CONSTR SUDESTE;03 - ACESSORIOS KRONA;2024-04-01;112,74
CONSTRUTORA;CONSTR SUDESTE;03 - ACESSORIOS KRONA;2024-05-01;651,36
CONSTRUTORA;CONSTR SUDESTE;03 - ACESSORIOS KRONA;2024-06-01;973,23
CONSTRUTORA;CONSTR SUDESTE;03 - ACESSORIOS KRONA;2024-07-01;231,92
CONSTRUTORA;CONSTR SUDESTE;03 - ACESSORIOS KRONA;2024-08-01;152,68
CONSTRUTORA;CONSTR SUDESTE;03 - ACESSORIOS KRONA;2024-09-01;1027,81
CONSTRUTORA;CONSTR SUDESTE;03 - ACESSORIOS KRONA;2024-10-01;76,47
CONSTRUTORA;CONSTR SUDESTE;03 - ACESSORIOS KRONA;2024-11-01;142,64
CONSTRUTORA;CONSTR SUDESTE;03 - ACESSORIOS KRONA;2024-12-01;203,63
CONSTRUTORA;CONSTR SUDESTE;03 - ACESSORIOS KRONA;2025-01-01;136,73
CONSTRUTORA;CONSTR SUDESTE;03 - ACESSORIOS KRONA;2025-02-01;110,63
CONSTRUTORA;CONSTR SUDESTE;03 - ACESSORIOS KRONA;2025-03-01;537,33
CONSTRUTORA;CONSTR SUDESTE;03 - ACESSORIOS KRONA;2025-04-01;579,75
CONSTRUTORA;CONSTR SUDESTE;03 - ACESSORIOS KRONA;2025-05-01;83,66
CONSTRUTORA;CONSTR SUDESTE;03 - ACESSORIOS KRONA;2025-06-01;80,99
CONSTRUTORA;CONSTR SUDESTE;03 - ACESSORIOS KRONA;2025-07-01;136,84
CONSTRUTORA;CONSTR SUDESTE;03 - ACESSORIOS KRONA;2025-08-01;96,36
CONSTRUTORA;CONSTR SUDESTE;03 - ACESSORIOS KRONA;2025-09-01;93,04
CONSTRUTORA;CONSTR SUDESTE;03 - ACESSORIOS KRONA;2025-10-01;31,92
CONSTRUTORA;CONSTR SUDESTE;03 - ACESSORIOS KRONA;2025-11-01;760,58
CONSTRUTORA;CONSTR SUDESTE;03 - ACESSORIOS KRONA;2025-12-01;545,10
CONSTRUTORA;CONSTR SUDESTE;03 - ACESSORIOS KRONA;2026-01-01;46,99
CONSTRUTORA;CONSTR SUDESTE;03 - ACESSORIOS KRONA;2026-02-01;166,35
CONSTRUTORA;CONSTR SUDESTE;03 - ACESSORIOS KRONA;2026-03-01;149,11
CONSTRUTORA;CONSTR SUDESTE;03 - ACESSORIOS KRONA;2026-04-01;226,70
CONSTRUTORA;CONSTR SUDESTE;03 - ACESSORIOS KRONA;2026-05-01;15,51
CONSTRUTORA;CONSTR SUDESTE;03 - ACESSORIOS KRONA;2026-06-01;757,26
CONSTRUTORA;CONSTR SUDESTE;03 - ACESSORIOS KRONA;2026-07-01;1321,51
CONSTRUTORA;CONSTR SUDESTE;03 - ACESSORIOS KRONA;2026-08-01;520,03
CONSTRUTORA;CONSTR SUDESTE;04 - PRODUTOS REVENDA;2022-01-01;198,63
CONSTRUTORA;CONSTR SUDESTE;04 - PRODUTOS REVENDA;2022-02-01;271,33
CONSTRUTORA;CONSTR SUDESTE;04 - PRODUTOS REVENDA;2022-03-01;933,66
CONSTRUTORA;CONSTR SUDESTE;04 - PRODUTOS REVENDA;2022-04-01;877,55
CONSTRUTORA;CONSTR SUDESTE;04 - PRODUTOS REVENDA;2022-05-01;1173,38
CONSTRUTORA;CONSTR SUDESTE;04 - PRODUTOS REVENDA;2022-06-01;444,68
CONSTRUTORA;CONSTR SUDESTE;04 - PRODUTOS REVENDA;2022-07-01;315,95
CONSTRUTORA;CONSTR SUDESTE;04 - PRODUTOS REVENDA;2022-08-01;916,89
CONSTRUTORA;CONSTR SUDESTE;04 - PRODUTOS REVENDA;2022-09-01;775,59
CONSTRUTORA;CONSTR SUDESTE;04 - PRODUTOS REVENDA;2022-10-01;1141,58
CONSTRUTORA;CONSTR SUDESTE;04 - PRODUTOS REVENDA;2022-11-01;1152,06
CONSTRUTORA;CONSTR SUDESTE;04 - PRODUTOS REVENDA;2022-12-01;859,54
CONSTRUTORA;CONSTR SUDESTE;04 - PRODUTOS REVENDA;2023-01-01;494,32
CONSTRUTORA;CONSTR SUDESTE;04 - PRODUTOS REVENDA;2023-02-01;794,31
CONSTRUTORA;CONSTR SUDESTE;04 - PRODUTOS REVENDA;2023-03-01;171,47
CONSTRUTORA;CONSTR SUDESTE;04 - PRODUTOS REVENDA;2023-04-01;1981,14
CONSTRUTORA;CONSTR SUDESTE;04 - PRODUTOS REVENDA;2023-05-01;1337,89
CONSTRUTORA;CONSTR SUDESTE;04 - PRODUTOS REVENDA;2023-06-01;3454,80
CONSTRUTORA;CONSTR SUDESTE;04 - PRODUTOS REVENDA;2023-07-01;2567,34
CONSTRUTORA;CONSTR SUDESTE;04 - PRODUTOS REVENDA;2023-08-01;810,47
CONSTRUTORA;CONSTR SUDESTE;04 - PRODUTOS REVENDA;2023-09-01;1087,68
CONSTRUTORA;CONSTR SUDESTE;04 - PRODUTOS REVENDA;2023-10-01;3972,11
CONSTRUTORA;CONSTR SUDESTE;04 - PRODUTOS REVENDA;2023-11-01;2043,23
CONSTRUTORA;CONSTR SUDESTE;04 - PRODUTOS REVENDA;2023-12-01;3464,53
CONSTRUTORA;CONSTR SUDESTE;04 - PRODUTOS REVENDA;2024-01-01;3349,18
CONSTRUTORA;CONSTR SUDESTE;04 - PRODUTOS REVENDA;2024-02-01;2469,96
CONSTRUTORA;CONSTR SUDESTE;04 - PRODUTOS REVENDA;2024-03-01;2401,86
CONSTRUTORA;CONSTR SUDESTE;04 - PRODUTOS REVENDA;2024-04-01;3287,49
CONSTRUTORA;CONSTR SUDESTE;04 - PRODUTOS REVENDA;2024-05-01;4299,14
CONSTRUTORA;CONSTR SUDESTE;04 - PRODUTOS REVENDA;2024-06-01;9892,54
CONSTRUTORA;CONSTR SUDESTE;04 - PRODUTOS REVENDA;2024-07-01;410,10
CONSTRUTORA;CONSTR SUDESTE;04 - PRODUTOS REVENDA;2024-08-01;754,29
CONSTRUTORA;CONSTR SUDESTE;04 - PRODUTOS REVENDA;2024-09-01;1283,12
CONSTRUTORA;CONSTR SUDESTE;04 - PRODUTOS REVENDA;2024-10-01;2539,80
CONSTRUTORA;CONSTR SUDESTE;04 - PRODUTOS REVENDA;2024-11-01;1271,66
CONSTRUTORA;CONSTR SUDESTE;04 - PRODUTOS REVENDA;2024-12-01;390,39
CONSTRUTORA;CONSTR SUDESTE;04 - PRODUTOS REVENDA;2025-01-01;123,79
CONSTRUTORA;CONSTR SUDESTE;04 - PRODUTOS REVENDA;2025-02-01;735,97
CONSTRUTORA;CONSTR SUDESTE;04 - PRODUTOS REVENDA;2025-03-01;247,01
CONSTRUTORA;CONSTR SUDESTE;04 - PRODUTOS REVENDA;2025-04-01;1615,30
CONSTRUTORA;CONSTR SUDESTE;04 - PRODUTOS REVENDA;2025-05-01;862,71
CONSTRUTORA;CONSTR SUDESTE;04 - PRODUTOS REVENDA;2025-06-01;1689,28
CONSTRUTORA;CONSTR SUDESTE;04 - PRODUTOS REVENDA;2025-07-01;1969,40
CONSTRUTORA;CONSTR SUDESTE;04 - PRODUTOS REVENDA;2025-08-01;819,24
CONSTRUTORA;CONSTR SUDESTE;04 - PRODUTOS REVENDA;2025-09-01;681,11
CONSTRUTORA;CONSTR SUDESTE;04 - PRODUTOS REVENDA;2025-10-01;1996,56
CONSTRUTORA;CONSTR SUDESTE;04 - PRODUTOS REVENDA;2025-11-01;449,67
CONSTRUTORA;CONSTR SUDESTE;04 - PRODUTOS REVENDA;2025-12-01;1900,60
CONSTRUTORA;CONSTR SUDESTE;04 - PRODUTOS REVENDA;2026-01-01;64,06
CONSTRUTORA;CONSTR SUDESTE;04 - PRODUTOS REVENDA;2026-02-01;721,72
CONSTRUTORA;CONSTR SUDESTE;04 - PRODUTOS REVENDA;2026-03-01;1736,19
CONSTRUTORA;CONSTR SUDESTE;04 - PRODUTOS REVENDA;2026-04-01;1943,29
CONSTRUTORA;CONSTR SUDESTE;04 - PRODUTOS REVENDA;2026-05-01;1688,65
CONSTRUTORA;CONSTR SUDESTE;04 - PRODUTOS REVENDA;2026-06-01;780,27
CONSTRUTORA;CONSTR SUDESTE;04 - PRODUTOS REVENDA;2026-07-01;1467,85
CONSTRUTORA;CONSTR SUDESTE;04 - PRODUTOS REVENDA;2026-08-01;1646,86
CONSTRUTORA;CONSTR SUDESTE;29 - PPR;2022-01-01;175,89
CONSTRUTORA;CONSTR SUDESTE;29 - PPR;2022-02-01;38,13
CONSTRUTORA;CONSTR SUDESTE;29 - PPR;2022-03-01;77,19
CONSTRUTORA;CONSTR SUDESTE;29 - PPR;2022-04-01;46,98
CONSTRUTORA;CONSTR SUDESTE;29 - PPR;2022-05-01;1073,53
CONSTRUTORA;CONSTR SUDESTE;29 - PPR;2022-07-01;689,02
CONSTRUTORA;CONSTR SUDESTE;29 - PPR;2022-08-01;169,71
CONSTRUTORA;CONSTR SUDESTE;29 - PPR;2022-09-01;300,91
CONSTRUTORA;CONSTR SUDESTE;29 - PPR;2022-10-01;860,16
CONSTRUTORA;CONSTR SUDESTE;29 - PPR;2022-11-01;322,77
CONSTRUTORA;CONSTR SUDESTE;29 - PPR;2022-12-01;783,99
CONSTRUTORA;CONSTR SUDESTE;29 - PPR;2023-01-01;23,40
CONSTRUTORA;CONSTR SUDESTE;29 - PPR;2023-02-01;69,95
CONSTRUTORA;CONSTR SUDESTE;29 - PPR;2023-04-01;616,44
CONSTRUTORA;CONSTR SUDESTE;29 - PPR;2023-05-01;5807,11
CONSTRUTORA;CONSTR SUDESTE;29 - PPR;2023-06-01;118,99
CONSTRUTORA;CONSTR SUDESTE;29 - PPR;2023-07-01;1283,38
CONSTRUTORA;CONSTR SUDESTE;29 - PPR;2023-08-01;71,49
CONSTRUTORA;CONSTR SUDESTE;29 - PPR;2023-09-01;390,36
CONSTRUTORA;CONSTR SUDESTE;29 - PPR;2023-10-01;794,05
CONSTRUTORA;CONSTR SUDESTE;29 - PPR;2023-11-01;5136,26
CONSTRUTORA;CONSTR SUDESTE;29 - PPR;2023-12-01;311,93
CONSTRUTORA;CONSTR SUDESTE;29 - PPR;2024-01-01;726,61
CONSTRUTORA;CONSTR SUDESTE;29 - PPR;2024-02-01;54,99
CONSTRUTORA;CONSTR SUDESTE;29 - PPR;2024-03-01;222,95
CONSTRUTORA;CONSTR SUDESTE;29 - PPR;2024-04-01;3463,45
CONSTRUTORA;CONSTR SUDESTE;29 - PPR;2024-05-01;550,75
CONSTRUTORA;CONSTR SUDESTE;29 - PPR;2024-06-01;2445,33
CONSTRUTORA;CONSTR SUDESTE;29 - PPR;2024-07-01;3,49
CONSTRUTORA;CONSTR SUDESTE;29 - PPR;2024-08-01;1214,20
CONSTRUTORA;CONSTR SUDESTE;29 - PPR;2024-09-01;321,75
CONSTRUTORA;CONSTR SUDESTE;29 - PPR;2024-10-01;148,31
CONSTRUTORA;CONSTR SUDESTE;29 - PPR;2024-11-01;592,74
CONSTRUTORA;CONSTR SUDESTE;29 - PPR;2024-12-01;88,52
CONSTRUTORA;CONSTR SUDESTE;29 - PPR;2025-02-01;110,44
CONSTRUTORA;CONSTR SUDESTE;29 - PPR;2025-03-01;98,63
CONSTRUTORA;CONSTR SUDESTE;29 - PPR;2025-04-01;977,93
CONSTRUTORA;CONSTR SUDESTE;29 - PPR;2025-06-01;2048,15
CONSTRUTORA;CONSTR SUDESTE;29 - PPR;2025-08-01;87,49
CONSTRUTORA;CONSTR SUDESTE;29 - PPR;2025-09-01;932,01
CONSTRUTORA;CONSTR SUDESTE;29 - PPR;2025-10-01;162,69
CONSTRUTORA;CONSTR SUDESTE;29 - PPR;2025-11-01;34,73
CONSTRUTORA;CONSTR SUDESTE;29 - PPR;2025-12-01;715,63
CONSTRUTORA;CONSTR SUDESTE;29 - PPR;2026-02-01;36,32
CONSTRUTORA;CONSTR SUDESTE;29 - PPR;2026-04-01;128,64
CONSTRUTORA;CONSTR SUDESTE;29 - PPR;2026-05-01;7,12
CONSTRUTORA;CONSTR SUDESTE;29 - PPR;2026-06-01;453,93
CONSTRUTORA;CONSTR SUDESTE;29 - PPR;2026-07-01;796,34
CONSTRUTORA;CONSTR SUDESTE;30 - ELETRODUTOS CORRUGADOS KRONA;2022-01-01;3271,74
CONSTRUTORA;CONSTR SUDESTE;30 - ELETRODUTOS CORRUGADOS KRONA;2022-02-01;3232,49
CONSTRUTORA;CONSTR SUDESTE;30 - ELETRODUTOS CORRUGADOS KRONA;2022-03-01;5621,05
CONSTRUTORA;CONSTR SUDESTE;30 - ELETRODUTOS CORRUGADOS KRONA;2022-04-01;10759,24
CONSTRUTORA;CONSTR SUDESTE;30 - ELETRODUTOS CORRUGADOS KRONA;2022-05-01;3671,49
CONSTRUTORA;CONSTR SUDESTE;30 - ELETRODUTOS CORRUGADOS KRONA;2022-06-01;1581,82
CONSTRUTORA;CONSTR SUDESTE;30 - ELETRODUTOS CORRUGADOS KRONA;2022-07-01;515,76
CONSTRUTORA;CONSTR SUDESTE;30 - ELETRODUTOS CORRUGADOS KRONA;2022-08-01;6062,08
CONSTRUTORA;CONSTR SUDESTE;30 - ELETRODUTOS CORRUGADOS KRONA;2022-09-01;7021,00
CONSTRUTORA;CONSTR SUDESTE;30 - ELETRODUTOS CORRUGADOS KRONA;2022-10-01;4280,09
CONSTRUTORA;CONSTR SUDESTE;30 - ELETRODUTOS CORRUGADOS KRONA;2022-11-01;21544,42
CONSTRUTORA;CONSTR SUDESTE;30 - ELETRODUTOS CORRUGADOS KRONA;2022-12-01;4748,62
CONSTRUTORA;CONSTR SUDESTE;30 - ELETRODUTOS CORRUGADOS KRONA;2023-01-01;2633,72
CONSTRUTORA;CONSTR SUDESTE;30 - ELETRODUTOS CORRUGADOS KRONA;2023-02-01;19981,37
CONSTRUTORA;CONSTR SUDESTE;30 - ELETRODUTOS CORRUGADOS KRONA;2023-03-01;2666,88
CONSTRUTORA;CONSTR SUDESTE;30 - ELETRODUTOS CORRUGADOS KRONA;2023-04-01;4342,03
CONSTRUTORA;CONSTR SUDESTE;30 - ELETRODUTOS CORRUGADOS KRONA;2023-05-01;3544,56
CONSTRUTORA;CONSTR SUDESTE;30 - ELETRODUTOS CORRUGADOS KRONA;2023-06-01;13531,45
CONSTRUTORA;CONSTR SUDESTE;30 - ELETRODUTOS CORRUGADOS KRONA;2023-07-01;12016,06
CONSTRUTORA;CONSTR SUDESTE;30 - ELETRODUTOS CORRUGADOS KRONA;2023-08-01;5663,99
CONSTRUTORA;CONSTR SUDESTE;30 - ELETRODUTOS CORRUGADOS KRONA;2023-09-01;16638,64
CONSTRUTORA;CONSTR SUDESTE;30 - ELETRODUTOS CORRUGADOS KRONA;2023-10-01;9341,08
CONSTRUTORA;CONSTR SUDESTE;30 - ELETRODUTOS CORRUGADOS KRONA;2023-11-01;5772,98
CONSTRUTORA;CONSTR SUDESTE;30 - ELETRODUTOS CORRUGADOS KRONA;2023-12-01;31516,06
CONSTRUTORA;CONSTR SUDESTE;30 - ELETRODUTOS CORRUGADOS KRONA;2024-01-01;9468,94
CONSTRUTORA;CONSTR SUDESTE;30 - ELETRODUTOS CORRUGADOS KRONA;2024-02-01;5370,56
CONSTRUTORA;CONSTR SUDESTE;30 - ELETRODUTOS CORRUGADOS KRONA;2024-03-01;15183,03
CONSTRUTORA;CONSTR SUDESTE;30 - ELETRODUTOS CORRUGADOS KRONA;2024-04-01;7828,81
CONSTRUTORA;CONSTR SUDESTE;30 - ELETRODUTOS CORRUGADOS KRONA;2024-05-01;1189,60
CONSTRUTORA;CONSTR SUDESTE;30 - ELETRODUTOS CORRUGADOS KRONA;2024-06-01;31269,55
CONSTRUTORA;CONSTR SUDESTE;30 - ELETRODUTOS CORRUGADOS KRONA;2024-07-01;8006,88
CONSTRUTORA;CONSTR SUDESTE;30 - ELETRODUTOS CORRUGADOS KRONA;2024-08-01;9260,45
CONSTRUTORA;CONSTR SUDESTE;30 - ELETRODUTOS CORRUGADOS KRONA;2024-09-01;13467,03
CONSTRUTORA;CONSTR SUDESTE;30 - ELETRODUTOS CORRUGADOS KRONA;2024-10-01;5090,55
CONSTRUTORA;CONSTR SUDESTE;30 - ELETRODUTOS CORRUGADOS KRONA;2024-11-01;2182,70
CONSTRUTORA;CONSTR SUDESTE;30 - ELETRODUTOS CORRUGADOS KRONA;2024-12-01;2257,68
CONSTRUTORA;CONSTR SUDESTE;30 - ELETRODUTOS CORRUGADOS KRONA;2025-01-01;2283,40
CONSTRUTORA;CONSTR SUDESTE;30 - ELETRODUTOS CORRUGADOS KRONA;2025-02-01;5951,62
CONSTRUTORA;CONSTR SUDESTE;30 - ELETRODUTOS CORRUGADOS KRONA;2025-03-01;4272,57
CONSTRUTORA;CONSTR SUDESTE;30 - ELETRODUTOS CORRUGADOS KRONA;2025-04-01;7222,94
CONSTRUTORA;CONSTR SUDESTE;30 - ELETRODUTOS CORRUGADOS KRONA;2025-05-01;6015,52
CONSTRUTORA;CONSTR SUDESTE;30 - ELETRODUTOS CORRUGADOS KRONA;2025-06-01;13216,89
CONSTRUTORA;CONSTR SUDESTE;30 - ELETRODUTOS CORRUGADOS KRONA;2025-07-01;14039,73
CONSTRUTORA;CONSTR SUDESTE;30 - ELETRODUTOS CORRUGADOS KRONA;2025-08-01;6688,44
CONSTRUTORA;CONSTR SUDESTE;30 - ELETRODUTOS CORRUGADOS KRONA;2025-09-01;6715,52
CONSTRUTORA;CONSTR SUDESTE;30 - ELETRODUTOS CORRUGADOS KRONA;2025-10-01;13677,95
CONSTRUTORA;CONSTR SUDESTE;30 - ELETRODUTOS CORRUGADOS KRONA;2025-11-01;13616,74
CONSTRUTORA;CONSTR SUDESTE;30 - ELETRODUTOS CORRUGADOS KRONA;2025-12-01;13844,50
CONSTRUTORA;CONSTR SUDESTE;30 - ELETRODUTOS CORRUGADOS KRONA;2026-01-01;18505,08
CONSTRUTORA;CONSTR SUDESTE;30 - ELETRODUTOS CORRUGADOS KRONA;2026-02-01;22832,43
CONSTRUTORA;CONSTR SUDESTE;30 - ELETRODUTOS CORRUGADOS KRONA;2026-03-01;20675,52
CONSTRUTORA;CONSTR SUDESTE;30 - ELETRODUTOS CORRUGADOS KRONA;2026-04-01;38756,68
CONSTRUTORA;CONSTR SUDESTE;30 - ELETRODUTOS CORRUGADOS KRONA;2026-05-01;31628,09
CONSTRUTORA;CONSTR SUDESTE;30 - ELETRODUTOS CORRUGADOS KRONA;2026-06-01;9724,59
CONSTRUTORA;CONSTR SUDESTE;30 - ELETRODUTOS CORRUGADOS KRONA;2026-07-01;40848,72
CONSTRUTORA;CONSTR SUDESTE;30 - ELETRODUTOS CORRUGADOS KRONA;2026-08-01;20607,72
CONSTRUTORA;CONSTR SUDESTE;31 - CPVC ULTRATERM;2022-01-01;299,15
CONSTRUTORA;CONSTR SUDESTE;31 - CPVC ULTRATERM;2022-02-01;209,95
CONSTRUTORA;CONSTR SUDESTE;31 - CPVC ULTRATERM;2022-03-01;750,10
CONSTRUTORA;CONSTR SUDESTE;31 - CPVC ULTRATERM;2022-04-01;463,00
CONSTRUTORA;CONSTR SUDESTE;31 - CPVC ULTRATERM;2022-05-01;1668,35
CONSTRUTORA;CONSTR SUDESTE;31 - CPVC ULTRATERM;2022-06-01;239,14
CONSTRUTORA;CONSTR SUDESTE;31 - CPVC ULTRATERM;2022-07-01;408,29
CONSTRUTORA;CONSTR SUDESTE;31 - CPVC ULTRATERM;2022-08-01;196,37
CONSTRUTORA;CONSTR SUDESTE;31 - CPVC ULTRATERM;2022-09-01;685,37
CONSTRUTORA;CONSTR SUDESTE;31 - CPVC ULTRATERM;2022-10-01;1255,72
CONSTRUTORA;CONSTR SUDESTE;31 - CPVC ULTRATERM;2022-11-01;674,60
CONSTRUTORA;CONSTR SUDESTE;31 - CPVC ULTRATERM;2022-12-01;578,71
CONSTRUTORA;CONSTR SUDESTE;31 - CPVC ULTRATERM;2023-01-01;180,86
CONSTRUTORA;CONSTR SUDESTE;31 - CPVC ULTRATERM;2023-02-01;1651,60
CONSTRUTORA;CONSTR SUDESTE;31 - CPVC ULTRATERM;2023-03-01;363,48
CONSTRUTORA;CONSTR SUDESTE;31 - CPVC ULTRATERM;2023-04-01;1170,14
CONSTRUTORA;CONSTR SUDESTE;31 - CPVC ULTRATERM;2023-05-01;1757,19
CONSTRUTORA;CONSTR SUDESTE;31 - CPVC ULTRATERM;2023-06-01;3845,81
CONSTRUTORA;CONSTR SUDESTE;31 - CPVC ULTRATERM;2023-07-01;2076,86
CONSTRUTORA;CONSTR SUDESTE;31 - CPVC ULTRATERM;2023-08-01;1161,90
CONSTRUTORA;CONSTR SUDESTE;31 - CPVC ULTRATERM;2023-09-01;1190,76
CONSTRUTORA;CONSTR SUDESTE;31 - CPVC ULTRATERM;2023-10-01;2378,61
CONSTRUTORA;CONSTR SUDESTE;31 - CPVC ULTRATERM;2023-11-01;5393,20
CONSTRUTORA;CONSTR SUDESTE;31 - CPVC ULTRATERM;2023-12-01;1546,83
CONSTRUTORA;CONSTR SUDESTE;31 - CPVC ULTRATERM;2024-01-01;1436,21
CONSTRUTORA;CONSTR SUDESTE;31 - CPVC ULTRATERM;2024-02-01;1277,03
CONSTRUTORA;CONSTR SUDESTE;31 - CPVC ULTRATERM;2024-03-01;2176,62
CONSTRUTORA;CONSTR SUDESTE;31 - CPVC ULTRATERM;2024-04-01;9222,69
CONSTRUTORA;CONSTR SUDESTE;31 - CPVC ULTRATERM;2024-05-01;1328,97
CONSTRUTORA;CONSTR SUDESTE;31 - CPVC ULTRATERM;2024-06-01;6632,12
CONSTRUTORA;CONSTR SUDESTE;31 - CPVC ULTRATERM;2024-07-01;422,19
CONSTRUTORA;CONSTR SUDESTE;31 - CPVC ULTRATERM;2024-08-01;110,30
CONSTRUTORA;CONSTR SUDESTE;31 - CPVC ULTRATERM;2024-09-01;5522,06
CONSTRUTORA;CONSTR SUDESTE;31 - CPVC ULTRATERM;2024-10-01;3758,97
CONSTRUTORA;CONSTR SUDESTE;31 - CPVC ULTRATERM;2024-11-01;205,32
CONSTRUTORA;CONSTR SUDESTE;31 - CPVC ULTRATERM;2024-12-01;251,17
CONSTRUTORA;CONSTR SUDESTE;31 - CPVC ULTRATERM;2025-01-01;45,00
CONSTRUTORA;CONSTR SUDESTE;31 - CPVC ULTRATERM;2025-02-01;380,16
CONSTRUTORA;CONSTR SUDESTE;31 - CPVC ULTRATERM;2025-04-01;1199,94
CONSTRUTORA;CONSTR SUDESTE;31 - CPVC ULTRATERM;2025-05-01;712,63
CONSTRUTORA;CONSTR SUDESTE;31 - CPVC ULTRATERM;2025-06-01;1775,60
CONSTRUTORA;CONSTR SUDESTE;31 - CPVC ULTRATERM;2025-07-01;2546,01
CONSTRUTORA;CONSTR SUDESTE;31 - CPVC ULTRATERM;2025-08-01;505,92
CONSTRUTORA;CONSTR SUDESTE;31 - CPVC ULTRATERM;2025-09-01;304,40
CONSTRUTORA;CONSTR SUDESTE;31 - CPVC ULTRATERM;2025-10-01;530,13
CONSTRUTORA;CONSTR SUDESTE;31 - CPVC ULTRATERM;2025-11-01;297,78
CONSTRUTORA;CONSTR SUDESTE;31 - CPVC ULTRATERM;2025-12-01;1479,79
CONSTRUTORA;CONSTR SUDESTE;31 - CPVC ULTRATERM;2026-02-01;5404,30
CONSTRUTORA;CONSTR SUDESTE;31 - CPVC ULTRATERM;2026-03-01;1391,55
CONSTRUTORA;CONSTR SUDESTE;31 - CPVC ULTRATERM;2026-04-01;4007,02
CONSTRUTORA;CONSTR SUDESTE;31 - CPVC ULTRATERM;2026-05-01;573,95
CONSTRUTORA;CONSTR SUDESTE;31 - CPVC ULTRATERM;2026-06-01;1044,90
CONSTRUTORA;CONSTR SUDESTE;31 - CPVC ULTRATERM;2026-07-01;2183,08
CONSTRUTORA;CONSTR SUDESTE;31 - CPVC ULTRATERM;2026-08-01;2821,48
CONSTRUTORA;CONSTR SUL;00 - TUBOS PVC KRONA;2022-01-01;38422,14
CONSTRUTORA;CONSTR SUL;00 - TUBOS PVC KRONA;2022-02-01;103371,91
CONSTRUTORA;CONSTR SUL;00 - TUBOS PVC KRONA;2022-03-01;109200,90
CONSTRUTORA;CONSTR SUL;00 - TUBOS PVC KRONA;2022-04-01;155632,18
CONSTRUTORA;CONSTR SUL;00 - TUBOS PVC KRONA;2022-05-01;156310,39
CONSTRUTORA;CONSTR SUL;00 - TUBOS PVC KRONA;2022-06-01;124351,95
CONSTRUTORA;CONSTR SUL;00 - TUBOS PVC KRONA;2022-07-01;170439,83
CONSTRUTORA;CONSTR SUL;00 - TUBOS PVC KRONA;2022-08-01;210649,48
CONSTRUTORA;CONSTR SUL;00 - TUBOS PVC KRONA;2022-09-01;158715,38
CONSTRUTORA;CONSTR SUL;00 - TUBOS PVC KRONA;2022-10-01;170949,90
CONSTRUTORA;CONSTR SUL;00 - TUBOS PVC KRONA;2022-11-01;151311,17
CONSTRUTORA;CONSTR SUL;00 - TUBOS PVC KRONA;2022-12-01;211223,27
CONSTRUTORA;CONSTR SUL;00 - TUBOS PVC KRONA;2023-01-01;108291,97
CONSTRUTORA;CONSTR SUL;00 - TUBOS PVC KRONA;2023-02-01;138024,04
CONSTRUTORA;CONSTR SUL;00 - TUBOS PVC KRONA;2023-03-01;201643,48
CONSTRUTORA;CONSTR SUL;00 - TUBOS PVC KRONA;2023-04-01;179505,42
CONSTRUTORA;CONSTR SUL;00 - TUBOS PVC KRONA;2023-05-01;137065,20
CONSTRUTORA;CONSTR SUL;00 - TUBOS PVC KRONA;2023-06-01;171950,98
CONSTRUTORA;CONSTR SUL;00 - TUBOS PVC KRONA;2023-07-01;205621,98
CONSTRUTORA;CONSTR SUL;00 - TUBOS PVC KRONA;2023-08-01;195301,00
CONSTRUTORA;CONSTR SUL;00 - TUBOS PVC KRONA;2023-09-01;209712,19
CONSTRUTORA;CONSTR SUL;00 - TUBOS PVC KRONA;2023-10-01;118031,63
CONSTRUTORA;CONSTR SUL;00 - TUBOS PVC KRONA;2023-11-01;209851,22
CONSTRUTORA;CONSTR SUL;00 - TUBOS PVC KRONA;2023-12-01;161692,20
CONSTRUTORA;CONSTR SUL;00 - TUBOS PVC KRONA;2024-01-01;105032,01
CONSTRUTORA;CONSTR SUL;00 - TUBOS PVC KRONA;2024-02-01;130442,90
CONSTRUTORA;CONSTR SUL;00 - TUBOS PVC KRONA;2024-03-01;223909,21
CONSTRUTORA;CONSTR SUL;00 - TUBOS PVC KRONA;2024-04-01;166966,42
CONSTRUTORA;CONSTR SUL;00 - TUBOS PVC KRONA;2024-05-01;140044,79
CONSTRUTORA;CONSTR SUL;00 - TUBOS PVC KRONA;2024-06-01;265512,48
CONSTRUTORA;CONSTR SUL;00 - TUBOS PVC KRONA;2024-07-01;212483,71
CONSTRUTORA;CONSTR SUL;00 - TUBOS PVC KRONA;2024-08-01;128327,25
CONSTRUTORA;CONSTR SUL;00 - TUBOS PVC KRONA;2024-09-01;178733,53
CONSTRUTORA;CONSTR SUL;00 - TUBOS PVC KRONA;2024-10-01;199265,54
CONSTRUTORA;CONSTR SUL;00 - TUBOS PVC KRONA;2024-11-01;153835,09
CONSTRUTORA;CONSTR SUL;00 - TUBOS PVC KRONA;2024-12-01;136877,34
CONSTRUTORA;CONSTR SUL;00 - TUBOS PVC KRONA;2025-01-01;118797,96
CONSTRUTORA;CONSTR SUL;00 - TUBOS PVC KRONA;2025-02-01;175146,34
CONSTRUTORA;CONSTR SUL;00 - TUBOS PVC KRONA;2025-03-01;144631,23
CONSTRUTORA;CONSTR SUL;00 - TUBOS PVC KRONA;2025-04-01;128981,84
CONSTRUTORA;CONSTR SUL;00 - TUBOS PVC KRONA;2025-05-01;192185,41
CONSTRUTORA;CONSTR SUL;00 - TUBOS PVC KRONA;2025-06-01;260783,03
CONSTRUTORA;CONSTR SUL;00 - TUBOS PVC KRONA;2025-07-01;199935,07
CONSTRUTORA;CONSTR SUL;00 - TUBOS PVC KRONA;2025-08-01;198892,48
CONSTRUTORA;CONSTR SUL;00 - TUBOS PVC KRONA;2025-09-01;159493,22
CONSTRUTORA;CONSTR SUL;00 - TUBOS PVC KRONA;2025-10-01;153640,99
CONSTRUTORA;CONSTR SUL;00 - TUBOS PVC KRONA;2025-11-01;150689,41
CONSTRUTORA;CONSTR SUL;00 - TUBOS PVC KRONA;2025-12-01;161276,82
CONSTRUTORA;CONSTR SUL;00 - TUBOS PVC KRONA;2026-01-01;142347,18
CONSTRUTORA;CONSTR SUL;00 - TUBOS PVC KRONA;2026-02-01;184616,45
CONSTRUTORA;CONSTR SUL;00 - TUBOS PVC KRONA;2026-03-01;244817,75
CONSTRUTORA;CONSTR SUL;00 - TUBOS PVC KRONA;2026-04-01;326935,54
CONSTRUTORA;CONSTR SUL;00 - TUBOS PVC KRONA;2026-05-01;175955,83
CONSTRUTORA;CONSTR SUL;00 - TUBOS PVC KRONA;2026-06-01;164201,26
CONSTRUTORA;CONSTR SUL;00 - TUBOS PVC KRONA;2026-07-01;212959,01
CONSTRUTORA;CONSTR SUL;00 - TUBOS PVC KRONA;2026-08-01;181821,03
CONSTRUTORA;CONSTR SUL;01 - TUBOS ELETRODUTOS KRONA;2022-01-01;1000,54
CONSTRUTORA;CONSTR SUL;01 - TUBOS ELETRODUTOS KRONA;2022-02-01;754,89
CONSTRUTORA;CONSTR SUL;01 - TUBOS ELETRODUTOS KRONA;2022-03-01;8032,12
CONSTRUTORA;CONSTR SUL;01 - TUBOS ELETRODUTOS KRONA;2022-04-01;485,12
CONSTRUTORA;CONSTR SUL;01 - TUBOS ELETRODUTOS KRONA;2022-05-01;250,51
CONSTRUTORA;CONSTR SUL;01 - TUBOS ELETRODUTOS KRONA;2022-06-01;1454,59
CONSTRUTORA;CONSTR SUL;01 - TUBOS ELETRODUTOS KRONA;2022-07-01;316,19
CONSTRUTORA;CONSTR SUL;01 - TUBOS ELETRODUTOS KRONA;2022-08-01;380,90
CONSTRUTORA;CONSTR SUL;01 - TUBOS ELETRODUTOS KRONA;2022-09-01;808,98
CONSTRUTORA;CONSTR SUL;01 - TUBOS ELETRODUTOS KRONA;2022-10-01;473,50
CONSTRUTORA;CONSTR SUL;01 - TUBOS ELETRODUTOS KRONA;2022-11-01;357,01
CONSTRUTORA;CONSTR SUL;01 - TUBOS ELETRODUTOS KRONA;2022-12-01;2009,68
CONSTRUTORA;CONSTR SUL;01 - TUBOS ELETRODUTOS KRONA;2023-01-01;4507,34
CONSTRUTORA;CONSTR SUL;01 - TUBOS ELETRODUTOS KRONA;2023-02-01;1657,01
CONSTRUTORA;CONSTR SUL;01 - TUBOS ELETRODUTOS KRONA;2023-03-01;617,18
CONSTRUTORA;CONSTR SUL;01 - TUBOS ELETRODUTOS KRONA;2023-04-01;6753,81
CONSTRUTORA;CONSTR SUL;01 - TUBOS ELETRODUTOS KRONA;2023-05-01;834,59
CONSTRUTORA;CONSTR SUL;01 - TUBOS ELETRODUTOS KRONA;2023-06-01;2699,07
CONSTRUTORA;CONSTR SUL;01 - TUBOS ELETRODUTOS KRONA;2023-07-01;1482,97
CONSTRUTORA;CONSTR SUL;01 - TUBOS ELETRODUTOS KRONA;2023-08-01;2183,65
CONSTRUTORA;CONSTR SUL;01 - TUBOS ELETRODUTOS KRONA;2023-09-01;3859,85
CONSTRUTORA;CONSTR SUL;01 - TUBOS ELETRODUTOS KRONA;2023-10-01;2170,86
CONSTRUTORA;CONSTR SUL;01 - TUBOS ELETRODUTOS KRONA;2023-11-01;2089,43
CONSTRUTORA;CONSTR SUL;01 - TUBOS ELETRODUTOS KRONA;2023-12-01;3304,90
CONSTRUTORA;CONSTR SUL;01 - TUBOS ELETRODUTOS KRONA;2024-01-01;682,57
CONSTRUTORA;CONSTR SUL;01 - TUBOS ELETRODUTOS KRONA;2024-02-01;2244,03
CONSTRUTORA;CONSTR SUL;01 - TUBOS ELETRODUTOS KRONA;2024-03-01;2476,11
CONSTRUTORA;CONSTR SUL;01 - TUBOS ELETRODUTOS KRONA;2024-04-01;976,75
CONSTRUTORA;CONSTR SUL;01 - TUBOS ELETRODUTOS KRONA;2024-05-01;1413,05
CONSTRUTORA;CONSTR SUL;01 - TUBOS ELETRODUTOS KRONA;2024-06-01;2212,19
CONSTRUTORA;CONSTR SUL;01 - TUBOS ELETRODUTOS KRONA;2024-07-01;1365,99
CONSTRUTORA;CONSTR SUL;01 - TUBOS ELETRODUTOS KRONA;2024-08-01;111,65
CONSTRUTORA;CONSTR SUL;01 - TUBOS ELETRODUTOS KRONA;2024-09-01;491,53
CONSTRUTORA;CONSTR SUL;01 - TUBOS ELETRODUTOS KRONA;2024-10-01;1312,52
CONSTRUTORA;CONSTR SUL;01 - TUBOS ELETRODUTOS KRONA;2024-11-01;375,56
CONSTRUTORA;CONSTR SUL;01 - TUBOS ELETRODUTOS KRONA;2024-12-01;1028,25
CONSTRUTORA;CONSTR SUL;01 - TUBOS ELETRODUTOS KRONA;2025-01-01;1203,34
CONSTRUTORA;CONSTR SUL;01 - TUBOS ELETRODUTOS KRONA;2025-02-01;1486,55
CONSTRUTORA;CONSTR SUL;01 - TUBOS ELETRODUTOS KRONA;2025-03-01;414,56
CONSTRUTORA;CONSTR SUL;01 - TUBOS ELETRODUTOS KRONA;2025-04-01;565,01
CONSTRUTORA;CONSTR SUL;01 - TUBOS ELETRODUTOS KRONA;2025-05-01;1710,41
CONSTRUTORA;CONSTR SUL;01 - TUBOS ELETRODUTOS KRONA;2025-06-01;1315,01
CONSTRUTORA;CONSTR SUL;01 - TUBOS ELETRODUTOS KRONA;2025-07-01;1314,85
CONSTRUTORA;CONSTR SUL;01 - TUBOS ELETRODUTOS KRONA;2025-08-01;303,23
CONSTRUTORA;CONSTR SUL;01 - TUBOS ELETRODUTOS KRONA;2025-09-01;2611,53
CONSTRUTORA;CONSTR SUL;01 - TUBOS ELETRODUTOS KRONA;2025-10-01;1585,22
CONSTRUTORA;CONSTR SUL;01 - TUBOS ELETRODUTOS KRONA;2025-11-01;1182,16
CONSTRUTORA;CONSTR SUL;01 - TUBOS ELETRODUTOS KRONA;2025-12-01;5146,51
CONSTRUTORA;CONSTR SUL;01 - TUBOS ELETRODUTOS KRONA;2026-01-01;694,41
CONSTRUTORA;CONSTR SUL;01 - TUBOS ELETRODUTOS KRONA;2026-02-01;5802,87
CONSTRUTORA;CONSTR SUL;01 - TUBOS ELETRODUTOS KRONA;2026-03-01;844,50
CONSTRUTORA;CONSTR SUL;01 - TUBOS ELETRODUTOS KRONA;2026-04-01;8152,37
CONSTRUTORA;CONSTR SUL;01 - TUBOS ELETRODUTOS KRONA;2026-05-01;2470,82
CONSTRUTORA;CONSTR SUL;01 - TUBOS ELETRODUTOS KRONA;2026-06-01;1514,47
CONSTRUTORA;CONSTR SUL;01 - TUBOS ELETRODUTOS KRONA;2026-07-01;10268,06
CONSTRUTORA;CONSTR SUL;01 - TUBOS ELETRODUTOS KRONA;2026-08-01;6291,07
CONSTRUTORA;CONSTR SUL;02 - CONEXOES KRONA;2022-01-01;10706,92
CONSTRUTORA;CONSTR SUL;02 - CONEXOES KRONA;2022-02-01;22238,35
CONSTRUTORA;CONSTR SUL;02 - CONEXOES KRONA;2022-03-01;25611,80
CONSTRUTORA;CONSTR SUL;02 - CONEXOES KRONA;2022-04-01;29079,47
CONSTRUTORA;CONSTR SUL;02 - CONEXOES KRONA;2022-05-01;35335,16
CONSTRUTORA;CONSTR SUL;02 - CONEXOES KRONA;2022-06-01;23023,56
CONSTRUTORA;CONSTR SUL;02 - CONEXOES KRONA;2022-07-01;33691,57
CONSTRUTORA;CONSTR SUL;02 - CONEXOES KRONA;2022-08-01;39051,21
CONSTRUTORA;CONSTR SUL;02 - CONEXOES KRONA;2022-09-01;32256,44
CONSTRUTORA;CONSTR SUL;02 - CONEXOES KRONA;2022-10-01;35007,53
CONSTRUTORA;CONSTR SUL;02 - CONEXOES KRONA;2022-11-01;28494,34
CONSTRUTORA;CONSTR SUL;02 - CONEXOES KRONA;2022-12-01;46897,51
CONSTRUTORA;CONSTR SUL;02 - CONEXOES KRONA;2023-01-01;22226,94
CONSTRUTORA;CONSTR SUL;02 - CONEXOES KRONA;2023-02-01;30964,19
CONSTRUTORA;CONSTR SUL;02 - CONEXOES KRONA;2023-03-01;48379,44
CONSTRUTORA;CONSTR SUL;02 - CONEXOES KRONA;2023-04-01;43350,62
CONSTRUTORA;CONSTR SUL;02 - CONEXOES KRONA;2023-05-01;31584,13
CONSTRUTORA;CONSTR SUL;02 - CONEXOES KRONA;2023-06-01;37893,77
CONSTRUTORA;CONSTR SUL;02 - CONEXOES KRONA;2023-07-01;44538,22
CONSTRUTORA;CONSTR SUL;02 - CONEXOES KRONA;2023-08-01;41767,43
CONSTRUTORA;CONSTR SUL;02 - CONEXOES KRONA;2023-09-01;45424,26
CONSTRUTORA;CONSTR SUL;02 - CONEXOES KRONA;2023-10-01;26066,46
CONSTRUTORA;CONSTR SUL;02 - CONEXOES KRONA;2023-11-01;38134,22
CONSTRUTORA;CONSTR SUL;02 - CONEXOES KRONA;2023-12-01;35948,45
CONSTRUTORA;CONSTR SUL;02 - CONEXOES KRONA;2024-01-01;22705,38
CONSTRUTORA;CONSTR SUL;02 - CONEXOES KRONA;2024-02-01;34464,15
CONSTRUTORA;CONSTR SUL;02 - CONEXOES KRONA;2024-03-01;46257,04
CONSTRUTORA;CONSTR SUL;02 - CONEXOES KRONA;2024-04-01;36232,43
CONSTRUTORA;CONSTR SUL;02 - CONEXOES KRONA;2024-05-01;32767,30
CONSTRUTORA;CONSTR SUL;02 - CONEXOES KRONA;2024-06-01;55840,67
CONSTRUTORA;CONSTR SUL;02 - CONEXOES KRONA;2024-07-01;47184,67
CONSTRUTORA;CONSTR SUL;02 - CONEXOES KRONA;2024-08-01;23488,92
CONSTRUTORA;CONSTR SUL;02 - CONEXOES KRONA;2024-09-01;38952,04
CONSTRUTORA;CONSTR SUL;02 - CONEXOES KRONA;2024-10-01;41435,04
CONSTRUTORA;CONSTR SUL;02 - CONEXOES KRONA;2024-11-01;31779,87
CONSTRUTORA;CONSTR SUL;02 - CONEXOES KRONA;2024-12-01;31973,75
CONSTRUTORA;CONSTR SUL;02 - CONEXOES KRONA;2025-01-01;27396,33
CONSTRUTORA;CONSTR SUL;02 - CONEXOES KRONA;2025-02-01;37777,66
CONSTRUTORA;CONSTR SUL;02 - CONEXOES KRONA;2025-03-01;32309,05
CONSTRUTORA;CONSTR SUL;02 - CONEXOES KRONA;2025-04-01;28297,87
CONSTRUTORA;CONSTR SUL;02 - CONEXOES KRONA;2025-05-01;39609,97
CONSTRUTORA;CONSTR SUL;02 - CONEXOES KRONA;2025-06-01;56103,58
CONSTRUTORA;CONSTR SUL;02 - CONEXOES KRONA;2025-07-01;40755,73
CONSTRUTORA;CONSTR SUL;02 - CONEXOES KRONA;2025-08-01;49790,60
CONSTRUTORA;CONSTR SUL;02 - CONEXOES KRONA;2025-09-01;34798,07
CONSTRUTORA;CONSTR SUL;02 - CONEXOES KRONA;2025-10-01;35534,25
CONSTRUTORA;CONSTR SUL;02 - CONEXOES KRONA;2025-11-01;34844,93
CONSTRUTORA;CONSTR SUL;02 - CONEXOES KRONA;2025-12-01;33125,95
CONSTRUTORA;CONSTR SUL;02 - CONEXOES KRONA;2026-01-01;33602,21
CONSTRUTORA;CONSTR SUL;02 - CONEXOES KRONA;2026-02-01;42730,24
CONSTRUTORA;CONSTR SUL;02 - CONEXOES KRONA;2026-03-01;55399,27
CONSTRUTORA;CONSTR SUL;02 - CONEXOES KRONA;2026-04-01;76471,75
CONSTRUTORA;CONSTR SUL;02 - CONEXOES KRONA;2026-05-01;46663,98
CONSTRUTORA;CONSTR SUL;02 - CONEXOES KRONA;2026-06-01;36351,51
CONSTRUTORA;CONSTR SUL;02 - CONEXOES KRONA;2026-07-01;48877,78
CONSTRUTORA;CONSTR SUL;02 - CONEXOES KRONA;2026-08-01;47966,53
CONSTRUTORA;CONSTR SUL;03 - ACESSORIOS KRONA;2022-01-01;361,49
CONSTRUTORA;CONSTR SUL;03 - ACESSORIOS KRONA;2022-02-01;441,81
CONSTRUTORA;CONSTR SUL;03 - ACESSORIOS KRONA;2022-03-01;620,21
CONSTRUTORA;CONSTR SUL;03 - ACESSORIOS KRONA;2022-04-01;711,18
CONSTRUTORA;CONSTR SUL;03 - ACESSORIOS KRONA;2022-05-01;666,47
CONSTRUTORA;CONSTR SUL;03 - ACESSORIOS KRONA;2022-06-01;825,40
CONSTRUTORA;CONSTR SUL;03 - ACESSORIOS KRONA;2022-07-01;738,79
CONSTRUTORA;CONSTR SUL;03 - ACESSORIOS KRONA;2022-08-01;600,79
CONSTRUTORA;CONSTR SUL;03 - ACESSORIOS KRONA;2022-09-01;596,73
CONSTRUTORA;CONSTR SUL;03 - ACESSORIOS KRONA;2022-10-01;1070,96
CONSTRUTORA;CONSTR SUL;03 - ACESSORIOS KRONA;2022-11-01;552,57
CONSTRUTORA;CONSTR SUL;03 - ACESSORIOS KRONA;2022-12-01;780,57
CONSTRUTORA;CONSTR SUL;03 - ACESSORIOS KRONA;2023-01-01;587,26
CONSTRUTORA;CONSTR SUL;03 - ACESSORIOS KRONA;2023-02-01;655,11
CONSTRUTORA;CONSTR SUL;03 - ACESSORIOS KRONA;2023-03-01;667,79
CONSTRUTORA;CONSTR SUL;03 - ACESSORIOS KRONA;2023-04-01;1695,40
CONSTRUTORA;CONSTR SUL;03 - ACESSORIOS KRONA;2023-05-01;662,36
CONSTRUTORA;CONSTR SUL;03 - ACESSORIOS KRONA;2023-06-01;1278,03
CONSTRUTORA;CONSTR SUL;03 - ACESSORIOS KRONA;2023-07-01;1276,25
CONSTRUTORA;CONSTR SUL;03 - ACESSORIOS KRONA;2023-08-01;1063,34
CONSTRUTORA;CONSTR SUL;03 - ACESSORIOS KRONA;2023-09-01;560,05
CONSTRUTORA;CONSTR SUL;03 - ACESSORIOS KRONA;2023-10-01;546,09
CONSTRUTORA;CONSTR SUL;03 - ACESSORIOS KRONA;2023-11-01;1124,43
CONSTRUTORA;CONSTR SUL;03 - ACESSORIOS KRONA;2023-12-01;1832,89
CONSTRUTORA;CONSTR SUL;03 - ACESSORIOS KRONA;2024-01-01;435,86
CONSTRUTORA;CONSTR SUL;03 - ACESSORIOS KRONA;2024-02-01;952,02
CONSTRUTORA;CONSTR SUL;03 - ACESSORIOS KRONA;2024-03-01;1172,25
CONSTRUTORA;CONSTR SUL;03 - ACESSORIOS KRONA;2024-04-01;1507,50
CONSTRUTORA;CONSTR SUL;03 - ACESSORIOS KRONA;2024-05-01;1196,07
CONSTRUTORA;CONSTR SUL;03 - ACESSORIOS KRONA;2024-06-01;1333,00
CONSTRUTORA;CONSTR SUL;03 - ACESSORIOS KRONA;2024-07-01;1578,91
CONSTRUTORA;CONSTR SUL;03 - ACESSORIOS KRONA;2024-08-01;926,47
CONSTRUTORA;CONSTR SUL;03 - ACESSORIOS KRONA;2024-09-01;935,24
CONSTRUTORA;CONSTR SUL;03 - ACESSORIOS KRONA;2024-10-01;1094,90
CONSTRUTORA;CONSTR SUL;03 - ACESSORIOS KRONA;2024-11-01;1082,33
CONSTRUTORA;CONSTR SUL;03 - ACESSORIOS KRONA;2024-12-01;1016,39
CONSTRUTORA;CONSTR SUL;03 - ACESSORIOS KRONA;2025-01-01;548,15
CONSTRUTORA;CONSTR SUL;03 - ACESSORIOS KRONA;2025-02-01;1198,50
CONSTRUTORA;CONSTR SUL;03 - ACESSORIOS KRONA;2025-03-01;1055,94
CONSTRUTORA;CONSTR SUL;03 - ACESSORIOS KRONA;2025-04-01;1032,91
CONSTRUTORA;CONSTR SUL;03 - ACESSORIOS KRONA;2025-05-01;1082,09
CONSTRUTORA;CONSTR SUL;03 - ACESSORIOS KRONA;2025-06-01;1542,99
CONSTRUTORA;CONSTR SUL;03 - ACESSORIOS KRONA;2025-07-01;1237,87
CONSTRUTORA;CONSTR SUL;03 - ACESSORIOS KRONA;2025-08-01;1623,73
CONSTRUTORA;CONSTR SUL;03 - ACESSORIOS KRONA;2025-09-01;743,81
CONSTRUTORA;CONSTR SUL;03 - ACESSORIOS KRONA;2025-10-01;895,61
CONSTRUTORA;CONSTR SUL;03 - ACESSORIOS KRONA;2025-11-01;925,78
CONSTRUTORA;CONSTR SUL;03 - ACESSORIOS KRONA;2025-12-01;508,62
CONSTRUTORA;CONSTR SUL;03 - ACESSORIOS KRONA;2026-01-01;593,69
CONSTRUTORA;CONSTR SUL;03 - ACESSORIOS KRONA;2026-02-01;663,84
CONSTRUTORA;CONSTR SUL;03 - ACESSORIOS KRONA;2026-03-01;1117,88
CONSTRUTORA;CONSTR SUL;03 - ACESSORIOS KRONA;2026-04-01;937,48
CONSTRUTORA;CONSTR SUL;03 - ACESSORIOS KRONA;2026-05-01;549,28
CONSTRUTORA;CONSTR SUL;03 - ACESSORIOS KRONA;2026-06-01;724,92
CONSTRUTORA;CONSTR SUL;03 - ACESSORIOS KRONA;2026-07-01;1646,35
CONSTRUTORA;CONSTR SUL;03 - ACESSORIOS KRONA;2026-08-01;1102,56
CONSTRUTORA;CONSTR SUL;04 - PRODUTOS REVENDA;2022-01-01;1143,67
CONSTRUTORA;CONSTR SUL;04 - PRODUTOS REVENDA;2022-02-01;1719,27
CONSTRUTORA;CONSTR SUL;04 - PRODUTOS REVENDA;2022-03-01;1980,96
CONSTRUTORA;CONSTR SUL;04 - PRODUTOS REVENDA;2022-04-01;2518,82
CONSTRUTORA;CONSTR SUL;04 - PRODUTOS REVENDA;2022-05-01;3259,56
CONSTRUTORA;CONSTR SUL;04 - PRODUTOS REVENDA;2022-06-01;2303,52
CONSTRUTORA;CONSTR SUL;04 - PRODUTOS REVENDA;2022-07-01;3006,87
CONSTRUTORA;CONSTR SUL;04 - PRODUTOS REVENDA;2022-08-01;5089,25
CONSTRUTORA;CONSTR SUL;04 - PRODUTOS REVENDA;2022-09-01;2410,69
CONSTRUTORA;CONSTR SUL;04 - PRODUTOS REVENDA;2022-10-01;3145,00
CONSTRUTORA;CONSTR SUL;04 - PRODUTOS REVENDA;2022-11-01;2360,63
CONSTRUTORA;CONSTR SUL;04 - PRODUTOS REVENDA;2022-12-01;3987,25
CONSTRUTORA;CONSTR SUL;04 - PRODUTOS REVENDA;2023-01-01;2574,58
CONSTRUTORA;CONSTR SUL;04 - PRODUTOS REVENDA;2023-02-01;3100,66
CONSTRUTORA;CONSTR SUL;04 - PRODUTOS REVENDA;2023-03-01;5590,56
CONSTRUTORA;CONSTR SUL;04 - PRODUTOS REVENDA;2023-04-01;6323,84
CONSTRUTORA;CONSTR SUL;04 - PRODUTOS REVENDA;2023-05-01;3511,54
CONSTRUTORA;CONSTR SUL;04 - PRODUTOS REVENDA;2023-06-01;2980,37
CONSTRUTORA;CONSTR SUL;04 - PRODUTOS REVENDA;2023-07-01;4761,80
CONSTRUTORA;CONSTR SUL;04 - PRODUTOS REVENDA;2023-08-01;3834,03
CONSTRUTORA;CONSTR SUL;04 - PRODUTOS REVENDA;2023-09-01;4648,72
CONSTRUTORA;CONSTR SUL;04 - PRODUTOS REVENDA;2023-10-01;3165,70
CONSTRUTORA;CONSTR SUL;04 - PRODUTOS REVENDA;2023-11-01;5401,54
CONSTRUTORA;CONSTR SUL;04 - PRODUTOS REVENDA;2023-12-01;4218,79
CONSTRUTORA;CONSTR SUL;04 - PRODUTOS REVENDA;2024-01-01;2278,49
CONSTRUTORA;CONSTR SUL;04 - PRODUTOS REVENDA;2024-02-01;4849,80
CONSTRUTORA;CONSTR SUL;04 - PRODUTOS REVENDA;2024-03-01;5699,87
CONSTRUTORA;CONSTR SUL;04 - PRODUTOS REVENDA;2024-04-01;4703,93
CONSTRUTORA;CONSTR SUL;04 - PRODUTOS REVENDA;2024-05-01;3465,94
CONSTRUTORA;CONSTR SUL;04 - PRODUTOS REVENDA;2024-06-01;7086,43
CONSTRUTORA;CONSTR SUL;04 - PRODUTOS REVENDA;2024-07-01;4172,70
CONSTRUTORA;CONSTR SUL;04 - PRODUTOS REVENDA;2024-08-01;2420,22
CONSTRUTORA;CONSTR SUL;04 - PRODUTOS REVENDA;2024-09-01;3987,69
CONSTRUTORA;CONSTR SUL;04 - PRODUTOS REVENDA;2024-10-01;4418,76
CONSTRUTORA;CONSTR SUL;04 - PRODUTOS REVENDA;2024-11-01;2982,25
CONSTRUTORA;CONSTR SUL;04 - PRODUTOS REVENDA;2024-12-01;2990,90
CONSTRUTORA;CONSTR SUL;04 - PRODUTOS REVENDA;2025-01-01;2610,59
CONSTRUTORA;CONSTR SUL;04 - PRODUTOS REVENDA;2025-02-01;3766,34
CONSTRUTORA;CONSTR SUL;04 - PRODUTOS REVENDA;2025-03-01;3390,58
CONSTRUTORA;CONSTR SUL;04 - PRODUTOS REVENDA;2025-04-01;3348,18
CONSTRUTORA;CONSTR SUL;04 - PRODUTOS REVENDA;2025-05-01;4462,86
CONSTRUTORA;CONSTR SUL;04 - PRODUTOS REVENDA;2025-06-01;6133,07
CONSTRUTORA;CONSTR SUL;04 - PRODUTOS REVENDA;2025-07-01;3768,39
CONSTRUTORA;CONSTR SUL;04 - PRODUTOS REVENDA;2025-08-01;4843,85
CONSTRUTORA;CONSTR SUL;04 - PRODUTOS REVENDA;2025-09-01;3212,01
CONSTRUTORA;CONSTR SUL;04 - PRODUTOS REVENDA;2025-10-01;3555,79
CONSTRUTORA;CONSTR SUL;04 - PRODUTOS REVENDA;2025-11-01;3466,26
CONSTRUTORA;CONSTR SUL;04 - PRODUTOS REVENDA;2025-12-01;3003,62
CONSTRUTORA;CONSTR SUL;04 - PRODUTOS REVENDA;2026-01-01;3122,30
CONSTRUTORA;CONSTR SUL;04 - PRODUTOS REVENDA;2026-02-01;3714,69
CONSTRUTORA;CONSTR SUL;04 - PRODUTOS REVENDA;2026-03-01;4316,54
CONSTRUTORA;CONSTR SUL;04 - PRODUTOS REVENDA;2026-04-01;5840,24
CONSTRUTORA;CONSTR SUL;04 - PRODUTOS REVENDA;2026-05-01;4182,85
CONSTRUTORA;CONSTR SUL;04 - PRODUTOS REVENDA;2026-06-01;3707,74
CONSTRUTORA;CONSTR SUL;04 - PRODUTOS REVENDA;2026-07-01;3360,61
CONSTRUTORA;CONSTR SUL;04 - PRODUTOS REVENDA;2026-08-01;3844,31
CONSTRUTORA;CONSTR SUL;29 - PPR;2022-01-01;2616,90
CONSTRUTORA;CONSTR SUL;29 - PPR;2022-02-01;6024,52
CONSTRUTORA;CONSTR SUL;29 - PPR;2022-03-01;4524,20
CONSTRUTORA;CONSTR SUL;29 - PPR;2022-04-01;6912,41
CONSTRUTORA;CONSTR SUL;29 - PPR;2022-05-01;8599,92
CONSTRUTORA;CONSTR SUL;29 - PPR;2022-06-01;4674,98
CONSTRUTORA;CONSTR SUL;29 - PPR;2022-07-01;6984,78
CONSTRUTORA;CONSTR SUL;29 - PPR;2022-08-01;8091,67
CONSTRUTORA;CONSTR SUL;29 - PPR;2022-09-01;6694,31
CONSTRUTORA;CONSTR SUL;29 - PPR;2022-10-01;5447,80
CONSTRUTORA;CONSTR SUL;29 - PPR;2022-11-01;9352,00
CONSTRUTORA;CONSTR SUL;29 - PPR;2022-12-01;11841,18
CONSTRUTORA;CONSTR SUL;29 - PPR;2023-01-01;5784,97
CONSTRUTORA;CONSTR SUL;29 - PPR;2023-02-01;12962,92
CONSTRUTORA;CONSTR SUL;29 - PPR;2023-03-01;12753,02
CONSTRUTORA;CONSTR SUL;29 - PPR;2023-04-01;5458,44
CONSTRUTORA;CONSTR SUL;29 - PPR;2023-05-01;6076,19
CONSTRUTORA;CONSTR SUL;29 - PPR;2023-06-01;5500,65
CONSTRUTORA;CONSTR SUL;29 - PPR;2023-07-01;10647,98
CONSTRUTORA;CONSTR SUL;29 - PPR;2023-08-01;7907,67
CONSTRUTORA;CONSTR SUL;29 - PPR;2023-09-01;10664,70
CONSTRUTORA;CONSTR SUL;29 - PPR;2023-10-01;7109,31
CONSTRUTORA;CONSTR SUL;29 - PPR;2023-11-01;11207,50
CONSTRUTORA;CONSTR SUL;29 - PPR;2023-12-01;11043,16
CONSTRUTORA;CONSTR SUL;29 - PPR;2024-01-01;5196,77
CONSTRUTORA;CONSTR SUL;29 - PPR;2024-02-01;6617,21
CONSTRUTORA;CONSTR SUL;29 - PPR;2024-03-01;8865,71
CONSTRUTORA;CONSTR SUL;29 - PPR;2024-04-01;4594,52
CONSTRUTORA;CONSTR SUL;29 - PPR;2024-05-01;3870,12
CONSTRUTORA;CONSTR SUL;29 - PPR;2024-06-01;11974,07
CONSTRUTORA;CONSTR SUL;29 - PPR;2024-07-01;8477,44
CONSTRUTORA;CONSTR SUL;29 - PPR;2024-08-01;6424,85
CONSTRUTORA;CONSTR SUL;29 - PPR;2024-09-01;6219,97
CONSTRUTORA;CONSTR SUL;29 - PPR;2024-10-01;5630,47
CONSTRUTORA;CONSTR SUL;29 - PPR;2024-11-01;4620,68
CONSTRUTORA;CONSTR SUL;29 - PPR;2024-12-01;10808,71
CONSTRUTORA;CONSTR SUL;29 - PPR;2025-01-01;3501,58
CONSTRUTORA;CONSTR SUL;29 - PPR;2025-02-01;4025,42
CONSTRUTORA;CONSTR SUL;29 - PPR;2025-03-01;4777,59
CONSTRUTORA;CONSTR SUL;29 - PPR;2025-04-01;7382,62
CONSTRUTORA;CONSTR SUL;29 - PPR;2025-05-01;5645,66
CONSTRUTORA;CONSTR SUL;29 - PPR;2025-06-01;11703,11
CONSTRUTORA;CONSTR SUL;29 - PPR;2025-07-01;4849,99
CONSTRUTORA;CONSTR SUL;29 - PPR;2025-08-01;5939,08
CONSTRUTORA;CONSTR SUL;29 - PPR;2025-09-01;3403,74
CONSTRUTORA;CONSTR SUL;29 - PPR;2025-10-01;4918,48
CONSTRUTORA;CONSTR SUL;29 - PPR;2025-11-01;7322,13
CONSTRUTORA;CONSTR SUL;29 - PPR;2025-12-01;6393,36
CONSTRUTORA;CONSTR SUL;29 - PPR;2026-01-01;6105,70
CONSTRUTORA;CONSTR SUL;29 - PPR;2026-02-01;12316,53
CONSTRUTORA;CONSTR SUL;29 - PPR;2026-03-01;10039,61
CONSTRUTORA;CONSTR SUL;29 - PPR;2026-04-01;14791,35
CONSTRUTORA;CONSTR SUL;29 - PPR;2026-05-01;6853,31
CONSTRUTORA;CONSTR SUL;29 - PPR;2026-06-01;4445,72
CONSTRUTORA;CONSTR SUL;29 - PPR;2026-07-01;4516,21
CONSTRUTORA;CONSTR SUL;29 - PPR;2026-08-01;7360,35
CONSTRUTORA;CONSTR SUL;30 - ELETRODUTOS CORRUGADOS KRONA;2022-01-01;4082,38
CONSTRUTORA;CONSTR SUL;30 - ELETRODUTOS CORRUGADOS KRONA;2022-02-01;19220,75
CONSTRUTORA;CONSTR SUL;30 - ELETRODUTOS CORRUGADOS KRONA;2022-03-01;21005,45
CONSTRUTORA;CONSTR SUL;30 - ELETRODUTOS CORRUGADOS KRONA;2022-04-01;49439,55
CONSTRUTORA;CONSTR SUL;30 - ELETRODUTOS CORRUGADOS KRONA;2022-05-01;16924,54
CONSTRUTORA;CONSTR SUL;30 - ELETRODUTOS CORRUGADOS KRONA;2022-06-01;43982,73
CONSTRUTORA;CONSTR SUL;30 - ELETRODUTOS CORRUGADOS KRONA;2022-07-01;16013,26
CONSTRUTORA;CONSTR SUL;30 - ELETRODUTOS CORRUGADOS KRONA;2022-08-01;13704,88
CONSTRUTORA;CONSTR SUL;30 - ELETRODUTOS CORRUGADOS KRONA;2022-09-01;26051,31
CONSTRUTORA;CONSTR SUL;30 - ELETRODUTOS CORRUGADOS KRONA;2022-10-01;38779,43
CONSTRUTORA;CONSTR SUL;30 - ELETRODUTOS CORRUGADOS KRONA;2022-11-01;13454,34
CONSTRUTORA;CONSTR SUL;30 - ELETRODUTOS CORRUGADOS KRONA;2022-12-01;31434,30
CONSTRUTORA;CONSTR SUL;30 - ELETRODUTOS CORRUGADOS KRONA;2023-01-01;8935,42
CONSTRUTORA;CONSTR SUL;30 - ELETRODUTOS CORRUGADOS KRONA;2023-02-01;29108,41
CONSTRUTORA;CONSTR SUL;30 - ELETRODUTOS CORRUGADOS KRONA;2023-03-01;52894,50
CONSTRUTORA;CONSTR SUL;30 - ELETRODUTOS CORRUGADOS KRONA;2023-04-01;12078,30
CONSTRUTORA;CONSTR SUL;30 - ELETRODUTOS CORRUGADOS KRONA;2023-05-01;28384,28
CONSTRUTORA;CONSTR SUL;30 - ELETRODUTOS CORRUGADOS KRONA;2023-06-01;42763,09
CONSTRUTORA;CONSTR SUL;30 - ELETRODUTOS CORRUGADOS KRONA;2023-07-01;36408,72
CONSTRUTORA;CONSTR SUL;30 - ELETRODUTOS CORRUGADOS KRONA;2023-08-01;25697,68
CONSTRUTORA;CONSTR SUL;30 - ELETRODUTOS CORRUGADOS KRONA;2023-09-01;64972,53
CONSTRUTORA;CONSTR SUL;30 - ELETRODUTOS CORRUGADOS KRONA;2023-10-01;19124,03
CONSTRUTORA;CONSTR SUL;30 - ELETRODUTOS CORRUGADOS KRONA;2023-11-01;16416,32
CONSTRUTORA;CONSTR SUL;30 - ELETRODUTOS CORRUGADOS KRONA;2023-12-01;29252,46
CONSTRUTORA;CONSTR SUL;30 - ELETRODUTOS CORRUGADOS KRONA;2024-01-01;13975,91
CONSTRUTORA;CONSTR SUL;30 - ELETRODUTOS CORRUGADOS KRONA;2024-02-01;32515,68
CONSTRUTORA;CONSTR SUL;30 - ELETRODUTOS CORRUGADOS KRONA;2024-03-01;27400,45
CONSTRUTORA;CONSTR SUL;30 - ELETRODUTOS CORRUGADOS KRONA;2024-04-01;28711,65
CONSTRUTORA;CONSTR SUL;30 - ELETRODUTOS CORRUGADOS KRONA;2024-05-01;37191,04
CONSTRUTORA;CONSTR SUL;30 - ELETRODUTOS CORRUGADOS KRONA;2024-06-01;52744,39
CONSTRUTORA;CONSTR SUL;30 - ELETRODUTOS CORRUGADOS KRONA;2024-07-01;24438,24
CONSTRUTORA;CONSTR SUL;30 - ELETRODUTOS CORRUGADOS KRONA;2024-08-01;23721,29
CONSTRUTORA;CONSTR SUL;30 - ELETRODUTOS CORRUGADOS KRONA;2024-09-01;29130,20
CONSTRUTORA;CONSTR SUL;30 - ELETRODUTOS CORRUGADOS KRONA;2024-10-01;29641,04
CONSTRUTORA;CONSTR SUL;30 - ELETRODUTOS CORRUGADOS KRONA;2024-11-01;26632,19
CONSTRUTORA;CONSTR SUL;30 - ELETRODUTOS CORRUGADOS KRONA;2024-12-01;23470,94
CONSTRUTORA;CONSTR SUL;30 - ELETRODUTOS CORRUGADOS KRONA;2025-01-01;11448,86
CONSTRUTORA;CONSTR SUL;30 - ELETRODUTOS CORRUGADOS KRONA;2025-02-01;26465,97
CONSTRUTORA;CONSTR SUL;30 - ELETRODUTOS CORRUGADOS KRONA;2025-03-01;16043,30
CONSTRUTORA;CONSTR SUL;30 - ELETRODUTOS CORRUGADOS KRONA;2025-04-01;25702,53
CONSTRUTORA;CONSTR SUL;30 - ELETRODUTOS CORRUGADOS KRONA;2025-05-01;20773,47
CONSTRUTORA;CONSTR SUL;30 - ELETRODUTOS CORRUGADOS KRONA;2025-06-01;32258,24
CONSTRUTORA;CONSTR SUL;30 - ELETRODUTOS CORRUGADOS KRONA;2025-07-01;28564,35
CONSTRUTORA;CONSTR SUL;30 - ELETRODUTOS CORRUGADOS KRONA;2025-08-01;43662,30
CONSTRUTORA;CONSTR SUL;30 - ELETRODUTOS CORRUGADOS KRONA;2025-09-01;28199,45
CONSTRUTORA;CONSTR SUL;30 - ELETRODUTOS CORRUGADOS KRONA;2025-10-01;28890,78
CONSTRUTORA;CONSTR SUL;30 - ELETRODUTOS CORRUGADOS KRONA;2025-11-01;27129,59
CONSTRUTORA;CONSTR SUL;30 - ELETRODUTOS CORRUGADOS KRONA;2025-12-01;25298,56
CONSTRUTORA;CONSTR SUL;30 - ELETRODUTOS CORRUGADOS KRONA;2026-01-01;21337,43
CONSTRUTORA;CONSTR SUL;30 - ELETRODUTOS CORRUGADOS KRONA;2026-02-01;40546,23
CONSTRUTORA;CONSTR SUL;30 - ELETRODUTOS CORRUGADOS KRONA;2026-03-01;44036,36
CONSTRUTORA;CONSTR SUL;30 - ELETRODUTOS CORRUGADOS KRONA;2026-04-01;87492,70
CONSTRUTORA;CONSTR SUL;30 - ELETRODUTOS CORRUGADOS KRONA;2026-05-01;42429,62
CONSTRUTORA;CONSTR SUL;30 - ELETRODUTOS CORRUGADOS KRONA;2026-06-01;29339,45
CONSTRUTORA;CONSTR SUL;30 - ELETRODUTOS CORRUGADOS KRONA;2026-07-01;35953,05
CONSTRUTORA;CONSTR SUL;30 - ELETRODUTOS CORRUGADOS KRONA;2026-08-01;51211,07
CONSTRUTORA;CONSTR SUL;31 - CPVC ULTRATERM;2022-01-01;833,17
CONSTRUTORA;CONSTR SUL;31 - CPVC ULTRATERM;2022-02-01;1777,03
CONSTRUTORA;CONSTR SUL;31 - CPVC ULTRATERM;2022-03-01;2919,43
CONSTRUTORA;CONSTR SUL;31 - CPVC ULTRATERM;2022-04-01;2665,65
CONSTRUTORA;CONSTR SUL;31 - CPVC ULTRATERM;2022-05-01;2905,67
CONSTRUTORA;CONSTR SUL;31 - CPVC ULTRATERM;2022-06-01;1154,22
CONSTRUTORA;CONSTR SUL;31 - CPVC ULTRATERM;2022-07-01;1975,66
CONSTRUTORA;CONSTR SUL;31 - CPVC ULTRATERM;2022-08-01;3339,80
CONSTRUTORA;CONSTR SUL;31 - CPVC ULTRATERM;2022-09-01;2243,09
CONSTRUTORA;CONSTR SUL;31 - CPVC ULTRATERM;2022-10-01;3702,17
CONSTRUTORA;CONSTR SUL;31 - CPVC ULTRATERM;2022-11-01;1787,54
CONSTRUTORA;CONSTR SUL;31 - CPVC ULTRATERM;2022-12-01;2191,57
CONSTRUTORA;CONSTR SUL;31 - CPVC ULTRATERM;2023-01-01;1007,54
CONSTRUTORA;CONSTR SUL;31 - CPVC ULTRATERM;2023-02-01;2817,19
CONSTRUTORA;CONSTR SUL;31 - CPVC ULTRATERM;2023-03-01;3204,33
CONSTRUTORA;CONSTR SUL;31 - CPVC ULTRATERM;2023-04-01;2255,28
CONSTRUTORA;CONSTR SUL;31 - CPVC ULTRATERM;2023-05-01;1540,32
CONSTRUTORA;CONSTR SUL;31 - CPVC ULTRATERM;2023-06-01;4526,72
CONSTRUTORA;CONSTR SUL;31 - CPVC ULTRATERM;2023-07-01;1768,85
CONSTRUTORA;CONSTR SUL;31 - CPVC ULTRATERM;2023-08-01;2155,86
CONSTRUTORA;CONSTR SUL;31 - CPVC ULTRATERM;2023-09-01;2461,57
CONSTRUTORA;CONSTR SUL;31 - CPVC ULTRATERM;2023-10-01;2117,60
CONSTRUTORA;CONSTR SUL;31 - CPVC ULTRATERM;2023-11-01;1726,15
CONSTRUTORA;CONSTR SUL;31 - CPVC ULTRATERM;2023-12-01;1146,10
CONSTRUTORA;CONSTR SUL;31 - CPVC ULTRATERM;2024-01-01;1146,16
CONSTRUTORA;CONSTR SUL;31 - CPVC ULTRATERM;2024-02-01;2113,57
CONSTRUTORA;CONSTR SUL;31 - CPVC ULTRATERM;2024-03-01;2705,60
CONSTRUTORA;CONSTR SUL;31 - CPVC ULTRATERM;2024-04-01;4445,64
CONSTRUTORA;CONSTR SUL;31 - CPVC ULTRATERM;2024-05-01;945,76
CONSTRUTORA;CONSTR SUL;31 - CPVC ULTRATERM;2024-06-01;2289,65
CONSTRUTORA;CONSTR SUL;31 - CPVC ULTRATERM;2024-07-01;1959,09
CONSTRUTORA;CONSTR SUL;31 - CPVC ULTRATERM;2024-08-01;1630,80
CONSTRUTORA;CONSTR SUL;31 - CPVC ULTRATERM;2024-09-01;2226,66
CONSTRUTORA;CONSTR SUL;31 - CPVC ULTRATERM;2024-10-01;4803,47
CONSTRUTORA;CONSTR SUL;31 - CPVC ULTRATERM;2024-11-01;1022,28
CONSTRUTORA;CONSTR SUL;31 - CPVC ULTRATERM;2024-12-01;3244,68
CONSTRUTORA;CONSTR SUL;31 - CPVC ULTRATERM;2025-01-01;2457,18
CONSTRUTORA;CONSTR SUL;31 - CPVC ULTRATERM;2025-02-01;5490,93
CONSTRUTORA;CONSTR SUL;31 - CPVC ULTRATERM;2025-03-01;1753,62
CONSTRUTORA;CONSTR SUL;31 - CPVC ULTRATERM;2025-04-01;1984,99
CONSTRUTORA;CONSTR SUL;31 - CPVC ULTRATERM;2025-05-01;3223,08
CONSTRUTORA;CONSTR SUL;31 - CPVC ULTRATERM;2025-06-01;5533,67
CONSTRUTORA;CONSTR SUL;31 - CPVC ULTRATERM;2025-07-01;4092,85
CONSTRUTORA;CONSTR SUL;31 - CPVC ULTRATERM;2025-08-01;3622,13
CONSTRUTORA;CONSTR SUL;31 - CPVC ULTRATERM;2025-09-01;1559,24
CONSTRUTORA;CONSTR SUL;31 - CPVC ULTRATERM;2025-10-01;3971,21
CONSTRUTORA;CONSTR SUL;31 - CPVC ULTRATERM;2025-11-01;3731,14
CONSTRUTORA;CONSTR SUL;31 - CPVC ULTRATERM;2025-12-01;1856,43
CONSTRUTORA;CONSTR SUL;31 - CPVC ULTRATERM;2026-01-01;1243,02
CONSTRUTORA;CONSTR SUL;31 - CPVC ULTRATERM;2026-02-01;1996,73
CONSTRUTORA;CONSTR SUL;31 - CPVC ULTRATERM;2026-03-01;2801,98
CONSTRUTORA;CONSTR SUL;31 - CPVC ULTRATERM;2026-04-01;5741,05
CONSTRUTORA;CONSTR SUL;31 - CPVC ULTRATERM;2026-05-01;3391,27
CONSTRUTORA;CONSTR SUL;31 - CPVC ULTRATERM;2026-06-01;1861,28
CONSTRUTORA;CONSTR SUL;31 - CPVC ULTRATERM;2026-07-01;2788,16
CONSTRUTORA;CONSTR SUL;31 - CPVC ULTRATERM;2026-08-01;1704,16
EXPORTACAO;EXPORTACAO;00 - TUBOS PVC KRONA;2022-02-01;871,14
EXPORTACAO;EXPORTACAO;00 - TUBOS PVC KRONA;2022-04-01;592,00
EXPORTACAO;EXPORTACAO;00 - TUBOS PVC KRONA;2022-05-01;3895,00
EXPORTACAO;EXPORTACAO;00 - TUBOS PVC KRONA;2022-09-01;690,34
EXPORTACAO;EXPORTACAO;00 - TUBOS PVC KRONA;2022-11-01;12695,50
EXPORTACAO;EXPORTACAO;00 - TUBOS PVC KRONA;2022-12-01;72,14
EXPORTACAO;EXPORTACAO;00 - TUBOS PVC KRONA;2023-01-01;125,50
EXPORTACAO;EXPORTACAO;00 - TUBOS PVC KRONA;2023-02-01;6994,69
EXPORTACAO;EXPORTACAO;00 - TUBOS PVC KRONA;2023-03-01;872,64
EXPORTACAO;EXPORTACAO;00 - TUBOS PVC KRONA;2023-04-01;11298,00
EXPORTACAO;EXPORTACAO;00 - TUBOS PVC KRONA;2023-05-01;12055,50
EXPORTACAO;EXPORTACAO;00 - TUBOS PVC KRONA;2023-06-01;19412,60
EXPORTACAO;EXPORTACAO;00 - TUBOS PVC KRONA;2023-07-01;5067,47
EXPORTACAO;EXPORTACAO;00 - TUBOS PVC KRONA;2023-08-01;505,35
EXPORTACAO;EXPORTACAO;00 - TUBOS PVC KRONA;2023-09-01;841,50
EXPORTACAO;EXPORTACAO;00 - TUBOS PVC KRONA;2023-10-01;8111,06
EXPORTACAO;EXPORTACAO;00 - TUBOS PVC KRONA;2023-11-01;4559,25
EXPORTACAO;EXPORTACAO;00 - TUBOS PVC KRONA;2023-12-01;9144,90
EXPORTACAO;EXPORTACAO;00 - TUBOS PVC KRONA;2024-01-01;202,50
EXPORTACAO;EXPORTACAO;00 - TUBOS PVC KRONA;2024-02-01;3906,40
EXPORTACAO;EXPORTACAO;00 - TUBOS PVC KRONA;2024-03-01;14088,38
EXPORTACAO;EXPORTACAO;00 - TUBOS PVC KRONA;2024-04-01;12417,00
EXPORTACAO;EXPORTACAO;00 - TUBOS PVC KRONA;2024-05-01;10935,30
EXPORTACAO;EXPORTACAO;00 - TUBOS PVC KRONA;2024-06-01;51764,95
EXPORTACAO;EXPORTACAO;00 - TUBOS PVC KRONA;2024-07-01;508,32
EXPORTACAO;EXPORTACAO;00 - TUBOS PVC KRONA;2024-08-01;24308,73
EXPORTACAO;EXPORTACAO;00 - TUBOS PVC KRONA;2024-09-01;14173,01
EXPORTACAO;EXPORTACAO;00 - TUBOS PVC KRONA;2024-10-01;9111,02
EXPORTACAO;EXPORTACAO;00 - TUBOS PVC KRONA;2024-11-01;36804,43
EXPORTACAO;EXPORTACAO;00 - TUBOS PVC KRONA;2024-12-01;7073,52
EXPORTACAO;EXPORTACAO;00 - TUBOS PVC KRONA;2025-01-01;11238,70
EXPORTACAO;EXPORTACAO;00 - TUBOS PVC KRONA;2025-02-01;1049,20
EXPORTACAO;EXPORTACAO;00 - TUBOS PVC KRONA;2025-03-01;9255,11
EXPORTACAO;EXPORTACAO;00 - TUBOS PVC KRONA;2025-04-01;11084,58
EXPORTACAO;EXPORTACAO;00 - TUBOS PVC KRONA;2025-05-01;9057,04
EXPORTACAO;EXPORTACAO;00 - TUBOS PVC KRONA;2025-06-01;31912,73
EXPORTACAO;EXPORTACAO;00 - TUBOS PVC KRONA;2025-07-01;9320,80
EXPORTACAO;EXPORTACAO;00 - TUBOS PVC KRONA;2025-08-01;19550,55
EXPORTACAO;EXPORTACAO;00 - TUBOS PVC KRONA;2025-09-01;213,00
EXPORTACAO;EXPORTACAO;00 - TUBOS PVC KRONA;2025-11-01;19039,27
EXPORTACAO;EXPORTACAO;00 - TUBOS PVC KRONA;2025-12-01;13999,37
EXPORTACAO;EXPORTACAO;00 - TUBOS PVC KRONA;2026-01-01;8227,41
EXPORTACAO;EXPORTACAO;00 - TUBOS PVC KRONA;2026-02-01;1121,50
EXPORTACAO;EXPORTACAO;00 - TUBOS PVC KRONA;2026-03-01;14565,30
EXPORTACAO;EXPORTACAO;00 - TUBOS PVC KRONA;2026-04-01;23316,25
EXPORTACAO;EXPORTACAO;00 - TUBOS PVC KRONA;2026-05-01;24637,25
EXPORTACAO;EXPORTACAO;00 - TUBOS PVC KRONA;2026-06-01;9930,15
EXPORTACAO;EXPORTACAO;00 - TUBOS PVC KRONA;2026-07-01;5172,11
EXPORTACAO;EXPORTACAO;00 - TUBOS PVC KRONA;2026-08-01;9166,11
EXPORTACAO;EXPORTACAO;01 - TUBOS ELETRODUTOS KRONA;2022-11-01;1099,28
EXPORTACAO;EXPORTACAO;01 - TUBOS ELETRODUTOS KRONA;2022-12-01;30,05
EXPORTACAO;EXPORTACAO;01 - TUBOS ELETRODUTOS KRONA;2023-02-01;57,50
EXPORTACAO;EXPORTACAO;01 - TUBOS ELETRODUTOS KRONA;2023-06-01;731,43
EXPORTACAO;EXPORTACAO;01 - TUBOS ELETRODUTOS KRONA;2023-07-01;13,61
EXPORTACAO;EXPORTACAO;01 - TUBOS ELETRODUTOS KRONA;2023-08-01;28,00
EXPORTACAO;EXPORTACAO;01 - TUBOS ELETRODUTOS KRONA;2023-10-01;575,92
EXPORTACAO;EXPORTACAO;01 - TUBOS ELETRODUTOS KRONA;2023-11-01;119,30
EXPORTACAO;EXPORTACAO;01 - TUBOS ELETRODUTOS KRONA;2023-12-01;1013,30
EXPORTACAO;EXPORTACAO;01 - TUBOS ELETRODUTOS KRONA;2024-02-01;45,00
EXPORTACAO;EXPORTACAO;01 - TUBOS ELETRODUTOS KRONA;2024-05-01;45,00
EXPORTACAO;EXPORTACAO;01 - TUBOS ELETRODUTOS KRONA;2024-08-01;1093,20
EXPORTACAO;EXPORTACAO;01 - TUBOS ELETRODUTOS KRONA;2024-11-01;36,00
EXPORTACAO;EXPORTACAO;01 - TUBOS ELETRODUTOS KRONA;2024-12-01;2583,50
EXPORTACAO;EXPORTACAO;01 - TUBOS ELETRODUTOS KRONA;2025-01-01;36,00
EXPORTACAO;EXPORTACAO;01 - TUBOS ELETRODUTOS KRONA;2025-06-01;208,50
EXPORTACAO;EXPORTACAO;01 - TUBOS ELETRODUTOS KRONA;2025-12-01;138,00
EXPORTACAO;EXPORTACAO;01 - TUBOS ELETRODUTOS KRONA;2026-03-01;1210,26
EXPORTACAO;EXPORTACAO;01 - TUBOS ELETRODUTOS KRONA;2026-05-01;67,20
EXPORTACAO;EXPORTACAO;01 - TUBOS ELETRODUTOS KRONA;2026-08-01;230,00
EXPORTACAO;EXPORTACAO;02 - CONEXOES KRONA;2022-01-01;30240,46
EXPORTACAO;EXPORTACAO;02 - CONEXOES KRONA;2022-02-01;111538,81
EXPORTACAO;EXPORTACAO;02 - CONEXOES KRONA;2022-03-01;77198,71
EXPORTACAO;EXPORTACAO;02 - CONEXOES KRONA;2022-04-01;9011,84
EXPORTACAO;EXPORTACAO;02 - CONEXOES KRONA;2022-05-01;50256,91
EXPORTACAO;EXPORTACAO;02 - CONEXOES KRONA;2022-06-01;13884,49
EXPORTACAO;EXPORTACAO;02 - CONEXOES KRONA;2022-07-01;50009,70
EXPORTACAO;EXPORTACAO;02 - CONEXOES KRONA;2022-08-01;46592,56
EXPORTACAO;EXPORTACAO;02 - CONEXOES KRONA;2022-09-01;61311,57
EXPORTACAO;EXPORTACAO;02 - CONEXOES KRONA;2022-10-01;8739,48
EXPORTACAO;EXPORTACAO;02 - CONEXOES KRONA;2022-11-01;36823,24
EXPORTACAO;EXPORTACAO;02 - CONEXOES KRONA;2022-12-01;50225,91
EXPORTACAO;EXPORTACAO;02 - CONEXOES KRONA;2023-01-01;37512,47
EXPORTACAO;EXPORTACAO;02 - CONEXOES KRONA;2023-02-01;31488,64
EXPORTACAO;EXPORTACAO;02 - CONEXOES KRONA;2023-03-01;75698,02
EXPORTACAO;EXPORTACAO;02 - CONEXOES KRONA;2023-04-01;2192,18
EXPORTACAO;EXPORTACAO;02 - CONEXOES KRONA;2023-05-01;34254,86
EXPORTACAO;EXPORTACAO;02 - CONEXOES KRONA;2023-06-01;33530,56
EXPORTACAO;EXPORTACAO;02 - CONEXOES KRONA;2023-07-01;50144,11
EXPORTACAO;EXPORTACAO;02 - CONEXOES KRONA;2023-08-01;28244,90
EXPORTACAO;EXPORTACAO;02 - CONEXOES KRONA;2023-09-01;46147,26
EXPORTACAO;EXPORTACAO;02 - CONEXOES KRONA;2023-10-01;25794,18
EXPORTACAO;EXPORTACAO;02 - CONEXOES KRONA;2023-11-01;83316,02
EXPORTACAO;EXPORTACAO;02 - CONEXOES KRONA;2023-12-01;83783,13
EXPORTACAO;EXPORTACAO;02 - CONEXOES KRONA;2024-01-01;10776,58
EXPORTACAO;EXPORTACAO;02 - CONEXOES KRONA;2024-02-01;38768,24
EXPORTACAO;EXPORTACAO;02 - CONEXOES KRONA;2024-03-01;105331,03
EXPORTACAO;EXPORTACAO;02 - CONEXOES KRONA;2024-04-01;29785,07
EXPORTACAO;EXPORTACAO;02 - CONEXOES KRONA;2024-05-01;60960,41
EXPORTACAO;EXPORTACAO;02 - CONEXOES KRONA;2024-06-01;39916,86
EXPORTACAO;EXPORTACAO;02 - CONEXOES KRONA;2024-07-01;79901,14
EXPORTACAO;EXPORTACAO;02 - CONEXOES KRONA;2024-08-01;32246,10
EXPORTACAO;EXPORTACAO;02 - CONEXOES KRONA;2024-09-01;56184,43
EXPORTACAO;EXPORTACAO;02 - CONEXOES KRONA;2024-10-01;30571,99
EXPORTACAO;EXPORTACAO;02 - CONEXOES KRONA;2024-11-01;148038,33
EXPORTACAO;EXPORTACAO;02 - CONEXOES KRONA;2024-12-01;40695,31
EXPORTACAO;EXPORTACAO;02 - CONEXOES KRONA;2025-01-01;78249,26
EXPORTACAO;EXPORTACAO;02 - CONEXOES KRONA;2025-02-01;36292,45
EXPORTACAO;EXPORTACAO;02 - CONEXOES KRONA;2025-03-01;61600,61
EXPORTACAO;EXPORTACAO;02 - CONEXOES KRONA;2025-04-01;58560,67
EXPORTACAO;EXPORTACAO;02 - CONEXOES KRONA;2025-05-01;60996,55
EXPORTACAO;EXPORTACAO;02 - CONEXOES KRONA;2025-06-01;69449,70
EXPORTACAO;EXPORTACAO;02 - CONEXOES KRONA;2025-07-01;93895,61
EXPORTACAO;EXPORTACAO;02 - CONEXOES KRONA;2025-08-01;69554,06
EXPORTACAO;EXPORTACAO;02 - CONEXOES KRONA;2025-09-01;39493,02
EXPORTACAO;EXPORTACAO;02 - CONEXOES KRONA;2025-10-01;9365,81
EXPORTACAO;EXPORTACAO;02 - CONEXOES KRONA;2025-11-01;57322,33
EXPORTACAO;EXPORTACAO;02 - CONEXOES KRONA;2025-12-01;13311,31
EXPORTACAO;EXPORTACAO;02 - CONEXOES KRONA;2026-01-01;22255,72
EXPORTACAO;EXPORTACAO;02 - CONEXOES KRONA;2026-02-01;28202,83
EXPORTACAO;EXPORTACAO;02 - CONEXOES KRONA;2026-03-01;50304,54
EXPORTACAO;EXPORTACAO;02 - CONEXOES KRONA;2026-04-01;66382,39
EXPORTACAO;EXPORTACAO;02 - CONEXOES KRONA;2026-05-01;71543,70
EXPORTACAO;EXPORTACAO;02 - CONEXOES KRONA;2026-06-01;61148,80
EXPORTACAO;EXPORTACAO;02 - CONEXOES KRONA;2026-07-01;27406,72
EXPORTACAO;EXPORTACAO;02 - CONEXOES KRONA;2026-08-01;10534,80
EXPORTACAO;EXPORTACAO;03 - ACESSORIOS KRONA;2022-01-01;5690,85
EXPORTACAO;EXPORTACAO;03 - ACESSORIOS KRONA;2022-02-01;11055,52
EXPORTACAO;EXPORTACAO;03 - ACESSORIOS KRONA;2022-03-01;11341,13
EXPORTACAO;EXPORTACAO;03 - ACESSORIOS KRONA;2022-04-01;2554,63
EXPORTACAO;EXPORTACAO;03 - ACESSORIOS KRONA;2022-05-01;22180,90
EXPORTACAO;EXPORTACAO;03 - ACESSORIOS KRONA;2022-06-01;377,21
EXPORTACAO;EXPORTACAO;03 - ACESSORIOS KRONA;2022-07-01;8751,17
EXPORTACAO;EXPORTACAO;03 - ACESSORIOS KRONA;2022-08-01;8093,76
EXPORTACAO;EXPORTACAO;03 - ACESSORIOS KRONA;2022-09-01;11094,50
EXPORTACAO;EXPORTACAO;03 - ACESSORIOS KRONA;2022-10-01;191,39
EXPORTACAO;EXPORTACAO;03 - ACESSORIOS KRONA;2022-11-01;4812,21
EXPORTACAO;EXPORTACAO;03 - ACESSORIOS KRONA;2022-12-01;10101,55
EXPORTACAO;EXPORTACAO;03 - ACESSORIOS KRONA;2023-01-01;7284,95
EXPORTACAO;EXPORTACAO;03 - ACESSORIOS KRONA;2023-02-01;3536,24
EXPORTACAO;EXPORTACAO;03 - ACESSORIOS KRONA;2023-03-01;16865,87
EXPORTACAO;EXPORTACAO;03 - ACESSORIOS KRONA;2023-05-01;11418,62
EXPORTACAO;EXPORTACAO;03 - ACESSORIOS KRONA;2023-06-01;4337,08
EXPORTACAO;EXPORTACAO;03 - ACESSORIOS KRONA;2023-07-01;13796,91
EXPORTACAO;EXPORTACAO;03 - ACESSORIOS KRONA;2023-08-01;5741,67
EXPORTACAO;EXPORTACAO;03 - ACESSORIOS KRONA;2023-09-01;11344,40
EXPORTACAO;EXPORTACAO;03 - ACESSORIOS KRONA;2023-10-01;3838,25
EXPORTACAO;EXPORTACAO;03 - ACESSORIOS KRONA;2023-11-01;17244,21
EXPORTACAO;EXPORTACAO;03 - ACESSORIOS KRONA;2023-12-01;14063,11
EXPORTACAO;EXPORTACAO;03 - ACESSORIOS KRONA;2024-01-01;2035,74
EXPORTACAO;EXPORTACAO;03 - ACESSORIOS KRONA;2024-02-01;10892,70
EXPORTACAO;EXPORTACAO;03 - ACESSORIOS KRONA;2024-03-01;8502,62
EXPORTACAO;EXPORTACAO;03 - ACESSORIOS KRONA;2024-04-01;6034,58
EXPORTACAO;EXPORTACAO;03 - ACESSORIOS KRONA;2024-05-01;15451,89
EXPORTACAO;EXPORTACAO;03 - ACESSORIOS KRONA;2024-06-01;8591,89
EXPORTACAO;EXPORTACAO;03 - ACESSORIOS KRONA;2024-07-01;13415,26
EXPORTACAO;EXPORTACAO;03 - ACESSORIOS KRONA;2024-08-01;9488,04
EXPORTACAO;EXPORTACAO;03 - ACESSORIOS KRONA;2024-09-01;9321,79
EXPORTACAO;EXPORTACAO;03 - ACESSORIOS KRONA;2024-10-01;3760,71
EXPORTACAO;EXPORTACAO;03 - ACESSORIOS KRONA;2024-11-01;18616,99
EXPORTACAO;EXPORTACAO;03 - ACESSORIOS KRONA;2024-12-01;13240,68
EXPORTACAO;EXPORTACAO;03 - ACESSORIOS KRONA;2025-01-01;16976,73
EXPORTACAO;EXPORTACAO;03 - ACESSORIOS KRONA;2025-02-01;3321,49
EXPORTACAO;EXPORTACAO;03 - ACESSORIOS KRONA;2025-03-01;14528,69
EXPORTACAO;EXPORTACAO;03 - ACESSORIOS KRONA;2025-04-01;9192,52
EXPORTACAO;EXPORTACAO;03 - ACESSORIOS KRONA;2025-05-01;13537,58
EXPORTACAO;EXPORTACAO;03 - ACESSORIOS KRONA;2025-06-01;17564,02
EXPORTACAO;EXPORTACAO;03 - ACESSORIOS KRONA;2025-07-01;18120,92
EXPORTACAO;EXPORTACAO;03 - ACESSORIOS KRONA;2025-08-01;25667,78
EXPORTACAO;EXPORTACAO;03 - ACESSORIOS KRONA;2025-09-01;12391,31
EXPORTACAO;EXPORTACAO;03 - ACESSORIOS KRONA;2025-10-01;486,77
EXPORTACAO;EXPORTACAO;03 - ACESSORIOS KRONA;2025-11-01;8801,23
EXPORTACAO;EXPORTACAO;03 - ACESSORIOS KRONA;2025-12-01;8841,25
EXPORTACAO;EXPORTACAO;03 - ACESSORIOS KRONA;2026-01-01;4091,23
EXPORTACAO;EXPORTACAO;03 - ACESSORIOS KRONA;2026-02-01;14837,08
EXPORTACAO;EXPORTACAO;03 - ACESSORIOS KRONA;2026-03-01;12636,72
EXPORTACAO;EXPORTACAO;03 - ACESSORIOS KRONA;2026-04-01;16901,05
EXPORTACAO;EXPORTACAO;03 - ACESSORIOS KRONA;2026-05-01;26220,47
EXPORTACAO;EXPORTACAO;03 - ACESSORIOS KRONA;2026-06-01;9119,42
EXPORTACAO;EXPORTACAO;03 - ACESSORIOS KRONA;2026-07-01;5078,90
EXPORTACAO;EXPORTACAO;03 - ACESSORIOS KRONA;2026-08-01;3291,63
EXPORTACAO;EXPORTACAO;04 - PRODUTOS REVENDA;2022-01-01;556,91
EXPORTACAO;EXPORTACAO;04 - PRODUTOS REVENDA;2022-02-01;848,17
EXPORTACAO;EXPORTACAO;04 - PRODUTOS REVENDA;2022-03-01;469,54
EXPORTACAO;EXPORTACAO;04 - PRODUTOS REVENDA;2022-05-01;409,55
EXPORTACAO;EXPORTACAO;04 - PRODUTOS REVENDA;2022-07-01;374,45
EXPORTACAO;EXPORTACAO;04 - PRODUTOS REVENDA;2022-08-01;471,99
EXPORTACAO;EXPORTACAO;04 - PRODUTOS REVENDA;2022-09-01;467,19
EXPORTACAO;EXPORTACAO;04 - PRODUTOS REVENDA;2022-11-01;418,77
EXPORTACAO;EXPORTACAO;04 - PRODUTOS REVENDA;2022-12-01;372,11
EXPORTACAO;EXPORTACAO;04 - PRODUTOS REVENDA;2023-01-01;469,15
EXPORTACAO;EXPORTACAO;04 - PRODUTOS REVENDA;2023-02-01;54,10
EXPORTACAO;EXPORTACAO;04 - PRODUTOS REVENDA;2023-03-01;347,36
EXPORTACAO;EXPORTACAO;04 - PRODUTOS REVENDA;2023-05-01;1053,35
EXPORTACAO;EXPORTACAO;04 - PRODUTOS REVENDA;2023-06-01;215,92
EXPORTACAO;EXPORTACAO;04 - PRODUTOS REVENDA;2023-07-01;320,02
EXPORTACAO;EXPORTACAO;04 - PRODUTOS REVENDA;2023-08-01;1860,92
EXPORTACAO;EXPORTACAO;04 - PRODUTOS REVENDA;2023-09-01;737,81
EXPORTACAO;EXPORTACAO;04 - PRODUTOS REVENDA;2023-10-01;270,12
EXPORTACAO;EXPORTACAO;04 - PRODUTOS REVENDA;2023-11-01;411,05
EXPORTACAO;EXPORTACAO;04 - PRODUTOS REVENDA;2023-12-01;387,28
EXPORTACAO;EXPORTACAO;04 - PRODUTOS REVENDA;2024-01-01;198,88
EXPORTACAO;EXPORTACAO;04 - PRODUTOS REVENDA;2024-02-01;477,80
EXPORTACAO;EXPORTACAO;04 - PRODUTOS REVENDA;2024-03-01;573,55
EXPORTACAO;EXPORTACAO;04 - PRODUTOS REVENDA;2024-04-01;325,38
EXPORTACAO;EXPORTACAO;04 - PRODUTOS REVENDA;2024-05-01;1074,48
EXPORTACAO;EXPORTACAO;04 - PRODUTOS REVENDA;2024-06-01;193,92
EXPORTACAO;EXPORTACAO;04 - PRODUTOS REVENDA;2024-07-01;408,50
EXPORTACAO;EXPORTACAO;04 - PRODUTOS REVENDA;2024-08-01;189,90
EXPORTACAO;EXPORTACAO;04 - PRODUTOS REVENDA;2024-09-01;507,81
EXPORTACAO;EXPORTACAO;04 - PRODUTOS REVENDA;2024-10-01;203,15
EXPORTACAO;EXPORTACAO;04 - PRODUTOS REVENDA;2024-11-01;599,81
EXPORTACAO;EXPORTACAO;04 - PRODUTOS REVENDA;2024-12-01;41,76
EXPORTACAO;EXPORTACAO;04 - PRODUTOS REVENDA;2025-01-01;536,54
EXPORTACAO;EXPORTACAO;04 - PRODUTOS REVENDA;2025-02-01;7,70
EXPORTACAO;EXPORTACAO;04 - PRODUTOS REVENDA;2025-03-01;350,26
EXPORTACAO;EXPORTACAO;04 - PRODUTOS REVENDA;2025-04-01;463,20
EXPORTACAO;EXPORTACAO;04 - PRODUTOS REVENDA;2025-05-01;42,18
EXPORTACAO;EXPORTACAO;04 - PRODUTOS REVENDA;2025-06-01;1153,42
EXPORTACAO;EXPORTACAO;04 - PRODUTOS REVENDA;2025-07-01;179,96
EXPORTACAO;EXPORTACAO;04 - PRODUTOS REVENDA;2025-08-01;337,68
EXPORTACAO;EXPORTACAO;04 - PRODUTOS REVENDA;2025-09-01;698,40
EXPORTACAO;EXPORTACAO;04 - PRODUTOS REVENDA;2025-11-01;459,64
EXPORTACAO;EXPORTACAO;04 - PRODUTOS REVENDA;2026-01-01;313,33
EXPORTACAO;EXPORTACAO;04 - PRODUTOS REVENDA;2026-02-01;691,98
EXPORTACAO;EXPORTACAO;04 - PRODUTOS REVENDA;2026-03-01;157,37
EXPORTACAO;EXPORTACAO;04 - PRODUTOS REVENDA;2026-04-01;645,63
EXPORTACAO;EXPORTACAO;04 - PRODUTOS REVENDA;2026-05-01;864,40
EXPORTACAO;EXPORTACAO;04 - PRODUTOS REVENDA;2026-06-01;509,48
EXPORTACAO;EXPORTACAO;04 - PRODUTOS REVENDA;2026-07-01;57,60
EXPORTACAO;EXPORTACAO;04 - PRODUTOS REVENDA;2026-08-01;1000,00
EXPORTACAO;EXPORTACAO;29 - PPR;2023-03-01;12,56
EXPORTACAO;EXPORTACAO;29 - PPR;2023-05-01;2,95
EXPORTACAO;EXPORTACAO;29 - PPR;2023-08-01;324,48
EXPORTACAO;EXPORTACAO;29 - PPR;2023-10-01;6,67
EXPORTACAO;EXPORTACAO;30 - ELETRODUTOS CORRUGADOS KRONA;2022-02-01;7827,50
EXPORTACAO;EXPORTACAO;30 - ELETRODUTOS CORRUGADOS KRONA;2022-03-01;4282,00
EXPORTACAO;EXPORTACAO;30 - ELETRODUTOS CORRUGADOS KRONA;2022-05-01;627,00
EXPORTACAO;EXPORTACAO;30 - ELETRODUTOS CORRUGADOS KRONA;2022-06-01;2316,00
EXPORTACAO;EXPORTACAO;30 - ELETRODUTOS CORRUGADOS KRONA;2022-07-01;2959,50
EXPORTACAO;EXPORTACAO;30 - ELETRODUTOS CORRUGADOS KRONA;2022-08-01;2316,00
EXPORTACAO;EXPORTACAO;30 - ELETRODUTOS CORRUGADOS KRONA;2022-09-01;1226,00
EXPORTACAO;EXPORTACAO;30 - ELETRODUTOS CORRUGADOS KRONA;2022-11-01;186,00
EXPORTACAO;EXPORTACAO;30 - ELETRODUTOS CORRUGADOS KRONA;2022-12-01;2534,75
EXPORTACAO;EXPORTACAO;30 - ELETRODUTOS CORRUGADOS KRONA;2023-02-01;1504,98
EXPORTACAO;EXPORTACAO;30 - ELETRODUTOS CORRUGADOS KRONA;2023-05-01;984,00
EXPORTACAO;EXPORTACAO;30 - ELETRODUTOS CORRUGADOS KRONA;2023-06-01;346,00
EXPORTACAO;EXPORTACAO;30 - ELETRODUTOS CORRUGADOS KRONA;2023-07-01;2926,00
EXPORTACAO;EXPORTACAO;30 - ELETRODUTOS CORRUGADOS KRONA;2023-08-01;1516,00
EXPORTACAO;EXPORTACAO;30 - ELETRODUTOS CORRUGADOS KRONA;2023-09-01;2182,77
EXPORTACAO;EXPORTACAO;30 - ELETRODUTOS CORRUGADOS KRONA;2023-10-01;1784,20
EXPORTACAO;EXPORTACAO;30 - ELETRODUTOS CORRUGADOS KRONA;2023-11-01;2188,80
EXPORTACAO;EXPORTACAO;30 - ELETRODUTOS CORRUGADOS KRONA;2023-12-01;3186,90
EXPORTACAO;EXPORTACAO;30 - ELETRODUTOS CORRUGADOS KRONA;2024-03-01;3170,00
EXPORTACAO;EXPORTACAO;30 - ELETRODUTOS CORRUGADOS KRONA;2024-05-01;2939,70
EXPORTACAO;EXPORTACAO;30 - ELETRODUTOS CORRUGADOS KRONA;2024-06-01;1520,90
EXPORTACAO;EXPORTACAO;30 - ELETRODUTOS CORRUGADOS KRONA;2024-07-01;3652,00
EXPORTACAO;EXPORTACAO;30 - ELETRODUTOS CORRUGADOS KRONA;2024-08-01;102,00
EXPORTACAO;EXPORTACAO;30 - ELETRODUTOS CORRUGADOS KRONA;2024-09-01;6,24
EXPORTACAO;EXPORTACAO;30 - ELETRODUTOS CORRUGADOS KRONA;2024-11-01;111,30
EXPORTACAO;EXPORTACAO;30 - ELETRODUTOS CORRUGADOS KRONA;2024-12-01;307,24
EXPORTACAO;EXPORTACAO;30 - ELETRODUTOS CORRUGADOS KRONA;2025-02-01;915,36
EXPORTACAO;EXPORTACAO;30 - ELETRODUTOS CORRUGADOS KRONA;2025-03-01;1344,00
EXPORTACAO;EXPORTACAO;30 - ELETRODUTOS CORRUGADOS KRONA;2025-05-01;552,00
EXPORTACAO;EXPORTACAO;30 - ELETRODUTOS CORRUGADOS KRONA;2025-06-01;648,80
EXPORTACAO;EXPORTACAO;30 - ELETRODUTOS CORRUGADOS KRONA;2025-08-01;5497,00
EXPORTACAO;EXPORTACAO;30 - ELETRODUTOS CORRUGADOS KRONA;2025-09-01;921,90
EXPORTACAO;EXPORTACAO;30 - ELETRODUTOS CORRUGADOS KRONA;2025-12-01;4779,88
EXPORTACAO;EXPORTACAO;30 - ELETRODUTOS CORRUGADOS KRONA;2026-02-01;1223,10
EXPORTACAO;EXPORTACAO;30 - ELETRODUTOS CORRUGADOS KRONA;2026-03-01;2577,28
EXPORTACAO;EXPORTACAO;30 - ELETRODUTOS CORRUGADOS KRONA;2026-04-01;655,20
EXPORTACAO;EXPORTACAO;30 - ELETRODUTOS CORRUGADOS KRONA;2026-05-01;5014,40
EXPORTACAO;EXPORTACAO;30 - ELETRODUTOS CORRUGADOS KRONA;2026-06-01;6941,00
EXPORTACAO;EXPORTACAO;30 - ELETRODUTOS CORRUGADOS KRONA;2026-07-01;1416,00
EXPORTACAO;EXPORTACAO;30 - ELETRODUTOS CORRUGADOS KRONA;2026-08-01;86,40
EXPORTACAO;EXPORTACAO;31 - CPVC ULTRATERM;2023-10-01;0,96
EXPORTACAO;EXPORTACAO;31 - CPVC ULTRATERM;2026-05-01;0,82
IRRIGACAO;IRRIGACAO 1;00 - TUBOS PVC KRONA;2022-01-01;501,82
IRRIGACAO;IRRIGACAO 1;00 - TUBOS PVC KRONA;2022-02-01;6555,78
IRRIGACAO;IRRIGACAO 1;00 - TUBOS PVC KRONA;2022-03-01;7020,26
IRRIGACAO;IRRIGACAO 1;00 - TUBOS PVC KRONA;2022-04-01;3370,93
IRRIGACAO;IRRIGACAO 1;00 - TUBOS PVC KRONA;2022-05-01;8483,39
IRRIGACAO;IRRIGACAO 1;00 - TUBOS PVC KRONA;2022-06-01;10667,12
IRRIGACAO;IRRIGACAO 1;00 - TUBOS PVC KRONA;2022-07-01;3000,29
IRRIGACAO;IRRIGACAO 1;00 - TUBOS PVC KRONA;2022-08-01;6062,78
IRRIGACAO;IRRIGACAO 1;00 - TUBOS PVC KRONA;2022-09-01;2940,67
IRRIGACAO;IRRIGACAO 1;00 - TUBOS PVC KRONA;2022-10-01;7848,64
IRRIGACAO;IRRIGACAO 1;00 - TUBOS PVC KRONA;2022-11-01;3419,80
IRRIGACAO;IRRIGACAO 1;00 - TUBOS PVC KRONA;2022-12-01;4498,01
IRRIGACAO;IRRIGACAO 1;00 - TUBOS PVC KRONA;2023-01-01;277,33
IRRIGACAO;IRRIGACAO 1;00 - TUBOS PVC KRONA;2023-02-01;4423,30
IRRIGACAO;IRRIGACAO 1;00 - TUBOS PVC KRONA;2023-03-01;525,64
IRRIGACAO;IRRIGACAO 1;00 - TUBOS PVC KRONA;2023-04-01;4632,15
IRRIGACAO;IRRIGACAO 1;00 - TUBOS PVC KRONA;2023-05-01;4871,16
IRRIGACAO;IRRIGACAO 1;00 - TUBOS PVC KRONA;2023-06-01;4654,39
IRRIGACAO;IRRIGACAO 1;00 - TUBOS PVC KRONA;2023-07-01;5386,35
IRRIGACAO;IRRIGACAO 1;00 - TUBOS PVC KRONA;2023-08-01;4428,46
IRRIGACAO;IRRIGACAO 1;00 - TUBOS PVC KRONA;2023-09-01;2832,27
IRRIGACAO;IRRIGACAO 1;00 - TUBOS PVC KRONA;2023-10-01;1145,53
IRRIGACAO;IRRIGACAO 1;00 - TUBOS PVC KRONA;2023-11-01;5766,07
IRRIGACAO;IRRIGACAO 1;00 - TUBOS PVC KRONA;2023-12-01;1846,18
IRRIGACAO;IRRIGACAO 1;00 - TUBOS PVC KRONA;2024-01-01;3727,35
IRRIGACAO;IRRIGACAO 1;00 - TUBOS PVC KRONA;2024-02-01;2151,61
IRRIGACAO;IRRIGACAO 1;00 - TUBOS PVC KRONA;2024-03-01;7945,30
IRRIGACAO;IRRIGACAO 1;00 - TUBOS PVC KRONA;2024-04-01;7133,47
IRRIGACAO;IRRIGACAO 1;00 - TUBOS PVC KRONA;2024-05-01;4544,42
IRRIGACAO;IRRIGACAO 1;00 - TUBOS PVC KRONA;2024-06-01;5338,27
IRRIGACAO;IRRIGACAO 1;00 - TUBOS PVC KRONA;2024-07-01;4226,97
IRRIGACAO;IRRIGACAO 1;00 - TUBOS PVC KRONA;2024-08-01;2912,70
IRRIGACAO;IRRIGACAO 1;00 - TUBOS PVC KRONA;2024-09-01;3725,80
IRRIGACAO;IRRIGACAO 1;00 - TUBOS PVC KRONA;2024-10-01;12342,42
IRRIGACAO;IRRIGACAO 1;00 - TUBOS PVC KRONA;2024-11-01;18712,69
IRRIGACAO;IRRIGACAO 1;00 - TUBOS PVC KRONA;2024-12-01;10253,41
IRRIGACAO;IRRIGACAO 1;00 - TUBOS PVC KRONA;2025-01-01;6104,28
IRRIGACAO;IRRIGACAO 1;00 - TUBOS PVC KRONA;2025-02-01;10134,35
IRRIGACAO;IRRIGACAO 1;00 - TUBOS PVC KRONA;2025-03-01;6458,43
IRRIGACAO;IRRIGACAO 1;00 - TUBOS PVC KRONA;2025-04-01;4370,41
IRRIGACAO;IRRIGACAO 1;00 - TUBOS PVC KRONA;2025-05-01;7560,62
IRRIGACAO;IRRIGACAO 1;00 - TUBOS PVC KRONA;2025-06-01;12194,22
IRRIGACAO;IRRIGACAO 1;00 - TUBOS PVC KRONA;2025-07-01;11916,53
IRRIGACAO;IRRIGACAO 1;00 - TUBOS PVC KRONA;2025-08-01;2982,34
IRRIGACAO;IRRIGACAO 1;00 - TUBOS PVC KRONA;2025-09-01;9974,36
IRRIGACAO;IRRIGACAO 1;00 - TUBOS PVC KRONA;2025-10-01;9038,89
IRRIGACAO;IRRIGACAO 1;00 - TUBOS PVC KRONA;2025-11-01;11722,36
IRRIGACAO;IRRIGACAO 1;00 - TUBOS PVC KRONA;2025-12-01;12513,50
IRRIGACAO;IRRIGACAO 1;00 - TUBOS PVC KRONA;2026-01-01;9125,60
IRRIGACAO;IRRIGACAO 1;00 - TUBOS PVC KRONA;2026-02-01;9500,68
IRRIGACAO;IRRIGACAO 1;00 - TUBOS PVC KRONA;2026-03-01;9889,20
IRRIGACAO;IRRIGACAO 1;00 - TUBOS PVC KRONA;2026-04-01;8029,03
IRRIGACAO;IRRIGACAO 1;00 - TUBOS PVC KRONA;2026-05-01;10059,56
IRRIGACAO;IRRIGACAO 1;00 - TUBOS PVC KRONA;2026-06-01;5225,56
IRRIGACAO;IRRIGACAO 1;00 - TUBOS PVC KRONA;2026-07-01;2446,70
IRRIGACAO;IRRIGACAO 1;00 - TUBOS PVC KRONA;2026-08-01;3600,37
IRRIGACAO;IRRIGACAO 1;01 - TUBOS ELETRODUTOS KRONA;2022-08-01;11,50
IRRIGACAO;IRRIGACAO 1;01 - TUBOS ELETRODUTOS KRONA;2023-06-01;22,35
IRRIGACAO;IRRIGACAO 1;01 - TUBOS ELETRODUTOS KRONA;2023-11-01;22,35
IRRIGACAO;IRRIGACAO 1;01 - TUBOS ELETRODUTOS KRONA;2024-04-01;53,81
IRRIGACAO;IRRIGACAO 1;01 - TUBOS ELETRODUTOS KRONA;2025-03-01;39,47
IRRIGACAO;IRRIGACAO 1;01 - TUBOS ELETRODUTOS KRONA;2025-05-01;30,32
IRRIGACAO;IRRIGACAO 1;01 - TUBOS ELETRODUTOS KRONA;2025-11-01;29,50
IRRIGACAO;IRRIGACAO 1;01 - TUBOS ELETRODUTOS KRONA;2026-03-01;48,22
IRRIGACAO;IRRIGACAO 1;01 - TUBOS ELETRODUTOS KRONA;2026-07-01;60,00
IRRIGACAO;IRRIGACAO 1;02 - CONEXOES KRONA;2022-01-01;1154,77
IRRIGACAO;IRRIGACAO 1;02 - CONEXOES KRONA;2022-02-01;3379,40
IRRIGACAO;IRRIGACAO 1;02 - CONEXOES KRONA;2022-03-01;3224,53
IRRIGACAO;IRRIGACAO 1;02 - CONEXOES KRONA;2022-04-01;2476,18
IRRIGACAO;IRRIGACAO 1;02 - CONEXOES KRONA;2022-05-01;4096,67
IRRIGACAO;IRRIGACAO 1;02 - CONEXOES KRONA;2022-06-01;2528,14
IRRIGACAO;IRRIGACAO 1;02 - CONEXOES KRONA;2022-07-01;3282,44
IRRIGACAO;IRRIGACAO 1;02 - CONEXOES KRONA;2022-08-01;3518,23
IRRIGACAO;IRRIGACAO 1;02 - CONEXOES KRONA;2022-09-01;2922,56
IRRIGACAO;IRRIGACAO 1;02 - CONEXOES KRONA;2022-10-01;2850,63
IRRIGACAO;IRRIGACAO 1;02 - CONEXOES KRONA;2022-11-01;2619,09
IRRIGACAO;IRRIGACAO 1;02 - CONEXOES KRONA;2022-12-01;2596,54
IRRIGACAO;IRRIGACAO 1;02 - CONEXOES KRONA;2023-01-01;1068,31
IRRIGACAO;IRRIGACAO 1;02 - CONEXOES KRONA;2023-02-01;2851,43
IRRIGACAO;IRRIGACAO 1;02 - CONEXOES KRONA;2023-03-01;1665,02
IRRIGACAO;IRRIGACAO 1;02 - CONEXOES KRONA;2023-04-01;4126,12
IRRIGACAO;IRRIGACAO 1;02 - CONEXOES KRONA;2023-05-01;2920,72
IRRIGACAO;IRRIGACAO 1;02 - CONEXOES KRONA;2023-06-01;3384,86
IRRIGACAO;IRRIGACAO 1;02 - CONEXOES KRONA;2023-07-01;3616,73
IRRIGACAO;IRRIGACAO 1;02 - CONEXOES KRONA;2023-08-01;3438,37
IRRIGACAO;IRRIGACAO 1;02 - CONEXOES KRONA;2023-09-01;3165,01
IRRIGACAO;IRRIGACAO 1;02 - CONEXOES KRONA;2023-10-01;1610,79
IRRIGACAO;IRRIGACAO 1;02 - CONEXOES KRONA;2023-11-01;2480,19
IRRIGACAO;IRRIGACAO 1;02 - CONEXOES KRONA;2023-12-01;1720,57
IRRIGACAO;IRRIGACAO 1;02 - CONEXOES KRONA;2024-01-01;1883,66
IRRIGACAO;IRRIGACAO 1;02 - CONEXOES KRONA;2024-02-01;2262,33
IRRIGACAO;IRRIGACAO 1;02 - CONEXOES KRONA;2024-03-01;2686,33
IRRIGACAO;IRRIGACAO 1;02 - CONEXOES KRONA;2024-04-01;3128,65
IRRIGACAO;IRRIGACAO 1;02 - CONEXOES KRONA;2024-05-01;2090,44
IRRIGACAO;IRRIGACAO 1;02 - CONEXOES KRONA;2024-06-01;3064,85
IRRIGACAO;IRRIGACAO 1;02 - CONEXOES KRONA;2024-07-01;3028,56
IRRIGACAO;IRRIGACAO 1;02 - CONEXOES KRONA;2024-08-01;1689,64
IRRIGACAO;IRRIGACAO 1;02 - CONEXOES KRONA;2024-09-01;4339,86
IRRIGACAO;IRRIGACAO 1;02 - CONEXOES KRONA;2024-10-01;3902,74
IRRIGACAO;IRRIGACAO 1;02 - CONEXOES KRONA;2024-11-01;4630,38
IRRIGACAO;IRRIGACAO 1;02 - CONEXOES KRONA;2024-12-01;3077,75
IRRIGACAO;IRRIGACAO 1;02 - CONEXOES KRONA;2025-01-01;2257,92
IRRIGACAO;IRRIGACAO 1;02 - CONEXOES KRONA;2025-02-01;4609,92
IRRIGACAO;IRRIGACAO 1;02 - CONEXOES KRONA;2025-03-01;4214,29
IRRIGACAO;IRRIGACAO 1;02 - CONEXOES KRONA;2025-04-01;2408,69
IRRIGACAO;IRRIGACAO 1;02 - CONEXOES KRONA;2025-05-01;3514,03
IRRIGACAO;IRRIGACAO 1;02 - CONEXOES KRONA;2025-06-01;6014,98
IRRIGACAO;IRRIGACAO 1;02 - CONEXOES KRONA;2025-07-01;5647,35
IRRIGACAO;IRRIGACAO 1;02 - CONEXOES KRONA;2025-08-01;3873,77
IRRIGACAO;IRRIGACAO 1;02 - CONEXOES KRONA;2025-09-01;7568,16
IRRIGACAO;IRRIGACAO 1;02 - CONEXOES KRONA;2025-10-01;4741,22
IRRIGACAO;IRRIGACAO 1;02 - CONEXOES KRONA;2025-11-01;4432,57
IRRIGACAO;IRRIGACAO 1;02 - CONEXOES KRONA;2025-12-01;2698,67
IRRIGACAO;IRRIGACAO 1;02 - CONEXOES KRONA;2026-01-01;4412,45
IRRIGACAO;IRRIGACAO 1;02 - CONEXOES KRONA;2026-02-01;3956,10
IRRIGACAO;IRRIGACAO 1;02 - CONEXOES KRONA;2026-03-01;4371,49
IRRIGACAO;IRRIGACAO 1;02 - CONEXOES KRONA;2026-04-01;4645,24
IRRIGACAO;IRRIGACAO 1;02 - CONEXOES KRONA;2026-05-01;6535,12
IRRIGACAO;IRRIGACAO 1;02 - CONEXOES KRONA;2026-06-01;3768,27
IRRIGACAO;IRRIGACAO 1;02 - CONEXOES KRONA;2026-07-01;2226,83
IRRIGACAO;IRRIGACAO 1;02 - CONEXOES KRONA;2026-08-01;4515,42
IRRIGACAO;IRRIGACAO 1;03 - ACESSORIOS KRONA;2022-02-01;16,71
IRRIGACAO;IRRIGACAO 1;03 - ACESSORIOS KRONA;2022-03-01;60,78
IRRIGACAO;IRRIGACAO 1;03 - ACESSORIOS KRONA;2022-04-01;52,58
IRRIGACAO;IRRIGACAO 1;03 - ACESSORIOS KRONA;2022-05-01;16,37
IRRIGACAO;IRRIGACAO 1;03 - ACESSORIOS KRONA;2022-06-01;24,28
IRRIGACAO;IRRIGACAO 1;03 - ACESSORIOS KRONA;2022-07-01;84,75
IRRIGACAO;IRRIGACAO 1;03 - ACESSORIOS KRONA;2022-08-01;47,74
IRRIGACAO;IRRIGACAO 1;03 - ACESSORIOS KRONA;2022-09-01;6,57
IRRIGACAO;IRRIGACAO 1;03 - ACESSORIOS KRONA;2022-10-01;64,47
IRRIGACAO;IRRIGACAO 1;03 - ACESSORIOS KRONA;2022-11-01;113,88
IRRIGACAO;IRRIGACAO 1;03 - ACESSORIOS KRONA;2022-12-01;21,36
IRRIGACAO;IRRIGACAO 1;03 - ACESSORIOS KRONA;2023-01-01;7,27
IRRIGACAO;IRRIGACAO 1;03 - ACESSORIOS KRONA;2023-02-01;117,59
IRRIGACAO;IRRIGACAO 1;03 - ACESSORIOS KRONA;2023-03-01;38,74
IRRIGACAO;IRRIGACAO 1;03 - ACESSORIOS KRONA;2023-04-01;58,51
IRRIGACAO;IRRIGACAO 1;03 - ACESSORIOS KRONA;2023-05-01;46,53
IRRIGACAO;IRRIGACAO 1;03 - ACESSORIOS KRONA;2023-06-01;20,34
IRRIGACAO;IRRIGACAO 1;03 - ACESSORIOS KRONA;2023-07-01;82,87
IRRIGACAO;IRRIGACAO 1;03 - ACESSORIOS KRONA;2023-08-01;53,84
IRRIGACAO;IRRIGACAO 1;03 - ACESSORIOS KRONA;2023-09-01;87,13
IRRIGACAO;IRRIGACAO 1;03 - ACESSORIOS KRONA;2023-10-01;48,75
IRRIGACAO;IRRIGACAO 1;03 - ACESSORIOS KRONA;2023-11-01;41,68
IRRIGACAO;IRRIGACAO 1;03 - ACESSORIOS KRONA;2023-12-01;47,43
IRRIGACAO;IRRIGACAO 1;03 - ACESSORIOS KRONA;2024-01-01;50,66
IRRIGACAO;IRRIGACAO 1;03 - ACESSORIOS KRONA;2024-02-01;23,84
IRRIGACAO;IRRIGACAO 1;03 - ACESSORIOS KRONA;2024-03-01;121,08
IRRIGACAO;IRRIGACAO 1;03 - ACESSORIOS KRONA;2024-04-01;58,76
IRRIGACAO;IRRIGACAO 1;03 - ACESSORIOS KRONA;2024-05-01;42,23
IRRIGACAO;IRRIGACAO 1;03 - ACESSORIOS KRONA;2024-06-01;91,18
IRRIGACAO;IRRIGACAO 1;03 - ACESSORIOS KRONA;2024-07-01;77,14
IRRIGACAO;IRRIGACAO 1;03 - ACESSORIOS KRONA;2024-08-01;26,47
IRRIGACAO;IRRIGACAO 1;03 - ACESSORIOS KRONA;2024-09-01;160,80
IRRIGACAO;IRRIGACAO 1;03 - ACESSORIOS KRONA;2024-10-01;99,11
IRRIGACAO;IRRIGACAO 1;03 - ACESSORIOS KRONA;2024-11-01;23,67
IRRIGACAO;IRRIGACAO 1;03 - ACESSORIOS KRONA;2024-12-01;19,49
IRRIGACAO;IRRIGACAO 1;03 - ACESSORIOS KRONA;2025-01-01;50,47
IRRIGACAO;IRRIGACAO 1;03 - ACESSORIOS KRONA;2025-02-01;60,63
IRRIGACAO;IRRIGACAO 1;03 - ACESSORIOS KRONA;2025-03-01;16,29
IRRIGACAO;IRRIGACAO 1;03 - ACESSORIOS KRONA;2025-04-01;39,91
IRRIGACAO;IRRIGACAO 1;03 - ACESSORIOS KRONA;2025-05-01;124,17
IRRIGACAO;IRRIGACAO 1;03 - ACESSORIOS KRONA;2025-06-01;128,35
IRRIGACAO;IRRIGACAO 1;03 - ACESSORIOS KRONA;2025-07-01;90,21
IRRIGACAO;IRRIGACAO 1;03 - ACESSORIOS KRONA;2025-08-01;133,08
IRRIGACAO;IRRIGACAO 1;03 - ACESSORIOS KRONA;2025-09-01;96,87
IRRIGACAO;IRRIGACAO 1;03 - ACESSORIOS KRONA;2025-10-01;139,40
IRRIGACAO;IRRIGACAO 1;03 - ACESSORIOS KRONA;2025-11-01;80,41
IRRIGACAO;IRRIGACAO 1;03 - ACESSORIOS KRONA;2025-12-01;28,23
IRRIGACAO;IRRIGACAO 1;03 - ACESSORIOS KRONA;2026-01-01;42,45
IRRIGACAO;IRRIGACAO 1;03 - ACESSORIOS KRONA;2026-02-01;133,03
IRRIGACAO;IRRIGACAO 1;03 - ACESSORIOS KRONA;2026-03-01;94,89
IRRIGACAO;IRRIGACAO 1;03 - ACESSORIOS KRONA;2026-04-01;81,46
IRRIGACAO;IRRIGACAO 1;03 - ACESSORIOS KRONA;2026-05-01;75,16
IRRIGACAO;IRRIGACAO 1;03 - ACESSORIOS KRONA;2026-06-01;157,03
IRRIGACAO;IRRIGACAO 1;03 - ACESSORIOS KRONA;2026-07-01;29,44
IRRIGACAO;IRRIGACAO 1;03 - ACESSORIOS KRONA;2026-08-01;65,59
IRRIGACAO;IRRIGACAO 1;04 - PRODUTOS REVENDA;2022-01-01;64,85
IRRIGACAO;IRRIGACAO 1;04 - PRODUTOS REVENDA;2022-02-01;198,33
IRRIGACAO;IRRIGACAO 1;04 - PRODUTOS REVENDA;2022-03-01;147,81
IRRIGACAO;IRRIGACAO 1;04 - PRODUTOS REVENDA;2022-04-01;167,53
IRRIGACAO;IRRIGACAO 1;04 - PRODUTOS REVENDA;2022-05-01;350,84
IRRIGACAO;IRRIGACAO 1;04 - PRODUTOS REVENDA;2022-06-01;289,62
IRRIGACAO;IRRIGACAO 1;04 - PRODUTOS REVENDA;2022-07-01;113,76
IRRIGACAO;IRRIGACAO 1;04 - PRODUTOS REVENDA;2022-08-01;161,53
IRRIGACAO;IRRIGACAO 1;04 - PRODUTOS REVENDA;2022-09-01;147,76
IRRIGACAO;IRRIGACAO 1;04 - PRODUTOS REVENDA;2022-10-01;223,55
IRRIGACAO;IRRIGACAO 1;04 - PRODUTOS REVENDA;2022-11-01;89,16
IRRIGACAO;IRRIGACAO 1;04 - PRODUTOS REVENDA;2022-12-01;56,19
IRRIGACAO;IRRIGACAO 1;04 - PRODUTOS REVENDA;2023-01-01;69,45
IRRIGACAO;IRRIGACAO 1;04 - PRODUTOS REVENDA;2023-02-01;51,66
IRRIGACAO;IRRIGACAO 1;04 - PRODUTOS REVENDA;2023-03-01;62,66
IRRIGACAO;IRRIGACAO 1;04 - PRODUTOS REVENDA;2023-04-01;232,35
IRRIGACAO;IRRIGACAO 1;04 - PRODUTOS REVENDA;2023-05-01;379,66
IRRIGACAO;IRRIGACAO 1;04 - PRODUTOS REVENDA;2023-06-01;322,87
IRRIGACAO;IRRIGACAO 1;04 - PRODUTOS REVENDA;2023-07-01;167,31
IRRIGACAO;IRRIGACAO 1;04 - PRODUTOS REVENDA;2023-08-01;224,41
IRRIGACAO;IRRIGACAO 1;04 - PRODUTOS REVENDA;2023-09-01;84,26
IRRIGACAO;IRRIGACAO 1;04 - PRODUTOS REVENDA;2023-10-01;57,71
IRRIGACAO;IRRIGACAO 1;04 - PRODUTOS REVENDA;2023-11-01;87,88
IRRIGACAO;IRRIGACAO 1;04 - PRODUTOS REVENDA;2023-12-01;77,84
IRRIGACAO;IRRIGACAO 1;04 - PRODUTOS REVENDA;2024-01-01;82,83
IRRIGACAO;IRRIGACAO 1;04 - PRODUTOS REVENDA;2024-02-01;32,41
IRRIGACAO;IRRIGACAO 1;04 - PRODUTOS REVENDA;2024-03-01;180,37
IRRIGACAO;IRRIGACAO 1;04 - PRODUTOS REVENDA;2024-04-01;72,81
IRRIGACAO;IRRIGACAO 1;04 - PRODUTOS REVENDA;2024-05-01;133,61
IRRIGACAO;IRRIGACAO 1;04 - PRODUTOS REVENDA;2024-06-01;355,63
IRRIGACAO;IRRIGACAO 1;04 - PRODUTOS REVENDA;2024-07-01;144,57
IRRIGACAO;IRRIGACAO 1;04 - PRODUTOS REVENDA;2024-08-01;67,49
IRRIGACAO;IRRIGACAO 1;04 - PRODUTOS REVENDA;2024-09-01;309,64
IRRIGACAO;IRRIGACAO 1;04 - PRODUTOS REVENDA;2024-10-01;138,23
IRRIGACAO;IRRIGACAO 1;04 - PRODUTOS REVENDA;2024-11-01;366,38
IRRIGACAO;IRRIGACAO 1;04 - PRODUTOS REVENDA;2024-12-01;105,17
IRRIGACAO;IRRIGACAO 1;04 - PRODUTOS REVENDA;2025-01-01;61,52
IRRIGACAO;IRRIGACAO 1;04 - PRODUTOS REVENDA;2025-02-01;133,89
IRRIGACAO;IRRIGACAO 1;04 - PRODUTOS REVENDA;2025-03-01;171,13
IRRIGACAO;IRRIGACAO 1;04 - PRODUTOS REVENDA;2025-04-01;30,65
IRRIGACAO;IRRIGACAO 1;04 - PRODUTOS REVENDA;2025-05-01;181,78
IRRIGACAO;IRRIGACAO 1;04 - PRODUTOS REVENDA;2025-06-01;296,66
IRRIGACAO;IRRIGACAO 1;04 - PRODUTOS REVENDA;2025-07-01;401,07
IRRIGACAO;IRRIGACAO 1;04 - PRODUTOS REVENDA;2025-08-01;478,70
IRRIGACAO;IRRIGACAO 1;04 - PRODUTOS REVENDA;2025-09-01;430,62
IRRIGACAO;IRRIGACAO 1;04 - PRODUTOS REVENDA;2025-10-01;779,41
IRRIGACAO;IRRIGACAO 1;04 - PRODUTOS REVENDA;2025-11-01;131,54
IRRIGACAO;IRRIGACAO 1;04 - PRODUTOS REVENDA;2025-12-01;90,55
IRRIGACAO;IRRIGACAO 1;04 - PRODUTOS REVENDA;2026-01-01;73,75
IRRIGACAO;IRRIGACAO 1;04 - PRODUTOS REVENDA;2026-02-01;110,22
IRRIGACAO;IRRIGACAO 1;04 - PRODUTOS REVENDA;2026-03-01;165,41
IRRIGACAO;IRRIGACAO 1;04 - PRODUTOS REVENDA;2026-04-01;171,22
IRRIGACAO;IRRIGACAO 1;04 - PRODUTOS REVENDA;2026-05-01;160,28
IRRIGACAO;IRRIGACAO 1;04 - PRODUTOS REVENDA;2026-06-01;90,30
IRRIGACAO;IRRIGACAO 1;04 - PRODUTOS REVENDA;2026-07-01;217,08
IRRIGACAO;IRRIGACAO 1;04 - PRODUTOS REVENDA;2026-08-01;272,68
IRRIGACAO;IRRIGACAO 1;29 - PPR;2022-06-01;462,96
IRRIGACAO;IRRIGACAO 1;29 - PPR;2022-07-01;71,27
IRRIGACAO;IRRIGACAO 1;29 - PPR;2022-09-01;39,03
IRRIGACAO;IRRIGACAO 1;29 - PPR;2022-11-01;1252,90
IRRIGACAO;IRRIGACAO 1;29 - PPR;2023-03-01;0,37
IRRIGACAO;IRRIGACAO 1;29 - PPR;2023-04-01;0,20
IRRIGACAO;IRRIGACAO 1;29 - PPR;2023-05-01;742,87
IRRIGACAO;IRRIGACAO 1;29 - PPR;2023-06-01;76,58
IRRIGACAO;IRRIGACAO 1;29 - PPR;2023-09-01;24,32
IRRIGACAO;IRRIGACAO 1;29 - PPR;2024-01-01;0,61
IRRIGACAO;IRRIGACAO 1;29 - PPR;2024-03-01;5,75
IRRIGACAO;IRRIGACAO 1;29 - PPR;2024-05-01;17,07
IRRIGACAO;IRRIGACAO 1;29 - PPR;2025-07-01;2,59
IRRIGACAO;IRRIGACAO 1;29 - PPR;2026-03-01;31,43
IRRIGACAO;IRRIGACAO 1;29 - PPR;2026-04-01;39,11
IRRIGACAO;IRRIGACAO 1;30 - ELETRODUTOS CORRUGADOS KRONA;2022-02-01;281,33
IRRIGACAO;IRRIGACAO 1;30 - ELETRODUTOS CORRUGADOS KRONA;2022-03-01;154,74
IRRIGACAO;IRRIGACAO 1;30 - ELETRODUTOS CORRUGADOS KRONA;2022-04-01;409,19
IRRIGACAO;IRRIGACAO 1;30 - ELETRODUTOS CORRUGADOS KRONA;2022-05-01;56,20
IRRIGACAO;IRRIGACAO 1;30 - ELETRODUTOS CORRUGADOS KRONA;2022-06-01;36,20
IRRIGACAO;IRRIGACAO 1;30 - ELETRODUTOS CORRUGADOS KRONA;2022-07-01;62,40
IRRIGACAO;IRRIGACAO 1;30 - ELETRODUTOS CORRUGADOS KRONA;2022-08-01;242,82
IRRIGACAO;IRRIGACAO 1;30 - ELETRODUTOS CORRUGADOS KRONA;2022-09-01;17,28
IRRIGACAO;IRRIGACAO 1;30 - ELETRODUTOS CORRUGADOS KRONA;2022-10-01;41,20
IRRIGACAO;IRRIGACAO 1;30 - ELETRODUTOS CORRUGADOS KRONA;2022-11-01;505,60
IRRIGACAO;IRRIGACAO 1;30 - ELETRODUTOS CORRUGADOS KRONA;2022-12-01;204,64
IRRIGACAO;IRRIGACAO 1;30 - ELETRODUTOS CORRUGADOS KRONA;2023-02-01;332,28
IRRIGACAO;IRRIGACAO 1;30 - ELETRODUTOS CORRUGADOS KRONA;2023-03-01;65,95
IRRIGACAO;IRRIGACAO 1;30 - ELETRODUTOS CORRUGADOS KRONA;2023-04-01;199,68
IRRIGACAO;IRRIGACAO 1;30 - ELETRODUTOS CORRUGADOS KRONA;2023-06-01;372,13
IRRIGACAO;IRRIGACAO 1;30 - ELETRODUTOS CORRUGADOS KRONA;2023-07-01;21,84
IRRIGACAO;IRRIGACAO 1;30 - ELETRODUTOS CORRUGADOS KRONA;2023-08-01;81,12
IRRIGACAO;IRRIGACAO 1;30 - ELETRODUTOS CORRUGADOS KRONA;2023-09-01;53,31
IRRIGACAO;IRRIGACAO 1;30 - ELETRODUTOS CORRUGADOS KRONA;2023-10-01;32,48
IRRIGACAO;IRRIGACAO 1;30 - ELETRODUTOS CORRUGADOS KRONA;2023-11-01;129,02
IRRIGACAO;IRRIGACAO 1;30 - ELETRODUTOS CORRUGADOS KRONA;2023-12-01;71,31
IRRIGACAO;IRRIGACAO 1;30 - ELETRODUTOS CORRUGADOS KRONA;2024-01-01;187,57
IRRIGACAO;IRRIGACAO 1;30 - ELETRODUTOS CORRUGADOS KRONA;2024-02-01;74,88
IRRIGACAO;IRRIGACAO 1;30 - ELETRODUTOS CORRUGADOS KRONA;2024-03-01;62,04
IRRIGACAO;IRRIGACAO 1;30 - ELETRODUTOS CORRUGADOS KRONA;2024-04-01;148,94
IRRIGACAO;IRRIGACAO 1;30 - ELETRODUTOS CORRUGADOS KRONA;2024-05-01;62,40
IRRIGACAO;IRRIGACAO 1;30 - ELETRODUTOS CORRUGADOS KRONA;2024-08-01;117,65
IRRIGACAO;IRRIGACAO 1;30 - ELETRODUTOS CORRUGADOS KRONA;2024-09-01;457,24
IRRIGACAO;IRRIGACAO 1;30 - ELETRODUTOS CORRUGADOS KRONA;2024-10-01;54,36
IRRIGACAO;IRRIGACAO 1;30 - ELETRODUTOS CORRUGADOS KRONA;2024-11-01;23,28
IRRIGACAO;IRRIGACAO 1;30 - ELETRODUTOS CORRUGADOS KRONA;2024-12-01;143,52
IRRIGACAO;IRRIGACAO 1;30 - ELETRODUTOS CORRUGADOS KRONA;2025-01-01;124,88
IRRIGACAO;IRRIGACAO 1;30 - ELETRODUTOS CORRUGADOS KRONA;2025-03-01;32,16
IRRIGACAO;IRRIGACAO 1;30 - ELETRODUTOS CORRUGADOS KRONA;2025-04-01;3,12
IRRIGACAO;IRRIGACAO 1;30 - ELETRODUTOS CORRUGADOS KRONA;2025-06-01;195,20
IRRIGACAO;IRRIGACAO 1;30 - ELETRODUTOS CORRUGADOS KRONA;2025-09-01;431,90
IRRIGACAO;IRRIGACAO 1;30 - ELETRODUTOS CORRUGADOS KRONA;2025-10-01;124,80
IRRIGACAO;IRRIGACAO 1;30 - ELETRODUTOS CORRUGADOS KRONA;2025-11-01;11,82
IRRIGACAO;IRRIGACAO 1;30 - ELETRODUTOS CORRUGADOS KRONA;2025-12-01;15,60
IRRIGACAO;IRRIGACAO 1;30 - ELETRODUTOS CORRUGADOS KRONA;2026-01-01;3,12
IRRIGACAO;IRRIGACAO 1;30 - ELETRODUTOS CORRUGADOS KRONA;2026-02-01;30,36
IRRIGACAO;IRRIGACAO 1;30 - ELETRODUTOS CORRUGADOS KRONA;2026-03-01;13,00
IRRIGACAO;IRRIGACAO 1;30 - ELETRODUTOS CORRUGADOS KRONA;2026-05-01;50,08
IRRIGACAO;IRRIGACAO 1;30 - ELETRODUTOS CORRUGADOS KRONA;2026-07-01;24,96
IRRIGACAO;IRRIGACAO 1;30 - ELETRODUTOS CORRUGADOS KRONA;2026-08-01;218,44
IRRIGACAO;IRRIGACAO 1;31 - CPVC ULTRATERM;2022-02-01;5,54
IRRIGACAO;IRRIGACAO 1;31 - CPVC ULTRATERM;2022-03-01;318,15
IRRIGACAO;IRRIGACAO 1;31 - CPVC ULTRATERM;2022-08-01;72,72
IRRIGACAO;IRRIGACAO 1;31 - CPVC ULTRATERM;2022-10-01;263,53
IRRIGACAO;IRRIGACAO 1;31 - CPVC ULTRATERM;2022-12-01;48,94
IRRIGACAO;IRRIGACAO 1;31 - CPVC ULTRATERM;2023-02-01;1,81
IRRIGACAO;IRRIGACAO 1;31 - CPVC ULTRATERM;2023-03-01;0,49
IRRIGACAO;IRRIGACAO 1;31 - CPVC ULTRATERM;2023-05-01;148,44
IRRIGACAO;IRRIGACAO 1;31 - CPVC ULTRATERM;2023-07-01;81,03
IRRIGACAO;IRRIGACAO 1;31 - CPVC ULTRATERM;2023-08-01;79,73
IRRIGACAO;IRRIGACAO 1;31 - CPVC ULTRATERM;2023-11-01;0,10
IRRIGACAO;IRRIGACAO 1;31 - CPVC ULTRATERM;2023-12-01;0,10
IRRIGACAO;IRRIGACAO 1;31 - CPVC ULTRATERM;2024-03-01;1,89
IRRIGACAO;IRRIGACAO 1;31 - CPVC ULTRATERM;2024-05-01;1,91
IRRIGACAO;IRRIGACAO 1;31 - CPVC ULTRATERM;2024-06-01;62,36
IRRIGACAO;IRRIGACAO 1;31 - CPVC ULTRATERM;2024-08-01;0,71
IRRIGACAO;IRRIGACAO 1;31 - CPVC ULTRATERM;2024-09-01;17,99
IRRIGACAO;IRRIGACAO 1;31 - CPVC ULTRATERM;2025-11-01;60,49
IRRIGACAO;IRRIGACAO 1;31 - CPVC ULTRATERM;2026-01-01;85,80
IRRIGACAO;IRRIGACAO 1;31 - CPVC ULTRATERM;2026-05-01;34,87
IRRIGACAO;IRRIGACAO 2;00 - TUBOS PVC KRONA;2022-01-01;309,50
IRRIGACAO;IRRIGACAO 2;00 - TUBOS PVC KRONA;2022-02-01;5891,69
IRRIGACAO;IRRIGACAO 2;00 - TUBOS PVC KRONA;2022-03-01;1109,49
IRRIGACAO;IRRIGACAO 2;00 - TUBOS PVC KRONA;2022-04-01;3945,12
IRRIGACAO;IRRIGACAO 2;00 - TUBOS PVC KRONA;2022-05-01;3896,02
IRRIGACAO;IRRIGACAO 2;00 - TUBOS PVC KRONA;2022-06-01;1200,32
IRRIGACAO;IRRIGACAO 2;00 - TUBOS PVC KRONA;2022-07-01;1768,18
IRRIGACAO;IRRIGACAO 2;00 - TUBOS PVC KRONA;2022-08-01;2805,45
IRRIGACAO;IRRIGACAO 2;00 - TUBOS PVC KRONA;2022-09-01;3785,98
IRRIGACAO;IRRIGACAO 2;00 - TUBOS PVC KRONA;2022-10-01;2898,36
IRRIGACAO;IRRIGACAO 2;00 - TUBOS PVC KRONA;2022-11-01;6470,14
IRRIGACAO;IRRIGACAO 2;00 - TUBOS PVC KRONA;2022-12-01;1887,86
IRRIGACAO;IRRIGACAO 2;00 - TUBOS PVC KRONA;2023-01-01;639,87
IRRIGACAO;IRRIGACAO 2;00 - TUBOS PVC KRONA;2023-02-01;3281,23
IRRIGACAO;IRRIGACAO 2;00 - TUBOS PVC KRONA;2023-03-01;853,90
IRRIGACAO;IRRIGACAO 2;00 - TUBOS PVC KRONA;2023-04-01;2430,18
IRRIGACAO;IRRIGACAO 2;00 - TUBOS PVC KRONA;2023-05-01;1411,62
IRRIGACAO;IRRIGACAO 2;00 - TUBOS PVC KRONA;2023-06-01;3732,30
IRRIGACAO;IRRIGACAO 2;00 - TUBOS PVC KRONA;2023-07-01;856,49
IRRIGACAO;IRRIGACAO 2;00 - TUBOS PVC KRONA;2023-08-01;3306,46
IRRIGACAO;IRRIGACAO 2;00 - TUBOS PVC KRONA;2023-09-01;4444,83
IRRIGACAO;IRRIGACAO 2;00 - TUBOS PVC KRONA;2023-10-01;1123,28
IRRIGACAO;IRRIGACAO 2;00 - TUBOS PVC KRONA;2023-11-01;3778,10
IRRIGACAO;IRRIGACAO 2;00 - TUBOS PVC KRONA;2023-12-01;4689,07
IRRIGACAO;IRRIGACAO 2;00 - TUBOS PVC KRONA;2024-01-01;1342,21
IRRIGACAO;IRRIGACAO 2;00 - TUBOS PVC KRONA;2024-02-01;4226,96
IRRIGACAO;IRRIGACAO 2;00 - TUBOS PVC KRONA;2024-03-01;3865,64
IRRIGACAO;IRRIGACAO 2;00 - TUBOS PVC KRONA;2024-04-01;4537,99
IRRIGACAO;IRRIGACAO 2;00 - TUBOS PVC KRONA;2024-05-01;1948,55
IRRIGACAO;IRRIGACAO 2;00 - TUBOS PVC KRONA;2024-06-01;2632,32
IRRIGACAO;IRRIGACAO 2;00 - TUBOS PVC KRONA;2024-07-01;1242,94
IRRIGACAO;IRRIGACAO 2;00 - TUBOS PVC KRONA;2024-08-01;2592,32
IRRIGACAO;IRRIGACAO 2;00 - TUBOS PVC KRONA;2024-09-01;2070,26
IRRIGACAO;IRRIGACAO 2;00 - TUBOS PVC KRONA;2024-10-01;4716,10
IRRIGACAO;IRRIGACAO 2;00 - TUBOS PVC KRONA;2024-11-01;2669,30
IRRIGACAO;IRRIGACAO 2;00 - TUBOS PVC KRONA;2024-12-01;729,04
IRRIGACAO;IRRIGACAO 2;00 - TUBOS PVC KRONA;2025-01-01;1123,56
IRRIGACAO;IRRIGACAO 2;00 - TUBOS PVC KRONA;2025-02-01;1593,84
IRRIGACAO;IRRIGACAO 2;00 - TUBOS PVC KRONA;2025-03-01;1329,21
IRRIGACAO;IRRIGACAO 2;00 - TUBOS PVC KRONA;2025-04-01;3854,07
IRRIGACAO;IRRIGACAO 2;00 - TUBOS PVC KRONA;2025-05-01;1549,08
IRRIGACAO;IRRIGACAO 2;00 - TUBOS PVC KRONA;2025-06-01;9118,91
IRRIGACAO;IRRIGACAO 2;00 - TUBOS PVC KRONA;2025-07-01;8216,36
IRRIGACAO;IRRIGACAO 2;00 - TUBOS PVC KRONA;2025-08-01;3170,00
IRRIGACAO;IRRIGACAO 2;00 - TUBOS PVC KRONA;2025-09-01;3358,52
IRRIGACAO;IRRIGACAO 2;00 - TUBOS PVC KRONA;2025-10-01;3181,67
IRRIGACAO;IRRIGACAO 2;00 - TUBOS PVC KRONA;2025-11-01;5613,78
IRRIGACAO;IRRIGACAO 2;00 - TUBOS PVC KRONA;2025-12-01;6350,70
IRRIGACAO;IRRIGACAO 2;00 - TUBOS PVC KRONA;2026-01-01;4708,23
IRRIGACAO;IRRIGACAO 2;00 - TUBOS PVC KRONA;2026-02-01;3225,01
IRRIGACAO;IRRIGACAO 2;00 - TUBOS PVC KRONA;2026-03-01;10483,89
IRRIGACAO;IRRIGACAO 2;00 - TUBOS PVC KRONA;2026-04-01;3076,64
IRRIGACAO;IRRIGACAO 2;00 - TUBOS PVC KRONA;2026-05-01;5136,18
IRRIGACAO;IRRIGACAO 2;00 - TUBOS PVC KRONA;2026-06-01;713,47
IRRIGACAO;IRRIGACAO 2;00 - TUBOS PVC KRONA;2026-07-01;3010,48
IRRIGACAO;IRRIGACAO 2;00 - TUBOS PVC KRONA;2026-08-01;5370,58
IRRIGACAO;IRRIGACAO 2;01 - TUBOS ELETRODUTOS KRONA;2022-01-01;80,00
IRRIGACAO;IRRIGACAO 2;01 - TUBOS ELETRODUTOS KRONA;2022-02-01;437,75
IRRIGACAO;IRRIGACAO 2;01 - TUBOS ELETRODUTOS KRONA;2022-03-01;322,86
IRRIGACAO;IRRIGACAO 2;01 - TUBOS ELETRODUTOS KRONA;2022-04-01;298,65
IRRIGACAO;IRRIGACAO 2;01 - TUBOS ELETRODUTOS KRONA;2022-05-01;357,25
IRRIGACAO;IRRIGACAO 2;01 - TUBOS ELETRODUTOS KRONA;2022-06-01;643,63
IRRIGACAO;IRRIGACAO 2;01 - TUBOS ELETRODUTOS KRONA;2022-07-01;331,33
IRRIGACAO;IRRIGACAO 2;01 - TUBOS ELETRODUTOS KRONA;2022-08-01;401,12
IRRIGACAO;IRRIGACAO 2;01 - TUBOS ELETRODUTOS KRONA;2022-09-01;175,50
IRRIGACAO;IRRIGACAO 2;01 - TUBOS ELETRODUTOS KRONA;2022-10-01;946,35
IRRIGACAO;IRRIGACAO 2;01 - TUBOS ELETRODUTOS KRONA;2022-11-01;130,00
IRRIGACAO;IRRIGACAO 2;01 - TUBOS ELETRODUTOS KRONA;2022-12-01;263,60
IRRIGACAO;IRRIGACAO 2;01 - TUBOS ELETRODUTOS KRONA;2023-01-01;85,50
IRRIGACAO;IRRIGACAO 2;01 - TUBOS ELETRODUTOS KRONA;2023-02-01;290,30
IRRIGACAO;IRRIGACAO 2;01 - TUBOS ELETRODUTOS KRONA;2023-04-01;355,59
IRRIGACAO;IRRIGACAO 2;01 - TUBOS ELETRODUTOS KRONA;2023-05-01;313,20
IRRIGACAO;IRRIGACAO 2;01 - TUBOS ELETRODUTOS KRONA;2023-06-01;67,50
IRRIGACAO;IRRIGACAO 2;01 - TUBOS ELETRODUTOS KRONA;2023-07-01;61,20
IRRIGACAO;IRRIGACAO 2;01 - TUBOS ELETRODUTOS KRONA;2023-08-01;540,15
IRRIGACAO;IRRIGACAO 2;01 - TUBOS ELETRODUTOS KRONA;2023-09-01;252,90
IRRIGACAO;IRRIGACAO 2;01 - TUBOS ELETRODUTOS KRONA;2023-10-01;135,62
IRRIGACAO;IRRIGACAO 2;01 - TUBOS ELETRODUTOS KRONA;2023-11-01;210,45
IRRIGACAO;IRRIGACAO 2;01 - TUBOS ELETRODUTOS KRONA;2023-12-01;1103,50
IRRIGACAO;IRRIGACAO 2;01 - TUBOS ELETRODUTOS KRONA;2024-01-01;189,59
IRRIGACAO;IRRIGACAO 2;01 - TUBOS ELETRODUTOS KRONA;2024-02-01;41,75
IRRIGACAO;IRRIGACAO 2;01 - TUBOS ELETRODUTOS KRONA;2024-03-01;174,80
IRRIGACAO;IRRIGACAO 2;01 - TUBOS ELETRODUTOS KRONA;2024-04-01;326,70
IRRIGACAO;IRRIGACAO 2;01 - TUBOS ELETRODUTOS KRONA;2024-05-01;28,02
IRRIGACAO;IRRIGACAO 2;01 - TUBOS ELETRODUTOS KRONA;2024-06-01;379,45
IRRIGACAO;IRRIGACAO 2;01 - TUBOS ELETRODUTOS KRONA;2024-07-01;30,05
IRRIGACAO;IRRIGACAO 2;01 - TUBOS ELETRODUTOS KRONA;2024-08-01;73,40
IRRIGACAO;IRRIGACAO 2;01 - TUBOS ELETRODUTOS KRONA;2024-09-01;197,00
IRRIGACAO;IRRIGACAO 2;01 - TUBOS ELETRODUTOS KRONA;2024-10-01;423,76
IRRIGACAO;IRRIGACAO 2;01 - TUBOS ELETRODUTOS KRONA;2024-11-01;50,10
IRRIGACAO;IRRIGACAO 2;01 - TUBOS ELETRODUTOS KRONA;2024-12-01;478,80
IRRIGACAO;IRRIGACAO 2;01 - TUBOS ELETRODUTOS KRONA;2025-01-01;415,55
IRRIGACAO;IRRIGACAO 2;01 - TUBOS ELETRODUTOS KRONA;2025-03-01;43,50
IRRIGACAO;IRRIGACAO 2;01 - TUBOS ELETRODUTOS KRONA;2025-04-01;285,00
IRRIGACAO;IRRIGACAO 2;01 - TUBOS ELETRODUTOS KRONA;2025-05-01;181,65
IRRIGACAO;IRRIGACAO 2;01 - TUBOS ELETRODUTOS KRONA;2025-06-01;68,22
IRRIGACAO;IRRIGACAO 2;01 - TUBOS ELETRODUTOS KRONA;2025-08-01;144,90
IRRIGACAO;IRRIGACAO 2;01 - TUBOS ELETRODUTOS KRONA;2025-09-01;281,20
IRRIGACAO;IRRIGACAO 2;01 - TUBOS ELETRODUTOS KRONA;2025-10-01;53,70
IRRIGACAO;IRRIGACAO 2;01 - TUBOS ELETRODUTOS KRONA;2025-11-01;279,78
IRRIGACAO;IRRIGACAO 2;01 - TUBOS ELETRODUTOS KRONA;2026-02-01;334,73
IRRIGACAO;IRRIGACAO 2;01 - TUBOS ELETRODUTOS KRONA;2026-03-01;175,20
IRRIGACAO;IRRIGACAO 2;01 - TUBOS ELETRODUTOS KRONA;2026-04-01;142,50
IRRIGACAO;IRRIGACAO 2;01 - TUBOS ELETRODUTOS KRONA;2026-05-01;160,00
IRRIGACAO;IRRIGACAO 2;01 - TUBOS ELETRODUTOS KRONA;2026-07-01;62,10
IRRIGACAO;IRRIGACAO 2;01 - TUBOS ELETRODUTOS KRONA;2026-08-01;123,65
IRRIGACAO;IRRIGACAO 2;02 - CONEXOES KRONA;2022-01-01;938,43
IRRIGACAO;IRRIGACAO 2;02 - CONEXOES KRONA;2022-02-01;2482,33
IRRIGACAO;IRRIGACAO 2;02 - CONEXOES KRONA;2022-03-01;1238,14
IRRIGACAO;IRRIGACAO 2;02 - CONEXOES KRONA;2022-04-01;1688,26
IRRIGACAO;IRRIGACAO 2;02 - CONEXOES KRONA;2022-05-01;2377,37
IRRIGACAO;IRRIGACAO 2;02 - CONEXOES KRONA;2022-06-01;951,20
IRRIGACAO;IRRIGACAO 2;02 - CONEXOES KRONA;2022-07-01;2198,51
IRRIGACAO;IRRIGACAO 2;02 - CONEXOES KRONA;2022-08-01;2711,24
IRRIGACAO;IRRIGACAO 2;02 - CONEXOES KRONA;2022-09-01;2300,59
IRRIGACAO;IRRIGACAO 2;02 - CONEXOES KRONA;2022-10-01;2099,10
IRRIGACAO;IRRIGACAO 2;02 - CONEXOES KRONA;2022-11-01;2948,05
IRRIGACAO;IRRIGACAO 2;02 - CONEXOES KRONA;2022-12-01;2185,91
IRRIGACAO;IRRIGACAO 2;02 - CONEXOES KRONA;2023-01-01;653,02
IRRIGACAO;IRRIGACAO 2;02 - CONEXOES KRONA;2023-02-01;1945,89
IRRIGACAO;IRRIGACAO 2;02 - CONEXOES KRONA;2023-03-01;2008,55
IRRIGACAO;IRRIGACAO 2;02 - CONEXOES KRONA;2023-04-01;1899,06
IRRIGACAO;IRRIGACAO 2;02 - CONEXOES KRONA;2023-05-01;1663,38
IRRIGACAO;IRRIGACAO 2;02 - CONEXOES KRONA;2023-06-01;2111,58
IRRIGACAO;IRRIGACAO 2;02 - CONEXOES KRONA;2023-07-01;2048,12
IRRIGACAO;IRRIGACAO 2;02 - CONEXOES KRONA;2023-08-01;2831,87
IRRIGACAO;IRRIGACAO 2;02 - CONEXOES KRONA;2023-09-01;3165,87
IRRIGACAO;IRRIGACAO 2;02 - CONEXOES KRONA;2023-10-01;2434,56
IRRIGACAO;IRRIGACAO 2;02 - CONEXOES KRONA;2023-11-01;2233,04
IRRIGACAO;IRRIGACAO 2;02 - CONEXOES KRONA;2023-12-01;3230,90
IRRIGACAO;IRRIGACAO 2;02 - CONEXOES KRONA;2024-01-01;1708,32
IRRIGACAO;IRRIGACAO 2;02 - CONEXOES KRONA;2024-02-01;2275,56
IRRIGACAO;IRRIGACAO 2;02 - CONEXOES KRONA;2024-03-01;2624,52
IRRIGACAO;IRRIGACAO 2;02 - CONEXOES KRONA;2024-04-01;2744,15
IRRIGACAO;IRRIGACAO 2;02 - CONEXOES KRONA;2024-05-01;1698,60
IRRIGACAO;IRRIGACAO 2;02 - CONEXOES KRONA;2024-06-01;3645,65
IRRIGACAO;IRRIGACAO 2;02 - CONEXOES KRONA;2024-07-01;1829,94
IRRIGACAO;IRRIGACAO 2;02 - CONEXOES KRONA;2024-08-01;2365,08
IRRIGACAO;IRRIGACAO 2;02 - CONEXOES KRONA;2024-09-01;3112,21
IRRIGACAO;IRRIGACAO 2;02 - CONEXOES KRONA;2024-10-01;5114,98
IRRIGACAO;IRRIGACAO 2;02 - CONEXOES KRONA;2024-11-01;2808,43
IRRIGACAO;IRRIGACAO 2;02 - CONEXOES KRONA;2024-12-01;2422,48
IRRIGACAO;IRRIGACAO 2;02 - CONEXOES KRONA;2025-01-01;1858,30
IRRIGACAO;IRRIGACAO 2;02 - CONEXOES KRONA;2025-02-01;3631,24
IRRIGACAO;IRRIGACAO 2;02 - CONEXOES KRONA;2025-03-01;2481,74
IRRIGACAO;IRRIGACAO 2;02 - CONEXOES KRONA;2025-04-01;3016,98
IRRIGACAO;IRRIGACAO 2;02 - CONEXOES KRONA;2025-05-01;3141,43
IRRIGACAO;IRRIGACAO 2;02 - CONEXOES KRONA;2025-06-01;3964,59
IRRIGACAO;IRRIGACAO 2;02 - CONEXOES KRONA;2025-07-01;3294,92
IRRIGACAO;IRRIGACAO 2;02 - CONEXOES KRONA;2025-08-01;4421,02
IRRIGACAO;IRRIGACAO 2;02 - CONEXOES KRONA;2025-09-01;3012,54
IRRIGACAO;IRRIGACAO 2;02 - CONEXOES KRONA;2025-10-01;4567,16
IRRIGACAO;IRRIGACAO 2;02 - CONEXOES KRONA;2025-11-01;2452,51
IRRIGACAO;IRRIGACAO 2;02 - CONEXOES KRONA;2025-12-01;2267,78
IRRIGACAO;IRRIGACAO 2;02 - CONEXOES KRONA;2026-01-01;2486,75
IRRIGACAO;IRRIGACAO 2;02 - CONEXOES KRONA;2026-02-01;4241,02
IRRIGACAO;IRRIGACAO 2;02 - CONEXOES KRONA;2026-03-01;3844,87
IRRIGACAO;IRRIGACAO 2;02 - CONEXOES KRONA;2026-04-01;2666,56
IRRIGACAO;IRRIGACAO 2;02 - CONEXOES KRONA;2026-05-01;2614,37
IRRIGACAO;IRRIGACAO 2;02 - CONEXOES KRONA;2026-06-01;1679,37
IRRIGACAO;IRRIGACAO 2;02 - CONEXOES KRONA;2026-07-01;2981,45
IRRIGACAO;IRRIGACAO 2;02 - CONEXOES KRONA;2026-08-01;3007,18
IRRIGACAO;IRRIGACAO 2;03 - ACESSORIOS KRONA;2022-01-01;2,16
IRRIGACAO;IRRIGACAO 2;03 - ACESSORIOS KRONA;2022-02-01;88,94
IRRIGACAO;IRRIGACAO 2;03 - ACESSORIOS KRONA;2022-03-01;14,82
IRRIGACAO;IRRIGACAO 2;03 - ACESSORIOS KRONA;2022-04-01;16,49
IRRIGACAO;IRRIGACAO 2;03 - ACESSORIOS KRONA;2022-05-01;28,08
IRRIGACAO;IRRIGACAO 2;03 - ACESSORIOS KRONA;2022-06-01;14,00
IRRIGACAO;IRRIGACAO 2;03 - ACESSORIOS KRONA;2022-07-01;108,72
IRRIGACAO;IRRIGACAO 2;03 - ACESSORIOS KRONA;2022-08-01;68,78
IRRIGACAO;IRRIGACAO 2;03 - ACESSORIOS KRONA;2022-09-01;49,94
IRRIGACAO;IRRIGACAO 2;03 - ACESSORIOS KRONA;2022-10-01;74,95
IRRIGACAO;IRRIGACAO 2;03 - ACESSORIOS KRONA;2022-11-01;48,40
IRRIGACAO;IRRIGACAO 2;03 - ACESSORIOS KRONA;2022-12-01;85,91
IRRIGACAO;IRRIGACAO 2;03 - ACESSORIOS KRONA;2023-01-01;2,29
IRRIGACAO;IRRIGACAO 2;03 - ACESSORIOS KRONA;2023-02-01;17,96
IRRIGACAO;IRRIGACAO 2;03 - ACESSORIOS KRONA;2023-03-01;49,00
IRRIGACAO;IRRIGACAO 2;03 - ACESSORIOS KRONA;2023-04-01;27,05
IRRIGACAO;IRRIGACAO 2;03 - ACESSORIOS KRONA;2023-05-01;12,93
IRRIGACAO;IRRIGACAO 2;03 - ACESSORIOS KRONA;2023-06-01;50,70
IRRIGACAO;IRRIGACAO 2;03 - ACESSORIOS KRONA;2023-07-01;42,71
IRRIGACAO;IRRIGACAO 2;03 - ACESSORIOS KRONA;2023-08-01;56,98
IRRIGACAO;IRRIGACAO 2;03 - ACESSORIOS KRONA;2023-09-01;59,19
IRRIGACAO;IRRIGACAO 2;03 - ACESSORIOS KRONA;2023-10-01;29,54
IRRIGACAO;IRRIGACAO 2;03 - ACESSORIOS KRONA;2023-11-01;140,63
IRRIGACAO;IRRIGACAO 2;03 - ACESSORIOS KRONA;2023-12-01;47,18
IRRIGACAO;IRRIGACAO 2;03 - ACESSORIOS KRONA;2024-01-01;73,04
IRRIGACAO;IRRIGACAO 2;03 - ACESSORIOS KRONA;2024-02-01;23,90
IRRIGACAO;IRRIGACAO 2;03 - ACESSORIOS KRONA;2024-03-01;42,80
IRRIGACAO;IRRIGACAO 2;03 - ACESSORIOS KRONA;2024-04-01;91,28
IRRIGACAO;IRRIGACAO 2;03 - ACESSORIOS KRONA;2024-05-01;71,00
IRRIGACAO;IRRIGACAO 2;03 - ACESSORIOS KRONA;2024-06-01;110,52
IRRIGACAO;IRRIGACAO 2;03 - ACESSORIOS KRONA;2024-07-01;105,33
IRRIGACAO;IRRIGACAO 2;03 - ACESSORIOS KRONA;2024-08-01;30,92
IRRIGACAO;IRRIGACAO 2;03 - ACESSORIOS KRONA;2024-09-01;59,24
IRRIGACAO;IRRIGACAO 2;03 - ACESSORIOS KRONA;2024-10-01;135,34
IRRIGACAO;IRRIGACAO 2;03 - ACESSORIOS KRONA;2024-11-01;23,13
IRRIGACAO;IRRIGACAO 2;03 - ACESSORIOS KRONA;2024-12-01;58,41
IRRIGACAO;IRRIGACAO 2;03 - ACESSORIOS KRONA;2025-01-01;27,00
IRRIGACAO;IRRIGACAO 2;03 - ACESSORIOS KRONA;2025-02-01;30,27
IRRIGACAO;IRRIGACAO 2;03 - ACESSORIOS KRONA;2025-03-01;52,93
IRRIGACAO;IRRIGACAO 2;03 - ACESSORIOS KRONA;2025-04-01;46,76
IRRIGACAO;IRRIGACAO 2;03 - ACESSORIOS KRONA;2025-05-01;164,27
IRRIGACAO;IRRIGACAO 2;03 - ACESSORIOS KRONA;2025-06-01;30,99
IRRIGACAO;IRRIGACAO 2;03 - ACESSORIOS KRONA;2025-07-01;42,96
IRRIGACAO;IRRIGACAO 2;03 - ACESSORIOS KRONA;2025-08-01;118,68
IRRIGACAO;IRRIGACAO 2;03 - ACESSORIOS KRONA;2025-09-01;99,33
IRRIGACAO;IRRIGACAO 2;03 - ACESSORIOS KRONA;2025-10-01;83,50
IRRIGACAO;IRRIGACAO 2;03 - ACESSORIOS KRONA;2025-11-01;53,70
IRRIGACAO;IRRIGACAO 2;03 - ACESSORIOS KRONA;2025-12-01;28,44
IRRIGACAO;IRRIGACAO 2;03 - ACESSORIOS KRONA;2026-01-01;10,12
IRRIGACAO;IRRIGACAO 2;03 - ACESSORIOS KRONA;2026-02-01;96,21
IRRIGACAO;IRRIGACAO 2;03 - ACESSORIOS KRONA;2026-03-01;94,69
IRRIGACAO;IRRIGACAO 2;03 - ACESSORIOS KRONA;2026-04-01;74,49
IRRIGACAO;IRRIGACAO 2;03 - ACESSORIOS KRONA;2026-05-01;10,77
IRRIGACAO;IRRIGACAO 2;03 - ACESSORIOS KRONA;2026-06-01;7,64
IRRIGACAO;IRRIGACAO 2;03 - ACESSORIOS KRONA;2026-07-01;24,69
IRRIGACAO;IRRIGACAO 2;03 - ACESSORIOS KRONA;2026-08-01;37,08
IRRIGACAO;IRRIGACAO 2;04 - PRODUTOS REVENDA;2022-01-01;100,74
IRRIGACAO;IRRIGACAO 2;04 - PRODUTOS REVENDA;2022-02-01;93,98
IRRIGACAO;IRRIGACAO 2;04 - PRODUTOS REVENDA;2022-03-01;25,47
IRRIGACAO;IRRIGACAO 2;04 - PRODUTOS REVENDA;2022-04-01;115,71
IRRIGACAO;IRRIGACAO 2;04 - PRODUTOS REVENDA;2022-05-01;216,45
IRRIGACAO;IRRIGACAO 2;04 - PRODUTOS REVENDA;2022-06-01;163,61
IRRIGACAO;IRRIGACAO 2;04 - PRODUTOS REVENDA;2022-07-01;53,08
IRRIGACAO;IRRIGACAO 2;04 - PRODUTOS REVENDA;2022-08-01;272,37
IRRIGACAO;IRRIGACAO 2;04 - PRODUTOS REVENDA;2022-09-01;196,87
IRRIGACAO;IRRIGACAO 2;04 - PRODUTOS REVENDA;2022-10-01;279,87
IRRIGACAO;IRRIGACAO 2;04 - PRODUTOS REVENDA;2022-11-01;177,32
IRRIGACAO;IRRIGACAO 2;04 - PRODUTOS REVENDA;2022-12-01;129,05
IRRIGACAO;IRRIGACAO 2;04 - PRODUTOS REVENDA;2023-01-01;20,24
IRRIGACAO;IRRIGACAO 2;04 - PRODUTOS REVENDA;2023-02-01;190,44
IRRIGACAO;IRRIGACAO 2;04 - PRODUTOS REVENDA;2023-03-01;151,48
IRRIGACAO;IRRIGACAO 2;04 - PRODUTOS REVENDA;2023-04-01;89,46
IRRIGACAO;IRRIGACAO 2;04 - PRODUTOS REVENDA;2023-05-01;101,82
IRRIGACAO;IRRIGACAO 2;04 - PRODUTOS REVENDA;2023-06-01;386,50
IRRIGACAO;IRRIGACAO 2;04 - PRODUTOS REVENDA;2023-07-01;451,25
IRRIGACAO;IRRIGACAO 2;04 - PRODUTOS REVENDA;2023-08-01;592,54
IRRIGACAO;IRRIGACAO 2;04 - PRODUTOS REVENDA;2023-09-01;250,57
IRRIGACAO;IRRIGACAO 2;04 - PRODUTOS REVENDA;2023-10-01;200,57
IRRIGACAO;IRRIGACAO 2;04 - PRODUTOS REVENDA;2023-11-01;184,07
IRRIGACAO;IRRIGACAO 2;04 - PRODUTOS REVENDA;2023-12-01;391,13
IRRIGACAO;IRRIGACAO 2;04 - PRODUTOS REVENDA;2024-01-01;168,08
IRRIGACAO;IRRIGACAO 2;04 - PRODUTOS REVENDA;2024-02-01;102,33
IRRIGACAO;IRRIGACAO 2;04 - PRODUTOS REVENDA;2024-03-01;148,81
IRRIGACAO;IRRIGACAO 2;04 - PRODUTOS REVENDA;2024-04-01;246,43
IRRIGACAO;IRRIGACAO 2;04 - PRODUTOS REVENDA;2024-05-01;258,18
IRRIGACAO;IRRIGACAO 2;04 - PRODUTOS REVENDA;2024-06-01;329,44
IRRIGACAO;IRRIGACAO 2;04 - PRODUTOS REVENDA;2024-07-01;165,13
IRRIGACAO;IRRIGACAO 2;04 - PRODUTOS REVENDA;2024-08-01;42,18
IRRIGACAO;IRRIGACAO 2;04 - PRODUTOS REVENDA;2024-09-01;127,04
IRRIGACAO;IRRIGACAO 2;04 - PRODUTOS REVENDA;2024-10-01;225,47
IRRIGACAO;IRRIGACAO 2;04 - PRODUTOS REVENDA;2024-11-01;37,88
IRRIGACAO;IRRIGACAO 2;04 - PRODUTOS REVENDA;2024-12-01;107,35
IRRIGACAO;IRRIGACAO 2;04 - PRODUTOS REVENDA;2025-01-01;75,08
IRRIGACAO;IRRIGACAO 2;04 - PRODUTOS REVENDA;2025-02-01;97,74
IRRIGACAO;IRRIGACAO 2;04 - PRODUTOS REVENDA;2025-03-01;36,01
IRRIGACAO;IRRIGACAO 2;04 - PRODUTOS REVENDA;2025-04-01;181,69
IRRIGACAO;IRRIGACAO 2;04 - PRODUTOS REVENDA;2025-05-01;44,77
IRRIGACAO;IRRIGACAO 2;04 - PRODUTOS REVENDA;2025-06-01;66,08
IRRIGACAO;IRRIGACAO 2;04 - PRODUTOS REVENDA;2025-07-01;82,13
IRRIGACAO;IRRIGACAO 2;04 - PRODUTOS REVENDA;2025-08-01;51,73
IRRIGACAO;IRRIGACAO 2;04 - PRODUTOS REVENDA;2025-09-01;59,53
IRRIGACAO;IRRIGACAO 2;04 - PRODUTOS REVENDA;2025-10-01;65,64
IRRIGACAO;IRRIGACAO 2;04 - PRODUTOS REVENDA;2025-11-01;43,56
IRRIGACAO;IRRIGACAO 2;04 - PRODUTOS REVENDA;2025-12-01;134,10
IRRIGACAO;IRRIGACAO 2;04 - PRODUTOS REVENDA;2026-01-01;101,85
IRRIGACAO;IRRIGACAO 2;04 - PRODUTOS REVENDA;2026-02-01;128,16
IRRIGACAO;IRRIGACAO 2;04 - PRODUTOS REVENDA;2026-03-01;104,57
IRRIGACAO;IRRIGACAO 2;04 - PRODUTOS REVENDA;2026-04-01;58,22
IRRIGACAO;IRRIGACAO 2;04 - PRODUTOS REVENDA;2026-05-01;13,22
IRRIGACAO;IRRIGACAO 2;04 - PRODUTOS REVENDA;2026-06-01;135,94
IRRIGACAO;IRRIGACAO 2;04 - PRODUTOS REVENDA;2026-07-01;4,29
IRRIGACAO;IRRIGACAO 2;04 - PRODUTOS REVENDA;2026-08-01;136,38
IRRIGACAO;IRRIGACAO 2;30 - ELETRODUTOS CORRUGADOS KRONA;2022-02-01;54,00
IRRIGACAO;IRRIGACAO 2;30 - ELETRODUTOS CORRUGADOS KRONA;2022-03-01;106,11
IRRIGACAO;IRRIGACAO 2;30 - ELETRODUTOS CORRUGADOS KRONA;2022-06-01;106,95
IRRIGACAO;IRRIGACAO 2;30 - ELETRODUTOS CORRUGADOS KRONA;2022-07-01;31,20
IRRIGACAO;IRRIGACAO 2;30 - ELETRODUTOS CORRUGADOS KRONA;2022-08-01;5,40
IRRIGACAO;IRRIGACAO 2;30 - ELETRODUTOS CORRUGADOS KRONA;2022-09-01;117,40
IRRIGACAO;IRRIGACAO 2;30 - ELETRODUTOS CORRUGADOS KRONA;2022-11-01;27,00
IRRIGACAO;IRRIGACAO 2;30 - ELETRODUTOS CORRUGADOS KRONA;2022-12-01;31,20
IRRIGACAO;IRRIGACAO 2;30 - ELETRODUTOS CORRUGADOS KRONA;2023-01-01;17,88
IRRIGACAO;IRRIGACAO 2;30 - ELETRODUTOS CORRUGADOS KRONA;2023-02-01;11,53
IRRIGACAO;IRRIGACAO 2;30 - ELETRODUTOS CORRUGADOS KRONA;2023-03-01;16,20
IRRIGACAO;IRRIGACAO 2;30 - ELETRODUTOS CORRUGADOS KRONA;2023-04-01;6,24
IRRIGACAO;IRRIGACAO 2;30 - ELETRODUTOS CORRUGADOS KRONA;2023-05-01;14,11
IRRIGACAO;IRRIGACAO 2;30 - ELETRODUTOS CORRUGADOS KRONA;2023-06-01;65,40
IRRIGACAO;IRRIGACAO 2;30 - ELETRODUTOS CORRUGADOS KRONA;2023-07-01;106,05
IRRIGACAO;IRRIGACAO 2;30 - ELETRODUTOS CORRUGADOS KRONA;2023-08-01;119,99
IRRIGACAO;IRRIGACAO 2;30 - ELETRODUTOS CORRUGADOS KRONA;2023-09-01;29,04
IRRIGACAO;IRRIGACAO 2;30 - ELETRODUTOS CORRUGADOS KRONA;2023-10-01;49,70
IRRIGACAO;IRRIGACAO 2;30 - ELETRODUTOS CORRUGADOS KRONA;2023-11-01;20,34
IRRIGACAO;IRRIGACAO 2;30 - ELETRODUTOS CORRUGADOS KRONA;2023-12-01;2,90
IRRIGACAO;IRRIGACAO 2;30 - ELETRODUTOS CORRUGADOS KRONA;2024-01-01;8,70
IRRIGACAO;IRRIGACAO 2;30 - ELETRODUTOS CORRUGADOS KRONA;2024-02-01;31,20
IRRIGACAO;IRRIGACAO 2;30 - ELETRODUTOS CORRUGADOS KRONA;2024-03-01;118,59
IRRIGACAO;IRRIGACAO 2;30 - ELETRODUTOS CORRUGADOS KRONA;2024-04-01;18,08
IRRIGACAO;IRRIGACAO 2;30 - ELETRODUTOS CORRUGADOS KRONA;2024-05-01;7,47
IRRIGACAO;IRRIGACAO 2;30 - ELETRODUTOS CORRUGADOS KRONA;2024-06-01;37,44
IRRIGACAO;IRRIGACAO 2;30 - ELETRODUTOS CORRUGADOS KRONA;2024-07-01;18,97
IRRIGACAO;IRRIGACAO 2;30 - ELETRODUTOS CORRUGADOS KRONA;2024-08-01;87,93
IRRIGACAO;IRRIGACAO 2;30 - ELETRODUTOS CORRUGADOS KRONA;2024-09-01;9,04
IRRIGACAO;IRRIGACAO 2;30 - ELETRODUTOS CORRUGADOS KRONA;2024-10-01;37,80
IRRIGACAO;IRRIGACAO 2;30 - ELETRODUTOS CORRUGADOS KRONA;2024-11-01;87,27
IRRIGACAO;IRRIGACAO 2;30 - ELETRODUTOS CORRUGADOS KRONA;2024-12-01;0,65
IRRIGACAO;IRRIGACAO 2;30 - ELETRODUTOS CORRUGADOS KRONA;2025-05-01;2,28
IRRIGACAO;IRRIGACAO 2;30 - ELETRODUTOS CORRUGADOS KRONA;2025-07-01;82,35
IRRIGACAO;IRRIGACAO 2;30 - ELETRODUTOS CORRUGADOS KRONA;2025-11-01;147,90
IRRIGACAO;IRRIGACAO 2;30 - ELETRODUTOS CORRUGADOS KRONA;2026-03-01;9,96
IRRIGACAO;IRRIGACAO 2;30 - ELETRODUTOS CORRUGADOS KRONA;2026-05-01;79,70
IRRIGACAO;IRRIGACAO 2;30 - ELETRODUTOS CORRUGADOS KRONA;2026-07-01;6,84
IRRIGACAO;IRRIGACAO 2;31 - CPVC ULTRATERM;2022-01-01;0,08
IRRIGACAO;IRRIGACAO 2;31 - CPVC ULTRATERM;2022-03-01;2,02
IRRIGACAO;IRRIGACAO 2;31 - CPVC ULTRATERM;2022-05-01;0,60
IRRIGACAO;IRRIGACAO 2;31 - CPVC ULTRATERM;2022-07-01;3,71
IRRIGACAO;IRRIGACAO 2;31 - CPVC ULTRATERM;2022-08-01;14,91
IRRIGACAO;IRRIGACAO 2;31 - CPVC ULTRATERM;2022-09-01;0,49
IRRIGACAO;IRRIGACAO 2;31 - CPVC ULTRATERM;2022-11-01;0,21
IRRIGACAO;IRRIGACAO 2;31 - CPVC ULTRATERM;2023-04-01;32,70
IRRIGACAO;IRRIGACAO 2;31 - CPVC ULTRATERM;2023-07-01;16,21
IRRIGACAO;IRRIGACAO 2;31 - CPVC ULTRATERM;2023-08-01;0,56
IRRIGACAO;IRRIGACAO 2;31 - CPVC ULTRATERM;2023-09-01;0,60
IRRIGACAO;IRRIGACAO 2;31 - CPVC ULTRATERM;2023-11-01;0,46
IRRIGACAO;IRRIGACAO 2;31 - CPVC ULTRATERM;2024-02-01;0,26
IRRIGACAO;IRRIGACAO 2;31 - CPVC ULTRATERM;2024-03-01;26,24
IRRIGACAO;IRRIGACAO 2;31 - CPVC ULTRATERM;2024-04-01;0,77
IRRIGACAO;IRRIGACAO 2;31 - CPVC ULTRATERM;2024-05-01;0,40
IRRIGACAO;IRRIGACAO 2;31 - CPVC ULTRATERM;2024-06-01;0,48
IRRIGACAO;IRRIGACAO 2;31 - CPVC ULTRATERM;2024-07-01;0,46
IRRIGACAO;IRRIGACAO 2;31 - CPVC ULTRATERM;2024-08-01;1,46
IRRIGACAO;IRRIGACAO 2;31 - CPVC ULTRATERM;2024-09-01;0,72
IRRIGACAO;IRRIGACAO 2;31 - CPVC ULTRATERM;2024-11-01;1,80
IRRIGACAO;IRRIGACAO 2;31 - CPVC ULTRATERM;2024-12-01;23,79
IRRIGACAO;IRRIGACAO 2;31 - CPVC ULTRATERM;2025-07-01;1,29
IRRIGACAO;IRRIGACAO 2;31 - CPVC ULTRATERM;2025-08-01;13,66
IRRIGACAO;IRRIGACAO 2;31 - CPVC ULTRATERM;2025-12-01;1,57
IRRIGACAO;IRRIGACAO 2;31 - CPVC ULTRATERM;2026-01-01;28,58
IRRIGACAO;IRRIGACAO 2;31 - CPVC ULTRATERM;2026-03-01;1,75
IRRIGACAO;IRRIGACAO 2;31 - CPVC ULTRATERM;2026-08-01;81,74
MINAS RJ/ES;MINAS GERAIS;00 - TUBOS PVC KRONA;2022-01-01;114280,20
MINAS RJ/ES;MINAS GERAIS;00 - TUBOS PVC KRONA;2022-02-01;830189,48
MINAS RJ/ES;MINAS GERAIS;00 - TUBOS PVC KRONA;2022-03-01;767028,06
MINAS RJ/ES;MINAS GERAIS;00 - TUBOS PVC KRONA;2022-04-01;723198,93
MINAS RJ/ES;MINAS GERAIS;00 - TUBOS PVC KRONA;2022-05-01;433846,40
MINAS RJ/ES;MINAS GERAIS;00 - TUBOS PVC KRONA;2022-06-01;580293,11
MINAS RJ/ES;MINAS GERAIS;00 - TUBOS PVC KRONA;2022-07-01;290683,85
MINAS RJ/ES;MINAS GERAIS;00 - TUBOS PVC KRONA;2022-08-01;957653,16
MINAS RJ/ES;MINAS GERAIS;00 - TUBOS PVC KRONA;2022-09-01;402454,49
MINAS RJ/ES;MINAS GERAIS;00 - TUBOS PVC KRONA;2022-10-01;740297,34
MINAS RJ/ES;MINAS GERAIS;00 - TUBOS PVC KRONA;2022-11-01;604273,67
MINAS RJ/ES;MINAS GERAIS;00 - TUBOS PVC KRONA;2022-12-01;1488628,77
MINAS RJ/ES;MINAS GERAIS;00 - TUBOS PVC KRONA;2023-01-01;158086,58
MINAS RJ/ES;MINAS GERAIS;00 - TUBOS PVC KRONA;2023-02-01;579694,91
MINAS RJ/ES;MINAS GERAIS;00 - TUBOS PVC KRONA;2023-03-01;1035395,98
MINAS RJ/ES;MINAS GERAIS;00 - TUBOS PVC KRONA;2023-04-01;414313,71
MINAS RJ/ES;MINAS GERAIS;00 - TUBOS PVC KRONA;2023-05-01;475414,09
MINAS RJ/ES;MINAS GERAIS;00 - TUBOS PVC KRONA;2023-06-01;1128239,25
MINAS RJ/ES;MINAS GERAIS;00 - TUBOS PVC KRONA;2023-07-01;757959,22
MINAS RJ/ES;MINAS GERAIS;00 - TUBOS PVC KRONA;2023-08-01;411222,27
MINAS RJ/ES;MINAS GERAIS;00 - TUBOS PVC KRONA;2023-09-01;1395644,89
MINAS RJ/ES;MINAS GERAIS;00 - TUBOS PVC KRONA;2023-10-01;171062,46
MINAS RJ/ES;MINAS GERAIS;00 - TUBOS PVC KRONA;2023-11-01;544958,34
MINAS RJ/ES;MINAS GERAIS;00 - TUBOS PVC KRONA;2023-12-01;1543175,17
MINAS RJ/ES;MINAS GERAIS;00 - TUBOS PVC KRONA;2024-01-01;207787,24
MINAS RJ/ES;MINAS GERAIS;00 - TUBOS PVC KRONA;2024-02-01;336425,77
MINAS RJ/ES;MINAS GERAIS;00 - TUBOS PVC KRONA;2024-03-01;456893,40
MINAS RJ/ES;MINAS GERAIS;00 - TUBOS PVC KRONA;2024-04-01;1163643,78
MINAS RJ/ES;MINAS GERAIS;00 - TUBOS PVC KRONA;2024-05-01;539682,34
MINAS RJ/ES;MINAS GERAIS;00 - TUBOS PVC KRONA;2024-06-01;1452295,07
MINAS RJ/ES;MINAS GERAIS;00 - TUBOS PVC KRONA;2024-07-01;641443,55
MINAS RJ/ES;MINAS GERAIS;00 - TUBOS PVC KRONA;2024-08-01;474822,39
MINAS RJ/ES;MINAS GERAIS;00 - TUBOS PVC KRONA;2024-09-01;385944,57
MINAS RJ/ES;MINAS GERAIS;00 - TUBOS PVC KRONA;2024-10-01;1791360,75
MINAS RJ/ES;MINAS GERAIS;00 - TUBOS PVC KRONA;2024-11-01;180913,30
MINAS RJ/ES;MINAS GERAIS;00 - TUBOS PVC KRONA;2024-12-01;802093,72
MINAS RJ/ES;MINAS GERAIS;00 - TUBOS PVC KRONA;2025-01-01;571455,48
MINAS RJ/ES;MINAS GERAIS;00 - TUBOS PVC KRONA;2025-02-01;231625,84
MINAS RJ/ES;MINAS GERAIS;00 - TUBOS PVC KRONA;2025-03-01;802273,60
MINAS RJ/ES;MINAS GERAIS;00 - TUBOS PVC KRONA;2025-04-01;306562,32
MINAS RJ/ES;MINAS GERAIS;00 - TUBOS PVC KRONA;2025-05-01;265787,06
MINAS RJ/ES;MINAS GERAIS;00 - TUBOS PVC KRONA;2025-06-01;1371630,09
MINAS RJ/ES;MINAS GERAIS;00 - TUBOS PVC KRONA;2025-07-01;366954,27
MINAS RJ/ES;MINAS GERAIS;00 - TUBOS PVC KRONA;2025-08-01;346676,18
MINAS RJ/ES;MINAS GERAIS;00 - TUBOS PVC KRONA;2025-09-01;561442,82
MINAS RJ/ES;MINAS GERAIS;00 - TUBOS PVC KRONA;2025-10-01;688214,05
MINAS RJ/ES;MINAS GERAIS;00 - TUBOS PVC KRONA;2025-11-01;780860,61
MINAS RJ/ES;MINAS GERAIS;00 - TUBOS PVC KRONA;2025-12-01;621563,33
MINAS RJ/ES;MINAS GERAIS;00 - TUBOS PVC KRONA;2026-01-01;378629,99
MINAS RJ/ES;MINAS GERAIS;00 - TUBOS PVC KRONA;2026-02-01;857363,64
MINAS RJ/ES;MINAS GERAIS;00 - TUBOS PVC KRONA;2026-03-01;659519,68
MINAS RJ/ES;MINAS GERAIS;00 - TUBOS PVC KRONA;2026-04-01;787165,73
MINAS RJ/ES;MINAS GERAIS;00 - TUBOS PVC KRONA;2026-05-01;368257,64
MINAS RJ/ES;MINAS GERAIS;00 - TUBOS PVC KRONA;2026-06-01;183306,13
MINAS RJ/ES;MINAS GERAIS;00 - TUBOS PVC KRONA;2026-07-01;640551,41
MINAS RJ/ES;MINAS GERAIS;00 - TUBOS PVC KRONA;2026-08-01;425882,82
MINAS RJ/ES;MINAS GERAIS;01 - TUBOS ELETRODUTOS KRONA;2022-01-01;535,20
MINAS RJ/ES;MINAS GERAIS;01 - TUBOS ELETRODUTOS KRONA;2022-02-01;3928,88
MINAS RJ/ES;MINAS GERAIS;01 - TUBOS ELETRODUTOS KRONA;2022-03-01;3867,30
MINAS RJ/ES;MINAS GERAIS;01 - TUBOS ELETRODUTOS KRONA;2022-04-01;9679,41
MINAS RJ/ES;MINAS GERAIS;01 - TUBOS ELETRODUTOS KRONA;2022-05-01;7371,60
MINAS RJ/ES;MINAS GERAIS;01 - TUBOS ELETRODUTOS KRONA;2022-06-01;2198,86
MINAS RJ/ES;MINAS GERAIS;01 - TUBOS ELETRODUTOS KRONA;2022-07-01;1558,25
MINAS RJ/ES;MINAS GERAIS;01 - TUBOS ELETRODUTOS KRONA;2022-08-01;5250,71
MINAS RJ/ES;MINAS GERAIS;01 - TUBOS ELETRODUTOS KRONA;2022-09-01;7238,47
MINAS RJ/ES;MINAS GERAIS;01 - TUBOS ELETRODUTOS KRONA;2022-10-01;7176,52
MINAS RJ/ES;MINAS GERAIS;01 - TUBOS ELETRODUTOS KRONA;2022-11-01;4358,49
MINAS RJ/ES;MINAS GERAIS;01 - TUBOS ELETRODUTOS KRONA;2022-12-01;40326,57
MINAS RJ/ES;MINAS GERAIS;01 - TUBOS ELETRODUTOS KRONA;2023-01-01;1388,61
MINAS RJ/ES;MINAS GERAIS;01 - TUBOS ELETRODUTOS KRONA;2023-02-01;12806,64
MINAS RJ/ES;MINAS GERAIS;01 - TUBOS ELETRODUTOS KRONA;2023-03-01;17887,82
MINAS RJ/ES;MINAS GERAIS;01 - TUBOS ELETRODUTOS KRONA;2023-04-01;10326,77
MINAS RJ/ES;MINAS GERAIS;01 - TUBOS ELETRODUTOS KRONA;2023-05-01;3580,93
MINAS RJ/ES;MINAS GERAIS;01 - TUBOS ELETRODUTOS KRONA;2023-06-01;14094,73
MINAS RJ/ES;MINAS GERAIS;01 - TUBOS ELETRODUTOS KRONA;2023-07-01;5633,31
MINAS RJ/ES;MINAS GERAIS;01 - TUBOS ELETRODUTOS KRONA;2023-08-01;6575,12
MINAS RJ/ES;MINAS GERAIS;01 - TUBOS ELETRODUTOS KRONA;2023-09-01;24397,31
MINAS RJ/ES;MINAS GERAIS;01 - TUBOS ELETRODUTOS KRONA;2023-10-01;2091,66
MINAS RJ/ES;MINAS GERAIS;01 - TUBOS ELETRODUTOS KRONA;2023-11-01;8335,65
MINAS RJ/ES;MINAS GERAIS;01 - TUBOS ELETRODUTOS KRONA;2023-12-01;22548,30
MINAS RJ/ES;MINAS GERAIS;01 - TUBOS ELETRODUTOS KRONA;2024-01-01;2778,68
MINAS RJ/ES;MINAS GERAIS;01 - TUBOS ELETRODUTOS KRONA;2024-02-01;13639,31
MINAS RJ/ES;MINAS GERAIS;01 - TUBOS ELETRODUTOS KRONA;2024-03-01;12226,33
MINAS RJ/ES;MINAS GERAIS;01 - TUBOS ELETRODUTOS KRONA;2024-04-01;11011,03
MINAS RJ/ES;MINAS GERAIS;01 - TUBOS ELETRODUTOS KRONA;2024-05-01;11889,47
MINAS RJ/ES;MINAS GERAIS;01 - TUBOS ELETRODUTOS KRONA;2024-06-01;25318,95
MINAS RJ/ES;MINAS GERAIS;01 - TUBOS ELETRODUTOS KRONA;2024-07-01;14224,48
MINAS RJ/ES;MINAS GERAIS;01 - TUBOS ELETRODUTOS KRONA;2024-08-01;7561,60
MINAS RJ/ES;MINAS GERAIS;01 - TUBOS ELETRODUTOS KRONA;2024-09-01;12331,59
MINAS RJ/ES;MINAS GERAIS;01 - TUBOS ELETRODUTOS KRONA;2024-10-01;15087,83
MINAS RJ/ES;MINAS GERAIS;01 - TUBOS ELETRODUTOS KRONA;2024-11-01;3068,10
MINAS RJ/ES;MINAS GERAIS;01 - TUBOS ELETRODUTOS KRONA;2024-12-01;7023,59
MINAS RJ/ES;MINAS GERAIS;01 - TUBOS ELETRODUTOS KRONA;2025-01-01;8255,86
MINAS RJ/ES;MINAS GERAIS;01 - TUBOS ELETRODUTOS KRONA;2025-02-01;12492,73
MINAS RJ/ES;MINAS GERAIS;01 - TUBOS ELETRODUTOS KRONA;2025-03-01;12548,56
MINAS RJ/ES;MINAS GERAIS;01 - TUBOS ELETRODUTOS KRONA;2025-04-01;6634,45
MINAS RJ/ES;MINAS GERAIS;01 - TUBOS ELETRODUTOS KRONA;2025-05-01;10281,11
MINAS RJ/ES;MINAS GERAIS;01 - TUBOS ELETRODUTOS KRONA;2025-06-01;28040,70
MINAS RJ/ES;MINAS GERAIS;01 - TUBOS ELETRODUTOS KRONA;2025-07-01;6772,48
MINAS RJ/ES;MINAS GERAIS;01 - TUBOS ELETRODUTOS KRONA;2025-08-01;12085,59
MINAS RJ/ES;MINAS GERAIS;01 - TUBOS ELETRODUTOS KRONA;2025-09-01;23427,30
MINAS RJ/ES;MINAS GERAIS;01 - TUBOS ELETRODUTOS KRONA;2025-10-01;6215,25
MINAS RJ/ES;MINAS GERAIS;01 - TUBOS ELETRODUTOS KRONA;2025-11-01;10250,51
MINAS RJ/ES;MINAS GERAIS;01 - TUBOS ELETRODUTOS KRONA;2025-12-01;23442,97
MINAS RJ/ES;MINAS GERAIS;01 - TUBOS ELETRODUTOS KRONA;2026-01-01;905,92
MINAS RJ/ES;MINAS GERAIS;01 - TUBOS ELETRODUTOS KRONA;2026-02-01;17589,57
MINAS RJ/ES;MINAS GERAIS;01 - TUBOS ELETRODUTOS KRONA;2026-03-01;4720,64
MINAS RJ/ES;MINAS GERAIS;01 - TUBOS ELETRODUTOS KRONA;2026-04-01;9739,74
MINAS RJ/ES;MINAS GERAIS;01 - TUBOS ELETRODUTOS KRONA;2026-05-01;4434,16
MINAS RJ/ES;MINAS GERAIS;01 - TUBOS ELETRODUTOS KRONA;2026-06-01;17315,10
MINAS RJ/ES;MINAS GERAIS;01 - TUBOS ELETRODUTOS KRONA;2026-07-01;10495,18
MINAS RJ/ES;MINAS GERAIS;01 - TUBOS ELETRODUTOS KRONA;2026-08-01;5905,34
MINAS RJ/ES;MINAS GERAIS;02 - CONEXOES KRONA;2022-01-01;26673,41
MINAS RJ/ES;MINAS GERAIS;02 - CONEXOES KRONA;2022-02-01;129713,74
MINAS RJ/ES;MINAS GERAIS;02 - CONEXOES KRONA;2022-03-01;263541,76
MINAS RJ/ES;MINAS GERAIS;02 - CONEXOES KRONA;2022-04-01;164868,72
MINAS RJ/ES;MINAS GERAIS;02 - CONEXOES KRONA;2022-05-01;215912,11
MINAS RJ/ES;MINAS GERAIS;02 - CONEXOES KRONA;2022-06-01;227533,51
MINAS RJ/ES;MINAS GERAIS;02 - CONEXOES KRONA;2022-07-01;89730,11
MINAS RJ/ES;MINAS GERAIS;02 - CONEXOES KRONA;2022-08-01;307078,99
MINAS RJ/ES;MINAS GERAIS;02 - CONEXOES KRONA;2022-09-01;103443,47
MINAS RJ/ES;MINAS GERAIS;02 - CONEXOES KRONA;2022-10-01;262061,36
MINAS RJ/ES;MINAS GERAIS;02 - CONEXOES KRONA;2022-11-01;98598,93
MINAS RJ/ES;MINAS GERAIS;02 - CONEXOES KRONA;2022-12-01;382620,52
MINAS RJ/ES;MINAS GERAIS;02 - CONEXOES KRONA;2023-01-01;45650,06
MINAS RJ/ES;MINAS GERAIS;02 - CONEXOES KRONA;2023-02-01;235028,55
MINAS RJ/ES;MINAS GERAIS;02 - CONEXOES KRONA;2023-03-01;301013,72
MINAS RJ/ES;MINAS GERAIS;02 - CONEXOES KRONA;2023-04-01;257698,50
MINAS RJ/ES;MINAS GERAIS;02 - CONEXOES KRONA;2023-05-01;182975,33
MINAS RJ/ES;MINAS GERAIS;02 - CONEXOES KRONA;2023-06-01;393941,54
MINAS RJ/ES;MINAS GERAIS;02 - CONEXOES KRONA;2023-07-01;316342,67
MINAS RJ/ES;MINAS GERAIS;02 - CONEXOES KRONA;2023-08-01;129766,25
MINAS RJ/ES;MINAS GERAIS;02 - CONEXOES KRONA;2023-09-01;547248,95
MINAS RJ/ES;MINAS GERAIS;02 - CONEXOES KRONA;2023-10-01;61915,18
MINAS RJ/ES;MINAS GERAIS;02 - CONEXOES KRONA;2023-11-01;310345,83
MINAS RJ/ES;MINAS GERAIS;02 - CONEXOES KRONA;2023-12-01;437431,68
MINAS RJ/ES;MINAS GERAIS;02 - CONEXOES KRONA;2024-01-01;60235,13
MINAS RJ/ES;MINAS GERAIS;02 - CONEXOES KRONA;2024-02-01;267078,89
MINAS RJ/ES;MINAS GERAIS;02 - CONEXOES KRONA;2024-03-01;124275,23
MINAS RJ/ES;MINAS GERAIS;02 - CONEXOES KRONA;2024-04-01;391931,75
MINAS RJ/ES;MINAS GERAIS;02 - CONEXOES KRONA;2024-05-01;111700,55
MINAS RJ/ES;MINAS GERAIS;02 - CONEXOES KRONA;2024-06-01;729043,21
MINAS RJ/ES;MINAS GERAIS;02 - CONEXOES KRONA;2024-07-01;307040,88
MINAS RJ/ES;MINAS GERAIS;02 - CONEXOES KRONA;2024-08-01;165405,84
MINAS RJ/ES;MINAS GERAIS;02 - CONEXOES KRONA;2024-09-01;92337,94
MINAS RJ/ES;MINAS GERAIS;02 - CONEXOES KRONA;2024-10-01;666616,90
MINAS RJ/ES;MINAS GERAIS;02 - CONEXOES KRONA;2024-11-01;146274,43
MINAS RJ/ES;MINAS GERAIS;02 - CONEXOES KRONA;2024-12-01;361374,58
MINAS RJ/ES;MINAS GERAIS;02 - CONEXOES KRONA;2025-01-01;313529,31
MINAS RJ/ES;MINAS GERAIS;02 - CONEXOES KRONA;2025-02-01;101362,59
MINAS RJ/ES;MINAS GERAIS;02 - CONEXOES KRONA;2025-03-01;375236,20
MINAS RJ/ES;MINAS GERAIS;02 - CONEXOES KRONA;2025-04-01;101220,52
MINAS RJ/ES;MINAS GERAIS;02 - CONEXOES KRONA;2025-05-01;63620,62
MINAS RJ/ES;MINAS GERAIS;02 - CONEXOES KRONA;2025-06-01;664132,74
MINAS RJ/ES;MINAS GERAIS;02 - CONEXOES KRONA;2025-07-01;115737,75
MINAS RJ/ES;MINAS GERAIS;02 - CONEXOES KRONA;2025-08-01;220796,99
MINAS RJ/ES;MINAS GERAIS;02 - CONEXOES KRONA;2025-09-01;338024,42
MINAS RJ/ES;MINAS GERAIS;02 - CONEXOES KRONA;2025-10-01;300574,61
MINAS RJ/ES;MINAS GERAIS;02 - CONEXOES KRONA;2025-11-01;350749,50
MINAS RJ/ES;MINAS GERAIS;02 - CONEXOES KRONA;2025-12-01;310523,62
MINAS RJ/ES;MINAS GERAIS;02 - CONEXOES KRONA;2026-01-01;191924,36
MINAS RJ/ES;MINAS GERAIS;02 - CONEXOES KRONA;2026-02-01;215130,42
MINAS RJ/ES;MINAS GERAIS;02 - CONEXOES KRONA;2026-03-01;337629,60
MINAS RJ/ES;MINAS GERAIS;02 - CONEXOES KRONA;2026-04-01;372472,89
MINAS RJ/ES;MINAS GERAIS;02 - CONEXOES KRONA;2026-05-01;80443,47
MINAS RJ/ES;MINAS GERAIS;02 - CONEXOES KRONA;2026-06-01;54049,01
MINAS RJ/ES;MINAS GERAIS;02 - CONEXOES KRONA;2026-07-01;241448,48
MINAS RJ/ES;MINAS GERAIS;02 - CONEXOES KRONA;2026-08-01;216883,93
MINAS RJ/ES;MINAS GERAIS;03 - ACESSORIOS KRONA;2022-01-01;2585,31
MINAS RJ/ES;MINAS GERAIS;03 - ACESSORIOS KRONA;2022-02-01;7701,84
MINAS RJ/ES;MINAS GERAIS;03 - ACESSORIOS KRONA;2022-03-01;67355,01
MINAS RJ/ES;MINAS GERAIS;03 - ACESSORIOS KRONA;2022-04-01;47627,27
MINAS RJ/ES;MINAS GERAIS;03 - ACESSORIOS KRONA;2022-05-01;88432,67
MINAS RJ/ES;MINAS GERAIS;03 - ACESSORIOS KRONA;2022-06-01;56760,27
MINAS RJ/ES;MINAS GERAIS;03 - ACESSORIOS KRONA;2022-07-01;12123,35
MINAS RJ/ES;MINAS GERAIS;03 - ACESSORIOS KRONA;2022-08-01;55132,49
MINAS RJ/ES;MINAS GERAIS;03 - ACESSORIOS KRONA;2022-09-01;7498,64
MINAS RJ/ES;MINAS GERAIS;03 - ACESSORIOS KRONA;2022-10-01;51398,97
MINAS RJ/ES;MINAS GERAIS;03 - ACESSORIOS KRONA;2022-11-01;13378,06
MINAS RJ/ES;MINAS GERAIS;03 - ACESSORIOS KRONA;2022-12-01;101399,36
MINAS RJ/ES;MINAS GERAIS;03 - ACESSORIOS KRONA;2023-01-01;6663,47
MINAS RJ/ES;MINAS GERAIS;03 - ACESSORIOS KRONA;2023-02-01;62183,83
MINAS RJ/ES;MINAS GERAIS;03 - ACESSORIOS KRONA;2023-03-01;44081,31
MINAS RJ/ES;MINAS GERAIS;03 - ACESSORIOS KRONA;2023-04-01;56470,41
MINAS RJ/ES;MINAS GERAIS;03 - ACESSORIOS KRONA;2023-05-01;45853,01
MINAS RJ/ES;MINAS GERAIS;03 - ACESSORIOS KRONA;2023-06-01;95745,72
MINAS RJ/ES;MINAS GERAIS;03 - ACESSORIOS KRONA;2023-07-01;60334,85
MINAS RJ/ES;MINAS GERAIS;03 - ACESSORIOS KRONA;2023-08-01;14399,69
MINAS RJ/ES;MINAS GERAIS;03 - ACESSORIOS KRONA;2023-09-01;125815,37
MINAS RJ/ES;MINAS GERAIS;03 - ACESSORIOS KRONA;2023-10-01;7224,44
MINAS RJ/ES;MINAS GERAIS;03 - ACESSORIOS KRONA;2023-11-01;58877,96
MINAS RJ/ES;MINAS GERAIS;03 - ACESSORIOS KRONA;2023-12-01;86389,91
MINAS RJ/ES;MINAS GERAIS;03 - ACESSORIOS KRONA;2024-01-01;11607,75
MINAS RJ/ES;MINAS GERAIS;03 - ACESSORIOS KRONA;2024-02-01;99389,52
MINAS RJ/ES;MINAS GERAIS;03 - ACESSORIOS KRONA;2024-03-01;14071,68
MINAS RJ/ES;MINAS GERAIS;03 - ACESSORIOS KRONA;2024-04-01;81476,92
MINAS RJ/ES;MINAS GERAIS;03 - ACESSORIOS KRONA;2024-05-01;22087,46
MINAS RJ/ES;MINAS GERAIS;03 - ACESSORIOS KRONA;2024-06-01;105417,62
MINAS RJ/ES;MINAS GERAIS;03 - ACESSORIOS KRONA;2024-07-01;61048,55
MINAS RJ/ES;MINAS GERAIS;03 - ACESSORIOS KRONA;2024-08-01;49197,89
MINAS RJ/ES;MINAS GERAIS;03 - ACESSORIOS KRONA;2024-09-01;25661,11
MINAS RJ/ES;MINAS GERAIS;03 - ACESSORIOS KRONA;2024-10-01;156416,15
MINAS RJ/ES;MINAS GERAIS;03 - ACESSORIOS KRONA;2024-11-01;30005,05
MINAS RJ/ES;MINAS GERAIS;03 - ACESSORIOS KRONA;2024-12-01;64217,54
MINAS RJ/ES;MINAS GERAIS;03 - ACESSORIOS KRONA;2025-01-01;33985,86
MINAS RJ/ES;MINAS GERAIS;03 - ACESSORIOS KRONA;2025-02-01;8329,07
MINAS RJ/ES;MINAS GERAIS;03 - ACESSORIOS KRONA;2025-03-01;63961,52
MINAS RJ/ES;MINAS GERAIS;03 - ACESSORIOS KRONA;2025-04-01;8993,62
MINAS RJ/ES;MINAS GERAIS;03 - ACESSORIOS KRONA;2025-05-01;6529,69
MINAS RJ/ES;MINAS GERAIS;03 - ACESSORIOS KRONA;2025-06-01;129398,62
MINAS RJ/ES;MINAS GERAIS;03 - ACESSORIOS KRONA;2025-07-01;12945,19
MINAS RJ/ES;MINAS GERAIS;03 - ACESSORIOS KRONA;2025-08-01;26043,51
MINAS RJ/ES;MINAS GERAIS;03 - ACESSORIOS KRONA;2025-09-01;61202,87
MINAS RJ/ES;MINAS GERAIS;03 - ACESSORIOS KRONA;2025-10-01;33782,94
MINAS RJ/ES;MINAS GERAIS;03 - ACESSORIOS KRONA;2025-11-01;34205,09
MINAS RJ/ES;MINAS GERAIS;03 - ACESSORIOS KRONA;2025-12-01;39833,74
MINAS RJ/ES;MINAS GERAIS;03 - ACESSORIOS KRONA;2026-01-01;48840,71
MINAS RJ/ES;MINAS GERAIS;03 - ACESSORIOS KRONA;2026-02-01;22609,18
MINAS RJ/ES;MINAS GERAIS;03 - ACESSORIOS KRONA;2026-03-01;133210,89
MINAS RJ/ES;MINAS GERAIS;03 - ACESSORIOS KRONA;2026-04-01;67436,27
MINAS RJ/ES;MINAS GERAIS;03 - ACESSORIOS KRONA;2026-05-01;60760,75
MINAS RJ/ES;MINAS GERAIS;03 - ACESSORIOS KRONA;2026-06-01;7438,21
MINAS RJ/ES;MINAS GERAIS;03 - ACESSORIOS KRONA;2026-07-01;68141,37
MINAS RJ/ES;MINAS GERAIS;03 - ACESSORIOS KRONA;2026-08-01;64704,58
MINAS RJ/ES;MINAS GERAIS;04 - PRODUTOS REVENDA;2022-01-01;1551,24
MINAS RJ/ES;MINAS GERAIS;04 - PRODUTOS REVENDA;2022-02-01;11052,99
MINAS RJ/ES;MINAS GERAIS;04 - PRODUTOS REVENDA;2022-03-01;20769,78
MINAS RJ/ES;MINAS GERAIS;04 - PRODUTOS REVENDA;2022-04-01;19302,77
MINAS RJ/ES;MINAS GERAIS;04 - PRODUTOS REVENDA;2022-05-01;64628,10
MINAS RJ/ES;MINAS GERAIS;04 - PRODUTOS REVENDA;2022-06-01;26027,55
MINAS RJ/ES;MINAS GERAIS;04 - PRODUTOS REVENDA;2022-07-01;17401,49
MINAS RJ/ES;MINAS GERAIS;04 - PRODUTOS REVENDA;2022-08-01;70471,55
MINAS RJ/ES;MINAS GERAIS;04 - PRODUTOS REVENDA;2022-09-01;3928,45
MINAS RJ/ES;MINAS GERAIS;04 - PRODUTOS REVENDA;2022-10-01;31970,87
MINAS RJ/ES;MINAS GERAIS;04 - PRODUTOS REVENDA;2022-11-01;7938,10
MINAS RJ/ES;MINAS GERAIS;04 - PRODUTOS REVENDA;2022-12-01;77298,43
MINAS RJ/ES;MINAS GERAIS;04 - PRODUTOS REVENDA;2023-01-01;3693,64
MINAS RJ/ES;MINAS GERAIS;04 - PRODUTOS REVENDA;2023-02-01;31476,32
MINAS RJ/ES;MINAS GERAIS;04 - PRODUTOS REVENDA;2023-03-01;35587,61
MINAS RJ/ES;MINAS GERAIS;04 - PRODUTOS REVENDA;2023-04-01;41525,62
MINAS RJ/ES;MINAS GERAIS;04 - PRODUTOS REVENDA;2023-05-01;6745,24
MINAS RJ/ES;MINAS GERAIS;04 - PRODUTOS REVENDA;2023-06-01;27689,05
MINAS RJ/ES;MINAS GERAIS;04 - PRODUTOS REVENDA;2023-07-01;78095,14
MINAS RJ/ES;MINAS GERAIS;04 - PRODUTOS REVENDA;2023-08-01;6322,07
MINAS RJ/ES;MINAS GERAIS;04 - PRODUTOS REVENDA;2023-09-01;57309,31
MINAS RJ/ES;MINAS GERAIS;04 - PRODUTOS REVENDA;2023-10-01;3903,44
MINAS RJ/ES;MINAS GERAIS;04 - PRODUTOS REVENDA;2023-11-01;40799,00
MINAS RJ/ES;MINAS GERAIS;04 - PRODUTOS REVENDA;2023-12-01;38068,47
MINAS RJ/ES;MINAS GERAIS;04 - PRODUTOS REVENDA;2024-01-01;4016,16
MINAS RJ/ES;MINAS GERAIS;04 - PRODUTOS REVENDA;2024-02-01;6261,79
MINAS RJ/ES;MINAS GERAIS;04 - PRODUTOS REVENDA;2024-03-01;5628,98
MINAS RJ/ES;MINAS GERAIS;04 - PRODUTOS REVENDA;2024-04-01;24673,09
MINAS RJ/ES;MINAS GERAIS;04 - PRODUTOS REVENDA;2024-05-01;6112,94
MINAS RJ/ES;MINAS GERAIS;04 - PRODUTOS REVENDA;2024-06-01;56668,58
MINAS RJ/ES;MINAS GERAIS;04 - PRODUTOS REVENDA;2024-07-01;15562,57
MINAS RJ/ES;MINAS GERAIS;04 - PRODUTOS REVENDA;2024-08-01;12822,30
MINAS RJ/ES;MINAS GERAIS;04 - PRODUTOS REVENDA;2024-09-01;5206,14
MINAS RJ/ES;MINAS GERAIS;04 - PRODUTOS REVENDA;2024-10-01;46266,61
MINAS RJ/ES;MINAS GERAIS;04 - PRODUTOS REVENDA;2024-11-01;2738,93
MINAS RJ/ES;MINAS GERAIS;04 - PRODUTOS REVENDA;2024-12-01;12343,08
MINAS RJ/ES;MINAS GERAIS;04 - PRODUTOS REVENDA;2025-01-01;21714,97
MINAS RJ/ES;MINAS GERAIS;04 - PRODUTOS REVENDA;2025-02-01;4183,00
MINAS RJ/ES;MINAS GERAIS;04 - PRODUTOS REVENDA;2025-03-01;16041,17
MINAS RJ/ES;MINAS GERAIS;04 - PRODUTOS REVENDA;2025-04-01;5080,63
MINAS RJ/ES;MINAS GERAIS;04 - PRODUTOS REVENDA;2025-05-01;4084,02
MINAS RJ/ES;MINAS GERAIS;04 - PRODUTOS REVENDA;2025-06-01;49895,23
MINAS RJ/ES;MINAS GERAIS;04 - PRODUTOS REVENDA;2025-07-01;5225,99
MINAS RJ/ES;MINAS GERAIS;04 - PRODUTOS REVENDA;2025-08-01;8846,10
MINAS RJ/ES;MINAS GERAIS;04 - PRODUTOS REVENDA;2025-09-01;11452,55
MINAS RJ/ES;MINAS GERAIS;04 - PRODUTOS REVENDA;2025-10-01;29192,51
MINAS RJ/ES;MINAS GERAIS;04 - PRODUTOS REVENDA;2025-11-01;20350,73
MINAS RJ/ES;MINAS GERAIS;04 - PRODUTOS REVENDA;2025-12-01;17121,55
MINAS RJ/ES;MINAS GERAIS;04 - PRODUTOS REVENDA;2026-01-01;16510,64
MINAS RJ/ES;MINAS GERAIS;04 - PRODUTOS REVENDA;2026-02-01;12902,44
MINAS RJ/ES;MINAS GERAIS;04 - PRODUTOS REVENDA;2026-03-01;25745,39
MINAS RJ/ES;MINAS GERAIS;04 - PRODUTOS REVENDA;2026-04-01;22132,50
MINAS RJ/ES;MINAS GERAIS;04 - PRODUTOS REVENDA;2026-05-01;4732,92
MINAS RJ/ES;MINAS GERAIS;04 - PRODUTOS REVENDA;2026-06-01;7970,37
MINAS RJ/ES;MINAS GERAIS;04 - PRODUTOS REVENDA;2026-07-01;23147,48
MINAS RJ/ES;MINAS GERAIS;04 - PRODUTOS REVENDA;2026-08-01;15467,04
MINAS RJ/ES;MINAS GERAIS;29 - PPR;2022-01-01;0,14
MINAS RJ/ES;MINAS GERAIS;29 - PPR;2022-02-01;0,27
MINAS RJ/ES;MINAS GERAIS;29 - PPR;2022-03-01;54,34
MINAS RJ/ES;MINAS GERAIS;29 - PPR;2022-04-01;68,59
MINAS RJ/ES;MINAS GERAIS;29 - PPR;2022-05-01;61,72
MINAS RJ/ES;MINAS GERAIS;29 - PPR;2022-06-01;147,00
MINAS RJ/ES;MINAS GERAIS;29 - PPR;2022-07-01;37,41
MINAS RJ/ES;MINAS GERAIS;29 - PPR;2022-08-01;2,18
MINAS RJ/ES;MINAS GERAIS;29 - PPR;2022-09-01;102,96
MINAS RJ/ES;MINAS GERAIS;29 - PPR;2022-11-01;50,56
MINAS RJ/ES;MINAS GERAIS;29 - PPR;2022-12-01;0,89
MINAS RJ/ES;MINAS GERAIS;29 - PPR;2023-01-01;107,44
MINAS RJ/ES;MINAS GERAIS;29 - PPR;2023-02-01;3,29
MINAS RJ/ES;MINAS GERAIS;29 - PPR;2023-03-01;14,90
MINAS RJ/ES;MINAS GERAIS;29 - PPR;2023-04-01;15,84
MINAS RJ/ES;MINAS GERAIS;29 - PPR;2023-06-01;35,13
MINAS RJ/ES;MINAS GERAIS;29 - PPR;2023-07-01;59,93
MINAS RJ/ES;MINAS GERAIS;29 - PPR;2023-08-01;3,06
MINAS RJ/ES;MINAS GERAIS;29 - PPR;2023-11-01;1,28
MINAS RJ/ES;MINAS GERAIS;29 - PPR;2023-12-01;53,49
MINAS RJ/ES;MINAS GERAIS;29 - PPR;2024-01-01;28,51
MINAS RJ/ES;MINAS GERAIS;29 - PPR;2024-02-01;63,41
MINAS RJ/ES;MINAS GERAIS;29 - PPR;2024-03-01;1,85
MINAS RJ/ES;MINAS GERAIS;29 - PPR;2024-04-01;17,18
MINAS RJ/ES;MINAS GERAIS;29 - PPR;2024-05-01;17,55
MINAS RJ/ES;MINAS GERAIS;29 - PPR;2024-06-01;256,66
MINAS RJ/ES;MINAS GERAIS;29 - PPR;2024-08-01;21,06
MINAS RJ/ES;MINAS GERAIS;29 - PPR;2024-09-01;83,97
MINAS RJ/ES;MINAS GERAIS;29 - PPR;2024-10-01;2,32
MINAS RJ/ES;MINAS GERAIS;29 - PPR;2024-12-01;0,45
MINAS RJ/ES;MINAS GERAIS;29 - PPR;2025-01-01;0,75
MINAS RJ/ES;MINAS GERAIS;29 - PPR;2025-02-01;28,54
MINAS RJ/ES;MINAS GERAIS;29 - PPR;2025-03-01;1,08
MINAS RJ/ES;MINAS GERAIS;29 - PPR;2025-04-01;0,28
MINAS RJ/ES;MINAS GERAIS;29 - PPR;2025-06-01;0,09
MINAS RJ/ES;MINAS GERAIS;29 - PPR;2025-07-01;15,30
MINAS RJ/ES;MINAS GERAIS;29 - PPR;2025-08-01;20,44
MINAS RJ/ES;MINAS GERAIS;29 - PPR;2025-11-01;0,81
MINAS RJ/ES;MINAS GERAIS;29 - PPR;2025-12-01;3,43
MINAS RJ/ES;MINAS GERAIS;29 - PPR;2026-02-01;37,44
MINAS RJ/ES;MINAS GERAIS;29 - PPR;2026-03-01;0,67
MINAS RJ/ES;MINAS GERAIS;29 - PPR;2026-04-01;15,43
MINAS RJ/ES;MINAS GERAIS;29 - PPR;2026-05-01;39,52
MINAS RJ/ES;MINAS GERAIS;29 - PPR;2026-07-01;37,36
MINAS RJ/ES;MINAS GERAIS;29 - PPR;2026-08-01;0,84
MINAS RJ/ES;MINAS GERAIS;30 - ELETRODUTOS CORRUGADOS KRONA;2022-01-01;20244,86
MINAS RJ/ES;MINAS GERAIS;30 - ELETRODUTOS CORRUGADOS KRONA;2022-02-01;23431,21
MINAS RJ/ES;MINAS GERAIS;30 - ELETRODUTOS CORRUGADOS KRONA;2022-03-01;80385,29
MINAS RJ/ES;MINAS GERAIS;30 - ELETRODUTOS CORRUGADOS KRONA;2022-04-01;109092,66
MINAS RJ/ES;MINAS GERAIS;30 - ELETRODUTOS CORRUGADOS KRONA;2022-05-01;62815,23
MINAS RJ/ES;MINAS GERAIS;30 - ELETRODUTOS CORRUGADOS KRONA;2022-06-01;109875,72
MINAS RJ/ES;MINAS GERAIS;30 - ELETRODUTOS CORRUGADOS KRONA;2022-07-01;35164,61
MINAS RJ/ES;MINAS GERAIS;30 - ELETRODUTOS CORRUGADOS KRONA;2022-08-01;63580,45
MINAS RJ/ES;MINAS GERAIS;30 - ELETRODUTOS CORRUGADOS KRONA;2022-09-01;89317,29
MINAS RJ/ES;MINAS GERAIS;30 - ELETRODUTOS CORRUGADOS KRONA;2022-10-01;106674,63
MINAS RJ/ES;MINAS GERAIS;30 - ELETRODUTOS CORRUGADOS KRONA;2022-11-01;38122,06
MINAS RJ/ES;MINAS GERAIS;30 - ELETRODUTOS CORRUGADOS KRONA;2022-12-01;187685,97
MINAS RJ/ES;MINAS GERAIS;30 - ELETRODUTOS CORRUGADOS KRONA;2023-01-01;8870,22
MINAS RJ/ES;MINAS GERAIS;30 - ELETRODUTOS CORRUGADOS KRONA;2023-02-01;55183,83
MINAS RJ/ES;MINAS GERAIS;30 - ELETRODUTOS CORRUGADOS KRONA;2023-03-01;75568,31
MINAS RJ/ES;MINAS GERAIS;30 - ELETRODUTOS CORRUGADOS KRONA;2023-04-01;70566,90
MINAS RJ/ES;MINAS GERAIS;30 - ELETRODUTOS CORRUGADOS KRONA;2023-05-01;79918,91
MINAS RJ/ES;MINAS GERAIS;30 - ELETRODUTOS CORRUGADOS KRONA;2023-06-01;76609,15
MINAS RJ/ES;MINAS GERAIS;30 - ELETRODUTOS CORRUGADOS KRONA;2023-07-01;140035,27
MINAS RJ/ES;MINAS GERAIS;30 - ELETRODUTOS CORRUGADOS KRONA;2023-08-01;52984,19
MINAS RJ/ES;MINAS GERAIS;30 - ELETRODUTOS CORRUGADOS KRONA;2023-09-01;205051,55
MINAS RJ/ES;MINAS GERAIS;30 - ELETRODUTOS CORRUGADOS KRONA;2023-10-01;19522,39
MINAS RJ/ES;MINAS GERAIS;30 - ELETRODUTOS CORRUGADOS KRONA;2023-11-01;70650,04
MINAS RJ/ES;MINAS GERAIS;30 - ELETRODUTOS CORRUGADOS KRONA;2023-12-01;77314,15
MINAS RJ/ES;MINAS GERAIS;30 - ELETRODUTOS CORRUGADOS KRONA;2024-01-01;6553,92
MINAS RJ/ES;MINAS GERAIS;30 - ELETRODUTOS CORRUGADOS KRONA;2024-02-01;97474,39
MINAS RJ/ES;MINAS GERAIS;30 - ELETRODUTOS CORRUGADOS KRONA;2024-03-01;42755,19
MINAS RJ/ES;MINAS GERAIS;30 - ELETRODUTOS CORRUGADOS KRONA;2024-04-01;48132,88
MINAS RJ/ES;MINAS GERAIS;30 - ELETRODUTOS CORRUGADOS KRONA;2024-05-01;39706,64
MINAS RJ/ES;MINAS GERAIS;30 - ELETRODUTOS CORRUGADOS KRONA;2024-06-01;180407,69
MINAS RJ/ES;MINAS GERAIS;30 - ELETRODUTOS CORRUGADOS KRONA;2024-07-01;72712,38
MINAS RJ/ES;MINAS GERAIS;30 - ELETRODUTOS CORRUGADOS KRONA;2024-08-01;56620,88
MINAS RJ/ES;MINAS GERAIS;30 - ELETRODUTOS CORRUGADOS KRONA;2024-09-01;42276,57
MINAS RJ/ES;MINAS GERAIS;30 - ELETRODUTOS CORRUGADOS KRONA;2024-10-01;190877,73
MINAS RJ/ES;MINAS GERAIS;30 - ELETRODUTOS CORRUGADOS KRONA;2024-11-01;44967,11
MINAS RJ/ES;MINAS GERAIS;30 - ELETRODUTOS CORRUGADOS KRONA;2024-12-01;88851,42
MINAS RJ/ES;MINAS GERAIS;30 - ELETRODUTOS CORRUGADOS KRONA;2025-01-01;125345,74
MINAS RJ/ES;MINAS GERAIS;30 - ELETRODUTOS CORRUGADOS KRONA;2025-02-01;36630,93
MINAS RJ/ES;MINAS GERAIS;30 - ELETRODUTOS CORRUGADOS KRONA;2025-03-01;102096,14
MINAS RJ/ES;MINAS GERAIS;30 - ELETRODUTOS CORRUGADOS KRONA;2025-04-01;54353,41
MINAS RJ/ES;MINAS GERAIS;30 - ELETRODUTOS CORRUGADOS KRONA;2025-05-01;52111,00
MINAS RJ/ES;MINAS GERAIS;30 - ELETRODUTOS CORRUGADOS KRONA;2025-06-01;267005,49
MINAS RJ/ES;MINAS GERAIS;30 - ELETRODUTOS CORRUGADOS KRONA;2025-07-01;48371,02
MINAS RJ/ES;MINAS GERAIS;30 - ELETRODUTOS CORRUGADOS KRONA;2025-08-01;164412,76
MINAS RJ/ES;MINAS GERAIS;30 - ELETRODUTOS CORRUGADOS KRONA;2025-09-01;212463,23
MINAS RJ/ES;MINAS GERAIS;30 - ELETRODUTOS CORRUGADOS KRONA;2025-10-01;94684,56
MINAS RJ/ES;MINAS GERAIS;30 - ELETRODUTOS CORRUGADOS KRONA;2025-11-01;131197,20
MINAS RJ/ES;MINAS GERAIS;30 - ELETRODUTOS CORRUGADOS KRONA;2025-12-01;125685,34
MINAS RJ/ES;MINAS GERAIS;30 - ELETRODUTOS CORRUGADOS KRONA;2026-01-01;92416,29
MINAS RJ/ES;MINAS GERAIS;30 - ELETRODUTOS CORRUGADOS KRONA;2026-02-01;75849,14
MINAS RJ/ES;MINAS GERAIS;30 - ELETRODUTOS CORRUGADOS KRONA;2026-03-01;177907,35
MINAS RJ/ES;MINAS GERAIS;30 - ELETRODUTOS CORRUGADOS KRONA;2026-04-01;116118,72
MINAS RJ/ES;MINAS GERAIS;30 - ELETRODUTOS CORRUGADOS KRONA;2026-05-01;47145,12
MINAS RJ/ES;MINAS GERAIS;30 - ELETRODUTOS CORRUGADOS KRONA;2026-06-01;23279,70
MINAS RJ/ES;MINAS GERAIS;30 - ELETRODUTOS CORRUGADOS KRONA;2026-07-01;102905,50
MINAS RJ/ES;MINAS GERAIS;30 - ELETRODUTOS CORRUGADOS KRONA;2026-08-01;73523,33
MINAS RJ/ES;MINAS GERAIS;31 - CPVC ULTRATERM;2022-01-01;1435,03
MINAS RJ/ES;MINAS GERAIS;31 - CPVC ULTRATERM;2022-02-01;3473,69
MINAS RJ/ES;MINAS GERAIS;31 - CPVC ULTRATERM;2022-03-01;9506,83
MINAS RJ/ES;MINAS GERAIS;31 - CPVC ULTRATERM;2022-04-01;11070,53
MINAS RJ/ES;MINAS GERAIS;31 - CPVC ULTRATERM;2022-05-01;10335,59
MINAS RJ/ES;MINAS GERAIS;31 - CPVC ULTRATERM;2022-06-01;11723,40
MINAS RJ/ES;MINAS GERAIS;31 - CPVC ULTRATERM;2022-07-01;5310,62
MINAS RJ/ES;MINAS GERAIS;31 - CPVC ULTRATERM;2022-08-01;21001,15
MINAS RJ/ES;MINAS GERAIS;31 - CPVC ULTRATERM;2022-09-01;4214,99
MINAS RJ/ES;MINAS GERAIS;31 - CPVC ULTRATERM;2022-10-01;19260,94
MINAS RJ/ES;MINAS GERAIS;31 - CPVC ULTRATERM;2022-11-01;3032,52
MINAS RJ/ES;MINAS GERAIS;31 - CPVC ULTRATERM;2022-12-01;12617,99
MINAS RJ/ES;MINAS GERAIS;31 - CPVC ULTRATERM;2023-01-01;1353,68
MINAS RJ/ES;MINAS GERAIS;31 - CPVC ULTRATERM;2023-02-01;7824,75
MINAS RJ/ES;MINAS GERAIS;31 - CPVC ULTRATERM;2023-03-01;13180,11
MINAS RJ/ES;MINAS GERAIS;31 - CPVC ULTRATERM;2023-04-01;8442,26
MINAS RJ/ES;MINAS GERAIS;31 - CPVC ULTRATERM;2023-05-01;3996,28
MINAS RJ/ES;MINAS GERAIS;31 - CPVC ULTRATERM;2023-06-01;28038,28
MINAS RJ/ES;MINAS GERAIS;31 - CPVC ULTRATERM;2023-07-01;14964,30
MINAS RJ/ES;MINAS GERAIS;31 - CPVC ULTRATERM;2023-08-01;3492,73
MINAS RJ/ES;MINAS GERAIS;31 - CPVC ULTRATERM;2023-09-01;19660,21
MINAS RJ/ES;MINAS GERAIS;31 - CPVC ULTRATERM;2023-10-01;1204,14
MINAS RJ/ES;MINAS GERAIS;31 - CPVC ULTRATERM;2023-11-01;20658,11
MINAS RJ/ES;MINAS GERAIS;31 - CPVC ULTRATERM;2023-12-01;15356,89
MINAS RJ/ES;MINAS GERAIS;31 - CPVC ULTRATERM;2024-01-01;1374,66
MINAS RJ/ES;MINAS GERAIS;31 - CPVC ULTRATERM;2024-02-01;6265,75
MINAS RJ/ES;MINAS GERAIS;31 - CPVC ULTRATERM;2024-03-01;3554,38
MINAS RJ/ES;MINAS GERAIS;31 - CPVC ULTRATERM;2024-04-01;10541,06
MINAS RJ/ES;MINAS GERAIS;31 - CPVC ULTRATERM;2024-05-01;4117,34
MINAS RJ/ES;MINAS GERAIS;31 - CPVC ULTRATERM;2024-06-01;24336,78
MINAS RJ/ES;MINAS GERAIS;31 - CPVC ULTRATERM;2024-07-01;6023,44
MINAS RJ/ES;MINAS GERAIS;31 - CPVC ULTRATERM;2024-08-01;11230,55
MINAS RJ/ES;MINAS GERAIS;31 - CPVC ULTRATERM;2024-09-01;4265,42
MINAS RJ/ES;MINAS GERAIS;31 - CPVC ULTRATERM;2024-10-01;18715,41
MINAS RJ/ES;MINAS GERAIS;31 - CPVC ULTRATERM;2024-11-01;1209,71
MINAS RJ/ES;MINAS GERAIS;31 - CPVC ULTRATERM;2024-12-01;11086,56
MINAS RJ/ES;MINAS GERAIS;31 - CPVC ULTRATERM;2025-01-01;6833,02
MINAS RJ/ES;MINAS GERAIS;31 - CPVC ULTRATERM;2025-02-01;12529,47
MINAS RJ/ES;MINAS GERAIS;31 - CPVC ULTRATERM;2025-03-01;11577,42
MINAS RJ/ES;MINAS GERAIS;31 - CPVC ULTRATERM;2025-04-01;3569,30
MINAS RJ/ES;MINAS GERAIS;31 - CPVC ULTRATERM;2025-05-01;3223,34
MINAS RJ/ES;MINAS GERAIS;31 - CPVC ULTRATERM;2025-06-01;30030,86
MINAS RJ/ES;MINAS GERAIS;31 - CPVC ULTRATERM;2025-07-01;5296,90
MINAS RJ/ES;MINAS GERAIS;31 - CPVC ULTRATERM;2025-08-01;8636,38
MINAS RJ/ES;MINAS GERAIS;31 - CPVC ULTRATERM;2025-09-01;15897,71
MINAS RJ/ES;MINAS GERAIS;31 - CPVC ULTRATERM;2025-10-01;17050,50
MINAS RJ/ES;MINAS GERAIS;31 - CPVC ULTRATERM;2025-11-01;17976,96
MINAS RJ/ES;MINAS GERAIS;31 - CPVC ULTRATERM;2025-12-01;13581,79
MINAS RJ/ES;MINAS GERAIS;31 - CPVC ULTRATERM;2026-01-01;11984,86
MINAS RJ/ES;MINAS GERAIS;31 - CPVC ULTRATERM;2026-02-01;12719,26
MINAS RJ/ES;MINAS GERAIS;31 - CPVC ULTRATERM;2026-03-01;13220,78
MINAS RJ/ES;MINAS GERAIS;31 - CPVC ULTRATERM;2026-04-01;15113,50
MINAS RJ/ES;MINAS GERAIS;31 - CPVC ULTRATERM;2026-05-01;4829,55
MINAS RJ/ES;MINAS GERAIS;31 - CPVC ULTRATERM;2026-06-01;4310,08
MINAS RJ/ES;MINAS GERAIS;31 - CPVC ULTRATERM;2026-07-01;16662,42
MINAS RJ/ES;MINAS GERAIS;31 - CPVC ULTRATERM;2026-08-01;11720,15
MINAS RJ/ES;RJ/ES;00 - TUBOS PVC KRONA;2022-01-01;28405,51
MINAS RJ/ES;RJ/ES;00 - TUBOS PVC KRONA;2022-02-01;258240,10
MINAS RJ/ES;RJ/ES;00 - TUBOS PVC KRONA;2022-03-01;403248,21
MINAS RJ/ES;RJ/ES;00 - TUBOS PVC KRONA;2022-04-01;486945,81
MINAS RJ/ES;RJ/ES;00 - TUBOS PVC KRONA;2022-05-01;254531,51
MINAS RJ/ES;RJ/ES;00 - TUBOS PVC KRONA;2022-06-01;366393,16
MINAS RJ/ES;RJ/ES;00 - TUBOS PVC KRONA;2022-07-01;261460,64
MINAS RJ/ES;RJ/ES;00 - TUBOS PVC KRONA;2022-08-01;126305,35
MINAS RJ/ES;RJ/ES;00 - TUBOS PVC KRONA;2022-09-01;332040,75
MINAS RJ/ES;RJ/ES;00 - TUBOS PVC KRONA;2022-10-01;269424,16
MINAS RJ/ES;RJ/ES;00 - TUBOS PVC KRONA;2022-11-01;162434,57
MINAS RJ/ES;RJ/ES;00 - TUBOS PVC KRONA;2022-12-01;324110,64
MINAS RJ/ES;RJ/ES;00 - TUBOS PVC KRONA;2023-01-01;231480,62
MINAS RJ/ES;RJ/ES;00 - TUBOS PVC KRONA;2023-02-01;256438,36
MINAS RJ/ES;RJ/ES;00 - TUBOS PVC KRONA;2023-03-01;196904,65
MINAS RJ/ES;RJ/ES;00 - TUBOS PVC KRONA;2023-04-01;179648,61
MINAS RJ/ES;RJ/ES;00 - TUBOS PVC KRONA;2023-05-01;258869,88
MINAS RJ/ES;RJ/ES;00 - TUBOS PVC KRONA;2023-06-01;243385,95
MINAS RJ/ES;RJ/ES;00 - TUBOS PVC KRONA;2023-07-01;277882,08
MINAS RJ/ES;RJ/ES;00 - TUBOS PVC KRONA;2023-08-01;349076,26
MINAS RJ/ES;RJ/ES;00 - TUBOS PVC KRONA;2023-09-01;509266,06
MINAS RJ/ES;RJ/ES;00 - TUBOS PVC KRONA;2023-10-01;175443,59
MINAS RJ/ES;RJ/ES;00 - TUBOS PVC KRONA;2023-11-01;258550,57
MINAS RJ/ES;RJ/ES;00 - TUBOS PVC KRONA;2023-12-01;599876,07
MINAS RJ/ES;RJ/ES;00 - TUBOS PVC KRONA;2024-01-01;144643,05
MINAS RJ/ES;RJ/ES;00 - TUBOS PVC KRONA;2024-02-01;285335,58
MINAS RJ/ES;RJ/ES;00 - TUBOS PVC KRONA;2024-03-01;308940,88
MINAS RJ/ES;RJ/ES;00 - TUBOS PVC KRONA;2024-04-01;543173,36
MINAS RJ/ES;RJ/ES;00 - TUBOS PVC KRONA;2024-05-01;123299,98
MINAS RJ/ES;RJ/ES;00 - TUBOS PVC KRONA;2024-06-01;569270,96
MINAS RJ/ES;RJ/ES;00 - TUBOS PVC KRONA;2024-07-01;284424,51
MINAS RJ/ES;RJ/ES;00 - TUBOS PVC KRONA;2024-08-01;89477,91
MINAS RJ/ES;RJ/ES;00 - TUBOS PVC KRONA;2024-09-01;245862,55
MINAS RJ/ES;RJ/ES;00 - TUBOS PVC KRONA;2024-10-01;541993,36
MINAS RJ/ES;RJ/ES;00 - TUBOS PVC KRONA;2024-11-01;30671,64
MINAS RJ/ES;RJ/ES;00 - TUBOS PVC KRONA;2024-12-01;403478,24
MINAS RJ/ES;RJ/ES;00 - TUBOS PVC KRONA;2025-01-01;326251,33
MINAS RJ/ES;RJ/ES;00 - TUBOS PVC KRONA;2025-02-01;315043,39
MINAS RJ/ES;RJ/ES;00 - TUBOS PVC KRONA;2025-03-01;208758,56
MINAS RJ/ES;RJ/ES;00 - TUBOS PVC KRONA;2025-04-01;394723,33
MINAS RJ/ES;RJ/ES;00 - TUBOS PVC KRONA;2025-05-01;362224,57
MINAS RJ/ES;RJ/ES;00 - TUBOS PVC KRONA;2025-06-01;834910,02
MINAS RJ/ES;RJ/ES;00 - TUBOS PVC KRONA;2025-07-01;302291,07
MINAS RJ/ES;RJ/ES;00 - TUBOS PVC KRONA;2025-08-01;198046,48
MINAS RJ/ES;RJ/ES;00 - TUBOS PVC KRONA;2025-09-01;303525,71
MINAS RJ/ES;RJ/ES;00 - TUBOS PVC KRONA;2025-10-01;269756,77
MINAS RJ/ES;RJ/ES;00 - TUBOS PVC KRONA;2025-11-01;256372,19
MINAS RJ/ES;RJ/ES;00 - TUBOS PVC KRONA;2025-12-01;369144,89
MINAS RJ/ES;RJ/ES;00 - TUBOS PVC KRONA;2026-01-01;91019,87
MINAS RJ/ES;RJ/ES;00 - TUBOS PVC KRONA;2026-02-01;383246,19
MINAS RJ/ES;RJ/ES;00 - TUBOS PVC KRONA;2026-03-01;537659,66
MINAS RJ/ES;RJ/ES;00 - TUBOS PVC KRONA;2026-04-01;586374,52
MINAS RJ/ES;RJ/ES;00 - TUBOS PVC KRONA;2026-05-01;139044,09
MINAS RJ/ES;RJ/ES;00 - TUBOS PVC KRONA;2026-06-01;144639,93
MINAS RJ/ES;RJ/ES;00 - TUBOS PVC KRONA;2026-07-01;272096,90
MINAS RJ/ES;RJ/ES;00 - TUBOS PVC KRONA;2026-08-01;250575,23
MINAS RJ/ES;RJ/ES;01 - TUBOS ELETRODUTOS KRONA;2022-01-01;212,86
MINAS RJ/ES;RJ/ES;01 - TUBOS ELETRODUTOS KRONA;2022-02-01;1232,90
MINAS RJ/ES;RJ/ES;01 - TUBOS ELETRODUTOS KRONA;2022-03-01;3030,64
MINAS RJ/ES;RJ/ES;01 - TUBOS ELETRODUTOS KRONA;2022-04-01;951,82
MINAS RJ/ES;RJ/ES;01 - TUBOS ELETRODUTOS KRONA;2022-05-01;1887,20
MINAS RJ/ES;RJ/ES;01 - TUBOS ELETRODUTOS KRONA;2022-06-01;1349,67
MINAS RJ/ES;RJ/ES;01 - TUBOS ELETRODUTOS KRONA;2022-07-01;1165,68
MINAS RJ/ES;RJ/ES;01 - TUBOS ELETRODUTOS KRONA;2022-08-01;586,70
MINAS RJ/ES;RJ/ES;01 - TUBOS ELETRODUTOS KRONA;2022-09-01;844,42
MINAS RJ/ES;RJ/ES;01 - TUBOS ELETRODUTOS KRONA;2022-10-01;1065,45
MINAS RJ/ES;RJ/ES;01 - TUBOS ELETRODUTOS KRONA;2022-11-01;813,94
MINAS RJ/ES;RJ/ES;01 - TUBOS ELETRODUTOS KRONA;2022-12-01;1634,89
MINAS RJ/ES;RJ/ES;01 - TUBOS ELETRODUTOS KRONA;2023-01-01;476,50
MINAS RJ/ES;RJ/ES;01 - TUBOS ELETRODUTOS KRONA;2023-02-01;1085,80
MINAS RJ/ES;RJ/ES;01 - TUBOS ELETRODUTOS KRONA;2023-03-01;1630,15
MINAS RJ/ES;RJ/ES;01 - TUBOS ELETRODUTOS KRONA;2023-04-01;2904,97
MINAS RJ/ES;RJ/ES;01 - TUBOS ELETRODUTOS KRONA;2023-05-01;1104,47
MINAS RJ/ES;RJ/ES;01 - TUBOS ELETRODUTOS KRONA;2023-06-01;1805,29
MINAS RJ/ES;RJ/ES;01 - TUBOS ELETRODUTOS KRONA;2023-07-01;3851,05
MINAS RJ/ES;RJ/ES;01 - TUBOS ELETRODUTOS KRONA;2023-08-01;2456,28
MINAS RJ/ES;RJ/ES;01 - TUBOS ELETRODUTOS KRONA;2023-09-01;4253,01
MINAS RJ/ES;RJ/ES;01 - TUBOS ELETRODUTOS KRONA;2023-10-01;1395,99
MINAS RJ/ES;RJ/ES;01 - TUBOS ELETRODUTOS KRONA;2023-11-01;1833,88
MINAS RJ/ES;RJ/ES;01 - TUBOS ELETRODUTOS KRONA;2023-12-01;4517,45
MINAS RJ/ES;RJ/ES;01 - TUBOS ELETRODUTOS KRONA;2024-01-01;428,06
MINAS RJ/ES;RJ/ES;01 - TUBOS ELETRODUTOS KRONA;2024-02-01;1729,76
MINAS RJ/ES;RJ/ES;01 - TUBOS ELETRODUTOS KRONA;2024-03-01;3787,25
MINAS RJ/ES;RJ/ES;01 - TUBOS ELETRODUTOS KRONA;2024-04-01;2372,01
MINAS RJ/ES;RJ/ES;01 - TUBOS ELETRODUTOS KRONA;2024-05-01;474,44
MINAS RJ/ES;RJ/ES;01 - TUBOS ELETRODUTOS KRONA;2024-06-01;4279,31
MINAS RJ/ES;RJ/ES;01 - TUBOS ELETRODUTOS KRONA;2024-07-01;1303,75
MINAS RJ/ES;RJ/ES;01 - TUBOS ELETRODUTOS KRONA;2024-08-01;763,60
MINAS RJ/ES;RJ/ES;01 - TUBOS ELETRODUTOS KRONA;2024-09-01;1882,18
MINAS RJ/ES;RJ/ES;01 - TUBOS ELETRODUTOS KRONA;2024-10-01;7044,38
MINAS RJ/ES;RJ/ES;01 - TUBOS ELETRODUTOS KRONA;2024-11-01;406,54
MINAS RJ/ES;RJ/ES;01 - TUBOS ELETRODUTOS KRONA;2024-12-01;1090,95
MINAS RJ/ES;RJ/ES;01 - TUBOS ELETRODUTOS KRONA;2025-01-01;1240,30
MINAS RJ/ES;RJ/ES;01 - TUBOS ELETRODUTOS KRONA;2025-02-01;1246,20
MINAS RJ/ES;RJ/ES;01 - TUBOS ELETRODUTOS KRONA;2025-03-01;1975,64
MINAS RJ/ES;RJ/ES;01 - TUBOS ELETRODUTOS KRONA;2025-04-01;1200,09
MINAS RJ/ES;RJ/ES;01 - TUBOS ELETRODUTOS KRONA;2025-05-01;1146,01
MINAS RJ/ES;RJ/ES;01 - TUBOS ELETRODUTOS KRONA;2025-06-01;2574,55
MINAS RJ/ES;RJ/ES;01 - TUBOS ELETRODUTOS KRONA;2025-07-01;1648,45
MINAS RJ/ES;RJ/ES;01 - TUBOS ELETRODUTOS KRONA;2025-08-01;1907,44
MINAS RJ/ES;RJ/ES;01 - TUBOS ELETRODUTOS KRONA;2025-09-01;1334,20
MINAS RJ/ES;RJ/ES;01 - TUBOS ELETRODUTOS KRONA;2025-10-01;1495,98
MINAS RJ/ES;RJ/ES;01 - TUBOS ELETRODUTOS KRONA;2025-11-01;1323,61
MINAS RJ/ES;RJ/ES;01 - TUBOS ELETRODUTOS KRONA;2025-12-01;2190,78
MINAS RJ/ES;RJ/ES;01 - TUBOS ELETRODUTOS KRONA;2026-01-01;188,80
MINAS RJ/ES;RJ/ES;01 - TUBOS ELETRODUTOS KRONA;2026-02-01;1960,17
MINAS RJ/ES;RJ/ES;01 - TUBOS ELETRODUTOS KRONA;2026-03-01;5573,66
MINAS RJ/ES;RJ/ES;01 - TUBOS ELETRODUTOS KRONA;2026-04-01;3449,24
MINAS RJ/ES;RJ/ES;01 - TUBOS ELETRODUTOS KRONA;2026-05-01;6858,80
MINAS RJ/ES;RJ/ES;01 - TUBOS ELETRODUTOS KRONA;2026-06-01;856,76
MINAS RJ/ES;RJ/ES;01 - TUBOS ELETRODUTOS KRONA;2026-07-01;3968,39
MINAS RJ/ES;RJ/ES;01 - TUBOS ELETRODUTOS KRONA;2026-08-01;3765,10
MINAS RJ/ES;RJ/ES;02 - CONEXOES KRONA;2022-01-01;6613,79
MINAS RJ/ES;RJ/ES;02 - CONEXOES KRONA;2022-02-01;51097,34
MINAS RJ/ES;RJ/ES;02 - CONEXOES KRONA;2022-03-01;59286,33
MINAS RJ/ES;RJ/ES;02 - CONEXOES KRONA;2022-04-01;95859,86
MINAS RJ/ES;RJ/ES;02 - CONEXOES KRONA;2022-05-01;81840,61
MINAS RJ/ES;RJ/ES;02 - CONEXOES KRONA;2022-06-01;95576,85
MINAS RJ/ES;RJ/ES;02 - CONEXOES KRONA;2022-07-01;51090,40
MINAS RJ/ES;RJ/ES;02 - CONEXOES KRONA;2022-08-01;35136,15
MINAS RJ/ES;RJ/ES;02 - CONEXOES KRONA;2022-09-01;101246,17
MINAS RJ/ES;RJ/ES;02 - CONEXOES KRONA;2022-10-01;75068,51
MINAS RJ/ES;RJ/ES;02 - CONEXOES KRONA;2022-11-01;30753,44
MINAS RJ/ES;RJ/ES;02 - CONEXOES KRONA;2022-12-01;68543,01
MINAS RJ/ES;RJ/ES;02 - CONEXOES KRONA;2023-01-01;56430,53
MINAS RJ/ES;RJ/ES;02 - CONEXOES KRONA;2023-02-01;80811,26
MINAS RJ/ES;RJ/ES;02 - CONEXOES KRONA;2023-03-01;88913,36
MINAS RJ/ES;RJ/ES;02 - CONEXOES KRONA;2023-04-01;59038,33
MINAS RJ/ES;RJ/ES;02 - CONEXOES KRONA;2023-05-01;72711,43
MINAS RJ/ES;RJ/ES;02 - CONEXOES KRONA;2023-06-01;77009,40
MINAS RJ/ES;RJ/ES;02 - CONEXOES KRONA;2023-07-01;83013,14
MINAS RJ/ES;RJ/ES;02 - CONEXOES KRONA;2023-08-01;166204,30
MINAS RJ/ES;RJ/ES;02 - CONEXOES KRONA;2023-09-01;146762,05
MINAS RJ/ES;RJ/ES;02 - CONEXOES KRONA;2023-10-01;41622,39
MINAS RJ/ES;RJ/ES;02 - CONEXOES KRONA;2023-11-01;83621,66
MINAS RJ/ES;RJ/ES;02 - CONEXOES KRONA;2023-12-01;154866,22
MINAS RJ/ES;RJ/ES;02 - CONEXOES KRONA;2024-01-01;56182,75
MINAS RJ/ES;RJ/ES;02 - CONEXOES KRONA;2024-02-01;74763,87
MINAS RJ/ES;RJ/ES;02 - CONEXOES KRONA;2024-03-01;131894,83
MINAS RJ/ES;RJ/ES;02 - CONEXOES KRONA;2024-04-01;125463,74
MINAS RJ/ES;RJ/ES;02 - CONEXOES KRONA;2024-05-01;27158,43
MINAS RJ/ES;RJ/ES;02 - CONEXOES KRONA;2024-06-01;253073,72
MINAS RJ/ES;RJ/ES;02 - CONEXOES KRONA;2024-07-01;117241,08
MINAS RJ/ES;RJ/ES;02 - CONEXOES KRONA;2024-08-01;27582,62
MINAS RJ/ES;RJ/ES;02 - CONEXOES KRONA;2024-09-01;47262,43
MINAS RJ/ES;RJ/ES;02 - CONEXOES KRONA;2024-10-01;119223,71
MINAS RJ/ES;RJ/ES;02 - CONEXOES KRONA;2024-11-01;21004,01
MINAS RJ/ES;RJ/ES;02 - CONEXOES KRONA;2024-12-01;120833,78
MINAS RJ/ES;RJ/ES;02 - CONEXOES KRONA;2025-01-01;63652,07
MINAS RJ/ES;RJ/ES;02 - CONEXOES KRONA;2025-02-01;123471,57
MINAS RJ/ES;RJ/ES;02 - CONEXOES KRONA;2025-03-01;61956,15
MINAS RJ/ES;RJ/ES;02 - CONEXOES KRONA;2025-04-01;92673,16
MINAS RJ/ES;RJ/ES;02 - CONEXOES KRONA;2025-05-01;78878,78
MINAS RJ/ES;RJ/ES;02 - CONEXOES KRONA;2025-06-01;292677,99
MINAS RJ/ES;RJ/ES;02 - CONEXOES KRONA;2025-07-01;58716,00
MINAS RJ/ES;RJ/ES;02 - CONEXOES KRONA;2025-08-01;45602,63
MINAS RJ/ES;RJ/ES;02 - CONEXOES KRONA;2025-09-01;68643,00
MINAS RJ/ES;RJ/ES;02 - CONEXOES KRONA;2025-10-01;84301,39
MINAS RJ/ES;RJ/ES;02 - CONEXOES KRONA;2025-11-01;62558,63
MINAS RJ/ES;RJ/ES;02 - CONEXOES KRONA;2025-12-01;82241,44
MINAS RJ/ES;RJ/ES;02 - CONEXOES KRONA;2026-01-01;23757,40
MINAS RJ/ES;RJ/ES;02 - CONEXOES KRONA;2026-02-01;109566,75
MINAS RJ/ES;RJ/ES;02 - CONEXOES KRONA;2026-03-01;166296,35
MINAS RJ/ES;RJ/ES;02 - CONEXOES KRONA;2026-04-01;169626,59
MINAS RJ/ES;RJ/ES;02 - CONEXOES KRONA;2026-05-01;31368,12
MINAS RJ/ES;RJ/ES;02 - CONEXOES KRONA;2026-06-01;32874,89
MINAS RJ/ES;RJ/ES;02 - CONEXOES KRONA;2026-07-01;69284,51
MINAS RJ/ES;RJ/ES;02 - CONEXOES KRONA;2026-08-01;67988,08
MINAS RJ/ES;RJ/ES;03 - ACESSORIOS KRONA;2022-01-01;470,58
MINAS RJ/ES;RJ/ES;03 - ACESSORIOS KRONA;2022-02-01;7029,43
MINAS RJ/ES;RJ/ES;03 - ACESSORIOS KRONA;2022-03-01;67440,90
MINAS RJ/ES;RJ/ES;03 - ACESSORIOS KRONA;2022-04-01;3993,48
MINAS RJ/ES;RJ/ES;03 - ACESSORIOS KRONA;2022-05-01;3815,44
MINAS RJ/ES;RJ/ES;03 - ACESSORIOS KRONA;2022-06-01;20395,08
MINAS RJ/ES;RJ/ES;03 - ACESSORIOS KRONA;2022-07-01;14169,54
MINAS RJ/ES;RJ/ES;03 - ACESSORIOS KRONA;2022-08-01;18181,26
MINAS RJ/ES;RJ/ES;03 - ACESSORIOS KRONA;2022-09-01;5089,37
MINAS RJ/ES;RJ/ES;03 - ACESSORIOS KRONA;2022-10-01;5389,48
MINAS RJ/ES;RJ/ES;03 - ACESSORIOS KRONA;2022-11-01;3027,88
MINAS RJ/ES;RJ/ES;03 - ACESSORIOS KRONA;2022-12-01;5856,70
MINAS RJ/ES;RJ/ES;03 - ACESSORIOS KRONA;2023-01-01;5063,60
MINAS RJ/ES;RJ/ES;03 - ACESSORIOS KRONA;2023-02-01;14371,73
MINAS RJ/ES;RJ/ES;03 - ACESSORIOS KRONA;2023-03-01;20567,31
MINAS RJ/ES;RJ/ES;03 - ACESSORIOS KRONA;2023-04-01;5340,49
MINAS RJ/ES;RJ/ES;03 - ACESSORIOS KRONA;2023-05-01;9216,59
MINAS RJ/ES;RJ/ES;03 - ACESSORIOS KRONA;2023-06-01;10210,69
MINAS RJ/ES;RJ/ES;03 - ACESSORIOS KRONA;2023-07-01;36537,30
MINAS RJ/ES;RJ/ES;03 - ACESSORIOS KRONA;2023-08-01;30606,63
MINAS RJ/ES;RJ/ES;03 - ACESSORIOS KRONA;2023-09-01;29898,89
MINAS RJ/ES;RJ/ES;03 - ACESSORIOS KRONA;2023-10-01;8787,05
MINAS RJ/ES;RJ/ES;03 - ACESSORIOS KRONA;2023-11-01;7434,56
MINAS RJ/ES;RJ/ES;03 - ACESSORIOS KRONA;2023-12-01;17132,62
MINAS RJ/ES;RJ/ES;03 - ACESSORIOS KRONA;2024-01-01;3258,19
MINAS RJ/ES;RJ/ES;03 - ACESSORIOS KRONA;2024-02-01;11070,79
MINAS RJ/ES;RJ/ES;03 - ACESSORIOS KRONA;2024-03-01;25306,82
MINAS RJ/ES;RJ/ES;03 - ACESSORIOS KRONA;2024-04-01;22431,59
MINAS RJ/ES;RJ/ES;03 - ACESSORIOS KRONA;2024-05-01;3630,63
MINAS RJ/ES;RJ/ES;03 - ACESSORIOS KRONA;2024-06-01;54519,51
MINAS RJ/ES;RJ/ES;03 - ACESSORIOS KRONA;2024-07-01;25306,00
MINAS RJ/ES;RJ/ES;03 - ACESSORIOS KRONA;2024-08-01;5602,12
MINAS RJ/ES;RJ/ES;03 - ACESSORIOS KRONA;2024-09-01;7826,75
MINAS RJ/ES;RJ/ES;03 - ACESSORIOS KRONA;2024-10-01;22791,65
MINAS RJ/ES;RJ/ES;03 - ACESSORIOS KRONA;2024-11-01;11129,02
MINAS RJ/ES;RJ/ES;03 - ACESSORIOS KRONA;2024-12-01;13701,28
MINAS RJ/ES;RJ/ES;03 - ACESSORIOS KRONA;2025-01-01;22625,90
MINAS RJ/ES;RJ/ES;03 - ACESSORIOS KRONA;2025-02-01;37147,17
MINAS RJ/ES;RJ/ES;03 - ACESSORIOS KRONA;2025-03-01;8154,16
MINAS RJ/ES;RJ/ES;03 - ACESSORIOS KRONA;2025-04-01;13404,61
MINAS RJ/ES;RJ/ES;03 - ACESSORIOS KRONA;2025-05-01;10075,67
MINAS RJ/ES;RJ/ES;03 - ACESSORIOS KRONA;2025-06-01;67724,82
MINAS RJ/ES;RJ/ES;03 - ACESSORIOS KRONA;2025-07-01;7245,03
MINAS RJ/ES;RJ/ES;03 - ACESSORIOS KRONA;2025-08-01;6561,13
MINAS RJ/ES;RJ/ES;03 - ACESSORIOS KRONA;2025-09-01;10335,82
MINAS RJ/ES;RJ/ES;03 - ACESSORIOS KRONA;2025-10-01;13316,37
MINAS RJ/ES;RJ/ES;03 - ACESSORIOS KRONA;2025-11-01;9822,75
MINAS RJ/ES;RJ/ES;03 - ACESSORIOS KRONA;2025-12-01;12097,99
MINAS RJ/ES;RJ/ES;03 - ACESSORIOS KRONA;2026-01-01;6184,76
MINAS RJ/ES;RJ/ES;03 - ACESSORIOS KRONA;2026-02-01;23632,48
MINAS RJ/ES;RJ/ES;03 - ACESSORIOS KRONA;2026-03-01;31014,58
MINAS RJ/ES;RJ/ES;03 - ACESSORIOS KRONA;2026-04-01;33764,65
MINAS RJ/ES;RJ/ES;03 - ACESSORIOS KRONA;2026-05-01;10877,71
MINAS RJ/ES;RJ/ES;03 - ACESSORIOS KRONA;2026-06-01;3859,01
MINAS RJ/ES;RJ/ES;03 - ACESSORIOS KRONA;2026-07-01;53774,80
MINAS RJ/ES;RJ/ES;03 - ACESSORIOS KRONA;2026-08-01;8675,39
MINAS RJ/ES;RJ/ES;04 - PRODUTOS REVENDA;2022-01-01;358,91
MINAS RJ/ES;RJ/ES;04 - PRODUTOS REVENDA;2022-02-01;7907,81
MINAS RJ/ES;RJ/ES;04 - PRODUTOS REVENDA;2022-03-01;3190,63
MINAS RJ/ES;RJ/ES;04 - PRODUTOS REVENDA;2022-04-01;3234,98
MINAS RJ/ES;RJ/ES;04 - PRODUTOS REVENDA;2022-05-01;2625,02
MINAS RJ/ES;RJ/ES;04 - PRODUTOS REVENDA;2022-06-01;3960,55
MINAS RJ/ES;RJ/ES;04 - PRODUTOS REVENDA;2022-07-01;2705,83
MINAS RJ/ES;RJ/ES;04 - PRODUTOS REVENDA;2022-08-01;1917,96
MINAS RJ/ES;RJ/ES;04 - PRODUTOS REVENDA;2022-09-01;2896,00
MINAS RJ/ES;RJ/ES;04 - PRODUTOS REVENDA;2022-10-01;2055,66
MINAS RJ/ES;RJ/ES;04 - PRODUTOS REVENDA;2022-11-01;996,07
MINAS RJ/ES;RJ/ES;04 - PRODUTOS REVENDA;2022-12-01;1969,00
MINAS RJ/ES;RJ/ES;04 - PRODUTOS REVENDA;2023-01-01;2911,30
MINAS RJ/ES;RJ/ES;04 - PRODUTOS REVENDA;2023-02-01;3685,21
MINAS RJ/ES;RJ/ES;04 - PRODUTOS REVENDA;2023-03-01;2892,70
MINAS RJ/ES;RJ/ES;04 - PRODUTOS REVENDA;2023-04-01;2393,13
MINAS RJ/ES;RJ/ES;04 - PRODUTOS REVENDA;2023-05-01;1871,65
MINAS RJ/ES;RJ/ES;04 - PRODUTOS REVENDA;2023-06-01;2299,39
MINAS RJ/ES;RJ/ES;04 - PRODUTOS REVENDA;2023-07-01;3753,54
MINAS RJ/ES;RJ/ES;04 - PRODUTOS REVENDA;2023-08-01;4179,94
MINAS RJ/ES;RJ/ES;04 - PRODUTOS REVENDA;2023-09-01;7580,24
MINAS RJ/ES;RJ/ES;04 - PRODUTOS REVENDA;2023-10-01;1586,21
MINAS RJ/ES;RJ/ES;04 - PRODUTOS REVENDA;2023-11-01;3181,33
MINAS RJ/ES;RJ/ES;04 - PRODUTOS REVENDA;2023-12-01;5194,99
MINAS RJ/ES;RJ/ES;04 - PRODUTOS REVENDA;2024-01-01;1641,35
MINAS RJ/ES;RJ/ES;04 - PRODUTOS REVENDA;2024-02-01;2707,59
MINAS RJ/ES;RJ/ES;04 - PRODUTOS REVENDA;2024-03-01;3382,13
MINAS RJ/ES;RJ/ES;04 - PRODUTOS REVENDA;2024-04-01;2657,63
MINAS RJ/ES;RJ/ES;04 - PRODUTOS REVENDA;2024-05-01;1086,03
MINAS RJ/ES;RJ/ES;04 - PRODUTOS REVENDA;2024-06-01;8161,60
MINAS RJ/ES;RJ/ES;04 - PRODUTOS REVENDA;2024-07-01;2647,29
MINAS RJ/ES;RJ/ES;04 - PRODUTOS REVENDA;2024-08-01;1164,78
MINAS RJ/ES;RJ/ES;04 - PRODUTOS REVENDA;2024-09-01;1485,12
MINAS RJ/ES;RJ/ES;04 - PRODUTOS REVENDA;2024-10-01;4506,34
MINAS RJ/ES;RJ/ES;04 - PRODUTOS REVENDA;2024-11-01;787,60
MINAS RJ/ES;RJ/ES;04 - PRODUTOS REVENDA;2024-12-01;3276,90
MINAS RJ/ES;RJ/ES;04 - PRODUTOS REVENDA;2025-01-01;1760,15
MINAS RJ/ES;RJ/ES;04 - PRODUTOS REVENDA;2025-02-01;2165,60
MINAS RJ/ES;RJ/ES;04 - PRODUTOS REVENDA;2025-03-01;2127,44
MINAS RJ/ES;RJ/ES;04 - PRODUTOS REVENDA;2025-04-01;2517,72
MINAS RJ/ES;RJ/ES;04 - PRODUTOS REVENDA;2025-05-01;2284,38
MINAS RJ/ES;RJ/ES;04 - PRODUTOS REVENDA;2025-06-01;4972,11
MINAS RJ/ES;RJ/ES;04 - PRODUTOS REVENDA;2025-07-01;2617,95
MINAS RJ/ES;RJ/ES;04 - PRODUTOS REVENDA;2025-08-01;1791,76
MINAS RJ/ES;RJ/ES;04 - PRODUTOS REVENDA;2025-09-01;2942,25
MINAS RJ/ES;RJ/ES;04 - PRODUTOS REVENDA;2025-10-01;3429,79
MINAS RJ/ES;RJ/ES;04 - PRODUTOS REVENDA;2025-11-01;2623,55
MINAS RJ/ES;RJ/ES;04 - PRODUTOS REVENDA;2025-12-01;3725,51
MINAS RJ/ES;RJ/ES;04 - PRODUTOS REVENDA;2026-01-01;575,56
MINAS RJ/ES;RJ/ES;04 - PRODUTOS REVENDA;2026-02-01;3443,42
MINAS RJ/ES;RJ/ES;04 - PRODUTOS REVENDA;2026-03-01;4775,85
MINAS RJ/ES;RJ/ES;04 - PRODUTOS REVENDA;2026-04-01;5308,43
MINAS RJ/ES;RJ/ES;04 - PRODUTOS REVENDA;2026-05-01;2142,91
MINAS RJ/ES;RJ/ES;04 - PRODUTOS REVENDA;2026-06-01;1515,82
MINAS RJ/ES;RJ/ES;04 - PRODUTOS REVENDA;2026-07-01;3278,62
MINAS RJ/ES;RJ/ES;04 - PRODUTOS REVENDA;2026-08-01;2211,48
MINAS RJ/ES;RJ/ES;29 - PPR;2022-07-01;13,23
MINAS RJ/ES;RJ/ES;29 - PPR;2023-02-01;0,10
MINAS RJ/ES;RJ/ES;29 - PPR;2023-04-01;3,59
MINAS RJ/ES;RJ/ES;29 - PPR;2023-07-01;34,35
MINAS RJ/ES;RJ/ES;29 - PPR;2023-12-01;39,51
MINAS RJ/ES;RJ/ES;29 - PPR;2025-01-01;0,21
MINAS RJ/ES;RJ/ES;29 - PPR;2025-09-01;19,68
MINAS RJ/ES;RJ/ES;29 - PPR;2025-12-01;1,94
MINAS RJ/ES;RJ/ES;30 - ELETRODUTOS CORRUGADOS KRONA;2022-01-01;790,48
MINAS RJ/ES;RJ/ES;30 - ELETRODUTOS CORRUGADOS KRONA;2022-02-01;11989,28
MINAS RJ/ES;RJ/ES;30 - ELETRODUTOS CORRUGADOS KRONA;2022-03-01;11913,72
MINAS RJ/ES;RJ/ES;30 - ELETRODUTOS CORRUGADOS KRONA;2022-04-01;7507,55
MINAS RJ/ES;RJ/ES;30 - ELETRODUTOS CORRUGADOS KRONA;2022-05-01;4770,87
MINAS RJ/ES;RJ/ES;30 - ELETRODUTOS CORRUGADOS KRONA;2022-06-01;18963,92
MINAS RJ/ES;RJ/ES;30 - ELETRODUTOS CORRUGADOS KRONA;2022-07-01;5251,03
MINAS RJ/ES;RJ/ES;30 - ELETRODUTOS CORRUGADOS KRONA;2022-08-01;12994,65
MINAS RJ/ES;RJ/ES;30 - ELETRODUTOS CORRUGADOS KRONA;2022-09-01;2871,88
MINAS RJ/ES;RJ/ES;30 - ELETRODUTOS CORRUGADOS KRONA;2022-10-01;19020,95
MINAS RJ/ES;RJ/ES;30 - ELETRODUTOS CORRUGADOS KRONA;2022-11-01;2804,07
MINAS RJ/ES;RJ/ES;30 - ELETRODUTOS CORRUGADOS KRONA;2022-12-01;6032,19
MINAS RJ/ES;RJ/ES;30 - ELETRODUTOS CORRUGADOS KRONA;2023-01-01;1118,85
MINAS RJ/ES;RJ/ES;30 - ELETRODUTOS CORRUGADOS KRONA;2023-02-01;30357,75
MINAS RJ/ES;RJ/ES;30 - ELETRODUTOS CORRUGADOS KRONA;2023-03-01;13541,68
MINAS RJ/ES;RJ/ES;30 - ELETRODUTOS CORRUGADOS KRONA;2023-04-01;4070,51
MINAS RJ/ES;RJ/ES;30 - ELETRODUTOS CORRUGADOS KRONA;2023-05-01;3648,11
MINAS RJ/ES;RJ/ES;30 - ELETRODUTOS CORRUGADOS KRONA;2023-06-01;58306,57
MINAS RJ/ES;RJ/ES;30 - ELETRODUTOS CORRUGADOS KRONA;2023-07-01;21138,80
MINAS RJ/ES;RJ/ES;30 - ELETRODUTOS CORRUGADOS KRONA;2023-08-01;17382,19
MINAS RJ/ES;RJ/ES;30 - ELETRODUTOS CORRUGADOS KRONA;2023-09-01;36096,86
MINAS RJ/ES;RJ/ES;30 - ELETRODUTOS CORRUGADOS KRONA;2023-10-01;20314,15
MINAS RJ/ES;RJ/ES;30 - ELETRODUTOS CORRUGADOS KRONA;2023-11-01;20755,54
MINAS RJ/ES;RJ/ES;30 - ELETRODUTOS CORRUGADOS KRONA;2023-12-01;18175,19
MINAS RJ/ES;RJ/ES;30 - ELETRODUTOS CORRUGADOS KRONA;2024-01-01;2153,82
MINAS RJ/ES;RJ/ES;30 - ELETRODUTOS CORRUGADOS KRONA;2024-02-01;12432,16
MINAS RJ/ES;RJ/ES;30 - ELETRODUTOS CORRUGADOS KRONA;2024-03-01;13190,14
MINAS RJ/ES;RJ/ES;30 - ELETRODUTOS CORRUGADOS KRONA;2024-04-01;13351,68
MINAS RJ/ES;RJ/ES;30 - ELETRODUTOS CORRUGADOS KRONA;2024-05-01;4341,81
MINAS RJ/ES;RJ/ES;30 - ELETRODUTOS CORRUGADOS KRONA;2024-06-01;29317,11
MINAS RJ/ES;RJ/ES;30 - ELETRODUTOS CORRUGADOS KRONA;2024-07-01;22403,98
MINAS RJ/ES;RJ/ES;30 - ELETRODUTOS CORRUGADOS KRONA;2024-08-01;11369,65
MINAS RJ/ES;RJ/ES;30 - ELETRODUTOS CORRUGADOS KRONA;2024-09-01;6017,29
MINAS RJ/ES;RJ/ES;30 - ELETRODUTOS CORRUGADOS KRONA;2024-10-01;33343,45
MINAS RJ/ES;RJ/ES;30 - ELETRODUTOS CORRUGADOS KRONA;2024-11-01;2562,69
MINAS RJ/ES;RJ/ES;30 - ELETRODUTOS CORRUGADOS KRONA;2024-12-01;31934,11
MINAS RJ/ES;RJ/ES;30 - ELETRODUTOS CORRUGADOS KRONA;2025-01-01;16287,14
MINAS RJ/ES;RJ/ES;30 - ELETRODUTOS CORRUGADOS KRONA;2025-02-01;21255,42
MINAS RJ/ES;RJ/ES;30 - ELETRODUTOS CORRUGADOS KRONA;2025-03-01;14869,89
MINAS RJ/ES;RJ/ES;30 - ELETRODUTOS CORRUGADOS KRONA;2025-04-01;25569,99
MINAS RJ/ES;RJ/ES;30 - ELETRODUTOS CORRUGADOS KRONA;2025-05-01;42709,03
MINAS RJ/ES;RJ/ES;30 - ELETRODUTOS CORRUGADOS KRONA;2025-06-01;134803,15
MINAS RJ/ES;RJ/ES;30 - ELETRODUTOS CORRUGADOS KRONA;2025-07-01;25414,45
MINAS RJ/ES;RJ/ES;30 - ELETRODUTOS CORRUGADOS KRONA;2025-08-01;19186,51
MINAS RJ/ES;RJ/ES;30 - ELETRODUTOS CORRUGADOS KRONA;2025-09-01;28801,06
MINAS RJ/ES;RJ/ES;30 - ELETRODUTOS CORRUGADOS KRONA;2025-10-01;33201,02
MINAS RJ/ES;RJ/ES;30 - ELETRODUTOS CORRUGADOS KRONA;2025-11-01;18721,88
MINAS RJ/ES;RJ/ES;30 - ELETRODUTOS CORRUGADOS KRONA;2025-12-01;15914,10
MINAS RJ/ES;RJ/ES;30 - ELETRODUTOS CORRUGADOS KRONA;2026-01-01;2784,78
MINAS RJ/ES;RJ/ES;30 - ELETRODUTOS CORRUGADOS KRONA;2026-02-01;19020,68
MINAS RJ/ES;RJ/ES;30 - ELETRODUTOS CORRUGADOS KRONA;2026-03-01;31074,14
MINAS RJ/ES;RJ/ES;30 - ELETRODUTOS CORRUGADOS KRONA;2026-04-01;20532,07
MINAS RJ/ES;RJ/ES;30 - ELETRODUTOS CORRUGADOS KRONA;2026-05-01;10009,24
MINAS RJ/ES;RJ/ES;30 - ELETRODUTOS CORRUGADOS KRONA;2026-06-01;13586,93
MINAS RJ/ES;RJ/ES;30 - ELETRODUTOS CORRUGADOS KRONA;2026-07-01;23363,10
MINAS RJ/ES;RJ/ES;30 - ELETRODUTOS CORRUGADOS KRONA;2026-08-01;20262,96
MINAS RJ/ES;RJ/ES;31 - CPVC ULTRATERM;2022-01-01;103,58
MINAS RJ/ES;RJ/ES;31 - CPVC ULTRATERM;2022-02-01;1539,17
MINAS RJ/ES;RJ/ES;31 - CPVC ULTRATERM;2022-03-01;2852,14
MINAS RJ/ES;RJ/ES;31 - CPVC ULTRATERM;2022-04-01;646,63
MINAS RJ/ES;RJ/ES;31 - CPVC ULTRATERM;2022-05-01;954,79
MINAS RJ/ES;RJ/ES;31 - CPVC ULTRATERM;2022-06-01;1178,19
MINAS RJ/ES;RJ/ES;31 - CPVC ULTRATERM;2022-07-01;1233,54
MINAS RJ/ES;RJ/ES;31 - CPVC ULTRATERM;2022-08-01;1899,75
MINAS RJ/ES;RJ/ES;31 - CPVC ULTRATERM;2022-09-01;758,89
MINAS RJ/ES;RJ/ES;31 - CPVC ULTRATERM;2022-10-01;1137,51
MINAS RJ/ES;RJ/ES;31 - CPVC ULTRATERM;2022-11-01;989,40
MINAS RJ/ES;RJ/ES;31 - CPVC ULTRATERM;2022-12-01;915,02
MINAS RJ/ES;RJ/ES;31 - CPVC ULTRATERM;2023-01-01;371,17
MINAS RJ/ES;RJ/ES;31 - CPVC ULTRATERM;2023-02-01;843,95
MINAS RJ/ES;RJ/ES;31 - CPVC ULTRATERM;2023-03-01;725,94
MINAS RJ/ES;RJ/ES;31 - CPVC ULTRATERM;2023-04-01;526,64
MINAS RJ/ES;RJ/ES;31 - CPVC ULTRATERM;2023-05-01;1240,79
MINAS RJ/ES;RJ/ES;31 - CPVC ULTRATERM;2023-06-01;1793,64
MINAS RJ/ES;RJ/ES;31 - CPVC ULTRATERM;2023-07-01;1438,80
MINAS RJ/ES;RJ/ES;31 - CPVC ULTRATERM;2023-08-01;2235,69
MINAS RJ/ES;RJ/ES;31 - CPVC ULTRATERM;2023-09-01;1578,08
MINAS RJ/ES;RJ/ES;31 - CPVC ULTRATERM;2023-10-01;682,72
MINAS RJ/ES;RJ/ES;31 - CPVC ULTRATERM;2023-11-01;1355,14
MINAS RJ/ES;RJ/ES;31 - CPVC ULTRATERM;2023-12-01;1962,22
MINAS RJ/ES;RJ/ES;31 - CPVC ULTRATERM;2024-01-01;758,42
MINAS RJ/ES;RJ/ES;31 - CPVC ULTRATERM;2024-02-01;697,82
MINAS RJ/ES;RJ/ES;31 - CPVC ULTRATERM;2024-03-01;1646,53
MINAS RJ/ES;RJ/ES;31 - CPVC ULTRATERM;2024-04-01;932,88
MINAS RJ/ES;RJ/ES;31 - CPVC ULTRATERM;2024-05-01;530,57
MINAS RJ/ES;RJ/ES;31 - CPVC ULTRATERM;2024-06-01;2896,59
MINAS RJ/ES;RJ/ES;31 - CPVC ULTRATERM;2024-07-01;841,94
MINAS RJ/ES;RJ/ES;31 - CPVC ULTRATERM;2024-08-01;350,08
MINAS RJ/ES;RJ/ES;31 - CPVC ULTRATERM;2024-09-01;1099,54
MINAS RJ/ES;RJ/ES;31 - CPVC ULTRATERM;2024-10-01;2365,10
MINAS RJ/ES;RJ/ES;31 - CPVC ULTRATERM;2024-11-01;247,37
MINAS RJ/ES;RJ/ES;31 - CPVC ULTRATERM;2024-12-01;1707,99
MINAS RJ/ES;RJ/ES;31 - CPVC ULTRATERM;2025-01-01;558,10
MINAS RJ/ES;RJ/ES;31 - CPVC ULTRATERM;2025-02-01;1574,20
MINAS RJ/ES;RJ/ES;31 - CPVC ULTRATERM;2025-03-01;694,60
MINAS RJ/ES;RJ/ES;31 - CPVC ULTRATERM;2025-04-01;1748,79
MINAS RJ/ES;RJ/ES;31 - CPVC ULTRATERM;2025-05-01;2147,71
MINAS RJ/ES;RJ/ES;31 - CPVC ULTRATERM;2025-06-01;1718,20
MINAS RJ/ES;RJ/ES;31 - CPVC ULTRATERM;2025-07-01;2345,30
MINAS RJ/ES;RJ/ES;31 - CPVC ULTRATERM;2025-08-01;824,33
MINAS RJ/ES;RJ/ES;31 - CPVC ULTRATERM;2025-09-01;2774,43
MINAS RJ/ES;RJ/ES;31 - CPVC ULTRATERM;2025-10-01;3287,74
MINAS RJ/ES;RJ/ES;31 - CPVC ULTRATERM;2025-11-01;1284,75
MINAS RJ/ES;RJ/ES;31 - CPVC ULTRATERM;2025-12-01;2182,55
MINAS RJ/ES;RJ/ES;31 - CPVC ULTRATERM;2026-01-01;285,72
MINAS RJ/ES;RJ/ES;31 - CPVC ULTRATERM;2026-02-01;1379,69
MINAS RJ/ES;RJ/ES;31 - CPVC ULTRATERM;2026-03-01;3197,70
MINAS RJ/ES;RJ/ES;31 - CPVC ULTRATERM;2026-04-01;3078,19
MINAS RJ/ES;RJ/ES;31 - CPVC ULTRATERM;2026-05-01;939,63
MINAS RJ/ES;RJ/ES;31 - CPVC ULTRATERM;2026-06-01;673,18
MINAS RJ/ES;RJ/ES;31 - CPVC ULTRATERM;2026-07-01;1544,24
MINAS RJ/ES;RJ/ES;31 - CPVC ULTRATERM;2026-08-01;1370,33
NORDESTE;NORDESTE 1;00 - TUBOS PVC KRONA;2022-01-01;41116,17
NORDESTE;NORDESTE 1;00 - TUBOS PVC KRONA;2022-02-01;123628,23
NORDESTE;NORDESTE 1;00 - TUBOS PVC KRONA;2022-03-01;266626,26
NORDESTE;NORDESTE 1;00 - TUBOS PVC KRONA;2022-04-01;323423,56
NORDESTE;NORDESTE 1;00 - TUBOS PVC KRONA;2022-05-01;278486,04
NORDESTE;NORDESTE 1;00 - TUBOS PVC KRONA;2022-06-01;232404,35
NORDESTE;NORDESTE 1;00 - TUBOS PVC KRONA;2022-07-01;178159,45
NORDESTE;NORDESTE 1;00 - TUBOS PVC KRONA;2022-08-01;226440,48
NORDESTE;NORDESTE 1;00 - TUBOS PVC KRONA;2022-09-01;336655,01
NORDESTE;NORDESTE 1;00 - TUBOS PVC KRONA;2022-10-01;307462,81
NORDESTE;NORDESTE 1;00 - TUBOS PVC KRONA;2022-11-01;308130,47
NORDESTE;NORDESTE 1;00 - TUBOS PVC KRONA;2022-12-01;543119,57
NORDESTE;NORDESTE 1;00 - TUBOS PVC KRONA;2023-01-01;108841,07
NORDESTE;NORDESTE 1;00 - TUBOS PVC KRONA;2023-02-01;214395,56
NORDESTE;NORDESTE 1;00 - TUBOS PVC KRONA;2023-03-01;434228,34
NORDESTE;NORDESTE 1;00 - TUBOS PVC KRONA;2023-04-01;53554,86
NORDESTE;NORDESTE 1;00 - TUBOS PVC KRONA;2023-05-01;165982,06
NORDESTE;NORDESTE 1;00 - TUBOS PVC KRONA;2023-06-01;184356,25
NORDESTE;NORDESTE 1;00 - TUBOS PVC KRONA;2023-07-01;119346,66
NORDESTE;NORDESTE 1;00 - TUBOS PVC KRONA;2023-08-01;306278,32
NORDESTE;NORDESTE 1;00 - TUBOS PVC KRONA;2023-09-01;326419,29
NORDESTE;NORDESTE 1;00 - TUBOS PVC KRONA;2023-10-01;189771,48
NORDESTE;NORDESTE 1;00 - TUBOS PVC KRONA;2023-11-01;332710,19
NORDESTE;NORDESTE 1;00 - TUBOS PVC KRONA;2023-12-01;559939,58
NORDESTE;NORDESTE 1;00 - TUBOS PVC KRONA;2024-01-01;92847,96
NORDESTE;NORDESTE 1;00 - TUBOS PVC KRONA;2024-02-01;241903,61
NORDESTE;NORDESTE 1;00 - TUBOS PVC KRONA;2024-03-01;235153,45
NORDESTE;NORDESTE 1;00 - TUBOS PVC KRONA;2024-04-01;353884,20
NORDESTE;NORDESTE 1;00 - TUBOS PVC KRONA;2024-05-01;311980,09
NORDESTE;NORDESTE 1;00 - TUBOS PVC KRONA;2024-06-01;431575,09
NORDESTE;NORDESTE 1;00 - TUBOS PVC KRONA;2024-07-01;309979,64
NORDESTE;NORDESTE 1;00 - TUBOS PVC KRONA;2024-08-01;151117,21
NORDESTE;NORDESTE 1;00 - TUBOS PVC KRONA;2024-09-01;804257,54
NORDESTE;NORDESTE 1;00 - TUBOS PVC KRONA;2024-10-01;224421,86
NORDESTE;NORDESTE 1;00 - TUBOS PVC KRONA;2024-11-01;304094,53
NORDESTE;NORDESTE 1;00 - TUBOS PVC KRONA;2024-12-01;621530,67
NORDESTE;NORDESTE 1;00 - TUBOS PVC KRONA;2025-01-01;268685,68
NORDESTE;NORDESTE 1;00 - TUBOS PVC KRONA;2025-02-01;130556,37
NORDESTE;NORDESTE 1;00 - TUBOS PVC KRONA;2025-03-01;66161,99
NORDESTE;NORDESTE 1;00 - TUBOS PVC KRONA;2025-04-01;344763,53
NORDESTE;NORDESTE 1;00 - TUBOS PVC KRONA;2025-05-01;302618,62
NORDESTE;NORDESTE 1;00 - TUBOS PVC KRONA;2025-06-01;666212,14
NORDESTE;NORDESTE 1;00 - TUBOS PVC KRONA;2025-07-01;87094,56
NORDESTE;NORDESTE 1;00 - TUBOS PVC KRONA;2025-08-01;405160,02
NORDESTE;NORDESTE 1;00 - TUBOS PVC KRONA;2025-09-01;122520,45
NORDESTE;NORDESTE 1;00 - TUBOS PVC KRONA;2025-10-01;297677,44
NORDESTE;NORDESTE 1;00 - TUBOS PVC KRONA;2025-11-01;265114,96
NORDESTE;NORDESTE 1;00 - TUBOS PVC KRONA;2025-12-01;509556,19
NORDESTE;NORDESTE 1;00 - TUBOS PVC KRONA;2026-01-01;116586,32
NORDESTE;NORDESTE 1;00 - TUBOS PVC KRONA;2026-02-01;225968,56
NORDESTE;NORDESTE 1;00 - TUBOS PVC KRONA;2026-03-01;521741,89
NORDESTE;NORDESTE 1;00 - TUBOS PVC KRONA;2026-04-01;491872,79
NORDESTE;NORDESTE 1;00 - TUBOS PVC KRONA;2026-05-01;118826,82
NORDESTE;NORDESTE 1;00 - TUBOS PVC KRONA;2026-06-01;298490,20
NORDESTE;NORDESTE 1;00 - TUBOS PVC KRONA;2026-07-01;141951,54
NORDESTE;NORDESTE 1;00 - TUBOS PVC KRONA;2026-08-01;194052,61
NORDESTE;NORDESTE 1;01 - TUBOS ELETRODUTOS KRONA;2022-01-01;1965,79
NORDESTE;NORDESTE 1;01 - TUBOS ELETRODUTOS KRONA;2022-02-01;2690,53
NORDESTE;NORDESTE 1;01 - TUBOS ELETRODUTOS KRONA;2022-03-01;4706,31
NORDESTE;NORDESTE 1;01 - TUBOS ELETRODUTOS KRONA;2022-04-01;8494,55
NORDESTE;NORDESTE 1;01 - TUBOS ELETRODUTOS KRONA;2022-05-01;7044,31
NORDESTE;NORDESTE 1;01 - TUBOS ELETRODUTOS KRONA;2022-06-01;2916,86
NORDESTE;NORDESTE 1;01 - TUBOS ELETRODUTOS KRONA;2022-07-01;6427,78
NORDESTE;NORDESTE 1;01 - TUBOS ELETRODUTOS KRONA;2022-08-01;3608,70
NORDESTE;NORDESTE 1;01 - TUBOS ELETRODUTOS KRONA;2022-09-01;8424,61
NORDESTE;NORDESTE 1;01 - TUBOS ELETRODUTOS KRONA;2022-10-01;3796,49
NORDESTE;NORDESTE 1;01 - TUBOS ELETRODUTOS KRONA;2022-11-01;6676,45
NORDESTE;NORDESTE 1;01 - TUBOS ELETRODUTOS KRONA;2022-12-01;13578,85
NORDESTE;NORDESTE 1;01 - TUBOS ELETRODUTOS KRONA;2023-01-01;3065,93
NORDESTE;NORDESTE 1;01 - TUBOS ELETRODUTOS KRONA;2023-02-01;4621,12
NORDESTE;NORDESTE 1;01 - TUBOS ELETRODUTOS KRONA;2023-03-01;11655,51
NORDESTE;NORDESTE 1;01 - TUBOS ELETRODUTOS KRONA;2023-04-01;10222,06
NORDESTE;NORDESTE 1;01 - TUBOS ELETRODUTOS KRONA;2023-05-01;7179,82
NORDESTE;NORDESTE 1;01 - TUBOS ELETRODUTOS KRONA;2023-06-01;12981,23
NORDESTE;NORDESTE 1;01 - TUBOS ELETRODUTOS KRONA;2023-07-01;8237,14
NORDESTE;NORDESTE 1;01 - TUBOS ELETRODUTOS KRONA;2023-08-01;21467,93
NORDESTE;NORDESTE 1;01 - TUBOS ELETRODUTOS KRONA;2023-09-01;19903,33
NORDESTE;NORDESTE 1;01 - TUBOS ELETRODUTOS KRONA;2023-10-01;15897,25
NORDESTE;NORDESTE 1;01 - TUBOS ELETRODUTOS KRONA;2023-11-01;21942,06
NORDESTE;NORDESTE 1;01 - TUBOS ELETRODUTOS KRONA;2023-12-01;22456,99
NORDESTE;NORDESTE 1;01 - TUBOS ELETRODUTOS KRONA;2024-01-01;11280,68
NORDESTE;NORDESTE 1;01 - TUBOS ELETRODUTOS KRONA;2024-02-01;19676,26
NORDESTE;NORDESTE 1;01 - TUBOS ELETRODUTOS KRONA;2024-03-01;18951,90
NORDESTE;NORDESTE 1;01 - TUBOS ELETRODUTOS KRONA;2024-04-01;26375,49
NORDESTE;NORDESTE 1;01 - TUBOS ELETRODUTOS KRONA;2024-05-01;19979,22
NORDESTE;NORDESTE 1;01 - TUBOS ELETRODUTOS KRONA;2024-06-01;28164,21
NORDESTE;NORDESTE 1;01 - TUBOS ELETRODUTOS KRONA;2024-07-01;19878,28
NORDESTE;NORDESTE 1;01 - TUBOS ELETRODUTOS KRONA;2024-08-01;11633,16
NORDESTE;NORDESTE 1;01 - TUBOS ELETRODUTOS KRONA;2024-09-01;27033,57
NORDESTE;NORDESTE 1;01 - TUBOS ELETRODUTOS KRONA;2024-10-01;17136,23
NORDESTE;NORDESTE 1;01 - TUBOS ELETRODUTOS KRONA;2024-11-01;18864,37
NORDESTE;NORDESTE 1;01 - TUBOS ELETRODUTOS KRONA;2024-12-01;29676,26
NORDESTE;NORDESTE 1;01 - TUBOS ELETRODUTOS KRONA;2025-01-01;13559,30
NORDESTE;NORDESTE 1;01 - TUBOS ELETRODUTOS KRONA;2025-02-01;10759,97
NORDESTE;NORDESTE 1;01 - TUBOS ELETRODUTOS KRONA;2025-03-01;13433,77
NORDESTE;NORDESTE 1;01 - TUBOS ELETRODUTOS KRONA;2025-04-01;29813,67
NORDESTE;NORDESTE 1;01 - TUBOS ELETRODUTOS KRONA;2025-05-01;21088,15
NORDESTE;NORDESTE 1;01 - TUBOS ELETRODUTOS KRONA;2025-06-01;27391,28
NORDESTE;NORDESTE 1;01 - TUBOS ELETRODUTOS KRONA;2025-07-01;8143,52
NORDESTE;NORDESTE 1;01 - TUBOS ELETRODUTOS KRONA;2025-08-01;31285,83
NORDESTE;NORDESTE 1;01 - TUBOS ELETRODUTOS KRONA;2025-09-01;10965,89
NORDESTE;NORDESTE 1;01 - TUBOS ELETRODUTOS KRONA;2025-10-01;19345,96
NORDESTE;NORDESTE 1;01 - TUBOS ELETRODUTOS KRONA;2025-11-01;18009,31
NORDESTE;NORDESTE 1;01 - TUBOS ELETRODUTOS KRONA;2025-12-01;22427,51
NORDESTE;NORDESTE 1;01 - TUBOS ELETRODUTOS KRONA;2026-01-01;6705,40
NORDESTE;NORDESTE 1;01 - TUBOS ELETRODUTOS KRONA;2026-02-01;14985,92
NORDESTE;NORDESTE 1;01 - TUBOS ELETRODUTOS KRONA;2026-03-01;25167,42
NORDESTE;NORDESTE 1;01 - TUBOS ELETRODUTOS KRONA;2026-04-01;18295,96
NORDESTE;NORDESTE 1;01 - TUBOS ELETRODUTOS KRONA;2026-05-01;10452,30
NORDESTE;NORDESTE 1;01 - TUBOS ELETRODUTOS KRONA;2026-06-01;15241,41
NORDESTE;NORDESTE 1;01 - TUBOS ELETRODUTOS KRONA;2026-07-01;8740,84
NORDESTE;NORDESTE 1;01 - TUBOS ELETRODUTOS KRONA;2026-08-01;14039,81
NORDESTE;NORDESTE 1;02 - CONEXOES KRONA;2022-01-01;9515,26
NORDESTE;NORDESTE 1;02 - CONEXOES KRONA;2022-02-01;29710,42
NORDESTE;NORDESTE 1;02 - CONEXOES KRONA;2022-03-01;46319,97
NORDESTE;NORDESTE 1;02 - CONEXOES KRONA;2022-04-01;58560,04
NORDESTE;NORDESTE 1;02 - CONEXOES KRONA;2022-05-01;45527,42
NORDESTE;NORDESTE 1;02 - CONEXOES KRONA;2022-06-01;65652,98
NORDESTE;NORDESTE 1;02 - CONEXOES KRONA;2022-07-01;45491,09
NORDESTE;NORDESTE 1;02 - CONEXOES KRONA;2022-08-01;74747,34
NORDESTE;NORDESTE 1;02 - CONEXOES KRONA;2022-09-01;88272,78
NORDESTE;NORDESTE 1;02 - CONEXOES KRONA;2022-10-01;69022,19
NORDESTE;NORDESTE 1;02 - CONEXOES KRONA;2022-11-01;87767,76
NORDESTE;NORDESTE 1;02 - CONEXOES KRONA;2022-12-01;112209,18
NORDESTE;NORDESTE 1;02 - CONEXOES KRONA;2023-01-01;28109,20
NORDESTE;NORDESTE 1;02 - CONEXOES KRONA;2023-02-01;62185,05
NORDESTE;NORDESTE 1;02 - CONEXOES KRONA;2023-03-01;77035,28
NORDESTE;NORDESTE 1;02 - CONEXOES KRONA;2023-04-01;23691,72
NORDESTE;NORDESTE 1;02 - CONEXOES KRONA;2023-05-01;53854,31
NORDESTE;NORDESTE 1;02 - CONEXOES KRONA;2023-06-01;109879,79
NORDESTE;NORDESTE 1;02 - CONEXOES KRONA;2023-07-01;29389,06
NORDESTE;NORDESTE 1;02 - CONEXOES KRONA;2023-08-01;59900,01
NORDESTE;NORDESTE 1;02 - CONEXOES KRONA;2023-09-01;79738,49
NORDESTE;NORDESTE 1;02 - CONEXOES KRONA;2023-10-01;51376,54
NORDESTE;NORDESTE 1;02 - CONEXOES KRONA;2023-11-01;92965,90
NORDESTE;NORDESTE 1;02 - CONEXOES KRONA;2023-12-01;106646,61
NORDESTE;NORDESTE 1;02 - CONEXOES KRONA;2024-01-01;30680,12
NORDESTE;NORDESTE 1;02 - CONEXOES KRONA;2024-02-01;74868,06
NORDESTE;NORDESTE 1;02 - CONEXOES KRONA;2024-03-01;62947,46
NORDESTE;NORDESTE 1;02 - CONEXOES KRONA;2024-04-01;87523,74
NORDESTE;NORDESTE 1;02 - CONEXOES KRONA;2024-05-01;63044,23
NORDESTE;NORDESTE 1;02 - CONEXOES KRONA;2024-06-01;105197,80
NORDESTE;NORDESTE 1;02 - CONEXOES KRONA;2024-07-01;77839,32
NORDESTE;NORDESTE 1;02 - CONEXOES KRONA;2024-08-01;41836,15
NORDESTE;NORDESTE 1;02 - CONEXOES KRONA;2024-09-01;132117,63
NORDESTE;NORDESTE 1;02 - CONEXOES KRONA;2024-10-01;77250,15
NORDESTE;NORDESTE 1;02 - CONEXOES KRONA;2024-11-01;100987,29
NORDESTE;NORDESTE 1;02 - CONEXOES KRONA;2024-12-01;137382,42
NORDESTE;NORDESTE 1;02 - CONEXOES KRONA;2025-01-01;55070,94
NORDESTE;NORDESTE 1;02 - CONEXOES KRONA;2025-02-01;38900,56
NORDESTE;NORDESTE 1;02 - CONEXOES KRONA;2025-03-01;21422,12
NORDESTE;NORDESTE 1;02 - CONEXOES KRONA;2025-04-01;106648,49
NORDESTE;NORDESTE 1;02 - CONEXOES KRONA;2025-05-01;53767,53
NORDESTE;NORDESTE 1;02 - CONEXOES KRONA;2025-06-01;163827,06
NORDESTE;NORDESTE 1;02 - CONEXOES KRONA;2025-07-01;28842,50
NORDESTE;NORDESTE 1;02 - CONEXOES KRONA;2025-08-01;95489,18
NORDESTE;NORDESTE 1;02 - CONEXOES KRONA;2025-09-01;37979,03
NORDESTE;NORDESTE 1;02 - CONEXOES KRONA;2025-10-01;74803,15
NORDESTE;NORDESTE 1;02 - CONEXOES KRONA;2025-11-01;78905,84
NORDESTE;NORDESTE 1;02 - CONEXOES KRONA;2025-12-01;92612,74
NORDESTE;NORDESTE 1;02 - CONEXOES KRONA;2026-01-01;24836,59
NORDESTE;NORDESTE 1;02 - CONEXOES KRONA;2026-02-01;82221,07
NORDESTE;NORDESTE 1;02 - CONEXOES KRONA;2026-03-01;93021,51
NORDESTE;NORDESTE 1;02 - CONEXOES KRONA;2026-04-01;79990,03
NORDESTE;NORDESTE 1;02 - CONEXOES KRONA;2026-05-01;29041,90
NORDESTE;NORDESTE 1;02 - CONEXOES KRONA;2026-06-01;63005,03
NORDESTE;NORDESTE 1;02 - CONEXOES KRONA;2026-07-01;28571,44
NORDESTE;NORDESTE 1;02 - CONEXOES KRONA;2026-08-01;37870,02
NORDESTE;NORDESTE 1;03 - ACESSORIOS KRONA;2022-01-01;963,93
NORDESTE;NORDESTE 1;03 - ACESSORIOS KRONA;2022-02-01;10706,07
NORDESTE;NORDESTE 1;03 - ACESSORIOS KRONA;2022-03-01;10599,23
NORDESTE;NORDESTE 1;03 - ACESSORIOS KRONA;2022-04-01;13267,28
NORDESTE;NORDESTE 1;03 - ACESSORIOS KRONA;2022-05-01;10744,70
NORDESTE;NORDESTE 1;03 - ACESSORIOS KRONA;2022-06-01;19971,64
NORDESTE;NORDESTE 1;03 - ACESSORIOS KRONA;2022-07-01;14572,21
NORDESTE;NORDESTE 1;03 - ACESSORIOS KRONA;2022-08-01;22974,23
NORDESTE;NORDESTE 1;03 - ACESSORIOS KRONA;2022-09-01;25709,08
NORDESTE;NORDESTE 1;03 - ACESSORIOS KRONA;2022-10-01;21252,63
NORDESTE;NORDESTE 1;03 - ACESSORIOS KRONA;2022-11-01;24323,74
NORDESTE;NORDESTE 1;03 - ACESSORIOS KRONA;2022-12-01;24894,47
NORDESTE;NORDESTE 1;03 - ACESSORIOS KRONA;2023-01-01;6898,02
NORDESTE;NORDESTE 1;03 - ACESSORIOS KRONA;2023-02-01;14128,30
NORDESTE;NORDESTE 1;03 - ACESSORIOS KRONA;2023-03-01;13642,66
NORDESTE;NORDESTE 1;03 - ACESSORIOS KRONA;2023-04-01;4549,99
NORDESTE;NORDESTE 1;03 - ACESSORIOS KRONA;2023-05-01;13178,45
NORDESTE;NORDESTE 1;03 - ACESSORIOS KRONA;2023-06-01;20267,07
NORDESTE;NORDESTE 1;03 - ACESSORIOS KRONA;2023-07-01;9618,25
NORDESTE;NORDESTE 1;03 - ACESSORIOS KRONA;2023-08-01;20452,25
NORDESTE;NORDESTE 1;03 - ACESSORIOS KRONA;2023-09-01;18921,73
NORDESTE;NORDESTE 1;03 - ACESSORIOS KRONA;2023-10-01;9012,07
NORDESTE;NORDESTE 1;03 - ACESSORIOS KRONA;2023-11-01;16476,66
NORDESTE;NORDESTE 1;03 - ACESSORIOS KRONA;2023-12-01;15684,68
NORDESTE;NORDESTE 1;03 - ACESSORIOS KRONA;2024-01-01;4957,68
NORDESTE;NORDESTE 1;03 - ACESSORIOS KRONA;2024-02-01;15246,58
NORDESTE;NORDESTE 1;03 - ACESSORIOS KRONA;2024-03-01;11501,69
NORDESTE;NORDESTE 1;03 - ACESSORIOS KRONA;2024-04-01;18744,38
NORDESTE;NORDESTE 1;03 - ACESSORIOS KRONA;2024-05-01;13322,08
NORDESTE;NORDESTE 1;03 - ACESSORIOS KRONA;2024-06-01;19398,37
NORDESTE;NORDESTE 1;03 - ACESSORIOS KRONA;2024-07-01;19387,19
NORDESTE;NORDESTE 1;03 - ACESSORIOS KRONA;2024-08-01;7435,85
NORDESTE;NORDESTE 1;03 - ACESSORIOS KRONA;2024-09-01;21041,28
NORDESTE;NORDESTE 1;03 - ACESSORIOS KRONA;2024-10-01;14429,41
NORDESTE;NORDESTE 1;03 - ACESSORIOS KRONA;2024-11-01;20746,27
NORDESTE;NORDESTE 1;03 - ACESSORIOS KRONA;2024-12-01;22351,78
NORDESTE;NORDESTE 1;03 - ACESSORIOS KRONA;2025-01-01;9034,14
NORDESTE;NORDESTE 1;03 - ACESSORIOS KRONA;2025-02-01;6122,64
NORDESTE;NORDESTE 1;03 - ACESSORIOS KRONA;2025-03-01;3053,63
NORDESTE;NORDESTE 1;03 - ACESSORIOS KRONA;2025-04-01;16781,36
NORDESTE;NORDESTE 1;03 - ACESSORIOS KRONA;2025-05-01;8059,37
NORDESTE;NORDESTE 1;03 - ACESSORIOS KRONA;2025-06-01;24863,78
NORDESTE;NORDESTE 1;03 - ACESSORIOS KRONA;2025-07-01;3286,60
NORDESTE;NORDESTE 1;03 - ACESSORIOS KRONA;2025-08-01;14014,80
NORDESTE;NORDESTE 1;03 - ACESSORIOS KRONA;2025-09-01;7297,53
NORDESTE;NORDESTE 1;03 - ACESSORIOS KRONA;2025-10-01;6558,04
NORDESTE;NORDESTE 1;03 - ACESSORIOS KRONA;2025-11-01;10318,71
NORDESTE;NORDESTE 1;03 - ACESSORIOS KRONA;2025-12-01;10875,67
NORDESTE;NORDESTE 1;03 - ACESSORIOS KRONA;2026-01-01;5497,56
NORDESTE;NORDESTE 1;03 - ACESSORIOS KRONA;2026-02-01;18284,16
NORDESTE;NORDESTE 1;03 - ACESSORIOS KRONA;2026-03-01;14700,03
NORDESTE;NORDESTE 1;03 - ACESSORIOS KRONA;2026-04-01;18744,31
NORDESTE;NORDESTE 1;03 - ACESSORIOS KRONA;2026-05-01;5073,19
NORDESTE;NORDESTE 1;03 - ACESSORIOS KRONA;2026-06-01;13498,49
NORDESTE;NORDESTE 1;03 - ACESSORIOS KRONA;2026-07-01;9075,05
NORDESTE;NORDESTE 1;03 - ACESSORIOS KRONA;2026-08-01;8633,01
NORDESTE;NORDESTE 1;04 - PRODUTOS REVENDA;2022-01-01;426,66
NORDESTE;NORDESTE 1;04 - PRODUTOS REVENDA;2022-02-01;1070,14
NORDESTE;NORDESTE 1;04 - PRODUTOS REVENDA;2022-03-01;1102,15
NORDESTE;NORDESTE 1;04 - PRODUTOS REVENDA;2022-04-01;947,58
NORDESTE;NORDESTE 1;04 - PRODUTOS REVENDA;2022-05-01;1558,96
NORDESTE;NORDESTE 1;04 - PRODUTOS REVENDA;2022-06-01;1323,08
NORDESTE;NORDESTE 1;04 - PRODUTOS REVENDA;2022-07-01;875,08
NORDESTE;NORDESTE 1;04 - PRODUTOS REVENDA;2022-08-01;1401,18
NORDESTE;NORDESTE 1;04 - PRODUTOS REVENDA;2022-09-01;1208,97
NORDESTE;NORDESTE 1;04 - PRODUTOS REVENDA;2022-10-01;1427,58
NORDESTE;NORDESTE 1;04 - PRODUTOS REVENDA;2022-11-01;1735,64
NORDESTE;NORDESTE 1;04 - PRODUTOS REVENDA;2022-12-01;2031,93
NORDESTE;NORDESTE 1;04 - PRODUTOS REVENDA;2023-01-01;1523,09
NORDESTE;NORDESTE 1;04 - PRODUTOS REVENDA;2023-02-01;2085,98
NORDESTE;NORDESTE 1;04 - PRODUTOS REVENDA;2023-03-01;6306,40
NORDESTE;NORDESTE 1;04 - PRODUTOS REVENDA;2023-04-01;1258,17
NORDESTE;NORDESTE 1;04 - PRODUTOS REVENDA;2023-05-01;2448,21
NORDESTE;NORDESTE 1;04 - PRODUTOS REVENDA;2023-06-01;2714,49
NORDESTE;NORDESTE 1;04 - PRODUTOS REVENDA;2023-07-01;2790,91
NORDESTE;NORDESTE 1;04 - PRODUTOS REVENDA;2023-08-01;3577,15
NORDESTE;NORDESTE 1;04 - PRODUTOS REVENDA;2023-09-01;3428,91
NORDESTE;NORDESTE 1;04 - PRODUTOS REVENDA;2023-10-01;3327,64
NORDESTE;NORDESTE 1;04 - PRODUTOS REVENDA;2023-11-01;4131,88
NORDESTE;NORDESTE 1;04 - PRODUTOS REVENDA;2023-12-01;4599,63
NORDESTE;NORDESTE 1;04 - PRODUTOS REVENDA;2024-01-01;2036,70
NORDESTE;NORDESTE 1;04 - PRODUTOS REVENDA;2024-02-01;4167,85
NORDESTE;NORDESTE 1;04 - PRODUTOS REVENDA;2024-03-01;3696,71
NORDESTE;NORDESTE 1;04 - PRODUTOS REVENDA;2024-04-01;4402,64
NORDESTE;NORDESTE 1;04 - PRODUTOS REVENDA;2024-05-01;3176,97
NORDESTE;NORDESTE 1;04 - PRODUTOS REVENDA;2024-06-01;3934,45
NORDESTE;NORDESTE 1;04 - PRODUTOS REVENDA;2024-07-01;3564,79
NORDESTE;NORDESTE 1;04 - PRODUTOS REVENDA;2024-08-01;1749,31
NORDESTE;NORDESTE 1;04 - PRODUTOS REVENDA;2024-09-01;4980,00
NORDESTE;NORDESTE 1;04 - PRODUTOS REVENDA;2024-10-01;2065,23
NORDESTE;NORDESTE 1;04 - PRODUTOS REVENDA;2024-11-01;2873,74
NORDESTE;NORDESTE 1;04 - PRODUTOS REVENDA;2024-12-01;5377,27
NORDESTE;NORDESTE 1;04 - PRODUTOS REVENDA;2025-01-01;1841,46
NORDESTE;NORDESTE 1;04 - PRODUTOS REVENDA;2025-02-01;2285,84
NORDESTE;NORDESTE 1;04 - PRODUTOS REVENDA;2025-03-01;1046,43
NORDESTE;NORDESTE 1;04 - PRODUTOS REVENDA;2025-04-01;3077,03
NORDESTE;NORDESTE 1;04 - PRODUTOS REVENDA;2025-05-01;2008,32
NORDESTE;NORDESTE 1;04 - PRODUTOS REVENDA;2025-06-01;5506,04
NORDESTE;NORDESTE 1;04 - PRODUTOS REVENDA;2025-07-01;894,24
NORDESTE;NORDESTE 1;04 - PRODUTOS REVENDA;2025-08-01;2241,69
NORDESTE;NORDESTE 1;04 - PRODUTOS REVENDA;2025-09-01;1788,81
NORDESTE;NORDESTE 1;04 - PRODUTOS REVENDA;2025-10-01;1988,98
NORDESTE;NORDESTE 1;04 - PRODUTOS REVENDA;2025-11-01;1463,79
NORDESTE;NORDESTE 1;04 - PRODUTOS REVENDA;2025-12-01;2097,82
NORDESTE;NORDESTE 1;04 - PRODUTOS REVENDA;2026-01-01;1110,77
NORDESTE;NORDESTE 1;04 - PRODUTOS REVENDA;2026-02-01;2331,07
NORDESTE;NORDESTE 1;04 - PRODUTOS REVENDA;2026-03-01;2540,37
NORDESTE;NORDESTE 1;04 - PRODUTOS REVENDA;2026-04-01;2512,45
NORDESTE;NORDESTE 1;04 - PRODUTOS REVENDA;2026-05-01;1068,42
NORDESTE;NORDESTE 1;04 - PRODUTOS REVENDA;2026-06-01;2074,48
NORDESTE;NORDESTE 1;04 - PRODUTOS REVENDA;2026-07-01;1491,55
NORDESTE;NORDESTE 1;04 - PRODUTOS REVENDA;2026-08-01;1651,82
NORDESTE;NORDESTE 1;29 - PPR;2022-04-01;0,37
NORDESTE;NORDESTE 1;29 - PPR;2022-06-01;4,14
NORDESTE;NORDESTE 1;29 - PPR;2022-08-01;13,88
NORDESTE;NORDESTE 1;29 - PPR;2022-10-01;38,99
NORDESTE;NORDESTE 1;29 - PPR;2022-12-01;289,74
NORDESTE;NORDESTE 1;29 - PPR;2023-01-01;30,60
NORDESTE;NORDESTE 1;29 - PPR;2023-03-01;0,37
NORDESTE;NORDESTE 1;29 - PPR;2023-04-01;10,44
NORDESTE;NORDESTE 1;29 - PPR;2023-06-01;0,68
NORDESTE;NORDESTE 1;29 - PPR;2023-08-01;18,30
NORDESTE;NORDESTE 1;29 - PPR;2023-09-01;71,27
NORDESTE;NORDESTE 1;29 - PPR;2023-10-01;1,12
NORDESTE;NORDESTE 1;29 - PPR;2023-12-01;0,37
NORDESTE;NORDESTE 1;29 - PPR;2024-02-01;0,37
NORDESTE;NORDESTE 1;29 - PPR;2024-04-01;15,96
NORDESTE;NORDESTE 1;29 - PPR;2024-06-01;0,37
NORDESTE;NORDESTE 1;29 - PPR;2024-08-01;12,48
NORDESTE;NORDESTE 1;29 - PPR;2024-10-01;0,75
NORDESTE;NORDESTE 1;29 - PPR;2025-01-01;89,13
NORDESTE;NORDESTE 1;29 - PPR;2025-02-01;0,43
NORDESTE;NORDESTE 1;29 - PPR;2025-03-01;15,27
NORDESTE;NORDESTE 1;29 - PPR;2025-04-01;0,26
NORDESTE;NORDESTE 1;29 - PPR;2025-06-01;100,70
NORDESTE;NORDESTE 1;29 - PPR;2025-07-01;0,11
NORDESTE;NORDESTE 1;29 - PPR;2025-08-01;0,05
NORDESTE;NORDESTE 1;29 - PPR;2025-11-01;0,21
NORDESTE;NORDESTE 1;29 - PPR;2026-02-01;37,05
NORDESTE;NORDESTE 1;29 - PPR;2026-03-01;0,37
NORDESTE;NORDESTE 1;29 - PPR;2026-05-01;141,42
NORDESTE;NORDESTE 1;29 - PPR;2026-06-01;3,63
NORDESTE;NORDESTE 1;30 - ELETRODUTOS CORRUGADOS KRONA;2022-01-01;1132,34
NORDESTE;NORDESTE 1;30 - ELETRODUTOS CORRUGADOS KRONA;2022-02-01;2229,62
NORDESTE;NORDESTE 1;30 - ELETRODUTOS CORRUGADOS KRONA;2022-03-01;9844,58
NORDESTE;NORDESTE 1;30 - ELETRODUTOS CORRUGADOS KRONA;2022-04-01;4815,91
NORDESTE;NORDESTE 1;30 - ELETRODUTOS CORRUGADOS KRONA;2022-05-01;11124,73
NORDESTE;NORDESTE 1;30 - ELETRODUTOS CORRUGADOS KRONA;2022-06-01;7033,33
NORDESTE;NORDESTE 1;30 - ELETRODUTOS CORRUGADOS KRONA;2022-07-01;1820,25
NORDESTE;NORDESTE 1;30 - ELETRODUTOS CORRUGADOS KRONA;2022-08-01;4599,52
NORDESTE;NORDESTE 1;30 - ELETRODUTOS CORRUGADOS KRONA;2022-09-01;13127,04
NORDESTE;NORDESTE 1;30 - ELETRODUTOS CORRUGADOS KRONA;2022-10-01;31464,28
NORDESTE;NORDESTE 1;30 - ELETRODUTOS CORRUGADOS KRONA;2022-11-01;10696,66
NORDESTE;NORDESTE 1;30 - ELETRODUTOS CORRUGADOS KRONA;2022-12-01;26640,86
NORDESTE;NORDESTE 1;30 - ELETRODUTOS CORRUGADOS KRONA;2023-01-01;4638,62
NORDESTE;NORDESTE 1;30 - ELETRODUTOS CORRUGADOS KRONA;2023-02-01;15235,21
NORDESTE;NORDESTE 1;30 - ELETRODUTOS CORRUGADOS KRONA;2023-03-01;9846,57
NORDESTE;NORDESTE 1;30 - ELETRODUTOS CORRUGADOS KRONA;2023-04-01;2886,84
NORDESTE;NORDESTE 1;30 - ELETRODUTOS CORRUGADOS KRONA;2023-05-01;6255,23
NORDESTE;NORDESTE 1;30 - ELETRODUTOS CORRUGADOS KRONA;2023-06-01;22841,56
NORDESTE;NORDESTE 1;30 - ELETRODUTOS CORRUGADOS KRONA;2023-07-01;5345,73
NORDESTE;NORDESTE 1;30 - ELETRODUTOS CORRUGADOS KRONA;2023-08-01;18249,33
NORDESTE;NORDESTE 1;30 - ELETRODUTOS CORRUGADOS KRONA;2023-09-01;13961,06
NORDESTE;NORDESTE 1;30 - ELETRODUTOS CORRUGADOS KRONA;2023-10-01;6848,98
NORDESTE;NORDESTE 1;30 - ELETRODUTOS CORRUGADOS KRONA;2023-11-01;7276,84
NORDESTE;NORDESTE 1;30 - ELETRODUTOS CORRUGADOS KRONA;2023-12-01;12086,49
NORDESTE;NORDESTE 1;30 - ELETRODUTOS CORRUGADOS KRONA;2024-01-01;7140,64
NORDESTE;NORDESTE 1;30 - ELETRODUTOS CORRUGADOS KRONA;2024-02-01;9240,85
NORDESTE;NORDESTE 1;30 - ELETRODUTOS CORRUGADOS KRONA;2024-03-01;7272,26
NORDESTE;NORDESTE 1;30 - ELETRODUTOS CORRUGADOS KRONA;2024-04-01;17174,19
NORDESTE;NORDESTE 1;30 - ELETRODUTOS CORRUGADOS KRONA;2024-05-01;12642,08
NORDESTE;NORDESTE 1;30 - ELETRODUTOS CORRUGADOS KRONA;2024-06-01;14922,39
NORDESTE;NORDESTE 1;30 - ELETRODUTOS CORRUGADOS KRONA;2024-07-01;7203,12
NORDESTE;NORDESTE 1;30 - ELETRODUTOS CORRUGADOS KRONA;2024-08-01;8052,64
NORDESTE;NORDESTE 1;30 - ELETRODUTOS CORRUGADOS KRONA;2024-09-01;24403,26
NORDESTE;NORDESTE 1;30 - ELETRODUTOS CORRUGADOS KRONA;2024-10-01;12522,46
NORDESTE;NORDESTE 1;30 - ELETRODUTOS CORRUGADOS KRONA;2024-11-01;11347,17
NORDESTE;NORDESTE 1;30 - ELETRODUTOS CORRUGADOS KRONA;2024-12-01;25050,85
NORDESTE;NORDESTE 1;30 - ELETRODUTOS CORRUGADOS KRONA;2025-01-01;9906,10
NORDESTE;NORDESTE 1;30 - ELETRODUTOS CORRUGADOS KRONA;2025-02-01;7140,35
NORDESTE;NORDESTE 1;30 - ELETRODUTOS CORRUGADOS KRONA;2025-03-01;12403,17
NORDESTE;NORDESTE 1;30 - ELETRODUTOS CORRUGADOS KRONA;2025-04-01;28805,72
NORDESTE;NORDESTE 1;30 - ELETRODUTOS CORRUGADOS KRONA;2025-05-01;35260,72
NORDESTE;NORDESTE 1;30 - ELETRODUTOS CORRUGADOS KRONA;2025-06-01;41731,98
NORDESTE;NORDESTE 1;30 - ELETRODUTOS CORRUGADOS KRONA;2025-07-01;5841,81
NORDESTE;NORDESTE 1;30 - ELETRODUTOS CORRUGADOS KRONA;2025-08-01;42799,11
NORDESTE;NORDESTE 1;30 - ELETRODUTOS CORRUGADOS KRONA;2025-09-01;13051,28
NORDESTE;NORDESTE 1;30 - ELETRODUTOS CORRUGADOS KRONA;2025-10-01;14641,49
NORDESTE;NORDESTE 1;30 - ELETRODUTOS CORRUGADOS KRONA;2025-11-01;39462,69
NORDESTE;NORDESTE 1;30 - ELETRODUTOS CORRUGADOS KRONA;2025-12-01;45660,61
NORDESTE;NORDESTE 1;30 - ELETRODUTOS CORRUGADOS KRONA;2026-01-01;4294,62
NORDESTE;NORDESTE 1;30 - ELETRODUTOS CORRUGADOS KRONA;2026-02-01;21858,99
NORDESTE;NORDESTE 1;30 - ELETRODUTOS CORRUGADOS KRONA;2026-03-01;17691,53
NORDESTE;NORDESTE 1;30 - ELETRODUTOS CORRUGADOS KRONA;2026-04-01;15721,64
NORDESTE;NORDESTE 1;30 - ELETRODUTOS CORRUGADOS KRONA;2026-05-01;4433,26
NORDESTE;NORDESTE 1;30 - ELETRODUTOS CORRUGADOS KRONA;2026-06-01;14839,28
NORDESTE;NORDESTE 1;30 - ELETRODUTOS CORRUGADOS KRONA;2026-07-01;6778,35
NORDESTE;NORDESTE 1;30 - ELETRODUTOS CORRUGADOS KRONA;2026-08-01;12888,65
NORDESTE;NORDESTE 1;31 - CPVC ULTRATERM;2022-01-01;103,50
NORDESTE;NORDESTE 1;31 - CPVC ULTRATERM;2022-02-01;124,05
NORDESTE;NORDESTE 1;31 - CPVC ULTRATERM;2022-03-01;61,08
NORDESTE;NORDESTE 1;31 - CPVC ULTRATERM;2022-04-01;258,16
NORDESTE;NORDESTE 1;31 - CPVC ULTRATERM;2022-05-01;145,53
NORDESTE;NORDESTE 1;31 - CPVC ULTRATERM;2022-06-01;144,44
NORDESTE;NORDESTE 1;31 - CPVC ULTRATERM;2022-07-01;330,12
NORDESTE;NORDESTE 1;31 - CPVC ULTRATERM;2022-08-01;107,11
NORDESTE;NORDESTE 1;31 - CPVC ULTRATERM;2022-09-01;793,36
NORDESTE;NORDESTE 1;31 - CPVC ULTRATERM;2022-10-01;145,09
NORDESTE;NORDESTE 1;31 - CPVC ULTRATERM;2022-11-01;330,21
NORDESTE;NORDESTE 1;31 - CPVC ULTRATERM;2022-12-01;49,88
NORDESTE;NORDESTE 1;31 - CPVC ULTRATERM;2023-01-01;172,28
NORDESTE;NORDESTE 1;31 - CPVC ULTRATERM;2023-02-01;86,90
NORDESTE;NORDESTE 1;31 - CPVC ULTRATERM;2023-03-01;172,00
NORDESTE;NORDESTE 1;31 - CPVC ULTRATERM;2023-04-01;72,19
NORDESTE;NORDESTE 1;31 - CPVC ULTRATERM;2023-05-01;183,89
NORDESTE;NORDESTE 1;31 - CPVC ULTRATERM;2023-06-01;454,80
NORDESTE;NORDESTE 1;31 - CPVC ULTRATERM;2023-07-01;454,84
NORDESTE;NORDESTE 1;31 - CPVC ULTRATERM;2023-08-01;445,28
NORDESTE;NORDESTE 1;31 - CPVC ULTRATERM;2023-09-01;415,49
NORDESTE;NORDESTE 1;31 - CPVC ULTRATERM;2023-10-01;454,84
NORDESTE;NORDESTE 1;31 - CPVC ULTRATERM;2023-11-01;357,72
NORDESTE;NORDESTE 1;31 - CPVC ULTRATERM;2023-12-01;440,03
NORDESTE;NORDESTE 1;31 - CPVC ULTRATERM;2024-01-01;361,93
NORDESTE;NORDESTE 1;31 - CPVC ULTRATERM;2024-02-01;323,55
NORDESTE;NORDESTE 1;31 - CPVC ULTRATERM;2024-03-01;145,97
NORDESTE;NORDESTE 1;31 - CPVC ULTRATERM;2024-04-01;227,86
NORDESTE;NORDESTE 1;31 - CPVC ULTRATERM;2024-05-01;422,11
NORDESTE;NORDESTE 1;31 - CPVC ULTRATERM;2024-06-01;401,40
NORDESTE;NORDESTE 1;31 - CPVC ULTRATERM;2024-07-01;573,04
NORDESTE;NORDESTE 1;31 - CPVC ULTRATERM;2024-08-01;160,92
NORDESTE;NORDESTE 1;31 - CPVC ULTRATERM;2024-09-01;440,14
NORDESTE;NORDESTE 1;31 - CPVC ULTRATERM;2024-10-01;224,41
NORDESTE;NORDESTE 1;31 - CPVC ULTRATERM;2024-11-01;218,77
NORDESTE;NORDESTE 1;31 - CPVC ULTRATERM;2024-12-01;797,49
NORDESTE;NORDESTE 1;31 - CPVC ULTRATERM;2025-01-01;347,10
NORDESTE;NORDESTE 1;31 - CPVC ULTRATERM;2025-02-01;191,90
NORDESTE;NORDESTE 1;31 - CPVC ULTRATERM;2025-03-01;103,66
NORDESTE;NORDESTE 1;31 - CPVC ULTRATERM;2025-04-01;292,84
NORDESTE;NORDESTE 1;31 - CPVC ULTRATERM;2025-05-01;373,74
NORDESTE;NORDESTE 1;31 - CPVC ULTRATERM;2025-06-01;308,09
NORDESTE;NORDESTE 1;31 - CPVC ULTRATERM;2025-07-01;177,30
NORDESTE;NORDESTE 1;31 - CPVC ULTRATERM;2025-08-01;370,54
NORDESTE;NORDESTE 1;31 - CPVC ULTRATERM;2025-09-01;67,86
NORDESTE;NORDESTE 1;31 - CPVC ULTRATERM;2025-10-01;752,26
NORDESTE;NORDESTE 1;31 - CPVC ULTRATERM;2025-11-01;252,64
NORDESTE;NORDESTE 1;31 - CPVC ULTRATERM;2025-12-01;333,48
NORDESTE;NORDESTE 1;31 - CPVC ULTRATERM;2026-01-01;85,56
NORDESTE;NORDESTE 1;31 - CPVC ULTRATERM;2026-02-01;434,14
NORDESTE;NORDESTE 1;31 - CPVC ULTRATERM;2026-03-01;358,08
NORDESTE;NORDESTE 1;31 - CPVC ULTRATERM;2026-04-01;163,72
NORDESTE;NORDESTE 1;31 - CPVC ULTRATERM;2026-05-01;102,34
NORDESTE;NORDESTE 1;31 - CPVC ULTRATERM;2026-06-01;416,56
NORDESTE;NORDESTE 1;31 - CPVC ULTRATERM;2026-07-01;441,38
NORDESTE;NORDESTE 1;31 - CPVC ULTRATERM;2026-08-01;345,80
NORDESTE;NORDESTE 2;00 - TUBOS PVC KRONA;2022-01-01;264787,78
NORDESTE;NORDESTE 2;00 - TUBOS PVC KRONA;2022-02-01;979511,68
NORDESTE;NORDESTE 2;00 - TUBOS PVC KRONA;2022-03-01;811276,01
NORDESTE;NORDESTE 2;00 - TUBOS PVC KRONA;2022-04-01;1284061,58
NORDESTE;NORDESTE 2;00 - TUBOS PVC KRONA;2022-05-01;778741,26
NORDESTE;NORDESTE 2;00 - TUBOS PVC KRONA;2022-06-01;758364,70
NORDESTE;NORDESTE 2;00 - TUBOS PVC KRONA;2022-07-01;836485,00
NORDESTE;NORDESTE 2;00 - TUBOS PVC KRONA;2022-08-01;773352,86
NORDESTE;NORDESTE 2;00 - TUBOS PVC KRONA;2022-09-01;998261,44
NORDESTE;NORDESTE 2;00 - TUBOS PVC KRONA;2022-10-01;1071411,33
NORDESTE;NORDESTE 2;00 - TUBOS PVC KRONA;2022-11-01;865590,54
NORDESTE;NORDESTE 2;00 - TUBOS PVC KRONA;2022-12-01;1654714,82
NORDESTE;NORDESTE 2;00 - TUBOS PVC KRONA;2023-01-01;385473,16
NORDESTE;NORDESTE 2;00 - TUBOS PVC KRONA;2023-02-01;763120,49
NORDESTE;NORDESTE 2;00 - TUBOS PVC KRONA;2023-03-01;1120150,42
NORDESTE;NORDESTE 2;00 - TUBOS PVC KRONA;2023-04-01;941248,68
NORDESTE;NORDESTE 2;00 - TUBOS PVC KRONA;2023-05-01;444889,54
NORDESTE;NORDESTE 2;00 - TUBOS PVC KRONA;2023-06-01;968958,23
NORDESTE;NORDESTE 2;00 - TUBOS PVC KRONA;2023-07-01;903376,19
NORDESTE;NORDESTE 2;00 - TUBOS PVC KRONA;2023-08-01;1059183,54
NORDESTE;NORDESTE 2;00 - TUBOS PVC KRONA;2023-09-01;1605854,01
NORDESTE;NORDESTE 2;00 - TUBOS PVC KRONA;2023-10-01;197884,66
NORDESTE;NORDESTE 2;00 - TUBOS PVC KRONA;2023-11-01;913874,57
NORDESTE;NORDESTE 2;00 - TUBOS PVC KRONA;2023-12-01;1074792,59
NORDESTE;NORDESTE 2;00 - TUBOS PVC KRONA;2024-01-01;144547,04
NORDESTE;NORDESTE 2;00 - TUBOS PVC KRONA;2024-02-01;1069365,09
NORDESTE;NORDESTE 2;00 - TUBOS PVC KRONA;2024-03-01;938509,72
NORDESTE;NORDESTE 2;00 - TUBOS PVC KRONA;2024-04-01;1176287,02
NORDESTE;NORDESTE 2;00 - TUBOS PVC KRONA;2024-05-01;898870,25
NORDESTE;NORDESTE 2;00 - TUBOS PVC KRONA;2024-06-01;1128206,56
NORDESTE;NORDESTE 2;00 - TUBOS PVC KRONA;2024-07-01;977829,29
NORDESTE;NORDESTE 2;00 - TUBOS PVC KRONA;2024-08-01;350532,61
NORDESTE;NORDESTE 2;00 - TUBOS PVC KRONA;2024-09-01;1060949,21
NORDESTE;NORDESTE 2;00 - TUBOS PVC KRONA;2024-10-01;694530,60
NORDESTE;NORDESTE 2;00 - TUBOS PVC KRONA;2024-11-01;502998,76
NORDESTE;NORDESTE 2;00 - TUBOS PVC KRONA;2024-12-01;970465,70
NORDESTE;NORDESTE 2;00 - TUBOS PVC KRONA;2025-01-01;533410,72
NORDESTE;NORDESTE 2;00 - TUBOS PVC KRONA;2025-02-01;441610,16
NORDESTE;NORDESTE 2;00 - TUBOS PVC KRONA;2025-03-01;631195,75
NORDESTE;NORDESTE 2;00 - TUBOS PVC KRONA;2025-04-01;518511,93
NORDESTE;NORDESTE 2;00 - TUBOS PVC KRONA;2025-05-01;929242,11
NORDESTE;NORDESTE 2;00 - TUBOS PVC KRONA;2025-06-01;1317210,23
NORDESTE;NORDESTE 2;00 - TUBOS PVC KRONA;2025-07-01;591145,88
NORDESTE;NORDESTE 2;00 - TUBOS PVC KRONA;2025-08-01;971699,23
NORDESTE;NORDESTE 2;00 - TUBOS PVC KRONA;2025-09-01;609812,73
NORDESTE;NORDESTE 2;00 - TUBOS PVC KRONA;2025-10-01;810130,71
NORDESTE;NORDESTE 2;00 - TUBOS PVC KRONA;2025-11-01;1361095,06
NORDESTE;NORDESTE 2;00 - TUBOS PVC KRONA;2025-12-01;694955,34
NORDESTE;NORDESTE 2;00 - TUBOS PVC KRONA;2026-01-01;559660,69
NORDESTE;NORDESTE 2;00 - TUBOS PVC KRONA;2026-02-01;877517,98
NORDESTE;NORDESTE 2;00 - TUBOS PVC KRONA;2026-03-01;1137179,65
NORDESTE;NORDESTE 2;00 - TUBOS PVC KRONA;2026-04-01;1298478,12
NORDESTE;NORDESTE 2;00 - TUBOS PVC KRONA;2026-05-01;226579,45
NORDESTE;NORDESTE 2;00 - TUBOS PVC KRONA;2026-06-01;1214035,27
NORDESTE;NORDESTE 2;00 - TUBOS PVC KRONA;2026-07-01;158019,33
NORDESTE;NORDESTE 2;00 - TUBOS PVC KRONA;2026-08-01;990869,98
NORDESTE;NORDESTE 2;01 - TUBOS ELETRODUTOS KRONA;2022-01-01;5881,45
NORDESTE;NORDESTE 2;01 - TUBOS ELETRODUTOS KRONA;2022-02-01;23519,31
NORDESTE;NORDESTE 2;01 - TUBOS ELETRODUTOS KRONA;2022-03-01;24813,23
NORDESTE;NORDESTE 2;01 - TUBOS ELETRODUTOS KRONA;2022-04-01;25346,97
NORDESTE;NORDESTE 2;01 - TUBOS ELETRODUTOS KRONA;2022-05-01;18521,10
NORDESTE;NORDESTE 2;01 - TUBOS ELETRODUTOS KRONA;2022-06-01;24548,74
NORDESTE;NORDESTE 2;01 - TUBOS ELETRODUTOS KRONA;2022-07-01;25222,90
NORDESTE;NORDESTE 2;01 - TUBOS ELETRODUTOS KRONA;2022-08-01;28595,37
NORDESTE;NORDESTE 2;01 - TUBOS ELETRODUTOS KRONA;2022-09-01;36953,78
NORDESTE;NORDESTE 2;01 - TUBOS ELETRODUTOS KRONA;2022-10-01;44767,15
NORDESTE;NORDESTE 2;01 - TUBOS ELETRODUTOS KRONA;2022-11-01;32306,50
NORDESTE;NORDESTE 2;01 - TUBOS ELETRODUTOS KRONA;2022-12-01;87096,29
NORDESTE;NORDESTE 2;01 - TUBOS ELETRODUTOS KRONA;2023-01-01;11118,69
NORDESTE;NORDESTE 2;01 - TUBOS ELETRODUTOS KRONA;2023-02-01;26269,37
NORDESTE;NORDESTE 2;01 - TUBOS ELETRODUTOS KRONA;2023-03-01;41666,43
NORDESTE;NORDESTE 2;01 - TUBOS ELETRODUTOS KRONA;2023-04-01;33182,14
NORDESTE;NORDESTE 2;01 - TUBOS ELETRODUTOS KRONA;2023-05-01;23973,67
NORDESTE;NORDESTE 2;01 - TUBOS ELETRODUTOS KRONA;2023-06-01;24143,62
NORDESTE;NORDESTE 2;01 - TUBOS ELETRODUTOS KRONA;2023-07-01;29260,58
NORDESTE;NORDESTE 2;01 - TUBOS ELETRODUTOS KRONA;2023-08-01;35034,51
NORDESTE;NORDESTE 2;01 - TUBOS ELETRODUTOS KRONA;2023-09-01;95014,27
NORDESTE;NORDESTE 2;01 - TUBOS ELETRODUTOS KRONA;2023-10-01;10128,62
NORDESTE;NORDESTE 2;01 - TUBOS ELETRODUTOS KRONA;2023-11-01;26692,76
NORDESTE;NORDESTE 2;01 - TUBOS ELETRODUTOS KRONA;2023-12-01;34898,37
NORDESTE;NORDESTE 2;01 - TUBOS ELETRODUTOS KRONA;2024-01-01;10185,40
NORDESTE;NORDESTE 2;01 - TUBOS ELETRODUTOS KRONA;2024-02-01;33461,22
NORDESTE;NORDESTE 2;01 - TUBOS ELETRODUTOS KRONA;2024-03-01;53177,68
NORDESTE;NORDESTE 2;01 - TUBOS ELETRODUTOS KRONA;2024-04-01;36474,08
NORDESTE;NORDESTE 2;01 - TUBOS ELETRODUTOS KRONA;2024-05-01;42260,68
NORDESTE;NORDESTE 2;01 - TUBOS ELETRODUTOS KRONA;2024-06-01;61715,11
NORDESTE;NORDESTE 2;01 - TUBOS ELETRODUTOS KRONA;2024-07-01;33667,93
NORDESTE;NORDESTE 2;01 - TUBOS ELETRODUTOS KRONA;2024-08-01;15911,15
NORDESTE;NORDESTE 2;01 - TUBOS ELETRODUTOS KRONA;2024-09-01;54673,78
NORDESTE;NORDESTE 2;01 - TUBOS ELETRODUTOS KRONA;2024-10-01;22420,90
NORDESTE;NORDESTE 2;01 - TUBOS ELETRODUTOS KRONA;2024-11-01;24763,92
NORDESTE;NORDESTE 2;01 - TUBOS ELETRODUTOS KRONA;2024-12-01;56924,93
NORDESTE;NORDESTE 2;01 - TUBOS ELETRODUTOS KRONA;2025-01-01;17587,90
NORDESTE;NORDESTE 2;01 - TUBOS ELETRODUTOS KRONA;2025-02-01;20291,18
NORDESTE;NORDESTE 2;01 - TUBOS ELETRODUTOS KRONA;2025-03-01;26874,54
NORDESTE;NORDESTE 2;01 - TUBOS ELETRODUTOS KRONA;2025-04-01;38353,03
NORDESTE;NORDESTE 2;01 - TUBOS ELETRODUTOS KRONA;2025-05-01;59633,19
NORDESTE;NORDESTE 2;01 - TUBOS ELETRODUTOS KRONA;2025-06-01;84746,43
NORDESTE;NORDESTE 2;01 - TUBOS ELETRODUTOS KRONA;2025-07-01;32844,52
NORDESTE;NORDESTE 2;01 - TUBOS ELETRODUTOS KRONA;2025-08-01;74793,17
NORDESTE;NORDESTE 2;01 - TUBOS ELETRODUTOS KRONA;2025-09-01;29760,22
NORDESTE;NORDESTE 2;01 - TUBOS ELETRODUTOS KRONA;2025-10-01;46888,77
NORDESTE;NORDESTE 2;01 - TUBOS ELETRODUTOS KRONA;2025-11-01;41502,18
NORDESTE;NORDESTE 2;01 - TUBOS ELETRODUTOS KRONA;2025-12-01;58800,19
NORDESTE;NORDESTE 2;01 - TUBOS ELETRODUTOS KRONA;2026-01-01;19048,78
NORDESTE;NORDESTE 2;01 - TUBOS ELETRODUTOS KRONA;2026-02-01;29152,12
NORDESTE;NORDESTE 2;01 - TUBOS ELETRODUTOS KRONA;2026-03-01;59215,76
NORDESTE;NORDESTE 2;01 - TUBOS ELETRODUTOS KRONA;2026-04-01;58147,54
NORDESTE;NORDESTE 2;01 - TUBOS ELETRODUTOS KRONA;2026-05-01;29777,23
NORDESTE;NORDESTE 2;01 - TUBOS ELETRODUTOS KRONA;2026-06-01;43219,42
NORDESTE;NORDESTE 2;01 - TUBOS ELETRODUTOS KRONA;2026-07-01;14673,08
NORDESTE;NORDESTE 2;01 - TUBOS ELETRODUTOS KRONA;2026-08-01;37379,75
NORDESTE;NORDESTE 2;02 - CONEXOES KRONA;2022-01-01;43443,36
NORDESTE;NORDESTE 2;02 - CONEXOES KRONA;2022-02-01;127628,36
NORDESTE;NORDESTE 2;02 - CONEXOES KRONA;2022-03-01;99845,98
NORDESTE;NORDESTE 2;02 - CONEXOES KRONA;2022-04-01;203535,37
NORDESTE;NORDESTE 2;02 - CONEXOES KRONA;2022-05-01;121340,20
NORDESTE;NORDESTE 2;02 - CONEXOES KRONA;2022-06-01;191331,72
NORDESTE;NORDESTE 2;02 - CONEXOES KRONA;2022-07-01;116681,95
NORDESTE;NORDESTE 2;02 - CONEXOES KRONA;2022-08-01;140835,61
NORDESTE;NORDESTE 2;02 - CONEXOES KRONA;2022-09-01;166684,38
NORDESTE;NORDESTE 2;02 - CONEXOES KRONA;2022-10-01;214156,02
NORDESTE;NORDESTE 2;02 - CONEXOES KRONA;2022-11-01;188313,52
NORDESTE;NORDESTE 2;02 - CONEXOES KRONA;2022-12-01;340289,53
NORDESTE;NORDESTE 2;02 - CONEXOES KRONA;2023-01-01;79526,52
NORDESTE;NORDESTE 2;02 - CONEXOES KRONA;2023-02-01;130849,36
NORDESTE;NORDESTE 2;02 - CONEXOES KRONA;2023-03-01;166099,67
NORDESTE;NORDESTE 2;02 - CONEXOES KRONA;2023-04-01;227390,72
NORDESTE;NORDESTE 2;02 - CONEXOES KRONA;2023-05-01;92199,58
NORDESTE;NORDESTE 2;02 - CONEXOES KRONA;2023-06-01;170945,63
NORDESTE;NORDESTE 2;02 - CONEXOES KRONA;2023-07-01;162292,46
NORDESTE;NORDESTE 2;02 - CONEXOES KRONA;2023-08-01;233025,84
NORDESTE;NORDESTE 2;02 - CONEXOES KRONA;2023-09-01;307894,44
NORDESTE;NORDESTE 2;02 - CONEXOES KRONA;2023-10-01;42557,46
NORDESTE;NORDESTE 2;02 - CONEXOES KRONA;2023-11-01;153069,84
NORDESTE;NORDESTE 2;02 - CONEXOES KRONA;2023-12-01;210394,37
NORDESTE;NORDESTE 2;02 - CONEXOES KRONA;2024-01-01;30318,78
NORDESTE;NORDESTE 2;02 - CONEXOES KRONA;2024-02-01;179699,54
NORDESTE;NORDESTE 2;02 - CONEXOES KRONA;2024-03-01;144280,17
NORDESTE;NORDESTE 2;02 - CONEXOES KRONA;2024-04-01;193415,64
NORDESTE;NORDESTE 2;02 - CONEXOES KRONA;2024-05-01;182255,98
NORDESTE;NORDESTE 2;02 - CONEXOES KRONA;2024-06-01;280540,34
NORDESTE;NORDESTE 2;02 - CONEXOES KRONA;2024-07-01;167990,91
NORDESTE;NORDESTE 2;02 - CONEXOES KRONA;2024-08-01;78513,17
NORDESTE;NORDESTE 2;02 - CONEXOES KRONA;2024-09-01;185284,58
NORDESTE;NORDESTE 2;02 - CONEXOES KRONA;2024-10-01;124544,28
NORDESTE;NORDESTE 2;02 - CONEXOES KRONA;2024-11-01;119594,31
NORDESTE;NORDESTE 2;02 - CONEXOES KRONA;2024-12-01;219244,29
NORDESTE;NORDESTE 2;02 - CONEXOES KRONA;2025-01-01;108006,89
NORDESTE;NORDESTE 2;02 - CONEXOES KRONA;2025-02-01;110859,93
NORDESTE;NORDESTE 2;02 - CONEXOES KRONA;2025-03-01;141951,11
NORDESTE;NORDESTE 2;02 - CONEXOES KRONA;2025-04-01;104035,49
NORDESTE;NORDESTE 2;02 - CONEXOES KRONA;2025-05-01;174432,59
NORDESTE;NORDESTE 2;02 - CONEXOES KRONA;2025-06-01;255597,61
NORDESTE;NORDESTE 2;02 - CONEXOES KRONA;2025-07-01;170941,15
NORDESTE;NORDESTE 2;02 - CONEXOES KRONA;2025-08-01;214626,51
NORDESTE;NORDESTE 2;02 - CONEXOES KRONA;2025-09-01;136491,50
NORDESTE;NORDESTE 2;02 - CONEXOES KRONA;2025-10-01;191224,74
NORDESTE;NORDESTE 2;02 - CONEXOES KRONA;2025-11-01;213796,23
NORDESTE;NORDESTE 2;02 - CONEXOES KRONA;2025-12-01;167273,58
NORDESTE;NORDESTE 2;02 - CONEXOES KRONA;2026-01-01;152628,45
NORDESTE;NORDESTE 2;02 - CONEXOES KRONA;2026-02-01;174476,89
NORDESTE;NORDESTE 2;02 - CONEXOES KRONA;2026-03-01;211284,84
NORDESTE;NORDESTE 2;02 - CONEXOES KRONA;2026-04-01;279312,13
NORDESTE;NORDESTE 2;02 - CONEXOES KRONA;2026-05-01;55390,46
NORDESTE;NORDESTE 2;02 - CONEXOES KRONA;2026-06-01;216542,26
NORDESTE;NORDESTE 2;02 - CONEXOES KRONA;2026-07-01;42581,54
NORDESTE;NORDESTE 2;02 - CONEXOES KRONA;2026-08-01;196995,09
NORDESTE;NORDESTE 2;03 - ACESSORIOS KRONA;2022-01-01;9359,82
NORDESTE;NORDESTE 2;03 - ACESSORIOS KRONA;2022-02-01;20682,50
NORDESTE;NORDESTE 2;03 - ACESSORIOS KRONA;2022-03-01;15778,79
NORDESTE;NORDESTE 2;03 - ACESSORIOS KRONA;2022-04-01;30077,80
NORDESTE;NORDESTE 2;03 - ACESSORIOS KRONA;2022-05-01;16473,04
NORDESTE;NORDESTE 2;03 - ACESSORIOS KRONA;2022-06-01;30876,28
NORDESTE;NORDESTE 2;03 - ACESSORIOS KRONA;2022-07-01;23740,49
NORDESTE;NORDESTE 2;03 - ACESSORIOS KRONA;2022-08-01;26295,57
NORDESTE;NORDESTE 2;03 - ACESSORIOS KRONA;2022-09-01;28335,06
NORDESTE;NORDESTE 2;03 - ACESSORIOS KRONA;2022-10-01;30357,63
NORDESTE;NORDESTE 2;03 - ACESSORIOS KRONA;2022-11-01;35066,64
NORDESTE;NORDESTE 2;03 - ACESSORIOS KRONA;2022-12-01;38740,04
NORDESTE;NORDESTE 2;03 - ACESSORIOS KRONA;2023-01-01;11090,68
NORDESTE;NORDESTE 2;03 - ACESSORIOS KRONA;2023-02-01;19415,72
NORDESTE;NORDESTE 2;03 - ACESSORIOS KRONA;2023-03-01;36858,10
NORDESTE;NORDESTE 2;03 - ACESSORIOS KRONA;2023-04-01;31357,85
NORDESTE;NORDESTE 2;03 - ACESSORIOS KRONA;2023-05-01;13179,01
NORDESTE;NORDESTE 2;03 - ACESSORIOS KRONA;2023-06-01;20344,71
NORDESTE;NORDESTE 2;03 - ACESSORIOS KRONA;2023-07-01;23766,98
NORDESTE;NORDESTE 2;03 - ACESSORIOS KRONA;2023-08-01;31195,40
NORDESTE;NORDESTE 2;03 - ACESSORIOS KRONA;2023-09-01;37074,31
NORDESTE;NORDESTE 2;03 - ACESSORIOS KRONA;2023-10-01;6862,99
NORDESTE;NORDESTE 2;03 - ACESSORIOS KRONA;2023-11-01;21243,34
NORDESTE;NORDESTE 2;03 - ACESSORIOS KRONA;2023-12-01;28786,06
NORDESTE;NORDESTE 2;03 - ACESSORIOS KRONA;2024-01-01;4012,37
NORDESTE;NORDESTE 2;03 - ACESSORIOS KRONA;2024-02-01;20153,73
NORDESTE;NORDESTE 2;03 - ACESSORIOS KRONA;2024-03-01;19563,48
NORDESTE;NORDESTE 2;03 - ACESSORIOS KRONA;2024-04-01;35069,89
NORDESTE;NORDESTE 2;03 - ACESSORIOS KRONA;2024-05-01;18848,87
NORDESTE;NORDESTE 2;03 - ACESSORIOS KRONA;2024-06-01;35525,78
NORDESTE;NORDESTE 2;03 - ACESSORIOS KRONA;2024-07-01;24439,43
NORDESTE;NORDESTE 2;03 - ACESSORIOS KRONA;2024-08-01;10618,58
NORDESTE;NORDESTE 2;03 - ACESSORIOS KRONA;2024-09-01;34121,18
NORDESTE;NORDESTE 2;03 - ACESSORIOS KRONA;2024-10-01;20163,12
NORDESTE;NORDESTE 2;03 - ACESSORIOS KRONA;2024-11-01;22117,33
NORDESTE;NORDESTE 2;03 - ACESSORIOS KRONA;2024-12-01;34895,21
NORDESTE;NORDESTE 2;03 - ACESSORIOS KRONA;2025-01-01;18432,94
NORDESTE;NORDESTE 2;03 - ACESSORIOS KRONA;2025-02-01;16814,08
NORDESTE;NORDESTE 2;03 - ACESSORIOS KRONA;2025-03-01;15473,64
NORDESTE;NORDESTE 2;03 - ACESSORIOS KRONA;2025-04-01;16820,54
NORDESTE;NORDESTE 2;03 - ACESSORIOS KRONA;2025-05-01;27468,56
NORDESTE;NORDESTE 2;03 - ACESSORIOS KRONA;2025-06-01;44070,38
NORDESTE;NORDESTE 2;03 - ACESSORIOS KRONA;2025-07-01;31252,48
NORDESTE;NORDESTE 2;03 - ACESSORIOS KRONA;2025-08-01;24409,25
NORDESTE;NORDESTE 2;03 - ACESSORIOS KRONA;2025-09-01;17919,77
NORDESTE;NORDESTE 2;03 - ACESSORIOS KRONA;2025-10-01;23871,15
NORDESTE;NORDESTE 2;03 - ACESSORIOS KRONA;2025-11-01;20406,65
NORDESTE;NORDESTE 2;03 - ACESSORIOS KRONA;2025-12-01;20415,74
NORDESTE;NORDESTE 2;03 - ACESSORIOS KRONA;2026-01-01;29332,37
NORDESTE;NORDESTE 2;03 - ACESSORIOS KRONA;2026-02-01;28602,95
NORDESTE;NORDESTE 2;03 - ACESSORIOS KRONA;2026-03-01;36072,55
NORDESTE;NORDESTE 2;03 - ACESSORIOS KRONA;2026-04-01;39670,95
NORDESTE;NORDESTE 2;03 - ACESSORIOS KRONA;2026-05-01;8851,01
NORDESTE;NORDESTE 2;03 - ACESSORIOS KRONA;2026-06-01;37933,69
NORDESTE;NORDESTE 2;03 - ACESSORIOS KRONA;2026-07-01;13420,90
NORDESTE;NORDESTE 2;03 - ACESSORIOS KRONA;2026-08-01;42937,24
NORDESTE;NORDESTE 2;04 - PRODUTOS REVENDA;2022-01-01;866,85
NORDESTE;NORDESTE 2;04 - PRODUTOS REVENDA;2022-02-01;1686,38
NORDESTE;NORDESTE 2;04 - PRODUTOS REVENDA;2022-03-01;2166,33
NORDESTE;NORDESTE 2;04 - PRODUTOS REVENDA;2022-04-01;2550,02
NORDESTE;NORDESTE 2;04 - PRODUTOS REVENDA;2022-05-01;3293,97
NORDESTE;NORDESTE 2;04 - PRODUTOS REVENDA;2022-06-01;3064,53
NORDESTE;NORDESTE 2;04 - PRODUTOS REVENDA;2022-07-01;1735,64
NORDESTE;NORDESTE 2;04 - PRODUTOS REVENDA;2022-08-01;3112,86
NORDESTE;NORDESTE 2;04 - PRODUTOS REVENDA;2022-09-01;2892,32
NORDESTE;NORDESTE 2;04 - PRODUTOS REVENDA;2022-10-01;3493,68
NORDESTE;NORDESTE 2;04 - PRODUTOS REVENDA;2022-11-01;3652,92
NORDESTE;NORDESTE 2;04 - PRODUTOS REVENDA;2022-12-01;3928,74
NORDESTE;NORDESTE 2;04 - PRODUTOS REVENDA;2023-01-01;2352,56
NORDESTE;NORDESTE 2;04 - PRODUTOS REVENDA;2023-02-01;3233,74
NORDESTE;NORDESTE 2;04 - PRODUTOS REVENDA;2023-03-01;4039,77
NORDESTE;NORDESTE 2;04 - PRODUTOS REVENDA;2023-04-01;2705,38
NORDESTE;NORDESTE 2;04 - PRODUTOS REVENDA;2023-05-01;2033,71
NORDESTE;NORDESTE 2;04 - PRODUTOS REVENDA;2023-06-01;3238,29
NORDESTE;NORDESTE 2;04 - PRODUTOS REVENDA;2023-07-01;2734,75
NORDESTE;NORDESTE 2;04 - PRODUTOS REVENDA;2023-08-01;3876,79
NORDESTE;NORDESTE 2;04 - PRODUTOS REVENDA;2023-09-01;3383,39
NORDESTE;NORDESTE 2;04 - PRODUTOS REVENDA;2023-10-01;2389,51
NORDESTE;NORDESTE 2;04 - PRODUTOS REVENDA;2023-11-01;3200,64
NORDESTE;NORDESTE 2;04 - PRODUTOS REVENDA;2023-12-01;3687,08
NORDESTE;NORDESTE 2;04 - PRODUTOS REVENDA;2024-01-01;1189,98
NORDESTE;NORDESTE 2;04 - PRODUTOS REVENDA;2024-02-01;2271,83
NORDESTE;NORDESTE 2;04 - PRODUTOS REVENDA;2024-03-01;2701,02
NORDESTE;NORDESTE 2;04 - PRODUTOS REVENDA;2024-04-01;2220,77
NORDESTE;NORDESTE 2;04 - PRODUTOS REVENDA;2024-05-01;1929,46
NORDESTE;NORDESTE 2;04 - PRODUTOS REVENDA;2024-06-01;3502,66
NORDESTE;NORDESTE 2;04 - PRODUTOS REVENDA;2024-07-01;1554,73
NORDESTE;NORDESTE 2;04 - PRODUTOS REVENDA;2024-08-01;981,87
NORDESTE;NORDESTE 2;04 - PRODUTOS REVENDA;2024-09-01;2930,86
NORDESTE;NORDESTE 2;04 - PRODUTOS REVENDA;2024-10-01;1599,87
NORDESTE;NORDESTE 2;04 - PRODUTOS REVENDA;2024-11-01;1792,19
NORDESTE;NORDESTE 2;04 - PRODUTOS REVENDA;2024-12-01;2221,90
NORDESTE;NORDESTE 2;04 - PRODUTOS REVENDA;2025-01-01;1906,28
NORDESTE;NORDESTE 2;04 - PRODUTOS REVENDA;2025-02-01;1734,38
NORDESTE;NORDESTE 2;04 - PRODUTOS REVENDA;2025-03-01;1829,72
NORDESTE;NORDESTE 2;04 - PRODUTOS REVENDA;2025-04-01;1656,44
NORDESTE;NORDESTE 2;04 - PRODUTOS REVENDA;2025-05-01;2022,49
NORDESTE;NORDESTE 2;04 - PRODUTOS REVENDA;2025-06-01;3669,65
NORDESTE;NORDESTE 2;04 - PRODUTOS REVENDA;2025-07-01;3307,40
NORDESTE;NORDESTE 2;04 - PRODUTOS REVENDA;2025-08-01;2707,10
NORDESTE;NORDESTE 2;04 - PRODUTOS REVENDA;2025-09-01;2662,98
NORDESTE;NORDESTE 2;04 - PRODUTOS REVENDA;2025-10-01;3055,65
NORDESTE;NORDESTE 2;04 - PRODUTOS REVENDA;2025-11-01;2910,55
NORDESTE;NORDESTE 2;04 - PRODUTOS REVENDA;2025-12-01;2163,69
NORDESTE;NORDESTE 2;04 - PRODUTOS REVENDA;2026-01-01;2685,91
NORDESTE;NORDESTE 2;04 - PRODUTOS REVENDA;2026-02-01;3231,00
NORDESTE;NORDESTE 2;04 - PRODUTOS REVENDA;2026-03-01;3240,59
NORDESTE;NORDESTE 2;04 - PRODUTOS REVENDA;2026-04-01;3512,52
NORDESTE;NORDESTE 2;04 - PRODUTOS REVENDA;2026-05-01;1264,63
NORDESTE;NORDESTE 2;04 - PRODUTOS REVENDA;2026-06-01;3411,14
NORDESTE;NORDESTE 2;04 - PRODUTOS REVENDA;2026-07-01;1864,79
NORDESTE;NORDESTE 2;04 - PRODUTOS REVENDA;2026-08-01;3047,84
NORDESTE;NORDESTE 2;29 - PPR;2022-03-01;5,13
NORDESTE;NORDESTE 2;29 - PPR;2022-06-01;3,96
NORDESTE;NORDESTE 2;29 - PPR;2022-07-01;1,29
NORDESTE;NORDESTE 2;29 - PPR;2022-08-01;0,37
NORDESTE;NORDESTE 2;29 - PPR;2022-10-01;22,55
NORDESTE;NORDESTE 2;29 - PPR;2022-11-01;41,42
NORDESTE;NORDESTE 2;29 - PPR;2022-12-01;1974,75
NORDESTE;NORDESTE 2;29 - PPR;2023-02-01;4,82
NORDESTE;NORDESTE 2;29 - PPR;2023-04-01;0,37
NORDESTE;NORDESTE 2;29 - PPR;2023-05-01;4,21
NORDESTE;NORDESTE 2;29 - PPR;2023-06-01;3,10
NORDESTE;NORDESTE 2;29 - PPR;2023-07-01;9,31
NORDESTE;NORDESTE 2;29 - PPR;2023-08-01;8,48
NORDESTE;NORDESTE 2;29 - PPR;2023-10-01;6,02
NORDESTE;NORDESTE 2;29 - PPR;2023-11-01;2,43
NORDESTE;NORDESTE 2;29 - PPR;2023-12-01;0,37
NORDESTE;NORDESTE 2;29 - PPR;2024-02-01;41,43
NORDESTE;NORDESTE 2;29 - PPR;2024-05-01;256,26
NORDESTE;NORDESTE 2;29 - PPR;2024-10-01;138,79
NORDESTE;NORDESTE 2;29 - PPR;2025-06-01;33,78
NORDESTE;NORDESTE 2;29 - PPR;2025-10-01;4,96
NORDESTE;NORDESTE 2;29 - PPR;2025-11-01;12,45
NORDESTE;NORDESTE 2;29 - PPR;2025-12-01;0,21
NORDESTE;NORDESTE 2;29 - PPR;2026-01-01;0,37
NORDESTE;NORDESTE 2;29 - PPR;2026-03-01;52,92
NORDESTE;NORDESTE 2;29 - PPR;2026-04-01;51,21
NORDESTE;NORDESTE 2;29 - PPR;2026-06-01;1,10
NORDESTE;NORDESTE 2;30 - ELETRODUTOS CORRUGADOS KRONA;2022-01-01;2281,99
NORDESTE;NORDESTE 2;30 - ELETRODUTOS CORRUGADOS KRONA;2022-02-01;29209,15
NORDESTE;NORDESTE 2;30 - ELETRODUTOS CORRUGADOS KRONA;2022-03-01;27255,74
NORDESTE;NORDESTE 2;30 - ELETRODUTOS CORRUGADOS KRONA;2022-04-01;55063,58
NORDESTE;NORDESTE 2;30 - ELETRODUTOS CORRUGADOS KRONA;2022-05-01;11636,72
NORDESTE;NORDESTE 2;30 - ELETRODUTOS CORRUGADOS KRONA;2022-06-01;28711,38
NORDESTE;NORDESTE 2;30 - ELETRODUTOS CORRUGADOS KRONA;2022-07-01;30207,09
NORDESTE;NORDESTE 2;30 - ELETRODUTOS CORRUGADOS KRONA;2022-08-01;17397,69
NORDESTE;NORDESTE 2;30 - ELETRODUTOS CORRUGADOS KRONA;2022-09-01;34509,12
NORDESTE;NORDESTE 2;30 - ELETRODUTOS CORRUGADOS KRONA;2022-10-01;37874,86
NORDESTE;NORDESTE 2;30 - ELETRODUTOS CORRUGADOS KRONA;2022-11-01;26891,35
NORDESTE;NORDESTE 2;30 - ELETRODUTOS CORRUGADOS KRONA;2022-12-01;73186,82
NORDESTE;NORDESTE 2;30 - ELETRODUTOS CORRUGADOS KRONA;2023-01-01;4281,86
NORDESTE;NORDESTE 2;30 - ELETRODUTOS CORRUGADOS KRONA;2023-02-01;12159,66
NORDESTE;NORDESTE 2;30 - ELETRODUTOS CORRUGADOS KRONA;2023-03-01;30492,74
NORDESTE;NORDESTE 2;30 - ELETRODUTOS CORRUGADOS KRONA;2023-04-01;41006,17
NORDESTE;NORDESTE 2;30 - ELETRODUTOS CORRUGADOS KRONA;2023-05-01;11295,86
NORDESTE;NORDESTE 2;30 - ELETRODUTOS CORRUGADOS KRONA;2023-06-01;56161,83
NORDESTE;NORDESTE 2;30 - ELETRODUTOS CORRUGADOS KRONA;2023-07-01;42828,61
NORDESTE;NORDESTE 2;30 - ELETRODUTOS CORRUGADOS KRONA;2023-08-01;34694,11
NORDESTE;NORDESTE 2;30 - ELETRODUTOS CORRUGADOS KRONA;2023-09-01;57665,05
NORDESTE;NORDESTE 2;30 - ELETRODUTOS CORRUGADOS KRONA;2023-10-01;11520,27
NORDESTE;NORDESTE 2;30 - ELETRODUTOS CORRUGADOS KRONA;2023-11-01;48113,25
NORDESTE;NORDESTE 2;30 - ELETRODUTOS CORRUGADOS KRONA;2023-12-01;30920,13
NORDESTE;NORDESTE 2;30 - ELETRODUTOS CORRUGADOS KRONA;2024-01-01;3360,28
NORDESTE;NORDESTE 2;30 - ELETRODUTOS CORRUGADOS KRONA;2024-02-01;21865,26
NORDESTE;NORDESTE 2;30 - ELETRODUTOS CORRUGADOS KRONA;2024-03-01;23530,82
NORDESTE;NORDESTE 2;30 - ELETRODUTOS CORRUGADOS KRONA;2024-04-01;44759,00
NORDESTE;NORDESTE 2;30 - ELETRODUTOS CORRUGADOS KRONA;2024-05-01;39479,53
NORDESTE;NORDESTE 2;30 - ELETRODUTOS CORRUGADOS KRONA;2024-06-01;36462,54
NORDESTE;NORDESTE 2;30 - ELETRODUTOS CORRUGADOS KRONA;2024-07-01;24881,48
NORDESTE;NORDESTE 2;30 - ELETRODUTOS CORRUGADOS KRONA;2024-08-01;7275,40
NORDESTE;NORDESTE 2;30 - ELETRODUTOS CORRUGADOS KRONA;2024-09-01;37086,08
NORDESTE;NORDESTE 2;30 - ELETRODUTOS CORRUGADOS KRONA;2024-10-01;18414,90
NORDESTE;NORDESTE 2;30 - ELETRODUTOS CORRUGADOS KRONA;2024-11-01;15305,49
NORDESTE;NORDESTE 2;30 - ELETRODUTOS CORRUGADOS KRONA;2024-12-01;55269,88
NORDESTE;NORDESTE 2;30 - ELETRODUTOS CORRUGADOS KRONA;2025-01-01;23022,19
NORDESTE;NORDESTE 2;30 - ELETRODUTOS CORRUGADOS KRONA;2025-02-01;24052,07
NORDESTE;NORDESTE 2;30 - ELETRODUTOS CORRUGADOS KRONA;2025-03-01;17126,56
NORDESTE;NORDESTE 2;30 - ELETRODUTOS CORRUGADOS KRONA;2025-04-01;42563,95
NORDESTE;NORDESTE 2;30 - ELETRODUTOS CORRUGADOS KRONA;2025-05-01;56745,00
NORDESTE;NORDESTE 2;30 - ELETRODUTOS CORRUGADOS KRONA;2025-06-01;71737,75
NORDESTE;NORDESTE 2;30 - ELETRODUTOS CORRUGADOS KRONA;2025-07-01;40604,30
NORDESTE;NORDESTE 2;30 - ELETRODUTOS CORRUGADOS KRONA;2025-08-01;58931,70
NORDESTE;NORDESTE 2;30 - ELETRODUTOS CORRUGADOS KRONA;2025-09-01;22523,50
NORDESTE;NORDESTE 2;30 - ELETRODUTOS CORRUGADOS KRONA;2025-10-01;40127,32
NORDESTE;NORDESTE 2;30 - ELETRODUTOS CORRUGADOS KRONA;2025-11-01;19972,11
NORDESTE;NORDESTE 2;30 - ELETRODUTOS CORRUGADOS KRONA;2025-12-01;48830,11
NORDESTE;NORDESTE 2;30 - ELETRODUTOS CORRUGADOS KRONA;2026-01-01;55569,36
NORDESTE;NORDESTE 2;30 - ELETRODUTOS CORRUGADOS KRONA;2026-02-01;29656,49
NORDESTE;NORDESTE 2;30 - ELETRODUTOS CORRUGADOS KRONA;2026-03-01;62051,18
NORDESTE;NORDESTE 2;30 - ELETRODUTOS CORRUGADOS KRONA;2026-04-01;56477,66
NORDESTE;NORDESTE 2;30 - ELETRODUTOS CORRUGADOS KRONA;2026-05-01;23780,49
NORDESTE;NORDESTE 2;30 - ELETRODUTOS CORRUGADOS KRONA;2026-06-01;30770,93
NORDESTE;NORDESTE 2;30 - ELETRODUTOS CORRUGADOS KRONA;2026-07-01;12362,00
NORDESTE;NORDESTE 2;30 - ELETRODUTOS CORRUGADOS KRONA;2026-08-01;68656,19
NORDESTE;NORDESTE 2;31 - CPVC ULTRATERM;2022-01-01;121,64
NORDESTE;NORDESTE 2;31 - CPVC ULTRATERM;2022-02-01;256,77
NORDESTE;NORDESTE 2;31 - CPVC ULTRATERM;2022-03-01;307,58
NORDESTE;NORDESTE 2;31 - CPVC ULTRATERM;2022-04-01;295,23
NORDESTE;NORDESTE 2;31 - CPVC ULTRATERM;2022-05-01;231,72
NORDESTE;NORDESTE 2;31 - CPVC ULTRATERM;2022-06-01;955,42
NORDESTE;NORDESTE 2;31 - CPVC ULTRATERM;2022-07-01;56,52
NORDESTE;NORDESTE 2;31 - CPVC ULTRATERM;2022-08-01;820,18
NORDESTE;NORDESTE 2;31 - CPVC ULTRATERM;2022-09-01;968,44
NORDESTE;NORDESTE 2;31 - CPVC ULTRATERM;2022-10-01;237,28
NORDESTE;NORDESTE 2;31 - CPVC ULTRATERM;2022-11-01;396,87
NORDESTE;NORDESTE 2;31 - CPVC ULTRATERM;2022-12-01;335,78
NORDESTE;NORDESTE 2;31 - CPVC ULTRATERM;2023-01-01;378,78
NORDESTE;NORDESTE 2;31 - CPVC ULTRATERM;2023-02-01;430,77
NORDESTE;NORDESTE 2;31 - CPVC ULTRATERM;2023-03-01;578,10
NORDESTE;NORDESTE 2;31 - CPVC ULTRATERM;2023-04-01;114,36
NORDESTE;NORDESTE 2;31 - CPVC ULTRATERM;2023-05-01;675,59
NORDESTE;NORDESTE 2;31 - CPVC ULTRATERM;2023-06-01;467,04
NORDESTE;NORDESTE 2;31 - CPVC ULTRATERM;2023-07-01;443,49
NORDESTE;NORDESTE 2;31 - CPVC ULTRATERM;2023-08-01;1157,44
NORDESTE;NORDESTE 2;31 - CPVC ULTRATERM;2023-09-01;331,40
NORDESTE;NORDESTE 2;31 - CPVC ULTRATERM;2023-10-01;194,43
NORDESTE;NORDESTE 2;31 - CPVC ULTRATERM;2023-11-01;622,52
NORDESTE;NORDESTE 2;31 - CPVC ULTRATERM;2023-12-01;366,94
NORDESTE;NORDESTE 2;31 - CPVC ULTRATERM;2024-01-01;193,81
NORDESTE;NORDESTE 2;31 - CPVC ULTRATERM;2024-02-01;321,92
NORDESTE;NORDESTE 2;31 - CPVC ULTRATERM;2024-03-01;197,16
NORDESTE;NORDESTE 2;31 - CPVC ULTRATERM;2024-04-01;247,87
NORDESTE;NORDESTE 2;31 - CPVC ULTRATERM;2024-05-01;195,56
NORDESTE;NORDESTE 2;31 - CPVC ULTRATERM;2024-06-01;401,99
NORDESTE;NORDESTE 2;31 - CPVC ULTRATERM;2024-07-01;211,33
NORDESTE;NORDESTE 2;31 - CPVC ULTRATERM;2024-08-01;266,26
NORDESTE;NORDESTE 2;31 - CPVC ULTRATERM;2024-09-01;280,84
NORDESTE;NORDESTE 2;31 - CPVC ULTRATERM;2024-10-01;354,88
NORDESTE;NORDESTE 2;31 - CPVC ULTRATERM;2024-11-01;233,03
NORDESTE;NORDESTE 2;31 - CPVC ULTRATERM;2024-12-01;618,12
NORDESTE;NORDESTE 2;31 - CPVC ULTRATERM;2025-01-01;530,70
NORDESTE;NORDESTE 2;31 - CPVC ULTRATERM;2025-02-01;248,08
NORDESTE;NORDESTE 2;31 - CPVC ULTRATERM;2025-03-01;291,11
NORDESTE;NORDESTE 2;31 - CPVC ULTRATERM;2025-04-01;298,88
NORDESTE;NORDESTE 2;31 - CPVC ULTRATERM;2025-05-01;286,72
NORDESTE;NORDESTE 2;31 - CPVC ULTRATERM;2025-06-01;732,72
NORDESTE;NORDESTE 2;31 - CPVC ULTRATERM;2025-07-01;491,09
NORDESTE;NORDESTE 2;31 - CPVC ULTRATERM;2025-08-01;141,71
NORDESTE;NORDESTE 2;31 - CPVC ULTRATERM;2025-09-01;598,52
NORDESTE;NORDESTE 2;31 - CPVC ULTRATERM;2025-10-01;1082,51
NORDESTE;NORDESTE 2;31 - CPVC ULTRATERM;2025-11-01;583,28
NORDESTE;NORDESTE 2;31 - CPVC ULTRATERM;2025-12-01;407,93
NORDESTE;NORDESTE 2;31 - CPVC ULTRATERM;2026-01-01;361,51
NORDESTE;NORDESTE 2;31 - CPVC ULTRATERM;2026-02-01;219,90
NORDESTE;NORDESTE 2;31 - CPVC ULTRATERM;2026-03-01;411,12
NORDESTE;NORDESTE 2;31 - CPVC ULTRATERM;2026-04-01;644,01
NORDESTE;NORDESTE 2;31 - CPVC ULTRATERM;2026-05-01;119,86
NORDESTE;NORDESTE 2;31 - CPVC ULTRATERM;2026-06-01;1454,86
NORDESTE;NORDESTE 2;31 - CPVC ULTRATERM;2026-07-01;514,72
NORDESTE;NORDESTE 2;31 - CPVC ULTRATERM;2026-08-01;723,77
NORDESTE;NORDESTE 3;00 - TUBOS PVC KRONA;2022-01-01;214577,37
NORDESTE;NORDESTE 3;00 - TUBOS PVC KRONA;2022-02-01;549317,04
NORDESTE;NORDESTE 3;00 - TUBOS PVC KRONA;2022-03-01;669202,97
NORDESTE;NORDESTE 3;00 - TUBOS PVC KRONA;2022-04-01;503017,36
NORDESTE;NORDESTE 3;00 - TUBOS PVC KRONA;2022-05-01;839923,52
NORDESTE;NORDESTE 3;00 - TUBOS PVC KRONA;2022-06-01;758699,03
NORDESTE;NORDESTE 3;00 - TUBOS PVC KRONA;2022-07-01;538480,04
NORDESTE;NORDESTE 3;00 - TUBOS PVC KRONA;2022-08-01;925911,07
NORDESTE;NORDESTE 3;00 - TUBOS PVC KRONA;2022-09-01;700307,97
NORDESTE;NORDESTE 3;00 - TUBOS PVC KRONA;2022-10-01;840282,27
NORDESTE;NORDESTE 3;00 - TUBOS PVC KRONA;2022-11-01;1135015,98
NORDESTE;NORDESTE 3;00 - TUBOS PVC KRONA;2022-12-01;1267147,84
NORDESTE;NORDESTE 3;00 - TUBOS PVC KRONA;2023-01-01;335957,91
NORDESTE;NORDESTE 3;00 - TUBOS PVC KRONA;2023-02-01;589548,53
NORDESTE;NORDESTE 3;00 - TUBOS PVC KRONA;2023-03-01;907179,11
NORDESTE;NORDESTE 3;00 - TUBOS PVC KRONA;2023-04-01;805004,69
NORDESTE;NORDESTE 3;00 - TUBOS PVC KRONA;2023-05-01;336001,79
NORDESTE;NORDESTE 3;00 - TUBOS PVC KRONA;2023-06-01;1018024,29
NORDESTE;NORDESTE 3;00 - TUBOS PVC KRONA;2023-07-01;981469,65
NORDESTE;NORDESTE 3;00 - TUBOS PVC KRONA;2023-08-01;928582,44
NORDESTE;NORDESTE 3;00 - TUBOS PVC KRONA;2023-09-01;1427358,46
NORDESTE;NORDESTE 3;00 - TUBOS PVC KRONA;2023-10-01;681409,94
NORDESTE;NORDESTE 3;00 - TUBOS PVC KRONA;2023-11-01;1044679,00
NORDESTE;NORDESTE 3;00 - TUBOS PVC KRONA;2023-12-01;1193926,04
NORDESTE;NORDESTE 3;00 - TUBOS PVC KRONA;2024-01-01;457506,14
NORDESTE;NORDESTE 3;00 - TUBOS PVC KRONA;2024-02-01;605008,65
NORDESTE;NORDESTE 3;00 - TUBOS PVC KRONA;2024-03-01;1093501,00
NORDESTE;NORDESTE 3;00 - TUBOS PVC KRONA;2024-04-01;596516,80
NORDESTE;NORDESTE 3;00 - TUBOS PVC KRONA;2024-05-01;1270594,72
NORDESTE;NORDESTE 3;00 - TUBOS PVC KRONA;2024-06-01;1402057,96
NORDESTE;NORDESTE 3;00 - TUBOS PVC KRONA;2024-07-01;919032,49
NORDESTE;NORDESTE 3;00 - TUBOS PVC KRONA;2024-08-01;374922,39
NORDESTE;NORDESTE 3;00 - TUBOS PVC KRONA;2024-09-01;1254828,02
NORDESTE;NORDESTE 3;00 - TUBOS PVC KRONA;2024-10-01;523421,03
NORDESTE;NORDESTE 3;00 - TUBOS PVC KRONA;2024-11-01;591765,11
NORDESTE;NORDESTE 3;00 - TUBOS PVC KRONA;2024-12-01;945981,47
NORDESTE;NORDESTE 3;00 - TUBOS PVC KRONA;2025-01-01;756108,89
NORDESTE;NORDESTE 3;00 - TUBOS PVC KRONA;2025-02-01;294257,98
NORDESTE;NORDESTE 3;00 - TUBOS PVC KRONA;2025-03-01;809524,11
NORDESTE;NORDESTE 3;00 - TUBOS PVC KRONA;2025-04-01;666360,55
NORDESTE;NORDESTE 3;00 - TUBOS PVC KRONA;2025-05-01;770785,00
NORDESTE;NORDESTE 3;00 - TUBOS PVC KRONA;2025-06-01;1182762,71
NORDESTE;NORDESTE 3;00 - TUBOS PVC KRONA;2025-07-01;811132,46
NORDESTE;NORDESTE 3;00 - TUBOS PVC KRONA;2025-08-01;1101697,94
NORDESTE;NORDESTE 3;00 - TUBOS PVC KRONA;2025-09-01;663832,64
NORDESTE;NORDESTE 3;00 - TUBOS PVC KRONA;2025-10-01;744950,93
NORDESTE;NORDESTE 3;00 - TUBOS PVC KRONA;2025-11-01;1109616,15
NORDESTE;NORDESTE 3;00 - TUBOS PVC KRONA;2025-12-01;1010830,21
NORDESTE;NORDESTE 3;00 - TUBOS PVC KRONA;2026-01-01;358948,93
NORDESTE;NORDESTE 3;00 - TUBOS PVC KRONA;2026-02-01;791412,63
NORDESTE;NORDESTE 3;00 - TUBOS PVC KRONA;2026-03-01;1384104,00
NORDESTE;NORDESTE 3;00 - TUBOS PVC KRONA;2026-04-01;1400620,25
NORDESTE;NORDESTE 3;00 - TUBOS PVC KRONA;2026-05-01;500509,45
NORDESTE;NORDESTE 3;00 - TUBOS PVC KRONA;2026-06-01;345924,49
NORDESTE;NORDESTE 3;00 - TUBOS PVC KRONA;2026-07-01;585940,76
NORDESTE;NORDESTE 3;00 - TUBOS PVC KRONA;2026-08-01;981050,74
NORDESTE;NORDESTE 3;01 - TUBOS ELETRODUTOS KRONA;2022-01-01;6339,84
NORDESTE;NORDESTE 3;01 - TUBOS ELETRODUTOS KRONA;2022-02-01;21353,36
NORDESTE;NORDESTE 3;01 - TUBOS ELETRODUTOS KRONA;2022-03-01;20047,57
NORDESTE;NORDESTE 3;01 - TUBOS ELETRODUTOS KRONA;2022-04-01;23436,37
NORDESTE;NORDESTE 3;01 - TUBOS ELETRODUTOS KRONA;2022-05-01;28863,33
NORDESTE;NORDESTE 3;01 - TUBOS ELETRODUTOS KRONA;2022-06-01;23244,07
NORDESTE;NORDESTE 3;01 - TUBOS ELETRODUTOS KRONA;2022-07-01;33772,06
NORDESTE;NORDESTE 3;01 - TUBOS ELETRODUTOS KRONA;2022-08-01;39701,81
NORDESTE;NORDESTE 3;01 - TUBOS ELETRODUTOS KRONA;2022-09-01;29041,54
NORDESTE;NORDESTE 3;01 - TUBOS ELETRODUTOS KRONA;2022-10-01;45677,53
NORDESTE;NORDESTE 3;01 - TUBOS ELETRODUTOS KRONA;2022-11-01;37386,77
NORDESTE;NORDESTE 3;01 - TUBOS ELETRODUTOS KRONA;2022-12-01;53750,42
NORDESTE;NORDESTE 3;01 - TUBOS ELETRODUTOS KRONA;2023-01-01;19145,57
NORDESTE;NORDESTE 3;01 - TUBOS ELETRODUTOS KRONA;2023-02-01;33756,63
NORDESTE;NORDESTE 3;01 - TUBOS ELETRODUTOS KRONA;2023-03-01;56699,70
NORDESTE;NORDESTE 3;01 - TUBOS ELETRODUTOS KRONA;2023-04-01;32412,99
NORDESTE;NORDESTE 3;01 - TUBOS ELETRODUTOS KRONA;2023-05-01;37752,33
NORDESTE;NORDESTE 3;01 - TUBOS ELETRODUTOS KRONA;2023-06-01;50619,08
NORDESTE;NORDESTE 3;01 - TUBOS ELETRODUTOS KRONA;2023-07-01;38071,14
NORDESTE;NORDESTE 3;01 - TUBOS ELETRODUTOS KRONA;2023-08-01;42006,44
NORDESTE;NORDESTE 3;01 - TUBOS ELETRODUTOS KRONA;2023-09-01;58775,29
NORDESTE;NORDESTE 3;01 - TUBOS ELETRODUTOS KRONA;2023-10-01;48548,06
NORDESTE;NORDESTE 3;01 - TUBOS ELETRODUTOS KRONA;2023-11-01;67662,54
NORDESTE;NORDESTE 3;01 - TUBOS ELETRODUTOS KRONA;2023-12-01;67698,73
NORDESTE;NORDESTE 3;01 - TUBOS ELETRODUTOS KRONA;2024-01-01;21911,09
NORDESTE;NORDESTE 3;01 - TUBOS ELETRODUTOS KRONA;2024-02-01;25523,69
NORDESTE;NORDESTE 3;01 - TUBOS ELETRODUTOS KRONA;2024-03-01;41007,65
NORDESTE;NORDESTE 3;01 - TUBOS ELETRODUTOS KRONA;2024-04-01;40384,03
NORDESTE;NORDESTE 3;01 - TUBOS ELETRODUTOS KRONA;2024-05-01;47051,86
NORDESTE;NORDESTE 3;01 - TUBOS ELETRODUTOS KRONA;2024-06-01;48388,93
NORDESTE;NORDESTE 3;01 - TUBOS ELETRODUTOS KRONA;2024-07-01;53669,33
NORDESTE;NORDESTE 3;01 - TUBOS ELETRODUTOS KRONA;2024-08-01;17975,91
NORDESTE;NORDESTE 3;01 - TUBOS ELETRODUTOS KRONA;2024-09-01;44207,23
NORDESTE;NORDESTE 3;01 - TUBOS ELETRODUTOS KRONA;2024-10-01;54522,18
NORDESTE;NORDESTE 3;01 - TUBOS ELETRODUTOS KRONA;2024-11-01;17035,69
NORDESTE;NORDESTE 3;01 - TUBOS ELETRODUTOS KRONA;2024-12-01;21402,22
NORDESTE;NORDESTE 3;01 - TUBOS ELETRODUTOS KRONA;2025-01-01;28852,76
NORDESTE;NORDESTE 3;01 - TUBOS ELETRODUTOS KRONA;2025-02-01;13421,43
NORDESTE;NORDESTE 3;01 - TUBOS ELETRODUTOS KRONA;2025-03-01;29504,63
NORDESTE;NORDESTE 3;01 - TUBOS ELETRODUTOS KRONA;2025-04-01;46846,90
NORDESTE;NORDESTE 3;01 - TUBOS ELETRODUTOS KRONA;2025-05-01;32859,88
NORDESTE;NORDESTE 3;01 - TUBOS ELETRODUTOS KRONA;2025-06-01;63646,06
NORDESTE;NORDESTE 3;01 - TUBOS ELETRODUTOS KRONA;2025-07-01;53190,81
NORDESTE;NORDESTE 3;01 - TUBOS ELETRODUTOS KRONA;2025-08-01;28975,31
NORDESTE;NORDESTE 3;01 - TUBOS ELETRODUTOS KRONA;2025-09-01;34259,94
NORDESTE;NORDESTE 3;01 - TUBOS ELETRODUTOS KRONA;2025-10-01;25660,56
NORDESTE;NORDESTE 3;01 - TUBOS ELETRODUTOS KRONA;2025-11-01;37024,94
NORDESTE;NORDESTE 3;01 - TUBOS ELETRODUTOS KRONA;2025-12-01;48515,89
NORDESTE;NORDESTE 3;01 - TUBOS ELETRODUTOS KRONA;2026-01-01;4869,20
NORDESTE;NORDESTE 3;01 - TUBOS ELETRODUTOS KRONA;2026-02-01;26791,63
NORDESTE;NORDESTE 3;01 - TUBOS ELETRODUTOS KRONA;2026-03-01;56875,50
NORDESTE;NORDESTE 3;01 - TUBOS ELETRODUTOS KRONA;2026-04-01;60651,66
NORDESTE;NORDESTE 3;01 - TUBOS ELETRODUTOS KRONA;2026-05-01;26725,49
NORDESTE;NORDESTE 3;01 - TUBOS ELETRODUTOS KRONA;2026-06-01;17255,65
NORDESTE;NORDESTE 3;01 - TUBOS ELETRODUTOS KRONA;2026-07-01;35583,02
NORDESTE;NORDESTE 3;01 - TUBOS ELETRODUTOS KRONA;2026-08-01;37327,15
NORDESTE;NORDESTE 3;02 - CONEXOES KRONA;2022-01-01;40344,21
NORDESTE;NORDESTE 3;02 - CONEXOES KRONA;2022-02-01;118166,70
NORDESTE;NORDESTE 3;02 - CONEXOES KRONA;2022-03-01;96564,17
NORDESTE;NORDESTE 3;02 - CONEXOES KRONA;2022-04-01;96944,25
NORDESTE;NORDESTE 3;02 - CONEXOES KRONA;2022-05-01;164507,68
NORDESTE;NORDESTE 3;02 - CONEXOES KRONA;2022-06-01;133600,50
NORDESTE;NORDESTE 3;02 - CONEXOES KRONA;2022-07-01;93501,85
NORDESTE;NORDESTE 3;02 - CONEXOES KRONA;2022-08-01;161359,05
NORDESTE;NORDESTE 3;02 - CONEXOES KRONA;2022-09-01;110813,70
NORDESTE;NORDESTE 3;02 - CONEXOES KRONA;2022-10-01;143830,54
NORDESTE;NORDESTE 3;02 - CONEXOES KRONA;2022-11-01;173503,64
NORDESTE;NORDESTE 3;02 - CONEXOES KRONA;2022-12-01;220460,41
NORDESTE;NORDESTE 3;02 - CONEXOES KRONA;2023-01-01;68769,47
NORDESTE;NORDESTE 3;02 - CONEXOES KRONA;2023-02-01;109703,41
NORDESTE;NORDESTE 3;02 - CONEXOES KRONA;2023-03-01;173036,46
NORDESTE;NORDESTE 3;02 - CONEXOES KRONA;2023-04-01;113003,06
NORDESTE;NORDESTE 3;02 - CONEXOES KRONA;2023-05-01;76971,50
NORDESTE;NORDESTE 3;02 - CONEXOES KRONA;2023-06-01;150830,17
NORDESTE;NORDESTE 3;02 - CONEXOES KRONA;2023-07-01;173301,56
NORDESTE;NORDESTE 3;02 - CONEXOES KRONA;2023-08-01;158000,82
NORDESTE;NORDESTE 3;02 - CONEXOES KRONA;2023-09-01;267363,78
NORDESTE;NORDESTE 3;02 - CONEXOES KRONA;2023-10-01;104022,99
NORDESTE;NORDESTE 3;02 - CONEXOES KRONA;2023-11-01;143468,26
NORDESTE;NORDESTE 3;02 - CONEXOES KRONA;2023-12-01;183150,55
NORDESTE;NORDESTE 3;02 - CONEXOES KRONA;2024-01-01;88830,34
NORDESTE;NORDESTE 3;02 - CONEXOES KRONA;2024-02-01;113326,95
NORDESTE;NORDESTE 3;02 - CONEXOES KRONA;2024-03-01;172374,05
NORDESTE;NORDESTE 3;02 - CONEXOES KRONA;2024-04-01;88358,19
NORDESTE;NORDESTE 3;02 - CONEXOES KRONA;2024-05-01;218182,41
NORDESTE;NORDESTE 3;02 - CONEXOES KRONA;2024-06-01;241171,21
NORDESTE;NORDESTE 3;02 - CONEXOES KRONA;2024-07-01;190982,98
NORDESTE;NORDESTE 3;02 - CONEXOES KRONA;2024-08-01;93501,20
NORDESTE;NORDESTE 3;02 - CONEXOES KRONA;2024-09-01;141332,82
NORDESTE;NORDESTE 3;02 - CONEXOES KRONA;2024-10-01;102376,53
NORDESTE;NORDESTE 3;02 - CONEXOES KRONA;2024-11-01;94958,17
NORDESTE;NORDESTE 3;02 - CONEXOES KRONA;2024-12-01;175524,35
NORDESTE;NORDESTE 3;02 - CONEXOES KRONA;2025-01-01;129647,05
NORDESTE;NORDESTE 3;02 - CONEXOES KRONA;2025-02-01;65589,28
NORDESTE;NORDESTE 3;02 - CONEXOES KRONA;2025-03-01;147172,17
NORDESTE;NORDESTE 3;02 - CONEXOES KRONA;2025-04-01;133289,50
NORDESTE;NORDESTE 3;02 - CONEXOES KRONA;2025-05-01;107292,67
NORDESTE;NORDESTE 3;02 - CONEXOES KRONA;2025-06-01;247610,95
NORDESTE;NORDESTE 3;02 - CONEXOES KRONA;2025-07-01;152646,01
NORDESTE;NORDESTE 3;02 - CONEXOES KRONA;2025-08-01;182347,34
NORDESTE;NORDESTE 3;02 - CONEXOES KRONA;2025-09-01;171319,68
NORDESTE;NORDESTE 3;02 - CONEXOES KRONA;2025-10-01;134342,28
NORDESTE;NORDESTE 3;02 - CONEXOES KRONA;2025-11-01;178324,25
NORDESTE;NORDESTE 3;02 - CONEXOES KRONA;2025-12-01;189732,75
NORDESTE;NORDESTE 3;02 - CONEXOES KRONA;2026-01-01;59051,22
NORDESTE;NORDESTE 3;02 - CONEXOES KRONA;2026-02-01;141661,61
NORDESTE;NORDESTE 3;02 - CONEXOES KRONA;2026-03-01;263938,84
NORDESTE;NORDESTE 3;02 - CONEXOES KRONA;2026-04-01;219461,09
NORDESTE;NORDESTE 3;02 - CONEXOES KRONA;2026-05-01;105825,73
NORDESTE;NORDESTE 3;02 - CONEXOES KRONA;2026-06-01;81943,28
NORDESTE;NORDESTE 3;02 - CONEXOES KRONA;2026-07-01;143112,91
NORDESTE;NORDESTE 3;02 - CONEXOES KRONA;2026-08-01;163304,14
NORDESTE;NORDESTE 3;03 - ACESSORIOS KRONA;2022-01-01;5852,37
NORDESTE;NORDESTE 3;03 - ACESSORIOS KRONA;2022-02-01;17397,49
NORDESTE;NORDESTE 3;03 - ACESSORIOS KRONA;2022-03-01;19460,17
NORDESTE;NORDESTE 3;03 - ACESSORIOS KRONA;2022-04-01;20324,75
NORDESTE;NORDESTE 3;03 - ACESSORIOS KRONA;2022-05-01;28716,46
NORDESTE;NORDESTE 3;03 - ACESSORIOS KRONA;2022-06-01;24763,27
NORDESTE;NORDESTE 3;03 - ACESSORIOS KRONA;2022-07-01;20095,01
NORDESTE;NORDESTE 3;03 - ACESSORIOS KRONA;2022-08-01;30445,74
NORDESTE;NORDESTE 3;03 - ACESSORIOS KRONA;2022-09-01;32679,82
NORDESTE;NORDESTE 3;03 - ACESSORIOS KRONA;2022-10-01;21715,39
NORDESTE;NORDESTE 3;03 - ACESSORIOS KRONA;2022-11-01;30339,19
NORDESTE;NORDESTE 3;03 - ACESSORIOS KRONA;2022-12-01;32204,89
NORDESTE;NORDESTE 3;03 - ACESSORIOS KRONA;2023-01-01;11798,60
NORDESTE;NORDESTE 3;03 - ACESSORIOS KRONA;2023-02-01;26464,14
NORDESTE;NORDESTE 3;03 - ACESSORIOS KRONA;2023-03-01;40549,57
NORDESTE;NORDESTE 3;03 - ACESSORIOS KRONA;2023-04-01;21708,98
NORDESTE;NORDESTE 3;03 - ACESSORIOS KRONA;2023-05-01;12220,73
NORDESTE;NORDESTE 3;03 - ACESSORIOS KRONA;2023-06-01;30922,06
NORDESTE;NORDESTE 3;03 - ACESSORIOS KRONA;2023-07-01;32745,65
NORDESTE;NORDESTE 3;03 - ACESSORIOS KRONA;2023-08-01;27605,94
NORDESTE;NORDESTE 3;03 - ACESSORIOS KRONA;2023-09-01;45322,54
NORDESTE;NORDESTE 3;03 - ACESSORIOS KRONA;2023-10-01;15050,05
NORDESTE;NORDESTE 3;03 - ACESSORIOS KRONA;2023-11-01;18242,61
NORDESTE;NORDESTE 3;03 - ACESSORIOS KRONA;2023-12-01;28726,16
NORDESTE;NORDESTE 3;03 - ACESSORIOS KRONA;2024-01-01;14067,24
NORDESTE;NORDESTE 3;03 - ACESSORIOS KRONA;2024-02-01;14751,55
NORDESTE;NORDESTE 3;03 - ACESSORIOS KRONA;2024-03-01;25355,86
NORDESTE;NORDESTE 3;03 - ACESSORIOS KRONA;2024-04-01;21808,06
NORDESTE;NORDESTE 3;03 - ACESSORIOS KRONA;2024-05-01;45991,99
NORDESTE;NORDESTE 3;03 - ACESSORIOS KRONA;2024-06-01;46994,67
NORDESTE;NORDESTE 3;03 - ACESSORIOS KRONA;2024-07-01;40151,46
NORDESTE;NORDESTE 3;03 - ACESSORIOS KRONA;2024-08-01;18691,90
NORDESTE;NORDESTE 3;03 - ACESSORIOS KRONA;2024-09-01;29851,25
NORDESTE;NORDESTE 3;03 - ACESSORIOS KRONA;2024-10-01;16481,40
NORDESTE;NORDESTE 3;03 - ACESSORIOS KRONA;2024-11-01;16944,56
NORDESTE;NORDESTE 3;03 - ACESSORIOS KRONA;2024-12-01;27555,96
NORDESTE;NORDESTE 3;03 - ACESSORIOS KRONA;2025-01-01;24382,86
NORDESTE;NORDESTE 3;03 - ACESSORIOS KRONA;2025-02-01;9778,81
NORDESTE;NORDESTE 3;03 - ACESSORIOS KRONA;2025-03-01;22436,48
NORDESTE;NORDESTE 3;03 - ACESSORIOS KRONA;2025-04-01;20401,15
NORDESTE;NORDESTE 3;03 - ACESSORIOS KRONA;2025-05-01;18054,66
NORDESTE;NORDESTE 3;03 - ACESSORIOS KRONA;2025-06-01;30903,99
NORDESTE;NORDESTE 3;03 - ACESSORIOS KRONA;2025-07-01;20735,09
NORDESTE;NORDESTE 3;03 - ACESSORIOS KRONA;2025-08-01;27686,77
NORDESTE;NORDESTE 3;03 - ACESSORIOS KRONA;2025-09-01;24345,32
NORDESTE;NORDESTE 3;03 - ACESSORIOS KRONA;2025-10-01;19460,41
NORDESTE;NORDESTE 3;03 - ACESSORIOS KRONA;2025-11-01;23903,13
NORDESTE;NORDESTE 3;03 - ACESSORIOS KRONA;2025-12-01;25760,80
NORDESTE;NORDESTE 3;03 - ACESSORIOS KRONA;2026-01-01;7433,03
NORDESTE;NORDESTE 3;03 - ACESSORIOS KRONA;2026-02-01;23806,36
NORDESTE;NORDESTE 3;03 - ACESSORIOS KRONA;2026-03-01;36403,67
NORDESTE;NORDESTE 3;03 - ACESSORIOS KRONA;2026-04-01;35569,54
NORDESTE;NORDESTE 3;03 - ACESSORIOS KRONA;2026-05-01;17406,20
NORDESTE;NORDESTE 3;03 - ACESSORIOS KRONA;2026-06-01;18787,66
NORDESTE;NORDESTE 3;03 - ACESSORIOS KRONA;2026-07-01;30076,59
NORDESTE;NORDESTE 3;03 - ACESSORIOS KRONA;2026-08-01;38552,66
NORDESTE;NORDESTE 3;04 - PRODUTOS REVENDA;2022-01-01;716,19
NORDESTE;NORDESTE 3;04 - PRODUTOS REVENDA;2022-02-01;2860,55
NORDESTE;NORDESTE 3;04 - PRODUTOS REVENDA;2022-03-01;2084,30
NORDESTE;NORDESTE 3;04 - PRODUTOS REVENDA;2022-04-01;4568,93
NORDESTE;NORDESTE 3;04 - PRODUTOS REVENDA;2022-05-01;2956,38
NORDESTE;NORDESTE 3;04 - PRODUTOS REVENDA;2022-06-01;3162,55
NORDESTE;NORDESTE 3;04 - PRODUTOS REVENDA;2022-07-01;2702,45
NORDESTE;NORDESTE 3;04 - PRODUTOS REVENDA;2022-08-01;4065,97
NORDESTE;NORDESTE 3;04 - PRODUTOS REVENDA;2022-09-01;5479,08
NORDESTE;NORDESTE 3;04 - PRODUTOS REVENDA;2022-10-01;5354,31
NORDESTE;NORDESTE 3;04 - PRODUTOS REVENDA;2022-11-01;4877,95
NORDESTE;NORDESTE 3;04 - PRODUTOS REVENDA;2022-12-01;6681,77
NORDESTE;NORDESTE 3;04 - PRODUTOS REVENDA;2023-01-01;2495,92
NORDESTE;NORDESTE 3;04 - PRODUTOS REVENDA;2023-02-01;4182,62
NORDESTE;NORDESTE 3;04 - PRODUTOS REVENDA;2023-03-01;4944,25
NORDESTE;NORDESTE 3;04 - PRODUTOS REVENDA;2023-04-01;4236,38
NORDESTE;NORDESTE 3;04 - PRODUTOS REVENDA;2023-05-01;2233,71
NORDESTE;NORDESTE 3;04 - PRODUTOS REVENDA;2023-06-01;6330,88
NORDESTE;NORDESTE 3;04 - PRODUTOS REVENDA;2023-07-01;6967,45
NORDESTE;NORDESTE 3;04 - PRODUTOS REVENDA;2023-08-01;5962,49
NORDESTE;NORDESTE 3;04 - PRODUTOS REVENDA;2023-09-01;8721,14
NORDESTE;NORDESTE 3;04 - PRODUTOS REVENDA;2023-10-01;3889,74
NORDESTE;NORDESTE 3;04 - PRODUTOS REVENDA;2023-11-01;6024,60
NORDESTE;NORDESTE 3;04 - PRODUTOS REVENDA;2023-12-01;6645,41
NORDESTE;NORDESTE 3;04 - PRODUTOS REVENDA;2024-01-01;2308,10
NORDESTE;NORDESTE 3;04 - PRODUTOS REVENDA;2024-02-01;3617,50
NORDESTE;NORDESTE 3;04 - PRODUTOS REVENDA;2024-03-01;3408,35
NORDESTE;NORDESTE 3;04 - PRODUTOS REVENDA;2024-04-01;2617,04
NORDESTE;NORDESTE 3;04 - PRODUTOS REVENDA;2024-05-01;4778,84
NORDESTE;NORDESTE 3;04 - PRODUTOS REVENDA;2024-06-01;7028,17
NORDESTE;NORDESTE 3;04 - PRODUTOS REVENDA;2024-07-01;3943,38
NORDESTE;NORDESTE 3;04 - PRODUTOS REVENDA;2024-08-01;2819,52
NORDESTE;NORDESTE 3;04 - PRODUTOS REVENDA;2024-09-01;5027,18
NORDESTE;NORDESTE 3;04 - PRODUTOS REVENDA;2024-10-01;1782,72
NORDESTE;NORDESTE 3;04 - PRODUTOS REVENDA;2024-11-01;2337,06
NORDESTE;NORDESTE 3;04 - PRODUTOS REVENDA;2024-12-01;2705,81
NORDESTE;NORDESTE 3;04 - PRODUTOS REVENDA;2025-01-01;2506,21
NORDESTE;NORDESTE 3;04 - PRODUTOS REVENDA;2025-02-01;1520,26
NORDESTE;NORDESTE 3;04 - PRODUTOS REVENDA;2025-03-01;2523,40
NORDESTE;NORDESTE 3;04 - PRODUTOS REVENDA;2025-04-01;2539,14
NORDESTE;NORDESTE 3;04 - PRODUTOS REVENDA;2025-05-01;1792,15
NORDESTE;NORDESTE 3;04 - PRODUTOS REVENDA;2025-06-01;4600,97
NORDESTE;NORDESTE 3;04 - PRODUTOS REVENDA;2025-07-01;2929,85
NORDESTE;NORDESTE 3;04 - PRODUTOS REVENDA;2025-08-01;3250,12
NORDESTE;NORDESTE 3;04 - PRODUTOS REVENDA;2025-09-01;3441,47
NORDESTE;NORDESTE 3;04 - PRODUTOS REVENDA;2025-10-01;3017,95
NORDESTE;NORDESTE 3;04 - PRODUTOS REVENDA;2025-11-01;3071,53
NORDESTE;NORDESTE 3;04 - PRODUTOS REVENDA;2025-12-01;3954,16
NORDESTE;NORDESTE 3;04 - PRODUTOS REVENDA;2026-01-01;1223,56
NORDESTE;NORDESTE 3;04 - PRODUTOS REVENDA;2026-02-01;2344,49
NORDESTE;NORDESTE 3;04 - PRODUTOS REVENDA;2026-03-01;4188,19
NORDESTE;NORDESTE 3;04 - PRODUTOS REVENDA;2026-04-01;3440,65
NORDESTE;NORDESTE 3;04 - PRODUTOS REVENDA;2026-05-01;2130,51
NORDESTE;NORDESTE 3;04 - PRODUTOS REVENDA;2026-06-01;2212,02
NORDESTE;NORDESTE 3;04 - PRODUTOS REVENDA;2026-07-01;3421,86
NORDESTE;NORDESTE 3;04 - PRODUTOS REVENDA;2026-08-01;3888,71
NORDESTE;NORDESTE 3;29 - PPR;2022-02-01;7,02
NORDESTE;NORDESTE 3;29 - PPR;2022-05-01;4,93
NORDESTE;NORDESTE 3;29 - PPR;2022-07-01;41,64
NORDESTE;NORDESTE 3;29 - PPR;2022-08-01;0,37
NORDESTE;NORDESTE 3;29 - PPR;2022-10-01;24,07
NORDESTE;NORDESTE 3;29 - PPR;2023-03-01;26,88
NORDESTE;NORDESTE 3;29 - PPR;2023-04-01;0,51
NORDESTE;NORDESTE 3;29 - PPR;2023-06-01;111,51
NORDESTE;NORDESTE 3;29 - PPR;2023-07-01;137,36
NORDESTE;NORDESTE 3;29 - PPR;2023-08-01;19,80
NORDESTE;NORDESTE 3;29 - PPR;2023-09-01;1,12
NORDESTE;NORDESTE 3;29 - PPR;2023-10-01;0,85
NORDESTE;NORDESTE 3;29 - PPR;2023-11-01;13,22
NORDESTE;NORDESTE 3;29 - PPR;2023-12-01;0,86
NORDESTE;NORDESTE 3;29 - PPR;2024-02-01;1,83
NORDESTE;NORDESTE 3;29 - PPR;2024-03-01;0,89
NORDESTE;NORDESTE 3;29 - PPR;2024-07-01;51,53
NORDESTE;NORDESTE 3;29 - PPR;2024-09-01;0,37
NORDESTE;NORDESTE 3;29 - PPR;2025-04-01;9,54
NORDESTE;NORDESTE 3;29 - PPR;2025-05-01;99,33
NORDESTE;NORDESTE 3;29 - PPR;2025-06-01;76,00
NORDESTE;NORDESTE 3;29 - PPR;2025-08-01;19,80
NORDESTE;NORDESTE 3;29 - PPR;2025-09-01;3,68
NORDESTE;NORDESTE 3;29 - PPR;2025-10-01;2,00
NORDESTE;NORDESTE 3;29 - PPR;2025-11-01;20,40
NORDESTE;NORDESTE 3;29 - PPR;2026-02-01;2,72
NORDESTE;NORDESTE 3;29 - PPR;2026-03-01;16,52
NORDESTE;NORDESTE 3;29 - PPR;2026-04-01;140,10
NORDESTE;NORDESTE 3;29 - PPR;2026-06-01;0,28
NORDESTE;NORDESTE 3;30 - ELETRODUTOS CORRUGADOS KRONA;2022-01-01;11642,93
NORDESTE;NORDESTE 3;30 - ELETRODUTOS CORRUGADOS KRONA;2022-02-01;28638,97
NORDESTE;NORDESTE 3;30 - ELETRODUTOS CORRUGADOS KRONA;2022-03-01;42960,64
NORDESTE;NORDESTE 3;30 - ELETRODUTOS CORRUGADOS KRONA;2022-04-01;29012,85
NORDESTE;NORDESTE 3;30 - ELETRODUTOS CORRUGADOS KRONA;2022-05-01;53251,03
NORDESTE;NORDESTE 3;30 - ELETRODUTOS CORRUGADOS KRONA;2022-06-01;59322,01
NORDESTE;NORDESTE 3;30 - ELETRODUTOS CORRUGADOS KRONA;2022-07-01;29037,62
NORDESTE;NORDESTE 3;30 - ELETRODUTOS CORRUGADOS KRONA;2022-08-01;46900,88
NORDESTE;NORDESTE 3;30 - ELETRODUTOS CORRUGADOS KRONA;2022-09-01;32792,19
NORDESTE;NORDESTE 3;30 - ELETRODUTOS CORRUGADOS KRONA;2022-10-01;69027,96
NORDESTE;NORDESTE 3;30 - ELETRODUTOS CORRUGADOS KRONA;2022-11-01;69895,23
NORDESTE;NORDESTE 3;30 - ELETRODUTOS CORRUGADOS KRONA;2022-12-01;70335,07
NORDESTE;NORDESTE 3;30 - ELETRODUTOS CORRUGADOS KRONA;2023-01-01;26060,26
NORDESTE;NORDESTE 3;30 - ELETRODUTOS CORRUGADOS KRONA;2023-02-01;49275,80
NORDESTE;NORDESTE 3;30 - ELETRODUTOS CORRUGADOS KRONA;2023-03-01;66926,21
NORDESTE;NORDESTE 3;30 - ELETRODUTOS CORRUGADOS KRONA;2023-04-01;45698,49
NORDESTE;NORDESTE 3;30 - ELETRODUTOS CORRUGADOS KRONA;2023-05-01;20784,56
NORDESTE;NORDESTE 3;30 - ELETRODUTOS CORRUGADOS KRONA;2023-06-01;102462,32
NORDESTE;NORDESTE 3;30 - ELETRODUTOS CORRUGADOS KRONA;2023-07-01;90046,78
NORDESTE;NORDESTE 3;30 - ELETRODUTOS CORRUGADOS KRONA;2023-08-01;54604,81
NORDESTE;NORDESTE 3;30 - ELETRODUTOS CORRUGADOS KRONA;2023-09-01;105385,05
NORDESTE;NORDESTE 3;30 - ELETRODUTOS CORRUGADOS KRONA;2023-10-01;29322,78
NORDESTE;NORDESTE 3;30 - ELETRODUTOS CORRUGADOS KRONA;2023-11-01;57328,22
NORDESTE;NORDESTE 3;30 - ELETRODUTOS CORRUGADOS KRONA;2023-12-01;50578,41
NORDESTE;NORDESTE 3;30 - ELETRODUTOS CORRUGADOS KRONA;2024-01-01;17958,38
NORDESTE;NORDESTE 3;30 - ELETRODUTOS CORRUGADOS KRONA;2024-02-01;56781,57
NORDESTE;NORDESTE 3;30 - ELETRODUTOS CORRUGADOS KRONA;2024-03-01;50681,75
NORDESTE;NORDESTE 3;30 - ELETRODUTOS CORRUGADOS KRONA;2024-04-01;62139,99
NORDESTE;NORDESTE 3;30 - ELETRODUTOS CORRUGADOS KRONA;2024-05-01;74999,47
NORDESTE;NORDESTE 3;30 - ELETRODUTOS CORRUGADOS KRONA;2024-06-01;72974,85
NORDESTE;NORDESTE 3;30 - ELETRODUTOS CORRUGADOS KRONA;2024-07-01;61691,26
NORDESTE;NORDESTE 3;30 - ELETRODUTOS CORRUGADOS KRONA;2024-08-01;33504,99
NORDESTE;NORDESTE 3;30 - ELETRODUTOS CORRUGADOS KRONA;2024-09-01;47342,51
NORDESTE;NORDESTE 3;30 - ELETRODUTOS CORRUGADOS KRONA;2024-10-01;30779,18
NORDESTE;NORDESTE 3;30 - ELETRODUTOS CORRUGADOS KRONA;2024-11-01;29948,35
NORDESTE;NORDESTE 3;30 - ELETRODUTOS CORRUGADOS KRONA;2024-12-01;44982,82
NORDESTE;NORDESTE 3;30 - ELETRODUTOS CORRUGADOS KRONA;2025-01-01;41821,84
NORDESTE;NORDESTE 3;30 - ELETRODUTOS CORRUGADOS KRONA;2025-02-01;27737,29
NORDESTE;NORDESTE 3;30 - ELETRODUTOS CORRUGADOS KRONA;2025-03-01;67736,91
NORDESTE;NORDESTE 3;30 - ELETRODUTOS CORRUGADOS KRONA;2025-04-01;73898,23
NORDESTE;NORDESTE 3;30 - ELETRODUTOS CORRUGADOS KRONA;2025-05-01;52290,67
NORDESTE;NORDESTE 3;30 - ELETRODUTOS CORRUGADOS KRONA;2025-06-01;92357,05
NORDESTE;NORDESTE 3;30 - ELETRODUTOS CORRUGADOS KRONA;2025-07-01;42581,18
NORDESTE;NORDESTE 3;30 - ELETRODUTOS CORRUGADOS KRONA;2025-08-01;101936,13
NORDESTE;NORDESTE 3;30 - ELETRODUTOS CORRUGADOS KRONA;2025-09-01;52443,66
NORDESTE;NORDESTE 3;30 - ELETRODUTOS CORRUGADOS KRONA;2025-10-01;69349,54
NORDESTE;NORDESTE 3;30 - ELETRODUTOS CORRUGADOS KRONA;2025-11-01;74044,60
NORDESTE;NORDESTE 3;30 - ELETRODUTOS CORRUGADOS KRONA;2025-12-01;95814,22
NORDESTE;NORDESTE 3;30 - ELETRODUTOS CORRUGADOS KRONA;2026-01-01;28785,35
NORDESTE;NORDESTE 3;30 - ELETRODUTOS CORRUGADOS KRONA;2026-02-01;45182,63
NORDESTE;NORDESTE 3;30 - ELETRODUTOS CORRUGADOS KRONA;2026-03-01;72764,29
NORDESTE;NORDESTE 3;30 - ELETRODUTOS CORRUGADOS KRONA;2026-04-01;131993,96
NORDESTE;NORDESTE 3;30 - ELETRODUTOS CORRUGADOS KRONA;2026-05-01;36467,29
NORDESTE;NORDESTE 3;30 - ELETRODUTOS CORRUGADOS KRONA;2026-06-01;24381,40
NORDESTE;NORDESTE 3;30 - ELETRODUTOS CORRUGADOS KRONA;2026-07-01;60695,33
NORDESTE;NORDESTE 3;30 - ELETRODUTOS CORRUGADOS KRONA;2026-08-01;61871,51
NORDESTE;NORDESTE 3;31 - CPVC ULTRATERM;2022-01-01;101,31
NORDESTE;NORDESTE 3;31 - CPVC ULTRATERM;2022-02-01;211,77
NORDESTE;NORDESTE 3;31 - CPVC ULTRATERM;2022-03-01;238,10
NORDESTE;NORDESTE 3;31 - CPVC ULTRATERM;2022-04-01;83,35
NORDESTE;NORDESTE 3;31 - CPVC ULTRATERM;2022-05-01;809,50
NORDESTE;NORDESTE 3;31 - CPVC ULTRATERM;2022-06-01;723,93
NORDESTE;NORDESTE 3;31 - CPVC ULTRATERM;2022-07-01;260,36
NORDESTE;NORDESTE 3;31 - CPVC ULTRATERM;2022-08-01;557,08
NORDESTE;NORDESTE 3;31 - CPVC ULTRATERM;2022-09-01;484,16
NORDESTE;NORDESTE 3;31 - CPVC ULTRATERM;2022-10-01;1228,28
NORDESTE;NORDESTE 3;31 - CPVC ULTRATERM;2022-11-01;1286,18
NORDESTE;NORDESTE 3;31 - CPVC ULTRATERM;2022-12-01;887,10
NORDESTE;NORDESTE 3;31 - CPVC ULTRATERM;2023-01-01;55,38
NORDESTE;NORDESTE 3;31 - CPVC ULTRATERM;2023-02-01;720,69
NORDESTE;NORDESTE 3;31 - CPVC ULTRATERM;2023-03-01;495,26
NORDESTE;NORDESTE 3;31 - CPVC ULTRATERM;2023-04-01;175,07
NORDESTE;NORDESTE 3;31 - CPVC ULTRATERM;2023-05-01;319,11
NORDESTE;NORDESTE 3;31 - CPVC ULTRATERM;2023-06-01;875,51
NORDESTE;NORDESTE 3;31 - CPVC ULTRATERM;2023-07-01;710,99
NORDESTE;NORDESTE 3;31 - CPVC ULTRATERM;2023-08-01;656,48
NORDESTE;NORDESTE 3;31 - CPVC ULTRATERM;2023-09-01;1029,91
NORDESTE;NORDESTE 3;31 - CPVC ULTRATERM;2023-10-01;9,89
NORDESTE;NORDESTE 3;31 - CPVC ULTRATERM;2023-11-01;369,82
NORDESTE;NORDESTE 3;31 - CPVC ULTRATERM;2023-12-01;634,09
NORDESTE;NORDESTE 3;31 - CPVC ULTRATERM;2024-01-01;280,12
NORDESTE;NORDESTE 3;31 - CPVC ULTRATERM;2024-02-01;217,88
NORDESTE;NORDESTE 3;31 - CPVC ULTRATERM;2024-03-01;55,01
NORDESTE;NORDESTE 3;31 - CPVC ULTRATERM;2024-04-01;572,01
NORDESTE;NORDESTE 3;31 - CPVC ULTRATERM;2024-05-01;458,05
NORDESTE;NORDESTE 3;31 - CPVC ULTRATERM;2024-06-01;815,50
NORDESTE;NORDESTE 3;31 - CPVC ULTRATERM;2024-07-01;244,30
NORDESTE;NORDESTE 3;31 - CPVC ULTRATERM;2024-08-01;279,19
NORDESTE;NORDESTE 3;31 - CPVC ULTRATERM;2024-09-01;1053,79
NORDESTE;NORDESTE 3;31 - CPVC ULTRATERM;2024-10-01;300,81
NORDESTE;NORDESTE 3;31 - CPVC ULTRATERM;2024-11-01;74,03
NORDESTE;NORDESTE 3;31 - CPVC ULTRATERM;2024-12-01;245,46
NORDESTE;NORDESTE 3;31 - CPVC ULTRATERM;2025-01-01;871,65
NORDESTE;NORDESTE 3;31 - CPVC ULTRATERM;2025-02-01;96,60
NORDESTE;NORDESTE 3;31 - CPVC ULTRATERM;2025-03-01;695,10
NORDESTE;NORDESTE 3;31 - CPVC ULTRATERM;2025-04-01;187,77
NORDESTE;NORDESTE 3;31 - CPVC ULTRATERM;2025-05-01;483,46
NORDESTE;NORDESTE 3;31 - CPVC ULTRATERM;2025-06-01;279,66
NORDESTE;NORDESTE 3;31 - CPVC ULTRATERM;2025-07-01;255,70
NORDESTE;NORDESTE 3;31 - CPVC ULTRATERM;2025-08-01;336,24
NORDESTE;NORDESTE 3;31 - CPVC ULTRATERM;2025-09-01;635,66
NORDESTE;NORDESTE 3;31 - CPVC ULTRATERM;2025-10-01;796,21
NORDESTE;NORDESTE 3;31 - CPVC ULTRATERM;2025-11-01;644,94
NORDESTE;NORDESTE 3;31 - CPVC ULTRATERM;2025-12-01;569,16
NORDESTE;NORDESTE 3;31 - CPVC ULTRATERM;2026-01-01;179,85
NORDESTE;NORDESTE 3;31 - CPVC ULTRATERM;2026-02-01;77,98
NORDESTE;NORDESTE 3;31 - CPVC ULTRATERM;2026-03-01;686,25
NORDESTE;NORDESTE 3;31 - CPVC ULTRATERM;2026-04-01;1341,47
NORDESTE;NORDESTE 3;31 - CPVC ULTRATERM;2026-05-01;99,37
NORDESTE;NORDESTE 3;31 - CPVC ULTRATERM;2026-06-01;356,76
NORDESTE;NORDESTE 3;31 - CPVC ULTRATERM;2026-07-01;204,45
NORDESTE;NORDESTE 3;31 - CPVC ULTRATERM;2026-08-01;780,84
SP;SAO PAULO CAPITAL;00 - TUBOS PVC KRONA;2022-01-01;63640,68
SP;SAO PAULO CAPITAL;00 - TUBOS PVC KRONA;2022-02-01;209822,40
SP;SAO PAULO CAPITAL;00 - TUBOS PVC KRONA;2022-03-01;209187,30
SP;SAO PAULO CAPITAL;00 - TUBOS PVC KRONA;2022-04-01;184747,80
SP;SAO PAULO CAPITAL;00 - TUBOS PVC KRONA;2022-05-01;260714,29
SP;SAO PAULO CAPITAL;00 - TUBOS PVC KRONA;2022-06-01;176171,10
SP;SAO PAULO CAPITAL;00 - TUBOS PVC KRONA;2022-07-01;176256,17
SP;SAO PAULO CAPITAL;00 - TUBOS PVC KRONA;2022-08-01;211218,34
SP;SAO PAULO CAPITAL;00 - TUBOS PVC KRONA;2022-09-01;216798,59
SP;SAO PAULO CAPITAL;00 - TUBOS PVC KRONA;2022-10-01;236814,06
SP;SAO PAULO CAPITAL;00 - TUBOS PVC KRONA;2022-11-01;191184,28
SP;SAO PAULO CAPITAL;00 - TUBOS PVC KRONA;2022-12-01;302129,23
SP;SAO PAULO CAPITAL;00 - TUBOS PVC KRONA;2023-01-01;106718,36
SP;SAO PAULO CAPITAL;00 - TUBOS PVC KRONA;2023-02-01;214303,16
SP;SAO PAULO CAPITAL;00 - TUBOS PVC KRONA;2023-03-01;350945,01
SP;SAO PAULO CAPITAL;00 - TUBOS PVC KRONA;2023-04-01;211435,87
SP;SAO PAULO CAPITAL;00 - TUBOS PVC KRONA;2023-05-01;225728,96
SP;SAO PAULO CAPITAL;00 - TUBOS PVC KRONA;2023-06-01;199956,96
SP;SAO PAULO CAPITAL;00 - TUBOS PVC KRONA;2023-07-01;252182,93
SP;SAO PAULO CAPITAL;00 - TUBOS PVC KRONA;2023-08-01;222744,84
SP;SAO PAULO CAPITAL;00 - TUBOS PVC KRONA;2023-09-01;348168,29
SP;SAO PAULO CAPITAL;00 - TUBOS PVC KRONA;2023-10-01;165053,23
SP;SAO PAULO CAPITAL;00 - TUBOS PVC KRONA;2023-11-01;228576,72
SP;SAO PAULO CAPITAL;00 - TUBOS PVC KRONA;2023-12-01;233104,60
SP;SAO PAULO CAPITAL;00 - TUBOS PVC KRONA;2024-01-01;109008,82
SP;SAO PAULO CAPITAL;00 - TUBOS PVC KRONA;2024-02-01;180646,02
SP;SAO PAULO CAPITAL;00 - TUBOS PVC KRONA;2024-03-01;194691,69
SP;SAO PAULO CAPITAL;00 - TUBOS PVC KRONA;2024-04-01;204997,09
SP;SAO PAULO CAPITAL;00 - TUBOS PVC KRONA;2024-05-01;248066,50
SP;SAO PAULO CAPITAL;00 - TUBOS PVC KRONA;2024-06-01;279793,31
SP;SAO PAULO CAPITAL;00 - TUBOS PVC KRONA;2024-07-01;185822,31
SP;SAO PAULO CAPITAL;00 - TUBOS PVC KRONA;2024-08-01;94018,67
SP;SAO PAULO CAPITAL;00 - TUBOS PVC KRONA;2024-09-01;207905,69
SP;SAO PAULO CAPITAL;00 - TUBOS PVC KRONA;2024-10-01;231251,32
SP;SAO PAULO CAPITAL;00 - TUBOS PVC KRONA;2024-11-01;81542,64
SP;SAO PAULO CAPITAL;00 - TUBOS PVC KRONA;2024-12-01;189054,10
SP;SAO PAULO CAPITAL;00 - TUBOS PVC KRONA;2025-01-01;153014,55
SP;SAO PAULO CAPITAL;00 - TUBOS PVC KRONA;2025-02-01;159826,71
SP;SAO PAULO CAPITAL;00 - TUBOS PVC KRONA;2025-03-01;167211,18
SP;SAO PAULO CAPITAL;00 - TUBOS PVC KRONA;2025-04-01;160173,98
SP;SAO PAULO CAPITAL;00 - TUBOS PVC KRONA;2025-05-01;225495,04
SP;SAO PAULO CAPITAL;00 - TUBOS PVC KRONA;2025-06-01;314087,49
SP;SAO PAULO CAPITAL;00 - TUBOS PVC KRONA;2025-07-01;203069,86
SP;SAO PAULO CAPITAL;00 - TUBOS PVC KRONA;2025-08-01;161031,91
SP;SAO PAULO CAPITAL;00 - TUBOS PVC KRONA;2025-09-01;154447,90
SP;SAO PAULO CAPITAL;00 - TUBOS PVC KRONA;2025-10-01;174310,59
SP;SAO PAULO CAPITAL;00 - TUBOS PVC KRONA;2025-11-01;112677,52
SP;SAO PAULO CAPITAL;00 - TUBOS PVC KRONA;2025-12-01;210738,87
SP;SAO PAULO CAPITAL;00 - TUBOS PVC KRONA;2026-01-01;76540,13
SP;SAO PAULO CAPITAL;00 - TUBOS PVC KRONA;2026-02-01;181701,90
SP;SAO PAULO CAPITAL;00 - TUBOS PVC KRONA;2026-03-01;230685,86
SP;SAO PAULO CAPITAL;00 - TUBOS PVC KRONA;2026-04-01;223315,10
SP;SAO PAULO CAPITAL;00 - TUBOS PVC KRONA;2026-05-01;227386,05
SP;SAO PAULO CAPITAL;00 - TUBOS PVC KRONA;2026-06-01;108904,73
SP;SAO PAULO CAPITAL;00 - TUBOS PVC KRONA;2026-07-01;80373,91
SP;SAO PAULO CAPITAL;00 - TUBOS PVC KRONA;2026-08-01;153407,24
SP;SAO PAULO CAPITAL;01 - TUBOS ELETRODUTOS KRONA;2022-01-01;6611,05
SP;SAO PAULO CAPITAL;01 - TUBOS ELETRODUTOS KRONA;2022-02-01;14355,11
SP;SAO PAULO CAPITAL;01 - TUBOS ELETRODUTOS KRONA;2022-03-01;715,37
SP;SAO PAULO CAPITAL;01 - TUBOS ELETRODUTOS KRONA;2022-04-01;17464,94
SP;SAO PAULO CAPITAL;01 - TUBOS ELETRODUTOS KRONA;2022-05-01;486,42
SP;SAO PAULO CAPITAL;01 - TUBOS ELETRODUTOS KRONA;2022-06-01;5599,23
SP;SAO PAULO CAPITAL;01 - TUBOS ELETRODUTOS KRONA;2022-07-01;19673,76
SP;SAO PAULO CAPITAL;01 - TUBOS ELETRODUTOS KRONA;2022-08-01;1922,70
SP;SAO PAULO CAPITAL;01 - TUBOS ELETRODUTOS KRONA;2022-09-01;12341,17
SP;SAO PAULO CAPITAL;01 - TUBOS ELETRODUTOS KRONA;2022-10-01;8936,22
SP;SAO PAULO CAPITAL;01 - TUBOS ELETRODUTOS KRONA;2022-11-01;19002,18
SP;SAO PAULO CAPITAL;01 - TUBOS ELETRODUTOS KRONA;2022-12-01;1743,22
SP;SAO PAULO CAPITAL;01 - TUBOS ELETRODUTOS KRONA;2023-01-01;13545,52
SP;SAO PAULO CAPITAL;01 - TUBOS ELETRODUTOS KRONA;2023-02-01;704,02
SP;SAO PAULO CAPITAL;01 - TUBOS ELETRODUTOS KRONA;2023-03-01;8326,64
SP;SAO PAULO CAPITAL;01 - TUBOS ELETRODUTOS KRONA;2023-04-01;1985,86
SP;SAO PAULO CAPITAL;01 - TUBOS ELETRODUTOS KRONA;2023-05-01;17743,68
SP;SAO PAULO CAPITAL;01 - TUBOS ELETRODUTOS KRONA;2023-06-01;10963,79
SP;SAO PAULO CAPITAL;01 - TUBOS ELETRODUTOS KRONA;2023-07-01;10083,40
SP;SAO PAULO CAPITAL;01 - TUBOS ELETRODUTOS KRONA;2023-08-01;6691,74
SP;SAO PAULO CAPITAL;01 - TUBOS ELETRODUTOS KRONA;2023-09-01;1153,35
SP;SAO PAULO CAPITAL;01 - TUBOS ELETRODUTOS KRONA;2023-10-01;776,40
SP;SAO PAULO CAPITAL;01 - TUBOS ELETRODUTOS KRONA;2023-11-01;1081,55
SP;SAO PAULO CAPITAL;01 - TUBOS ELETRODUTOS KRONA;2023-12-01;724,40
SP;SAO PAULO CAPITAL;01 - TUBOS ELETRODUTOS KRONA;2024-01-01;404,10
SP;SAO PAULO CAPITAL;01 - TUBOS ELETRODUTOS KRONA;2024-02-01;1107,82
SP;SAO PAULO CAPITAL;01 - TUBOS ELETRODUTOS KRONA;2024-03-01;615,40
SP;SAO PAULO CAPITAL;01 - TUBOS ELETRODUTOS KRONA;2024-04-01;1046,38
SP;SAO PAULO CAPITAL;01 - TUBOS ELETRODUTOS KRONA;2024-05-01;795,35
SP;SAO PAULO CAPITAL;01 - TUBOS ELETRODUTOS KRONA;2024-06-01;1130,45
SP;SAO PAULO CAPITAL;01 - TUBOS ELETRODUTOS KRONA;2024-07-01;412,25
SP;SAO PAULO CAPITAL;01 - TUBOS ELETRODUTOS KRONA;2024-08-01;693,04
SP;SAO PAULO CAPITAL;01 - TUBOS ELETRODUTOS KRONA;2024-09-01;1261,94
SP;SAO PAULO CAPITAL;01 - TUBOS ELETRODUTOS KRONA;2024-10-01;558,45
SP;SAO PAULO CAPITAL;01 - TUBOS ELETRODUTOS KRONA;2024-11-01;368,53
SP;SAO PAULO CAPITAL;01 - TUBOS ELETRODUTOS KRONA;2024-12-01;788,96
SP;SAO PAULO CAPITAL;01 - TUBOS ELETRODUTOS KRONA;2025-01-01;582,21
SP;SAO PAULO CAPITAL;01 - TUBOS ELETRODUTOS KRONA;2025-02-01;604,63
SP;SAO PAULO CAPITAL;01 - TUBOS ELETRODUTOS KRONA;2025-03-01;668,99
SP;SAO PAULO CAPITAL;01 - TUBOS ELETRODUTOS KRONA;2025-04-01;556,92
SP;SAO PAULO CAPITAL;01 - TUBOS ELETRODUTOS KRONA;2025-05-01;949,37
SP;SAO PAULO CAPITAL;01 - TUBOS ELETRODUTOS KRONA;2025-06-01;824,64
SP;SAO PAULO CAPITAL;01 - TUBOS ELETRODUTOS KRONA;2025-07-01;830,79
SP;SAO PAULO CAPITAL;01 - TUBOS ELETRODUTOS KRONA;2025-08-01;986,42
SP;SAO PAULO CAPITAL;01 - TUBOS ELETRODUTOS KRONA;2025-09-01;892,32
SP;SAO PAULO CAPITAL;01 - TUBOS ELETRODUTOS KRONA;2025-10-01;527,95
SP;SAO PAULO CAPITAL;01 - TUBOS ELETRODUTOS KRONA;2025-11-01;442,32
SP;SAO PAULO CAPITAL;01 - TUBOS ELETRODUTOS KRONA;2025-12-01;983,95
SP;SAO PAULO CAPITAL;01 - TUBOS ELETRODUTOS KRONA;2026-01-01;105,00
SP;SAO PAULO CAPITAL;01 - TUBOS ELETRODUTOS KRONA;2026-02-01;768,65
SP;SAO PAULO CAPITAL;01 - TUBOS ELETRODUTOS KRONA;2026-03-01;1079,21
SP;SAO PAULO CAPITAL;01 - TUBOS ELETRODUTOS KRONA;2026-04-01;1012,90
SP;SAO PAULO CAPITAL;01 - TUBOS ELETRODUTOS KRONA;2026-05-01;858,84
SP;SAO PAULO CAPITAL;01 - TUBOS ELETRODUTOS KRONA;2026-06-01;459,91
SP;SAO PAULO CAPITAL;01 - TUBOS ELETRODUTOS KRONA;2026-07-01;572,51
SP;SAO PAULO CAPITAL;01 - TUBOS ELETRODUTOS KRONA;2026-08-01;555,41
SP;SAO PAULO CAPITAL;02 - CONEXOES KRONA;2022-01-01;22503,17
SP;SAO PAULO CAPITAL;02 - CONEXOES KRONA;2022-02-01;53431,12
SP;SAO PAULO CAPITAL;02 - CONEXOES KRONA;2022-03-01;52099,46
SP;SAO PAULO CAPITAL;02 - CONEXOES KRONA;2022-04-01;52405,95
SP;SAO PAULO CAPITAL;02 - CONEXOES KRONA;2022-05-01;68076,84
SP;SAO PAULO CAPITAL;02 - CONEXOES KRONA;2022-06-01;46713,59
SP;SAO PAULO CAPITAL;02 - CONEXOES KRONA;2022-07-01;48605,71
SP;SAO PAULO CAPITAL;02 - CONEXOES KRONA;2022-08-01;53775,53
SP;SAO PAULO CAPITAL;02 - CONEXOES KRONA;2022-09-01;54990,38
SP;SAO PAULO CAPITAL;02 - CONEXOES KRONA;2022-10-01;52786,00
SP;SAO PAULO CAPITAL;02 - CONEXOES KRONA;2022-11-01;48386,40
SP;SAO PAULO CAPITAL;02 - CONEXOES KRONA;2022-12-01;70086,60
SP;SAO PAULO CAPITAL;02 - CONEXOES KRONA;2023-01-01;30482,58
SP;SAO PAULO CAPITAL;02 - CONEXOES KRONA;2023-02-01;49341,96
SP;SAO PAULO CAPITAL;02 - CONEXOES KRONA;2023-03-01;86393,20
SP;SAO PAULO CAPITAL;02 - CONEXOES KRONA;2023-04-01;49803,32
SP;SAO PAULO CAPITAL;02 - CONEXOES KRONA;2023-05-01;55894,53
SP;SAO PAULO CAPITAL;02 - CONEXOES KRONA;2023-06-01;56029,80
SP;SAO PAULO CAPITAL;02 - CONEXOES KRONA;2023-07-01;66220,82
SP;SAO PAULO CAPITAL;02 - CONEXOES KRONA;2023-08-01;56625,07
SP;SAO PAULO CAPITAL;02 - CONEXOES KRONA;2023-09-01;81880,24
SP;SAO PAULO CAPITAL;02 - CONEXOES KRONA;2023-10-01;38977,32
SP;SAO PAULO CAPITAL;02 - CONEXOES KRONA;2023-11-01;63294,89
SP;SAO PAULO CAPITAL;02 - CONEXOES KRONA;2023-12-01;57715,32
SP;SAO PAULO CAPITAL;02 - CONEXOES KRONA;2024-01-01;33404,54
SP;SAO PAULO CAPITAL;02 - CONEXOES KRONA;2024-02-01;54223,08
SP;SAO PAULO CAPITAL;02 - CONEXOES KRONA;2024-03-01;53242,96
SP;SAO PAULO CAPITAL;02 - CONEXOES KRONA;2024-04-01;48011,92
SP;SAO PAULO CAPITAL;02 - CONEXOES KRONA;2024-05-01;62064,16
SP;SAO PAULO CAPITAL;02 - CONEXOES KRONA;2024-06-01;87070,90
SP;SAO PAULO CAPITAL;02 - CONEXOES KRONA;2024-07-01;54398,47
SP;SAO PAULO CAPITAL;02 - CONEXOES KRONA;2024-08-01;27011,28
SP;SAO PAULO CAPITAL;02 - CONEXOES KRONA;2024-09-01;53606,19
SP;SAO PAULO CAPITAL;02 - CONEXOES KRONA;2024-10-01;55863,30
SP;SAO PAULO CAPITAL;02 - CONEXOES KRONA;2024-11-01;30934,56
SP;SAO PAULO CAPITAL;02 - CONEXOES KRONA;2024-12-01;58237,79
SP;SAO PAULO CAPITAL;02 - CONEXOES KRONA;2025-01-01;39927,18
SP;SAO PAULO CAPITAL;02 - CONEXOES KRONA;2025-02-01;44462,07
SP;SAO PAULO CAPITAL;02 - CONEXOES KRONA;2025-03-01;44948,73
SP;SAO PAULO CAPITAL;02 - CONEXOES KRONA;2025-04-01;39231,60
SP;SAO PAULO CAPITAL;02 - CONEXOES KRONA;2025-05-01;64138,47
SP;SAO PAULO CAPITAL;02 - CONEXOES KRONA;2025-06-01;78658,58
SP;SAO PAULO CAPITAL;02 - CONEXOES KRONA;2025-07-01;58720,05
SP;SAO PAULO CAPITAL;02 - CONEXOES KRONA;2025-08-01;42585,39
SP;SAO PAULO CAPITAL;02 - CONEXOES KRONA;2025-09-01;55397,76
SP;SAO PAULO CAPITAL;02 - CONEXOES KRONA;2025-10-01;48734,06
SP;SAO PAULO CAPITAL;02 - CONEXOES KRONA;2025-11-01;33652,45
SP;SAO PAULO CAPITAL;02 - CONEXOES KRONA;2025-12-01;63815,92
SP;SAO PAULO CAPITAL;02 - CONEXOES KRONA;2026-01-01;34468,64
SP;SAO PAULO CAPITAL;02 - CONEXOES KRONA;2026-02-01;48834,33
SP;SAO PAULO CAPITAL;02 - CONEXOES KRONA;2026-03-01;66449,67
SP;SAO PAULO CAPITAL;02 - CONEXOES KRONA;2026-04-01;58588,17
SP;SAO PAULO CAPITAL;02 - CONEXOES KRONA;2026-05-01;71042,10
SP;SAO PAULO CAPITAL;02 - CONEXOES KRONA;2026-06-01;36554,06
SP;SAO PAULO CAPITAL;02 - CONEXOES KRONA;2026-07-01;28267,95
SP;SAO PAULO CAPITAL;02 - CONEXOES KRONA;2026-08-01;50722,16
SP;SAO PAULO CAPITAL;03 - ACESSORIOS KRONA;2022-01-01;2525,19
SP;SAO PAULO CAPITAL;03 - ACESSORIOS KRONA;2022-02-01;6897,02
SP;SAO PAULO CAPITAL;03 - ACESSORIOS KRONA;2022-03-01;7321,72
SP;SAO PAULO CAPITAL;03 - ACESSORIOS KRONA;2022-04-01;7071,98
SP;SAO PAULO CAPITAL;03 - ACESSORIOS KRONA;2022-05-01;6343,95
SP;SAO PAULO CAPITAL;03 - ACESSORIOS KRONA;2022-06-01;6299,11
SP;SAO PAULO CAPITAL;03 - ACESSORIOS KRONA;2022-07-01;9170,55
SP;SAO PAULO CAPITAL;03 - ACESSORIOS KRONA;2022-08-01;5194,01
SP;SAO PAULO CAPITAL;03 - ACESSORIOS KRONA;2022-09-01;5727,49
SP;SAO PAULO CAPITAL;03 - ACESSORIOS KRONA;2022-10-01;5754,71
SP;SAO PAULO CAPITAL;03 - ACESSORIOS KRONA;2022-11-01;6801,71
SP;SAO PAULO CAPITAL;03 - ACESSORIOS KRONA;2022-12-01;5591,51
SP;SAO PAULO CAPITAL;03 - ACESSORIOS KRONA;2023-01-01;3533,98
SP;SAO PAULO CAPITAL;03 - ACESSORIOS KRONA;2023-02-01;6992,41
SP;SAO PAULO CAPITAL;03 - ACESSORIOS KRONA;2023-03-01;12160,01
SP;SAO PAULO CAPITAL;03 - ACESSORIOS KRONA;2023-04-01;8214,40
SP;SAO PAULO CAPITAL;03 - ACESSORIOS KRONA;2023-05-01;5611,98
SP;SAO PAULO CAPITAL;03 - ACESSORIOS KRONA;2023-06-01;7262,37
SP;SAO PAULO CAPITAL;03 - ACESSORIOS KRONA;2023-07-01;10075,06
SP;SAO PAULO CAPITAL;03 - ACESSORIOS KRONA;2023-08-01;9928,65
SP;SAO PAULO CAPITAL;03 - ACESSORIOS KRONA;2023-09-01;11661,80
SP;SAO PAULO CAPITAL;03 - ACESSORIOS KRONA;2023-10-01;3754,27
SP;SAO PAULO CAPITAL;03 - ACESSORIOS KRONA;2023-11-01;17063,92
SP;SAO PAULO CAPITAL;03 - ACESSORIOS KRONA;2023-12-01;6965,65
SP;SAO PAULO CAPITAL;03 - ACESSORIOS KRONA;2024-01-01;4831,38
SP;SAO PAULO CAPITAL;03 - ACESSORIOS KRONA;2024-02-01;10019,05
SP;SAO PAULO CAPITAL;03 - ACESSORIOS KRONA;2024-03-01;11247,98
SP;SAO PAULO CAPITAL;03 - ACESSORIOS KRONA;2024-04-01;10562,96
SP;SAO PAULO CAPITAL;03 - ACESSORIOS KRONA;2024-05-01;10491,63
SP;SAO PAULO CAPITAL;03 - ACESSORIOS KRONA;2024-06-01;6891,95
SP;SAO PAULO CAPITAL;03 - ACESSORIOS KRONA;2024-07-01;8968,13
SP;SAO PAULO CAPITAL;03 - ACESSORIOS KRONA;2024-08-01;7957,74
SP;SAO PAULO CAPITAL;03 - ACESSORIOS KRONA;2024-09-01;5651,96
SP;SAO PAULO CAPITAL;03 - ACESSORIOS KRONA;2024-10-01;8024,84
SP;SAO PAULO CAPITAL;03 - ACESSORIOS KRONA;2024-11-01;7236,66
SP;SAO PAULO CAPITAL;03 - ACESSORIOS KRONA;2024-12-01;9863,35
SP;SAO PAULO CAPITAL;03 - ACESSORIOS KRONA;2025-01-01;6418,34
SP;SAO PAULO CAPITAL;03 - ACESSORIOS KRONA;2025-02-01;11367,54
SP;SAO PAULO CAPITAL;03 - ACESSORIOS KRONA;2025-03-01;6466,13
SP;SAO PAULO CAPITAL;03 - ACESSORIOS KRONA;2025-04-01;6240,18
SP;SAO PAULO CAPITAL;03 - ACESSORIOS KRONA;2025-05-01;9465,02
SP;SAO PAULO CAPITAL;03 - ACESSORIOS KRONA;2025-06-01;10574,09
SP;SAO PAULO CAPITAL;03 - ACESSORIOS KRONA;2025-07-01;6277,82
SP;SAO PAULO CAPITAL;03 - ACESSORIOS KRONA;2025-08-01;8393,15
SP;SAO PAULO CAPITAL;03 - ACESSORIOS KRONA;2025-09-01;9903,25
SP;SAO PAULO CAPITAL;03 - ACESSORIOS KRONA;2025-10-01;9200,08
SP;SAO PAULO CAPITAL;03 - ACESSORIOS KRONA;2025-11-01;6718,07
SP;SAO PAULO CAPITAL;03 - ACESSORIOS KRONA;2025-12-01;12800,88
SP;SAO PAULO CAPITAL;03 - ACESSORIOS KRONA;2026-01-01;7223,73
SP;SAO PAULO CAPITAL;03 - ACESSORIOS KRONA;2026-02-01;10020,19
SP;SAO PAULO CAPITAL;03 - ACESSORIOS KRONA;2026-03-01;11945,28
SP;SAO PAULO CAPITAL;03 - ACESSORIOS KRONA;2026-04-01;10762,82
SP;SAO PAULO CAPITAL;03 - ACESSORIOS KRONA;2026-05-01;13854,29
SP;SAO PAULO CAPITAL;03 - ACESSORIOS KRONA;2026-06-01;8927,28
SP;SAO PAULO CAPITAL;03 - ACESSORIOS KRONA;2026-07-01;4990,49
SP;SAO PAULO CAPITAL;03 - ACESSORIOS KRONA;2026-08-01;7801,60
SP;SAO PAULO CAPITAL;04 - PRODUTOS REVENDA;2022-01-01;1182,40
SP;SAO PAULO CAPITAL;04 - PRODUTOS REVENDA;2022-02-01;3627,57
SP;SAO PAULO CAPITAL;04 - PRODUTOS REVENDA;2022-03-01;3240,95
SP;SAO PAULO CAPITAL;04 - PRODUTOS REVENDA;2022-04-01;3333,04
SP;SAO PAULO CAPITAL;04 - PRODUTOS REVENDA;2022-05-01;4839,21
SP;SAO PAULO CAPITAL;04 - PRODUTOS REVENDA;2022-06-01;3297,86
SP;SAO PAULO CAPITAL;04 - PRODUTOS REVENDA;2022-07-01;2797,80
SP;SAO PAULO CAPITAL;04 - PRODUTOS REVENDA;2022-08-01;4238,14
SP;SAO PAULO CAPITAL;04 - PRODUTOS REVENDA;2022-09-01;3494,93
SP;SAO PAULO CAPITAL;04 - PRODUTOS REVENDA;2022-10-01;3932,71
SP;SAO PAULO CAPITAL;04 - PRODUTOS REVENDA;2022-11-01;3238,48
SP;SAO PAULO CAPITAL;04 - PRODUTOS REVENDA;2022-12-01;4713,40
SP;SAO PAULO CAPITAL;04 - PRODUTOS REVENDA;2023-01-01;2177,97
SP;SAO PAULO CAPITAL;04 - PRODUTOS REVENDA;2023-02-01;4292,77
SP;SAO PAULO CAPITAL;04 - PRODUTOS REVENDA;2023-03-01;4876,21
SP;SAO PAULO CAPITAL;04 - PRODUTOS REVENDA;2023-04-01;3815,03
SP;SAO PAULO CAPITAL;04 - PRODUTOS REVENDA;2023-05-01;4366,05
SP;SAO PAULO CAPITAL;04 - PRODUTOS REVENDA;2023-06-01;3516,87
SP;SAO PAULO CAPITAL;04 - PRODUTOS REVENDA;2023-07-01;4246,96
SP;SAO PAULO CAPITAL;04 - PRODUTOS REVENDA;2023-08-01;3717,76
SP;SAO PAULO CAPITAL;04 - PRODUTOS REVENDA;2023-09-01;6045,43
SP;SAO PAULO CAPITAL;04 - PRODUTOS REVENDA;2023-10-01;3706,66
SP;SAO PAULO CAPITAL;04 - PRODUTOS REVENDA;2023-11-01;5139,13
SP;SAO PAULO CAPITAL;04 - PRODUTOS REVENDA;2023-12-01;4384,66
SP;SAO PAULO CAPITAL;04 - PRODUTOS REVENDA;2024-01-01;2683,36
SP;SAO PAULO CAPITAL;04 - PRODUTOS REVENDA;2024-02-01;4013,03
SP;SAO PAULO CAPITAL;04 - PRODUTOS REVENDA;2024-03-01;3972,20
SP;SAO PAULO CAPITAL;04 - PRODUTOS REVENDA;2024-04-01;3980,16
SP;SAO PAULO CAPITAL;04 - PRODUTOS REVENDA;2024-05-01;5028,75
SP;SAO PAULO CAPITAL;04 - PRODUTOS REVENDA;2024-06-01;5782,84
SP;SAO PAULO CAPITAL;04 - PRODUTOS REVENDA;2024-07-01;3410,65
SP;SAO PAULO CAPITAL;04 - PRODUTOS REVENDA;2024-08-01;2034,98
SP;SAO PAULO CAPITAL;04 - PRODUTOS REVENDA;2024-09-01;3689,18
SP;SAO PAULO CAPITAL;04 - PRODUTOS REVENDA;2024-10-01;4600,45
SP;SAO PAULO CAPITAL;04 - PRODUTOS REVENDA;2024-11-01;2248,50
SP;SAO PAULO CAPITAL;04 - PRODUTOS REVENDA;2024-12-01;4092,64
SP;SAO PAULO CAPITAL;04 - PRODUTOS REVENDA;2025-01-01;3139,45
SP;SAO PAULO CAPITAL;04 - PRODUTOS REVENDA;2025-02-01;3261,65
SP;SAO PAULO CAPITAL;04 - PRODUTOS REVENDA;2025-03-01;3548,51
SP;SAO PAULO CAPITAL;04 - PRODUTOS REVENDA;2025-04-01;3025,44
SP;SAO PAULO CAPITAL;04 - PRODUTOS REVENDA;2025-05-01;4429,50
SP;SAO PAULO CAPITAL;04 - PRODUTOS REVENDA;2025-06-01;4613,00
SP;SAO PAULO CAPITAL;04 - PRODUTOS REVENDA;2025-07-01;4104,60
SP;SAO PAULO CAPITAL;04 - PRODUTOS REVENDA;2025-08-01;2599,29
SP;SAO PAULO CAPITAL;04 - PRODUTOS REVENDA;2025-09-01;3750,67
SP;SAO PAULO CAPITAL;04 - PRODUTOS REVENDA;2025-10-01;4063,91
SP;SAO PAULO CAPITAL;04 - PRODUTOS REVENDA;2025-11-01;2227,29
SP;SAO PAULO CAPITAL;04 - PRODUTOS REVENDA;2025-12-01;4039,17
SP;SAO PAULO CAPITAL;04 - PRODUTOS REVENDA;2026-01-01;1373,87
SP;SAO PAULO CAPITAL;04 - PRODUTOS REVENDA;2026-02-01;3513,14
SP;SAO PAULO CAPITAL;04 - PRODUTOS REVENDA;2026-03-01;4798,83
SP;SAO PAULO CAPITAL;04 - PRODUTOS REVENDA;2026-04-01;3756,29
SP;SAO PAULO CAPITAL;04 - PRODUTOS REVENDA;2026-05-01;4296,27
SP;SAO PAULO CAPITAL;04 - PRODUTOS REVENDA;2026-06-01;2383,26
SP;SAO PAULO CAPITAL;04 - PRODUTOS REVENDA;2026-07-01;2269,14
SP;SAO PAULO CAPITAL;04 - PRODUTOS REVENDA;2026-08-01;4601,57
SP;SAO PAULO CAPITAL;29 - PPR;2022-01-01;2,16
SP;SAO PAULO CAPITAL;29 - PPR;2022-02-01;27,73
SP;SAO PAULO CAPITAL;29 - PPR;2022-03-01;2,65
SP;SAO PAULO CAPITAL;29 - PPR;2022-04-01;17,30
SP;SAO PAULO CAPITAL;29 - PPR;2022-05-01;97,79
SP;SAO PAULO CAPITAL;29 - PPR;2022-06-01;126,66
SP;SAO PAULO CAPITAL;29 - PPR;2022-07-01;75,58
SP;SAO PAULO CAPITAL;29 - PPR;2022-08-01;15,89
SP;SAO PAULO CAPITAL;29 - PPR;2022-09-01;89,79
SP;SAO PAULO CAPITAL;29 - PPR;2022-10-01;7,57
SP;SAO PAULO CAPITAL;29 - PPR;2022-11-01;58,27
SP;SAO PAULO CAPITAL;29 - PPR;2022-12-01;160,38
SP;SAO PAULO CAPITAL;29 - PPR;2023-01-01;153,56
SP;SAO PAULO CAPITAL;29 - PPR;2023-02-01;23,55
SP;SAO PAULO CAPITAL;29 - PPR;2023-03-01;96,70
SP;SAO PAULO CAPITAL;29 - PPR;2023-04-01;27,08
SP;SAO PAULO CAPITAL;29 - PPR;2023-05-01;8,40
SP;SAO PAULO CAPITAL;29 - PPR;2023-06-01;268,07
SP;SAO PAULO CAPITAL;29 - PPR;2023-07-01;307,35
SP;SAO PAULO CAPITAL;29 - PPR;2023-08-01;147,81
SP;SAO PAULO CAPITAL;29 - PPR;2023-09-01;123,41
SP;SAO PAULO CAPITAL;29 - PPR;2023-10-01;43,48
SP;SAO PAULO CAPITAL;29 - PPR;2023-11-01;42,82
SP;SAO PAULO CAPITAL;29 - PPR;2023-12-01;84,48
SP;SAO PAULO CAPITAL;29 - PPR;2024-01-01;41,33
SP;SAO PAULO CAPITAL;29 - PPR;2024-02-01;32,86
SP;SAO PAULO CAPITAL;29 - PPR;2024-03-01;21,29
SP;SAO PAULO CAPITAL;29 - PPR;2024-04-01;44,74
SP;SAO PAULO CAPITAL;29 - PPR;2024-05-01;42,79
SP;SAO PAULO CAPITAL;29 - PPR;2024-06-01;124,74
SP;SAO PAULO CAPITAL;29 - PPR;2024-07-01;64,95
SP;SAO PAULO CAPITAL;29 - PPR;2024-08-01;8,07
SP;SAO PAULO CAPITAL;29 - PPR;2024-09-01;28,07
SP;SAO PAULO CAPITAL;29 - PPR;2024-10-01;81,59
SP;SAO PAULO CAPITAL;29 - PPR;2024-11-01;52,99
SP;SAO PAULO CAPITAL;29 - PPR;2024-12-01;50,75
SP;SAO PAULO CAPITAL;29 - PPR;2025-01-01;23,91
SP;SAO PAULO CAPITAL;29 - PPR;2025-02-01;38,44
SP;SAO PAULO CAPITAL;29 - PPR;2025-03-01;45,90
SP;SAO PAULO CAPITAL;29 - PPR;2025-04-01;47,33
SP;SAO PAULO CAPITAL;29 - PPR;2025-05-01;34,54
SP;SAO PAULO CAPITAL;29 - PPR;2025-06-01;48,88
SP;SAO PAULO CAPITAL;29 - PPR;2025-07-01;460,35
SP;SAO PAULO CAPITAL;29 - PPR;2025-08-01;10,85
SP;SAO PAULO CAPITAL;29 - PPR;2025-09-01;187,01
SP;SAO PAULO CAPITAL;29 - PPR;2025-10-01;135,91
SP;SAO PAULO CAPITAL;29 - PPR;2025-11-01;20,12
SP;SAO PAULO CAPITAL;29 - PPR;2025-12-01;55,33
SP;SAO PAULO CAPITAL;29 - PPR;2026-01-01;3,69
SP;SAO PAULO CAPITAL;29 - PPR;2026-02-01;22,25
SP;SAO PAULO CAPITAL;29 - PPR;2026-03-01;93,14
SP;SAO PAULO CAPITAL;29 - PPR;2026-04-01;63,71
SP;SAO PAULO CAPITAL;29 - PPR;2026-05-01;72,93
SP;SAO PAULO CAPITAL;29 - PPR;2026-06-01;236,86
SP;SAO PAULO CAPITAL;29 - PPR;2026-07-01;88,47
SP;SAO PAULO CAPITAL;29 - PPR;2026-08-01;113,48
SP;SAO PAULO CAPITAL;30 - ELETRODUTOS CORRUGADOS KRONA;2022-01-01;2523,81
SP;SAO PAULO CAPITAL;30 - ELETRODUTOS CORRUGADOS KRONA;2022-02-01;9411,13
SP;SAO PAULO CAPITAL;30 - ELETRODUTOS CORRUGADOS KRONA;2022-03-01;12314,22
SP;SAO PAULO CAPITAL;30 - ELETRODUTOS CORRUGADOS KRONA;2022-04-01;7291,25
SP;SAO PAULO CAPITAL;30 - ELETRODUTOS CORRUGADOS KRONA;2022-05-01;13648,58
SP;SAO PAULO CAPITAL;30 - ELETRODUTOS CORRUGADOS KRONA;2022-06-01;7693,44
SP;SAO PAULO CAPITAL;30 - ELETRODUTOS CORRUGADOS KRONA;2022-07-01;9483,80
SP;SAO PAULO CAPITAL;30 - ELETRODUTOS CORRUGADOS KRONA;2022-08-01;8983,59
SP;SAO PAULO CAPITAL;30 - ELETRODUTOS CORRUGADOS KRONA;2022-09-01;13179,85
SP;SAO PAULO CAPITAL;30 - ELETRODUTOS CORRUGADOS KRONA;2022-10-01;7795,12
SP;SAO PAULO CAPITAL;30 - ELETRODUTOS CORRUGADOS KRONA;2022-11-01;5761,46
SP;SAO PAULO CAPITAL;30 - ELETRODUTOS CORRUGADOS KRONA;2022-12-01;10109,37
SP;SAO PAULO CAPITAL;30 - ELETRODUTOS CORRUGADOS KRONA;2023-01-01;3084,44
SP;SAO PAULO CAPITAL;30 - ELETRODUTOS CORRUGADOS KRONA;2023-02-01;11344,08
SP;SAO PAULO CAPITAL;30 - ELETRODUTOS CORRUGADOS KRONA;2023-03-01;29408,45
SP;SAO PAULO CAPITAL;30 - ELETRODUTOS CORRUGADOS KRONA;2023-04-01;12585,81
SP;SAO PAULO CAPITAL;30 - ELETRODUTOS CORRUGADOS KRONA;2023-05-01;18395,19
SP;SAO PAULO CAPITAL;30 - ELETRODUTOS CORRUGADOS KRONA;2023-06-01;22723,67
SP;SAO PAULO CAPITAL;30 - ELETRODUTOS CORRUGADOS KRONA;2023-07-01;32563,44
SP;SAO PAULO CAPITAL;30 - ELETRODUTOS CORRUGADOS KRONA;2023-08-01;11339,58
SP;SAO PAULO CAPITAL;30 - ELETRODUTOS CORRUGADOS KRONA;2023-09-01;38867,83
SP;SAO PAULO CAPITAL;30 - ELETRODUTOS CORRUGADOS KRONA;2023-10-01;7111,51
SP;SAO PAULO CAPITAL;30 - ELETRODUTOS CORRUGADOS KRONA;2023-11-01;22731,02
SP;SAO PAULO CAPITAL;30 - ELETRODUTOS CORRUGADOS KRONA;2023-12-01;8619,80
SP;SAO PAULO CAPITAL;30 - ELETRODUTOS CORRUGADOS KRONA;2024-01-01;16904,26
SP;SAO PAULO CAPITAL;30 - ELETRODUTOS CORRUGADOS KRONA;2024-02-01;8650,86
SP;SAO PAULO CAPITAL;30 - ELETRODUTOS CORRUGADOS KRONA;2024-03-01;26339,06
SP;SAO PAULO CAPITAL;30 - ELETRODUTOS CORRUGADOS KRONA;2024-04-01;13581,45
SP;SAO PAULO CAPITAL;30 - ELETRODUTOS CORRUGADOS KRONA;2024-05-01;18861,31
SP;SAO PAULO CAPITAL;30 - ELETRODUTOS CORRUGADOS KRONA;2024-06-01;14500,72
SP;SAO PAULO CAPITAL;30 - ELETRODUTOS CORRUGADOS KRONA;2024-07-01;22711,89
SP;SAO PAULO CAPITAL;30 - ELETRODUTOS CORRUGADOS KRONA;2024-08-01;12482,78
SP;SAO PAULO CAPITAL;30 - ELETRODUTOS CORRUGADOS KRONA;2024-09-01;7873,34
SP;SAO PAULO CAPITAL;30 - ELETRODUTOS CORRUGADOS KRONA;2024-10-01;33311,76
SP;SAO PAULO CAPITAL;30 - ELETRODUTOS CORRUGADOS KRONA;2024-11-01;19066,80
SP;SAO PAULO CAPITAL;30 - ELETRODUTOS CORRUGADOS KRONA;2024-12-01;6188,34
SP;SAO PAULO CAPITAL;30 - ELETRODUTOS CORRUGADOS KRONA;2025-01-01;12447,47
SP;SAO PAULO CAPITAL;30 - ELETRODUTOS CORRUGADOS KRONA;2025-02-01;22100,54
SP;SAO PAULO CAPITAL;30 - ELETRODUTOS CORRUGADOS KRONA;2025-03-01;6806,74
SP;SAO PAULO CAPITAL;30 - ELETRODUTOS CORRUGADOS KRONA;2025-04-01;10705,45
SP;SAO PAULO CAPITAL;30 - ELETRODUTOS CORRUGADOS KRONA;2025-05-01;20138,22
SP;SAO PAULO CAPITAL;30 - ELETRODUTOS CORRUGADOS KRONA;2025-06-01;29861,53
SP;SAO PAULO CAPITAL;30 - ELETRODUTOS CORRUGADOS KRONA;2025-07-01;10017,39
SP;SAO PAULO CAPITAL;30 - ELETRODUTOS CORRUGADOS KRONA;2025-08-01;23163,52
SP;SAO PAULO CAPITAL;30 - ELETRODUTOS CORRUGADOS KRONA;2025-09-01;25651,33
SP;SAO PAULO CAPITAL;30 - ELETRODUTOS CORRUGADOS KRONA;2025-10-01;5860,80
SP;SAO PAULO CAPITAL;30 - ELETRODUTOS CORRUGADOS KRONA;2025-11-01;4962,27
SP;SAO PAULO CAPITAL;30 - ELETRODUTOS CORRUGADOS KRONA;2025-12-01;7597,63
SP;SAO PAULO CAPITAL;30 - ELETRODUTOS CORRUGADOS KRONA;2026-01-01;1411,27
SP;SAO PAULO CAPITAL;30 - ELETRODUTOS CORRUGADOS KRONA;2026-02-01;13755,49
SP;SAO PAULO CAPITAL;30 - ELETRODUTOS CORRUGADOS KRONA;2026-03-01;14568,42
SP;SAO PAULO CAPITAL;30 - ELETRODUTOS CORRUGADOS KRONA;2026-04-01;24256,28
SP;SAO PAULO CAPITAL;30 - ELETRODUTOS CORRUGADOS KRONA;2026-05-01;15907,77
SP;SAO PAULO CAPITAL;30 - ELETRODUTOS CORRUGADOS KRONA;2026-06-01;7346,97
SP;SAO PAULO CAPITAL;30 - ELETRODUTOS CORRUGADOS KRONA;2026-07-01;5154,66
SP;SAO PAULO CAPITAL;30 - ELETRODUTOS CORRUGADOS KRONA;2026-08-01;12743,12
SP;SAO PAULO CAPITAL;31 - CPVC ULTRATERM;2022-01-01;363,51
SP;SAO PAULO CAPITAL;31 - CPVC ULTRATERM;2022-02-01;1172,57
SP;SAO PAULO CAPITAL;31 - CPVC ULTRATERM;2022-03-01;1843,56
SP;SAO PAULO CAPITAL;31 - CPVC ULTRATERM;2022-04-01;1641,26
SP;SAO PAULO CAPITAL;31 - CPVC ULTRATERM;2022-05-01;1522,89
SP;SAO PAULO CAPITAL;31 - CPVC ULTRATERM;2022-06-01;1032,61
SP;SAO PAULO CAPITAL;31 - CPVC ULTRATERM;2022-07-01;1677,25
SP;SAO PAULO CAPITAL;31 - CPVC ULTRATERM;2022-08-01;2050,63
SP;SAO PAULO CAPITAL;31 - CPVC ULTRATERM;2022-09-01;1583,43
SP;SAO PAULO CAPITAL;31 - CPVC ULTRATERM;2022-10-01;1925,20
SP;SAO PAULO CAPITAL;31 - CPVC ULTRATERM;2022-11-01;902,01
SP;SAO PAULO CAPITAL;31 - CPVC ULTRATERM;2022-12-01;1247,02
SP;SAO PAULO CAPITAL;31 - CPVC ULTRATERM;2023-01-01;139,79
SP;SAO PAULO CAPITAL;31 - CPVC ULTRATERM;2023-02-01;952,59
SP;SAO PAULO CAPITAL;31 - CPVC ULTRATERM;2023-03-01;1236,27
SP;SAO PAULO CAPITAL;31 - CPVC ULTRATERM;2023-04-01;620,39
SP;SAO PAULO CAPITAL;31 - CPVC ULTRATERM;2023-05-01;1001,50
SP;SAO PAULO CAPITAL;31 - CPVC ULTRATERM;2023-06-01;1334,38
SP;SAO PAULO CAPITAL;31 - CPVC ULTRATERM;2023-07-01;1120,14
SP;SAO PAULO CAPITAL;31 - CPVC ULTRATERM;2023-08-01;1065,80
SP;SAO PAULO CAPITAL;31 - CPVC ULTRATERM;2023-09-01;1264,08
SP;SAO PAULO CAPITAL;31 - CPVC ULTRATERM;2023-10-01;734,81
SP;SAO PAULO CAPITAL;31 - CPVC ULTRATERM;2023-11-01;716,38
SP;SAO PAULO CAPITAL;31 - CPVC ULTRATERM;2023-12-01;681,97
SP;SAO PAULO CAPITAL;31 - CPVC ULTRATERM;2024-01-01;602,38
SP;SAO PAULO CAPITAL;31 - CPVC ULTRATERM;2024-02-01;797,70
SP;SAO PAULO CAPITAL;31 - CPVC ULTRATERM;2024-03-01;687,03
SP;SAO PAULO CAPITAL;31 - CPVC ULTRATERM;2024-04-01;817,29
SP;SAO PAULO CAPITAL;31 - CPVC ULTRATERM;2024-05-01;515,48
SP;SAO PAULO CAPITAL;31 - CPVC ULTRATERM;2024-06-01;1026,43
SP;SAO PAULO CAPITAL;31 - CPVC ULTRATERM;2024-07-01;590,04
SP;SAO PAULO CAPITAL;31 - CPVC ULTRATERM;2024-08-01;543,08
SP;SAO PAULO CAPITAL;31 - CPVC ULTRATERM;2024-09-01;571,80
SP;SAO PAULO CAPITAL;31 - CPVC ULTRATERM;2024-10-01;665,08
SP;SAO PAULO CAPITAL;31 - CPVC ULTRATERM;2024-11-01;365,64
SP;SAO PAULO CAPITAL;31 - CPVC ULTRATERM;2024-12-01;831,23
SP;SAO PAULO CAPITAL;31 - CPVC ULTRATERM;2025-01-01;432,41
SP;SAO PAULO CAPITAL;31 - CPVC ULTRATERM;2025-02-01;487,52
SP;SAO PAULO CAPITAL;31 - CPVC ULTRATERM;2025-03-01;531,77
SP;SAO PAULO CAPITAL;31 - CPVC ULTRATERM;2025-04-01;437,10
SP;SAO PAULO CAPITAL;31 - CPVC ULTRATERM;2025-05-01;785,89
SP;SAO PAULO CAPITAL;31 - CPVC ULTRATERM;2025-06-01;497,44
SP;SAO PAULO CAPITAL;31 - CPVC ULTRATERM;2025-07-01;822,74
SP;SAO PAULO CAPITAL;31 - CPVC ULTRATERM;2025-08-01;388,92
SP;SAO PAULO CAPITAL;31 - CPVC ULTRATERM;2025-09-01;776,28
SP;SAO PAULO CAPITAL;31 - CPVC ULTRATERM;2025-10-01;928,43
SP;SAO PAULO CAPITAL;31 - CPVC ULTRATERM;2025-11-01;1203,90
SP;SAO PAULO CAPITAL;31 - CPVC ULTRATERM;2025-12-01;885,63
SP;SAO PAULO CAPITAL;31 - CPVC ULTRATERM;2026-01-01;550,58
SP;SAO PAULO CAPITAL;31 - CPVC ULTRATERM;2026-02-01;640,93
SP;SAO PAULO CAPITAL;31 - CPVC ULTRATERM;2026-03-01;1095,31
SP;SAO PAULO CAPITAL;31 - CPVC ULTRATERM;2026-04-01;836,12
SP;SAO PAULO CAPITAL;31 - CPVC ULTRATERM;2026-05-01;930,29
SP;SAO PAULO CAPITAL;31 - CPVC ULTRATERM;2026-06-01;573,04
SP;SAO PAULO CAPITAL;31 - CPVC ULTRATERM;2026-07-01;570,71
SP;SAO PAULO CAPITAL;31 - CPVC ULTRATERM;2026-08-01;886,65
SP;SAO PAULO CAPITAL 2;00 - TUBOS PVC KRONA;2022-01-01;134,14
SP;SAO PAULO CAPITAL 2;00 - TUBOS PVC KRONA;2022-02-01;101056,72
SP;SAO PAULO CAPITAL 2;00 - TUBOS PVC KRONA;2022-03-01;465501,31
SP;SAO PAULO CAPITAL 2;00 - TUBOS PVC KRONA;2022-04-01;403974,08
SP;SAO PAULO CAPITAL 2;00 - TUBOS PVC KRONA;2022-05-01;112527,68
SP;SAO PAULO CAPITAL 2;00 - TUBOS PVC KRONA;2022-06-01;540527,97
SP;SAO PAULO CAPITAL 2;00 - TUBOS PVC KRONA;2022-07-01;43830,76
SP;SAO PAULO CAPITAL 2;00 - TUBOS PVC KRONA;2022-08-01;101830,20
SP;SAO PAULO CAPITAL 2;00 - TUBOS PVC KRONA;2022-09-01;116168,21
SP;SAO PAULO CAPITAL 2;00 - TUBOS PVC KRONA;2022-10-01;665539,38
SP;SAO PAULO CAPITAL 2;00 - TUBOS PVC KRONA;2022-11-01;88858,15
SP;SAO PAULO CAPITAL 2;00 - TUBOS PVC KRONA;2022-12-01;764713,54
SP;SAO PAULO CAPITAL 2;00 - TUBOS PVC KRONA;2023-01-01;14232,22
SP;SAO PAULO CAPITAL 2;00 - TUBOS PVC KRONA;2023-02-01;129978,87
SP;SAO PAULO CAPITAL 2;00 - TUBOS PVC KRONA;2023-03-01;496364,38
SP;SAO PAULO CAPITAL 2;00 - TUBOS PVC KRONA;2023-04-01;169401,97
SP;SAO PAULO CAPITAL 2;00 - TUBOS PVC KRONA;2023-05-01;498393,98
SP;SAO PAULO CAPITAL 2;00 - TUBOS PVC KRONA;2023-06-01;223555,01
SP;SAO PAULO CAPITAL 2;00 - TUBOS PVC KRONA;2023-07-01;253134,85
SP;SAO PAULO CAPITAL 2;00 - TUBOS PVC KRONA;2023-08-01;121320,61
SP;SAO PAULO CAPITAL 2;00 - TUBOS PVC KRONA;2023-09-01;941614,45
SP;SAO PAULO CAPITAL 2;00 - TUBOS PVC KRONA;2023-10-01;2171,63
SP;SAO PAULO CAPITAL 2;00 - TUBOS PVC KRONA;2023-11-01;36484,69
SP;SAO PAULO CAPITAL 2;00 - TUBOS PVC KRONA;2023-12-01;823366,26
SP;SAO PAULO CAPITAL 2;00 - TUBOS PVC KRONA;2024-01-01;9433,34
SP;SAO PAULO CAPITAL 2;00 - TUBOS PVC KRONA;2024-02-01;86152,01
SP;SAO PAULO CAPITAL 2;00 - TUBOS PVC KRONA;2024-03-01;508012,45
SP;SAO PAULO CAPITAL 2;00 - TUBOS PVC KRONA;2024-04-01;218776,06
SP;SAO PAULO CAPITAL 2;00 - TUBOS PVC KRONA;2024-05-01;44438,86
SP;SAO PAULO CAPITAL 2;00 - TUBOS PVC KRONA;2024-06-01;629234,67
SP;SAO PAULO CAPITAL 2;00 - TUBOS PVC KRONA;2024-07-01;364935,99
SP;SAO PAULO CAPITAL 2;00 - TUBOS PVC KRONA;2024-08-01;124533,72
SP;SAO PAULO CAPITAL 2;00 - TUBOS PVC KRONA;2024-09-01;83407,83
SP;SAO PAULO CAPITAL 2;00 - TUBOS PVC KRONA;2024-10-01;333337,07
SP;SAO PAULO CAPITAL 2;00 - TUBOS PVC KRONA;2024-11-01;207031,45
SP;SAO PAULO CAPITAL 2;00 - TUBOS PVC KRONA;2024-12-01;356555,45
SP;SAO PAULO CAPITAL 2;00 - TUBOS PVC KRONA;2025-01-01;64023,32
SP;SAO PAULO CAPITAL 2;00 - TUBOS PVC KRONA;2025-02-01;350655,36
SP;SAO PAULO CAPITAL 2;00 - TUBOS PVC KRONA;2025-03-01;522431,57
SP;SAO PAULO CAPITAL 2;00 - TUBOS PVC KRONA;2025-04-01;163000,03
SP;SAO PAULO CAPITAL 2;00 - TUBOS PVC KRONA;2025-05-01;394871,62
SP;SAO PAULO CAPITAL 2;00 - TUBOS PVC KRONA;2025-06-01;574262,93
SP;SAO PAULO CAPITAL 2;00 - TUBOS PVC KRONA;2025-07-01;62,57
SP;SAO PAULO CAPITAL 2;00 - TUBOS PVC KRONA;2025-08-01;353888,17
SP;SAO PAULO CAPITAL 2;00 - TUBOS PVC KRONA;2025-09-01;118754,65
SP;SAO PAULO CAPITAL 2;00 - TUBOS PVC KRONA;2025-10-01;327847,91
SP;SAO PAULO CAPITAL 2;00 - TUBOS PVC KRONA;2025-11-01;165875,18
SP;SAO PAULO CAPITAL 2;00 - TUBOS PVC KRONA;2025-12-01;798391,54
SP;SAO PAULO CAPITAL 2;00 - TUBOS PVC KRONA;2026-01-01;733,85
SP;SAO PAULO CAPITAL 2;00 - TUBOS PVC KRONA;2026-02-01;85267,83
SP;SAO PAULO CAPITAL 2;00 - TUBOS PVC KRONA;2026-03-01;827373,05
SP;SAO PAULO CAPITAL 2;00 - TUBOS PVC KRONA;2026-04-01;437972,79
SP;SAO PAULO CAPITAL 2;00 - TUBOS PVC KRONA;2026-05-01;7603,74
SP;SAO PAULO CAPITAL 2;00 - TUBOS PVC KRONA;2026-06-01;92915,52
SP;SAO PAULO CAPITAL 2;00 - TUBOS PVC KRONA;2026-07-01;185232,42
SP;SAO PAULO CAPITAL 2;00 - TUBOS PVC KRONA;2026-08-01;115363,33
SP;SAO PAULO CAPITAL 2;01 - TUBOS ELETRODUTOS KRONA;2022-04-01;40,75
SP;SAO PAULO CAPITAL 2;01 - TUBOS ELETRODUTOS KRONA;2022-05-01;32,00
SP;SAO PAULO CAPITAL 2;01 - TUBOS ELETRODUTOS KRONA;2022-06-01;96,00
SP;SAO PAULO CAPITAL 2;01 - TUBOS ELETRODUTOS KRONA;2022-07-01;72,00
SP;SAO PAULO CAPITAL 2;01 - TUBOS ELETRODUTOS KRONA;2022-08-01;81,00
SP;SAO PAULO CAPITAL 2;01 - TUBOS ELETRODUTOS KRONA;2022-09-01;43,40
SP;SAO PAULO CAPITAL 2;01 - TUBOS ELETRODUTOS KRONA;2022-11-01;8,21
SP;SAO PAULO CAPITAL 2;01 - TUBOS ELETRODUTOS KRONA;2022-12-01;190,70
SP;SAO PAULO CAPITAL 2;01 - TUBOS ELETRODUTOS KRONA;2023-02-01;148,06
SP;SAO PAULO CAPITAL 2;01 - TUBOS ELETRODUTOS KRONA;2023-03-01;230,52
SP;SAO PAULO CAPITAL 2;01 - TUBOS ELETRODUTOS KRONA;2023-04-01;239,14
SP;SAO PAULO CAPITAL 2;01 - TUBOS ELETRODUTOS KRONA;2023-05-01;191,05
SP;SAO PAULO CAPITAL 2;01 - TUBOS ELETRODUTOS KRONA;2023-06-01;18,00
SP;SAO PAULO CAPITAL 2;01 - TUBOS ELETRODUTOS KRONA;2023-07-01;170,40
SP;SAO PAULO CAPITAL 2;01 - TUBOS ELETRODUTOS KRONA;2023-08-01;92,50
SP;SAO PAULO CAPITAL 2;01 - TUBOS ELETRODUTOS KRONA;2023-09-01;740,30
SP;SAO PAULO CAPITAL 2;01 - TUBOS ELETRODUTOS KRONA;2023-12-01;1124,68
SP;SAO PAULO CAPITAL 2;01 - TUBOS ELETRODUTOS KRONA;2024-02-01;36,00
SP;SAO PAULO CAPITAL 2;01 - TUBOS ELETRODUTOS KRONA;2024-03-01;1097,50
SP;SAO PAULO CAPITAL 2;01 - TUBOS ELETRODUTOS KRONA;2024-04-01;354,50
SP;SAO PAULO CAPITAL 2;01 - TUBOS ELETRODUTOS KRONA;2024-05-01;36,00
SP;SAO PAULO CAPITAL 2;01 - TUBOS ELETRODUTOS KRONA;2024-06-01;516,71
SP;SAO PAULO CAPITAL 2;01 - TUBOS ELETRODUTOS KRONA;2024-07-01;157,20
SP;SAO PAULO CAPITAL 2;01 - TUBOS ELETRODUTOS KRONA;2024-08-01;36,00
SP;SAO PAULO CAPITAL 2;01 - TUBOS ELETRODUTOS KRONA;2024-10-01;129,00
SP;SAO PAULO CAPITAL 2;01 - TUBOS ELETRODUTOS KRONA;2024-11-01;84,00
SP;SAO PAULO CAPITAL 2;01 - TUBOS ELETRODUTOS KRONA;2024-12-01;9,00
SP;SAO PAULO CAPITAL 2;01 - TUBOS ELETRODUTOS KRONA;2025-03-01;397,88
SP;SAO PAULO CAPITAL 2;01 - TUBOS ELETRODUTOS KRONA;2025-05-01;209,28
SP;SAO PAULO CAPITAL 2;01 - TUBOS ELETRODUTOS KRONA;2025-07-01;36,00
SP;SAO PAULO CAPITAL 2;01 - TUBOS ELETRODUTOS KRONA;2025-08-01;18,00
SP;SAO PAULO CAPITAL 2;01 - TUBOS ELETRODUTOS KRONA;2025-09-01;69,00
SP;SAO PAULO CAPITAL 2;01 - TUBOS ELETRODUTOS KRONA;2025-11-01;108,00
SP;SAO PAULO CAPITAL 2;01 - TUBOS ELETRODUTOS KRONA;2025-12-01;18,00
SP;SAO PAULO CAPITAL 2;01 - TUBOS ELETRODUTOS KRONA;2026-02-01;216,00
SP;SAO PAULO CAPITAL 2;01 - TUBOS ELETRODUTOS KRONA;2026-03-01;477,00
SP;SAO PAULO CAPITAL 2;01 - TUBOS ELETRODUTOS KRONA;2026-04-01;56,50
SP;SAO PAULO CAPITAL 2;02 - CONEXOES KRONA;2022-01-01;941,28
SP;SAO PAULO CAPITAL 2;02 - CONEXOES KRONA;2022-02-01;42607,51
SP;SAO PAULO CAPITAL 2;02 - CONEXOES KRONA;2022-03-01;162518,03
SP;SAO PAULO CAPITAL 2;02 - CONEXOES KRONA;2022-04-01;113637,03
SP;SAO PAULO CAPITAL 2;02 - CONEXOES KRONA;2022-05-01;47713,21
SP;SAO PAULO CAPITAL 2;02 - CONEXOES KRONA;2022-06-01;126286,98
SP;SAO PAULO CAPITAL 2;02 - CONEXOES KRONA;2022-07-01;22999,79
SP;SAO PAULO CAPITAL 2;02 - CONEXOES KRONA;2022-08-01;34950,48
SP;SAO PAULO CAPITAL 2;02 - CONEXOES KRONA;2022-09-01;95514,02
SP;SAO PAULO CAPITAL 2;02 - CONEXOES KRONA;2022-10-01;146432,08
SP;SAO PAULO CAPITAL 2;02 - CONEXOES KRONA;2022-11-01;20810,12
SP;SAO PAULO CAPITAL 2;02 - CONEXOES KRONA;2022-12-01;158843,05
SP;SAO PAULO CAPITAL 2;02 - CONEXOES KRONA;2023-01-01;10581,38
SP;SAO PAULO CAPITAL 2;02 - CONEXOES KRONA;2023-02-01;52000,64
SP;SAO PAULO CAPITAL 2;02 - CONEXOES KRONA;2023-03-01;134598,04
SP;SAO PAULO CAPITAL 2;02 - CONEXOES KRONA;2023-04-01;40612,90
SP;SAO PAULO CAPITAL 2;02 - CONEXOES KRONA;2023-05-01;116650,95
SP;SAO PAULO CAPITAL 2;02 - CONEXOES KRONA;2023-06-01;87514,96
SP;SAO PAULO CAPITAL 2;02 - CONEXOES KRONA;2023-07-01;108954,07
SP;SAO PAULO CAPITAL 2;02 - CONEXOES KRONA;2023-08-01;43338,36
SP;SAO PAULO CAPITAL 2;02 - CONEXOES KRONA;2023-09-01;304091,79
SP;SAO PAULO CAPITAL 2;02 - CONEXOES KRONA;2023-10-01;2556,23
SP;SAO PAULO CAPITAL 2;02 - CONEXOES KRONA;2023-11-01;15858,14
SP;SAO PAULO CAPITAL 2;02 - CONEXOES KRONA;2023-12-01;258928,96
SP;SAO PAULO CAPITAL 2;02 - CONEXOES KRONA;2024-01-01;4823,40
SP;SAO PAULO CAPITAL 2;02 - CONEXOES KRONA;2024-02-01;27696,31
SP;SAO PAULO CAPITAL 2;02 - CONEXOES KRONA;2024-03-01;129020,92
SP;SAO PAULO CAPITAL 2;02 - CONEXOES KRONA;2024-04-01;109420,60
SP;SAO PAULO CAPITAL 2;02 - CONEXOES KRONA;2024-05-01;19097,21
SP;SAO PAULO CAPITAL 2;02 - CONEXOES KRONA;2024-06-01;253090,35
SP;SAO PAULO CAPITAL 2;02 - CONEXOES KRONA;2024-07-01;73171,29
SP;SAO PAULO CAPITAL 2;02 - CONEXOES KRONA;2024-08-01;52217,91
SP;SAO PAULO CAPITAL 2;02 - CONEXOES KRONA;2024-09-01;20154,14
SP;SAO PAULO CAPITAL 2;02 - CONEXOES KRONA;2024-10-01;155124,99
SP;SAO PAULO CAPITAL 2;02 - CONEXOES KRONA;2024-11-01;49481,60
SP;SAO PAULO CAPITAL 2;02 - CONEXOES KRONA;2024-12-01;120932,60
SP;SAO PAULO CAPITAL 2;02 - CONEXOES KRONA;2025-01-01;25397,94
SP;SAO PAULO CAPITAL 2;02 - CONEXOES KRONA;2025-02-01;90134,57
SP;SAO PAULO CAPITAL 2;02 - CONEXOES KRONA;2025-03-01;136455,26
SP;SAO PAULO CAPITAL 2;02 - CONEXOES KRONA;2025-04-01;59043,65
SP;SAO PAULO CAPITAL 2;02 - CONEXOES KRONA;2025-05-01;73561,32
SP;SAO PAULO CAPITAL 2;02 - CONEXOES KRONA;2025-06-01;173867,63
SP;SAO PAULO CAPITAL 2;02 - CONEXOES KRONA;2025-07-01;7159,39
SP;SAO PAULO CAPITAL 2;02 - CONEXOES KRONA;2025-08-01;112721,55
SP;SAO PAULO CAPITAL 2;02 - CONEXOES KRONA;2025-09-01;47876,22
SP;SAO PAULO CAPITAL 2;02 - CONEXOES KRONA;2025-10-01;79719,00
SP;SAO PAULO CAPITAL 2;02 - CONEXOES KRONA;2025-11-01;51657,14
SP;SAO PAULO CAPITAL 2;02 - CONEXOES KRONA;2025-12-01;215280,39
SP;SAO PAULO CAPITAL 2;02 - CONEXOES KRONA;2026-01-01;2586,71
SP;SAO PAULO CAPITAL 2;02 - CONEXOES KRONA;2026-02-01;35258,99
SP;SAO PAULO CAPITAL 2;02 - CONEXOES KRONA;2026-03-01;273818,54
SP;SAO PAULO CAPITAL 2;02 - CONEXOES KRONA;2026-04-01;131023,56
SP;SAO PAULO CAPITAL 2;02 - CONEXOES KRONA;2026-05-01;10777,77
SP;SAO PAULO CAPITAL 2;02 - CONEXOES KRONA;2026-06-01;32695,61
SP;SAO PAULO CAPITAL 2;02 - CONEXOES KRONA;2026-07-01;63120,18
SP;SAO PAULO CAPITAL 2;02 - CONEXOES KRONA;2026-08-01;48989,48
SP;SAO PAULO CAPITAL 2;03 - ACESSORIOS KRONA;2022-01-01;9,71
SP;SAO PAULO CAPITAL 2;03 - ACESSORIOS KRONA;2022-02-01;10883,01
SP;SAO PAULO CAPITAL 2;03 - ACESSORIOS KRONA;2022-03-01;32247,48
SP;SAO PAULO CAPITAL 2;03 - ACESSORIOS KRONA;2022-04-01;15186,71
SP;SAO PAULO CAPITAL 2;03 - ACESSORIOS KRONA;2022-05-01;6197,33
SP;SAO PAULO CAPITAL 2;03 - ACESSORIOS KRONA;2022-06-01;15823,21
SP;SAO PAULO CAPITAL 2;03 - ACESSORIOS KRONA;2022-07-01;6167,18
SP;SAO PAULO CAPITAL 2;03 - ACESSORIOS KRONA;2022-08-01;1234,82
SP;SAO PAULO CAPITAL 2;03 - ACESSORIOS KRONA;2022-09-01;3764,01
SP;SAO PAULO CAPITAL 2;03 - ACESSORIOS KRONA;2022-10-01;30975,93
SP;SAO PAULO CAPITAL 2;03 - ACESSORIOS KRONA;2022-11-01;2220,06
SP;SAO PAULO CAPITAL 2;03 - ACESSORIOS KRONA;2022-12-01;31208,51
SP;SAO PAULO CAPITAL 2;03 - ACESSORIOS KRONA;2023-01-01;1817,09
SP;SAO PAULO CAPITAL 2;03 - ACESSORIOS KRONA;2023-02-01;5546,08
SP;SAO PAULO CAPITAL 2;03 - ACESSORIOS KRONA;2023-03-01;26538,52
SP;SAO PAULO CAPITAL 2;03 - ACESSORIOS KRONA;2023-04-01;4580,62
SP;SAO PAULO CAPITAL 2;03 - ACESSORIOS KRONA;2023-05-01;11435,95
SP;SAO PAULO CAPITAL 2;03 - ACESSORIOS KRONA;2023-06-01;13413,69
SP;SAO PAULO CAPITAL 2;03 - ACESSORIOS KRONA;2023-07-01;10034,38
SP;SAO PAULO CAPITAL 2;03 - ACESSORIOS KRONA;2023-08-01;11837,37
SP;SAO PAULO CAPITAL 2;03 - ACESSORIOS KRONA;2023-09-01;51529,13
SP;SAO PAULO CAPITAL 2;03 - ACESSORIOS KRONA;2023-10-01;263,29
SP;SAO PAULO CAPITAL 2;03 - ACESSORIOS KRONA;2023-11-01;981,00
SP;SAO PAULO CAPITAL 2;03 - ACESSORIOS KRONA;2023-12-01;38477,02
SP;SAO PAULO CAPITAL 2;03 - ACESSORIOS KRONA;2024-01-01;414,99
SP;SAO PAULO CAPITAL 2;03 - ACESSORIOS KRONA;2024-02-01;9246,15
SP;SAO PAULO CAPITAL 2;03 - ACESSORIOS KRONA;2024-03-01;20435,37
SP;SAO PAULO CAPITAL 2;03 - ACESSORIOS KRONA;2024-04-01;23197,09
SP;SAO PAULO CAPITAL 2;03 - ACESSORIOS KRONA;2024-05-01;42332,52
SP;SAO PAULO CAPITAL 2;03 - ACESSORIOS KRONA;2024-06-01;20068,19
SP;SAO PAULO CAPITAL 2;03 - ACESSORIOS KRONA;2024-07-01;9245,86
SP;SAO PAULO CAPITAL 2;03 - ACESSORIOS KRONA;2024-08-01;7606,14
SP;SAO PAULO CAPITAL 2;03 - ACESSORIOS KRONA;2024-09-01;3770,78
SP;SAO PAULO CAPITAL 2;03 - ACESSORIOS KRONA;2024-10-01;16477,96
SP;SAO PAULO CAPITAL 2;03 - ACESSORIOS KRONA;2024-11-01;3853,41
SP;SAO PAULO CAPITAL 2;03 - ACESSORIOS KRONA;2024-12-01;9482,71
SP;SAO PAULO CAPITAL 2;03 - ACESSORIOS KRONA;2025-01-01;1997,44
SP;SAO PAULO CAPITAL 2;03 - ACESSORIOS KRONA;2025-02-01;12044,32
SP;SAO PAULO CAPITAL 2;03 - ACESSORIOS KRONA;2025-03-01;11078,86
SP;SAO PAULO CAPITAL 2;03 - ACESSORIOS KRONA;2025-04-01;6864,30
SP;SAO PAULO CAPITAL 2;03 - ACESSORIOS KRONA;2025-05-01;9364,59
SP;SAO PAULO CAPITAL 2;03 - ACESSORIOS KRONA;2025-06-01;26335,99
SP;SAO PAULO CAPITAL 2;03 - ACESSORIOS KRONA;2025-07-01;1090,09
SP;SAO PAULO CAPITAL 2;03 - ACESSORIOS KRONA;2025-08-01;16777,86
SP;SAO PAULO CAPITAL 2;03 - ACESSORIOS KRONA;2025-09-01;4130,91
SP;SAO PAULO CAPITAL 2;03 - ACESSORIOS KRONA;2025-10-01;7327,49
SP;SAO PAULO CAPITAL 2;03 - ACESSORIOS KRONA;2025-11-01;12785,13
SP;SAO PAULO CAPITAL 2;03 - ACESSORIOS KRONA;2025-12-01;33086,81
SP;SAO PAULO CAPITAL 2;03 - ACESSORIOS KRONA;2026-01-01;262,18
SP;SAO PAULO CAPITAL 2;03 - ACESSORIOS KRONA;2026-02-01;6361,47
SP;SAO PAULO CAPITAL 2;03 - ACESSORIOS KRONA;2026-03-01;27221,77
SP;SAO PAULO CAPITAL 2;03 - ACESSORIOS KRONA;2026-04-01;21290,64
SP;SAO PAULO CAPITAL 2;03 - ACESSORIOS KRONA;2026-05-01;1063,69
SP;SAO PAULO CAPITAL 2;03 - ACESSORIOS KRONA;2026-06-01;3692,08
SP;SAO PAULO CAPITAL 2;03 - ACESSORIOS KRONA;2026-07-01;10848,43
SP;SAO PAULO CAPITAL 2;03 - ACESSORIOS KRONA;2026-08-01;9250,83
SP;SAO PAULO CAPITAL 2;04 - PRODUTOS REVENDA;2022-01-01;8,88
SP;SAO PAULO CAPITAL 2;04 - PRODUTOS REVENDA;2022-02-01;4624,29
SP;SAO PAULO CAPITAL 2;04 - PRODUTOS REVENDA;2022-03-01;8570,29
SP;SAO PAULO CAPITAL 2;04 - PRODUTOS REVENDA;2022-04-01;4734,53
SP;SAO PAULO CAPITAL 2;04 - PRODUTOS REVENDA;2022-05-01;1907,98
SP;SAO PAULO CAPITAL 2;04 - PRODUTOS REVENDA;2022-06-01;7438,88
SP;SAO PAULO CAPITAL 2;04 - PRODUTOS REVENDA;2022-07-01;3158,47
SP;SAO PAULO CAPITAL 2;04 - PRODUTOS REVENDA;2022-08-01;3096,87
SP;SAO PAULO CAPITAL 2;04 - PRODUTOS REVENDA;2022-09-01;8548,79
SP;SAO PAULO CAPITAL 2;04 - PRODUTOS REVENDA;2022-10-01;8802,51
SP;SAO PAULO CAPITAL 2;04 - PRODUTOS REVENDA;2022-11-01;1329,39
SP;SAO PAULO CAPITAL 2;04 - PRODUTOS REVENDA;2022-12-01;10751,71
SP;SAO PAULO CAPITAL 2;04 - PRODUTOS REVENDA;2023-01-01;262,84
SP;SAO PAULO CAPITAL 2;04 - PRODUTOS REVENDA;2023-02-01;3183,07
SP;SAO PAULO CAPITAL 2;04 - PRODUTOS REVENDA;2023-03-01;5100,13
SP;SAO PAULO CAPITAL 2;04 - PRODUTOS REVENDA;2023-04-01;2239,39
SP;SAO PAULO CAPITAL 2;04 - PRODUTOS REVENDA;2023-05-01;11504,66
SP;SAO PAULO CAPITAL 2;04 - PRODUTOS REVENDA;2023-06-01;2088,68
SP;SAO PAULO CAPITAL 2;04 - PRODUTOS REVENDA;2023-07-01;5470,41
SP;SAO PAULO CAPITAL 2;04 - PRODUTOS REVENDA;2023-08-01;1684,40
SP;SAO PAULO CAPITAL 2;04 - PRODUTOS REVENDA;2023-09-01;19402,73
SP;SAO PAULO CAPITAL 2;04 - PRODUTOS REVENDA;2023-10-01;33,12
SP;SAO PAULO CAPITAL 2;04 - PRODUTOS REVENDA;2023-11-01;919,05
SP;SAO PAULO CAPITAL 2;04 - PRODUTOS REVENDA;2023-12-01;13052,08
SP;SAO PAULO CAPITAL 2;04 - PRODUTOS REVENDA;2024-01-01;102,31
SP;SAO PAULO CAPITAL 2;04 - PRODUTOS REVENDA;2024-02-01;2224,03
SP;SAO PAULO CAPITAL 2;04 - PRODUTOS REVENDA;2024-03-01;8838,15
SP;SAO PAULO CAPITAL 2;04 - PRODUTOS REVENDA;2024-04-01;4848,79
SP;SAO PAULO CAPITAL 2;04 - PRODUTOS REVENDA;2024-05-01;1334,72
SP;SAO PAULO CAPITAL 2;04 - PRODUTOS REVENDA;2024-06-01;10805,98
SP;SAO PAULO CAPITAL 2;04 - PRODUTOS REVENDA;2024-07-01;3943,34
SP;SAO PAULO CAPITAL 2;04 - PRODUTOS REVENDA;2024-08-01;2197,23
SP;SAO PAULO CAPITAL 2;04 - PRODUTOS REVENDA;2024-09-01;1328,85
SP;SAO PAULO CAPITAL 2;04 - PRODUTOS REVENDA;2024-10-01;7652,14
SP;SAO PAULO CAPITAL 2;04 - PRODUTOS REVENDA;2024-11-01;2605,23
SP;SAO PAULO CAPITAL 2;04 - PRODUTOS REVENDA;2024-12-01;7203,02
SP;SAO PAULO CAPITAL 2;04 - PRODUTOS REVENDA;2025-01-01;988,08
SP;SAO PAULO CAPITAL 2;04 - PRODUTOS REVENDA;2025-02-01;5474,22
SP;SAO PAULO CAPITAL 2;04 - PRODUTOS REVENDA;2025-03-01;5740,14
SP;SAO PAULO CAPITAL 2;04 - PRODUTOS REVENDA;2025-04-01;5542,46
SP;SAO PAULO CAPITAL 2;04 - PRODUTOS REVENDA;2025-05-01;4311,07
SP;SAO PAULO CAPITAL 2;04 - PRODUTOS REVENDA;2025-06-01;6634,77
SP;SAO PAULO CAPITAL 2;04 - PRODUTOS REVENDA;2025-07-01;402,03
SP;SAO PAULO CAPITAL 2;04 - PRODUTOS REVENDA;2025-08-01;4194,69
SP;SAO PAULO CAPITAL 2;04 - PRODUTOS REVENDA;2025-09-01;2087,17
SP;SAO PAULO CAPITAL 2;04 - PRODUTOS REVENDA;2025-10-01;3874,54
SP;SAO PAULO CAPITAL 2;04 - PRODUTOS REVENDA;2025-11-01;2503,50
SP;SAO PAULO CAPITAL 2;04 - PRODUTOS REVENDA;2025-12-01;11511,83
SP;SAO PAULO CAPITAL 2;04 - PRODUTOS REVENDA;2026-01-01;166,31
SP;SAO PAULO CAPITAL 2;04 - PRODUTOS REVENDA;2026-02-01;2031,02
SP;SAO PAULO CAPITAL 2;04 - PRODUTOS REVENDA;2026-03-01;9577,37
SP;SAO PAULO CAPITAL 2;04 - PRODUTOS REVENDA;2026-04-01;6347,07
SP;SAO PAULO CAPITAL 2;04 - PRODUTOS REVENDA;2026-05-01;667,12
SP;SAO PAULO CAPITAL 2;04 - PRODUTOS REVENDA;2026-06-01;1404,22
SP;SAO PAULO CAPITAL 2;04 - PRODUTOS REVENDA;2026-07-01;3736,40
SP;SAO PAULO CAPITAL 2;04 - PRODUTOS REVENDA;2026-08-01;2869,17
SP;SAO PAULO CAPITAL 2;30 - ELETRODUTOS CORRUGADOS KRONA;2022-01-01;206,75
SP;SAO PAULO CAPITAL 2;30 - ELETRODUTOS CORRUGADOS KRONA;2022-02-01;1067,50
SP;SAO PAULO CAPITAL 2;30 - ELETRODUTOS CORRUGADOS KRONA;2022-03-01;7674,94
SP;SAO PAULO CAPITAL 2;30 - ELETRODUTOS CORRUGADOS KRONA;2022-04-01;18756,60
SP;SAO PAULO CAPITAL 2;30 - ELETRODUTOS CORRUGADOS KRONA;2022-05-01;382,37
SP;SAO PAULO CAPITAL 2;30 - ELETRODUTOS CORRUGADOS KRONA;2022-06-01;7357,24
SP;SAO PAULO CAPITAL 2;30 - ELETRODUTOS CORRUGADOS KRONA;2022-07-01;1082,76
SP;SAO PAULO CAPITAL 2;30 - ELETRODUTOS CORRUGADOS KRONA;2022-08-01;7961,12
SP;SAO PAULO CAPITAL 2;30 - ELETRODUTOS CORRUGADOS KRONA;2022-09-01;245,25
SP;SAO PAULO CAPITAL 2;30 - ELETRODUTOS CORRUGADOS KRONA;2022-10-01;26060,99
SP;SAO PAULO CAPITAL 2;30 - ELETRODUTOS CORRUGADOS KRONA;2022-11-01;62,40
SP;SAO PAULO CAPITAL 2;30 - ELETRODUTOS CORRUGADOS KRONA;2022-12-01;8516,67
SP;SAO PAULO CAPITAL 2;30 - ELETRODUTOS CORRUGADOS KRONA;2023-01-01;35,88
SP;SAO PAULO CAPITAL 2;30 - ELETRODUTOS CORRUGADOS KRONA;2023-02-01;5070,25
SP;SAO PAULO CAPITAL 2;30 - ELETRODUTOS CORRUGADOS KRONA;2023-03-01;21367,43
SP;SAO PAULO CAPITAL 2;30 - ELETRODUTOS CORRUGADOS KRONA;2023-04-01;960,79
SP;SAO PAULO CAPITAL 2;30 - ELETRODUTOS CORRUGADOS KRONA;2023-05-01;2655,11
SP;SAO PAULO CAPITAL 2;30 - ELETRODUTOS CORRUGADOS KRONA;2023-06-01;6598,29
SP;SAO PAULO CAPITAL 2;30 - ELETRODUTOS CORRUGADOS KRONA;2023-07-01;11050,80
SP;SAO PAULO CAPITAL 2;30 - ELETRODUTOS CORRUGADOS KRONA;2023-08-01;5924,24
SP;SAO PAULO CAPITAL 2;30 - ELETRODUTOS CORRUGADOS KRONA;2023-09-01;29551,83
SP;SAO PAULO CAPITAL 2;30 - ELETRODUTOS CORRUGADOS KRONA;2023-10-01;24,00
SP;SAO PAULO CAPITAL 2;30 - ELETRODUTOS CORRUGADOS KRONA;2023-11-01;43,05
SP;SAO PAULO CAPITAL 2;30 - ELETRODUTOS CORRUGADOS KRONA;2023-12-01;7990,66
SP;SAO PAULO CAPITAL 2;30 - ELETRODUTOS CORRUGADOS KRONA;2024-01-01;262,20
SP;SAO PAULO CAPITAL 2;30 - ELETRODUTOS CORRUGADOS KRONA;2024-02-01;529,70
SP;SAO PAULO CAPITAL 2;30 - ELETRODUTOS CORRUGADOS KRONA;2024-03-01;8062,66
SP;SAO PAULO CAPITAL 2;30 - ELETRODUTOS CORRUGADOS KRONA;2024-04-01;9558,45
SP;SAO PAULO CAPITAL 2;30 - ELETRODUTOS CORRUGADOS KRONA;2024-05-01;2296,60
SP;SAO PAULO CAPITAL 2;30 - ELETRODUTOS CORRUGADOS KRONA;2024-06-01;5823,03
SP;SAO PAULO CAPITAL 2;30 - ELETRODUTOS CORRUGADOS KRONA;2024-07-01;7675,00
SP;SAO PAULO CAPITAL 2;30 - ELETRODUTOS CORRUGADOS KRONA;2024-08-01;5946,92
SP;SAO PAULO CAPITAL 2;30 - ELETRODUTOS CORRUGADOS KRONA;2024-09-01;459,57
SP;SAO PAULO CAPITAL 2;30 - ELETRODUTOS CORRUGADOS KRONA;2024-10-01;20006,92
SP;SAO PAULO CAPITAL 2;30 - ELETRODUTOS CORRUGADOS KRONA;2024-11-01;4441,23
SP;SAO PAULO CAPITAL 2;30 - ELETRODUTOS CORRUGADOS KRONA;2024-12-01;8449,29
SP;SAO PAULO CAPITAL 2;30 - ELETRODUTOS CORRUGADOS KRONA;2025-01-01;187,20
SP;SAO PAULO CAPITAL 2;30 - ELETRODUTOS CORRUGADOS KRONA;2025-02-01;5833,45
SP;SAO PAULO CAPITAL 2;30 - ELETRODUTOS CORRUGADOS KRONA;2025-03-01;5031,62
SP;SAO PAULO CAPITAL 2;30 - ELETRODUTOS CORRUGADOS KRONA;2025-04-01;20740,76
SP;SAO PAULO CAPITAL 2;30 - ELETRODUTOS CORRUGADOS KRONA;2025-05-01;16777,84
SP;SAO PAULO CAPITAL 2;30 - ELETRODUTOS CORRUGADOS KRONA;2025-06-01;23945,07
SP;SAO PAULO CAPITAL 2;30 - ELETRODUTOS CORRUGADOS KRONA;2025-08-01;18480,50
SP;SAO PAULO CAPITAL 2;30 - ELETRODUTOS CORRUGADOS KRONA;2025-09-01;2508,53
SP;SAO PAULO CAPITAL 2;30 - ELETRODUTOS CORRUGADOS KRONA;2025-10-01;14958,70
SP;SAO PAULO CAPITAL 2;30 - ELETRODUTOS CORRUGADOS KRONA;2025-11-01;6413,49
SP;SAO PAULO CAPITAL 2;30 - ELETRODUTOS CORRUGADOS KRONA;2025-12-01;30250,98
SP;SAO PAULO CAPITAL 2;30 - ELETRODUTOS CORRUGADOS KRONA;2026-02-01;1376,09
SP;SAO PAULO CAPITAL 2;30 - ELETRODUTOS CORRUGADOS KRONA;2026-03-01;15324,53
SP;SAO PAULO CAPITAL 2;30 - ELETRODUTOS CORRUGADOS KRONA;2026-04-01;10641,82
SP;SAO PAULO CAPITAL 2;30 - ELETRODUTOS CORRUGADOS KRONA;2026-05-01;2428,06
SP;SAO PAULO CAPITAL 2;30 - ELETRODUTOS CORRUGADOS KRONA;2026-06-01;707,95
SP;SAO PAULO CAPITAL 2;30 - ELETRODUTOS CORRUGADOS KRONA;2026-07-01;5156,14
SP;SAO PAULO CAPITAL 2;30 - ELETRODUTOS CORRUGADOS KRONA;2026-08-01;5114,73
SP;SAO PAULO CAPITAL 2;31 - CPVC ULTRATERM;2022-02-01;503,53
SP;SAO PAULO CAPITAL 2;31 - CPVC ULTRATERM;2022-03-01;2862,45
SP;SAO PAULO CAPITAL 2;31 - CPVC ULTRATERM;2022-04-01;2829,21
SP;SAO PAULO CAPITAL 2;31 - CPVC ULTRATERM;2022-05-01;1310,48
SP;SAO PAULO CAPITAL 2;31 - CPVC ULTRATERM;2022-06-01;6797,62
SP;SAO PAULO CAPITAL 2;31 - CPVC ULTRATERM;2022-07-01;1163,29
SP;SAO PAULO CAPITAL 2;31 - CPVC ULTRATERM;2022-08-01;1605,41
SP;SAO PAULO CAPITAL 2;31 - CPVC ULTRATERM;2022-09-01;3188,45
SP;SAO PAULO CAPITAL 2;31 - CPVC ULTRATERM;2022-10-01;4633,39
SP;SAO PAULO CAPITAL 2;31 - CPVC ULTRATERM;2022-11-01;1281,75
SP;SAO PAULO CAPITAL 2;31 - CPVC ULTRATERM;2022-12-01;3811,06
SP;SAO PAULO CAPITAL 2;31 - CPVC ULTRATERM;2023-01-01;10,59
SP;SAO PAULO CAPITAL 2;31 - CPVC ULTRATERM;2023-02-01;1840,04
SP;SAO PAULO CAPITAL 2;31 - CPVC ULTRATERM;2023-03-01;1762,53
SP;SAO PAULO CAPITAL 2;31 - CPVC ULTRATERM;2023-04-01;628,49
SP;SAO PAULO CAPITAL 2;31 - CPVC ULTRATERM;2023-05-01;2775,20
SP;SAO PAULO CAPITAL 2;31 - CPVC ULTRATERM;2023-06-01;3248,14
SP;SAO PAULO CAPITAL 2;31 - CPVC ULTRATERM;2023-07-01;3430,40
SP;SAO PAULO CAPITAL 2;31 - CPVC ULTRATERM;2023-08-01;590,73
SP;SAO PAULO CAPITAL 2;31 - CPVC ULTRATERM;2023-09-01;3975,81
SP;SAO PAULO CAPITAL 2;31 - CPVC ULTRATERM;2023-10-01;20,75
SP;SAO PAULO CAPITAL 2;31 - CPVC ULTRATERM;2023-11-01;306,34
SP;SAO PAULO CAPITAL 2;31 - CPVC ULTRATERM;2023-12-01;2574,20
SP;SAO PAULO CAPITAL 2;31 - CPVC ULTRATERM;2024-01-01;5,68
SP;SAO PAULO CAPITAL 2;31 - CPVC ULTRATERM;2024-02-01;433,81
SP;SAO PAULO CAPITAL 2;31 - CPVC ULTRATERM;2024-03-01;1676,84
SP;SAO PAULO CAPITAL 2;31 - CPVC ULTRATERM;2024-04-01;2241,24
SP;SAO PAULO CAPITAL 2;31 - CPVC ULTRATERM;2024-05-01;586,74
SP;SAO PAULO CAPITAL 2;31 - CPVC ULTRATERM;2024-06-01;5666,09
SP;SAO PAULO CAPITAL 2;31 - CPVC ULTRATERM;2024-07-01;1570,98
SP;SAO PAULO CAPITAL 2;31 - CPVC ULTRATERM;2024-08-01;1080,50
SP;SAO PAULO CAPITAL 2;31 - CPVC ULTRATERM;2024-09-01;609,82
SP;SAO PAULO CAPITAL 2;31 - CPVC ULTRATERM;2024-10-01;2843,66
SP;SAO PAULO CAPITAL 2;31 - CPVC ULTRATERM;2024-11-01;939,17
SP;SAO PAULO CAPITAL 2;31 - CPVC ULTRATERM;2024-12-01;2697,81
SP;SAO PAULO CAPITAL 2;31 - CPVC ULTRATERM;2025-01-01;112,62
SP;SAO PAULO CAPITAL 2;31 - CPVC ULTRATERM;2025-02-01;705,79
SP;SAO PAULO CAPITAL 2;31 - CPVC ULTRATERM;2025-03-01;540,21
SP;SAO PAULO CAPITAL 2;31 - CPVC ULTRATERM;2025-04-01;1052,78
SP;SAO PAULO CAPITAL 2;31 - CPVC ULTRATERM;2025-05-01;1040,71
SP;SAO PAULO CAPITAL 2;31 - CPVC ULTRATERM;2025-06-01;2177,39
SP;SAO PAULO CAPITAL 2;31 - CPVC ULTRATERM;2025-07-01;63,45
SP;SAO PAULO CAPITAL 2;31 - CPVC ULTRATERM;2025-08-01;3201,44
SP;SAO PAULO CAPITAL 2;31 - CPVC ULTRATERM;2025-09-01;1064,53
SP;SAO PAULO CAPITAL 2;31 - CPVC ULTRATERM;2025-10-01;1816,70
SP;SAO PAULO CAPITAL 2;31 - CPVC ULTRATERM;2025-11-01;2541,42
SP;SAO PAULO CAPITAL 2;31 - CPVC ULTRATERM;2025-12-01;3839,16
SP;SAO PAULO CAPITAL 2;31 - CPVC ULTRATERM;2026-01-01;344,34
SP;SAO PAULO CAPITAL 2;31 - CPVC ULTRATERM;2026-02-01;491,00
SP;SAO PAULO CAPITAL 2;31 - CPVC ULTRATERM;2026-03-01;3302,22
SP;SAO PAULO CAPITAL 2;31 - CPVC ULTRATERM;2026-04-01;4060,49
SP;SAO PAULO CAPITAL 2;31 - CPVC ULTRATERM;2026-05-01;189,24
SP;SAO PAULO CAPITAL 2;31 - CPVC ULTRATERM;2026-06-01;352,02
SP;SAO PAULO CAPITAL 2;31 - CPVC ULTRATERM;2026-07-01;1283,06
SP;SAO PAULO CAPITAL 2;31 - CPVC ULTRATERM;2026-08-01;919,40
SP;SAO PAULO INTERIOR;00 - TUBOS PVC KRONA;2022-01-01;84450,47
SP;SAO PAULO INTERIOR;00 - TUBOS PVC KRONA;2022-02-01;263939,72
SP;SAO PAULO INTERIOR;00 - TUBOS PVC KRONA;2022-03-01;352661,96
SP;SAO PAULO INTERIOR;00 - TUBOS PVC KRONA;2022-04-01;311727,48
SP;SAO PAULO INTERIOR;00 - TUBOS PVC KRONA;2022-05-01;225845,74
SP;SAO PAULO INTERIOR;00 - TUBOS PVC KRONA;2022-06-01;503968,74
SP;SAO PAULO INTERIOR;00 - TUBOS PVC KRONA;2022-07-01;194318,95
SP;SAO PAULO INTERIOR;00 - TUBOS PVC KRONA;2022-08-01;291171,49
SP;SAO PAULO INTERIOR;00 - TUBOS PVC KRONA;2022-09-01;264267,82
SP;SAO PAULO INTERIOR;00 - TUBOS PVC KRONA;2022-10-01;380431,76
SP;SAO PAULO INTERIOR;00 - TUBOS PVC KRONA;2022-11-01;434212,65
SP;SAO PAULO INTERIOR;00 - TUBOS PVC KRONA;2022-12-01;528936,25
SP;SAO PAULO INTERIOR;00 - TUBOS PVC KRONA;2023-01-01;82785,47
SP;SAO PAULO INTERIOR;00 - TUBOS PVC KRONA;2023-02-01;351321,65
SP;SAO PAULO INTERIOR;00 - TUBOS PVC KRONA;2023-03-01;584423,58
SP;SAO PAULO INTERIOR;00 - TUBOS PVC KRONA;2023-04-01;209265,85
SP;SAO PAULO INTERIOR;00 - TUBOS PVC KRONA;2023-05-01;411367,83
SP;SAO PAULO INTERIOR;00 - TUBOS PVC KRONA;2023-06-01;285080,28
SP;SAO PAULO INTERIOR;00 - TUBOS PVC KRONA;2023-07-01;356138,60
SP;SAO PAULO INTERIOR;00 - TUBOS PVC KRONA;2023-08-01;292093,10
SP;SAO PAULO INTERIOR;00 - TUBOS PVC KRONA;2023-09-01;842467,67
SP;SAO PAULO INTERIOR;00 - TUBOS PVC KRONA;2023-10-01;192411,98
SP;SAO PAULO INTERIOR;00 - TUBOS PVC KRONA;2023-11-01;224536,68
SP;SAO PAULO INTERIOR;00 - TUBOS PVC KRONA;2023-12-01;610951,24
SP;SAO PAULO INTERIOR;00 - TUBOS PVC KRONA;2024-01-01;113210,11
SP;SAO PAULO INTERIOR;00 - TUBOS PVC KRONA;2024-02-01;253313,90
SP;SAO PAULO INTERIOR;00 - TUBOS PVC KRONA;2024-03-01;499616,23
SP;SAO PAULO INTERIOR;00 - TUBOS PVC KRONA;2024-04-01;232832,07
SP;SAO PAULO INTERIOR;00 - TUBOS PVC KRONA;2024-05-01;287624,88
SP;SAO PAULO INTERIOR;00 - TUBOS PVC KRONA;2024-06-01;647661,37
SP;SAO PAULO INTERIOR;00 - TUBOS PVC KRONA;2024-07-01;421793,84
SP;SAO PAULO INTERIOR;00 - TUBOS PVC KRONA;2024-08-01;145785,05
SP;SAO PAULO INTERIOR;00 - TUBOS PVC KRONA;2024-09-01;299175,87
SP;SAO PAULO INTERIOR;00 - TUBOS PVC KRONA;2024-10-01;369615,78
SP;SAO PAULO INTERIOR;00 - TUBOS PVC KRONA;2024-11-01;248914,92
SP;SAO PAULO INTERIOR;00 - TUBOS PVC KRONA;2024-12-01;377015,58
SP;SAO PAULO INTERIOR;00 - TUBOS PVC KRONA;2025-01-01;211157,79
SP;SAO PAULO INTERIOR;00 - TUBOS PVC KRONA;2025-02-01;323673,72
SP;SAO PAULO INTERIOR;00 - TUBOS PVC KRONA;2025-03-01;426340,60
SP;SAO PAULO INTERIOR;00 - TUBOS PVC KRONA;2025-04-01;192408,26
SP;SAO PAULO INTERIOR;00 - TUBOS PVC KRONA;2025-05-01;398468,46
SP;SAO PAULO INTERIOR;00 - TUBOS PVC KRONA;2025-06-01;632453,61
SP;SAO PAULO INTERIOR;00 - TUBOS PVC KRONA;2025-07-01;252395,83
SP;SAO PAULO INTERIOR;00 - TUBOS PVC KRONA;2025-08-01;335101,07
SP;SAO PAULO INTERIOR;00 - TUBOS PVC KRONA;2025-09-01;255847,47
SP;SAO PAULO INTERIOR;00 - TUBOS PVC KRONA;2025-10-01;241169,29
SP;SAO PAULO INTERIOR;00 - TUBOS PVC KRONA;2025-11-01;193847,35
SP;SAO PAULO INTERIOR;00 - TUBOS PVC KRONA;2025-12-01;533009,63
SP;SAO PAULO INTERIOR;00 - TUBOS PVC KRONA;2026-01-01;80055,75
SP;SAO PAULO INTERIOR;00 - TUBOS PVC KRONA;2026-02-01;220782,77
SP;SAO PAULO INTERIOR;00 - TUBOS PVC KRONA;2026-03-01;638760,64
SP;SAO PAULO INTERIOR;00 - TUBOS PVC KRONA;2026-04-01;384886,91
SP;SAO PAULO INTERIOR;00 - TUBOS PVC KRONA;2026-05-01;201508,94
SP;SAO PAULO INTERIOR;00 - TUBOS PVC KRONA;2026-06-01;148845,18
SP;SAO PAULO INTERIOR;00 - TUBOS PVC KRONA;2026-07-01;106038,06
SP;SAO PAULO INTERIOR;00 - TUBOS PVC KRONA;2026-08-01;172088,85
SP;SAO PAULO INTERIOR;01 - TUBOS ELETRODUTOS KRONA;2022-01-01;39,22
SP;SAO PAULO INTERIOR;01 - TUBOS ELETRODUTOS KRONA;2022-02-01;40,70
SP;SAO PAULO INTERIOR;01 - TUBOS ELETRODUTOS KRONA;2022-03-01;149,31
SP;SAO PAULO INTERIOR;01 - TUBOS ELETRODUTOS KRONA;2022-04-01;137,00
SP;SAO PAULO INTERIOR;01 - TUBOS ELETRODUTOS KRONA;2022-05-01;106,90
SP;SAO PAULO INTERIOR;01 - TUBOS ELETRODUTOS KRONA;2022-06-01;361,38
SP;SAO PAULO INTERIOR;01 - TUBOS ELETRODUTOS KRONA;2022-07-01;304,46
SP;SAO PAULO INTERIOR;01 - TUBOS ELETRODUTOS KRONA;2022-08-01;448,98
SP;SAO PAULO INTERIOR;01 - TUBOS ELETRODUTOS KRONA;2022-09-01;188,03
SP;SAO PAULO INTERIOR;01 - TUBOS ELETRODUTOS KRONA;2022-10-01;123,39
SP;SAO PAULO INTERIOR;01 - TUBOS ELETRODUTOS KRONA;2022-11-01;196,79
SP;SAO PAULO INTERIOR;01 - TUBOS ELETRODUTOS KRONA;2022-12-01;229,50
SP;SAO PAULO INTERIOR;01 - TUBOS ELETRODUTOS KRONA;2023-01-01;266,24
SP;SAO PAULO INTERIOR;01 - TUBOS ELETRODUTOS KRONA;2023-02-01;1232,99
SP;SAO PAULO INTERIOR;01 - TUBOS ELETRODUTOS KRONA;2023-03-01;584,38
SP;SAO PAULO INTERIOR;01 - TUBOS ELETRODUTOS KRONA;2023-04-01;393,44
SP;SAO PAULO INTERIOR;01 - TUBOS ELETRODUTOS KRONA;2023-05-01;95,62
SP;SAO PAULO INTERIOR;01 - TUBOS ELETRODUTOS KRONA;2023-06-01;764,10
SP;SAO PAULO INTERIOR;01 - TUBOS ELETRODUTOS KRONA;2023-07-01;920,53
SP;SAO PAULO INTERIOR;01 - TUBOS ELETRODUTOS KRONA;2023-08-01;753,30
SP;SAO PAULO INTERIOR;01 - TUBOS ELETRODUTOS KRONA;2023-09-01;1099,63
SP;SAO PAULO INTERIOR;01 - TUBOS ELETRODUTOS KRONA;2023-10-01;850,21
SP;SAO PAULO INTERIOR;01 - TUBOS ELETRODUTOS KRONA;2023-11-01;1301,11
SP;SAO PAULO INTERIOR;01 - TUBOS ELETRODUTOS KRONA;2023-12-01;645,91
SP;SAO PAULO INTERIOR;01 - TUBOS ELETRODUTOS KRONA;2024-01-01;1061,01
SP;SAO PAULO INTERIOR;01 - TUBOS ELETRODUTOS KRONA;2024-02-01;1015,92
SP;SAO PAULO INTERIOR;01 - TUBOS ELETRODUTOS KRONA;2024-03-01;932,49
SP;SAO PAULO INTERIOR;01 - TUBOS ELETRODUTOS KRONA;2024-04-01;425,36
SP;SAO PAULO INTERIOR;01 - TUBOS ELETRODUTOS KRONA;2024-05-01;1111,17
SP;SAO PAULO INTERIOR;01 - TUBOS ELETRODUTOS KRONA;2024-06-01;2361,36
SP;SAO PAULO INTERIOR;01 - TUBOS ELETRODUTOS KRONA;2024-07-01;758,89
SP;SAO PAULO INTERIOR;01 - TUBOS ELETRODUTOS KRONA;2024-08-01;195,61
SP;SAO PAULO INTERIOR;01 - TUBOS ELETRODUTOS KRONA;2024-09-01;1250,95
SP;SAO PAULO INTERIOR;01 - TUBOS ELETRODUTOS KRONA;2024-10-01;784,31
SP;SAO PAULO INTERIOR;01 - TUBOS ELETRODUTOS KRONA;2024-11-01;348,65
SP;SAO PAULO INTERIOR;01 - TUBOS ELETRODUTOS KRONA;2024-12-01;526,27
SP;SAO PAULO INTERIOR;01 - TUBOS ELETRODUTOS KRONA;2025-01-01;406,10
SP;SAO PAULO INTERIOR;01 - TUBOS ELETRODUTOS KRONA;2025-02-01;396,90
SP;SAO PAULO INTERIOR;01 - TUBOS ELETRODUTOS KRONA;2025-03-01;172,06
SP;SAO PAULO INTERIOR;01 - TUBOS ELETRODUTOS KRONA;2025-04-01;698,55
SP;SAO PAULO INTERIOR;01 - TUBOS ELETRODUTOS KRONA;2025-05-01;476,37
SP;SAO PAULO INTERIOR;01 - TUBOS ELETRODUTOS KRONA;2025-06-01;541,05
SP;SAO PAULO INTERIOR;01 - TUBOS ELETRODUTOS KRONA;2025-07-01;581,67
SP;SAO PAULO INTERIOR;01 - TUBOS ELETRODUTOS KRONA;2025-08-01;424,14
SP;SAO PAULO INTERIOR;01 - TUBOS ELETRODUTOS KRONA;2025-09-01;134,24
SP;SAO PAULO INTERIOR;01 - TUBOS ELETRODUTOS KRONA;2025-10-01;229,63
SP;SAO PAULO INTERIOR;01 - TUBOS ELETRODUTOS KRONA;2025-11-01;606,44
SP;SAO PAULO INTERIOR;01 - TUBOS ELETRODUTOS KRONA;2025-12-01;70,04
SP;SAO PAULO INTERIOR;01 - TUBOS ELETRODUTOS KRONA;2026-01-01;88,52
SP;SAO PAULO INTERIOR;01 - TUBOS ELETRODUTOS KRONA;2026-02-01;538,28
SP;SAO PAULO INTERIOR;01 - TUBOS ELETRODUTOS KRONA;2026-03-01;616,26
SP;SAO PAULO INTERIOR;01 - TUBOS ELETRODUTOS KRONA;2026-04-01;247,46
SP;SAO PAULO INTERIOR;01 - TUBOS ELETRODUTOS KRONA;2026-05-01;290,27
SP;SAO PAULO INTERIOR;01 - TUBOS ELETRODUTOS KRONA;2026-06-01;72,71
SP;SAO PAULO INTERIOR;01 - TUBOS ELETRODUTOS KRONA;2026-07-01;212,66
SP;SAO PAULO INTERIOR;01 - TUBOS ELETRODUTOS KRONA;2026-08-01;192,29
SP;SAO PAULO INTERIOR;02 - CONEXOES KRONA;2022-01-01;18947,75
SP;SAO PAULO INTERIOR;02 - CONEXOES KRONA;2022-02-01;56718,42
SP;SAO PAULO INTERIOR;02 - CONEXOES KRONA;2022-03-01;114164,79
SP;SAO PAULO INTERIOR;02 - CONEXOES KRONA;2022-04-01;62306,05
SP;SAO PAULO INTERIOR;02 - CONEXOES KRONA;2022-05-01;59158,85
SP;SAO PAULO INTERIOR;02 - CONEXOES KRONA;2022-06-01;89139,48
SP;SAO PAULO INTERIOR;02 - CONEXOES KRONA;2022-07-01;42213,78
SP;SAO PAULO INTERIOR;02 - CONEXOES KRONA;2022-08-01;69057,39
SP;SAO PAULO INTERIOR;02 - CONEXOES KRONA;2022-09-01;93300,04
SP;SAO PAULO INTERIOR;02 - CONEXOES KRONA;2022-10-01;98076,00
SP;SAO PAULO INTERIOR;02 - CONEXOES KRONA;2022-11-01;43841,27
SP;SAO PAULO INTERIOR;02 - CONEXOES KRONA;2022-12-01;101938,30
SP;SAO PAULO INTERIOR;02 - CONEXOES KRONA;2023-01-01;21672,36
SP;SAO PAULO INTERIOR;02 - CONEXOES KRONA;2023-02-01;63340,82
SP;SAO PAULO INTERIOR;02 - CONEXOES KRONA;2023-03-01;112739,37
SP;SAO PAULO INTERIOR;02 - CONEXOES KRONA;2023-04-01;48691,36
SP;SAO PAULO INTERIOR;02 - CONEXOES KRONA;2023-05-01;73497,99
SP;SAO PAULO INTERIOR;02 - CONEXOES KRONA;2023-06-01;60982,47
SP;SAO PAULO INTERIOR;02 - CONEXOES KRONA;2023-07-01;87623,69
SP;SAO PAULO INTERIOR;02 - CONEXOES KRONA;2023-08-01;56815,55
SP;SAO PAULO INTERIOR;02 - CONEXOES KRONA;2023-09-01;197259,36
SP;SAO PAULO INTERIOR;02 - CONEXOES KRONA;2023-10-01;41968,35
SP;SAO PAULO INTERIOR;02 - CONEXOES KRONA;2023-11-01;47118,63
SP;SAO PAULO INTERIOR;02 - CONEXOES KRONA;2023-12-01;131801,12
SP;SAO PAULO INTERIOR;02 - CONEXOES KRONA;2024-01-01;40805,18
SP;SAO PAULO INTERIOR;02 - CONEXOES KRONA;2024-02-01;50065,56
SP;SAO PAULO INTERIOR;02 - CONEXOES KRONA;2024-03-01;102770,29
SP;SAO PAULO INTERIOR;02 - CONEXOES KRONA;2024-04-01;51434,40
SP;SAO PAULO INTERIOR;02 - CONEXOES KRONA;2024-05-01;58956,49
SP;SAO PAULO INTERIOR;02 - CONEXOES KRONA;2024-06-01;127521,76
SP;SAO PAULO INTERIOR;02 - CONEXOES KRONA;2024-07-01;83570,59
SP;SAO PAULO INTERIOR;02 - CONEXOES KRONA;2024-08-01;31427,51
SP;SAO PAULO INTERIOR;02 - CONEXOES KRONA;2024-09-01;58486,97
SP;SAO PAULO INTERIOR;02 - CONEXOES KRONA;2024-10-01;90828,57
SP;SAO PAULO INTERIOR;02 - CONEXOES KRONA;2024-11-01;45500,68
SP;SAO PAULO INTERIOR;02 - CONEXOES KRONA;2024-12-01;78148,53
SP;SAO PAULO INTERIOR;02 - CONEXOES KRONA;2025-01-01;46415,41
SP;SAO PAULO INTERIOR;02 - CONEXOES KRONA;2025-02-01;65801,45
SP;SAO PAULO INTERIOR;02 - CONEXOES KRONA;2025-03-01;96143,04
SP;SAO PAULO INTERIOR;02 - CONEXOES KRONA;2025-04-01;45982,73
SP;SAO PAULO INTERIOR;02 - CONEXOES KRONA;2025-05-01;67878,62
SP;SAO PAULO INTERIOR;02 - CONEXOES KRONA;2025-06-01;117483,32
SP;SAO PAULO INTERIOR;02 - CONEXOES KRONA;2025-07-01;48562,99
SP;SAO PAULO INTERIOR;02 - CONEXOES KRONA;2025-08-01;67954,78
SP;SAO PAULO INTERIOR;02 - CONEXOES KRONA;2025-09-01;53873,98
SP;SAO PAULO INTERIOR;02 - CONEXOES KRONA;2025-10-01;59051,07
SP;SAO PAULO INTERIOR;02 - CONEXOES KRONA;2025-11-01;49610,65
SP;SAO PAULO INTERIOR;02 - CONEXOES KRONA;2025-12-01;122282,80
SP;SAO PAULO INTERIOR;02 - CONEXOES KRONA;2026-01-01;18676,02
SP;SAO PAULO INTERIOR;02 - CONEXOES KRONA;2026-02-01;61669,30
SP;SAO PAULO INTERIOR;02 - CONEXOES KRONA;2026-03-01;129506,68
SP;SAO PAULO INTERIOR;02 - CONEXOES KRONA;2026-04-01;79638,26
SP;SAO PAULO INTERIOR;02 - CONEXOES KRONA;2026-05-01;43253,29
SP;SAO PAULO INTERIOR;02 - CONEXOES KRONA;2026-06-01;32848,08
SP;SAO PAULO INTERIOR;02 - CONEXOES KRONA;2026-07-01;27007,41
SP;SAO PAULO INTERIOR;02 - CONEXOES KRONA;2026-08-01;35836,28
SP;SAO PAULO INTERIOR;03 - ACESSORIOS KRONA;2022-01-01;1551,53
SP;SAO PAULO INTERIOR;03 - ACESSORIOS KRONA;2022-02-01;6038,44
SP;SAO PAULO INTERIOR;03 - ACESSORIOS KRONA;2022-03-01;18695,90
SP;SAO PAULO INTERIOR;03 - ACESSORIOS KRONA;2022-04-01;6040,36
SP;SAO PAULO INTERIOR;03 - ACESSORIOS KRONA;2022-05-01;4485,08
SP;SAO PAULO INTERIOR;03 - ACESSORIOS KRONA;2022-06-01;6419,05
SP;SAO PAULO INTERIOR;03 - ACESSORIOS KRONA;2022-07-01;7710,93
SP;SAO PAULO INTERIOR;03 - ACESSORIOS KRONA;2022-08-01;6252,26
SP;SAO PAULO INTERIOR;03 - ACESSORIOS KRONA;2022-09-01;4230,40
SP;SAO PAULO INTERIOR;03 - ACESSORIOS KRONA;2022-10-01;14558,06
SP;SAO PAULO INTERIOR;03 - ACESSORIOS KRONA;2022-11-01;2779,64
SP;SAO PAULO INTERIOR;03 - ACESSORIOS KRONA;2022-12-01;11822,92
SP;SAO PAULO INTERIOR;03 - ACESSORIOS KRONA;2023-01-01;2010,82
SP;SAO PAULO INTERIOR;03 - ACESSORIOS KRONA;2023-02-01;7535,44
SP;SAO PAULO INTERIOR;03 - ACESSORIOS KRONA;2023-03-01;16000,27
SP;SAO PAULO INTERIOR;03 - ACESSORIOS KRONA;2023-04-01;5364,33
SP;SAO PAULO INTERIOR;03 - ACESSORIOS KRONA;2023-05-01;8060,84
SP;SAO PAULO INTERIOR;03 - ACESSORIOS KRONA;2023-06-01;5165,00
SP;SAO PAULO INTERIOR;03 - ACESSORIOS KRONA;2023-07-01;7808,25
SP;SAO PAULO INTERIOR;03 - ACESSORIOS KRONA;2023-08-01;6145,06
SP;SAO PAULO INTERIOR;03 - ACESSORIOS KRONA;2023-09-01;27539,37
SP;SAO PAULO INTERIOR;03 - ACESSORIOS KRONA;2023-10-01;3191,18
SP;SAO PAULO INTERIOR;03 - ACESSORIOS KRONA;2023-11-01;3326,17
SP;SAO PAULO INTERIOR;03 - ACESSORIOS KRONA;2023-12-01;21703,99
SP;SAO PAULO INTERIOR;03 - ACESSORIOS KRONA;2024-01-01;3100,14
SP;SAO PAULO INTERIOR;03 - ACESSORIOS KRONA;2024-02-01;5022,40
SP;SAO PAULO INTERIOR;03 - ACESSORIOS KRONA;2024-03-01;11309,07
SP;SAO PAULO INTERIOR;03 - ACESSORIOS KRONA;2024-04-01;6844,98
SP;SAO PAULO INTERIOR;03 - ACESSORIOS KRONA;2024-05-01;6700,91
SP;SAO PAULO INTERIOR;03 - ACESSORIOS KRONA;2024-06-01;11533,19
SP;SAO PAULO INTERIOR;03 - ACESSORIOS KRONA;2024-07-01;8169,91
SP;SAO PAULO INTERIOR;03 - ACESSORIOS KRONA;2024-08-01;2570,05
SP;SAO PAULO INTERIOR;03 - ACESSORIOS KRONA;2024-09-01;4135,29
SP;SAO PAULO INTERIOR;03 - ACESSORIOS KRONA;2024-10-01;9831,12
SP;SAO PAULO INTERIOR;03 - ACESSORIOS KRONA;2024-11-01;2817,30
SP;SAO PAULO INTERIOR;03 - ACESSORIOS KRONA;2024-12-01;6509,64
SP;SAO PAULO INTERIOR;03 - ACESSORIOS KRONA;2025-01-01;3737,64
SP;SAO PAULO INTERIOR;03 - ACESSORIOS KRONA;2025-02-01;7529,59
SP;SAO PAULO INTERIOR;03 - ACESSORIOS KRONA;2025-03-01;7244,77
SP;SAO PAULO INTERIOR;03 - ACESSORIOS KRONA;2025-04-01;3223,75
SP;SAO PAULO INTERIOR;03 - ACESSORIOS KRONA;2025-05-01;6619,32
SP;SAO PAULO INTERIOR;03 - ACESSORIOS KRONA;2025-06-01;23928,08
SP;SAO PAULO INTERIOR;03 - ACESSORIOS KRONA;2025-07-01;2768,78
SP;SAO PAULO INTERIOR;03 - ACESSORIOS KRONA;2025-08-01;8419,40
SP;SAO PAULO INTERIOR;03 - ACESSORIOS KRONA;2025-09-01;5135,90
SP;SAO PAULO INTERIOR;03 - ACESSORIOS KRONA;2025-10-01;5373,33
SP;SAO PAULO INTERIOR;03 - ACESSORIOS KRONA;2025-11-01;4356,40
SP;SAO PAULO INTERIOR;03 - ACESSORIOS KRONA;2025-12-01;9360,99
SP;SAO PAULO INTERIOR;03 - ACESSORIOS KRONA;2026-01-01;1463,32
SP;SAO PAULO INTERIOR;03 - ACESSORIOS KRONA;2026-02-01;5133,16
SP;SAO PAULO INTERIOR;03 - ACESSORIOS KRONA;2026-03-01;18071,30
SP;SAO PAULO INTERIOR;03 - ACESSORIOS KRONA;2026-04-01;8190,09
SP;SAO PAULO INTERIOR;03 - ACESSORIOS KRONA;2026-05-01;2501,69
SP;SAO PAULO INTERIOR;03 - ACESSORIOS KRONA;2026-06-01;2496,00
SP;SAO PAULO INTERIOR;03 - ACESSORIOS KRONA;2026-07-01;3367,36
SP;SAO PAULO INTERIOR;03 - ACESSORIOS KRONA;2026-08-01;3462,33
SP;SAO PAULO INTERIOR;04 - PRODUTOS REVENDA;2022-01-01;1172,68
SP;SAO PAULO INTERIOR;04 - PRODUTOS REVENDA;2022-02-01;4249,83
SP;SAO PAULO INTERIOR;04 - PRODUTOS REVENDA;2022-03-01;6103,10
SP;SAO PAULO INTERIOR;04 - PRODUTOS REVENDA;2022-04-01;5281,99
SP;SAO PAULO INTERIOR;04 - PRODUTOS REVENDA;2022-05-01;3811,89
SP;SAO PAULO INTERIOR;04 - PRODUTOS REVENDA;2022-06-01;7341,09
SP;SAO PAULO INTERIOR;04 - PRODUTOS REVENDA;2022-07-01;2570,47
SP;SAO PAULO INTERIOR;04 - PRODUTOS REVENDA;2022-08-01;5392,61
SP;SAO PAULO INTERIOR;04 - PRODUTOS REVENDA;2022-09-01;8249,01
SP;SAO PAULO INTERIOR;04 - PRODUTOS REVENDA;2022-10-01;5790,47
SP;SAO PAULO INTERIOR;04 - PRODUTOS REVENDA;2022-11-01;2901,23
SP;SAO PAULO INTERIOR;04 - PRODUTOS REVENDA;2022-12-01;8496,03
SP;SAO PAULO INTERIOR;04 - PRODUTOS REVENDA;2023-01-01;1462,07
SP;SAO PAULO INTERIOR;04 - PRODUTOS REVENDA;2023-02-01;5379,31
SP;SAO PAULO INTERIOR;04 - PRODUTOS REVENDA;2023-03-01;6892,32
SP;SAO PAULO INTERIOR;04 - PRODUTOS REVENDA;2023-04-01;4162,63
SP;SAO PAULO INTERIOR;04 - PRODUTOS REVENDA;2023-05-01;6225,43
SP;SAO PAULO INTERIOR;04 - PRODUTOS REVENDA;2023-06-01;4612,78
SP;SAO PAULO INTERIOR;04 - PRODUTOS REVENDA;2023-07-01;6295,24
SP;SAO PAULO INTERIOR;04 - PRODUTOS REVENDA;2023-08-01;4829,25
SP;SAO PAULO INTERIOR;04 - PRODUTOS REVENDA;2023-09-01;13926,96
SP;SAO PAULO INTERIOR;04 - PRODUTOS REVENDA;2023-10-01;3543,92
SP;SAO PAULO INTERIOR;04 - PRODUTOS REVENDA;2023-11-01;3512,37
SP;SAO PAULO INTERIOR;04 - PRODUTOS REVENDA;2023-12-01;8316,36
SP;SAO PAULO INTERIOR;04 - PRODUTOS REVENDA;2024-01-01;2549,57
SP;SAO PAULO INTERIOR;04 - PRODUTOS REVENDA;2024-02-01;3872,45
SP;SAO PAULO INTERIOR;04 - PRODUTOS REVENDA;2024-03-01;7071,97
SP;SAO PAULO INTERIOR;04 - PRODUTOS REVENDA;2024-04-01;3868,96
SP;SAO PAULO INTERIOR;04 - PRODUTOS REVENDA;2024-05-01;4834,85
SP;SAO PAULO INTERIOR;04 - PRODUTOS REVENDA;2024-06-01;8109,86
SP;SAO PAULO INTERIOR;04 - PRODUTOS REVENDA;2024-07-01;6689,30
SP;SAO PAULO INTERIOR;04 - PRODUTOS REVENDA;2024-08-01;1710,17
SP;SAO PAULO INTERIOR;04 - PRODUTOS REVENDA;2024-09-01;4875,33
SP;SAO PAULO INTERIOR;04 - PRODUTOS REVENDA;2024-10-01;5674,51
SP;SAO PAULO INTERIOR;04 - PRODUTOS REVENDA;2024-11-01;3064,61
SP;SAO PAULO INTERIOR;04 - PRODUTOS REVENDA;2024-12-01;5205,79
SP;SAO PAULO INTERIOR;04 - PRODUTOS REVENDA;2025-01-01;3171,60
SP;SAO PAULO INTERIOR;04 - PRODUTOS REVENDA;2025-02-01;4210,92
SP;SAO PAULO INTERIOR;04 - PRODUTOS REVENDA;2025-03-01;4183,98
SP;SAO PAULO INTERIOR;04 - PRODUTOS REVENDA;2025-04-01;3579,13
SP;SAO PAULO INTERIOR;04 - PRODUTOS REVENDA;2025-05-01;5994,98
SP;SAO PAULO INTERIOR;04 - PRODUTOS REVENDA;2025-06-01;7532,41
SP;SAO PAULO INTERIOR;04 - PRODUTOS REVENDA;2025-07-01;4004,01
SP;SAO PAULO INTERIOR;04 - PRODUTOS REVENDA;2025-08-01;3956,78
SP;SAO PAULO INTERIOR;04 - PRODUTOS REVENDA;2025-09-01;3214,34
SP;SAO PAULO INTERIOR;04 - PRODUTOS REVENDA;2025-10-01;3354,96
SP;SAO PAULO INTERIOR;04 - PRODUTOS REVENDA;2025-11-01;3013,83
SP;SAO PAULO INTERIOR;04 - PRODUTOS REVENDA;2025-12-01;8329,36
SP;SAO PAULO INTERIOR;04 - PRODUTOS REVENDA;2026-01-01;1410,59
SP;SAO PAULO INTERIOR;04 - PRODUTOS REVENDA;2026-02-01;4617,77
SP;SAO PAULO INTERIOR;04 - PRODUTOS REVENDA;2026-03-01;9049,27
SP;SAO PAULO INTERIOR;04 - PRODUTOS REVENDA;2026-04-01;5798,91
SP;SAO PAULO INTERIOR;04 - PRODUTOS REVENDA;2026-05-01;3052,59
SP;SAO PAULO INTERIOR;04 - PRODUTOS REVENDA;2026-06-01;2115,27
SP;SAO PAULO INTERIOR;04 - PRODUTOS REVENDA;2026-07-01;1691,64
SP;SAO PAULO INTERIOR;04 - PRODUTOS REVENDA;2026-08-01;3328,03
SP;SAO PAULO INTERIOR;29 - PPR;2022-01-01;83,96
SP;SAO PAULO INTERIOR;29 - PPR;2022-02-01;209,35
SP;SAO PAULO INTERIOR;29 - PPR;2022-03-01;118,27
SP;SAO PAULO INTERIOR;29 - PPR;2022-04-01;146,34
SP;SAO PAULO INTERIOR;29 - PPR;2022-05-01;274,05
SP;SAO PAULO INTERIOR;29 - PPR;2022-06-01;129,37
SP;SAO PAULO INTERIOR;29 - PPR;2022-07-01;5,34
SP;SAO PAULO INTERIOR;29 - PPR;2022-08-01;39,75
SP;SAO PAULO INTERIOR;29 - PPR;2022-09-01;89,47
SP;SAO PAULO INTERIOR;29 - PPR;2022-10-01;23,05
SP;SAO PAULO INTERIOR;29 - PPR;2022-11-01;2,29
SP;SAO PAULO INTERIOR;29 - PPR;2022-12-01;34,27
SP;SAO PAULO INTERIOR;29 - PPR;2023-02-01;0,33
SP;SAO PAULO INTERIOR;29 - PPR;2023-03-01;2,76
SP;SAO PAULO INTERIOR;29 - PPR;2023-05-01;51,97
SP;SAO PAULO INTERIOR;29 - PPR;2023-07-01;19,35
SP;SAO PAULO INTERIOR;29 - PPR;2023-08-01;1,12
SP;SAO PAULO INTERIOR;29 - PPR;2023-09-01;36,88
SP;SAO PAULO INTERIOR;29 - PPR;2023-10-01;45,99
SP;SAO PAULO INTERIOR;29 - PPR;2023-11-01;5,71
SP;SAO PAULO INTERIOR;29 - PPR;2023-12-01;0,86
SP;SAO PAULO INTERIOR;29 - PPR;2024-01-01;13,51
SP;SAO PAULO INTERIOR;29 - PPR;2024-02-01;24,26
SP;SAO PAULO INTERIOR;29 - PPR;2024-05-01;1,70
SP;SAO PAULO INTERIOR;29 - PPR;2024-06-01;46,46
SP;SAO PAULO INTERIOR;29 - PPR;2024-07-01;24,71
SP;SAO PAULO INTERIOR;29 - PPR;2024-08-01;4,03
SP;SAO PAULO INTERIOR;29 - PPR;2024-10-01;38,70
SP;SAO PAULO INTERIOR;29 - PPR;2024-11-01;16,18
SP;SAO PAULO INTERIOR;29 - PPR;2024-12-01;15,45
SP;SAO PAULO INTERIOR;29 - PPR;2025-01-01;0,07
SP;SAO PAULO INTERIOR;29 - PPR;2025-02-01;19,05
SP;SAO PAULO INTERIOR;29 - PPR;2025-04-01;32,76
SP;SAO PAULO INTERIOR;29 - PPR;2025-05-01;14,92
SP;SAO PAULO INTERIOR;29 - PPR;2025-06-01;43,88
SP;SAO PAULO INTERIOR;29 - PPR;2025-07-01;137,62
SP;SAO PAULO INTERIOR;29 - PPR;2025-10-01;23,35
SP;SAO PAULO INTERIOR;29 - PPR;2026-03-01;0,91
SP;SAO PAULO INTERIOR;29 - PPR;2026-05-01;0,97
SP;SAO PAULO INTERIOR;29 - PPR;2026-07-01;62,22
SP;SAO PAULO INTERIOR;29 - PPR;2026-08-01;23,13
SP;SAO PAULO INTERIOR;30 - ELETRODUTOS CORRUGADOS KRONA;2022-01-01;4110,29
SP;SAO PAULO INTERIOR;30 - ELETRODUTOS CORRUGADOS KRONA;2022-02-01;10953,25
SP;SAO PAULO INTERIOR;30 - ELETRODUTOS CORRUGADOS KRONA;2022-03-01;15702,11
SP;SAO PAULO INTERIOR;30 - ELETRODUTOS CORRUGADOS KRONA;2022-04-01;37114,96
SP;SAO PAULO INTERIOR;30 - ELETRODUTOS CORRUGADOS KRONA;2022-05-01;10153,34
SP;SAO PAULO INTERIOR;30 - ELETRODUTOS CORRUGADOS KRONA;2022-06-01;19745,83
SP;SAO PAULO INTERIOR;30 - ELETRODUTOS CORRUGADOS KRONA;2022-07-01;9808,06
SP;SAO PAULO INTERIOR;30 - ELETRODUTOS CORRUGADOS KRONA;2022-08-01;24598,47
SP;SAO PAULO INTERIOR;30 - ELETRODUTOS CORRUGADOS KRONA;2022-09-01;19845,25
SP;SAO PAULO INTERIOR;30 - ELETRODUTOS CORRUGADOS KRONA;2022-10-01;22284,88
SP;SAO PAULO INTERIOR;30 - ELETRODUTOS CORRUGADOS KRONA;2022-11-01;11688,25
SP;SAO PAULO INTERIOR;30 - ELETRODUTOS CORRUGADOS KRONA;2022-12-01;15573,23
SP;SAO PAULO INTERIOR;30 - ELETRODUTOS CORRUGADOS KRONA;2023-01-01;5415,82
SP;SAO PAULO INTERIOR;30 - ELETRODUTOS CORRUGADOS KRONA;2023-02-01;26353,87
SP;SAO PAULO INTERIOR;30 - ELETRODUTOS CORRUGADOS KRONA;2023-03-01;39401,40
SP;SAO PAULO INTERIOR;30 - ELETRODUTOS CORRUGADOS KRONA;2023-04-01;31111,86
SP;SAO PAULO INTERIOR;30 - ELETRODUTOS CORRUGADOS KRONA;2023-05-01;13094,29
SP;SAO PAULO INTERIOR;30 - ELETRODUTOS CORRUGADOS KRONA;2023-06-01;23103,60
SP;SAO PAULO INTERIOR;30 - ELETRODUTOS CORRUGADOS KRONA;2023-07-01;36289,93
SP;SAO PAULO INTERIOR;30 - ELETRODUTOS CORRUGADOS KRONA;2023-08-01;29341,59
SP;SAO PAULO INTERIOR;30 - ELETRODUTOS CORRUGADOS KRONA;2023-09-01;62339,43
SP;SAO PAULO INTERIOR;30 - ELETRODUTOS CORRUGADOS KRONA;2023-10-01;18956,90
SP;SAO PAULO INTERIOR;30 - ELETRODUTOS CORRUGADOS KRONA;2023-11-01;9536,86
SP;SAO PAULO INTERIOR;30 - ELETRODUTOS CORRUGADOS KRONA;2023-12-01;20214,65
SP;SAO PAULO INTERIOR;30 - ELETRODUTOS CORRUGADOS KRONA;2024-01-01;5515,82
SP;SAO PAULO INTERIOR;30 - ELETRODUTOS CORRUGADOS KRONA;2024-02-01;11885,62
SP;SAO PAULO INTERIOR;30 - ELETRODUTOS CORRUGADOS KRONA;2024-03-01;18902,89
SP;SAO PAULO INTERIOR;30 - ELETRODUTOS CORRUGADOS KRONA;2024-04-01;14689,58
SP;SAO PAULO INTERIOR;30 - ELETRODUTOS CORRUGADOS KRONA;2024-05-01;20732,50
SP;SAO PAULO INTERIOR;30 - ELETRODUTOS CORRUGADOS KRONA;2024-06-01;31847,28
SP;SAO PAULO INTERIOR;30 - ELETRODUTOS CORRUGADOS KRONA;2024-07-01;16752,86
SP;SAO PAULO INTERIOR;30 - ELETRODUTOS CORRUGADOS KRONA;2024-08-01;7973,30
SP;SAO PAULO INTERIOR;30 - ELETRODUTOS CORRUGADOS KRONA;2024-09-01;16451,17
SP;SAO PAULO INTERIOR;30 - ELETRODUTOS CORRUGADOS KRONA;2024-10-01;39123,57
SP;SAO PAULO INTERIOR;30 - ELETRODUTOS CORRUGADOS KRONA;2024-11-01;6923,89
SP;SAO PAULO INTERIOR;30 - ELETRODUTOS CORRUGADOS KRONA;2024-12-01;16043,34
SP;SAO PAULO INTERIOR;30 - ELETRODUTOS CORRUGADOS KRONA;2025-01-01;9172,47
SP;SAO PAULO INTERIOR;30 - ELETRODUTOS CORRUGADOS KRONA;2025-02-01;20455,78
SP;SAO PAULO INTERIOR;30 - ELETRODUTOS CORRUGADOS KRONA;2025-03-01;15718,26
SP;SAO PAULO INTERIOR;30 - ELETRODUTOS CORRUGADOS KRONA;2025-04-01;18681,84
SP;SAO PAULO INTERIOR;30 - ELETRODUTOS CORRUGADOS KRONA;2025-05-01;25227,53
SP;SAO PAULO INTERIOR;30 - ELETRODUTOS CORRUGADOS KRONA;2025-06-01;34817,48
SP;SAO PAULO INTERIOR;30 - ELETRODUTOS CORRUGADOS KRONA;2025-07-01;29178,35
SP;SAO PAULO INTERIOR;30 - ELETRODUTOS CORRUGADOS KRONA;2025-08-01;25306,57
SP;SAO PAULO INTERIOR;30 - ELETRODUTOS CORRUGADOS KRONA;2025-09-01;13959,88
SP;SAO PAULO INTERIOR;30 - ELETRODUTOS CORRUGADOS KRONA;2025-10-01;25476,92
SP;SAO PAULO INTERIOR;30 - ELETRODUTOS CORRUGADOS KRONA;2025-11-01;16373,80
SP;SAO PAULO INTERIOR;30 - ELETRODUTOS CORRUGADOS KRONA;2025-12-01;28521,71
SP;SAO PAULO INTERIOR;30 - ELETRODUTOS CORRUGADOS KRONA;2026-01-01;3726,52
SP;SAO PAULO INTERIOR;30 - ELETRODUTOS CORRUGADOS KRONA;2026-02-01;14852,67
SP;SAO PAULO INTERIOR;30 - ELETRODUTOS CORRUGADOS KRONA;2026-03-01;16855,65
SP;SAO PAULO INTERIOR;30 - ELETRODUTOS CORRUGADOS KRONA;2026-04-01;24619,80
SP;SAO PAULO INTERIOR;30 - ELETRODUTOS CORRUGADOS KRONA;2026-05-01;20691,37
SP;SAO PAULO INTERIOR;30 - ELETRODUTOS CORRUGADOS KRONA;2026-06-01;13984,03
SP;SAO PAULO INTERIOR;30 - ELETRODUTOS CORRUGADOS KRONA;2026-07-01;13520,97
SP;SAO PAULO INTERIOR;30 - ELETRODUTOS CORRUGADOS KRONA;2026-08-01;18523,17
SP;SAO PAULO INTERIOR;31 - CPVC ULTRATERM;2022-01-01;2467,76
SP;SAO PAULO INTERIOR;31 - CPVC ULTRATERM;2022-02-01;4447,84
SP;SAO PAULO INTERIOR;31 - CPVC ULTRATERM;2022-03-01;7949,79
SP;SAO PAULO INTERIOR;31 - CPVC ULTRATERM;2022-04-01;2362,72
SP;SAO PAULO INTERIOR;31 - CPVC ULTRATERM;2022-05-01;2816,77
SP;SAO PAULO INTERIOR;31 - CPVC ULTRATERM;2022-06-01;4153,30
SP;SAO PAULO INTERIOR;31 - CPVC ULTRATERM;2022-07-01;2985,11
SP;SAO PAULO INTERIOR;31 - CPVC ULTRATERM;2022-08-01;3569,72
SP;SAO PAULO INTERIOR;31 - CPVC ULTRATERM;2022-09-01;4005,19
SP;SAO PAULO INTERIOR;31 - CPVC ULTRATERM;2022-10-01;3192,03
SP;SAO PAULO INTERIOR;31 - CPVC ULTRATERM;2022-11-01;3896,83
SP;SAO PAULO INTERIOR;31 - CPVC ULTRATERM;2022-12-01;3820,68
SP;SAO PAULO INTERIOR;31 - CPVC ULTRATERM;2023-01-01;820,14
SP;SAO PAULO INTERIOR;31 - CPVC ULTRATERM;2023-02-01;3023,25
SP;SAO PAULO INTERIOR;31 - CPVC ULTRATERM;2023-03-01;2357,38
SP;SAO PAULO INTERIOR;31 - CPVC ULTRATERM;2023-04-01;3681,70
SP;SAO PAULO INTERIOR;31 - CPVC ULTRATERM;2023-05-01;2683,85
SP;SAO PAULO INTERIOR;31 - CPVC ULTRATERM;2023-06-01;2653,79
SP;SAO PAULO INTERIOR;31 - CPVC ULTRATERM;2023-07-01;3855,26
SP;SAO PAULO INTERIOR;31 - CPVC ULTRATERM;2023-08-01;2234,25
SP;SAO PAULO INTERIOR;31 - CPVC ULTRATERM;2023-09-01;6825,08
SP;SAO PAULO INTERIOR;31 - CPVC ULTRATERM;2023-10-01;1558,08
SP;SAO PAULO INTERIOR;31 - CPVC ULTRATERM;2023-11-01;2545,13
SP;SAO PAULO INTERIOR;31 - CPVC ULTRATERM;2023-12-01;3031,82
SP;SAO PAULO INTERIOR;31 - CPVC ULTRATERM;2024-01-01;958,70
SP;SAO PAULO INTERIOR;31 - CPVC ULTRATERM;2024-02-01;1175,65
SP;SAO PAULO INTERIOR;31 - CPVC ULTRATERM;2024-03-01;4359,38
SP;SAO PAULO INTERIOR;31 - CPVC ULTRATERM;2024-04-01;1414,87
SP;SAO PAULO INTERIOR;31 - CPVC ULTRATERM;2024-05-01;1801,50
SP;SAO PAULO INTERIOR;31 - CPVC ULTRATERM;2024-06-01;3122,59
SP;SAO PAULO INTERIOR;31 - CPVC ULTRATERM;2024-07-01;2627,13
SP;SAO PAULO INTERIOR;31 - CPVC ULTRATERM;2024-08-01;732,28
SP;SAO PAULO INTERIOR;31 - CPVC ULTRATERM;2024-09-01;2446,50
SP;SAO PAULO INTERIOR;31 - CPVC ULTRATERM;2024-10-01;2418,10
SP;SAO PAULO INTERIOR;31 - CPVC ULTRATERM;2024-11-01;1245,56
SP;SAO PAULO INTERIOR;31 - CPVC ULTRATERM;2024-12-01;3791,02
SP;SAO PAULO INTERIOR;31 - CPVC ULTRATERM;2025-01-01;1569,23
SP;SAO PAULO INTERIOR;31 - CPVC ULTRATERM;2025-02-01;1494,39
SP;SAO PAULO INTERIOR;31 - CPVC ULTRATERM;2025-03-01;1294,70
SP;SAO PAULO INTERIOR;31 - CPVC ULTRATERM;2025-04-01;3317,31
SP;SAO PAULO INTERIOR;31 - CPVC ULTRATERM;2025-05-01;3162,15
SP;SAO PAULO INTERIOR;31 - CPVC ULTRATERM;2025-06-01;4342,23
SP;SAO PAULO INTERIOR;31 - CPVC ULTRATERM;2025-07-01;4452,87
SP;SAO PAULO INTERIOR;31 - CPVC ULTRATERM;2025-08-01;3018,13
SP;SAO PAULO INTERIOR;31 - CPVC ULTRATERM;2025-09-01;2637,43
SP;SAO PAULO INTERIOR;31 - CPVC ULTRATERM;2025-10-01;2084,74
SP;SAO PAULO INTERIOR;31 - CPVC ULTRATERM;2025-11-01;2616,72
SP;SAO PAULO INTERIOR;31 - CPVC ULTRATERM;2025-12-01;4579,86
SP;SAO PAULO INTERIOR;31 - CPVC ULTRATERM;2026-01-01;1042,49
SP;SAO PAULO INTERIOR;31 - CPVC ULTRATERM;2026-02-01;1693,65
SP;SAO PAULO INTERIOR;31 - CPVC ULTRATERM;2026-03-01;3478,57
SP;SAO PAULO INTERIOR;31 - CPVC ULTRATERM;2026-04-01;3178,98
SP;SAO PAULO INTERIOR;31 - CPVC ULTRATERM;2026-05-01;1892,05
SP;SAO PAULO INTERIOR;31 - CPVC ULTRATERM;2026-06-01;1308,54
SP;SAO PAULO INTERIOR;31 - CPVC ULTRATERM;2026-07-01;779,19
SP;SAO PAULO INTERIOR;31 - CPVC ULTRATERM;2026-08-01;1582,20
SUL;PARANA;00 - TUBOS PVC KRONA;2022-01-01;75844,81
SUL;PARANA;00 - TUBOS PVC KRONA;2022-02-01;133002,90
SUL;PARANA;00 - TUBOS PVC KRONA;2022-03-01;179265,18
SUL;PARANA;00 - TUBOS PVC KRONA;2022-04-01;210521,31
SUL;PARANA;00 - TUBOS PVC KRONA;2022-05-01;178439,15
SUL;PARANA;00 - TUBOS PVC KRONA;2022-06-01;151405,16
SUL;PARANA;00 - TUBOS PVC KRONA;2022-07-01;254522,27
SUL;PARANA;00 - TUBOS PVC KRONA;2022-08-01;169669,26
SUL;PARANA;00 - TUBOS PVC KRONA;2022-09-01;164413,11
SUL;PARANA;00 - TUBOS PVC KRONA;2022-10-01;207856,76
SUL;PARANA;00 - TUBOS PVC KRONA;2022-11-01;158417,76
SUL;PARANA;00 - TUBOS PVC KRONA;2022-12-01;330652,79
SUL;PARANA;00 - TUBOS PVC KRONA;2023-01-01;110674,46
SUL;PARANA;00 - TUBOS PVC KRONA;2023-02-01;221588,51
SUL;PARANA;00 - TUBOS PVC KRONA;2023-03-01;285161,54
SUL;PARANA;00 - TUBOS PVC KRONA;2023-04-01;197346,82
SUL;PARANA;00 - TUBOS PVC KRONA;2023-05-01;198093,90
SUL;PARANA;00 - TUBOS PVC KRONA;2023-06-01;232628,11
SUL;PARANA;00 - TUBOS PVC KRONA;2023-07-01;225393,01
SUL;PARANA;00 - TUBOS PVC KRONA;2023-08-01;223096,73
SUL;PARANA;00 - TUBOS PVC KRONA;2023-09-01;249764,39
SUL;PARANA;00 - TUBOS PVC KRONA;2023-10-01;196204,86
SUL;PARANA;00 - TUBOS PVC KRONA;2023-11-01;303878,77
SUL;PARANA;00 - TUBOS PVC KRONA;2023-12-01;188090,79
SUL;PARANA;00 - TUBOS PVC KRONA;2024-01-01;133283,08
SUL;PARANA;00 - TUBOS PVC KRONA;2024-02-01;182548,21
SUL;PARANA;00 - TUBOS PVC KRONA;2024-03-01;228741,97
SUL;PARANA;00 - TUBOS PVC KRONA;2024-04-01;194173,08
SUL;PARANA;00 - TUBOS PVC KRONA;2024-05-01;202149,47
SUL;PARANA;00 - TUBOS PVC KRONA;2024-06-01;355961,62
SUL;PARANA;00 - TUBOS PVC KRONA;2024-07-01;245675,16
SUL;PARANA;00 - TUBOS PVC KRONA;2024-08-01;95804,15
SUL;PARANA;00 - TUBOS PVC KRONA;2024-09-01;229041,00
SUL;PARANA;00 - TUBOS PVC KRONA;2024-10-01;178276,05
SUL;PARANA;00 - TUBOS PVC KRONA;2024-11-01;164187,04
SUL;PARANA;00 - TUBOS PVC KRONA;2024-12-01;190375,27
SUL;PARANA;00 - TUBOS PVC KRONA;2025-01-01;163567,44
SUL;PARANA;00 - TUBOS PVC KRONA;2025-02-01;175165,34
SUL;PARANA;00 - TUBOS PVC KRONA;2025-03-01;145372,58
SUL;PARANA;00 - TUBOS PVC KRONA;2025-04-01;180878,29
SUL;PARANA;00 - TUBOS PVC KRONA;2025-05-01;222588,32
SUL;PARANA;00 - TUBOS PVC KRONA;2025-06-01;328140,53
SUL;PARANA;00 - TUBOS PVC KRONA;2025-07-01;194625,80
SUL;PARANA;00 - TUBOS PVC KRONA;2025-08-01;169006,67
SUL;PARANA;00 - TUBOS PVC KRONA;2025-09-01;166241,99
SUL;PARANA;00 - TUBOS PVC KRONA;2025-10-01;131650,41
SUL;PARANA;00 - TUBOS PVC KRONA;2025-11-01;193596,99
SUL;PARANA;00 - TUBOS PVC KRONA;2025-12-01;202742,21
SUL;PARANA;00 - TUBOS PVC KRONA;2026-01-01;101731,58
SUL;PARANA;00 - TUBOS PVC KRONA;2026-02-01;187925,68
SUL;PARANA;00 - TUBOS PVC KRONA;2026-03-01;294881,69
SUL;PARANA;00 - TUBOS PVC KRONA;2026-04-01;239437,10
SUL;PARANA;00 - TUBOS PVC KRONA;2026-05-01;200659,52
SUL;PARANA;00 - TUBOS PVC KRONA;2026-06-01;78838,20
SUL;PARANA;00 - TUBOS PVC KRONA;2026-07-01;124950,25
SUL;PARANA;00 - TUBOS PVC KRONA;2026-08-01;180449,46
SUL;PARANA;01 - TUBOS ELETRODUTOS KRONA;2022-01-01;284,54
SUL;PARANA;01 - TUBOS ELETRODUTOS KRONA;2022-02-01;714,24
SUL;PARANA;01 - TUBOS ELETRODUTOS KRONA;2022-03-01;305,00
SUL;PARANA;01 - TUBOS ELETRODUTOS KRONA;2022-04-01;507,13
SUL;PARANA;01 - TUBOS ELETRODUTOS KRONA;2022-05-01;818,99
SUL;PARANA;01 - TUBOS ELETRODUTOS KRONA;2022-06-01;528,64
SUL;PARANA;01 - TUBOS ELETRODUTOS KRONA;2022-07-01;413,15
SUL;PARANA;01 - TUBOS ELETRODUTOS KRONA;2022-08-01;467,41
SUL;PARANA;01 - TUBOS ELETRODUTOS KRONA;2022-09-01;342,38
SUL;PARANA;01 - TUBOS ELETRODUTOS KRONA;2022-10-01;314,30
SUL;PARANA;01 - TUBOS ELETRODUTOS KRONA;2022-11-01;401,19
SUL;PARANA;01 - TUBOS ELETRODUTOS KRONA;2022-12-01;795,92
SUL;PARANA;01 - TUBOS ELETRODUTOS KRONA;2023-01-01;270,07
SUL;PARANA;01 - TUBOS ELETRODUTOS KRONA;2023-02-01;603,52
SUL;PARANA;01 - TUBOS ELETRODUTOS KRONA;2023-03-01;713,77
SUL;PARANA;01 - TUBOS ELETRODUTOS KRONA;2023-04-01;939,87
SUL;PARANA;01 - TUBOS ELETRODUTOS KRONA;2023-05-01;791,42
SUL;PARANA;01 - TUBOS ELETRODUTOS KRONA;2023-06-01;437,44
SUL;PARANA;01 - TUBOS ELETRODUTOS KRONA;2023-07-01;525,31
SUL;PARANA;01 - TUBOS ELETRODUTOS KRONA;2023-08-01;426,62
SUL;PARANA;01 - TUBOS ELETRODUTOS KRONA;2023-09-01;576,11
SUL;PARANA;01 - TUBOS ELETRODUTOS KRONA;2023-10-01;255,42
SUL;PARANA;01 - TUBOS ELETRODUTOS KRONA;2023-11-01;457,14
SUL;PARANA;01 - TUBOS ELETRODUTOS KRONA;2023-12-01;245,36
SUL;PARANA;01 - TUBOS ELETRODUTOS KRONA;2024-01-01;158,83
SUL;PARANA;01 - TUBOS ELETRODUTOS KRONA;2024-02-01;240,51
SUL;PARANA;01 - TUBOS ELETRODUTOS KRONA;2024-03-01;643,97
SUL;PARANA;01 - TUBOS ELETRODUTOS KRONA;2024-04-01;453,73
SUL;PARANA;01 - TUBOS ELETRODUTOS KRONA;2024-05-01;604,27
SUL;PARANA;01 - TUBOS ELETRODUTOS KRONA;2024-06-01;607,17
SUL;PARANA;01 - TUBOS ELETRODUTOS KRONA;2024-07-01;345,24
SUL;PARANA;01 - TUBOS ELETRODUTOS KRONA;2024-08-01;214,35
SUL;PARANA;01 - TUBOS ELETRODUTOS KRONA;2024-09-01;219,44
SUL;PARANA;01 - TUBOS ELETRODUTOS KRONA;2024-10-01;181,75
SUL;PARANA;01 - TUBOS ELETRODUTOS KRONA;2024-11-01;64,00
SUL;PARANA;01 - TUBOS ELETRODUTOS KRONA;2024-12-01;398,08
SUL;PARANA;01 - TUBOS ELETRODUTOS KRONA;2025-01-01;176,98
SUL;PARANA;01 - TUBOS ELETRODUTOS KRONA;2025-02-01;392,37
SUL;PARANA;01 - TUBOS ELETRODUTOS KRONA;2025-03-01;295,35
SUL;PARANA;01 - TUBOS ELETRODUTOS KRONA;2025-04-01;1100,51
SUL;PARANA;01 - TUBOS ELETRODUTOS KRONA;2025-05-01;505,02
SUL;PARANA;01 - TUBOS ELETRODUTOS KRONA;2025-06-01;1847,42
SUL;PARANA;01 - TUBOS ELETRODUTOS KRONA;2025-07-01;756,46
SUL;PARANA;01 - TUBOS ELETRODUTOS KRONA;2025-08-01;772,93
SUL;PARANA;01 - TUBOS ELETRODUTOS KRONA;2025-09-01;789,49
SUL;PARANA;01 - TUBOS ELETRODUTOS KRONA;2025-10-01;75,50
SUL;PARANA;01 - TUBOS ELETRODUTOS KRONA;2025-11-01;1149,52
SUL;PARANA;01 - TUBOS ELETRODUTOS KRONA;2025-12-01;776,28
SUL;PARANA;01 - TUBOS ELETRODUTOS KRONA;2026-01-01;101,36
SUL;PARANA;01 - TUBOS ELETRODUTOS KRONA;2026-02-01;511,33
SUL;PARANA;01 - TUBOS ELETRODUTOS KRONA;2026-03-01;521,60
SUL;PARANA;01 - TUBOS ELETRODUTOS KRONA;2026-04-01;384,99
SUL;PARANA;01 - TUBOS ELETRODUTOS KRONA;2026-05-01;785,05
SUL;PARANA;01 - TUBOS ELETRODUTOS KRONA;2026-06-01;259,72
SUL;PARANA;01 - TUBOS ELETRODUTOS KRONA;2026-07-01;457,76
SUL;PARANA;01 - TUBOS ELETRODUTOS KRONA;2026-08-01;143,64
SUL;PARANA;02 - CONEXOES KRONA;2022-01-01;18876,49
SUL;PARANA;02 - CONEXOES KRONA;2022-02-01;33801,29
SUL;PARANA;02 - CONEXOES KRONA;2022-03-01;34834,16
SUL;PARANA;02 - CONEXOES KRONA;2022-04-01;56607,49
SUL;PARANA;02 - CONEXOES KRONA;2022-05-01;45699,05
SUL;PARANA;02 - CONEXOES KRONA;2022-06-01;29909,65
SUL;PARANA;02 - CONEXOES KRONA;2022-07-01;57900,89
SUL;PARANA;02 - CONEXOES KRONA;2022-08-01;38460,80
SUL;PARANA;02 - CONEXOES KRONA;2022-09-01;36185,88
SUL;PARANA;02 - CONEXOES KRONA;2022-10-01;43827,47
SUL;PARANA;02 - CONEXOES KRONA;2022-11-01;36950,57
SUL;PARANA;02 - CONEXOES KRONA;2022-12-01;70152,51
SUL;PARANA;02 - CONEXOES KRONA;2023-01-01;20112,63
SUL;PARANA;02 - CONEXOES KRONA;2023-02-01;55173,43
SUL;PARANA;02 - CONEXOES KRONA;2023-03-01;55278,89
SUL;PARANA;02 - CONEXOES KRONA;2023-04-01;42890,43
SUL;PARANA;02 - CONEXOES KRONA;2023-05-01;46295,15
SUL;PARANA;02 - CONEXOES KRONA;2023-06-01;57729,75
SUL;PARANA;02 - CONEXOES KRONA;2023-07-01;53052,35
SUL;PARANA;02 - CONEXOES KRONA;2023-08-01;70548,94
SUL;PARANA;02 - CONEXOES KRONA;2023-09-01;56049,94
SUL;PARANA;02 - CONEXOES KRONA;2023-10-01;44752,32
SUL;PARANA;02 - CONEXOES KRONA;2023-11-01;57343,02
SUL;PARANA;02 - CONEXOES KRONA;2023-12-01;55533,41
SUL;PARANA;02 - CONEXOES KRONA;2024-01-01;31943,39
SUL;PARANA;02 - CONEXOES KRONA;2024-02-01;68854,26
SUL;PARANA;02 - CONEXOES KRONA;2024-03-01;72039,68
SUL;PARANA;02 - CONEXOES KRONA;2024-04-01;39825,24
SUL;PARANA;02 - CONEXOES KRONA;2024-05-01;65428,91
SUL;PARANA;02 - CONEXOES KRONA;2024-06-01;70404,02
SUL;PARANA;02 - CONEXOES KRONA;2024-07-01;74184,30
SUL;PARANA;02 - CONEXOES KRONA;2024-08-01;21920,55
SUL;PARANA;02 - CONEXOES KRONA;2024-09-01;73884,45
SUL;PARANA;02 - CONEXOES KRONA;2024-10-01;44161,93
SUL;PARANA;02 - CONEXOES KRONA;2024-11-01;44629,19
SUL;PARANA;02 - CONEXOES KRONA;2024-12-01;52155,79
SUL;PARANA;02 - CONEXOES KRONA;2025-01-01;40122,93
SUL;PARANA;02 - CONEXOES KRONA;2025-02-01;50738,81
SUL;PARANA;02 - CONEXOES KRONA;2025-03-01;31780,92
SUL;PARANA;02 - CONEXOES KRONA;2025-04-01;41321,15
SUL;PARANA;02 - CONEXOES KRONA;2025-05-01;65083,56
SUL;PARANA;02 - CONEXOES KRONA;2025-06-01;73883,97
SUL;PARANA;02 - CONEXOES KRONA;2025-07-01;43093,80
SUL;PARANA;02 - CONEXOES KRONA;2025-08-01;43586,70
SUL;PARANA;02 - CONEXOES KRONA;2025-09-01;46542,56
SUL;PARANA;02 - CONEXOES KRONA;2025-10-01;32935,77
SUL;PARANA;02 - CONEXOES KRONA;2025-11-01;48848,63
SUL;PARANA;02 - CONEXOES KRONA;2025-12-01;47284,25
SUL;PARANA;02 - CONEXOES KRONA;2026-01-01;22275,06
SUL;PARANA;02 - CONEXOES KRONA;2026-02-01;55123,09
SUL;PARANA;02 - CONEXOES KRONA;2026-03-01;67088,82
SUL;PARANA;02 - CONEXOES KRONA;2026-04-01;73112,82
SUL;PARANA;02 - CONEXOES KRONA;2026-05-01;43655,44
SUL;PARANA;02 - CONEXOES KRONA;2026-06-01;19680,29
SUL;PARANA;02 - CONEXOES KRONA;2026-07-01;39137,26
SUL;PARANA;02 - CONEXOES KRONA;2026-08-01;37404,51
SUL;PARANA;03 - ACESSORIOS KRONA;2022-01-01;3394,96
SUL;PARANA;03 - ACESSORIOS KRONA;2022-02-01;4404,15
SUL;PARANA;03 - ACESSORIOS KRONA;2022-03-01;4908,12
SUL;PARANA;03 - ACESSORIOS KRONA;2022-04-01;8211,99
SUL;PARANA;03 - ACESSORIOS KRONA;2022-05-01;5756,25
SUL;PARANA;03 - ACESSORIOS KRONA;2022-06-01;3438,27
SUL;PARANA;03 - ACESSORIOS KRONA;2022-07-01;7515,23
SUL;PARANA;03 - ACESSORIOS KRONA;2022-08-01;3382,53
SUL;PARANA;03 - ACESSORIOS KRONA;2022-09-01;4368,22
SUL;PARANA;03 - ACESSORIOS KRONA;2022-10-01;3859,74
SUL;PARANA;03 - ACESSORIOS KRONA;2022-11-01;3025,80
SUL;PARANA;03 - ACESSORIOS KRONA;2022-12-01;6690,09
SUL;PARANA;03 - ACESSORIOS KRONA;2023-01-01;2536,40
SUL;PARANA;03 - ACESSORIOS KRONA;2023-02-01;6573,87
SUL;PARANA;03 - ACESSORIOS KRONA;2023-03-01;4517,10
SUL;PARANA;03 - ACESSORIOS KRONA;2023-04-01;4557,05
SUL;PARANA;03 - ACESSORIOS KRONA;2023-05-01;4714,07
SUL;PARANA;03 - ACESSORIOS KRONA;2023-06-01;6821,04
SUL;PARANA;03 - ACESSORIOS KRONA;2023-07-01;6125,23
SUL;PARANA;03 - ACESSORIOS KRONA;2023-08-01;9807,97
SUL;PARANA;03 - ACESSORIOS KRONA;2023-09-01;5356,39
SUL;PARANA;03 - ACESSORIOS KRONA;2023-10-01;4644,41
SUL;PARANA;03 - ACESSORIOS KRONA;2023-11-01;6387,62
SUL;PARANA;03 - ACESSORIOS KRONA;2023-12-01;6050,62
SUL;PARANA;03 - ACESSORIOS KRONA;2024-01-01;3581,29
SUL;PARANA;03 - ACESSORIOS KRONA;2024-02-01;8712,89
SUL;PARANA;03 - ACESSORIOS KRONA;2024-03-01;8567,15
SUL;PARANA;03 - ACESSORIOS KRONA;2024-04-01;4786,40
SUL;PARANA;03 - ACESSORIOS KRONA;2024-05-01;9438,05
SUL;PARANA;03 - ACESSORIOS KRONA;2024-06-01;7913,31
SUL;PARANA;03 - ACESSORIOS KRONA;2024-07-01;10873,33
SUL;PARANA;03 - ACESSORIOS KRONA;2024-08-01;2606,52
SUL;PARANA;03 - ACESSORIOS KRONA;2024-09-01;9428,44
SUL;PARANA;03 - ACESSORIOS KRONA;2024-10-01;4920,93
SUL;PARANA;03 - ACESSORIOS KRONA;2024-11-01;4990,90
SUL;PARANA;03 - ACESSORIOS KRONA;2024-12-01;6221,92
SUL;PARANA;03 - ACESSORIOS KRONA;2025-01-01;5121,44
SUL;PARANA;03 - ACESSORIOS KRONA;2025-02-01;5932,50
SUL;PARANA;03 - ACESSORIOS KRONA;2025-03-01;3480,12
SUL;PARANA;03 - ACESSORIOS KRONA;2025-04-01;4731,41
SUL;PARANA;03 - ACESSORIOS KRONA;2025-05-01;9179,93
SUL;PARANA;03 - ACESSORIOS KRONA;2025-06-01;8924,42
SUL;PARANA;03 - ACESSORIOS KRONA;2025-07-01;4529,72
SUL;PARANA;03 - ACESSORIOS KRONA;2025-08-01;5768,98
SUL;PARANA;03 - ACESSORIOS KRONA;2025-09-01;7198,16
SUL;PARANA;03 - ACESSORIOS KRONA;2025-10-01;3707,56
SUL;PARANA;03 - ACESSORIOS KRONA;2025-11-01;6077,98
SUL;PARANA;03 - ACESSORIOS KRONA;2025-12-01;5863,65
SUL;PARANA;03 - ACESSORIOS KRONA;2026-01-01;3962,79
SUL;PARANA;03 - ACESSORIOS KRONA;2026-02-01;13833,99
SUL;PARANA;03 - ACESSORIOS KRONA;2026-03-01;10651,91
SUL;PARANA;03 - ACESSORIOS KRONA;2026-04-01;12062,77
SUL;PARANA;03 - ACESSORIOS KRONA;2026-05-01;4942,41
SUL;PARANA;03 - ACESSORIOS KRONA;2026-06-01;2679,40
SUL;PARANA;03 - ACESSORIOS KRONA;2026-07-01;13353,57
SUL;PARANA;03 - ACESSORIOS KRONA;2026-08-01;6963,11
SUL;PARANA;04 - PRODUTOS REVENDA;2022-01-01;1574,24
SUL;PARANA;04 - PRODUTOS REVENDA;2022-02-01;2368,24
SUL;PARANA;04 - PRODUTOS REVENDA;2022-03-01;2885,93
SUL;PARANA;04 - PRODUTOS REVENDA;2022-04-01;3268,82
SUL;PARANA;04 - PRODUTOS REVENDA;2022-05-01;4394,36
SUL;PARANA;04 - PRODUTOS REVENDA;2022-06-01;1907,45
SUL;PARANA;04 - PRODUTOS REVENDA;2022-07-01;3459,14
SUL;PARANA;04 - PRODUTOS REVENDA;2022-08-01;2988,30
SUL;PARANA;04 - PRODUTOS REVENDA;2022-09-01;2617,97
SUL;PARANA;04 - PRODUTOS REVENDA;2022-10-01;2711,55
SUL;PARANA;04 - PRODUTOS REVENDA;2022-11-01;2540,84
SUL;PARANA;04 - PRODUTOS REVENDA;2022-12-01;4455,29
SUL;PARANA;04 - PRODUTOS REVENDA;2023-01-01;1598,15
SUL;PARANA;04 - PRODUTOS REVENDA;2023-02-01;4028,60
SUL;PARANA;04 - PRODUTOS REVENDA;2023-03-01;3616,13
SUL;PARANA;04 - PRODUTOS REVENDA;2023-04-01;2970,75
SUL;PARANA;04 - PRODUTOS REVENDA;2023-05-01;3215,61
SUL;PARANA;04 - PRODUTOS REVENDA;2023-06-01;4526,05
SUL;PARANA;04 - PRODUTOS REVENDA;2023-07-01;4292,36
SUL;PARANA;04 - PRODUTOS REVENDA;2023-08-01;5068,24
SUL;PARANA;04 - PRODUTOS REVENDA;2023-09-01;4259,58
SUL;PARANA;04 - PRODUTOS REVENDA;2023-10-01;4181,37
SUL;PARANA;04 - PRODUTOS REVENDA;2023-11-01;4403,55
SUL;PARANA;04 - PRODUTOS REVENDA;2023-12-01;4444,18
SUL;PARANA;04 - PRODUTOS REVENDA;2024-01-01;2213,53
SUL;PARANA;04 - PRODUTOS REVENDA;2024-02-01;4709,77
SUL;PARANA;04 - PRODUTOS REVENDA;2024-03-01;4872,97
SUL;PARANA;04 - PRODUTOS REVENDA;2024-04-01;3048,01
SUL;PARANA;04 - PRODUTOS REVENDA;2024-05-01;4366,65
SUL;PARANA;04 - PRODUTOS REVENDA;2024-06-01;4678,10
SUL;PARANA;04 - PRODUTOS REVENDA;2024-07-01;5173,30
SUL;PARANA;04 - PRODUTOS REVENDA;2024-08-01;1594,81
SUL;PARANA;04 - PRODUTOS REVENDA;2024-09-01;4574,74
SUL;PARANA;04 - PRODUTOS REVENDA;2024-10-01;3606,55
SUL;PARANA;04 - PRODUTOS REVENDA;2024-11-01;3262,16
SUL;PARANA;04 - PRODUTOS REVENDA;2024-12-01;3934,67
SUL;PARANA;04 - PRODUTOS REVENDA;2025-01-01;2701,94
SUL;PARANA;04 - PRODUTOS REVENDA;2025-02-01;3826,65
SUL;PARANA;04 - PRODUTOS REVENDA;2025-03-01;2577,42
SUL;PARANA;04 - PRODUTOS REVENDA;2025-04-01;5531,32
SUL;PARANA;04 - PRODUTOS REVENDA;2025-05-01;4549,69
SUL;PARANA;04 - PRODUTOS REVENDA;2025-06-01;6914,05
SUL;PARANA;04 - PRODUTOS REVENDA;2025-07-01;2926,91
SUL;PARANA;04 - PRODUTOS REVENDA;2025-08-01;3630,22
SUL;PARANA;04 - PRODUTOS REVENDA;2025-09-01;4142,94
SUL;PARANA;04 - PRODUTOS REVENDA;2025-10-01;2360,02
SUL;PARANA;04 - PRODUTOS REVENDA;2025-11-01;4620,01
SUL;PARANA;04 - PRODUTOS REVENDA;2025-12-01;4175,61
SUL;PARANA;04 - PRODUTOS REVENDA;2026-01-01;1894,02
SUL;PARANA;04 - PRODUTOS REVENDA;2026-02-01;4789,44
SUL;PARANA;04 - PRODUTOS REVENDA;2026-03-01;5409,94
SUL;PARANA;04 - PRODUTOS REVENDA;2026-04-01;5342,33
SUL;PARANA;04 - PRODUTOS REVENDA;2026-05-01;3386,99
SUL;PARANA;04 - PRODUTOS REVENDA;2026-06-01;1668,06
SUL;PARANA;04 - PRODUTOS REVENDA;2026-07-01;5527,28
SUL;PARANA;04 - PRODUTOS REVENDA;2026-08-01;3550,43
SUL;PARANA;29 - PPR;2022-01-01;152,05
SUL;PARANA;29 - PPR;2022-02-01;234,30
SUL;PARANA;29 - PPR;2022-03-01;281,84
SUL;PARANA;29 - PPR;2022-04-01;358,29
SUL;PARANA;29 - PPR;2022-05-01;312,13
SUL;PARANA;29 - PPR;2022-06-01;171,20
SUL;PARANA;29 - PPR;2022-07-01;339,74
SUL;PARANA;29 - PPR;2022-08-01;220,70
SUL;PARANA;29 - PPR;2022-09-01;232,01
SUL;PARANA;29 - PPR;2022-10-01;295,57
SUL;PARANA;29 - PPR;2022-11-01;193,66
SUL;PARANA;29 - PPR;2022-12-01;231,94
SUL;PARANA;29 - PPR;2023-01-01;196,19
SUL;PARANA;29 - PPR;2023-02-01;172,41
SUL;PARANA;29 - PPR;2023-03-01;361,75
SUL;PARANA;29 - PPR;2023-04-01;363,50
SUL;PARANA;29 - PPR;2023-05-01;113,05
SUL;PARANA;29 - PPR;2023-06-01;346,09
SUL;PARANA;29 - PPR;2023-07-01;195,23
SUL;PARANA;29 - PPR;2023-08-01;378,28
SUL;PARANA;29 - PPR;2023-09-01;312,68
SUL;PARANA;29 - PPR;2023-10-01;232,15
SUL;PARANA;29 - PPR;2023-11-01;216,61
SUL;PARANA;29 - PPR;2023-12-01;363,73
SUL;PARANA;29 - PPR;2024-01-01;206,91
SUL;PARANA;29 - PPR;2024-02-01;236,59
SUL;PARANA;29 - PPR;2024-03-01;304,91
SUL;PARANA;29 - PPR;2024-04-01;188,02
SUL;PARANA;29 - PPR;2024-05-01;1576,86
SUL;PARANA;29 - PPR;2024-06-01;923,22
SUL;PARANA;29 - PPR;2024-07-01;236,70
SUL;PARANA;29 - PPR;2024-08-01;265,98
SUL;PARANA;29 - PPR;2024-09-01;302,98
SUL;PARANA;29 - PPR;2024-10-01;241,09
SUL;PARANA;29 - PPR;2024-11-01;149,09
SUL;PARANA;29 - PPR;2024-12-01;160,08
SUL;PARANA;29 - PPR;2025-01-01;187,51
SUL;PARANA;29 - PPR;2025-02-01;239,10
SUL;PARANA;29 - PPR;2025-03-01;57,84
SUL;PARANA;29 - PPR;2025-04-01;447,89
SUL;PARANA;29 - PPR;2025-05-01;290,72
SUL;PARANA;29 - PPR;2025-06-01;421,40
SUL;PARANA;29 - PPR;2025-07-01;268,12
SUL;PARANA;29 - PPR;2025-08-01;314,15
SUL;PARANA;29 - PPR;2025-09-01;237,30
SUL;PARANA;29 - PPR;2025-10-01;424,66
SUL;PARANA;29 - PPR;2025-11-01;214,29
SUL;PARANA;29 - PPR;2025-12-01;326,11
SUL;PARANA;29 - PPR;2026-01-01;110,11
SUL;PARANA;29 - PPR;2026-02-01;242,05
SUL;PARANA;29 - PPR;2026-03-01;514,38
SUL;PARANA;29 - PPR;2026-04-01;136,16
SUL;PARANA;29 - PPR;2026-05-01;358,67
SUL;PARANA;29 - PPR;2026-06-01;118,75
SUL;PARANA;29 - PPR;2026-07-01;368,49
SUL;PARANA;29 - PPR;2026-08-01;205,21
SUL;PARANA;30 - ELETRODUTOS CORRUGADOS KRONA;2022-01-01;5176,54
SUL;PARANA;30 - ELETRODUTOS CORRUGADOS KRONA;2022-02-01;13170,05
SUL;PARANA;30 - ELETRODUTOS CORRUGADOS KRONA;2022-03-01;18685,56
SUL;PARANA;30 - ELETRODUTOS CORRUGADOS KRONA;2022-04-01;23195,51
SUL;PARANA;30 - ELETRODUTOS CORRUGADOS KRONA;2022-05-01;30302,00
SUL;PARANA;30 - ELETRODUTOS CORRUGADOS KRONA;2022-06-01;15265,07
SUL;PARANA;30 - ELETRODUTOS CORRUGADOS KRONA;2022-07-01;20011,33
SUL;PARANA;30 - ELETRODUTOS CORRUGADOS KRONA;2022-08-01;16574,14
SUL;PARANA;30 - ELETRODUTOS CORRUGADOS KRONA;2022-09-01;15017,08
SUL;PARANA;30 - ELETRODUTOS CORRUGADOS KRONA;2022-10-01;17191,01
SUL;PARANA;30 - ELETRODUTOS CORRUGADOS KRONA;2022-11-01;14224,67
SUL;PARANA;30 - ELETRODUTOS CORRUGADOS KRONA;2022-12-01;17451,38
SUL;PARANA;30 - ELETRODUTOS CORRUGADOS KRONA;2023-01-01;9754,59
SUL;PARANA;30 - ELETRODUTOS CORRUGADOS KRONA;2023-02-01;17155,31
SUL;PARANA;30 - ELETRODUTOS CORRUGADOS KRONA;2023-03-01;17190,97
SUL;PARANA;30 - ELETRODUTOS CORRUGADOS KRONA;2023-04-01;37323,93
SUL;PARANA;30 - ELETRODUTOS CORRUGADOS KRONA;2023-05-01;16759,32
SUL;PARANA;30 - ELETRODUTOS CORRUGADOS KRONA;2023-06-01;34590,71
SUL;PARANA;30 - ELETRODUTOS CORRUGADOS KRONA;2023-07-01;35082,12
SUL;PARANA;30 - ELETRODUTOS CORRUGADOS KRONA;2023-08-01;30850,43
SUL;PARANA;30 - ELETRODUTOS CORRUGADOS KRONA;2023-09-01;29864,84
SUL;PARANA;30 - ELETRODUTOS CORRUGADOS KRONA;2023-10-01;20291,72
SUL;PARANA;30 - ELETRODUTOS CORRUGADOS KRONA;2023-11-01;17340,10
SUL;PARANA;30 - ELETRODUTOS CORRUGADOS KRONA;2023-12-01;19904,61
SUL;PARANA;30 - ELETRODUTOS CORRUGADOS KRONA;2024-01-01;7112,11
SUL;PARANA;30 - ELETRODUTOS CORRUGADOS KRONA;2024-02-01;11789,19
SUL;PARANA;30 - ELETRODUTOS CORRUGADOS KRONA;2024-03-01;28785,09
SUL;PARANA;30 - ELETRODUTOS CORRUGADOS KRONA;2024-04-01;19154,84
SUL;PARANA;30 - ELETRODUTOS CORRUGADOS KRONA;2024-05-01;16078,81
SUL;PARANA;30 - ELETRODUTOS CORRUGADOS KRONA;2024-06-01;32585,74
SUL;PARANA;30 - ELETRODUTOS CORRUGADOS KRONA;2024-07-01;25908,18
SUL;PARANA;30 - ELETRODUTOS CORRUGADOS KRONA;2024-08-01;13971,40
SUL;PARANA;30 - ELETRODUTOS CORRUGADOS KRONA;2024-09-01;23796,17
SUL;PARANA;30 - ELETRODUTOS CORRUGADOS KRONA;2024-10-01;16504,22
SUL;PARANA;30 - ELETRODUTOS CORRUGADOS KRONA;2024-11-01;12155,35
SUL;PARANA;30 - ELETRODUTOS CORRUGADOS KRONA;2024-12-01;13731,89
SUL;PARANA;30 - ELETRODUTOS CORRUGADOS KRONA;2025-01-01;14819,89
SUL;PARANA;30 - ELETRODUTOS CORRUGADOS KRONA;2025-02-01;14826,82
SUL;PARANA;30 - ELETRODUTOS CORRUGADOS KRONA;2025-03-01;9961,91
SUL;PARANA;30 - ELETRODUTOS CORRUGADOS KRONA;2025-04-01;27502,05
SUL;PARANA;30 - ELETRODUTOS CORRUGADOS KRONA;2025-05-01;22624,99
SUL;PARANA;30 - ELETRODUTOS CORRUGADOS KRONA;2025-06-01;27174,56
SUL;PARANA;30 - ELETRODUTOS CORRUGADOS KRONA;2025-07-01;26723,10
SUL;PARANA;30 - ELETRODUTOS CORRUGADOS KRONA;2025-08-01;20778,69
SUL;PARANA;30 - ELETRODUTOS CORRUGADOS KRONA;2025-09-01;19655,35
SUL;PARANA;30 - ELETRODUTOS CORRUGADOS KRONA;2025-10-01;11369,85
SUL;PARANA;30 - ELETRODUTOS CORRUGADOS KRONA;2025-11-01;23765,72
SUL;PARANA;30 - ELETRODUTOS CORRUGADOS KRONA;2025-12-01;23015,06
SUL;PARANA;30 - ELETRODUTOS CORRUGADOS KRONA;2026-01-01;11169,43
SUL;PARANA;30 - ELETRODUTOS CORRUGADOS KRONA;2026-02-01;19829,90
SUL;PARANA;30 - ELETRODUTOS CORRUGADOS KRONA;2026-03-01;30074,01
SUL;PARANA;30 - ELETRODUTOS CORRUGADOS KRONA;2026-04-01;29205,14
SUL;PARANA;30 - ELETRODUTOS CORRUGADOS KRONA;2026-05-01;27853,00
SUL;PARANA;30 - ELETRODUTOS CORRUGADOS KRONA;2026-06-01;9406,41
SUL;PARANA;30 - ELETRODUTOS CORRUGADOS KRONA;2026-07-01;17515,40
SUL;PARANA;30 - ELETRODUTOS CORRUGADOS KRONA;2026-08-01;24446,69
SUL;PARANA;31 - CPVC ULTRATERM;2022-01-01;894,73
SUL;PARANA;31 - CPVC ULTRATERM;2022-02-01;836,32
SUL;PARANA;31 - CPVC ULTRATERM;2022-03-01;1393,63
SUL;PARANA;31 - CPVC ULTRATERM;2022-04-01;2316,82
SUL;PARANA;31 - CPVC ULTRATERM;2022-05-01;2207,03
SUL;PARANA;31 - CPVC ULTRATERM;2022-06-01;677,50
SUL;PARANA;31 - CPVC ULTRATERM;2022-07-01;1882,64
SUL;PARANA;31 - CPVC ULTRATERM;2022-08-01;1681,38
SUL;PARANA;31 - CPVC ULTRATERM;2022-09-01;2019,07
SUL;PARANA;31 - CPVC ULTRATERM;2022-10-01;1575,13
SUL;PARANA;31 - CPVC ULTRATERM;2022-11-01;1035,41
SUL;PARANA;31 - CPVC ULTRATERM;2022-12-01;1153,43
SUL;PARANA;31 - CPVC ULTRATERM;2023-01-01;449,61
SUL;PARANA;31 - CPVC ULTRATERM;2023-02-01;2076,95
SUL;PARANA;31 - CPVC ULTRATERM;2023-03-01;2045,38
SUL;PARANA;31 - CPVC ULTRATERM;2023-04-01;1354,87
SUL;PARANA;31 - CPVC ULTRATERM;2023-05-01;1322,61
SUL;PARANA;31 - CPVC ULTRATERM;2023-06-01;2063,83
SUL;PARANA;31 - CPVC ULTRATERM;2023-07-01;1288,41
SUL;PARANA;31 - CPVC ULTRATERM;2023-08-01;1384,66
SUL;PARANA;31 - CPVC ULTRATERM;2023-09-01;1476,14
SUL;PARANA;31 - CPVC ULTRATERM;2023-10-01;821,41
SUL;PARANA;31 - CPVC ULTRATERM;2023-11-01;1545,09
SUL;PARANA;31 - CPVC ULTRATERM;2023-12-01;941,06
SUL;PARANA;31 - CPVC ULTRATERM;2024-01-01;737,45
SUL;PARANA;31 - CPVC ULTRATERM;2024-02-01;1706,78
SUL;PARANA;31 - CPVC ULTRATERM;2024-03-01;1176,68
SUL;PARANA;31 - CPVC ULTRATERM;2024-04-01;691,23
SUL;PARANA;31 - CPVC ULTRATERM;2024-05-01;1261,82
SUL;PARANA;31 - CPVC ULTRATERM;2024-06-01;1832,42
SUL;PARANA;31 - CPVC ULTRATERM;2024-07-01;1133,29
SUL;PARANA;31 - CPVC ULTRATERM;2024-08-01;601,91
SUL;PARANA;31 - CPVC ULTRATERM;2024-09-01;1870,87
SUL;PARANA;31 - CPVC ULTRATERM;2024-10-01;1048,16
SUL;PARANA;31 - CPVC ULTRATERM;2024-11-01;1186,31
SUL;PARANA;31 - CPVC ULTRATERM;2024-12-01;1564,18
SUL;PARANA;31 - CPVC ULTRATERM;2025-01-01;621,97
SUL;PARANA;31 - CPVC ULTRATERM;2025-02-01;1403,38
SUL;PARANA;31 - CPVC ULTRATERM;2025-03-01;2113,15
SUL;PARANA;31 - CPVC ULTRATERM;2025-04-01;1871,96
SUL;PARANA;31 - CPVC ULTRATERM;2025-05-01;1284,60
SUL;PARANA;31 - CPVC ULTRATERM;2025-06-01;1881,47
SUL;PARANA;31 - CPVC ULTRATERM;2025-07-01;1176,06
SUL;PARANA;31 - CPVC ULTRATERM;2025-08-01;1232,09
SUL;PARANA;31 - CPVC ULTRATERM;2025-09-01;1012,79
SUL;PARANA;31 - CPVC ULTRATERM;2025-10-01;498,29
SUL;PARANA;31 - CPVC ULTRATERM;2025-11-01;1273,25
SUL;PARANA;31 - CPVC ULTRATERM;2025-12-01;943,43
SUL;PARANA;31 - CPVC ULTRATERM;2026-01-01;360,50
SUL;PARANA;31 - CPVC ULTRATERM;2026-02-01;1282,44
SUL;PARANA;31 - CPVC ULTRATERM;2026-03-01;1639,39
SUL;PARANA;31 - CPVC ULTRATERM;2026-04-01;1342,66
SUL;PARANA;31 - CPVC ULTRATERM;2026-05-01;1437,82
SUL;PARANA;31 - CPVC ULTRATERM;2026-06-01;500,04
SUL;PARANA;31 - CPVC ULTRATERM;2026-07-01;1139,61
SUL;PARANA;31 - CPVC ULTRATERM;2026-08-01;1066,42
SUL;RIO GRANDE DO SUL;00 - TUBOS PVC KRONA;2022-01-01;101445,86
SUL;RIO GRANDE DO SUL;00 - TUBOS PVC KRONA;2022-02-01;164200,59
SUL;RIO GRANDE DO SUL;00 - TUBOS PVC KRONA;2022-03-01;288763,33
SUL;RIO GRANDE DO SUL;00 - TUBOS PVC KRONA;2022-04-01;329005,55
SUL;RIO GRANDE DO SUL;00 - TUBOS PVC KRONA;2022-05-01;376552,88
SUL;RIO GRANDE DO SUL;00 - TUBOS PVC KRONA;2022-06-01;256416,29
SUL;RIO GRANDE DO SUL;00 - TUBOS PVC KRONA;2022-07-01;254015,01
SUL;RIO GRANDE DO SUL;00 - TUBOS PVC KRONA;2022-08-01;313731,16
SUL;RIO GRANDE DO SUL;00 - TUBOS PVC KRONA;2022-09-01;295007,93
SUL;RIO GRANDE DO SUL;00 - TUBOS PVC KRONA;2022-10-01;476433,27
SUL;RIO GRANDE DO SUL;00 - TUBOS PVC KRONA;2022-11-01;224787,52
SUL;RIO GRANDE DO SUL;00 - TUBOS PVC KRONA;2022-12-01;546873,18
SUL;RIO GRANDE DO SUL;00 - TUBOS PVC KRONA;2023-01-01;199293,57
SUL;RIO GRANDE DO SUL;00 - TUBOS PVC KRONA;2023-02-01;338546,59
SUL;RIO GRANDE DO SUL;00 - TUBOS PVC KRONA;2023-03-01;633825,47
SUL;RIO GRANDE DO SUL;00 - TUBOS PVC KRONA;2023-04-01;174816,65
SUL;RIO GRANDE DO SUL;00 - TUBOS PVC KRONA;2023-05-01;158785,44
SUL;RIO GRANDE DO SUL;00 - TUBOS PVC KRONA;2023-06-01;232188,97
SUL;RIO GRANDE DO SUL;00 - TUBOS PVC KRONA;2023-07-01;231600,27
SUL;RIO GRANDE DO SUL;00 - TUBOS PVC KRONA;2023-08-01;227180,26
SUL;RIO GRANDE DO SUL;00 - TUBOS PVC KRONA;2023-09-01;475483,96
SUL;RIO GRANDE DO SUL;00 - TUBOS PVC KRONA;2023-10-01;130548,67
SUL;RIO GRANDE DO SUL;00 - TUBOS PVC KRONA;2023-11-01;300138,01
SUL;RIO GRANDE DO SUL;00 - TUBOS PVC KRONA;2023-12-01;309047,22
SUL;RIO GRANDE DO SUL;00 - TUBOS PVC KRONA;2024-01-01;136068,22
SUL;RIO GRANDE DO SUL;00 - TUBOS PVC KRONA;2024-02-01;248821,54
SUL;RIO GRANDE DO SUL;00 - TUBOS PVC KRONA;2024-03-01;323713,19
SUL;RIO GRANDE DO SUL;00 - TUBOS PVC KRONA;2024-04-01;256563,23
SUL;RIO GRANDE DO SUL;00 - TUBOS PVC KRONA;2024-05-01;250599,24
SUL;RIO GRANDE DO SUL;00 - TUBOS PVC KRONA;2024-06-01;469528,27
SUL;RIO GRANDE DO SUL;00 - TUBOS PVC KRONA;2024-07-01;540629,42
SUL;RIO GRANDE DO SUL;00 - TUBOS PVC KRONA;2024-08-01;177491,88
SUL;RIO GRANDE DO SUL;00 - TUBOS PVC KRONA;2024-09-01;537580,68
SUL;RIO GRANDE DO SUL;00 - TUBOS PVC KRONA;2024-10-01;201073,51
SUL;RIO GRANDE DO SUL;00 - TUBOS PVC KRONA;2024-11-01;174022,79
SUL;RIO GRANDE DO SUL;00 - TUBOS PVC KRONA;2024-12-01;315675,71
SUL;RIO GRANDE DO SUL;00 - TUBOS PVC KRONA;2025-01-01;233551,44
SUL;RIO GRANDE DO SUL;00 - TUBOS PVC KRONA;2025-02-01;443446,73
SUL;RIO GRANDE DO SUL;00 - TUBOS PVC KRONA;2025-03-01;213575,74
SUL;RIO GRANDE DO SUL;00 - TUBOS PVC KRONA;2025-04-01;227742,75
SUL;RIO GRANDE DO SUL;00 - TUBOS PVC KRONA;2025-05-01;312141,58
SUL;RIO GRANDE DO SUL;00 - TUBOS PVC KRONA;2025-06-01;690518,67
SUL;RIO GRANDE DO SUL;00 - TUBOS PVC KRONA;2025-07-01;154428,89
SUL;RIO GRANDE DO SUL;00 - TUBOS PVC KRONA;2025-08-01;426124,44
SUL;RIO GRANDE DO SUL;00 - TUBOS PVC KRONA;2025-09-01;108150,31
SUL;RIO GRANDE DO SUL;00 - TUBOS PVC KRONA;2025-10-01;396540,97
SUL;RIO GRANDE DO SUL;00 - TUBOS PVC KRONA;2025-11-01;167985,55
SUL;RIO GRANDE DO SUL;00 - TUBOS PVC KRONA;2025-12-01;355761,76
SUL;RIO GRANDE DO SUL;00 - TUBOS PVC KRONA;2026-01-01;84648,32
SUL;RIO GRANDE DO SUL;00 - TUBOS PVC KRONA;2026-02-01;303975,35
SUL;RIO GRANDE DO SUL;00 - TUBOS PVC KRONA;2026-03-01;524889,92
SUL;RIO GRANDE DO SUL;00 - TUBOS PVC KRONA;2026-04-01;684915,69
SUL;RIO GRANDE DO SUL;00 - TUBOS PVC KRONA;2026-05-01;236417,58
SUL;RIO GRANDE DO SUL;00 - TUBOS PVC KRONA;2026-06-01;117086,38
SUL;RIO GRANDE DO SUL;00 - TUBOS PVC KRONA;2026-07-01;136297,60
SUL;RIO GRANDE DO SUL;00 - TUBOS PVC KRONA;2026-08-01;179228,02
SUL;RIO GRANDE DO SUL;01 - TUBOS ELETRODUTOS KRONA;2022-01-01;1496,93
SUL;RIO GRANDE DO SUL;01 - TUBOS ELETRODUTOS KRONA;2022-02-01;1026,09
SUL;RIO GRANDE DO SUL;01 - TUBOS ELETRODUTOS KRONA;2022-03-01;2733,99
SUL;RIO GRANDE DO SUL;01 - TUBOS ELETRODUTOS KRONA;2022-04-01;1628,10
SUL;RIO GRANDE DO SUL;01 - TUBOS ELETRODUTOS KRONA;2022-05-01;2480,57
SUL;RIO GRANDE DO SUL;01 - TUBOS ELETRODUTOS KRONA;2022-06-01;1020,04
SUL;RIO GRANDE DO SUL;01 - TUBOS ELETRODUTOS KRONA;2022-07-01;1572,12
SUL;RIO GRANDE DO SUL;01 - TUBOS ELETRODUTOS KRONA;2022-08-01;1910,85
SUL;RIO GRANDE DO SUL;01 - TUBOS ELETRODUTOS KRONA;2022-09-01;1584,60
SUL;RIO GRANDE DO SUL;01 - TUBOS ELETRODUTOS KRONA;2022-10-01;1623,07
SUL;RIO GRANDE DO SUL;01 - TUBOS ELETRODUTOS KRONA;2022-11-01;850,48
SUL;RIO GRANDE DO SUL;01 - TUBOS ELETRODUTOS KRONA;2022-12-01;2194,26
SUL;RIO GRANDE DO SUL;01 - TUBOS ELETRODUTOS KRONA;2023-01-01;834,22
SUL;RIO GRANDE DO SUL;01 - TUBOS ELETRODUTOS KRONA;2023-02-01;1750,95
SUL;RIO GRANDE DO SUL;01 - TUBOS ELETRODUTOS KRONA;2023-03-01;2622,68
SUL;RIO GRANDE DO SUL;01 - TUBOS ELETRODUTOS KRONA;2023-04-01;914,93
SUL;RIO GRANDE DO SUL;01 - TUBOS ELETRODUTOS KRONA;2023-05-01;818,42
SUL;RIO GRANDE DO SUL;01 - TUBOS ELETRODUTOS KRONA;2023-06-01;1446,58
SUL;RIO GRANDE DO SUL;01 - TUBOS ELETRODUTOS KRONA;2023-07-01;1615,16
SUL;RIO GRANDE DO SUL;01 - TUBOS ELETRODUTOS KRONA;2023-08-01;1108,66
SUL;RIO GRANDE DO SUL;01 - TUBOS ELETRODUTOS KRONA;2023-09-01;2039,38
SUL;RIO GRANDE DO SUL;01 - TUBOS ELETRODUTOS KRONA;2023-10-01;1151,41
SUL;RIO GRANDE DO SUL;01 - TUBOS ELETRODUTOS KRONA;2023-11-01;995,87
SUL;RIO GRANDE DO SUL;01 - TUBOS ELETRODUTOS KRONA;2023-12-01;1289,42
SUL;RIO GRANDE DO SUL;01 - TUBOS ELETRODUTOS KRONA;2024-01-01;984,05
SUL;RIO GRANDE DO SUL;01 - TUBOS ELETRODUTOS KRONA;2024-02-01;1623,12
SUL;RIO GRANDE DO SUL;01 - TUBOS ELETRODUTOS KRONA;2024-03-01;1600,50
SUL;RIO GRANDE DO SUL;01 - TUBOS ELETRODUTOS KRONA;2024-04-01;1104,83
SUL;RIO GRANDE DO SUL;01 - TUBOS ELETRODUTOS KRONA;2024-05-01;1423,94
SUL;RIO GRANDE DO SUL;01 - TUBOS ELETRODUTOS KRONA;2024-06-01;1264,88
SUL;RIO GRANDE DO SUL;01 - TUBOS ELETRODUTOS KRONA;2024-07-01;2345,63
SUL;RIO GRANDE DO SUL;01 - TUBOS ELETRODUTOS KRONA;2024-08-01;1280,81
SUL;RIO GRANDE DO SUL;01 - TUBOS ELETRODUTOS KRONA;2024-09-01;1864,00
SUL;RIO GRANDE DO SUL;01 - TUBOS ELETRODUTOS KRONA;2024-10-01;1144,26
SUL;RIO GRANDE DO SUL;01 - TUBOS ELETRODUTOS KRONA;2024-11-01;696,84
SUL;RIO GRANDE DO SUL;01 - TUBOS ELETRODUTOS KRONA;2024-12-01;1554,04
SUL;RIO GRANDE DO SUL;01 - TUBOS ELETRODUTOS KRONA;2025-01-01;1509,27
SUL;RIO GRANDE DO SUL;01 - TUBOS ELETRODUTOS KRONA;2025-02-01;2985,62
SUL;RIO GRANDE DO SUL;01 - TUBOS ELETRODUTOS KRONA;2025-03-01;762,08
SUL;RIO GRANDE DO SUL;01 - TUBOS ELETRODUTOS KRONA;2025-04-01;816,68
SUL;RIO GRANDE DO SUL;01 - TUBOS ELETRODUTOS KRONA;2025-05-01;1429,10
SUL;RIO GRANDE DO SUL;01 - TUBOS ELETRODUTOS KRONA;2025-06-01;2993,49
SUL;RIO GRANDE DO SUL;01 - TUBOS ELETRODUTOS KRONA;2025-07-01;874,10
SUL;RIO GRANDE DO SUL;01 - TUBOS ELETRODUTOS KRONA;2025-08-01;724,61
SUL;RIO GRANDE DO SUL;01 - TUBOS ELETRODUTOS KRONA;2025-09-01;1122,49
SUL;RIO GRANDE DO SUL;01 - TUBOS ELETRODUTOS KRONA;2025-10-01;1950,50
SUL;RIO GRANDE DO SUL;01 - TUBOS ELETRODUTOS KRONA;2025-11-01;1036,95
SUL;RIO GRANDE DO SUL;01 - TUBOS ELETRODUTOS KRONA;2025-12-01;2215,44
SUL;RIO GRANDE DO SUL;01 - TUBOS ELETRODUTOS KRONA;2026-01-01;478,54
SUL;RIO GRANDE DO SUL;01 - TUBOS ELETRODUTOS KRONA;2026-02-01;5008,76
SUL;RIO GRANDE DO SUL;01 - TUBOS ELETRODUTOS KRONA;2026-03-01;2988,73
SUL;RIO GRANDE DO SUL;01 - TUBOS ELETRODUTOS KRONA;2026-04-01;1654,48
SUL;RIO GRANDE DO SUL;01 - TUBOS ELETRODUTOS KRONA;2026-05-01;5334,19
SUL;RIO GRANDE DO SUL;01 - TUBOS ELETRODUTOS KRONA;2026-06-01;442,12
SUL;RIO GRANDE DO SUL;01 - TUBOS ELETRODUTOS KRONA;2026-07-01;5408,61
SUL;RIO GRANDE DO SUL;01 - TUBOS ELETRODUTOS KRONA;2026-08-01;2744,26
SUL;RIO GRANDE DO SUL;02 - CONEXOES KRONA;2022-01-01;23464,60
SUL;RIO GRANDE DO SUL;02 - CONEXOES KRONA;2022-02-01;46675,17
SUL;RIO GRANDE DO SUL;02 - CONEXOES KRONA;2022-03-01;60842,86
SUL;RIO GRANDE DO SUL;02 - CONEXOES KRONA;2022-04-01;67684,09
SUL;RIO GRANDE DO SUL;02 - CONEXOES KRONA;2022-05-01;71551,31
SUL;RIO GRANDE DO SUL;02 - CONEXOES KRONA;2022-06-01;48159,73
SUL;RIO GRANDE DO SUL;02 - CONEXOES KRONA;2022-07-01;44109,30
SUL;RIO GRANDE DO SUL;02 - CONEXOES KRONA;2022-08-01;72499,80
SUL;RIO GRANDE DO SUL;02 - CONEXOES KRONA;2022-09-01;73766,84
SUL;RIO GRANDE DO SUL;02 - CONEXOES KRONA;2022-10-01;74161,18
SUL;RIO GRANDE DO SUL;02 - CONEXOES KRONA;2022-11-01;61617,66
SUL;RIO GRANDE DO SUL;02 - CONEXOES KRONA;2022-12-01;108370,03
SUL;RIO GRANDE DO SUL;02 - CONEXOES KRONA;2023-01-01;46591,05
SUL;RIO GRANDE DO SUL;02 - CONEXOES KRONA;2023-02-01;73112,96
SUL;RIO GRANDE DO SUL;02 - CONEXOES KRONA;2023-03-01;145475,25
SUL;RIO GRANDE DO SUL;02 - CONEXOES KRONA;2023-04-01;35736,41
SUL;RIO GRANDE DO SUL;02 - CONEXOES KRONA;2023-05-01;42979,23
SUL;RIO GRANDE DO SUL;02 - CONEXOES KRONA;2023-06-01;48526,27
SUL;RIO GRANDE DO SUL;02 - CONEXOES KRONA;2023-07-01;72987,74
SUL;RIO GRANDE DO SUL;02 - CONEXOES KRONA;2023-08-01;55690,40
SUL;RIO GRANDE DO SUL;02 - CONEXOES KRONA;2023-09-01;115316,31
SUL;RIO GRANDE DO SUL;02 - CONEXOES KRONA;2023-10-01;31555,01
SUL;RIO GRANDE DO SUL;02 - CONEXOES KRONA;2023-11-01;39834,88
SUL;RIO GRANDE DO SUL;02 - CONEXOES KRONA;2023-12-01;78703,97
SUL;RIO GRANDE DO SUL;02 - CONEXOES KRONA;2024-01-01;26957,33
SUL;RIO GRANDE DO SUL;02 - CONEXOES KRONA;2024-02-01;78731,87
SUL;RIO GRANDE DO SUL;02 - CONEXOES KRONA;2024-03-01;70851,49
SUL;RIO GRANDE DO SUL;02 - CONEXOES KRONA;2024-04-01;50115,20
SUL;RIO GRANDE DO SUL;02 - CONEXOES KRONA;2024-05-01;49815,67
SUL;RIO GRANDE DO SUL;02 - CONEXOES KRONA;2024-06-01;124959,98
SUL;RIO GRANDE DO SUL;02 - CONEXOES KRONA;2024-07-01;118994,19
SUL;RIO GRANDE DO SUL;02 - CONEXOES KRONA;2024-08-01;31497,06
SUL;RIO GRANDE DO SUL;02 - CONEXOES KRONA;2024-09-01;104008,55
SUL;RIO GRANDE DO SUL;02 - CONEXOES KRONA;2024-10-01;50404,34
SUL;RIO GRANDE DO SUL;02 - CONEXOES KRONA;2024-11-01;51361,02
SUL;RIO GRANDE DO SUL;02 - CONEXOES KRONA;2024-12-01;94213,16
SUL;RIO GRANDE DO SUL;02 - CONEXOES KRONA;2025-01-01;58677,09
SUL;RIO GRANDE DO SUL;02 - CONEXOES KRONA;2025-02-01;99650,34
SUL;RIO GRANDE DO SUL;02 - CONEXOES KRONA;2025-03-01;39520,80
SUL;RIO GRANDE DO SUL;02 - CONEXOES KRONA;2025-04-01;56736,15
SUL;RIO GRANDE DO SUL;02 - CONEXOES KRONA;2025-05-01;70366,49
SUL;RIO GRANDE DO SUL;02 - CONEXOES KRONA;2025-06-01;177675,70
SUL;RIO GRANDE DO SUL;02 - CONEXOES KRONA;2025-07-01;28589,94
SUL;RIO GRANDE DO SUL;02 - CONEXOES KRONA;2025-08-01;98351,94
SUL;RIO GRANDE DO SUL;02 - CONEXOES KRONA;2025-09-01;27247,56
SUL;RIO GRANDE DO SUL;02 - CONEXOES KRONA;2025-10-01;122167,35
SUL;RIO GRANDE DO SUL;02 - CONEXOES KRONA;2025-11-01;39516,71
SUL;RIO GRANDE DO SUL;02 - CONEXOES KRONA;2025-12-01;85404,99
SUL;RIO GRANDE DO SUL;02 - CONEXOES KRONA;2026-01-01;23161,40
SUL;RIO GRANDE DO SUL;02 - CONEXOES KRONA;2026-02-01;106977,82
SUL;RIO GRANDE DO SUL;02 - CONEXOES KRONA;2026-03-01;158437,43
SUL;RIO GRANDE DO SUL;02 - CONEXOES KRONA;2026-04-01;134124,38
SUL;RIO GRANDE DO SUL;02 - CONEXOES KRONA;2026-05-01;41936,69
SUL;RIO GRANDE DO SUL;02 - CONEXOES KRONA;2026-06-01;27099,80
SUL;RIO GRANDE DO SUL;02 - CONEXOES KRONA;2026-07-01;27130,03
SUL;RIO GRANDE DO SUL;02 - CONEXOES KRONA;2026-08-01;58818,41
SUL;RIO GRANDE DO SUL;03 - ACESSORIOS KRONA;2022-01-01;2946,47
SUL;RIO GRANDE DO SUL;03 - ACESSORIOS KRONA;2022-02-01;5610,83
SUL;RIO GRANDE DO SUL;03 - ACESSORIOS KRONA;2022-03-01;6042,78
SUL;RIO GRANDE DO SUL;03 - ACESSORIOS KRONA;2022-04-01;8536,31
SUL;RIO GRANDE DO SUL;03 - ACESSORIOS KRONA;2022-05-01;9321,98
SUL;RIO GRANDE DO SUL;03 - ACESSORIOS KRONA;2022-06-01;8042,60
SUL;RIO GRANDE DO SUL;03 - ACESSORIOS KRONA;2022-07-01;4427,08
SUL;RIO GRANDE DO SUL;03 - ACESSORIOS KRONA;2022-08-01;5990,38
SUL;RIO GRANDE DO SUL;03 - ACESSORIOS KRONA;2022-09-01;15612,63
SUL;RIO GRANDE DO SUL;03 - ACESSORIOS KRONA;2022-10-01;6564,72
SUL;RIO GRANDE DO SUL;03 - ACESSORIOS KRONA;2022-11-01;9202,71
SUL;RIO GRANDE DO SUL;03 - ACESSORIOS KRONA;2022-12-01;12681,47
SUL;RIO GRANDE DO SUL;03 - ACESSORIOS KRONA;2023-01-01;7631,24
SUL;RIO GRANDE DO SUL;03 - ACESSORIOS KRONA;2023-02-01;8846,62
SUL;RIO GRANDE DO SUL;03 - ACESSORIOS KRONA;2023-03-01;21119,55
SUL;RIO GRANDE DO SUL;03 - ACESSORIOS KRONA;2023-04-01;3964,14
SUL;RIO GRANDE DO SUL;03 - ACESSORIOS KRONA;2023-05-01;6716,11
SUL;RIO GRANDE DO SUL;03 - ACESSORIOS KRONA;2023-06-01;6711,54
SUL;RIO GRANDE DO SUL;03 - ACESSORIOS KRONA;2023-07-01;10928,43
SUL;RIO GRANDE DO SUL;03 - ACESSORIOS KRONA;2023-08-01;12280,27
SUL;RIO GRANDE DO SUL;03 - ACESSORIOS KRONA;2023-09-01;16614,78
SUL;RIO GRANDE DO SUL;03 - ACESSORIOS KRONA;2023-10-01;2353,25
SUL;RIO GRANDE DO SUL;03 - ACESSORIOS KRONA;2023-11-01;3539,53
SUL;RIO GRANDE DO SUL;03 - ACESSORIOS KRONA;2023-12-01;7701,88
SUL;RIO GRANDE DO SUL;03 - ACESSORIOS KRONA;2024-01-01;2203,98
SUL;RIO GRANDE DO SUL;03 - ACESSORIOS KRONA;2024-02-01;8808,81
SUL;RIO GRANDE DO SUL;03 - ACESSORIOS KRONA;2024-03-01;7516,78
SUL;RIO GRANDE DO SUL;03 - ACESSORIOS KRONA;2024-04-01;6124,42
SUL;RIO GRANDE DO SUL;03 - ACESSORIOS KRONA;2024-05-01;7516,15
SUL;RIO GRANDE DO SUL;03 - ACESSORIOS KRONA;2024-06-01;15705,14
SUL;RIO GRANDE DO SUL;03 - ACESSORIOS KRONA;2024-07-01;18191,47
SUL;RIO GRANDE DO SUL;03 - ACESSORIOS KRONA;2024-08-01;3036,03
SUL;RIO GRANDE DO SUL;03 - ACESSORIOS KRONA;2024-09-01;12405,48
SUL;RIO GRANDE DO SUL;03 - ACESSORIOS KRONA;2024-10-01;4448,32
SUL;RIO GRANDE DO SUL;03 - ACESSORIOS KRONA;2024-11-01;3217,44
SUL;RIO GRANDE DO SUL;03 - ACESSORIOS KRONA;2024-12-01;7602,19
SUL;RIO GRANDE DO SUL;03 - ACESSORIOS KRONA;2025-01-01;3870,75
SUL;RIO GRANDE DO SUL;03 - ACESSORIOS KRONA;2025-02-01;9391,54
SUL;RIO GRANDE DO SUL;03 - ACESSORIOS KRONA;2025-03-01;2232,22
SUL;RIO GRANDE DO SUL;03 - ACESSORIOS KRONA;2025-04-01;4824,23
SUL;RIO GRANDE DO SUL;03 - ACESSORIOS KRONA;2025-05-01;9119,76
SUL;RIO GRANDE DO SUL;03 - ACESSORIOS KRONA;2025-06-01;16793,29
SUL;RIO GRANDE DO SUL;03 - ACESSORIOS KRONA;2025-07-01;2498,15
SUL;RIO GRANDE DO SUL;03 - ACESSORIOS KRONA;2025-08-01;12705,49
SUL;RIO GRANDE DO SUL;03 - ACESSORIOS KRONA;2025-09-01;2293,00
SUL;RIO GRANDE DO SUL;03 - ACESSORIOS KRONA;2025-10-01;15563,74
SUL;RIO GRANDE DO SUL;03 - ACESSORIOS KRONA;2025-11-01;3014,40
SUL;RIO GRANDE DO SUL;03 - ACESSORIOS KRONA;2025-12-01;5613,22
SUL;RIO GRANDE DO SUL;03 - ACESSORIOS KRONA;2026-01-01;3305,47
SUL;RIO GRANDE DO SUL;03 - ACESSORIOS KRONA;2026-02-01;16684,55
SUL;RIO GRANDE DO SUL;03 - ACESSORIOS KRONA;2026-03-01;19637,45
SUL;RIO GRANDE DO SUL;03 - ACESSORIOS KRONA;2026-04-01;20910,17
SUL;RIO GRANDE DO SUL;03 - ACESSORIOS KRONA;2026-05-01;3069,57
SUL;RIO GRANDE DO SUL;03 - ACESSORIOS KRONA;2026-06-01;2226,22
SUL;RIO GRANDE DO SUL;03 - ACESSORIOS KRONA;2026-07-01;4841,89
SUL;RIO GRANDE DO SUL;03 - ACESSORIOS KRONA;2026-08-01;14297,58
SUL;RIO GRANDE DO SUL;04 - PRODUTOS REVENDA;2022-01-01;1158,59
SUL;RIO GRANDE DO SUL;04 - PRODUTOS REVENDA;2022-02-01;5042,90
SUL;RIO GRANDE DO SUL;04 - PRODUTOS REVENDA;2022-03-01;4826,72
SUL;RIO GRANDE DO SUL;04 - PRODUTOS REVENDA;2022-04-01;4587,52
SUL;RIO GRANDE DO SUL;04 - PRODUTOS REVENDA;2022-05-01;5939,52
SUL;RIO GRANDE DO SUL;04 - PRODUTOS REVENDA;2022-06-01;3042,20
SUL;RIO GRANDE DO SUL;04 - PRODUTOS REVENDA;2022-07-01;3151,26
SUL;RIO GRANDE DO SUL;04 - PRODUTOS REVENDA;2022-08-01;5314,88
SUL;RIO GRANDE DO SUL;04 - PRODUTOS REVENDA;2022-09-01;5584,05
SUL;RIO GRANDE DO SUL;04 - PRODUTOS REVENDA;2022-10-01;4862,79
SUL;RIO GRANDE DO SUL;04 - PRODUTOS REVENDA;2022-11-01;3680,59
SUL;RIO GRANDE DO SUL;04 - PRODUTOS REVENDA;2022-12-01;6305,75
SUL;RIO GRANDE DO SUL;04 - PRODUTOS REVENDA;2023-01-01;3790,59
SUL;RIO GRANDE DO SUL;04 - PRODUTOS REVENDA;2023-02-01;3976,20
SUL;RIO GRANDE DO SUL;04 - PRODUTOS REVENDA;2023-03-01;9370,36
SUL;RIO GRANDE DO SUL;04 - PRODUTOS REVENDA;2023-04-01;2475,99
SUL;RIO GRANDE DO SUL;04 - PRODUTOS REVENDA;2023-05-01;3107,77
SUL;RIO GRANDE DO SUL;04 - PRODUTOS REVENDA;2023-06-01;3047,15
SUL;RIO GRANDE DO SUL;04 - PRODUTOS REVENDA;2023-07-01;6494,53
SUL;RIO GRANDE DO SUL;04 - PRODUTOS REVENDA;2023-08-01;2963,83
SUL;RIO GRANDE DO SUL;04 - PRODUTOS REVENDA;2023-09-01;8459,74
SUL;RIO GRANDE DO SUL;04 - PRODUTOS REVENDA;2023-10-01;2254,01
SUL;RIO GRANDE DO SUL;04 - PRODUTOS REVENDA;2023-11-01;2092,84
SUL;RIO GRANDE DO SUL;04 - PRODUTOS REVENDA;2023-12-01;7164,19
SUL;RIO GRANDE DO SUL;04 - PRODUTOS REVENDA;2024-01-01;1873,06
SUL;RIO GRANDE DO SUL;04 - PRODUTOS REVENDA;2024-02-01;5619,15
SUL;RIO GRANDE DO SUL;04 - PRODUTOS REVENDA;2024-03-01;4226,78
SUL;RIO GRANDE DO SUL;04 - PRODUTOS REVENDA;2024-04-01;3027,15
SUL;RIO GRANDE DO SUL;04 - PRODUTOS REVENDA;2024-05-01;3451,54
SUL;RIO GRANDE DO SUL;04 - PRODUTOS REVENDA;2024-06-01;9217,11
SUL;RIO GRANDE DO SUL;04 - PRODUTOS REVENDA;2024-07-01;8191,98
SUL;RIO GRANDE DO SUL;04 - PRODUTOS REVENDA;2024-08-01;2088,50
SUL;RIO GRANDE DO SUL;04 - PRODUTOS REVENDA;2024-09-01;7467,53
SUL;RIO GRANDE DO SUL;04 - PRODUTOS REVENDA;2024-10-01;2411,76
SUL;RIO GRANDE DO SUL;04 - PRODUTOS REVENDA;2024-11-01;2887,08
SUL;RIO GRANDE DO SUL;04 - PRODUTOS REVENDA;2024-12-01;6898,31
SUL;RIO GRANDE DO SUL;04 - PRODUTOS REVENDA;2025-01-01;3260,42
SUL;RIO GRANDE DO SUL;04 - PRODUTOS REVENDA;2025-02-01;7855,67
SUL;RIO GRANDE DO SUL;04 - PRODUTOS REVENDA;2025-03-01;2517,54
SUL;RIO GRANDE DO SUL;04 - PRODUTOS REVENDA;2025-04-01;4426,64
SUL;RIO GRANDE DO SUL;04 - PRODUTOS REVENDA;2025-05-01;6034,11
SUL;RIO GRANDE DO SUL;04 - PRODUTOS REVENDA;2025-06-01;12018,26
SUL;RIO GRANDE DO SUL;04 - PRODUTOS REVENDA;2025-07-01;2350,87
SUL;RIO GRANDE DO SUL;04 - PRODUTOS REVENDA;2025-08-01;5593,46
SUL;RIO GRANDE DO SUL;04 - PRODUTOS REVENDA;2025-09-01;2062,95
SUL;RIO GRANDE DO SUL;04 - PRODUTOS REVENDA;2025-10-01;9543,15
SUL;RIO GRANDE DO SUL;04 - PRODUTOS REVENDA;2025-11-01;2613,80
SUL;RIO GRANDE DO SUL;04 - PRODUTOS REVENDA;2025-12-01;6544,30
SUL;RIO GRANDE DO SUL;04 - PRODUTOS REVENDA;2026-01-01;1937,46
SUL;RIO GRANDE DO SUL;04 - PRODUTOS REVENDA;2026-02-01;9827,02
SUL;RIO GRANDE DO SUL;04 - PRODUTOS REVENDA;2026-03-01;10918,74
SUL;RIO GRANDE DO SUL;04 - PRODUTOS REVENDA;2026-04-01;11639,20
SUL;RIO GRANDE DO SUL;04 - PRODUTOS REVENDA;2026-05-01;2712,83
SUL;RIO GRANDE DO SUL;04 - PRODUTOS REVENDA;2026-06-01;2073,94
SUL;RIO GRANDE DO SUL;04 - PRODUTOS REVENDA;2026-07-01;2356,04
SUL;RIO GRANDE DO SUL;04 - PRODUTOS REVENDA;2026-08-01;5916,58
SUL;RIO GRANDE DO SUL;29 - PPR;2022-01-01;348,47
SUL;RIO GRANDE DO SUL;29 - PPR;2022-02-01;762,77
SUL;RIO GRANDE DO SUL;29 - PPR;2022-03-01;894,71
SUL;RIO GRANDE DO SUL;29 - PPR;2022-04-01;1263,22
SUL;RIO GRANDE DO SUL;29 - PPR;2022-05-01;2386,33
SUL;RIO GRANDE DO SUL;29 - PPR;2022-06-01;2730,57
SUL;RIO GRANDE DO SUL;29 - PPR;2022-07-01;1427,71
SUL;RIO GRANDE DO SUL;29 - PPR;2022-08-01;1650,19
SUL;RIO GRANDE DO SUL;29 - PPR;2022-09-01;1442,10
SUL;RIO GRANDE DO SUL;29 - PPR;2022-10-01;1043,21
SUL;RIO GRANDE DO SUL;29 - PPR;2022-11-01;1291,55
SUL;RIO GRANDE DO SUL;29 - PPR;2022-12-01;1953,07
SUL;RIO GRANDE DO SUL;29 - PPR;2023-01-01;942,21
SUL;RIO GRANDE DO SUL;29 - PPR;2023-02-01;1519,38
SUL;RIO GRANDE DO SUL;29 - PPR;2023-03-01;1938,88
SUL;RIO GRANDE DO SUL;29 - PPR;2023-04-01;2645,95
SUL;RIO GRANDE DO SUL;29 - PPR;2023-05-01;1061,10
SUL;RIO GRANDE DO SUL;29 - PPR;2023-06-01;1086,40
SUL;RIO GRANDE DO SUL;29 - PPR;2023-07-01;2102,62
SUL;RIO GRANDE DO SUL;29 - PPR;2023-08-01;1247,82
SUL;RIO GRANDE DO SUL;29 - PPR;2023-09-01;1821,71
SUL;RIO GRANDE DO SUL;29 - PPR;2023-10-01;1177,82
SUL;RIO GRANDE DO SUL;29 - PPR;2023-11-01;1912,99
SUL;RIO GRANDE DO SUL;29 - PPR;2023-12-01;2780,23
SUL;RIO GRANDE DO SUL;29 - PPR;2024-01-01;785,92
SUL;RIO GRANDE DO SUL;29 - PPR;2024-02-01;925,10
SUL;RIO GRANDE DO SUL;29 - PPR;2024-03-01;1289,81
SUL;RIO GRANDE DO SUL;29 - PPR;2024-04-01;1455,75
SUL;RIO GRANDE DO SUL;29 - PPR;2024-05-01;1255,32
SUL;RIO GRANDE DO SUL;29 - PPR;2024-06-01;2178,26
SUL;RIO GRANDE DO SUL;29 - PPR;2024-07-01;2547,31
SUL;RIO GRANDE DO SUL;29 - PPR;2024-08-01;1969,18
SUL;RIO GRANDE DO SUL;29 - PPR;2024-09-01;2825,12
SUL;RIO GRANDE DO SUL;29 - PPR;2024-10-01;2297,06
SUL;RIO GRANDE DO SUL;29 - PPR;2024-11-01;1799,96
SUL;RIO GRANDE DO SUL;29 - PPR;2024-12-01;1350,18
SUL;RIO GRANDE DO SUL;29 - PPR;2025-01-01;1543,44
SUL;RIO GRANDE DO SUL;29 - PPR;2025-02-01;1206,28
SUL;RIO GRANDE DO SUL;29 - PPR;2025-03-01;1305,38
SUL;RIO GRANDE DO SUL;29 - PPR;2025-04-01;2383,48
SUL;RIO GRANDE DO SUL;29 - PPR;2025-05-01;1561,51
SUL;RIO GRANDE DO SUL;29 - PPR;2025-06-01;3050,53
SUL;RIO GRANDE DO SUL;29 - PPR;2025-07-01;1707,16
SUL;RIO GRANDE DO SUL;29 - PPR;2025-08-01;2653,47
SUL;RIO GRANDE DO SUL;29 - PPR;2025-09-01;692,06
SUL;RIO GRANDE DO SUL;29 - PPR;2025-10-01;4079,97
SUL;RIO GRANDE DO SUL;29 - PPR;2025-11-01;1688,87
SUL;RIO GRANDE DO SUL;29 - PPR;2025-12-01;1538,89
SUL;RIO GRANDE DO SUL;29 - PPR;2026-01-01;419,04
SUL;RIO GRANDE DO SUL;29 - PPR;2026-02-01;2612,49
SUL;RIO GRANDE DO SUL;29 - PPR;2026-03-01;2577,06
SUL;RIO GRANDE DO SUL;29 - PPR;2026-04-01;3377,37
SUL;RIO GRANDE DO SUL;29 - PPR;2026-05-01;2796,66
SUL;RIO GRANDE DO SUL;29 - PPR;2026-06-01;1660,20
SUL;RIO GRANDE DO SUL;29 - PPR;2026-07-01;1547,03
SUL;RIO GRANDE DO SUL;29 - PPR;2026-08-01;2618,29
SUL;RIO GRANDE DO SUL;30 - ELETRODUTOS CORRUGADOS KRONA;2022-01-01;2879,39
SUL;RIO GRANDE DO SUL;30 - ELETRODUTOS CORRUGADOS KRONA;2022-02-01;11228,03
SUL;RIO GRANDE DO SUL;30 - ELETRODUTOS CORRUGADOS KRONA;2022-03-01;18442,61
SUL;RIO GRANDE DO SUL;30 - ELETRODUTOS CORRUGADOS KRONA;2022-04-01;25507,08
SUL;RIO GRANDE DO SUL;30 - ELETRODUTOS CORRUGADOS KRONA;2022-05-01;35575,73
SUL;RIO GRANDE DO SUL;30 - ELETRODUTOS CORRUGADOS KRONA;2022-06-01;12559,97
SUL;RIO GRANDE DO SUL;30 - ELETRODUTOS CORRUGADOS KRONA;2022-07-01;14308,91
SUL;RIO GRANDE DO SUL;30 - ELETRODUTOS CORRUGADOS KRONA;2022-08-01;19649,43
SUL;RIO GRANDE DO SUL;30 - ELETRODUTOS CORRUGADOS KRONA;2022-09-01;10160,43
SUL;RIO GRANDE DO SUL;30 - ELETRODUTOS CORRUGADOS KRONA;2022-10-01;19868,00
SUL;RIO GRANDE DO SUL;30 - ELETRODUTOS CORRUGADOS KRONA;2022-11-01;14040,69
SUL;RIO GRANDE DO SUL;30 - ELETRODUTOS CORRUGADOS KRONA;2022-12-01;32063,16
SUL;RIO GRANDE DO SUL;30 - ELETRODUTOS CORRUGADOS KRONA;2023-01-01;8446,99
SUL;RIO GRANDE DO SUL;30 - ELETRODUTOS CORRUGADOS KRONA;2023-02-01;14093,62
SUL;RIO GRANDE DO SUL;30 - ELETRODUTOS CORRUGADOS KRONA;2023-03-01;34169,05
SUL;RIO GRANDE DO SUL;30 - ELETRODUTOS CORRUGADOS KRONA;2023-04-01;6319,64
SUL;RIO GRANDE DO SUL;30 - ELETRODUTOS CORRUGADOS KRONA;2023-05-01;9362,27
SUL;RIO GRANDE DO SUL;30 - ELETRODUTOS CORRUGADOS KRONA;2023-06-01;15581,42
SUL;RIO GRANDE DO SUL;30 - ELETRODUTOS CORRUGADOS KRONA;2023-07-01;14550,65
SUL;RIO GRANDE DO SUL;30 - ELETRODUTOS CORRUGADOS KRONA;2023-08-01;11992,88
SUL;RIO GRANDE DO SUL;30 - ELETRODUTOS CORRUGADOS KRONA;2023-09-01;22539,19
SUL;RIO GRANDE DO SUL;30 - ELETRODUTOS CORRUGADOS KRONA;2023-10-01;6858,57
SUL;RIO GRANDE DO SUL;30 - ELETRODUTOS CORRUGADOS KRONA;2023-11-01;6362,11
SUL;RIO GRANDE DO SUL;30 - ELETRODUTOS CORRUGADOS KRONA;2023-12-01;13166,89
SUL;RIO GRANDE DO SUL;30 - ELETRODUTOS CORRUGADOS KRONA;2024-01-01;3592,22
SUL;RIO GRANDE DO SUL;30 - ELETRODUTOS CORRUGADOS KRONA;2024-02-01;24618,28
SUL;RIO GRANDE DO SUL;30 - ELETRODUTOS CORRUGADOS KRONA;2024-03-01;19332,56
SUL;RIO GRANDE DO SUL;30 - ELETRODUTOS CORRUGADOS KRONA;2024-04-01;14224,47
SUL;RIO GRANDE DO SUL;30 - ELETRODUTOS CORRUGADOS KRONA;2024-05-01;17012,90
SUL;RIO GRANDE DO SUL;30 - ELETRODUTOS CORRUGADOS KRONA;2024-06-01;28648,63
SUL;RIO GRANDE DO SUL;30 - ELETRODUTOS CORRUGADOS KRONA;2024-07-01;26588,15
SUL;RIO GRANDE DO SUL;30 - ELETRODUTOS CORRUGADOS KRONA;2024-08-01;7687,55
SUL;RIO GRANDE DO SUL;30 - ELETRODUTOS CORRUGADOS KRONA;2024-09-01;27996,97
SUL;RIO GRANDE DO SUL;30 - ELETRODUTOS CORRUGADOS KRONA;2024-10-01;13305,28
SUL;RIO GRANDE DO SUL;30 - ELETRODUTOS CORRUGADOS KRONA;2024-11-01;11998,12
SUL;RIO GRANDE DO SUL;30 - ELETRODUTOS CORRUGADOS KRONA;2024-12-01;23226,08
SUL;RIO GRANDE DO SUL;30 - ELETRODUTOS CORRUGADOS KRONA;2025-01-01;19859,20
SUL;RIO GRANDE DO SUL;30 - ELETRODUTOS CORRUGADOS KRONA;2025-02-01;25984,26
SUL;RIO GRANDE DO SUL;30 - ELETRODUTOS CORRUGADOS KRONA;2025-03-01;17031,61
SUL;RIO GRANDE DO SUL;30 - ELETRODUTOS CORRUGADOS KRONA;2025-04-01;21838,28
SUL;RIO GRANDE DO SUL;30 - ELETRODUTOS CORRUGADOS KRONA;2025-05-01;18056,42
SUL;RIO GRANDE DO SUL;30 - ELETRODUTOS CORRUGADOS KRONA;2025-06-01;49058,12
SUL;RIO GRANDE DO SUL;30 - ELETRODUTOS CORRUGADOS KRONA;2025-07-01;7550,53
SUL;RIO GRANDE DO SUL;30 - ELETRODUTOS CORRUGADOS KRONA;2025-08-01;36426,00
SUL;RIO GRANDE DO SUL;30 - ELETRODUTOS CORRUGADOS KRONA;2025-09-01;6723,46
SUL;RIO GRANDE DO SUL;30 - ELETRODUTOS CORRUGADOS KRONA;2025-10-01;54640,67
SUL;RIO GRANDE DO SUL;30 - ELETRODUTOS CORRUGADOS KRONA;2025-11-01;7564,97
SUL;RIO GRANDE DO SUL;30 - ELETRODUTOS CORRUGADOS KRONA;2025-12-01;21378,52
SUL;RIO GRANDE DO SUL;30 - ELETRODUTOS CORRUGADOS KRONA;2026-01-01;3303,44
SUL;RIO GRANDE DO SUL;30 - ELETRODUTOS CORRUGADOS KRONA;2026-02-01;21339,23
SUL;RIO GRANDE DO SUL;30 - ELETRODUTOS CORRUGADOS KRONA;2026-03-01;37547,14
SUL;RIO GRANDE DO SUL;30 - ELETRODUTOS CORRUGADOS KRONA;2026-04-01;43770,29
SUL;RIO GRANDE DO SUL;30 - ELETRODUTOS CORRUGADOS KRONA;2026-05-01;14233,97
SUL;RIO GRANDE DO SUL;30 - ELETRODUTOS CORRUGADOS KRONA;2026-06-01;4155,35
SUL;RIO GRANDE DO SUL;30 - ELETRODUTOS CORRUGADOS KRONA;2026-07-01;6957,44
SUL;RIO GRANDE DO SUL;30 - ELETRODUTOS CORRUGADOS KRONA;2026-08-01;19327,53
SUL;RIO GRANDE DO SUL;31 - CPVC ULTRATERM;2022-01-01;402,88
SUL;RIO GRANDE DO SUL;31 - CPVC ULTRATERM;2022-02-01;1030,78
SUL;RIO GRANDE DO SUL;31 - CPVC ULTRATERM;2022-03-01;1381,72
SUL;RIO GRANDE DO SUL;31 - CPVC ULTRATERM;2022-04-01;1609,72
SUL;RIO GRANDE DO SUL;31 - CPVC ULTRATERM;2022-05-01;1530,58
SUL;RIO GRANDE DO SUL;31 - CPVC ULTRATERM;2022-06-01;1690,46
SUL;RIO GRANDE DO SUL;31 - CPVC ULTRATERM;2022-07-01;1400,96
SUL;RIO GRANDE DO SUL;31 - CPVC ULTRATERM;2022-08-01;1386,08
SUL;RIO GRANDE DO SUL;31 - CPVC ULTRATERM;2022-09-01;2049,61
SUL;RIO GRANDE DO SUL;31 - CPVC ULTRATERM;2022-10-01;2181,26
SUL;RIO GRANDE DO SUL;31 - CPVC ULTRATERM;2022-11-01;1191,87
SUL;RIO GRANDE DO SUL;31 - CPVC ULTRATERM;2022-12-01;1201,25
SUL;RIO GRANDE DO SUL;31 - CPVC ULTRATERM;2023-01-01;672,76
SUL;RIO GRANDE DO SUL;31 - CPVC ULTRATERM;2023-02-01;941,14
SUL;RIO GRANDE DO SUL;31 - CPVC ULTRATERM;2023-03-01;1825,04
SUL;RIO GRANDE DO SUL;31 - CPVC ULTRATERM;2023-04-01;901,96
SUL;RIO GRANDE DO SUL;31 - CPVC ULTRATERM;2023-05-01;1238,45
SUL;RIO GRANDE DO SUL;31 - CPVC ULTRATERM;2023-06-01;1448,76
SUL;RIO GRANDE DO SUL;31 - CPVC ULTRATERM;2023-07-01;1809,79
SUL;RIO GRANDE DO SUL;31 - CPVC ULTRATERM;2023-08-01;757,63
SUL;RIO GRANDE DO SUL;31 - CPVC ULTRATERM;2023-09-01;1615,02
SUL;RIO GRANDE DO SUL;31 - CPVC ULTRATERM;2023-10-01;652,27
SUL;RIO GRANDE DO SUL;31 - CPVC ULTRATERM;2023-11-01;634,86
SUL;RIO GRANDE DO SUL;31 - CPVC ULTRATERM;2023-12-01;1414,61
SUL;RIO GRANDE DO SUL;31 - CPVC ULTRATERM;2024-01-01;341,30
SUL;RIO GRANDE DO SUL;31 - CPVC ULTRATERM;2024-02-01;785,29
SUL;RIO GRANDE DO SUL;31 - CPVC ULTRATERM;2024-03-01;1049,10
SUL;RIO GRANDE DO SUL;31 - CPVC ULTRATERM;2024-04-01;1187,80
SUL;RIO GRANDE DO SUL;31 - CPVC ULTRATERM;2024-05-01;1128,13
SUL;RIO GRANDE DO SUL;31 - CPVC ULTRATERM;2024-06-01;1621,99
SUL;RIO GRANDE DO SUL;31 - CPVC ULTRATERM;2024-07-01;2657,04
SUL;RIO GRANDE DO SUL;31 - CPVC ULTRATERM;2024-08-01;392,56
SUL;RIO GRANDE DO SUL;31 - CPVC ULTRATERM;2024-09-01;2503,26
SUL;RIO GRANDE DO SUL;31 - CPVC ULTRATERM;2024-10-01;989,48
SUL;RIO GRANDE DO SUL;31 - CPVC ULTRATERM;2024-11-01;1281,10
SUL;RIO GRANDE DO SUL;31 - CPVC ULTRATERM;2024-12-01;2025,49
SUL;RIO GRANDE DO SUL;31 - CPVC ULTRATERM;2025-01-01;643,07
SUL;RIO GRANDE DO SUL;31 - CPVC ULTRATERM;2025-02-01;1326,85
SUL;RIO GRANDE DO SUL;31 - CPVC ULTRATERM;2025-03-01;1011,18
SUL;RIO GRANDE DO SUL;31 - CPVC ULTRATERM;2025-04-01;2267,42
SUL;RIO GRANDE DO SUL;31 - CPVC ULTRATERM;2025-05-01;2304,32
SUL;RIO GRANDE DO SUL;31 - CPVC ULTRATERM;2025-06-01;3633,52
SUL;RIO GRANDE DO SUL;31 - CPVC ULTRATERM;2025-07-01;916,99
SUL;RIO GRANDE DO SUL;31 - CPVC ULTRATERM;2025-08-01;2816,70
SUL;RIO GRANDE DO SUL;31 - CPVC ULTRATERM;2025-09-01;1217,42
SUL;RIO GRANDE DO SUL;31 - CPVC ULTRATERM;2025-10-01;4345,20
SUL;RIO GRANDE DO SUL;31 - CPVC ULTRATERM;2025-11-01;1003,99
SUL;RIO GRANDE DO SUL;31 - CPVC ULTRATERM;2025-12-01;2047,24
SUL;RIO GRANDE DO SUL;31 - CPVC ULTRATERM;2026-01-01;429,47
SUL;RIO GRANDE DO SUL;31 - CPVC ULTRATERM;2026-02-01;1972,29
SUL;RIO GRANDE DO SUL;31 - CPVC ULTRATERM;2026-03-01;4437,16
SUL;RIO GRANDE DO SUL;31 - CPVC ULTRATERM;2026-04-01;3741,30
SUL;RIO GRANDE DO SUL;31 - CPVC ULTRATERM;2026-05-01;1102,96
SUL;RIO GRANDE DO SUL;31 - CPVC ULTRATERM;2026-06-01;1216,24
SUL;RIO GRANDE DO SUL;31 - CPVC ULTRATERM;2026-07-01;2169,62
SUL;RIO GRANDE DO SUL;31 - CPVC ULTRATERM;2026-08-01;3178,10
SUL;SANTA CATARINA;00 - TUBOS PVC KRONA;2022-01-01;1649,53
SUL;SANTA CATARINA;00 - TUBOS PVC KRONA;2022-02-01;5062,93
SUL;SANTA CATARINA;00 - TUBOS PVC KRONA;2022-03-01;2985,95
SUL;SANTA CATARINA;00 - TUBOS PVC KRONA;2022-04-01;6862,18
SUL;SANTA CATARINA;00 - TUBOS PVC KRONA;2022-05-01;5938,36
SUL;SANTA CATARINA;00 - TUBOS PVC KRONA;2022-06-01;5324,22
SUL;SANTA CATARINA;00 - TUBOS PVC KRONA;2022-07-01;3714,80
SUL;SANTA CATARINA;00 - TUBOS PVC KRONA;2022-08-01;1261,00
SUL;SANTA CATARINA;00 - TUBOS PVC KRONA;2022-09-01;3017,16
SUL;SANTA CATARINA;00 - TUBOS PVC KRONA;2022-10-01;2936,75
SUL;SANTA CATARINA;00 - TUBOS PVC KRONA;2022-11-01;2515,09
SUL;SANTA CATARINA;00 - TUBOS PVC KRONA;2022-12-01;6289,98
SUL;SANTA CATARINA;00 - TUBOS PVC KRONA;2023-01-01;2521,76
SUL;SANTA CATARINA;00 - TUBOS PVC KRONA;2023-02-01;1750,01
SUL;SANTA CATARINA;00 - TUBOS PVC KRONA;2023-03-01;2127,56
SUL;SANTA CATARINA;00 - TUBOS PVC KRONA;2023-04-01;1621,63
SUL;SANTA CATARINA;00 - TUBOS PVC KRONA;2023-05-01;3113,64
SUL;SANTA CATARINA;00 - TUBOS PVC KRONA;2023-06-01;2514,70
SUL;SANTA CATARINA;00 - TUBOS PVC KRONA;2023-07-01;2127,63
SUL;SANTA CATARINA;00 - TUBOS PVC KRONA;2023-08-01;1388,62
SUL;SANTA CATARINA;00 - TUBOS PVC KRONA;2023-09-01;1633,82
SUL;SANTA CATARINA;00 - TUBOS PVC KRONA;2023-10-01;549,67
SUL;SANTA CATARINA;02 - CONEXOES KRONA;2022-01-01;129,70
SUL;SANTA CATARINA;02 - CONEXOES KRONA;2022-02-01;745,61
SUL;SANTA CATARINA;02 - CONEXOES KRONA;2022-03-01;510,00
SUL;SANTA CATARINA;02 - CONEXOES KRONA;2022-04-01;837,54
SUL;SANTA CATARINA;02 - CONEXOES KRONA;2022-05-01;581,22
SUL;SANTA CATARINA;02 - CONEXOES KRONA;2022-06-01;1178,72
SUL;SANTA CATARINA;02 - CONEXOES KRONA;2022-07-01;643,52
SUL;SANTA CATARINA;02 - CONEXOES KRONA;2022-08-01;240,05
SUL;SANTA CATARINA;02 - CONEXOES KRONA;2022-09-01;525,00
SUL;SANTA CATARINA;02 - CONEXOES KRONA;2022-10-01;287,34
SUL;SANTA CATARINA;02 - CONEXOES KRONA;2022-11-01;449,14
SUL;SANTA CATARINA;02 - CONEXOES KRONA;2022-12-01;931,28
SUL;SANTA CATARINA;02 - CONEXOES KRONA;2023-01-01;626,42
SUL;SANTA CATARINA;02 - CONEXOES KRONA;2023-02-01;347,11
SUL;SANTA CATARINA;02 - CONEXOES KRONA;2023-03-01;375,03
SUL;SANTA CATARINA;02 - CONEXOES KRONA;2023-04-01;364,36
SUL;SANTA CATARINA;02 - CONEXOES KRONA;2023-05-01;688,87
SUL;SANTA CATARINA;02 - CONEXOES KRONA;2023-06-01;472,58
SUL;SANTA CATARINA;02 - CONEXOES KRONA;2023-07-01;540,05
SUL;SANTA CATARINA;02 - CONEXOES KRONA;2023-08-01;279,27
SUL;SANTA CATARINA;02 - CONEXOES KRONA;2023-09-01;370,44
SUL;SANTA CATARINA;02 - CONEXOES KRONA;2023-10-01;119,89
SUL;SANTA CATARINA;02 - CONEXOES KRONA;2023-11-01;24,49
SUL;SANTA CATARINA;03 - ACESSORIOS KRONA;2022-01-01;0,86
SUL;SANTA CATARINA;03 - ACESSORIOS KRONA;2022-02-01;57,20
SUL;SANTA CATARINA;03 - ACESSORIOS KRONA;2022-03-01;66,16
SUL;SANTA CATARINA;03 - ACESSORIOS KRONA;2022-04-01;72,97
SUL;SANTA CATARINA;03 - ACESSORIOS KRONA;2022-05-01;23,99
SUL;SANTA CATARINA;03 - ACESSORIOS KRONA;2022-06-01;67,82
SUL;SANTA CATARINA;03 - ACESSORIOS KRONA;2022-07-01;41,79
SUL;SANTA CATARINA;03 - ACESSORIOS KRONA;2022-08-01;24,63
SUL;SANTA CATARINA;03 - ACESSORIOS KRONA;2022-09-01;99,08
SUL;SANTA CATARINA;03 - ACESSORIOS KRONA;2022-10-01;14,98
SUL;SANTA CATARINA;03 - ACESSORIOS KRONA;2022-11-01;46,84
SUL;SANTA CATARINA;03 - ACESSORIOS KRONA;2022-12-01;74,51
SUL;SANTA CATARINA;03 - ACESSORIOS KRONA;2023-01-01;72,06
SUL;SANTA CATARINA;03 - ACESSORIOS KRONA;2023-02-01;19,33
SUL;SANTA CATARINA;03 - ACESSORIOS KRONA;2023-03-01;43,63
SUL;SANTA CATARINA;03 - ACESSORIOS KRONA;2023-04-01;42,56
SUL;SANTA CATARINA;03 - ACESSORIOS KRONA;2023-05-01;92,83
SUL;SANTA CATARINA;03 - ACESSORIOS KRONA;2023-06-01;92,44
SUL;SANTA CATARINA;03 - ACESSORIOS KRONA;2023-07-01;72,30
SUL;SANTA CATARINA;03 - ACESSORIOS KRONA;2023-08-01;36,81
SUL;SANTA CATARINA;03 - ACESSORIOS KRONA;2023-09-01;14,96
SUL;SANTA CATARINA;03 - ACESSORIOS KRONA;2023-10-01;21,86
SUL;SANTA CATARINA;03 - ACESSORIOS KRONA;2023-11-01;9,33
SUL;SANTA CATARINA;04 - PRODUTOS REVENDA;2022-01-01;13,72
SUL;SANTA CATARINA;04 - PRODUTOS REVENDA;2022-02-01;67,84
SUL;SANTA CATARINA;04 - PRODUTOS REVENDA;2022-03-01;51,11
SUL;SANTA CATARINA;04 - PRODUTOS REVENDA;2022-04-01;56,52
SUL;SANTA CATARINA;04 - PRODUTOS REVENDA;2022-05-01;41,75
SUL;SANTA CATARINA;04 - PRODUTOS REVENDA;2022-06-01;106,70
SUL;SANTA CATARINA;04 - PRODUTOS REVENDA;2022-07-01;20,15
SUL;SANTA CATARINA;04 - PRODUTOS REVENDA;2022-08-01;11,33
SUL;SANTA CATARINA;04 - PRODUTOS REVENDA;2022-09-01;56,34
SUL;SANTA CATARINA;04 - PRODUTOS REVENDA;2022-10-01;8,16
SUL;SANTA CATARINA;04 - PRODUTOS REVENDA;2022-11-01;17,78
SUL;SANTA CATARINA;04 - PRODUTOS REVENDA;2022-12-01;49,24
SUL;SANTA CATARINA;04 - PRODUTOS REVENDA;2023-01-01;22,14
SUL;SANTA CATARINA;04 - PRODUTOS REVENDA;2023-02-01;22,11
SUL;SANTA CATARINA;04 - PRODUTOS REVENDA;2023-03-01;59,88
SUL;SANTA CATARINA;04 - PRODUTOS REVENDA;2023-04-01;39,12
SUL;SANTA CATARINA;04 - PRODUTOS REVENDA;2023-05-01;33,68
SUL;SANTA CATARINA;04 - PRODUTOS REVENDA;2023-06-01;34,47
SUL;SANTA CATARINA;04 - PRODUTOS REVENDA;2023-07-01;17,42
SUL;SANTA CATARINA;04 - PRODUTOS REVENDA;2023-08-01;19,60
SUL;SANTA CATARINA;04 - PRODUTOS REVENDA;2023-09-01;7,26
SUL;SANTA CATARINA;04 - PRODUTOS REVENDA;2023-10-01;10,41
SUL;SANTA CATARINA;04 - PRODUTOS REVENDA;2023-11-01;1,92
SUL;SANTA CATARINA;29 - PPR;2022-02-01;45,43
SUL;SANTA CATARINA;29 - PPR;2022-03-01;3,91
SUL;SANTA CATARINA;29 - PPR;2022-04-01;1,47
SUL;SANTA CATARINA;29 - PPR;2022-06-01;34,92
SUL;SANTA CATARINA;30 - ELETRODUTOS CORRUGADOS KRONA;2022-01-01;87,40
SUL;SANTA CATARINA;30 - ELETRODUTOS CORRUGADOS KRONA;2022-02-01;82,96
SUL;SANTA CATARINA;30 - ELETRODUTOS CORRUGADOS KRONA;2022-03-01;94,80
SUL;SANTA CATARINA;30 - ELETRODUTOS CORRUGADOS KRONA;2022-04-01;151,11
SUL;SANTA CATARINA;30 - ELETRODUTOS CORRUGADOS KRONA;2022-05-01;450,58
SUL;SANTA CATARINA;30 - ELETRODUTOS CORRUGADOS KRONA;2022-06-01;196,47
SUL;SANTA CATARINA;30 - ELETRODUTOS CORRUGADOS KRONA;2022-07-01;119,44
SUL;SANTA CATARINA;30 - ELETRODUTOS CORRUGADOS KRONA;2022-08-01;120,80
SUL;SANTA CATARINA;30 - ELETRODUTOS CORRUGADOS KRONA;2022-09-01;57,25
SUL;SANTA CATARINA;30 - ELETRODUTOS CORRUGADOS KRONA;2022-11-01;214,08
SUL;SANTA CATARINA;30 - ELETRODUTOS CORRUGADOS KRONA;2022-12-01;12,48
SUL;SANTA CATARINA;30 - ELETRODUTOS CORRUGADOS KRONA;2023-01-01;128,71
SUL;SANTA CATARINA;30 - ELETRODUTOS CORRUGADOS KRONA;2023-02-01;119,71
SUL;SANTA CATARINA;30 - ELETRODUTOS CORRUGADOS KRONA;2023-03-01;212,84
SUL;SANTA CATARINA;30 - ELETRODUTOS CORRUGADOS KRONA;2023-04-01;162,16
SUL;SANTA CATARINA;30 - ELETRODUTOS CORRUGADOS KRONA;2023-05-01;214,64
SUL;SANTA CATARINA;30 - ELETRODUTOS CORRUGADOS KRONA;2023-06-01;92,60
SUL;SANTA CATARINA;30 - ELETRODUTOS CORRUGADOS KRONA;2023-07-01;273,36
SUL;SANTA CATARINA;30 - ELETRODUTOS CORRUGADOS KRONA;2023-08-01;37,44
SUL;SANTA CATARINA;30 - ELETRODUTOS CORRUGADOS KRONA;2023-10-01;18,72
SUL;SANTA CATARINA;30 - ELETRODUTOS CORRUGADOS KRONA;2023-11-01;31,20
SUL;SANTA CATARINA;31 - CPVC ULTRATERM;2022-02-01;1,21
SUL;SANTA CATARINA;31 - CPVC ULTRATERM;2022-03-01;0,42
SUL;SANTA CATARINA;31 - CPVC ULTRATERM;2022-04-01;2,09
SUL;SANTA CATARINA;31 - CPVC ULTRATERM;2022-05-01;4,54
SUL;SANTA CATARINA;31 - CPVC ULTRATERM;2022-07-01;23,07
SUL;SANTA CATARINA;31 - CPVC ULTRATERM;2022-08-01;33,75
SUL;SANTA CATARINA;31 - CPVC ULTRATERM;2022-09-01;2,54
SUL;SANTA CATARINA;31 - CPVC ULTRATERM;2023-01-01;0,28
SUL;SANTA CATARINA;31 - CPVC ULTRATERM;2023-04-01;32,81
SUL;SANTA CATARINA;31 - CPVC ULTRATERM;2023-06-01;5,44
SUL;SANTA CATARINA 01;00 - TUBOS PVC KRONA;2022-01-01;49455,99
SUL;SANTA CATARINA 01;00 - TUBOS PVC KRONA;2022-02-01;148290,03
SUL;SANTA CATARINA 01;00 - TUBOS PVC KRONA;2022-03-01;238834,74
SUL;SANTA CATARINA 01;00 - TUBOS PVC KRONA;2022-04-01;207867,58
SUL;SANTA CATARINA 01;00 - TUBOS PVC KRONA;2022-05-01;179357,66
SUL;SANTA CATARINA 01;00 - TUBOS PVC KRONA;2022-06-01;155536,18
SUL;SANTA CATARINA 01;00 - TUBOS PVC KRONA;2022-07-01;186806,21
SUL;SANTA CATARINA 01;00 - TUBOS PVC KRONA;2022-08-01;176474,77
SUL;SANTA CATARINA 01;00 - TUBOS PVC KRONA;2022-09-01;208349,36
SUL;SANTA CATARINA 01;00 - TUBOS PVC KRONA;2022-10-01;212996,01
SUL;SANTA CATARINA 01;00 - TUBOS PVC KRONA;2022-11-01;207821,31
SUL;SANTA CATARINA 01;00 - TUBOS PVC KRONA;2022-12-01;316622,93
SUL;SANTA CATARINA 01;00 - TUBOS PVC KRONA;2023-01-01;82757,53
SUL;SANTA CATARINA 01;00 - TUBOS PVC KRONA;2023-02-01;177594,20
SUL;SANTA CATARINA 01;00 - TUBOS PVC KRONA;2023-03-01;223835,89
SUL;SANTA CATARINA 01;00 - TUBOS PVC KRONA;2023-04-01;116424,22
SUL;SANTA CATARINA 01;00 - TUBOS PVC KRONA;2023-05-01;190159,23
SUL;SANTA CATARINA 01;00 - TUBOS PVC KRONA;2023-06-01;156905,36
SUL;SANTA CATARINA 01;00 - TUBOS PVC KRONA;2023-07-01;144772,39
SUL;SANTA CATARINA 01;00 - TUBOS PVC KRONA;2023-08-01;200190,59
SUL;SANTA CATARINA 01;00 - TUBOS PVC KRONA;2023-09-01;303189,93
SUL;SANTA CATARINA 01;00 - TUBOS PVC KRONA;2023-10-01;120328,75
SUL;SANTA CATARINA 01;00 - TUBOS PVC KRONA;2023-11-01;164326,48
SUL;SANTA CATARINA 01;00 - TUBOS PVC KRONA;2023-12-01;173818,04
SUL;SANTA CATARINA 01;00 - TUBOS PVC KRONA;2024-01-01;120971,68
SUL;SANTA CATARINA 01;00 - TUBOS PVC KRONA;2024-02-01;165400,60
SUL;SANTA CATARINA 01;00 - TUBOS PVC KRONA;2024-03-01;209283,16
SUL;SANTA CATARINA 01;00 - TUBOS PVC KRONA;2024-04-01;164989,55
SUL;SANTA CATARINA 01;00 - TUBOS PVC KRONA;2024-05-01;169984,47
SUL;SANTA CATARINA 01;00 - TUBOS PVC KRONA;2024-06-01;279365,54
SUL;SANTA CATARINA 01;00 - TUBOS PVC KRONA;2024-07-01;207746,31
SUL;SANTA CATARINA 01;00 - TUBOS PVC KRONA;2024-08-01;85237,12
SUL;SANTA CATARINA 01;00 - TUBOS PVC KRONA;2024-09-01;183169,99
SUL;SANTA CATARINA 01;00 - TUBOS PVC KRONA;2024-10-01;205494,05
SUL;SANTA CATARINA 01;00 - TUBOS PVC KRONA;2024-11-01;88318,87
SUL;SANTA CATARINA 01;00 - TUBOS PVC KRONA;2024-12-01;128515,25
SUL;SANTA CATARINA 01;00 - TUBOS PVC KRONA;2025-01-01;134245,46
SUL;SANTA CATARINA 01;00 - TUBOS PVC KRONA;2025-02-01;120208,49
SUL;SANTA CATARINA 01;00 - TUBOS PVC KRONA;2025-03-01;143881,52
SUL;SANTA CATARINA 01;00 - TUBOS PVC KRONA;2025-04-01;142827,54
SUL;SANTA CATARINA 01;00 - TUBOS PVC KRONA;2025-05-01;126679,34
SUL;SANTA CATARINA 01;00 - TUBOS PVC KRONA;2025-06-01;329956,08
SUL;SANTA CATARINA 01;00 - TUBOS PVC KRONA;2025-07-01;154666,71
SUL;SANTA CATARINA 01;00 - TUBOS PVC KRONA;2025-08-01;134980,00
SUL;SANTA CATARINA 01;00 - TUBOS PVC KRONA;2025-09-01;110394,06
SUL;SANTA CATARINA 01;00 - TUBOS PVC KRONA;2025-10-01;159849,59
SUL;SANTA CATARINA 01;00 - TUBOS PVC KRONA;2025-11-01;208281,89
SUL;SANTA CATARINA 01;00 - TUBOS PVC KRONA;2025-12-01;148686,44
SUL;SANTA CATARINA 01;00 - TUBOS PVC KRONA;2026-01-01;71317,84
SUL;SANTA CATARINA 01;00 - TUBOS PVC KRONA;2026-02-01;204531,06
SUL;SANTA CATARINA 01;00 - TUBOS PVC KRONA;2026-03-01;212672,71
SUL;SANTA CATARINA 01;00 - TUBOS PVC KRONA;2026-04-01;217731,91
SUL;SANTA CATARINA 01;00 - TUBOS PVC KRONA;2026-05-01;222682,39
SUL;SANTA CATARINA 01;00 - TUBOS PVC KRONA;2026-06-01;71552,96
SUL;SANTA CATARINA 01;00 - TUBOS PVC KRONA;2026-07-01;62519,03
SUL;SANTA CATARINA 01;00 - TUBOS PVC KRONA;2026-08-01;142981,95
SUL;SANTA CATARINA 01;01 - TUBOS ELETRODUTOS KRONA;2022-01-01;134,50
SUL;SANTA CATARINA 01;01 - TUBOS ELETRODUTOS KRONA;2022-02-01;1107,20
SUL;SANTA CATARINA 01;01 - TUBOS ELETRODUTOS KRONA;2022-03-01;433,46
SUL;SANTA CATARINA 01;01 - TUBOS ELETRODUTOS KRONA;2022-04-01;179,95
SUL;SANTA CATARINA 01;01 - TUBOS ELETRODUTOS KRONA;2022-05-01;1966,70
SUL;SANTA CATARINA 01;01 - TUBOS ELETRODUTOS KRONA;2022-06-01;257,15
SUL;SANTA CATARINA 01;01 - TUBOS ELETRODUTOS KRONA;2022-07-01;366,26
SUL;SANTA CATARINA 01;01 - TUBOS ELETRODUTOS KRONA;2022-08-01;252,62
SUL;SANTA CATARINA 01;01 - TUBOS ELETRODUTOS KRONA;2022-09-01;351,56
SUL;SANTA CATARINA 01;01 - TUBOS ELETRODUTOS KRONA;2022-10-01;1039,41
SUL;SANTA CATARINA 01;01 - TUBOS ELETRODUTOS KRONA;2022-11-01;1563,00
SUL;SANTA CATARINA 01;01 - TUBOS ELETRODUTOS KRONA;2022-12-01;170,40
SUL;SANTA CATARINA 01;01 - TUBOS ELETRODUTOS KRONA;2023-01-01;32,60
SUL;SANTA CATARINA 01;01 - TUBOS ELETRODUTOS KRONA;2023-02-01;675,70
SUL;SANTA CATARINA 01;01 - TUBOS ELETRODUTOS KRONA;2023-03-01;1223,12
SUL;SANTA CATARINA 01;01 - TUBOS ELETRODUTOS KRONA;2023-04-01;121,70
SUL;SANTA CATARINA 01;01 - TUBOS ELETRODUTOS KRONA;2023-05-01;296,65
SUL;SANTA CATARINA 01;01 - TUBOS ELETRODUTOS KRONA;2023-06-01;299,96
SUL;SANTA CATARINA 01;01 - TUBOS ELETRODUTOS KRONA;2023-07-01;910,10
SUL;SANTA CATARINA 01;01 - TUBOS ELETRODUTOS KRONA;2023-08-01;945,77
SUL;SANTA CATARINA 01;01 - TUBOS ELETRODUTOS KRONA;2023-09-01;983,86
SUL;SANTA CATARINA 01;01 - TUBOS ELETRODUTOS KRONA;2023-10-01;791,21
SUL;SANTA CATARINA 01;01 - TUBOS ELETRODUTOS KRONA;2023-11-01;205,69
SUL;SANTA CATARINA 01;01 - TUBOS ELETRODUTOS KRONA;2023-12-01;642,81
SUL;SANTA CATARINA 01;01 - TUBOS ELETRODUTOS KRONA;2024-01-01;86,47
SUL;SANTA CATARINA 01;01 - TUBOS ELETRODUTOS KRONA;2024-02-01;653,30
SUL;SANTA CATARINA 01;01 - TUBOS ELETRODUTOS KRONA;2024-03-01;474,10
SUL;SANTA CATARINA 01;01 - TUBOS ELETRODUTOS KRONA;2024-04-01;193,16
SUL;SANTA CATARINA 01;01 - TUBOS ELETRODUTOS KRONA;2024-05-01;606,17
SUL;SANTA CATARINA 01;01 - TUBOS ELETRODUTOS KRONA;2024-06-01;1621,99
SUL;SANTA CATARINA 01;01 - TUBOS ELETRODUTOS KRONA;2024-07-01;187,81
SUL;SANTA CATARINA 01;01 - TUBOS ELETRODUTOS KRONA;2024-08-01;372,39
SUL;SANTA CATARINA 01;01 - TUBOS ELETRODUTOS KRONA;2024-09-01;744,45
SUL;SANTA CATARINA 01;01 - TUBOS ELETRODUTOS KRONA;2024-10-01;86,70
SUL;SANTA CATARINA 01;01 - TUBOS ELETRODUTOS KRONA;2024-11-01;1146,11
SUL;SANTA CATARINA 01;01 - TUBOS ELETRODUTOS KRONA;2024-12-01;43,86
SUL;SANTA CATARINA 01;01 - TUBOS ELETRODUTOS KRONA;2025-01-01;411,85
SUL;SANTA CATARINA 01;01 - TUBOS ELETRODUTOS KRONA;2025-02-01;707,28
SUL;SANTA CATARINA 01;01 - TUBOS ELETRODUTOS KRONA;2025-03-01;1554,43
SUL;SANTA CATARINA 01;01 - TUBOS ELETRODUTOS KRONA;2025-04-01;356,60
SUL;SANTA CATARINA 01;01 - TUBOS ELETRODUTOS KRONA;2025-05-01;1290,31
SUL;SANTA CATARINA 01;01 - TUBOS ELETRODUTOS KRONA;2025-06-01;1220,51
SUL;SANTA CATARINA 01;01 - TUBOS ELETRODUTOS KRONA;2025-07-01;739,40
SUL;SANTA CATARINA 01;01 - TUBOS ELETRODUTOS KRONA;2025-08-01;847,32
SUL;SANTA CATARINA 01;01 - TUBOS ELETRODUTOS KRONA;2025-09-01;126,50
SUL;SANTA CATARINA 01;01 - TUBOS ELETRODUTOS KRONA;2025-10-01;414,51
SUL;SANTA CATARINA 01;01 - TUBOS ELETRODUTOS KRONA;2025-11-01;577,06
SUL;SANTA CATARINA 01;01 - TUBOS ELETRODUTOS KRONA;2025-12-01;268,50
SUL;SANTA CATARINA 01;01 - TUBOS ELETRODUTOS KRONA;2026-01-01;69,33
SUL;SANTA CATARINA 01;01 - TUBOS ELETRODUTOS KRONA;2026-02-01;645,60
SUL;SANTA CATARINA 01;01 - TUBOS ELETRODUTOS KRONA;2026-03-01;700,45
SUL;SANTA CATARINA 01;01 - TUBOS ELETRODUTOS KRONA;2026-04-01;709,30
SUL;SANTA CATARINA 01;01 - TUBOS ELETRODUTOS KRONA;2026-05-01;714,23
SUL;SANTA CATARINA 01;01 - TUBOS ELETRODUTOS KRONA;2026-06-01;226,75
SUL;SANTA CATARINA 01;01 - TUBOS ELETRODUTOS KRONA;2026-07-01;126,82
SUL;SANTA CATARINA 01;01 - TUBOS ELETRODUTOS KRONA;2026-08-01;612,75
SUL;SANTA CATARINA 01;02 - CONEXOES KRONA;2022-01-01;11785,07
SUL;SANTA CATARINA 01;02 - CONEXOES KRONA;2022-02-01;30494,06
SUL;SANTA CATARINA 01;02 - CONEXOES KRONA;2022-03-01;39208,68
SUL;SANTA CATARINA 01;02 - CONEXOES KRONA;2022-04-01;34687,80
SUL;SANTA CATARINA 01;02 - CONEXOES KRONA;2022-05-01;40998,20
SUL;SANTA CATARINA 01;02 - CONEXOES KRONA;2022-06-01;31103,56
SUL;SANTA CATARINA 01;02 - CONEXOES KRONA;2022-07-01;31599,42
SUL;SANTA CATARINA 01;02 - CONEXOES KRONA;2022-08-01;34197,66
SUL;SANTA CATARINA 01;02 - CONEXOES KRONA;2022-09-01;40506,49
SUL;SANTA CATARINA 01;02 - CONEXOES KRONA;2022-10-01;42079,71
SUL;SANTA CATARINA 01;02 - CONEXOES KRONA;2022-11-01;33169,21
SUL;SANTA CATARINA 01;02 - CONEXOES KRONA;2022-12-01;58039,27
SUL;SANTA CATARINA 01;02 - CONEXOES KRONA;2023-01-01;17799,74
SUL;SANTA CATARINA 01;02 - CONEXOES KRONA;2023-02-01;34455,32
SUL;SANTA CATARINA 01;02 - CONEXOES KRONA;2023-03-01;49401,43
SUL;SANTA CATARINA 01;02 - CONEXOES KRONA;2023-04-01;24837,34
SUL;SANTA CATARINA 01;02 - CONEXOES KRONA;2023-05-01;42847,97
SUL;SANTA CATARINA 01;02 - CONEXOES KRONA;2023-06-01;34711,86
SUL;SANTA CATARINA 01;02 - CONEXOES KRONA;2023-07-01;35907,97
SUL;SANTA CATARINA 01;02 - CONEXOES KRONA;2023-08-01;43447,05
SUL;SANTA CATARINA 01;02 - CONEXOES KRONA;2023-09-01;65775,77
SUL;SANTA CATARINA 01;02 - CONEXOES KRONA;2023-10-01;28821,40
SUL;SANTA CATARINA 01;02 - CONEXOES KRONA;2023-11-01;31575,29
SUL;SANTA CATARINA 01;02 - CONEXOES KRONA;2023-12-01;36161,18
SUL;SANTA CATARINA 01;02 - CONEXOES KRONA;2024-01-01;30313,76
SUL;SANTA CATARINA 01;02 - CONEXOES KRONA;2024-02-01;35240,62
SUL;SANTA CATARINA 01;02 - CONEXOES KRONA;2024-03-01;48791,93
SUL;SANTA CATARINA 01;02 - CONEXOES KRONA;2024-04-01;36798,37
SUL;SANTA CATARINA 01;02 - CONEXOES KRONA;2024-05-01;30245,21
SUL;SANTA CATARINA 01;02 - CONEXOES KRONA;2024-06-01;67012,23
SUL;SANTA CATARINA 01;02 - CONEXOES KRONA;2024-07-01;41438,92
SUL;SANTA CATARINA 01;02 - CONEXOES KRONA;2024-08-01;19159,46
SUL;SANTA CATARINA 01;02 - CONEXOES KRONA;2024-09-01;45276,63
SUL;SANTA CATARINA 01;02 - CONEXOES KRONA;2024-10-01;52722,16
SUL;SANTA CATARINA 01;02 - CONEXOES KRONA;2024-11-01;26051,48
SUL;SANTA CATARINA 01;02 - CONEXOES KRONA;2024-12-01;33685,38
SUL;SANTA CATARINA 01;02 - CONEXOES KRONA;2025-01-01;34878,64
SUL;SANTA CATARINA 01;02 - CONEXOES KRONA;2025-02-01;28809,63
SUL;SANTA CATARINA 01;02 - CONEXOES KRONA;2025-03-01;33372,55
SUL;SANTA CATARINA 01;02 - CONEXOES KRONA;2025-04-01;37230,35
SUL;SANTA CATARINA 01;02 - CONEXOES KRONA;2025-05-01;29725,04
SUL;SANTA CATARINA 01;02 - CONEXOES KRONA;2025-06-01;81127,01
SUL;SANTA CATARINA 01;02 - CONEXOES KRONA;2025-07-01;36873,11
SUL;SANTA CATARINA 01;02 - CONEXOES KRONA;2025-08-01;32757,26
SUL;SANTA CATARINA 01;02 - CONEXOES KRONA;2025-09-01;28136,17
SUL;SANTA CATARINA 01;02 - CONEXOES KRONA;2025-10-01;43543,48
SUL;SANTA CATARINA 01;02 - CONEXOES KRONA;2025-11-01;45950,78
SUL;SANTA CATARINA 01;02 - CONEXOES KRONA;2025-12-01;43367,22
SUL;SANTA CATARINA 01;02 - CONEXOES KRONA;2026-01-01;14085,92
SUL;SANTA CATARINA 01;02 - CONEXOES KRONA;2026-02-01;47271,97
SUL;SANTA CATARINA 01;02 - CONEXOES KRONA;2026-03-01;46839,17
SUL;SANTA CATARINA 01;02 - CONEXOES KRONA;2026-04-01;47906,72
SUL;SANTA CATARINA 01;02 - CONEXOES KRONA;2026-05-01;40533,00
SUL;SANTA CATARINA 01;02 - CONEXOES KRONA;2026-06-01;24543,98
SUL;SANTA CATARINA 01;02 - CONEXOES KRONA;2026-07-01;20612,14
SUL;SANTA CATARINA 01;02 - CONEXOES KRONA;2026-08-01;43222,85
SUL;SANTA CATARINA 01;03 - ACESSORIOS KRONA;2022-01-01;1237,15
SUL;SANTA CATARINA 01;03 - ACESSORIOS KRONA;2022-02-01;3395,73
SUL;SANTA CATARINA 01;03 - ACESSORIOS KRONA;2022-03-01;4300,48
SUL;SANTA CATARINA 01;03 - ACESSORIOS KRONA;2022-04-01;2579,20
SUL;SANTA CATARINA 01;03 - ACESSORIOS KRONA;2022-05-01;4207,38
SUL;SANTA CATARINA 01;03 - ACESSORIOS KRONA;2022-06-01;3050,09
SUL;SANTA CATARINA 01;03 - ACESSORIOS KRONA;2022-07-01;2786,29
SUL;SANTA CATARINA 01;03 - ACESSORIOS KRONA;2022-08-01;2737,57
SUL;SANTA CATARINA 01;03 - ACESSORIOS KRONA;2022-09-01;3356,57
SUL;SANTA CATARINA 01;03 - ACESSORIOS KRONA;2022-10-01;3347,72
SUL;SANTA CATARINA 01;03 - ACESSORIOS KRONA;2022-11-01;2220,43
SUL;SANTA CATARINA 01;03 - ACESSORIOS KRONA;2022-12-01;4238,76
SUL;SANTA CATARINA 01;03 - ACESSORIOS KRONA;2023-01-01;1871,47
SUL;SANTA CATARINA 01;03 - ACESSORIOS KRONA;2023-02-01;3266,32
SUL;SANTA CATARINA 01;03 - ACESSORIOS KRONA;2023-03-01;3908,12
SUL;SANTA CATARINA 01;03 - ACESSORIOS KRONA;2023-04-01;1658,46
SUL;SANTA CATARINA 01;03 - ACESSORIOS KRONA;2023-05-01;3246,77
SUL;SANTA CATARINA 01;03 - ACESSORIOS KRONA;2023-06-01;2423,04
SUL;SANTA CATARINA 01;03 - ACESSORIOS KRONA;2023-07-01;3021,89
SUL;SANTA CATARINA 01;03 - ACESSORIOS KRONA;2023-08-01;4193,65
SUL;SANTA CATARINA 01;03 - ACESSORIOS KRONA;2023-09-01;6424,31
SUL;SANTA CATARINA 01;03 - ACESSORIOS KRONA;2023-10-01;2588,51
SUL;SANTA CATARINA 01;03 - ACESSORIOS KRONA;2023-11-01;2053,52
SUL;SANTA CATARINA 01;03 - ACESSORIOS KRONA;2023-12-01;2765,40
SUL;SANTA CATARINA 01;03 - ACESSORIOS KRONA;2024-01-01;2619,86
SUL;SANTA CATARINA 01;03 - ACESSORIOS KRONA;2024-02-01;2920,05
SUL;SANTA CATARINA 01;03 - ACESSORIOS KRONA;2024-03-01;3273,81
SUL;SANTA CATARINA 01;03 - ACESSORIOS KRONA;2024-04-01;3647,25
SUL;SANTA CATARINA 01;03 - ACESSORIOS KRONA;2024-05-01;2319,96
SUL;SANTA CATARINA 01;03 - ACESSORIOS KRONA;2024-06-01;6666,57
SUL;SANTA CATARINA 01;03 - ACESSORIOS KRONA;2024-07-01;3326,87
SUL;SANTA CATARINA 01;03 - ACESSORIOS KRONA;2024-08-01;1301,61
SUL;SANTA CATARINA 01;03 - ACESSORIOS KRONA;2024-09-01;2858,76
SUL;SANTA CATARINA 01;03 - ACESSORIOS KRONA;2024-10-01;3909,96
SUL;SANTA CATARINA 01;03 - ACESSORIOS KRONA;2024-11-01;2363,27
SUL;SANTA CATARINA 01;03 - ACESSORIOS KRONA;2024-12-01;2184,73
SUL;SANTA CATARINA 01;03 - ACESSORIOS KRONA;2025-01-01;3648,82
SUL;SANTA CATARINA 01;03 - ACESSORIOS KRONA;2025-02-01;1770,05
SUL;SANTA CATARINA 01;03 - ACESSORIOS KRONA;2025-03-01;2415,71
SUL;SANTA CATARINA 01;03 - ACESSORIOS KRONA;2025-04-01;1857,36
SUL;SANTA CATARINA 01;03 - ACESSORIOS KRONA;2025-05-01;2470,89
SUL;SANTA CATARINA 01;03 - ACESSORIOS KRONA;2025-06-01;6303,68
SUL;SANTA CATARINA 01;03 - ACESSORIOS KRONA;2025-07-01;1958,65
SUL;SANTA CATARINA 01;03 - ACESSORIOS KRONA;2025-08-01;2103,70
SUL;SANTA CATARINA 01;03 - ACESSORIOS KRONA;2025-09-01;2984,74
SUL;SANTA CATARINA 01;03 - ACESSORIOS KRONA;2025-10-01;3716,19
SUL;SANTA CATARINA 01;03 - ACESSORIOS KRONA;2025-11-01;2832,44
SUL;SANTA CATARINA 01;03 - ACESSORIOS KRONA;2025-12-01;3711,14
SUL;SANTA CATARINA 01;03 - ACESSORIOS KRONA;2026-01-01;2416,99
SUL;SANTA CATARINA 01;03 - ACESSORIOS KRONA;2026-02-01;5755,29
SUL;SANTA CATARINA 01;03 - ACESSORIOS KRONA;2026-03-01;3836,87
SUL;SANTA CATARINA 01;03 - ACESSORIOS KRONA;2026-04-01;3044,26
SUL;SANTA CATARINA 01;03 - ACESSORIOS KRONA;2026-05-01;2731,52
SUL;SANTA CATARINA 01;03 - ACESSORIOS KRONA;2026-06-01;1994,82
SUL;SANTA CATARINA 01;03 - ACESSORIOS KRONA;2026-07-01;3080,17
SUL;SANTA CATARINA 01;03 - ACESSORIOS KRONA;2026-08-01;4691,53
SUL;SANTA CATARINA 01;04 - PRODUTOS REVENDA;2022-01-01;1075,01
SUL;SANTA CATARINA 01;04 - PRODUTOS REVENDA;2022-02-01;3641,61
SUL;SANTA CATARINA 01;04 - PRODUTOS REVENDA;2022-03-01;4262,82
SUL;SANTA CATARINA 01;04 - PRODUTOS REVENDA;2022-04-01;2696,81
SUL;SANTA CATARINA 01;04 - PRODUTOS REVENDA;2022-05-01;2753,22
SUL;SANTA CATARINA 01;04 - PRODUTOS REVENDA;2022-06-01;3557,56
SUL;SANTA CATARINA 01;04 - PRODUTOS REVENDA;2022-07-01;2589,60
SUL;SANTA CATARINA 01;04 - PRODUTOS REVENDA;2022-08-01;2290,11
SUL;SANTA CATARINA 01;04 - PRODUTOS REVENDA;2022-09-01;3361,24
SUL;SANTA CATARINA 01;04 - PRODUTOS REVENDA;2022-10-01;3120,86
SUL;SANTA CATARINA 01;04 - PRODUTOS REVENDA;2022-11-01;2124,66
SUL;SANTA CATARINA 01;04 - PRODUTOS REVENDA;2022-12-01;4465,62
SUL;SANTA CATARINA 01;04 - PRODUTOS REVENDA;2023-01-01;1467,81
SUL;SANTA CATARINA 01;04 - PRODUTOS REVENDA;2023-02-01;1948,82
SUL;SANTA CATARINA 01;04 - PRODUTOS REVENDA;2023-03-01;3096,70
SUL;SANTA CATARINA 01;04 - PRODUTOS REVENDA;2023-04-01;1670,79
SUL;SANTA CATARINA 01;04 - PRODUTOS REVENDA;2023-05-01;3641,71
SUL;SANTA CATARINA 01;04 - PRODUTOS REVENDA;2023-06-01;3044,93
SUL;SANTA CATARINA 01;04 - PRODUTOS REVENDA;2023-07-01;2400,61
SUL;SANTA CATARINA 01;04 - PRODUTOS REVENDA;2023-08-01;3816,10
SUL;SANTA CATARINA 01;04 - PRODUTOS REVENDA;2023-09-01;4939,52
SUL;SANTA CATARINA 01;04 - PRODUTOS REVENDA;2023-10-01;2395,61
SUL;SANTA CATARINA 01;04 - PRODUTOS REVENDA;2023-11-01;1939,13
SUL;SANTA CATARINA 01;04 - PRODUTOS REVENDA;2023-12-01;2710,67
SUL;SANTA CATARINA 01;04 - PRODUTOS REVENDA;2024-01-01;1989,59
SUL;SANTA CATARINA 01;04 - PRODUTOS REVENDA;2024-02-01;2761,77
SUL;SANTA CATARINA 01;04 - PRODUTOS REVENDA;2024-03-01;3562,88
SUL;SANTA CATARINA 01;04 - PRODUTOS REVENDA;2024-04-01;2830,48
SUL;SANTA CATARINA 01;04 - PRODUTOS REVENDA;2024-05-01;2319,50
SUL;SANTA CATARINA 01;04 - PRODUTOS REVENDA;2024-06-01;4544,11
SUL;SANTA CATARINA 01;04 - PRODUTOS REVENDA;2024-07-01;2893,94
SUL;SANTA CATARINA 01;04 - PRODUTOS REVENDA;2024-08-01;1481,66
SUL;SANTA CATARINA 01;04 - PRODUTOS REVENDA;2024-09-01;3309,49
SUL;SANTA CATARINA 01;04 - PRODUTOS REVENDA;2024-10-01;3031,05
SUL;SANTA CATARINA 01;04 - PRODUTOS REVENDA;2024-11-01;2005,42
SUL;SANTA CATARINA 01;04 - PRODUTOS REVENDA;2024-12-01;2235,14
SUL;SANTA CATARINA 01;04 - PRODUTOS REVENDA;2025-01-01;2923,82
SUL;SANTA CATARINA 01;04 - PRODUTOS REVENDA;2025-02-01;2064,67
SUL;SANTA CATARINA 01;04 - PRODUTOS REVENDA;2025-03-01;3953,62
SUL;SANTA CATARINA 01;04 - PRODUTOS REVENDA;2025-04-01;2367,41
SUL;SANTA CATARINA 01;04 - PRODUTOS REVENDA;2025-05-01;2337,28
SUL;SANTA CATARINA 01;04 - PRODUTOS REVENDA;2025-06-01;4689,12
SUL;SANTA CATARINA 01;04 - PRODUTOS REVENDA;2025-07-01;2014,27
SUL;SANTA CATARINA 01;04 - PRODUTOS REVENDA;2025-08-01;2382,10
SUL;SANTA CATARINA 01;04 - PRODUTOS REVENDA;2025-09-01;2021,00
SUL;SANTA CATARINA 01;04 - PRODUTOS REVENDA;2025-10-01;3515,50
SUL;SANTA CATARINA 01;04 - PRODUTOS REVENDA;2025-11-01;3770,07
SUL;SANTA CATARINA 01;04 - PRODUTOS REVENDA;2025-12-01;3428,20
SUL;SANTA CATARINA 01;04 - PRODUTOS REVENDA;2026-01-01;1323,94
SUL;SANTA CATARINA 01;04 - PRODUTOS REVENDA;2026-02-01;4718,22
SUL;SANTA CATARINA 01;04 - PRODUTOS REVENDA;2026-03-01;3510,47
SUL;SANTA CATARINA 01;04 - PRODUTOS REVENDA;2026-04-01;3278,59
SUL;SANTA CATARINA 01;04 - PRODUTOS REVENDA;2026-05-01;2149,41
SUL;SANTA CATARINA 01;04 - PRODUTOS REVENDA;2026-06-01;1985,86
SUL;SANTA CATARINA 01;04 - PRODUTOS REVENDA;2026-07-01;1968,19
SUL;SANTA CATARINA 01;04 - PRODUTOS REVENDA;2026-08-01;3552,12
SUL;SANTA CATARINA 01;29 - PPR;2022-01-01;89,48
SUL;SANTA CATARINA 01;29 - PPR;2022-02-01;435,43
SUL;SANTA CATARINA 01;29 - PPR;2022-03-01;695,41
SUL;SANTA CATARINA 01;29 - PPR;2022-04-01;1126,98
SUL;SANTA CATARINA 01;29 - PPR;2022-05-01;1594,24
SUL;SANTA CATARINA 01;29 - PPR;2022-06-01;649,09
SUL;SANTA CATARINA 01;29 - PPR;2022-07-01;712,54
SUL;SANTA CATARINA 01;29 - PPR;2022-08-01;1263,40
SUL;SANTA CATARINA 01;29 - PPR;2022-09-01;655,53
SUL;SANTA CATARINA 01;29 - PPR;2022-10-01;481,71
SUL;SANTA CATARINA 01;29 - PPR;2022-11-01;634,09
SUL;SANTA CATARINA 01;29 - PPR;2022-12-01;650,61
SUL;SANTA CATARINA 01;29 - PPR;2023-01-01;398,19
SUL;SANTA CATARINA 01;29 - PPR;2023-02-01;716,68
SUL;SANTA CATARINA 01;29 - PPR;2023-03-01;676,76
SUL;SANTA CATARINA 01;29 - PPR;2023-04-01;903,32
SUL;SANTA CATARINA 01;29 - PPR;2023-05-01;1284,81
SUL;SANTA CATARINA 01;29 - PPR;2023-06-01;1037,53
SUL;SANTA CATARINA 01;29 - PPR;2023-07-01;1450,92
SUL;SANTA CATARINA 01;29 - PPR;2023-08-01;863,83
SUL;SANTA CATARINA 01;29 - PPR;2023-09-01;1289,74
SUL;SANTA CATARINA 01;29 - PPR;2023-10-01;574,11
SUL;SANTA CATARINA 01;29 - PPR;2023-11-01;809,92
SUL;SANTA CATARINA 01;29 - PPR;2023-12-01;906,31
SUL;SANTA CATARINA 01;29 - PPR;2024-01-01;296,52
SUL;SANTA CATARINA 01;29 - PPR;2024-02-01;1145,87
SUL;SANTA CATARINA 01;29 - PPR;2024-03-01;1988,52
SUL;SANTA CATARINA 01;29 - PPR;2024-04-01;783,34
SUL;SANTA CATARINA 01;29 - PPR;2024-05-01;1003,83
SUL;SANTA CATARINA 01;29 - PPR;2024-06-01;1752,31
SUL;SANTA CATARINA 01;29 - PPR;2024-07-01;704,84
SUL;SANTA CATARINA 01;29 - PPR;2024-08-01;711,88
SUL;SANTA CATARINA 01;29 - PPR;2024-09-01;1312,18
SUL;SANTA CATARINA 01;29 - PPR;2024-10-01;1744,60
SUL;SANTA CATARINA 01;29 - PPR;2024-11-01;930,97
SUL;SANTA CATARINA 01;29 - PPR;2024-12-01;971,70
SUL;SANTA CATARINA 01;29 - PPR;2025-01-01;1375,07
SUL;SANTA CATARINA 01;29 - PPR;2025-02-01;671,53
SUL;SANTA CATARINA 01;29 - PPR;2025-03-01;427,11
SUL;SANTA CATARINA 01;29 - PPR;2025-04-01;919,51
SUL;SANTA CATARINA 01;29 - PPR;2025-05-01;746,95
SUL;SANTA CATARINA 01;29 - PPR;2025-06-01;1418,30
SUL;SANTA CATARINA 01;29 - PPR;2025-07-01;1035,04
SUL;SANTA CATARINA 01;29 - PPR;2025-08-01;1183,59
SUL;SANTA CATARINA 01;29 - PPR;2025-09-01;555,18
SUL;SANTA CATARINA 01;29 - PPR;2025-10-01;635,64
SUL;SANTA CATARINA 01;29 - PPR;2025-11-01;1073,14
SUL;SANTA CATARINA 01;29 - PPR;2025-12-01;1184,09
SUL;SANTA CATARINA 01;29 - PPR;2026-01-01;315,42
SUL;SANTA CATARINA 01;29 - PPR;2026-02-01;759,48
SUL;SANTA CATARINA 01;29 - PPR;2026-03-01;1032,17
SUL;SANTA CATARINA 01;29 - PPR;2026-04-01;2023,04
SUL;SANTA CATARINA 01;29 - PPR;2026-05-01;788,67
SUL;SANTA CATARINA 01;29 - PPR;2026-06-01;1740,26
SUL;SANTA CATARINA 01;29 - PPR;2026-07-01;1224,24
SUL;SANTA CATARINA 01;29 - PPR;2026-08-01;698,02
SUL;SANTA CATARINA 01;30 - ELETRODUTOS CORRUGADOS KRONA;2022-01-01;1767,19
SUL;SANTA CATARINA 01;30 - ELETRODUTOS CORRUGADOS KRONA;2022-02-01;10670,62
SUL;SANTA CATARINA 01;30 - ELETRODUTOS CORRUGADOS KRONA;2022-03-01;16067,07
SUL;SANTA CATARINA 01;30 - ELETRODUTOS CORRUGADOS KRONA;2022-04-01;7333,96
SUL;SANTA CATARINA 01;30 - ELETRODUTOS CORRUGADOS KRONA;2022-05-01;6501,77
SUL;SANTA CATARINA 01;30 - ELETRODUTOS CORRUGADOS KRONA;2022-06-01;11480,22
SUL;SANTA CATARINA 01;30 - ELETRODUTOS CORRUGADOS KRONA;2022-07-01;8141,21
SUL;SANTA CATARINA 01;30 - ELETRODUTOS CORRUGADOS KRONA;2022-08-01;7359,80
SUL;SANTA CATARINA 01;30 - ELETRODUTOS CORRUGADOS KRONA;2022-09-01;12021,56
SUL;SANTA CATARINA 01;30 - ELETRODUTOS CORRUGADOS KRONA;2022-10-01;8209,07
SUL;SANTA CATARINA 01;30 - ELETRODUTOS CORRUGADOS KRONA;2022-11-01;9795,56
SUL;SANTA CATARINA 01;30 - ELETRODUTOS CORRUGADOS KRONA;2022-12-01;7544,21
SUL;SANTA CATARINA 01;30 - ELETRODUTOS CORRUGADOS KRONA;2023-01-01;3579,13
SUL;SANTA CATARINA 01;30 - ELETRODUTOS CORRUGADOS KRONA;2023-02-01;8592,73
SUL;SANTA CATARINA 01;30 - ELETRODUTOS CORRUGADOS KRONA;2023-03-01;9077,93
SUL;SANTA CATARINA 01;30 - ELETRODUTOS CORRUGADOS KRONA;2023-04-01;5674,24
SUL;SANTA CATARINA 01;30 - ELETRODUTOS CORRUGADOS KRONA;2023-05-01;7697,43
SUL;SANTA CATARINA 01;30 - ELETRODUTOS CORRUGADOS KRONA;2023-06-01;7687,99
SUL;SANTA CATARINA 01;30 - ELETRODUTOS CORRUGADOS KRONA;2023-07-01;7720,05
SUL;SANTA CATARINA 01;30 - ELETRODUTOS CORRUGADOS KRONA;2023-08-01;6405,45
SUL;SANTA CATARINA 01;30 - ELETRODUTOS CORRUGADOS KRONA;2023-09-01;15309,28
SUL;SANTA CATARINA 01;30 - ELETRODUTOS CORRUGADOS KRONA;2023-10-01;3911,36
SUL;SANTA CATARINA 01;30 - ELETRODUTOS CORRUGADOS KRONA;2023-11-01;4854,32
SUL;SANTA CATARINA 01;30 - ELETRODUTOS CORRUGADOS KRONA;2023-12-01;2961,97
SUL;SANTA CATARINA 01;30 - ELETRODUTOS CORRUGADOS KRONA;2024-01-01;3476,03
SUL;SANTA CATARINA 01;30 - ELETRODUTOS CORRUGADOS KRONA;2024-02-01;3234,82
SUL;SANTA CATARINA 01;30 - ELETRODUTOS CORRUGADOS KRONA;2024-03-01;6161,53
SUL;SANTA CATARINA 01;30 - ELETRODUTOS CORRUGADOS KRONA;2024-04-01;7810,71
SUL;SANTA CATARINA 01;30 - ELETRODUTOS CORRUGADOS KRONA;2024-05-01;7006,06
SUL;SANTA CATARINA 01;30 - ELETRODUTOS CORRUGADOS KRONA;2024-06-01;12858,80
SUL;SANTA CATARINA 01;30 - ELETRODUTOS CORRUGADOS KRONA;2024-07-01;6803,73
SUL;SANTA CATARINA 01;30 - ELETRODUTOS CORRUGADOS KRONA;2024-08-01;2650,35
SUL;SANTA CATARINA 01;30 - ELETRODUTOS CORRUGADOS KRONA;2024-09-01;6378,55
SUL;SANTA CATARINA 01;30 - ELETRODUTOS CORRUGADOS KRONA;2024-10-01;7832,25
SUL;SANTA CATARINA 01;30 - ELETRODUTOS CORRUGADOS KRONA;2024-11-01;3506,96
SUL;SANTA CATARINA 01;30 - ELETRODUTOS CORRUGADOS KRONA;2024-12-01;4751,53
SUL;SANTA CATARINA 01;30 - ELETRODUTOS CORRUGADOS KRONA;2025-01-01;5377,87
SUL;SANTA CATARINA 01;30 - ELETRODUTOS CORRUGADOS KRONA;2025-02-01;4104,47
SUL;SANTA CATARINA 01;30 - ELETRODUTOS CORRUGADOS KRONA;2025-03-01;10727,13
SUL;SANTA CATARINA 01;30 - ELETRODUTOS CORRUGADOS KRONA;2025-04-01;3558,43
SUL;SANTA CATARINA 01;30 - ELETRODUTOS CORRUGADOS KRONA;2025-05-01;5386,67
SUL;SANTA CATARINA 01;30 - ELETRODUTOS CORRUGADOS KRONA;2025-06-01;14322,62
SUL;SANTA CATARINA 01;30 - ELETRODUTOS CORRUGADOS KRONA;2025-07-01;6298,03
SUL;SANTA CATARINA 01;30 - ELETRODUTOS CORRUGADOS KRONA;2025-08-01;6617,14
SUL;SANTA CATARINA 01;30 - ELETRODUTOS CORRUGADOS KRONA;2025-09-01;8771,93
SUL;SANTA CATARINA 01;30 - ELETRODUTOS CORRUGADOS KRONA;2025-10-01;8282,12
SUL;SANTA CATARINA 01;30 - ELETRODUTOS CORRUGADOS KRONA;2025-11-01;9797,98
SUL;SANTA CATARINA 01;30 - ELETRODUTOS CORRUGADOS KRONA;2025-12-01;7045,88
SUL;SANTA CATARINA 01;30 - ELETRODUTOS CORRUGADOS KRONA;2026-01-01;1645,43
SUL;SANTA CATARINA 01;30 - ELETRODUTOS CORRUGADOS KRONA;2026-02-01;9500,94
SUL;SANTA CATARINA 01;30 - ELETRODUTOS CORRUGADOS KRONA;2026-03-01;8495,78
SUL;SANTA CATARINA 01;30 - ELETRODUTOS CORRUGADOS KRONA;2026-04-01;10695,05
SUL;SANTA CATARINA 01;30 - ELETRODUTOS CORRUGADOS KRONA;2026-05-01;8943,98
SUL;SANTA CATARINA 01;30 - ELETRODUTOS CORRUGADOS KRONA;2026-06-01;6135,44
SUL;SANTA CATARINA 01;30 - ELETRODUTOS CORRUGADOS KRONA;2026-07-01;4367,10
SUL;SANTA CATARINA 01;30 - ELETRODUTOS CORRUGADOS KRONA;2026-08-01;14670,11
SUL;SANTA CATARINA 01;31 - CPVC ULTRATERM;2022-01-01;305,39
SUL;SANTA CATARINA 01;31 - CPVC ULTRATERM;2022-02-01;227,47
SUL;SANTA CATARINA 01;31 - CPVC ULTRATERM;2022-03-01;459,29
SUL;SANTA CATARINA 01;31 - CPVC ULTRATERM;2022-04-01;1165,90
SUL;SANTA CATARINA 01;31 - CPVC ULTRATERM;2022-05-01;546,13
SUL;SANTA CATARINA 01;31 - CPVC ULTRATERM;2022-06-01;727,48
SUL;SANTA CATARINA 01;31 - CPVC ULTRATERM;2022-07-01;483,96
SUL;SANTA CATARINA 01;31 - CPVC ULTRATERM;2022-08-01;910,25
SUL;SANTA CATARINA 01;31 - CPVC ULTRATERM;2022-09-01;781,28
SUL;SANTA CATARINA 01;31 - CPVC ULTRATERM;2022-10-01;818,71
SUL;SANTA CATARINA 01;31 - CPVC ULTRATERM;2022-11-01;675,54
SUL;SANTA CATARINA 01;31 - CPVC ULTRATERM;2022-12-01;653,70
SUL;SANTA CATARINA 01;31 - CPVC ULTRATERM;2023-01-01;230,57
SUL;SANTA CATARINA 01;31 - CPVC ULTRATERM;2023-02-01;518,76
SUL;SANTA CATARINA 01;31 - CPVC ULTRATERM;2023-03-01;945,70
SUL;SANTA CATARINA 01;31 - CPVC ULTRATERM;2023-04-01;944,52
SUL;SANTA CATARINA 01;31 - CPVC ULTRATERM;2023-05-01;803,77
SUL;SANTA CATARINA 01;31 - CPVC ULTRATERM;2023-06-01;1368,89
SUL;SANTA CATARINA 01;31 - CPVC ULTRATERM;2023-07-01;951,20
SUL;SANTA CATARINA 01;31 - CPVC ULTRATERM;2023-08-01;559,46
SUL;SANTA CATARINA 01;31 - CPVC ULTRATERM;2023-09-01;1233,72
SUL;SANTA CATARINA 01;31 - CPVC ULTRATERM;2023-10-01;641,16
SUL;SANTA CATARINA 01;31 - CPVC ULTRATERM;2023-11-01;257,07
SUL;SANTA CATARINA 01;31 - CPVC ULTRATERM;2023-12-01;751,65
SUL;SANTA CATARINA 01;31 - CPVC ULTRATERM;2024-01-01;281,63
SUL;SANTA CATARINA 01;31 - CPVC ULTRATERM;2024-02-01;724,70
SUL;SANTA CATARINA 01;31 - CPVC ULTRATERM;2024-03-01;799,71
SUL;SANTA CATARINA 01;31 - CPVC ULTRATERM;2024-04-01;1177,76
SUL;SANTA CATARINA 01;31 - CPVC ULTRATERM;2024-05-01;741,99
SUL;SANTA CATARINA 01;31 - CPVC ULTRATERM;2024-06-01;1141,84
SUL;SANTA CATARINA 01;31 - CPVC ULTRATERM;2024-07-01;952,31
SUL;SANTA CATARINA 01;31 - CPVC ULTRATERM;2024-08-01;334,87
SUL;SANTA CATARINA 01;31 - CPVC ULTRATERM;2024-09-01;1282,87
SUL;SANTA CATARINA 01;31 - CPVC ULTRATERM;2024-10-01;982,47
SUL;SANTA CATARINA 01;31 - CPVC ULTRATERM;2024-11-01;617,53
SUL;SANTA CATARINA 01;31 - CPVC ULTRATERM;2024-12-01;829,12
SUL;SANTA CATARINA 01;31 - CPVC ULTRATERM;2025-01-01;571,78
SUL;SANTA CATARINA 01;31 - CPVC ULTRATERM;2025-02-01;553,13
SUL;SANTA CATARINA 01;31 - CPVC ULTRATERM;2025-03-01;454,08
SUL;SANTA CATARINA 01;31 - CPVC ULTRATERM;2025-04-01;1306,65
SUL;SANTA CATARINA 01;31 - CPVC ULTRATERM;2025-05-01;1035,08
SUL;SANTA CATARINA 01;31 - CPVC ULTRATERM;2025-06-01;1946,02
SUL;SANTA CATARINA 01;31 - CPVC ULTRATERM;2025-07-01;1144,01
SUL;SANTA CATARINA 01;31 - CPVC ULTRATERM;2025-08-01;717,49
SUL;SANTA CATARINA 01;31 - CPVC ULTRATERM;2025-09-01;1244,04
SUL;SANTA CATARINA 01;31 - CPVC ULTRATERM;2025-10-01;1382,77
SUL;SANTA CATARINA 01;31 - CPVC ULTRATERM;2025-11-01;1128,97
SUL;SANTA CATARINA 01;31 - CPVC ULTRATERM;2025-12-01;1077,05
SUL;SANTA CATARINA 01;31 - CPVC ULTRATERM;2026-01-01;297,28
SUL;SANTA CATARINA 01;31 - CPVC ULTRATERM;2026-02-01;695,99
SUL;SANTA CATARINA 01;31 - CPVC ULTRATERM;2026-03-01;846,77
SUL;SANTA CATARINA 01;31 - CPVC ULTRATERM;2026-04-01;1176,14
SUL;SANTA CATARINA 01;31 - CPVC ULTRATERM;2026-05-01;1063,82
SUL;SANTA CATARINA 01;31 - CPVC ULTRATERM;2026-06-01;542,27
SUL;SANTA CATARINA 01;31 - CPVC ULTRATERM;2026-07-01;697,34
SUL;SANTA CATARINA 01;31 - CPVC ULTRATERM;2026-08-01;1294,42
SUL;SANTA CATARINA 02;00 - TUBOS PVC KRONA;2022-01-01;61030,37
SUL;SANTA CATARINA 02;00 - TUBOS PVC KRONA;2022-02-01;140419,72
SUL;SANTA CATARINA 02;00 - TUBOS PVC KRONA;2022-03-01;350651,09
SUL;SANTA CATARINA 02;00 - TUBOS PVC KRONA;2022-04-01;300856,64
SUL;SANTA CATARINA 02;00 - TUBOS PVC KRONA;2022-05-01;278393,23
SUL;SANTA CATARINA 02;00 - TUBOS PVC KRONA;2022-06-01;319963,40
SUL;SANTA CATARINA 02;00 - TUBOS PVC KRONA;2022-07-01;247797,09
SUL;SANTA CATARINA 02;00 - TUBOS PVC KRONA;2022-08-01;302997,01
SUL;SANTA CATARINA 02;00 - TUBOS PVC KRONA;2022-09-01;266146,81
SUL;SANTA CATARINA 02;00 - TUBOS PVC KRONA;2022-10-01;408272,24
SUL;SANTA CATARINA 02;00 - TUBOS PVC KRONA;2022-11-01;171758,57
SUL;SANTA CATARINA 02;00 - TUBOS PVC KRONA;2022-12-01;636551,42
SUL;SANTA CATARINA 02;00 - TUBOS PVC KRONA;2023-01-01;120634,59
SUL;SANTA CATARINA 02;00 - TUBOS PVC KRONA;2023-02-01;433531,31
SUL;SANTA CATARINA 02;00 - TUBOS PVC KRONA;2023-03-01;387978,22
SUL;SANTA CATARINA 02;00 - TUBOS PVC KRONA;2023-04-01;179364,83
SUL;SANTA CATARINA 02;00 - TUBOS PVC KRONA;2023-05-01;226453,01
SUL;SANTA CATARINA 02;00 - TUBOS PVC KRONA;2023-06-01;410490,44
SUL;SANTA CATARINA 02;00 - TUBOS PVC KRONA;2023-07-01;220550,63
SUL;SANTA CATARINA 02;00 - TUBOS PVC KRONA;2023-08-01;390535,47
SUL;SANTA CATARINA 02;00 - TUBOS PVC KRONA;2023-09-01;591746,92
SUL;SANTA CATARINA 02;00 - TUBOS PVC KRONA;2023-10-01;176121,73
SUL;SANTA CATARINA 02;00 - TUBOS PVC KRONA;2023-11-01;323706,66
SUL;SANTA CATARINA 02;00 - TUBOS PVC KRONA;2023-12-01;420200,23
SUL;SANTA CATARINA 02;00 - TUBOS PVC KRONA;2024-01-01;161263,53
SUL;SANTA CATARINA 02;00 - TUBOS PVC KRONA;2024-02-01;198024,41
SUL;SANTA CATARINA 02;00 - TUBOS PVC KRONA;2024-03-01;472198,19
SUL;SANTA CATARINA 02;00 - TUBOS PVC KRONA;2024-04-01;253627,66
SUL;SANTA CATARINA 02;00 - TUBOS PVC KRONA;2024-05-01;372007,95
SUL;SANTA CATARINA 02;00 - TUBOS PVC KRONA;2024-06-01;705527,16
SUL;SANTA CATARINA 02;00 - TUBOS PVC KRONA;2024-07-01;377840,52
SUL;SANTA CATARINA 02;00 - TUBOS PVC KRONA;2024-08-01;183984,59
SUL;SANTA CATARINA 02;00 - TUBOS PVC KRONA;2024-09-01;378553,51
SUL;SANTA CATARINA 02;00 - TUBOS PVC KRONA;2024-10-01;357254,29
SUL;SANTA CATARINA 02;00 - TUBOS PVC KRONA;2024-11-01;235337,86
SUL;SANTA CATARINA 02;00 - TUBOS PVC KRONA;2024-12-01;249821,36
SUL;SANTA CATARINA 02;00 - TUBOS PVC KRONA;2025-01-01;183681,06
SUL;SANTA CATARINA 02;00 - TUBOS PVC KRONA;2025-02-01;168079,71
SUL;SANTA CATARINA 02;00 - TUBOS PVC KRONA;2025-03-01;182706,48
SUL;SANTA CATARINA 02;00 - TUBOS PVC KRONA;2025-04-01;191274,66
SUL;SANTA CATARINA 02;00 - TUBOS PVC KRONA;2025-05-01;238086,65
SUL;SANTA CATARINA 02;00 - TUBOS PVC KRONA;2025-06-01;380511,28
SUL;SANTA CATARINA 02;00 - TUBOS PVC KRONA;2025-07-01;267530,81
SUL;SANTA CATARINA 02;00 - TUBOS PVC KRONA;2025-08-01;180902,67
SUL;SANTA CATARINA 02;00 - TUBOS PVC KRONA;2025-09-01;185395,29
SUL;SANTA CATARINA 02;00 - TUBOS PVC KRONA;2025-10-01;170896,54
SUL;SANTA CATARINA 02;00 - TUBOS PVC KRONA;2025-11-01;267897,10
SUL;SANTA CATARINA 02;00 - TUBOS PVC KRONA;2025-12-01;180559,96
SUL;SANTA CATARINA 02;00 - TUBOS PVC KRONA;2026-01-01;139467,63
SUL;SANTA CATARINA 02;00 - TUBOS PVC KRONA;2026-02-01;237119,34
SUL;SANTA CATARINA 02;00 - TUBOS PVC KRONA;2026-03-01;327339,48
SUL;SANTA CATARINA 02;00 - TUBOS PVC KRONA;2026-04-01;384861,94
SUL;SANTA CATARINA 02;00 - TUBOS PVC KRONA;2026-05-01;332965,88
SUL;SANTA CATARINA 02;00 - TUBOS PVC KRONA;2026-06-01;116162,51
SUL;SANTA CATARINA 02;00 - TUBOS PVC KRONA;2026-07-01;121433,28
SUL;SANTA CATARINA 02;00 - TUBOS PVC KRONA;2026-08-01;194036,92
SUL;SANTA CATARINA 02;01 - TUBOS ELETRODUTOS KRONA;2022-01-01;266,88
SUL;SANTA CATARINA 02;01 - TUBOS ELETRODUTOS KRONA;2022-02-01;303,52
SUL;SANTA CATARINA 02;01 - TUBOS ELETRODUTOS KRONA;2022-03-01;196,36
SUL;SANTA CATARINA 02;01 - TUBOS ELETRODUTOS KRONA;2022-04-01;201,04
SUL;SANTA CATARINA 02;01 - TUBOS ELETRODUTOS KRONA;2022-05-01;241,32
SUL;SANTA CATARINA 02;01 - TUBOS ELETRODUTOS KRONA;2022-06-01;195,47
SUL;SANTA CATARINA 02;01 - TUBOS ELETRODUTOS KRONA;2022-07-01;115,69
SUL;SANTA CATARINA 02;01 - TUBOS ELETRODUTOS KRONA;2022-08-01;200,11
SUL;SANTA CATARINA 02;01 - TUBOS ELETRODUTOS KRONA;2022-09-01;415,96
SUL;SANTA CATARINA 02;01 - TUBOS ELETRODUTOS KRONA;2022-10-01;203,59
SUL;SANTA CATARINA 02;01 - TUBOS ELETRODUTOS KRONA;2022-11-01;47,20
SUL;SANTA CATARINA 02;01 - TUBOS ELETRODUTOS KRONA;2022-12-01;334,45
SUL;SANTA CATARINA 02;01 - TUBOS ELETRODUTOS KRONA;2023-01-01;81,00
SUL;SANTA CATARINA 02;01 - TUBOS ELETRODUTOS KRONA;2023-02-01;234,53
SUL;SANTA CATARINA 02;01 - TUBOS ELETRODUTOS KRONA;2023-03-01;737,11
SUL;SANTA CATARINA 02;01 - TUBOS ELETRODUTOS KRONA;2023-04-01;17,10
SUL;SANTA CATARINA 02;01 - TUBOS ELETRODUTOS KRONA;2023-05-01;234,30
SUL;SANTA CATARINA 02;01 - TUBOS ELETRODUTOS KRONA;2023-06-01;309,79
SUL;SANTA CATARINA 02;01 - TUBOS ELETRODUTOS KRONA;2023-07-01;240,75
SUL;SANTA CATARINA 02;01 - TUBOS ELETRODUTOS KRONA;2023-08-01;186,61
SUL;SANTA CATARINA 02;01 - TUBOS ELETRODUTOS KRONA;2023-09-01;2724,81
SUL;SANTA CATARINA 02;01 - TUBOS ELETRODUTOS KRONA;2023-10-01;398,17
SUL;SANTA CATARINA 02;01 - TUBOS ELETRODUTOS KRONA;2023-11-01;165,22
SUL;SANTA CATARINA 02;01 - TUBOS ELETRODUTOS KRONA;2023-12-01;984,88
SUL;SANTA CATARINA 02;01 - TUBOS ELETRODUTOS KRONA;2024-01-01;165,37
SUL;SANTA CATARINA 02;01 - TUBOS ELETRODUTOS KRONA;2024-02-01;1284,99
SUL;SANTA CATARINA 02;01 - TUBOS ELETRODUTOS KRONA;2024-03-01;438,59
SUL;SANTA CATARINA 02;01 - TUBOS ELETRODUTOS KRONA;2024-04-01;368,77
SUL;SANTA CATARINA 02;01 - TUBOS ELETRODUTOS KRONA;2024-05-01;601,41
SUL;SANTA CATARINA 02;01 - TUBOS ELETRODUTOS KRONA;2024-06-01;765,04
SUL;SANTA CATARINA 02;01 - TUBOS ELETRODUTOS KRONA;2024-07-01;3632,79
SUL;SANTA CATARINA 02;01 - TUBOS ELETRODUTOS KRONA;2024-08-01;178,90
SUL;SANTA CATARINA 02;01 - TUBOS ELETRODUTOS KRONA;2024-09-01;124,26
SUL;SANTA CATARINA 02;01 - TUBOS ELETRODUTOS KRONA;2024-10-01;931,15
SUL;SANTA CATARINA 02;01 - TUBOS ELETRODUTOS KRONA;2024-11-01;473,95
SUL;SANTA CATARINA 02;01 - TUBOS ELETRODUTOS KRONA;2024-12-01;289,88
SUL;SANTA CATARINA 02;01 - TUBOS ELETRODUTOS KRONA;2025-01-01;55,39
SUL;SANTA CATARINA 02;01 - TUBOS ELETRODUTOS KRONA;2025-02-01;835,49
SUL;SANTA CATARINA 02;01 - TUBOS ELETRODUTOS KRONA;2025-03-01;242,60
SUL;SANTA CATARINA 02;01 - TUBOS ELETRODUTOS KRONA;2025-04-01;258,60
SUL;SANTA CATARINA 02;01 - TUBOS ELETRODUTOS KRONA;2025-05-01;562,45
SUL;SANTA CATARINA 02;01 - TUBOS ELETRODUTOS KRONA;2025-06-01;482,94
SUL;SANTA CATARINA 02;01 - TUBOS ELETRODUTOS KRONA;2025-07-01;380,01
SUL;SANTA CATARINA 02;01 - TUBOS ELETRODUTOS KRONA;2025-08-01;574,53
SUL;SANTA CATARINA 02;01 - TUBOS ELETRODUTOS KRONA;2025-09-01;732,65
SUL;SANTA CATARINA 02;01 - TUBOS ELETRODUTOS KRONA;2025-10-01;233,82
SUL;SANTA CATARINA 02;01 - TUBOS ELETRODUTOS KRONA;2025-11-01;169,64
SUL;SANTA CATARINA 02;01 - TUBOS ELETRODUTOS KRONA;2025-12-01;368,58
SUL;SANTA CATARINA 02;01 - TUBOS ELETRODUTOS KRONA;2026-01-01;125,80
SUL;SANTA CATARINA 02;01 - TUBOS ELETRODUTOS KRONA;2026-02-01;46,36
SUL;SANTA CATARINA 02;01 - TUBOS ELETRODUTOS KRONA;2026-03-01;519,48
SUL;SANTA CATARINA 02;01 - TUBOS ELETRODUTOS KRONA;2026-04-01;147,97
SUL;SANTA CATARINA 02;01 - TUBOS ELETRODUTOS KRONA;2026-05-01;106,81
SUL;SANTA CATARINA 02;01 - TUBOS ELETRODUTOS KRONA;2026-06-01;183,20
SUL;SANTA CATARINA 02;01 - TUBOS ELETRODUTOS KRONA;2026-07-01;562,16
SUL;SANTA CATARINA 02;01 - TUBOS ELETRODUTOS KRONA;2026-08-01;1517,77
SUL;SANTA CATARINA 02;02 - CONEXOES KRONA;2022-01-01;15681,12
SUL;SANTA CATARINA 02;02 - CONEXOES KRONA;2022-02-01;33643,48
SUL;SANTA CATARINA 02;02 - CONEXOES KRONA;2022-03-01;73492,99
SUL;SANTA CATARINA 02;02 - CONEXOES KRONA;2022-04-01;93453,32
SUL;SANTA CATARINA 02;02 - CONEXOES KRONA;2022-05-01;55674,64
SUL;SANTA CATARINA 02;02 - CONEXOES KRONA;2022-06-01;46889,88
SUL;SANTA CATARINA 02;02 - CONEXOES KRONA;2022-07-01;47185,90
SUL;SANTA CATARINA 02;02 - CONEXOES KRONA;2022-08-01;87201,54
SUL;SANTA CATARINA 02;02 - CONEXOES KRONA;2022-09-01;47742,65
SUL;SANTA CATARINA 02;02 - CONEXOES KRONA;2022-10-01;84373,73
SUL;SANTA CATARINA 02;02 - CONEXOES KRONA;2022-11-01;34758,96
SUL;SANTA CATARINA 02;02 - CONEXOES KRONA;2022-12-01;125450,35
SUL;SANTA CATARINA 02;02 - CONEXOES KRONA;2023-01-01;30381,98
SUL;SANTA CATARINA 02;02 - CONEXOES KRONA;2023-02-01;72310,86
SUL;SANTA CATARINA 02;02 - CONEXOES KRONA;2023-03-01;176784,25
SUL;SANTA CATARINA 02;02 - CONEXOES KRONA;2023-04-01;38098,98
SUL;SANTA CATARINA 02;02 - CONEXOES KRONA;2023-05-01;43357,07
SUL;SANTA CATARINA 02;02 - CONEXOES KRONA;2023-06-01;77835,19
SUL;SANTA CATARINA 02;02 - CONEXOES KRONA;2023-07-01;49643,00
SUL;SANTA CATARINA 02;02 - CONEXOES KRONA;2023-08-01;87184,40
SUL;SANTA CATARINA 02;02 - CONEXOES KRONA;2023-09-01;146993,59
SUL;SANTA CATARINA 02;02 - CONEXOES KRONA;2023-10-01;37001,87
SUL;SANTA CATARINA 02;02 - CONEXOES KRONA;2023-11-01;56137,35
SUL;SANTA CATARINA 02;02 - CONEXOES KRONA;2023-12-01;101794,96
SUL;SANTA CATARINA 02;02 - CONEXOES KRONA;2024-01-01;72417,41
SUL;SANTA CATARINA 02;02 - CONEXOES KRONA;2024-02-01;39594,84
SUL;SANTA CATARINA 02;02 - CONEXOES KRONA;2024-03-01;88529,72
SUL;SANTA CATARINA 02;02 - CONEXOES KRONA;2024-04-01;50972,48
SUL;SANTA CATARINA 02;02 - CONEXOES KRONA;2024-05-01;91694,42
SUL;SANTA CATARINA 02;02 - CONEXOES KRONA;2024-06-01;164222,64
SUL;SANTA CATARINA 02;02 - CONEXOES KRONA;2024-07-01;84455,22
SUL;SANTA CATARINA 02;02 - CONEXOES KRONA;2024-08-01;31101,88
SUL;SANTA CATARINA 02;02 - CONEXOES KRONA;2024-09-01;90123,77
SUL;SANTA CATARINA 02;02 - CONEXOES KRONA;2024-10-01;87063,39
SUL;SANTA CATARINA 02;02 - CONEXOES KRONA;2024-11-01;58495,12
SUL;SANTA CATARINA 02;02 - CONEXOES KRONA;2024-12-01;93466,56
SUL;SANTA CATARINA 02;02 - CONEXOES KRONA;2025-01-01;37721,29
SUL;SANTA CATARINA 02;02 - CONEXOES KRONA;2025-02-01;37021,16
SUL;SANTA CATARINA 02;02 - CONEXOES KRONA;2025-03-01;43423,27
SUL;SANTA CATARINA 02;02 - CONEXOES KRONA;2025-04-01;43282,29
SUL;SANTA CATARINA 02;02 - CONEXOES KRONA;2025-05-01;52463,44
SUL;SANTA CATARINA 02;02 - CONEXOES KRONA;2025-06-01;76532,56
SUL;SANTA CATARINA 02;02 - CONEXOES KRONA;2025-07-01;55897,16
SUL;SANTA CATARINA 02;02 - CONEXOES KRONA;2025-08-01;42759,61
SUL;SANTA CATARINA 02;02 - CONEXOES KRONA;2025-09-01;44789,11
SUL;SANTA CATARINA 02;02 - CONEXOES KRONA;2025-10-01;41119,88
SUL;SANTA CATARINA 02;02 - CONEXOES KRONA;2025-11-01;66121,68
SUL;SANTA CATARINA 02;02 - CONEXOES KRONA;2025-12-01;43997,64
SUL;SANTA CATARINA 02;02 - CONEXOES KRONA;2026-01-01;31371,65
SUL;SANTA CATARINA 02;02 - CONEXOES KRONA;2026-02-01;63429,93
SUL;SANTA CATARINA 02;02 - CONEXOES KRONA;2026-03-01;74519,66
SUL;SANTA CATARINA 02;02 - CONEXOES KRONA;2026-04-01;73976,38
SUL;SANTA CATARINA 02;02 - CONEXOES KRONA;2026-05-01;62993,53
SUL;SANTA CATARINA 02;02 - CONEXOES KRONA;2026-06-01;31554,81
SUL;SANTA CATARINA 02;02 - CONEXOES KRONA;2026-07-01;39990,66
SUL;SANTA CATARINA 02;02 - CONEXOES KRONA;2026-08-01;48672,31
SUL;SANTA CATARINA 02;03 - ACESSORIOS KRONA;2022-01-01;1229,80
SUL;SANTA CATARINA 02;03 - ACESSORIOS KRONA;2022-02-01;2195,14
SUL;SANTA CATARINA 02;03 - ACESSORIOS KRONA;2022-03-01;6081,49
SUL;SANTA CATARINA 02;03 - ACESSORIOS KRONA;2022-04-01;8063,78
SUL;SANTA CATARINA 02;03 - ACESSORIOS KRONA;2022-05-01;5724,50
SUL;SANTA CATARINA 02;03 - ACESSORIOS KRONA;2022-06-01;3432,02
SUL;SANTA CATARINA 02;03 - ACESSORIOS KRONA;2022-07-01;5559,20
SUL;SANTA CATARINA 02;03 - ACESSORIOS KRONA;2022-08-01;17257,87
SUL;SANTA CATARINA 02;03 - ACESSORIOS KRONA;2022-09-01;5099,00
SUL;SANTA CATARINA 02;03 - ACESSORIOS KRONA;2022-10-01;9708,56
SUL;SANTA CATARINA 02;03 - ACESSORIOS KRONA;2022-11-01;2005,36
SUL;SANTA CATARINA 02;03 - ACESSORIOS KRONA;2022-12-01;7541,74
SUL;SANTA CATARINA 02;03 - ACESSORIOS KRONA;2023-01-01;2792,19
SUL;SANTA CATARINA 02;03 - ACESSORIOS KRONA;2023-02-01;7340,81
SUL;SANTA CATARINA 02;03 - ACESSORIOS KRONA;2023-03-01;26165,84
SUL;SANTA CATARINA 02;03 - ACESSORIOS KRONA;2023-04-01;1909,89
SUL;SANTA CATARINA 02;03 - ACESSORIOS KRONA;2023-05-01;2014,98
SUL;SANTA CATARINA 02;03 - ACESSORIOS KRONA;2023-06-01;4425,41
SUL;SANTA CATARINA 02;03 - ACESSORIOS KRONA;2023-07-01;3525,43
SUL;SANTA CATARINA 02;03 - ACESSORIOS KRONA;2023-08-01;8927,69
SUL;SANTA CATARINA 02;03 - ACESSORIOS KRONA;2023-09-01;12864,63
SUL;SANTA CATARINA 02;03 - ACESSORIOS KRONA;2023-10-01;3680,79
SUL;SANTA CATARINA 02;03 - ACESSORIOS KRONA;2023-11-01;3263,68
SUL;SANTA CATARINA 02;03 - ACESSORIOS KRONA;2023-12-01;7982,80
SUL;SANTA CATARINA 02;03 - ACESSORIOS KRONA;2024-01-01;10425,64
SUL;SANTA CATARINA 02;03 - ACESSORIOS KRONA;2024-02-01;2378,99
SUL;SANTA CATARINA 02;03 - ACESSORIOS KRONA;2024-03-01;7545,93
SUL;SANTA CATARINA 02;03 - ACESSORIOS KRONA;2024-04-01;3598,06
SUL;SANTA CATARINA 02;03 - ACESSORIOS KRONA;2024-05-01;7733,04
SUL;SANTA CATARINA 02;03 - ACESSORIOS KRONA;2024-06-01;18458,42
SUL;SANTA CATARINA 02;03 - ACESSORIOS KRONA;2024-07-01;9539,21
SUL;SANTA CATARINA 02;03 - ACESSORIOS KRONA;2024-08-01;1695,26
SUL;SANTA CATARINA 02;03 - ACESSORIOS KRONA;2024-09-01;7209,38
SUL;SANTA CATARINA 02;03 - ACESSORIOS KRONA;2024-10-01;4500,80
SUL;SANTA CATARINA 02;03 - ACESSORIOS KRONA;2024-11-01;3842,91
SUL;SANTA CATARINA 02;03 - ACESSORIOS KRONA;2024-12-01;9238,43
SUL;SANTA CATARINA 02;03 - ACESSORIOS KRONA;2025-01-01;2695,36
SUL;SANTA CATARINA 02;03 - ACESSORIOS KRONA;2025-02-01;1841,05
SUL;SANTA CATARINA 02;03 - ACESSORIOS KRONA;2025-03-01;1617,68
SUL;SANTA CATARINA 02;03 - ACESSORIOS KRONA;2025-04-01;2594,99
SUL;SANTA CATARINA 02;03 - ACESSORIOS KRONA;2025-05-01;2823,58
SUL;SANTA CATARINA 02;03 - ACESSORIOS KRONA;2025-06-01;3785,72
SUL;SANTA CATARINA 02;03 - ACESSORIOS KRONA;2025-07-01;3044,91
SUL;SANTA CATARINA 02;03 - ACESSORIOS KRONA;2025-08-01;2693,18
SUL;SANTA CATARINA 02;03 - ACESSORIOS KRONA;2025-09-01;3112,90
SUL;SANTA CATARINA 02;03 - ACESSORIOS KRONA;2025-10-01;2178,29
SUL;SANTA CATARINA 02;03 - ACESSORIOS KRONA;2025-11-01;4445,02
SUL;SANTA CATARINA 02;03 - ACESSORIOS KRONA;2025-12-01;1788,14
SUL;SANTA CATARINA 02;03 - ACESSORIOS KRONA;2026-01-01;3441,65
SUL;SANTA CATARINA 02;03 - ACESSORIOS KRONA;2026-02-01;3764,14
SUL;SANTA CATARINA 02;03 - ACESSORIOS KRONA;2026-03-01;3879,76
SUL;SANTA CATARINA 02;03 - ACESSORIOS KRONA;2026-04-01;2082,81
SUL;SANTA CATARINA 02;03 - ACESSORIOS KRONA;2026-05-01;3923,58
SUL;SANTA CATARINA 02;03 - ACESSORIOS KRONA;2026-06-01;1394,88
SUL;SANTA CATARINA 02;03 - ACESSORIOS KRONA;2026-07-01;4450,61
SUL;SANTA CATARINA 02;03 - ACESSORIOS KRONA;2026-08-01;3321,05
SUL;SANTA CATARINA 02;04 - PRODUTOS REVENDA;2022-01-01;1547,49
SUL;SANTA CATARINA 02;04 - PRODUTOS REVENDA;2022-02-01;3691,47
SUL;SANTA CATARINA 02;04 - PRODUTOS REVENDA;2022-03-01;7906,23
SUL;SANTA CATARINA 02;04 - PRODUTOS REVENDA;2022-04-01;4095,77
SUL;SANTA CATARINA 02;04 - PRODUTOS REVENDA;2022-05-01;7651,40
SUL;SANTA CATARINA 02;04 - PRODUTOS REVENDA;2022-06-01;4108,52
SUL;SANTA CATARINA 02;04 - PRODUTOS REVENDA;2022-07-01;3086,63
SUL;SANTA CATARINA 02;04 - PRODUTOS REVENDA;2022-08-01;8305,01
SUL;SANTA CATARINA 02;04 - PRODUTOS REVENDA;2022-09-01;5195,88
SUL;SANTA CATARINA 02;04 - PRODUTOS REVENDA;2022-10-01;5937,05
SUL;SANTA CATARINA 02;04 - PRODUTOS REVENDA;2022-11-01;2496,86
SUL;SANTA CATARINA 02;04 - PRODUTOS REVENDA;2022-12-01;9760,16
SUL;SANTA CATARINA 02;04 - PRODUTOS REVENDA;2023-01-01;2937,69
SUL;SANTA CATARINA 02;04 - PRODUTOS REVENDA;2023-02-01;6604,77
SUL;SANTA CATARINA 02;04 - PRODUTOS REVENDA;2023-03-01;9071,59
SUL;SANTA CATARINA 02;04 - PRODUTOS REVENDA;2023-04-01;2569,29
SUL;SANTA CATARINA 02;04 - PRODUTOS REVENDA;2023-05-01;6281,49
SUL;SANTA CATARINA 02;04 - PRODUTOS REVENDA;2023-06-01;7335,02
SUL;SANTA CATARINA 02;04 - PRODUTOS REVENDA;2023-07-01;3404,68
SUL;SANTA CATARINA 02;04 - PRODUTOS REVENDA;2023-08-01;7308,35
SUL;SANTA CATARINA 02;04 - PRODUTOS REVENDA;2023-09-01;8968,54
SUL;SANTA CATARINA 02;04 - PRODUTOS REVENDA;2023-10-01;2528,95
SUL;SANTA CATARINA 02;04 - PRODUTOS REVENDA;2023-11-01;3682,43
SUL;SANTA CATARINA 02;04 - PRODUTOS REVENDA;2023-12-01;9330,98
SUL;SANTA CATARINA 02;04 - PRODUTOS REVENDA;2024-01-01;6683,56
SUL;SANTA CATARINA 02;04 - PRODUTOS REVENDA;2024-02-01;3262,31
SUL;SANTA CATARINA 02;04 - PRODUTOS REVENDA;2024-03-01;6766,99
SUL;SANTA CATARINA 02;04 - PRODUTOS REVENDA;2024-04-01;3876,74
SUL;SANTA CATARINA 02;04 - PRODUTOS REVENDA;2024-05-01;7282,35
SUL;SANTA CATARINA 02;04 - PRODUTOS REVENDA;2024-06-01;13925,23
SUL;SANTA CATARINA 02;04 - PRODUTOS REVENDA;2024-07-01;4816,16
SUL;SANTA CATARINA 02;04 - PRODUTOS REVENDA;2024-08-01;2722,90
SUL;SANTA CATARINA 02;04 - PRODUTOS REVENDA;2024-09-01;6676,58
SUL;SANTA CATARINA 02;04 - PRODUTOS REVENDA;2024-10-01;6975,73
SUL;SANTA CATARINA 02;04 - PRODUTOS REVENDA;2024-11-01;3861,35
SUL;SANTA CATARINA 02;04 - PRODUTOS REVENDA;2024-12-01;6899,93
SUL;SANTA CATARINA 02;04 - PRODUTOS REVENDA;2025-01-01;3005,88
SUL;SANTA CATARINA 02;04 - PRODUTOS REVENDA;2025-02-01;2554,80
SUL;SANTA CATARINA 02;04 - PRODUTOS REVENDA;2025-03-01;3779,65
SUL;SANTA CATARINA 02;04 - PRODUTOS REVENDA;2025-04-01;3500,93
SUL;SANTA CATARINA 02;04 - PRODUTOS REVENDA;2025-05-01;3741,14
SUL;SANTA CATARINA 02;04 - PRODUTOS REVENDA;2025-06-01;5284,90
SUL;SANTA CATARINA 02;04 - PRODUTOS REVENDA;2025-07-01;3744,89
SUL;SANTA CATARINA 02;04 - PRODUTOS REVENDA;2025-08-01;3255,33
SUL;SANTA CATARINA 02;04 - PRODUTOS REVENDA;2025-09-01;3208,52
SUL;SANTA CATARINA 02;04 - PRODUTOS REVENDA;2025-10-01;2991,68
SUL;SANTA CATARINA 02;04 - PRODUTOS REVENDA;2025-11-01;4605,34
SUL;SANTA CATARINA 02;04 - PRODUTOS REVENDA;2025-12-01;3527,42
SUL;SANTA CATARINA 02;04 - PRODUTOS REVENDA;2026-01-01;2676,09
SUL;SANTA CATARINA 02;04 - PRODUTOS REVENDA;2026-02-01;3752,43
SUL;SANTA CATARINA 02;04 - PRODUTOS REVENDA;2026-03-01;5323,30
SUL;SANTA CATARINA 02;04 - PRODUTOS REVENDA;2026-04-01;4050,41
SUL;SANTA CATARINA 02;04 - PRODUTOS REVENDA;2026-05-01;4806,59
SUL;SANTA CATARINA 02;04 - PRODUTOS REVENDA;2026-06-01;2559,32
SUL;SANTA CATARINA 02;04 - PRODUTOS REVENDA;2026-07-01;2818,10
SUL;SANTA CATARINA 02;04 - PRODUTOS REVENDA;2026-08-01;3995,58
SUL;SANTA CATARINA 02;29 - PPR;2022-01-01;370,17
SUL;SANTA CATARINA 02;29 - PPR;2022-02-01;349,96
SUL;SANTA CATARINA 02;29 - PPR;2022-03-01;1087,76
SUL;SANTA CATARINA 02;29 - PPR;2022-04-01;2675,25
SUL;SANTA CATARINA 02;29 - PPR;2022-05-01;716,29
SUL;SANTA CATARINA 02;29 - PPR;2022-06-01;560,40
SUL;SANTA CATARINA 02;29 - PPR;2022-07-01;794,08
SUL;SANTA CATARINA 02;29 - PPR;2022-08-01;1087,58
SUL;SANTA CATARINA 02;29 - PPR;2022-09-01;562,79
SUL;SANTA CATARINA 02;29 - PPR;2022-10-01;663,67
SUL;SANTA CATARINA 02;29 - PPR;2022-11-01;423,21
SUL;SANTA CATARINA 02;29 - PPR;2022-12-01;994,33
SUL;SANTA CATARINA 02;29 - PPR;2023-01-01;163,44
SUL;SANTA CATARINA 02;29 - PPR;2023-02-01;329,73
SUL;SANTA CATARINA 02;29 - PPR;2023-03-01;2549,63
SUL;SANTA CATARINA 02;29 - PPR;2023-04-01;513,59
SUL;SANTA CATARINA 02;29 - PPR;2023-05-01;776,89
SUL;SANTA CATARINA 02;29 - PPR;2023-06-01;1645,93
SUL;SANTA CATARINA 02;29 - PPR;2023-07-01;924,83
SUL;SANTA CATARINA 02;29 - PPR;2023-08-01;1408,81
SUL;SANTA CATARINA 02;29 - PPR;2023-09-01;2134,26
SUL;SANTA CATARINA 02;29 - PPR;2023-10-01;789,67
SUL;SANTA CATARINA 02;29 - PPR;2023-11-01;972,11
SUL;SANTA CATARINA 02;29 - PPR;2023-12-01;2460,90
SUL;SANTA CATARINA 02;29 - PPR;2024-01-01;626,67
SUL;SANTA CATARINA 02;29 - PPR;2024-02-01;461,35
SUL;SANTA CATARINA 02;29 - PPR;2024-03-01;1411,64
SUL;SANTA CATARINA 02;29 - PPR;2024-04-01;719,85
SUL;SANTA CATARINA 02;29 - PPR;2024-05-01;956,65
SUL;SANTA CATARINA 02;29 - PPR;2024-06-01;1704,51
SUL;SANTA CATARINA 02;29 - PPR;2024-07-01;964,16
SUL;SANTA CATARINA 02;29 - PPR;2024-08-01;637,01
SUL;SANTA CATARINA 02;29 - PPR;2024-09-01;2132,14
SUL;SANTA CATARINA 02;29 - PPR;2024-10-01;1013,94
SUL;SANTA CATARINA 02;29 - PPR;2024-11-01;515,53
SUL;SANTA CATARINA 02;29 - PPR;2024-12-01;902,73
SUL;SANTA CATARINA 02;29 - PPR;2025-01-01;562,56
SUL;SANTA CATARINA 02;29 - PPR;2025-02-01;782,58
SUL;SANTA CATARINA 02;29 - PPR;2025-03-01;917,09
SUL;SANTA CATARINA 02;29 - PPR;2025-04-01;505,12
SUL;SANTA CATARINA 02;29 - PPR;2025-05-01;1089,97
SUL;SANTA CATARINA 02;29 - PPR;2025-06-01;861,30
SUL;SANTA CATARINA 02;29 - PPR;2025-07-01;831,50
SUL;SANTA CATARINA 02;29 - PPR;2025-08-01;681,70
SUL;SANTA CATARINA 02;29 - PPR;2025-09-01;1283,32
SUL;SANTA CATARINA 02;29 - PPR;2025-10-01;923,33
SUL;SANTA CATARINA 02;29 - PPR;2025-11-01;663,53
SUL;SANTA CATARINA 02;29 - PPR;2025-12-01;757,51
SUL;SANTA CATARINA 02;29 - PPR;2026-01-01;438,15
SUL;SANTA CATARINA 02;29 - PPR;2026-02-01;738,03
SUL;SANTA CATARINA 02;29 - PPR;2026-03-01;928,28
SUL;SANTA CATARINA 02;29 - PPR;2026-04-01;1713,52
SUL;SANTA CATARINA 02;29 - PPR;2026-05-01;1774,02
SUL;SANTA CATARINA 02;29 - PPR;2026-06-01;380,52
SUL;SANTA CATARINA 02;29 - PPR;2026-07-01;503,18
SUL;SANTA CATARINA 02;29 - PPR;2026-08-01;488,56
SUL;SANTA CATARINA 02;30 - ELETRODUTOS CORRUGADOS KRONA;2022-01-01;3690,12
SUL;SANTA CATARINA 02;30 - ELETRODUTOS CORRUGADOS KRONA;2022-02-01;12676,15
SUL;SANTA CATARINA 02;30 - ELETRODUTOS CORRUGADOS KRONA;2022-03-01;22680,06
SUL;SANTA CATARINA 02;30 - ELETRODUTOS CORRUGADOS KRONA;2022-04-01;41340,44
SUL;SANTA CATARINA 02;30 - ELETRODUTOS CORRUGADOS KRONA;2022-05-01;13068,15
SUL;SANTA CATARINA 02;30 - ELETRODUTOS CORRUGADOS KRONA;2022-06-01;12927,44
SUL;SANTA CATARINA 02;30 - ELETRODUTOS CORRUGADOS KRONA;2022-07-01;9195,39
SUL;SANTA CATARINA 02;30 - ELETRODUTOS CORRUGADOS KRONA;2022-08-01;42205,94
SUL;SANTA CATARINA 02;30 - ELETRODUTOS CORRUGADOS KRONA;2022-09-01;16746,38
SUL;SANTA CATARINA 02;30 - ELETRODUTOS CORRUGADOS KRONA;2022-10-01;20431,08
SUL;SANTA CATARINA 02;30 - ELETRODUTOS CORRUGADOS KRONA;2022-11-01;9016,80
SUL;SANTA CATARINA 02;30 - ELETRODUTOS CORRUGADOS KRONA;2022-12-01;18020,60
SUL;SANTA CATARINA 02;30 - ELETRODUTOS CORRUGADOS KRONA;2023-01-01;3944,80
SUL;SANTA CATARINA 02;30 - ELETRODUTOS CORRUGADOS KRONA;2023-02-01;9900,06
SUL;SANTA CATARINA 02;30 - ELETRODUTOS CORRUGADOS KRONA;2023-03-01;27442,27
SUL;SANTA CATARINA 02;30 - ELETRODUTOS CORRUGADOS KRONA;2023-04-01;10113,00
SUL;SANTA CATARINA 02;30 - ELETRODUTOS CORRUGADOS KRONA;2023-05-01;10968,20
SUL;SANTA CATARINA 02;30 - ELETRODUTOS CORRUGADOS KRONA;2023-06-01;17724,64
SUL;SANTA CATARINA 02;30 - ELETRODUTOS CORRUGADOS KRONA;2023-07-01;17183,68
SUL;SANTA CATARINA 02;30 - ELETRODUTOS CORRUGADOS KRONA;2023-08-01;21781,12
SUL;SANTA CATARINA 02;30 - ELETRODUTOS CORRUGADOS KRONA;2023-09-01;25839,15
SUL;SANTA CATARINA 02;30 - ELETRODUTOS CORRUGADOS KRONA;2023-10-01;11477,77
SUL;SANTA CATARINA 02;30 - ELETRODUTOS CORRUGADOS KRONA;2023-11-01;5777,25
SUL;SANTA CATARINA 02;30 - ELETRODUTOS CORRUGADOS KRONA;2023-12-01;14464,36
SUL;SANTA CATARINA 02;30 - ELETRODUTOS CORRUGADOS KRONA;2024-01-01;8805,98
SUL;SANTA CATARINA 02;30 - ELETRODUTOS CORRUGADOS KRONA;2024-02-01;7914,32
SUL;SANTA CATARINA 02;30 - ELETRODUTOS CORRUGADOS KRONA;2024-03-01;17321,92
SUL;SANTA CATARINA 02;30 - ELETRODUTOS CORRUGADOS KRONA;2024-04-01;16813,54
SUL;SANTA CATARINA 02;30 - ELETRODUTOS CORRUGADOS KRONA;2024-05-01;19368,40
SUL;SANTA CATARINA 02;30 - ELETRODUTOS CORRUGADOS KRONA;2024-06-01;42053,95
SUL;SANTA CATARINA 02;30 - ELETRODUTOS CORRUGADOS KRONA;2024-07-01;25527,42
SUL;SANTA CATARINA 02;30 - ELETRODUTOS CORRUGADOS KRONA;2024-08-01;7235,01
SUL;SANTA CATARINA 02;30 - ELETRODUTOS CORRUGADOS KRONA;2024-09-01;24064,64
SUL;SANTA CATARINA 02;30 - ELETRODUTOS CORRUGADOS KRONA;2024-10-01;18915,87
SUL;SANTA CATARINA 02;30 - ELETRODUTOS CORRUGADOS KRONA;2024-11-01;13966,80
SUL;SANTA CATARINA 02;30 - ELETRODUTOS CORRUGADOS KRONA;2024-12-01;12942,75
SUL;SANTA CATARINA 02;30 - ELETRODUTOS CORRUGADOS KRONA;2025-01-01;5354,94
SUL;SANTA CATARINA 02;30 - ELETRODUTOS CORRUGADOS KRONA;2025-02-01;13091,76
SUL;SANTA CATARINA 02;30 - ELETRODUTOS CORRUGADOS KRONA;2025-03-01;10204,65
SUL;SANTA CATARINA 02;30 - ELETRODUTOS CORRUGADOS KRONA;2025-04-01;11490,14
SUL;SANTA CATARINA 02;30 - ELETRODUTOS CORRUGADOS KRONA;2025-05-01;11581,83
SUL;SANTA CATARINA 02;30 - ELETRODUTOS CORRUGADOS KRONA;2025-06-01;15171,53
SUL;SANTA CATARINA 02;30 - ELETRODUTOS CORRUGADOS KRONA;2025-07-01;13409,24
SUL;SANTA CATARINA 02;30 - ELETRODUTOS CORRUGADOS KRONA;2025-08-01;11874,71
SUL;SANTA CATARINA 02;30 - ELETRODUTOS CORRUGADOS KRONA;2025-09-01;18096,22
SUL;SANTA CATARINA 02;30 - ELETRODUTOS CORRUGADOS KRONA;2025-10-01;14374,19
SUL;SANTA CATARINA 02;30 - ELETRODUTOS CORRUGADOS KRONA;2025-11-01;15353,83
SUL;SANTA CATARINA 02;30 - ELETRODUTOS CORRUGADOS KRONA;2025-12-01;14634,03
SUL;SANTA CATARINA 02;30 - ELETRODUTOS CORRUGADOS KRONA;2026-01-01;5308,27
SUL;SANTA CATARINA 02;30 - ELETRODUTOS CORRUGADOS KRONA;2026-02-01;13216,54
SUL;SANTA CATARINA 02;30 - ELETRODUTOS CORRUGADOS KRONA;2026-03-01;18391,22
SUL;SANTA CATARINA 02;30 - ELETRODUTOS CORRUGADOS KRONA;2026-04-01;18178,96
SUL;SANTA CATARINA 02;30 - ELETRODUTOS CORRUGADOS KRONA;2026-05-01;18573,37
SUL;SANTA CATARINA 02;30 - ELETRODUTOS CORRUGADOS KRONA;2026-06-01;11623,94
SUL;SANTA CATARINA 02;30 - ELETRODUTOS CORRUGADOS KRONA;2026-07-01;8177,06
SUL;SANTA CATARINA 02;30 - ELETRODUTOS CORRUGADOS KRONA;2026-08-01;17176,22
SUL;SANTA CATARINA 02;31 - CPVC ULTRATERM;2022-01-01;221,09
SUL;SANTA CATARINA 02;31 - CPVC ULTRATERM;2022-02-01;624,84
SUL;SANTA CATARINA 02;31 - CPVC ULTRATERM;2022-03-01;1719,91
SUL;SANTA CATARINA 02;31 - CPVC ULTRATERM;2022-04-01;3255,65
SUL;SANTA CATARINA 02;31 - CPVC ULTRATERM;2022-05-01;1334,67
SUL;SANTA CATARINA 02;31 - CPVC ULTRATERM;2022-06-01;1340,92
SUL;SANTA CATARINA 02;31 - CPVC ULTRATERM;2022-07-01;826,80
SUL;SANTA CATARINA 02;31 - CPVC ULTRATERM;2022-08-01;3058,85
SUL;SANTA CATARINA 02;31 - CPVC ULTRATERM;2022-09-01;1300,00
SUL;SANTA CATARINA 02;31 - CPVC ULTRATERM;2022-10-01;3674,49
SUL;SANTA CATARINA 02;31 - CPVC ULTRATERM;2022-11-01;930,48
SUL;SANTA CATARINA 02;31 - CPVC ULTRATERM;2022-12-01;2918,63
SUL;SANTA CATARINA 02;31 - CPVC ULTRATERM;2023-01-01;454,35
SUL;SANTA CATARINA 02;31 - CPVC ULTRATERM;2023-02-01;2114,13
SUL;SANTA CATARINA 02;31 - CPVC ULTRATERM;2023-03-01;3572,76
SUL;SANTA CATARINA 02;31 - CPVC ULTRATERM;2023-04-01;965,08
SUL;SANTA CATARINA 02;31 - CPVC ULTRATERM;2023-05-01;1674,20
SUL;SANTA CATARINA 02;31 - CPVC ULTRATERM;2023-06-01;4021,31
SUL;SANTA CATARINA 02;31 - CPVC ULTRATERM;2023-07-01;2441,88
SUL;SANTA CATARINA 02;31 - CPVC ULTRATERM;2023-08-01;1711,54
SUL;SANTA CATARINA 02;31 - CPVC ULTRATERM;2023-09-01;3340,56
SUL;SANTA CATARINA 02;31 - CPVC ULTRATERM;2023-10-01;690,02
SUL;SANTA CATARINA 02;31 - CPVC ULTRATERM;2023-11-01;1657,34
SUL;SANTA CATARINA 02;31 - CPVC ULTRATERM;2023-12-01;2377,98
SUL;SANTA CATARINA 02;31 - CPVC ULTRATERM;2024-01-01;738,72
SUL;SANTA CATARINA 02;31 - CPVC ULTRATERM;2024-02-01;719,30
SUL;SANTA CATARINA 02;31 - CPVC ULTRATERM;2024-03-01;1989,88
SUL;SANTA CATARINA 02;31 - CPVC ULTRATERM;2024-04-01;905,93
SUL;SANTA CATARINA 02;31 - CPVC ULTRATERM;2024-05-01;3476,91
SUL;SANTA CATARINA 02;31 - CPVC ULTRATERM;2024-06-01;3384,64
SUL;SANTA CATARINA 02;31 - CPVC ULTRATERM;2024-07-01;1806,68
SUL;SANTA CATARINA 02;31 - CPVC ULTRATERM;2024-08-01;489,70
SUL;SANTA CATARINA 02;31 - CPVC ULTRATERM;2024-09-01;1723,47
SUL;SANTA CATARINA 02;31 - CPVC ULTRATERM;2024-10-01;2181,50
SUL;SANTA CATARINA 02;31 - CPVC ULTRATERM;2024-11-01;1683,35
SUL;SANTA CATARINA 02;31 - CPVC ULTRATERM;2024-12-01;1321,61
SUL;SANTA CATARINA 02;31 - CPVC ULTRATERM;2025-01-01;812,14
SUL;SANTA CATARINA 02;31 - CPVC ULTRATERM;2025-02-01;2314,92
SUL;SANTA CATARINA 02;31 - CPVC ULTRATERM;2025-03-01;2337,09
SUL;SANTA CATARINA 02;31 - CPVC ULTRATERM;2025-04-01;1521,00
SUL;SANTA CATARINA 02;31 - CPVC ULTRATERM;2025-05-01;2909,51
SUL;SANTA CATARINA 02;31 - CPVC ULTRATERM;2025-06-01;2577,14
SUL;SANTA CATARINA 02;31 - CPVC ULTRATERM;2025-07-01;1299,69
SUL;SANTA CATARINA 02;31 - CPVC ULTRATERM;2025-08-01;1603,13
SUL;SANTA CATARINA 02;31 - CPVC ULTRATERM;2025-09-01;2682,91
SUL;SANTA CATARINA 02;31 - CPVC ULTRATERM;2025-10-01;1452,13
SUL;SANTA CATARINA 02;31 - CPVC ULTRATERM;2025-11-01;2071,45
SUL;SANTA CATARINA 02;31 - CPVC ULTRATERM;2025-12-01;1877,07
SUL;SANTA CATARINA 02;31 - CPVC ULTRATERM;2026-01-01;1408,13
SUL;SANTA CATARINA 02;31 - CPVC ULTRATERM;2026-02-01;1134,46
SUL;SANTA CATARINA 02;31 - CPVC ULTRATERM;2026-03-01;2287,79
SUL;SANTA CATARINA 02;31 - CPVC ULTRATERM;2026-04-01;2016,92
SUL;SANTA CATARINA 02;31 - CPVC ULTRATERM;2026-05-01;1915,48
SUL;SANTA CATARINA 02;31 - CPVC ULTRATERM;2026-06-01;1229,43
SUL;SANTA CATARINA 02;31 - CPVC ULTRATERM;2026-07-01;1719,48
SUL;SANTA CATARINA 02;31 - CPVC ULTRATERM;2026-08-01;1390,37
TELEVENDAS;TELEVENDAS;00 - TUBOS PVC KRONA;2022-01-01;37780,01
TELEVENDAS;TELEVENDAS;00 - TUBOS PVC KRONA;2022-02-01;76055,56
TELEVENDAS;TELEVENDAS;00 - TUBOS PVC KRONA;2022-03-01;114123,56
TELEVENDAS;TELEVENDAS;00 - TUBOS PVC KRONA;2022-04-01;112099,34
TELEVENDAS;TELEVENDAS;00 - TUBOS PVC KRONA;2022-05-01;106163,73
TELEVENDAS;TELEVENDAS;00 - TUBOS PVC KRONA;2022-06-01;103544,46
TELEVENDAS;TELEVENDAS;00 - TUBOS PVC KRONA;2022-07-01;119316,63
TELEVENDAS;TELEVENDAS;00 - TUBOS PVC KRONA;2022-08-01;105409,20
TELEVENDAS;TELEVENDAS;00 - TUBOS PVC KRONA;2022-09-01;137631,14
TELEVENDAS;TELEVENDAS;00 - TUBOS PVC KRONA;2022-10-01;128456,34
TELEVENDAS;TELEVENDAS;00 - TUBOS PVC KRONA;2022-11-01;104364,16
TELEVENDAS;TELEVENDAS;00 - TUBOS PVC KRONA;2022-12-01;116050,17
TELEVENDAS;TELEVENDAS;00 - TUBOS PVC KRONA;2023-01-01;44397,96
TELEVENDAS;TELEVENDAS;00 - TUBOS PVC KRONA;2023-02-01;89865,73
TELEVENDAS;TELEVENDAS;00 - TUBOS PVC KRONA;2023-03-01;178582,12
TELEVENDAS;TELEVENDAS;00 - TUBOS PVC KRONA;2023-04-01;85162,75
TELEVENDAS;TELEVENDAS;00 - TUBOS PVC KRONA;2023-05-01;115102,91
TELEVENDAS;TELEVENDAS;00 - TUBOS PVC KRONA;2023-06-01;130732,37
TELEVENDAS;TELEVENDAS;00 - TUBOS PVC KRONA;2023-07-01;116475,33
TELEVENDAS;TELEVENDAS;00 - TUBOS PVC KRONA;2023-08-01;145709,45
TELEVENDAS;TELEVENDAS;00 - TUBOS PVC KRONA;2023-09-01;140940,34
TELEVENDAS;TELEVENDAS;00 - TUBOS PVC KRONA;2023-10-01;95999,03
TELEVENDAS;TELEVENDAS;00 - TUBOS PVC KRONA;2023-11-01;105714,19
TELEVENDAS;TELEVENDAS;00 - TUBOS PVC KRONA;2023-12-01;114873,01
TELEVENDAS;TELEVENDAS;00 - TUBOS PVC KRONA;2024-01-01;59648,35
TELEVENDAS;TELEVENDAS;00 - TUBOS PVC KRONA;2024-02-01;92275,23
TELEVENDAS;TELEVENDAS;00 - TUBOS PVC KRONA;2024-03-01;83570,66
TELEVENDAS;TELEVENDAS;00 - TUBOS PVC KRONA;2024-04-01;84604,66
TELEVENDAS;TELEVENDAS;00 - TUBOS PVC KRONA;2024-05-01;84726,96
TELEVENDAS;TELEVENDAS;00 - TUBOS PVC KRONA;2024-06-01;111485,93
TELEVENDAS;TELEVENDAS;00 - TUBOS PVC KRONA;2024-07-01;81238,37
TELEVENDAS;TELEVENDAS;00 - TUBOS PVC KRONA;2024-08-01;50769,44
TELEVENDAS;TELEVENDAS;00 - TUBOS PVC KRONA;2024-09-01;122043,12
TELEVENDAS;TELEVENDAS;00 - TUBOS PVC KRONA;2024-10-01;102479,65
TELEVENDAS;TELEVENDAS;00 - TUBOS PVC KRONA;2024-11-01;71411,87
TELEVENDAS;TELEVENDAS;00 - TUBOS PVC KRONA;2024-12-01;97160,82
TELEVENDAS;TELEVENDAS;00 - TUBOS PVC KRONA;2025-01-01;63842,52
TELEVENDAS;TELEVENDAS;00 - TUBOS PVC KRONA;2025-02-01;87729,70
TELEVENDAS;TELEVENDAS;00 - TUBOS PVC KRONA;2025-03-01;58573,52
TELEVENDAS;TELEVENDAS;00 - TUBOS PVC KRONA;2025-04-01;68483,80
TELEVENDAS;TELEVENDAS;00 - TUBOS PVC KRONA;2025-05-01;81190,83
TELEVENDAS;TELEVENDAS;00 - TUBOS PVC KRONA;2025-06-01;133107,86
TELEVENDAS;TELEVENDAS;00 - TUBOS PVC KRONA;2025-07-01;82648,08
TELEVENDAS;TELEVENDAS;00 - TUBOS PVC KRONA;2025-08-01;62706,66
TELEVENDAS;TELEVENDAS;00 - TUBOS PVC KRONA;2025-09-01;68349,04
TELEVENDAS;TELEVENDAS;00 - TUBOS PVC KRONA;2025-10-01;66693,79
TELEVENDAS;TELEVENDAS;00 - TUBOS PVC KRONA;2025-11-01;72686,27
TELEVENDAS;TELEVENDAS;00 - TUBOS PVC KRONA;2025-12-01;83019,28
TELEVENDAS;TELEVENDAS;00 - TUBOS PVC KRONA;2026-01-01;55112,11
TELEVENDAS;TELEVENDAS;00 - TUBOS PVC KRONA;2026-02-01;86445,91
TELEVENDAS;TELEVENDAS;00 - TUBOS PVC KRONA;2026-03-01;92769,27
TELEVENDAS;TELEVENDAS;00 - TUBOS PVC KRONA;2026-04-01;120628,46
TELEVENDAS;TELEVENDAS;00 - TUBOS PVC KRONA;2026-05-01;93958,07
TELEVENDAS;TELEVENDAS;00 - TUBOS PVC KRONA;2026-06-01;62217,31
TELEVENDAS;TELEVENDAS;00 - TUBOS PVC KRONA;2026-07-01;80371,72
TELEVENDAS;TELEVENDAS;00 - TUBOS PVC KRONA;2026-08-01;103761,83
TELEVENDAS;TELEVENDAS;01 - TUBOS ELETRODUTOS KRONA;2022-01-01;1056,71
TELEVENDAS;TELEVENDAS;01 - TUBOS ELETRODUTOS KRONA;2022-02-01;2872,94
TELEVENDAS;TELEVENDAS;01 - TUBOS ELETRODUTOS KRONA;2022-03-01;1939,50
TELEVENDAS;TELEVENDAS;01 - TUBOS ELETRODUTOS KRONA;2022-04-01;1291,76
TELEVENDAS;TELEVENDAS;01 - TUBOS ELETRODUTOS KRONA;2022-05-01;3369,50
TELEVENDAS;TELEVENDAS;01 - TUBOS ELETRODUTOS KRONA;2022-06-01;3284,07
TELEVENDAS;TELEVENDAS;01 - TUBOS ELETRODUTOS KRONA;2022-07-01;2787,07
TELEVENDAS;TELEVENDAS;01 - TUBOS ELETRODUTOS KRONA;2022-08-01;2936,66
TELEVENDAS;TELEVENDAS;01 - TUBOS ELETRODUTOS KRONA;2022-09-01;1986,32
TELEVENDAS;TELEVENDAS;01 - TUBOS ELETRODUTOS KRONA;2022-10-01;1936,37
TELEVENDAS;TELEVENDAS;01 - TUBOS ELETRODUTOS KRONA;2022-11-01;3550,33
TELEVENDAS;TELEVENDAS;01 - TUBOS ELETRODUTOS KRONA;2022-12-01;2597,42
TELEVENDAS;TELEVENDAS;01 - TUBOS ELETRODUTOS KRONA;2023-01-01;3934,80
TELEVENDAS;TELEVENDAS;01 - TUBOS ELETRODUTOS KRONA;2023-02-01;2208,74
TELEVENDAS;TELEVENDAS;01 - TUBOS ELETRODUTOS KRONA;2023-03-01;3630,32
TELEVENDAS;TELEVENDAS;01 - TUBOS ELETRODUTOS KRONA;2023-04-01;2913,24
TELEVENDAS;TELEVENDAS;01 - TUBOS ELETRODUTOS KRONA;2023-05-01;2418,16
TELEVENDAS;TELEVENDAS;01 - TUBOS ELETRODUTOS KRONA;2023-06-01;3212,95
TELEVENDAS;TELEVENDAS;01 - TUBOS ELETRODUTOS KRONA;2023-07-01;2875,45
TELEVENDAS;TELEVENDAS;01 - TUBOS ELETRODUTOS KRONA;2023-08-01;4365,30
TELEVENDAS;TELEVENDAS;01 - TUBOS ELETRODUTOS KRONA;2023-09-01;3210,97
TELEVENDAS;TELEVENDAS;01 - TUBOS ELETRODUTOS KRONA;2023-10-01;3588,82
TELEVENDAS;TELEVENDAS;01 - TUBOS ELETRODUTOS KRONA;2023-11-01;1879,24
TELEVENDAS;TELEVENDAS;01 - TUBOS ELETRODUTOS KRONA;2023-12-01;2536,66
TELEVENDAS;TELEVENDAS;01 - TUBOS ELETRODUTOS KRONA;2024-01-01;1231,11
TELEVENDAS;TELEVENDAS;01 - TUBOS ELETRODUTOS KRONA;2024-02-01;2749,80
TELEVENDAS;TELEVENDAS;01 - TUBOS ELETRODUTOS KRONA;2024-03-01;1900,42
TELEVENDAS;TELEVENDAS;01 - TUBOS ELETRODUTOS KRONA;2024-04-01;1388,52
TELEVENDAS;TELEVENDAS;01 - TUBOS ELETRODUTOS KRONA;2024-05-01;3053,11
TELEVENDAS;TELEVENDAS;01 - TUBOS ELETRODUTOS KRONA;2024-06-01;3218,55
TELEVENDAS;TELEVENDAS;01 - TUBOS ELETRODUTOS KRONA;2024-07-01;3182,10
TELEVENDAS;TELEVENDAS;01 - TUBOS ELETRODUTOS KRONA;2024-08-01;2294,43
TELEVENDAS;TELEVENDAS;01 - TUBOS ELETRODUTOS KRONA;2024-09-01;1738,30
TELEVENDAS;TELEVENDAS;01 - TUBOS ELETRODUTOS KRONA;2024-10-01;2563,84
TELEVENDAS;TELEVENDAS;01 - TUBOS ELETRODUTOS KRONA;2024-11-01;1575,72
TELEVENDAS;TELEVENDAS;01 - TUBOS ELETRODUTOS KRONA;2024-12-01;1480,08
TELEVENDAS;TELEVENDAS;01 - TUBOS ELETRODUTOS KRONA;2025-01-01;1506,63
TELEVENDAS;TELEVENDAS;01 - TUBOS ELETRODUTOS KRONA;2025-02-01;1322,16
TELEVENDAS;TELEVENDAS;01 - TUBOS ELETRODUTOS KRONA;2025-03-01;1778,83
TELEVENDAS;TELEVENDAS;01 - TUBOS ELETRODUTOS KRONA;2025-04-01;2764,88
TELEVENDAS;TELEVENDAS;01 - TUBOS ELETRODUTOS KRONA;2025-05-01;2437,67
TELEVENDAS;TELEVENDAS;01 - TUBOS ELETRODUTOS KRONA;2025-06-01;6559,68
TELEVENDAS;TELEVENDAS;01 - TUBOS ELETRODUTOS KRONA;2025-07-01;1950,67
TELEVENDAS;TELEVENDAS;01 - TUBOS ELETRODUTOS KRONA;2025-08-01;1285,26
TELEVENDAS;TELEVENDAS;01 - TUBOS ELETRODUTOS KRONA;2025-09-01;2569,98
TELEVENDAS;TELEVENDAS;01 - TUBOS ELETRODUTOS KRONA;2025-10-01;2032,32
TELEVENDAS;TELEVENDAS;01 - TUBOS ELETRODUTOS KRONA;2025-11-01;2164,18
TELEVENDAS;TELEVENDAS;01 - TUBOS ELETRODUTOS KRONA;2025-12-01;2655,55
TELEVENDAS;TELEVENDAS;01 - TUBOS ELETRODUTOS KRONA;2026-01-01;1507,24
TELEVENDAS;TELEVENDAS;01 - TUBOS ELETRODUTOS KRONA;2026-02-01;1720,50
TELEVENDAS;TELEVENDAS;01 - TUBOS ELETRODUTOS KRONA;2026-03-01;3323,61
TELEVENDAS;TELEVENDAS;01 - TUBOS ELETRODUTOS KRONA;2026-04-01;2827,09
TELEVENDAS;TELEVENDAS;01 - TUBOS ELETRODUTOS KRONA;2026-05-01;1510,09
TELEVENDAS;TELEVENDAS;01 - TUBOS ELETRODUTOS KRONA;2026-06-01;1073,25
TELEVENDAS;TELEVENDAS;01 - TUBOS ELETRODUTOS KRONA;2026-07-01;1629,47
TELEVENDAS;TELEVENDAS;01 - TUBOS ELETRODUTOS KRONA;2026-08-01;1694,21
TELEVENDAS;TELEVENDAS;02 - CONEXOES KRONA;2022-01-01;10432,88
TELEVENDAS;TELEVENDAS;02 - CONEXOES KRONA;2022-02-01;23192,13
TELEVENDAS;TELEVENDAS;02 - CONEXOES KRONA;2022-03-01;26401,68
TELEVENDAS;TELEVENDAS;02 - CONEXOES KRONA;2022-04-01;28711,06
TELEVENDAS;TELEVENDAS;02 - CONEXOES KRONA;2022-05-01;29708,62
TELEVENDAS;TELEVENDAS;02 - CONEXOES KRONA;2022-06-01;25791,78
TELEVENDAS;TELEVENDAS;02 - CONEXOES KRONA;2022-07-01;31419,02
TELEVENDAS;TELEVENDAS;02 - CONEXOES KRONA;2022-08-01;27575,69
TELEVENDAS;TELEVENDAS;02 - CONEXOES KRONA;2022-09-01;33770,39
TELEVENDAS;TELEVENDAS;02 - CONEXOES KRONA;2022-10-01;29749,86
TELEVENDAS;TELEVENDAS;02 - CONEXOES KRONA;2022-11-01;28711,29
TELEVENDAS;TELEVENDAS;02 - CONEXOES KRONA;2022-12-01;32058,23
TELEVENDAS;TELEVENDAS;02 - CONEXOES KRONA;2023-01-01;13133,50
TELEVENDAS;TELEVENDAS;02 - CONEXOES KRONA;2023-02-01;27110,01
TELEVENDAS;TELEVENDAS;02 - CONEXOES KRONA;2023-03-01;44686,23
TELEVENDAS;TELEVENDAS;02 - CONEXOES KRONA;2023-04-01;25336,45
TELEVENDAS;TELEVENDAS;02 - CONEXOES KRONA;2023-05-01;29810,94
TELEVENDAS;TELEVENDAS;02 - CONEXOES KRONA;2023-06-01;32773,63
TELEVENDAS;TELEVENDAS;02 - CONEXOES KRONA;2023-07-01;35465,38
TELEVENDAS;TELEVENDAS;02 - CONEXOES KRONA;2023-08-01;42066,16
TELEVENDAS;TELEVENDAS;02 - CONEXOES KRONA;2023-09-01;42303,61
TELEVENDAS;TELEVENDAS;02 - CONEXOES KRONA;2023-10-01;23319,65
TELEVENDAS;TELEVENDAS;02 - CONEXOES KRONA;2023-11-01;29383,81
TELEVENDAS;TELEVENDAS;02 - CONEXOES KRONA;2023-12-01;35566,73
TELEVENDAS;TELEVENDAS;02 - CONEXOES KRONA;2024-01-01;18395,88
TELEVENDAS;TELEVENDAS;02 - CONEXOES KRONA;2024-02-01;26343,41
TELEVENDAS;TELEVENDAS;02 - CONEXOES KRONA;2024-03-01;28137,96
TELEVENDAS;TELEVENDAS;02 - CONEXOES KRONA;2024-04-01;24445,98
TELEVENDAS;TELEVENDAS;02 - CONEXOES KRONA;2024-05-01;24946,36
TELEVENDAS;TELEVENDAS;02 - CONEXOES KRONA;2024-06-01;40018,72
TELEVENDAS;TELEVENDAS;02 - CONEXOES KRONA;2024-07-01;27589,26
TELEVENDAS;TELEVENDAS;02 - CONEXOES KRONA;2024-08-01;17221,96
TELEVENDAS;TELEVENDAS;02 - CONEXOES KRONA;2024-09-01;36638,15
TELEVENDAS;TELEVENDAS;02 - CONEXOES KRONA;2024-10-01;31050,01
TELEVENDAS;TELEVENDAS;02 - CONEXOES KRONA;2024-11-01;27045,35
TELEVENDAS;TELEVENDAS;02 - CONEXOES KRONA;2024-12-01;31064,74
TELEVENDAS;TELEVENDAS;02 - CONEXOES KRONA;2025-01-01;17958,07
TELEVENDAS;TELEVENDAS;02 - CONEXOES KRONA;2025-02-01;27123,52
TELEVENDAS;TELEVENDAS;02 - CONEXOES KRONA;2025-03-01;19895,22
TELEVENDAS;TELEVENDAS;02 - CONEXOES KRONA;2025-04-01;20024,17
TELEVENDAS;TELEVENDAS;02 - CONEXOES KRONA;2025-05-01;29934,89
TELEVENDAS;TELEVENDAS;02 - CONEXOES KRONA;2025-06-01;40973,02
TELEVENDAS;TELEVENDAS;02 - CONEXOES KRONA;2025-07-01;25021,91
TELEVENDAS;TELEVENDAS;02 - CONEXOES KRONA;2025-08-01;22453,37
TELEVENDAS;TELEVENDAS;02 - CONEXOES KRONA;2025-09-01;21882,81
TELEVENDAS;TELEVENDAS;02 - CONEXOES KRONA;2025-10-01;23487,61
TELEVENDAS;TELEVENDAS;02 - CONEXOES KRONA;2025-11-01;23451,74
TELEVENDAS;TELEVENDAS;02 - CONEXOES KRONA;2025-12-01;33295,22
TELEVENDAS;TELEVENDAS;02 - CONEXOES KRONA;2026-01-01;19785,07
TELEVENDAS;TELEVENDAS;02 - CONEXOES KRONA;2026-02-01;26341,13
TELEVENDAS;TELEVENDAS;02 - CONEXOES KRONA;2026-03-01;28504,02
TELEVENDAS;TELEVENDAS;02 - CONEXOES KRONA;2026-04-01;29967,79
TELEVENDAS;TELEVENDAS;02 - CONEXOES KRONA;2026-05-01;29181,59
TELEVENDAS;TELEVENDAS;02 - CONEXOES KRONA;2026-06-01;23268,39
TELEVENDAS;TELEVENDAS;02 - CONEXOES KRONA;2026-07-01;23777,20
TELEVENDAS;TELEVENDAS;02 - CONEXOES KRONA;2026-08-01;28499,75
TELEVENDAS;TELEVENDAS;03 - ACESSORIOS KRONA;2022-01-01;1109,29
TELEVENDAS;TELEVENDAS;03 - ACESSORIOS KRONA;2022-02-01;2484,01
TELEVENDAS;TELEVENDAS;03 - ACESSORIOS KRONA;2022-03-01;3085,54
TELEVENDAS;TELEVENDAS;03 - ACESSORIOS KRONA;2022-04-01;5116,87
TELEVENDAS;TELEVENDAS;03 - ACESSORIOS KRONA;2022-05-01;2754,77
TELEVENDAS;TELEVENDAS;03 - ACESSORIOS KRONA;2022-06-01;2699,74
TELEVENDAS;TELEVENDAS;03 - ACESSORIOS KRONA;2022-07-01;3246,39
TELEVENDAS;TELEVENDAS;03 - ACESSORIOS KRONA;2022-08-01;3379,30
TELEVENDAS;TELEVENDAS;03 - ACESSORIOS KRONA;2022-09-01;5743,14
TELEVENDAS;TELEVENDAS;03 - ACESSORIOS KRONA;2022-10-01;3437,68
TELEVENDAS;TELEVENDAS;03 - ACESSORIOS KRONA;2022-11-01;4923,05
TELEVENDAS;TELEVENDAS;03 - ACESSORIOS KRONA;2022-12-01;4337,10
TELEVENDAS;TELEVENDAS;03 - ACESSORIOS KRONA;2023-01-01;1505,58
TELEVENDAS;TELEVENDAS;03 - ACESSORIOS KRONA;2023-02-01;6363,85
TELEVENDAS;TELEVENDAS;03 - ACESSORIOS KRONA;2023-03-01;6170,48
TELEVENDAS;TELEVENDAS;03 - ACESSORIOS KRONA;2023-04-01;2111,44
TELEVENDAS;TELEVENDAS;03 - ACESSORIOS KRONA;2023-05-01;3607,12
TELEVENDAS;TELEVENDAS;03 - ACESSORIOS KRONA;2023-06-01;4525,54
TELEVENDAS;TELEVENDAS;03 - ACESSORIOS KRONA;2023-07-01;4075,51
TELEVENDAS;TELEVENDAS;03 - ACESSORIOS KRONA;2023-08-01;4119,60
TELEVENDAS;TELEVENDAS;03 - ACESSORIOS KRONA;2023-09-01;4514,03
TELEVENDAS;TELEVENDAS;03 - ACESSORIOS KRONA;2023-10-01;2331,39
TELEVENDAS;TELEVENDAS;03 - ACESSORIOS KRONA;2023-11-01;2933,51
TELEVENDAS;TELEVENDAS;03 - ACESSORIOS KRONA;2023-12-01;3505,16
TELEVENDAS;TELEVENDAS;03 - ACESSORIOS KRONA;2024-01-01;1990,54
TELEVENDAS;TELEVENDAS;03 - ACESSORIOS KRONA;2024-02-01;3333,08
TELEVENDAS;TELEVENDAS;03 - ACESSORIOS KRONA;2024-03-01;3369,06
TELEVENDAS;TELEVENDAS;03 - ACESSORIOS KRONA;2024-04-01;3159,37
TELEVENDAS;TELEVENDAS;03 - ACESSORIOS KRONA;2024-05-01;2712,95
TELEVENDAS;TELEVENDAS;03 - ACESSORIOS KRONA;2024-06-01;4293,38
TELEVENDAS;TELEVENDAS;03 - ACESSORIOS KRONA;2024-07-01;3674,92
TELEVENDAS;TELEVENDAS;03 - ACESSORIOS KRONA;2024-08-01;1726,22
TELEVENDAS;TELEVENDAS;03 - ACESSORIOS KRONA;2024-09-01;4296,47
TELEVENDAS;TELEVENDAS;03 - ACESSORIOS KRONA;2024-10-01;2760,47
TELEVENDAS;TELEVENDAS;03 - ACESSORIOS KRONA;2024-11-01;2360,23
TELEVENDAS;TELEVENDAS;03 - ACESSORIOS KRONA;2024-12-01;2701,17
TELEVENDAS;TELEVENDAS;03 - ACESSORIOS KRONA;2025-01-01;1734,53
TELEVENDAS;TELEVENDAS;03 - ACESSORIOS KRONA;2025-02-01;3519,36
TELEVENDAS;TELEVENDAS;03 - ACESSORIOS KRONA;2025-03-01;1849,57
TELEVENDAS;TELEVENDAS;03 - ACESSORIOS KRONA;2025-04-01;2429,41
TELEVENDAS;TELEVENDAS;03 - ACESSORIOS KRONA;2025-05-01;3219,65
TELEVENDAS;TELEVENDAS;03 - ACESSORIOS KRONA;2025-06-01;4575,30
TELEVENDAS;TELEVENDAS;03 - ACESSORIOS KRONA;2025-07-01;3309,76
TELEVENDAS;TELEVENDAS;03 - ACESSORIOS KRONA;2025-08-01;2943,56
TELEVENDAS;TELEVENDAS;03 - ACESSORIOS KRONA;2025-09-01;3264,60
TELEVENDAS;TELEVENDAS;03 - ACESSORIOS KRONA;2025-10-01;2975,04
TELEVENDAS;TELEVENDAS;03 - ACESSORIOS KRONA;2025-11-01;2211,31
TELEVENDAS;TELEVENDAS;03 - ACESSORIOS KRONA;2025-12-01;4215,17
TELEVENDAS;TELEVENDAS;03 - ACESSORIOS KRONA;2026-01-01;2722,11
TELEVENDAS;TELEVENDAS;03 - ACESSORIOS KRONA;2026-02-01;4463,99
TELEVENDAS;TELEVENDAS;03 - ACESSORIOS KRONA;2026-03-01;3438,50
TELEVENDAS;TELEVENDAS;03 - ACESSORIOS KRONA;2026-04-01;3842,61
TELEVENDAS;TELEVENDAS;03 - ACESSORIOS KRONA;2026-05-01;3968,10
TELEVENDAS;TELEVENDAS;03 - ACESSORIOS KRONA;2026-06-01;3705,77
TELEVENDAS;TELEVENDAS;03 - ACESSORIOS KRONA;2026-07-01;3317,69
TELEVENDAS;TELEVENDAS;03 - ACESSORIOS KRONA;2026-08-01;4468,68
TELEVENDAS;TELEVENDAS;04 - PRODUTOS REVENDA;2022-01-01;697,30
TELEVENDAS;TELEVENDAS;04 - PRODUTOS REVENDA;2022-02-01;1071,48
TELEVENDAS;TELEVENDAS;04 - PRODUTOS REVENDA;2022-03-01;1697,71
TELEVENDAS;TELEVENDAS;04 - PRODUTOS REVENDA;2022-04-01;1605,60
TELEVENDAS;TELEVENDAS;04 - PRODUTOS REVENDA;2022-05-01;1823,58
TELEVENDAS;TELEVENDAS;04 - PRODUTOS REVENDA;2022-06-01;1233,19
TELEVENDAS;TELEVENDAS;04 - PRODUTOS REVENDA;2022-07-01;1489,74
TELEVENDAS;TELEVENDAS;04 - PRODUTOS REVENDA;2022-08-01;1541,35
TELEVENDAS;TELEVENDAS;04 - PRODUTOS REVENDA;2022-09-01;1691,33
TELEVENDAS;TELEVENDAS;04 - PRODUTOS REVENDA;2022-10-01;1492,80
TELEVENDAS;TELEVENDAS;04 - PRODUTOS REVENDA;2022-11-01;1403,69
TELEVENDAS;TELEVENDAS;04 - PRODUTOS REVENDA;2022-12-01;1947,13
TELEVENDAS;TELEVENDAS;04 - PRODUTOS REVENDA;2023-01-01;827,94
TELEVENDAS;TELEVENDAS;04 - PRODUTOS REVENDA;2023-02-01;1917,02
TELEVENDAS;TELEVENDAS;04 - PRODUTOS REVENDA;2023-03-01;2750,05
TELEVENDAS;TELEVENDAS;04 - PRODUTOS REVENDA;2023-04-01;1491,24
TELEVENDAS;TELEVENDAS;04 - PRODUTOS REVENDA;2023-05-01;1789,90
TELEVENDAS;TELEVENDAS;04 - PRODUTOS REVENDA;2023-06-01;2013,83
TELEVENDAS;TELEVENDAS;04 - PRODUTOS REVENDA;2023-07-01;2544,86
TELEVENDAS;TELEVENDAS;04 - PRODUTOS REVENDA;2023-08-01;2574,68
TELEVENDAS;TELEVENDAS;04 - PRODUTOS REVENDA;2023-09-01;2627,77
TELEVENDAS;TELEVENDAS;04 - PRODUTOS REVENDA;2023-10-01;1639,19
TELEVENDAS;TELEVENDAS;04 - PRODUTOS REVENDA;2023-11-01;1577,19
TELEVENDAS;TELEVENDAS;04 - PRODUTOS REVENDA;2023-12-01;2708,28
TELEVENDAS;TELEVENDAS;04 - PRODUTOS REVENDA;2024-01-01;1276,39
TELEVENDAS;TELEVENDAS;04 - PRODUTOS REVENDA;2024-02-01;1446,23
TELEVENDAS;TELEVENDAS;04 - PRODUTOS REVENDA;2024-03-01;1753,66
TELEVENDAS;TELEVENDAS;04 - PRODUTOS REVENDA;2024-04-01;1474,28
TELEVENDAS;TELEVENDAS;04 - PRODUTOS REVENDA;2024-05-01;1448,82
TELEVENDAS;TELEVENDAS;04 - PRODUTOS REVENDA;2024-06-01;2030,57
TELEVENDAS;TELEVENDAS;04 - PRODUTOS REVENDA;2024-07-01;2074,09
TELEVENDAS;TELEVENDAS;04 - PRODUTOS REVENDA;2024-08-01;930,99
TELEVENDAS;TELEVENDAS;04 - PRODUTOS REVENDA;2024-09-01;2046,09
TELEVENDAS;TELEVENDAS;04 - PRODUTOS REVENDA;2024-10-01;1607,96
TELEVENDAS;TELEVENDAS;04 - PRODUTOS REVENDA;2024-11-01;1245,40
TELEVENDAS;TELEVENDAS;04 - PRODUTOS REVENDA;2024-12-01;1861,20
TELEVENDAS;TELEVENDAS;04 - PRODUTOS REVENDA;2025-01-01;1354,76
TELEVENDAS;TELEVENDAS;04 - PRODUTOS REVENDA;2025-02-01;2440,09
TELEVENDAS;TELEVENDAS;04 - PRODUTOS REVENDA;2025-03-01;1055,62
TELEVENDAS;TELEVENDAS;04 - PRODUTOS REVENDA;2025-04-01;1319,69
TELEVENDAS;TELEVENDAS;04 - PRODUTOS REVENDA;2025-05-01;1549,11
TELEVENDAS;TELEVENDAS;04 - PRODUTOS REVENDA;2025-06-01;1955,41
TELEVENDAS;TELEVENDAS;04 - PRODUTOS REVENDA;2025-07-01;1298,38
TELEVENDAS;TELEVENDAS;04 - PRODUTOS REVENDA;2025-08-01;1124,32
TELEVENDAS;TELEVENDAS;04 - PRODUTOS REVENDA;2025-09-01;1408,17
TELEVENDAS;TELEVENDAS;04 - PRODUTOS REVENDA;2025-10-01;1687,99
TELEVENDAS;TELEVENDAS;04 - PRODUTOS REVENDA;2025-11-01;1333,93
TELEVENDAS;TELEVENDAS;04 - PRODUTOS REVENDA;2025-12-01;1661,75
TELEVENDAS;TELEVENDAS;04 - PRODUTOS REVENDA;2026-01-01;1261,29
TELEVENDAS;TELEVENDAS;04 - PRODUTOS REVENDA;2026-02-01;1726,74
TELEVENDAS;TELEVENDAS;04 - PRODUTOS REVENDA;2026-03-01;1596,89
TELEVENDAS;TELEVENDAS;04 - PRODUTOS REVENDA;2026-04-01;1507,19
TELEVENDAS;TELEVENDAS;04 - PRODUTOS REVENDA;2026-05-01;1395,95
TELEVENDAS;TELEVENDAS;04 - PRODUTOS REVENDA;2026-06-01;1183,56
TELEVENDAS;TELEVENDAS;04 - PRODUTOS REVENDA;2026-07-01;1792,60
TELEVENDAS;TELEVENDAS;04 - PRODUTOS REVENDA;2026-08-01;1865,71
TELEVENDAS;TELEVENDAS;29 - PPR;2022-01-01;25,45
TELEVENDAS;TELEVENDAS;29 - PPR;2022-02-01;1,55
TELEVENDAS;TELEVENDAS;29 - PPR;2022-03-01;1,19
TELEVENDAS;TELEVENDAS;29 - PPR;2022-04-01;159,19
TELEVENDAS;TELEVENDAS;29 - PPR;2022-06-01;83,73
TELEVENDAS;TELEVENDAS;29 - PPR;2022-07-01;29,54
TELEVENDAS;TELEVENDAS;29 - PPR;2022-08-01;5,47
TELEVENDAS;TELEVENDAS;29 - PPR;2022-09-01;0,40
TELEVENDAS;TELEVENDAS;29 - PPR;2022-10-01;57,73
TELEVENDAS;TELEVENDAS;29 - PPR;2022-11-01;72,21
TELEVENDAS;TELEVENDAS;29 - PPR;2022-12-01;67,30
TELEVENDAS;TELEVENDAS;29 - PPR;2023-01-01;18,67
TELEVENDAS;TELEVENDAS;29 - PPR;2023-02-01;14,40
TELEVENDAS;TELEVENDAS;29 - PPR;2023-03-01;50,01
TELEVENDAS;TELEVENDAS;29 - PPR;2023-04-01;44,99
TELEVENDAS;TELEVENDAS;29 - PPR;2023-05-01;151,48
TELEVENDAS;TELEVENDAS;29 - PPR;2023-06-01;247,81
TELEVENDAS;TELEVENDAS;29 - PPR;2023-07-01;43,91
TELEVENDAS;TELEVENDAS;29 - PPR;2023-08-01;132,03
TELEVENDAS;TELEVENDAS;29 - PPR;2023-09-01;124,05
TELEVENDAS;TELEVENDAS;29 - PPR;2023-10-01;131,21
TELEVENDAS;TELEVENDAS;29 - PPR;2023-11-01;13,88
TELEVENDAS;TELEVENDAS;29 - PPR;2023-12-01;151,94
TELEVENDAS;TELEVENDAS;29 - PPR;2024-01-01;38,57
TELEVENDAS;TELEVENDAS;29 - PPR;2024-02-01;128,77
TELEVENDAS;TELEVENDAS;29 - PPR;2024-03-01;15,09
TELEVENDAS;TELEVENDAS;29 - PPR;2024-04-01;36,68
TELEVENDAS;TELEVENDAS;29 - PPR;2024-05-01;84,59
TELEVENDAS;TELEVENDAS;29 - PPR;2024-06-01;0,37
TELEVENDAS;TELEVENDAS;29 - PPR;2024-07-01;8,27
TELEVENDAS;TELEVENDAS;29 - PPR;2024-08-01;25,99
TELEVENDAS;TELEVENDAS;29 - PPR;2024-10-01;57,36
TELEVENDAS;TELEVENDAS;29 - PPR;2024-11-01;19,14
TELEVENDAS;TELEVENDAS;29 - PPR;2024-12-01;8,22
TELEVENDAS;TELEVENDAS;29 - PPR;2025-01-01;159,39
TELEVENDAS;TELEVENDAS;29 - PPR;2025-02-01;70,61
TELEVENDAS;TELEVENDAS;29 - PPR;2025-03-01;5,94
TELEVENDAS;TELEVENDAS;29 - PPR;2025-04-01;50,88
TELEVENDAS;TELEVENDAS;29 - PPR;2025-05-01;73,66
TELEVENDAS;TELEVENDAS;29 - PPR;2025-06-01;315,84
TELEVENDAS;TELEVENDAS;29 - PPR;2025-07-01;160,89
TELEVENDAS;TELEVENDAS;29 - PPR;2025-08-01;169,02
TELEVENDAS;TELEVENDAS;29 - PPR;2025-09-01;63,04
TELEVENDAS;TELEVENDAS;29 - PPR;2025-10-01;46,06
TELEVENDAS;TELEVENDAS;29 - PPR;2025-11-01;27,46
TELEVENDAS;TELEVENDAS;29 - PPR;2025-12-01;11,67
TELEVENDAS;TELEVENDAS;29 - PPR;2026-01-01;62,20
TELEVENDAS;TELEVENDAS;29 - PPR;2026-02-01;117,71
TELEVENDAS;TELEVENDAS;29 - PPR;2026-03-01;131,25
TELEVENDAS;TELEVENDAS;29 - PPR;2026-04-01;126,35
TELEVENDAS;TELEVENDAS;29 - PPR;2026-05-01;84,54
TELEVENDAS;TELEVENDAS;29 - PPR;2026-06-01;340,09
TELEVENDAS;TELEVENDAS;29 - PPR;2026-07-01;76,45
TELEVENDAS;TELEVENDAS;29 - PPR;2026-08-01;37,48
TELEVENDAS;TELEVENDAS;30 - ELETRODUTOS CORRUGADOS KRONA;2022-01-01;2256,61
TELEVENDAS;TELEVENDAS;30 - ELETRODUTOS CORRUGADOS KRONA;2022-02-01;3482,36
TELEVENDAS;TELEVENDAS;30 - ELETRODUTOS CORRUGADOS KRONA;2022-03-01;7647,84
TELEVENDAS;TELEVENDAS;30 - ELETRODUTOS CORRUGADOS KRONA;2022-04-01;9927,12
TELEVENDAS;TELEVENDAS;30 - ELETRODUTOS CORRUGADOS KRONA;2022-05-01;14805,39
TELEVENDAS;TELEVENDAS;30 - ELETRODUTOS CORRUGADOS KRONA;2022-06-01;4954,15
TELEVENDAS;TELEVENDAS;30 - ELETRODUTOS CORRUGADOS KRONA;2022-07-01;8699,03
TELEVENDAS;TELEVENDAS;30 - ELETRODUTOS CORRUGADOS KRONA;2022-08-01;3556,15
TELEVENDAS;TELEVENDAS;30 - ELETRODUTOS CORRUGADOS KRONA;2022-09-01;7147,44
TELEVENDAS;TELEVENDAS;30 - ELETRODUTOS CORRUGADOS KRONA;2022-10-01;7147,60
TELEVENDAS;TELEVENDAS;30 - ELETRODUTOS CORRUGADOS KRONA;2022-11-01;4796,53
TELEVENDAS;TELEVENDAS;30 - ELETRODUTOS CORRUGADOS KRONA;2022-12-01;6712,31
TELEVENDAS;TELEVENDAS;30 - ELETRODUTOS CORRUGADOS KRONA;2023-01-01;2563,12
TELEVENDAS;TELEVENDAS;30 - ELETRODUTOS CORRUGADOS KRONA;2023-02-01;5380,31
TELEVENDAS;TELEVENDAS;30 - ELETRODUTOS CORRUGADOS KRONA;2023-03-01;10524,84
TELEVENDAS;TELEVENDAS;30 - ELETRODUTOS CORRUGADOS KRONA;2023-04-01;9499,56
TELEVENDAS;TELEVENDAS;30 - ELETRODUTOS CORRUGADOS KRONA;2023-05-01;5355,18
TELEVENDAS;TELEVENDAS;30 - ELETRODUTOS CORRUGADOS KRONA;2023-06-01;9706,59
TELEVENDAS;TELEVENDAS;30 - ELETRODUTOS CORRUGADOS KRONA;2023-07-01;7079,67
TELEVENDAS;TELEVENDAS;30 - ELETRODUTOS CORRUGADOS KRONA;2023-08-01;17865,94
TELEVENDAS;TELEVENDAS;30 - ELETRODUTOS CORRUGADOS KRONA;2023-09-01;11833,18
TELEVENDAS;TELEVENDAS;30 - ELETRODUTOS CORRUGADOS KRONA;2023-10-01;3638,62
TELEVENDAS;TELEVENDAS;30 - ELETRODUTOS CORRUGADOS KRONA;2023-11-01;6867,94
TELEVENDAS;TELEVENDAS;30 - ELETRODUTOS CORRUGADOS KRONA;2023-12-01;6187,24
TELEVENDAS;TELEVENDAS;30 - ELETRODUTOS CORRUGADOS KRONA;2024-01-01;2503,47
TELEVENDAS;TELEVENDAS;30 - ELETRODUTOS CORRUGADOS KRONA;2024-02-01;6909,26
TELEVENDAS;TELEVENDAS;30 - ELETRODUTOS CORRUGADOS KRONA;2024-03-01;6362,39
TELEVENDAS;TELEVENDAS;30 - ELETRODUTOS CORRUGADOS KRONA;2024-04-01;6197,26
TELEVENDAS;TELEVENDAS;30 - ELETRODUTOS CORRUGADOS KRONA;2024-05-01;4293,43
TELEVENDAS;TELEVENDAS;30 - ELETRODUTOS CORRUGADOS KRONA;2024-06-01;7456,43
TELEVENDAS;TELEVENDAS;30 - ELETRODUTOS CORRUGADOS KRONA;2024-07-01;4699,45
TELEVENDAS;TELEVENDAS;30 - ELETRODUTOS CORRUGADOS KRONA;2024-08-01;4787,73
TELEVENDAS;TELEVENDAS;30 - ELETRODUTOS CORRUGADOS KRONA;2024-09-01;4549,71
TELEVENDAS;TELEVENDAS;30 - ELETRODUTOS CORRUGADOS KRONA;2024-10-01;6171,20
TELEVENDAS;TELEVENDAS;30 - ELETRODUTOS CORRUGADOS KRONA;2024-11-01;4278,42
TELEVENDAS;TELEVENDAS;30 - ELETRODUTOS CORRUGADOS KRONA;2024-12-01;5776,20
TELEVENDAS;TELEVENDAS;30 - ELETRODUTOS CORRUGADOS KRONA;2025-01-01;3348,71
TELEVENDAS;TELEVENDAS;30 - ELETRODUTOS CORRUGADOS KRONA;2025-02-01;4241,77
TELEVENDAS;TELEVENDAS;30 - ELETRODUTOS CORRUGADOS KRONA;2025-03-01;6293,82
TELEVENDAS;TELEVENDAS;30 - ELETRODUTOS CORRUGADOS KRONA;2025-04-01;4429,14
TELEVENDAS;TELEVENDAS;30 - ELETRODUTOS CORRUGADOS KRONA;2025-05-01;4498,46
TELEVENDAS;TELEVENDAS;30 - ELETRODUTOS CORRUGADOS KRONA;2025-06-01;10814,41
TELEVENDAS;TELEVENDAS;30 - ELETRODUTOS CORRUGADOS KRONA;2025-07-01;4558,69
TELEVENDAS;TELEVENDAS;30 - ELETRODUTOS CORRUGADOS KRONA;2025-08-01;4620,12
TELEVENDAS;TELEVENDAS;30 - ELETRODUTOS CORRUGADOS KRONA;2025-09-01;6653,17
TELEVENDAS;TELEVENDAS;30 - ELETRODUTOS CORRUGADOS KRONA;2025-10-01;6636,56
TELEVENDAS;TELEVENDAS;30 - ELETRODUTOS CORRUGADOS KRONA;2025-11-01;5854,23
TELEVENDAS;TELEVENDAS;30 - ELETRODUTOS CORRUGADOS KRONA;2025-12-01;5270,96
TELEVENDAS;TELEVENDAS;30 - ELETRODUTOS CORRUGADOS KRONA;2026-01-01;3269,02
TELEVENDAS;TELEVENDAS;30 - ELETRODUTOS CORRUGADOS KRONA;2026-02-01;4746,30
TELEVENDAS;TELEVENDAS;30 - ELETRODUTOS CORRUGADOS KRONA;2026-03-01;9500,72
TELEVENDAS;TELEVENDAS;30 - ELETRODUTOS CORRUGADOS KRONA;2026-04-01;11484,85
TELEVENDAS;TELEVENDAS;30 - ELETRODUTOS CORRUGADOS KRONA;2026-05-01;5352,73
TELEVENDAS;TELEVENDAS;30 - ELETRODUTOS CORRUGADOS KRONA;2026-06-01;6522,89
TELEVENDAS;TELEVENDAS;30 - ELETRODUTOS CORRUGADOS KRONA;2026-07-01;7200,88
TELEVENDAS;TELEVENDAS;30 - ELETRODUTOS CORRUGADOS KRONA;2026-08-01;7063,40
TELEVENDAS;TELEVENDAS;31 - CPVC ULTRATERM;2022-01-01;161,56
TELEVENDAS;TELEVENDAS;31 - CPVC ULTRATERM;2022-02-01;2016,03
TELEVENDAS;TELEVENDAS;31 - CPVC ULTRATERM;2022-03-01;399,88
TELEVENDAS;TELEVENDAS;31 - CPVC ULTRATERM;2022-04-01;968,99
TELEVENDAS;TELEVENDAS;31 - CPVC ULTRATERM;2022-05-01;2349,29
TELEVENDAS;TELEVENDAS;31 - CPVC ULTRATERM;2022-06-01;1346,32
TELEVENDAS;TELEVENDAS;31 - CPVC ULTRATERM;2022-07-01;984,05
TELEVENDAS;TELEVENDAS;31 - CPVC ULTRATERM;2022-08-01;1440,32
TELEVENDAS;TELEVENDAS;31 - CPVC ULTRATERM;2022-09-01;1056,56
TELEVENDAS;TELEVENDAS;31 - CPVC ULTRATERM;2022-10-01;717,80
TELEVENDAS;TELEVENDAS;31 - CPVC ULTRATERM;2022-11-01;703,18
TELEVENDAS;TELEVENDAS;31 - CPVC ULTRATERM;2022-12-01;449,10
TELEVENDAS;TELEVENDAS;31 - CPVC ULTRATERM;2023-01-01;268,37
TELEVENDAS;TELEVENDAS;31 - CPVC ULTRATERM;2023-02-01;661,64
TELEVENDAS;TELEVENDAS;31 - CPVC ULTRATERM;2023-03-01;950,55
TELEVENDAS;TELEVENDAS;31 - CPVC ULTRATERM;2023-04-01;1273,26
TELEVENDAS;TELEVENDAS;31 - CPVC ULTRATERM;2023-05-01;586,96
TELEVENDAS;TELEVENDAS;31 - CPVC ULTRATERM;2023-06-01;986,16
TELEVENDAS;TELEVENDAS;31 - CPVC ULTRATERM;2023-07-01;1304,86
TELEVENDAS;TELEVENDAS;31 - CPVC ULTRATERM;2023-08-01;1222,62
TELEVENDAS;TELEVENDAS;31 - CPVC ULTRATERM;2023-09-01;1178,81
TELEVENDAS;TELEVENDAS;31 - CPVC ULTRATERM;2023-10-01;546,04
TELEVENDAS;TELEVENDAS;31 - CPVC ULTRATERM;2023-11-01;595,63
TELEVENDAS;TELEVENDAS;31 - CPVC ULTRATERM;2023-12-01;1182,85
TELEVENDAS;TELEVENDAS;31 - CPVC ULTRATERM;2024-01-01;370,30
TELEVENDAS;TELEVENDAS;31 - CPVC ULTRATERM;2024-02-01;675,70
TELEVENDAS;TELEVENDAS;31 - CPVC ULTRATERM;2024-03-01;560,33
TELEVENDAS;TELEVENDAS;31 - CPVC ULTRATERM;2024-04-01;539,74
TELEVENDAS;TELEVENDAS;31 - CPVC ULTRATERM;2024-05-01;479,34
TELEVENDAS;TELEVENDAS;31 - CPVC ULTRATERM;2024-06-01;826,28
TELEVENDAS;TELEVENDAS;31 - CPVC ULTRATERM;2024-07-01;764,48
TELEVENDAS;TELEVENDAS;31 - CPVC ULTRATERM;2024-08-01;494,75
TELEVENDAS;TELEVENDAS;31 - CPVC ULTRATERM;2024-09-01;482,31
TELEVENDAS;TELEVENDAS;31 - CPVC ULTRATERM;2024-10-01;516,93
TELEVENDAS;TELEVENDAS;31 - CPVC ULTRATERM;2024-11-01;570,00
TELEVENDAS;TELEVENDAS;31 - CPVC ULTRATERM;2024-12-01;349,34
TELEVENDAS;TELEVENDAS;31 - CPVC ULTRATERM;2025-01-01;612,13
TELEVENDAS;TELEVENDAS;31 - CPVC ULTRATERM;2025-02-01;415,36
TELEVENDAS;TELEVENDAS;31 - CPVC ULTRATERM;2025-03-01;761,24
TELEVENDAS;TELEVENDAS;31 - CPVC ULTRATERM;2025-04-01;589,29
TELEVENDAS;TELEVENDAS;31 - CPVC ULTRATERM;2025-05-01;580,03
TELEVENDAS;TELEVENDAS;31 - CPVC ULTRATERM;2025-06-01;731,53
TELEVENDAS;TELEVENDAS;31 - CPVC ULTRATERM;2025-07-01;656,77
TELEVENDAS;TELEVENDAS;31 - CPVC ULTRATERM;2025-08-01;555,67
TELEVENDAS;TELEVENDAS;31 - CPVC ULTRATERM;2025-09-01;515,72
TELEVENDAS;TELEVENDAS;31 - CPVC ULTRATERM;2025-10-01;364,23
TELEVENDAS;TELEVENDAS;31 - CPVC ULTRATERM;2025-11-01;393,81
TELEVENDAS;TELEVENDAS;31 - CPVC ULTRATERM;2025-12-01;533,58
TELEVENDAS;TELEVENDAS;31 - CPVC ULTRATERM;2026-01-01;305,34
TELEVENDAS;TELEVENDAS;31 - CPVC ULTRATERM;2026-02-01;400,07
TELEVENDAS;TELEVENDAS;31 - CPVC ULTRATERM;2026-03-01;676,28
TELEVENDAS;TELEVENDAS;31 - CPVC ULTRATERM;2026-04-01;274,58
TELEVENDAS;TELEVENDAS;31 - CPVC ULTRATERM;2026-05-01;471,68
TELEVENDAS;TELEVENDAS;31 - CPVC ULTRATERM;2026-06-01;563,61
TELEVENDAS;TELEVENDAS;31 - CPVC ULTRATERM;2026-07-01;581,91
TELEVENDAS;TELEVENDAS;31 - CPVC ULTRATERM;2026-08-01;689,65
