FAMILIA;REGIONAL;REGIONAL_GESTOR;SEGMENTO;PERIODO;VOL_VENDA;ID
00 - TUBOS PVC KRONA;CENTRO OESTE;CO NO;ATACADO;2025-01-01;337163,08;CENTRO OESTE|00 - TUBOS PVC KRONA|ATACADO|JAN25
00 - TUBOS PVC KRONA;CENTRO OESTE;CO NO;ATACADO;2025-02-01;121483,99;CENTRO OESTE|00 - TUBOS PVC KRONA|ATACADO|FEV25
00 - TUBOS PVC KRONA;CENTRO OESTE;CO NO;ATACADO;2025-03-01;436432,55;CENTRO OESTE|00 - TUBOS PVC KRONA|ATACADO|MAR25
00 - TUBOS PVC KRONA;CENTRO OESTE;CO NO;ATACADO;2025-04-01;376905,21;CENTRO OESTE|00 - TUBOS PVC KRONA|ATACADO|ABR25
00 - TUBOS PVC KRONA;CENTRO OESTE;CO NO;ATACADO;2025-05-01;541534,23;CENTRO OESTE|00 - TUBOS PVC KRONA|ATACADO|MAI25
00 - TUBOS PVC KRONA;CENTRO OESTE;CO NO;ATACADO;2025-06-01;1134392,04;CENTRO OESTE|00 - TUBOS PVC KRONA|ATACADO|JUN25
00 - TUBOS PVC KRONA;CENTRO OESTE;CO NO;ATACADO;2025-07-01;354224,66;CENTRO OESTE|00 - TUBOS PVC KRONA|ATACADO|JUL25
00 - TUBOS PVC KRONA;CENTRO OESTE;CO NO;ATACADO;2025-08-01;395374,34;CENTRO OESTE|00 - TUBOS PVC KRONA|ATACADO|AGO25
00 - TUBOS PVC KRONA;CENTRO OESTE;CO NO;ATACADO;2025-09-01;638769,80;CENTRO OESTE|00 - TUBOS PVC KRONA|ATACADO|SET25
00 - TUBOS PVC KRONA;CENTRO OESTE;CO NO;ATACADO;2025-10-01;717218,79;CENTRO OESTE|00 - TUBOS PVC KRONA|ATACADO|OUT25
00 - TUBOS PVC KRONA;CENTRO OESTE;CO NO;ATACADO;2025-11-01;725263,54;CENTRO OESTE|00 - TUBOS PVC KRONA|ATACADO|NOV25
00 - TUBOS PVC KRONA;CENTRO OESTE;CO NO;ATACADO;2025-12-01;976769,31;CENTRO OESTE|00 - TUBOS PVC KRONA|ATACADO|DEZ25
00 - TUBOS PVC KRONA;CENTRO OESTE;CO NO;OUTROS;2025-02-01;818,83;CENTRO OESTE|00 - TUBOS PVC KRONA|OUTROS|FEV25
00 - TUBOS PVC KRONA;CENTRO OESTE;CO NO;OUTROS;2025-03-01;159,39;CENTRO OESTE|00 - TUBOS PVC KRONA|OUTROS|MAR25
00 - TUBOS PVC KRONA;CENTRO OESTE;CO NO;OUTROS;2025-06-01;41,22;CENTRO OESTE|00 - TUBOS PVC KRONA|OUTROS|JUN25
00 - TUBOS PVC KRONA;CENTRO OESTE;CO NO;OUTROS;2025-08-01;148,89;CENTRO OESTE|00 - TUBOS PVC KRONA|OUTROS|AGO25
00 - TUBOS PVC KRONA;CENTRO OESTE;CO NO;OUTROS;2025-09-01;138,25;CENTRO OESTE|00 - TUBOS PVC KRONA|OUTROS|SET25
00 - TUBOS PVC KRONA;CENTRO OESTE;CO NO;OUTROS;2025-12-01;75,01;CENTRO OESTE|00 - TUBOS PVC KRONA|OUTROS|DEZ25
00 - TUBOS PVC KRONA;CENTRO OESTE;CO NO;VAREJO;2025-01-01;222709,97;CENTRO OESTE|00 - TUBOS PVC KRONA|VAREJO|JAN25
00 - TUBOS PVC KRONA;CENTRO OESTE;CO NO;VAREJO;2025-02-01;152620,42;CENTRO OESTE|00 - TUBOS PVC KRONA|VAREJO|FEV25
00 - TUBOS PVC KRONA;CENTRO OESTE;CO NO;VAREJO;2025-03-01;168680,67;CENTRO OESTE|00 - TUBOS PVC KRONA|VAREJO|MAR25
00 - TUBOS PVC KRONA;CENTRO OESTE;CO NO;VAREJO;2025-04-01;173564,30;CENTRO OESTE|00 - TUBOS PVC KRONA|VAREJO|ABR25
00 - TUBOS PVC KRONA;CENTRO OESTE;CO NO;VAREJO;2025-05-01;196024,53;CENTRO OESTE|00 - TUBOS PVC KRONA|VAREJO|MAI25
00 - TUBOS PVC KRONA;CENTRO OESTE;CO NO;VAREJO;2025-06-01;419421,27;CENTRO OESTE|00 - TUBOS PVC KRONA|VAREJO|JUN25
00 - TUBOS PVC KRONA;CENTRO OESTE;CO NO;VAREJO;2025-07-01;244140,65;CENTRO OESTE|00 - TUBOS PVC KRONA|VAREJO|JUL25
00 - TUBOS PVC KRONA;CENTRO OESTE;CO NO;VAREJO;2025-08-01;332822,90;CENTRO OESTE|00 - TUBOS PVC KRONA|VAREJO|AGO25
00 - TUBOS PVC KRONA;CENTRO OESTE;CO NO;VAREJO;2025-09-01;156019,46;CENTRO OESTE|00 - TUBOS PVC KRONA|VAREJO|SET25
00 - TUBOS PVC KRONA;CENTRO OESTE;CO NO;VAREJO;2025-10-01;180266,44;CENTRO OESTE|00 - TUBOS PVC KRONA|VAREJO|OUT25
00 - TUBOS PVC KRONA;CENTRO OESTE;CO NO;VAREJO;2025-11-01;217116,43;CENTRO OESTE|00 - TUBOS PVC KRONA|VAREJO|NOV25
00 - TUBOS PVC KRONA;CENTRO OESTE;CO NO;VAREJO;2025-12-01;200627,97;CENTRO OESTE|00 - TUBOS PVC KRONA|VAREJO|DEZ25
00 - TUBOS PVC KRONA;CONSTR CENTRO OESTE;CONSTRUTORA;CONSTRUTORA;2025-01-01;24362,75;CONSTR CENTRO OESTE|00 - TUBOS PVC KRONA|CONSTRUTORA|JAN25
00 - TUBOS PVC KRONA;CONSTR CENTRO OESTE;CONSTRUTORA;CONSTRUTORA;2025-02-01;73364,02;CONSTR CENTRO OESTE|00 - TUBOS PVC KRONA|CONSTRUTORA|FEV25
00 - TUBOS PVC KRONA;CONSTR CENTRO OESTE;CONSTRUTORA;CONSTRUTORA;2025-03-01;59064,22;CONSTR CENTRO OESTE|00 - TUBOS PVC KRONA|CONSTRUTORA|MAR25
00 - TUBOS PVC KRONA;CONSTR CENTRO OESTE;CONSTRUTORA;CONSTRUTORA;2025-04-01;56190,43;CONSTR CENTRO OESTE|00 - TUBOS PVC KRONA|CONSTRUTORA|ABR25
00 - TUBOS PVC KRONA;CONSTR CENTRO OESTE;CONSTRUTORA;CONSTRUTORA;2025-05-01;56774,63;CONSTR CENTRO OESTE|00 - TUBOS PVC KRONA|CONSTRUTORA|MAI25
00 - TUBOS PVC KRONA;CONSTR CENTRO OESTE;CONSTRUTORA;CONSTRUTORA;2025-06-01;72721,19;CONSTR CENTRO OESTE|00 - TUBOS PVC KRONA|CONSTRUTORA|JUN25
00 - TUBOS PVC KRONA;CONSTR CENTRO OESTE;CONSTRUTORA;CONSTRUTORA;2025-07-01;79718,81;CONSTR CENTRO OESTE|00 - TUBOS PVC KRONA|CONSTRUTORA|JUL25
00 - TUBOS PVC KRONA;CONSTR CENTRO OESTE;CONSTRUTORA;CONSTRUTORA;2025-08-01;106706,63;CONSTR CENTRO OESTE|00 - TUBOS PVC KRONA|CONSTRUTORA|AGO25
00 - TUBOS PVC KRONA;CONSTR CENTRO OESTE;CONSTRUTORA;CONSTRUTORA;2025-09-01;108731,42;CONSTR CENTRO OESTE|00 - TUBOS PVC KRONA|CONSTRUTORA|SET25
00 - TUBOS PVC KRONA;CONSTR CENTRO OESTE;CONSTRUTORA;CONSTRUTORA;2025-10-01;98756,29;CONSTR CENTRO OESTE|00 - TUBOS PVC KRONA|CONSTRUTORA|OUT25
00 - TUBOS PVC KRONA;CONSTR CENTRO OESTE;CONSTRUTORA;CONSTRUTORA;2025-11-01;138380,43;CONSTR CENTRO OESTE|00 - TUBOS PVC KRONA|CONSTRUTORA|NOV25
00 - TUBOS PVC KRONA;CONSTR CENTRO OESTE;CONSTRUTORA;CONSTRUTORA;2025-12-01;81442,97;CONSTR CENTRO OESTE|00 - TUBOS PVC KRONA|CONSTRUTORA|DEZ25
00 - TUBOS PVC KRONA;CONSTR CENTRO OESTE;CONSTRUTORA;OUTROS;2025-01-01;637,98;CONSTR CENTRO OESTE|00 - TUBOS PVC KRONA|OUTROS|JAN25
00 - TUBOS PVC KRONA;CONSTR CENTRO OESTE;CONSTRUTORA;OUTROS;2025-06-01;1797,33;CONSTR CENTRO OESTE|00 - TUBOS PVC KRONA|OUTROS|JUN25
00 - TUBOS PVC KRONA;CONSTR CENTRO OESTE;CONSTRUTORA;OUTROS;2025-07-01;265,85;CONSTR CENTRO OESTE|00 - TUBOS PVC KRONA|OUTROS|JUL25
00 - TUBOS PVC KRONA;CONSTR CENTRO OESTE;CONSTRUTORA;OUTROS;2025-09-01;66,25;CONSTR CENTRO OESTE|00 - TUBOS PVC KRONA|OUTROS|SET25
00 - TUBOS PVC KRONA;CONSTR NORDESTE;CONSTRUTORA;CONSTRUTORA;2025-01-01;325325,38;CONSTR NORDESTE|00 - TUBOS PVC KRONA|CONSTRUTORA|JAN25
00 - TUBOS PVC KRONA;CONSTR NORDESTE;CONSTRUTORA;CONSTRUTORA;2025-02-01;247093,32;CONSTR NORDESTE|00 - TUBOS PVC KRONA|CONSTRUTORA|FEV25
00 - TUBOS PVC KRONA;CONSTR NORDESTE;CONSTRUTORA;CONSTRUTORA;2025-03-01;284597,77;CONSTR NORDESTE|00 - TUBOS PVC KRONA|CONSTRUTORA|MAR25
00 - TUBOS PVC KRONA;CONSTR NORDESTE;CONSTRUTORA;CONSTRUTORA;2025-04-01;396676,43;CONSTR NORDESTE|00 - TUBOS PVC KRONA|CONSTRUTORA|ABR25
00 - TUBOS PVC KRONA;CONSTR NORDESTE;CONSTRUTORA;CONSTRUTORA;2025-05-01;389994,35;CONSTR NORDESTE|00 - TUBOS PVC KRONA|CONSTRUTORA|MAI25
00 - TUBOS PVC KRONA;CONSTR NORDESTE;CONSTRUTORA;CONSTRUTORA;2025-06-01;700519,79;CONSTR NORDESTE|00 - TUBOS PVC KRONA|CONSTRUTORA|JUN25
00 - TUBOS PVC KRONA;CONSTR NORDESTE;CONSTRUTORA;CONSTRUTORA;2025-07-01;239207,79;CONSTR NORDESTE|00 - TUBOS PVC KRONA|CONSTRUTORA|JUL25
00 - TUBOS PVC KRONA;CONSTR NORDESTE;CONSTRUTORA;CONSTRUTORA;2025-08-01;361168,24;CONSTR NORDESTE|00 - TUBOS PVC KRONA|CONSTRUTORA|AGO25
00 - TUBOS PVC KRONA;CONSTR NORDESTE;CONSTRUTORA;CONSTRUTORA;2025-09-01;289847,48;CONSTR NORDESTE|00 - TUBOS PVC KRONA|CONSTRUTORA|SET25
00 - TUBOS PVC KRONA;CONSTR NORDESTE;CONSTRUTORA;CONSTRUTORA;2025-10-01;340266,88;CONSTR NORDESTE|00 - TUBOS PVC KRONA|CONSTRUTORA|OUT25
00 - TUBOS PVC KRONA;CONSTR NORDESTE;CONSTRUTORA;CONSTRUTORA;2025-11-01;373637,94;CONSTR NORDESTE|00 - TUBOS PVC KRONA|CONSTRUTORA|NOV25
00 - TUBOS PVC KRONA;CONSTR NORDESTE;CONSTRUTORA;CONSTRUTORA;2025-12-01;350229,89;CONSTR NORDESTE|00 - TUBOS PVC KRONA|CONSTRUTORA|DEZ25
00 - TUBOS PVC KRONA;CONSTR NORDESTE;CONSTRUTORA;OUTROS;2025-01-01;2729,04;CONSTR NORDESTE|00 - TUBOS PVC KRONA|OUTROS|JAN25
00 - TUBOS PVC KRONA;CONSTR NORDESTE;CONSTRUTORA;OUTROS;2025-02-01;1479,50;CONSTR NORDESTE|00 - TUBOS PVC KRONA|OUTROS|FEV25
00 - TUBOS PVC KRONA;CONSTR NORDESTE;CONSTRUTORA;OUTROS;2025-03-01;820,65;CONSTR NORDESTE|00 - TUBOS PVC KRONA|OUTROS|MAR25
00 - TUBOS PVC KRONA;CONSTR NORDESTE;CONSTRUTORA;OUTROS;2025-04-01;413,80;CONSTR NORDESTE|00 - TUBOS PVC KRONA|OUTROS|ABR25
00 - TUBOS PVC KRONA;CONSTR NORDESTE;CONSTRUTORA;OUTROS;2025-05-01;1493,82;CONSTR NORDESTE|00 - TUBOS PVC KRONA|OUTROS|MAI25
00 - TUBOS PVC KRONA;CONSTR NORDESTE;CONSTRUTORA;OUTROS;2025-06-01;289,29;CONSTR NORDESTE|00 - TUBOS PVC KRONA|OUTROS|JUN25
00 - TUBOS PVC KRONA;CONSTR NORDESTE;CONSTRUTORA;OUTROS;2025-07-01;1047,87;CONSTR NORDESTE|00 - TUBOS PVC KRONA|OUTROS|JUL25
00 - TUBOS PVC KRONA;CONSTR NORDESTE;CONSTRUTORA;OUTROS;2025-08-01;191,41;CONSTR NORDESTE|00 - TUBOS PVC KRONA|OUTROS|AGO25
00 - TUBOS PVC KRONA;CONSTR NORDESTE;CONSTRUTORA;OUTROS;2025-11-01;172,09;CONSTR NORDESTE|00 - TUBOS PVC KRONA|OUTROS|NOV25
00 - TUBOS PVC KRONA;CONSTR NORTE;CONSTRUTORA;CONSTRUTORA;2025-01-01;3507,39;CONSTR NORTE|00 - TUBOS PVC KRONA|CONSTRUTORA|JAN25
00 - TUBOS PVC KRONA;CONSTR NORTE;CONSTRUTORA;CONSTRUTORA;2025-02-01;9438,84;CONSTR NORTE|00 - TUBOS PVC KRONA|CONSTRUTORA|FEV25
00 - TUBOS PVC KRONA;CONSTR NORTE;CONSTRUTORA;CONSTRUTORA;2025-03-01;4115,97;CONSTR NORTE|00 - TUBOS PVC KRONA|CONSTRUTORA|MAR25
00 - TUBOS PVC KRONA;CONSTR NORTE;CONSTRUTORA;CONSTRUTORA;2025-04-01;8172,80;CONSTR NORTE|00 - TUBOS PVC KRONA|CONSTRUTORA|ABR25
00 - TUBOS PVC KRONA;CONSTR NORTE;CONSTRUTORA;CONSTRUTORA;2025-05-01;11736,81;CONSTR NORTE|00 - TUBOS PVC KRONA|CONSTRUTORA|MAI25
00 - TUBOS PVC KRONA;CONSTR NORTE;CONSTRUTORA;CONSTRUTORA;2025-06-01;11574,39;CONSTR NORTE|00 - TUBOS PVC KRONA|CONSTRUTORA|JUN25
00 - TUBOS PVC KRONA;CONSTR NORTE;CONSTRUTORA;CONSTRUTORA;2025-07-01;4763,96;CONSTR NORTE|00 - TUBOS PVC KRONA|CONSTRUTORA|JUL25
00 - TUBOS PVC KRONA;CONSTR NORTE;CONSTRUTORA;CONSTRUTORA;2025-08-01;14521,24;CONSTR NORTE|00 - TUBOS PVC KRONA|CONSTRUTORA|AGO25
00 - TUBOS PVC KRONA;CONSTR NORTE;CONSTRUTORA;CONSTRUTORA;2025-09-01;3500,48;CONSTR NORTE|00 - TUBOS PVC KRONA|CONSTRUTORA|SET25
00 - TUBOS PVC KRONA;CONSTR NORTE;CONSTRUTORA;CONSTRUTORA;2025-10-01;15812,67;CONSTR NORTE|00 - TUBOS PVC KRONA|CONSTRUTORA|OUT25
00 - TUBOS PVC KRONA;CONSTR NORTE;CONSTRUTORA;CONSTRUTORA;2025-11-01;8142,60;CONSTR NORTE|00 - TUBOS PVC KRONA|CONSTRUTORA|NOV25
00 - TUBOS PVC KRONA;CONSTR NORTE;CONSTRUTORA;CONSTRUTORA;2025-12-01;12746,65;CONSTR NORTE|00 - TUBOS PVC KRONA|CONSTRUTORA|DEZ25
00 - TUBOS PVC KRONA;CONSTR SAO PAULO;CONSTRUTORA;CONSTRUTORA;2025-01-01;80459,24;CONSTR SAO PAULO|00 - TUBOS PVC KRONA|CONSTRUTORA|JAN25
00 - TUBOS PVC KRONA;CONSTR SAO PAULO;CONSTRUTORA;CONSTRUTORA;2025-02-01;159235,69;CONSTR SAO PAULO|00 - TUBOS PVC KRONA|CONSTRUTORA|FEV25
00 - TUBOS PVC KRONA;CONSTR SAO PAULO;CONSTRUTORA;CONSTRUTORA;2025-03-01;109644,10;CONSTR SAO PAULO|00 - TUBOS PVC KRONA|CONSTRUTORA|MAR25
00 - TUBOS PVC KRONA;CONSTR SAO PAULO;CONSTRUTORA;CONSTRUTORA;2025-04-01;102602,28;CONSTR SAO PAULO|00 - TUBOS PVC KRONA|CONSTRUTORA|ABR25
00 - TUBOS PVC KRONA;CONSTR SAO PAULO;CONSTRUTORA;CONSTRUTORA;2025-05-01;109940,59;CONSTR SAO PAULO|00 - TUBOS PVC KRONA|CONSTRUTORA|MAI25
00 - TUBOS PVC KRONA;CONSTR SAO PAULO;CONSTRUTORA;CONSTRUTORA;2025-06-01;193107,95;CONSTR SAO PAULO|00 - TUBOS PVC KRONA|CONSTRUTORA|JUN25
00 - TUBOS PVC KRONA;CONSTR SAO PAULO;CONSTRUTORA;CONSTRUTORA;2025-07-01;144646,25;CONSTR SAO PAULO|00 - TUBOS PVC KRONA|CONSTRUTORA|JUL25
00 - TUBOS PVC KRONA;CONSTR SAO PAULO;CONSTRUTORA;CONSTRUTORA;2025-08-01;166739,93;CONSTR SAO PAULO|00 - TUBOS PVC KRONA|CONSTRUTORA|AGO25
00 - TUBOS PVC KRONA;CONSTR SAO PAULO;CONSTRUTORA;CONSTRUTORA;2025-09-01;100529,50;CONSTR SAO PAULO|00 - TUBOS PVC KRONA|CONSTRUTORA|SET25
00 - TUBOS PVC KRONA;CONSTR SAO PAULO;CONSTRUTORA;CONSTRUTORA;2025-10-01;114608,20;CONSTR SAO PAULO|00 - TUBOS PVC KRONA|CONSTRUTORA|OUT25
00 - TUBOS PVC KRONA;CONSTR SAO PAULO;CONSTRUTORA;CONSTRUTORA;2025-11-01;108648,42;CONSTR SAO PAULO|00 - TUBOS PVC KRONA|CONSTRUTORA|NOV25
00 - TUBOS PVC KRONA;CONSTR SAO PAULO;CONSTRUTORA;CONSTRUTORA;2025-12-01;150082,10;CONSTR SAO PAULO|00 - TUBOS PVC KRONA|CONSTRUTORA|DEZ25
00 - TUBOS PVC KRONA;CONSTR SAO PAULO;CONSTRUTORA;OUTROS;2025-05-01;2523,30;CONSTR SAO PAULO|00 - TUBOS PVC KRONA|OUTROS|MAI25
00 - TUBOS PVC KRONA;CONSTR SAO PAULO;CONSTRUTORA;OUTROS;2025-08-01;26,45;CONSTR SAO PAULO|00 - TUBOS PVC KRONA|OUTROS|AGO25
00 - TUBOS PVC KRONA;CONSTR SAO PAULO;CONSTRUTORA;OUTROS;2025-12-01;59,97;CONSTR SAO PAULO|00 - TUBOS PVC KRONA|OUTROS|DEZ25
00 - TUBOS PVC KRONA;CONSTR SAO PAULO;CONSTRUTORA;VAREJO;2025-01-01;1306,40;CONSTR SAO PAULO|00 - TUBOS PVC KRONA|VAREJO|JAN25
00 - TUBOS PVC KRONA;CONSTR SUDESTE;CONSTRUTORA;ATACADO;2025-02-01;330,02;CONSTR SUDESTE|00 - TUBOS PVC KRONA|ATACADO|FEV25
00 - TUBOS PVC KRONA;CONSTR SUDESTE;CONSTRUTORA;CONSTRUTORA;2025-01-01;2877,45;CONSTR SUDESTE|00 - TUBOS PVC KRONA|CONSTRUTORA|JAN25
00 - TUBOS PVC KRONA;CONSTR SUDESTE;CONSTRUTORA;CONSTRUTORA;2025-02-01;85140,92;CONSTR SUDESTE|00 - TUBOS PVC KRONA|CONSTRUTORA|FEV25
00 - TUBOS PVC KRONA;CONSTR SUDESTE;CONSTRUTORA;CONSTRUTORA;2025-03-01;12095,73;CONSTR SUDESTE|00 - TUBOS PVC KRONA|CONSTRUTORA|MAR25
00 - TUBOS PVC KRONA;CONSTR SUDESTE;CONSTRUTORA;CONSTRUTORA;2025-04-01;34853,12;CONSTR SUDESTE|00 - TUBOS PVC KRONA|CONSTRUTORA|ABR25
00 - TUBOS PVC KRONA;CONSTR SUDESTE;CONSTRUTORA;CONSTRUTORA;2025-05-01;35449,77;CONSTR SUDESTE|00 - TUBOS PVC KRONA|CONSTRUTORA|MAI25
00 - TUBOS PVC KRONA;CONSTR SUDESTE;CONSTRUTORA;CONSTRUTORA;2025-06-01;79496,45;CONSTR SUDESTE|00 - TUBOS PVC KRONA|CONSTRUTORA|JUN25
00 - TUBOS PVC KRONA;CONSTR SUDESTE;CONSTRUTORA;CONSTRUTORA;2025-07-01;55542,57;CONSTR SUDESTE|00 - TUBOS PVC KRONA|CONSTRUTORA|JUL25
00 - TUBOS PVC KRONA;CONSTR SUDESTE;CONSTRUTORA;CONSTRUTORA;2025-08-01;34849,61;CONSTR SUDESTE|00 - TUBOS PVC KRONA|CONSTRUTORA|AGO25
00 - TUBOS PVC KRONA;CONSTR SUDESTE;CONSTRUTORA;CONSTRUTORA;2025-09-01;19964,10;CONSTR SUDESTE|00 - TUBOS PVC KRONA|CONSTRUTORA|SET25
00 - TUBOS PVC KRONA;CONSTR SUDESTE;CONSTRUTORA;CONSTRUTORA;2025-10-01;47289,42;CONSTR SUDESTE|00 - TUBOS PVC KRONA|CONSTRUTORA|OUT25
00 - TUBOS PVC KRONA;CONSTR SUDESTE;CONSTRUTORA;CONSTRUTORA;2025-11-01;22161,66;CONSTR SUDESTE|00 - TUBOS PVC KRONA|CONSTRUTORA|NOV25
00 - TUBOS PVC KRONA;CONSTR SUDESTE;CONSTRUTORA;CONSTRUTORA;2025-12-01;45929,55;CONSTR SUDESTE|00 - TUBOS PVC KRONA|CONSTRUTORA|DEZ25
00 - TUBOS PVC KRONA;CONSTR SUDESTE;CONSTRUTORA;OUTROS;2025-02-01;205,95;CONSTR SUDESTE|00 - TUBOS PVC KRONA|OUTROS|FEV25
00 - TUBOS PVC KRONA;CONSTR SUL;CONSTRUTORA;CONSTRUTORA;2025-01-01;118109,08;CONSTR SUL|00 - TUBOS PVC KRONA|CONSTRUTORA|JAN25
00 - TUBOS PVC KRONA;CONSTR SUL;CONSTRUTORA;CONSTRUTORA;2025-02-01;173687,64;CONSTR SUL|00 - TUBOS PVC KRONA|CONSTRUTORA|FEV25
00 - TUBOS PVC KRONA;CONSTR SUL;CONSTRUTORA;CONSTRUTORA;2025-03-01;144263,38;CONSTR SUL|00 - TUBOS PVC KRONA|CONSTRUTORA|MAR25
00 - TUBOS PVC KRONA;CONSTR SUL;CONSTRUTORA;CONSTRUTORA;2025-04-01;128421,89;CONSTR SUL|00 - TUBOS PVC KRONA|CONSTRUTORA|ABR25
00 - TUBOS PVC KRONA;CONSTR SUL;CONSTRUTORA;CONSTRUTORA;2025-05-01;192185,41;CONSTR SUL|00 - TUBOS PVC KRONA|CONSTRUTORA|MAI25
00 - TUBOS PVC KRONA;CONSTR SUL;CONSTRUTORA;CONSTRUTORA;2025-06-01;260783,03;CONSTR SUL|00 - TUBOS PVC KRONA|CONSTRUTORA|JUN25
00 - TUBOS PVC KRONA;CONSTR SUL;CONSTRUTORA;CONSTRUTORA;2025-07-01;199935,07;CONSTR SUL|00 - TUBOS PVC KRONA|CONSTRUTORA|JUL25
00 - TUBOS PVC KRONA;CONSTR SUL;CONSTRUTORA;CONSTRUTORA;2025-08-01;198892,48;CONSTR SUL|00 - TUBOS PVC KRONA|CONSTRUTORA|AGO25
00 - TUBOS PVC KRONA;CONSTR SUL;CONSTRUTORA;CONSTRUTORA;2025-09-01;159430,67;CONSTR SUL|00 - TUBOS PVC KRONA|CONSTRUTORA|SET25
00 - TUBOS PVC KRONA;CONSTR SUL;CONSTRUTORA;CONSTRUTORA;2025-10-01;153640,99;CONSTR SUL|00 - TUBOS PVC KRONA|CONSTRUTORA|OUT25
00 - TUBOS PVC KRONA;CONSTR SUL;CONSTRUTORA;CONSTRUTORA;2025-11-01;150689,41;CONSTR SUL|00 - TUBOS PVC KRONA|CONSTRUTORA|NOV25
00 - TUBOS PVC KRONA;CONSTR SUL;CONSTRUTORA;CONSTRUTORA;2025-12-01;161276,82;CONSTR SUL|00 - TUBOS PVC KRONA|CONSTRUTORA|DEZ25
00 - TUBOS PVC KRONA;CONSTR SUL;CONSTRUTORA;VAREJO;2025-01-01;688,88;CONSTR SUL|00 - TUBOS PVC KRONA|VAREJO|JAN25
00 - TUBOS PVC KRONA;CONSTR SUL;CONSTRUTORA;VAREJO;2025-02-01;1458,70;CONSTR SUL|00 - TUBOS PVC KRONA|VAREJO|FEV25
00 - TUBOS PVC KRONA;CONSTR SUL;CONSTRUTORA;VAREJO;2025-03-01;367,85;CONSTR SUL|00 - TUBOS PVC KRONA|VAREJO|MAR25
00 - TUBOS PVC KRONA;CONSTR SUL;CONSTRUTORA;VAREJO;2025-04-01;559,95;CONSTR SUL|00 - TUBOS PVC KRONA|VAREJO|ABR25
00 - TUBOS PVC KRONA;CONSTR SUL;CONSTRUTORA;VAREJO;2025-09-01;62,55;CONSTR SUL|00 - TUBOS PVC KRONA|VAREJO|SET25
00 - TUBOS PVC KRONA;EXPORTACAO;EXPORTACAO;EXPORTACAO;2025-01-01;11238,70;EXPORTACAO|00 - TUBOS PVC KRONA|EXPORTACAO|JAN25
00 - TUBOS PVC KRONA;EXPORTACAO;EXPORTACAO;EXPORTACAO;2025-02-01;1049,20;EXPORTACAO|00 - TUBOS PVC KRONA|EXPORTACAO|FEV25
00 - TUBOS PVC KRONA;EXPORTACAO;EXPORTACAO;EXPORTACAO;2025-03-01;9255,11;EXPORTACAO|00 - TUBOS PVC KRONA|EXPORTACAO|MAR25
00 - TUBOS PVC KRONA;EXPORTACAO;EXPORTACAO;EXPORTACAO;2025-04-01;11084,58;EXPORTACAO|00 - TUBOS PVC KRONA|EXPORTACAO|ABR25
00 - TUBOS PVC KRONA;EXPORTACAO;EXPORTACAO;EXPORTACAO;2025-05-01;9057,04;EXPORTACAO|00 - TUBOS PVC KRONA|EXPORTACAO|MAI25
00 - TUBOS PVC KRONA;EXPORTACAO;EXPORTACAO;EXPORTACAO;2025-06-01;31912,73;EXPORTACAO|00 - TUBOS PVC KRONA|EXPORTACAO|JUN25
00 - TUBOS PVC KRONA;EXPORTACAO;EXPORTACAO;EXPORTACAO;2025-07-01;9320,80;EXPORTACAO|00 - TUBOS PVC KRONA|EXPORTACAO|JUL25
00 - TUBOS PVC KRONA;EXPORTACAO;EXPORTACAO;EXPORTACAO;2025-08-01;19550,55;EXPORTACAO|00 - TUBOS PVC KRONA|EXPORTACAO|AGO25
00 - TUBOS PVC KRONA;EXPORTACAO;EXPORTACAO;EXPORTACAO;2025-09-01;213,00;EXPORTACAO|00 - TUBOS PVC KRONA|EXPORTACAO|SET25
00 - TUBOS PVC KRONA;EXPORTACAO;EXPORTACAO;EXPORTACAO;2025-11-01;19039,28;EXPORTACAO|00 - TUBOS PVC KRONA|EXPORTACAO|NOV25
00 - TUBOS PVC KRONA;EXPORTACAO;EXPORTACAO;EXPORTACAO;2025-12-01;13999,37;EXPORTACAO|00 - TUBOS PVC KRONA|EXPORTACAO|DEZ25
00 - TUBOS PVC KRONA;IRRIGACAO 1;IRRIGACAO;IRRIGACAO;2025-01-01;6104,28;IRRIGACAO 1|00 - TUBOS PVC KRONA|IRRIGACAO|JAN25
00 - TUBOS PVC KRONA;IRRIGACAO 1;IRRIGACAO;IRRIGACAO;2025-02-01;10134,35;IRRIGACAO 1|00 - TUBOS PVC KRONA|IRRIGACAO|FEV25
00 - TUBOS PVC KRONA;IRRIGACAO 1;IRRIGACAO;IRRIGACAO;2025-03-01;6458,43;IRRIGACAO 1|00 - TUBOS PVC KRONA|IRRIGACAO|MAR25
00 - TUBOS PVC KRONA;IRRIGACAO 1;IRRIGACAO;IRRIGACAO;2025-04-01;4370,41;IRRIGACAO 1|00 - TUBOS PVC KRONA|IRRIGACAO|ABR25
00 - TUBOS PVC KRONA;IRRIGACAO 1;IRRIGACAO;IRRIGACAO;2025-05-01;7560,62;IRRIGACAO 1|00 - TUBOS PVC KRONA|IRRIGACAO|MAI25
00 - TUBOS PVC KRONA;IRRIGACAO 1;IRRIGACAO;IRRIGACAO;2025-06-01;12194,22;IRRIGACAO 1|00 - TUBOS PVC KRONA|IRRIGACAO|JUN25
00 - TUBOS PVC KRONA;IRRIGACAO 1;IRRIGACAO;IRRIGACAO;2025-07-01;11916,53;IRRIGACAO 1|00 - TUBOS PVC KRONA|IRRIGACAO|JUL25
00 - TUBOS PVC KRONA;IRRIGACAO 1;IRRIGACAO;IRRIGACAO;2025-08-01;2982,34;IRRIGACAO 1|00 - TUBOS PVC KRONA|IRRIGACAO|AGO25
00 - TUBOS PVC KRONA;IRRIGACAO 1;IRRIGACAO;IRRIGACAO;2025-09-01;9974,36;IRRIGACAO 1|00 - TUBOS PVC KRONA|IRRIGACAO|SET25
00 - TUBOS PVC KRONA;IRRIGACAO 1;IRRIGACAO;IRRIGACAO;2025-10-01;9038,89;IRRIGACAO 1|00 - TUBOS PVC KRONA|IRRIGACAO|OUT25
00 - TUBOS PVC KRONA;IRRIGACAO 1;IRRIGACAO;IRRIGACAO;2025-11-01;11722,36;IRRIGACAO 1|00 - TUBOS PVC KRONA|IRRIGACAO|NOV25
00 - TUBOS PVC KRONA;IRRIGACAO 1;IRRIGACAO;IRRIGACAO;2025-12-01;12513,50;IRRIGACAO 1|00 - TUBOS PVC KRONA|IRRIGACAO|DEZ25
00 - TUBOS PVC KRONA;IRRIGACAO 2;IRRIGACAO;IRRIGACAO;2025-01-01;1123,56;IRRIGACAO 2|00 - TUBOS PVC KRONA|IRRIGACAO|JAN25
00 - TUBOS PVC KRONA;IRRIGACAO 2;IRRIGACAO;IRRIGACAO;2025-02-01;1593,84;IRRIGACAO 2|00 - TUBOS PVC KRONA|IRRIGACAO|FEV25
00 - TUBOS PVC KRONA;IRRIGACAO 2;IRRIGACAO;IRRIGACAO;2025-03-01;1329,21;IRRIGACAO 2|00 - TUBOS PVC KRONA|IRRIGACAO|MAR25
00 - TUBOS PVC KRONA;IRRIGACAO 2;IRRIGACAO;IRRIGACAO;2025-04-01;3854,07;IRRIGACAO 2|00 - TUBOS PVC KRONA|IRRIGACAO|ABR25
00 - TUBOS PVC KRONA;IRRIGACAO 2;IRRIGACAO;IRRIGACAO;2025-05-01;1549,08;IRRIGACAO 2|00 - TUBOS PVC KRONA|IRRIGACAO|MAI25
00 - TUBOS PVC KRONA;IRRIGACAO 2;IRRIGACAO;IRRIGACAO;2025-06-01;9118,91;IRRIGACAO 2|00 - TUBOS PVC KRONA|IRRIGACAO|JUN25
00 - TUBOS PVC KRONA;IRRIGACAO 2;IRRIGACAO;IRRIGACAO;2025-07-01;8216,36;IRRIGACAO 2|00 - TUBOS PVC KRONA|IRRIGACAO|JUL25
00 - TUBOS PVC KRONA;IRRIGACAO 2;IRRIGACAO;IRRIGACAO;2025-08-01;3170,00;IRRIGACAO 2|00 - TUBOS PVC KRONA|IRRIGACAO|AGO25
00 - TUBOS PVC KRONA;IRRIGACAO 2;IRRIGACAO;IRRIGACAO;2025-09-01;3358,52;IRRIGACAO 2|00 - TUBOS PVC KRONA|IRRIGACAO|SET25
00 - TUBOS PVC KRONA;IRRIGACAO 2;IRRIGACAO;IRRIGACAO;2025-10-01;3181,67;IRRIGACAO 2|00 - TUBOS PVC KRONA|IRRIGACAO|OUT25
00 - TUBOS PVC KRONA;IRRIGACAO 2;IRRIGACAO;IRRIGACAO;2025-11-01;5613,78;IRRIGACAO 2|00 - TUBOS PVC KRONA|IRRIGACAO|NOV25
00 - TUBOS PVC KRONA;IRRIGACAO 2;IRRIGACAO;IRRIGACAO;2025-12-01;6350,70;IRRIGACAO 2|00 - TUBOS PVC KRONA|IRRIGACAO|DEZ25
00 - TUBOS PVC KRONA;MINAS GERAIS;MINAS RJ/ES;ATACADO;2025-01-01;488328,66;MINAS GERAIS|00 - TUBOS PVC KRONA|ATACADO|JAN25
00 - TUBOS PVC KRONA;MINAS GERAIS;MINAS RJ/ES;ATACADO;2025-02-01;32633,04;MINAS GERAIS|00 - TUBOS PVC KRONA|ATACADO|FEV25
00 - TUBOS PVC KRONA;MINAS GERAIS;MINAS RJ/ES;ATACADO;2025-03-01;699555,27;MINAS GERAIS|00 - TUBOS PVC KRONA|ATACADO|MAR25
00 - TUBOS PVC KRONA;MINAS GERAIS;MINAS RJ/ES;ATACADO;2025-04-01;127847,09;MINAS GERAIS|00 - TUBOS PVC KRONA|ATACADO|ABR25
00 - TUBOS PVC KRONA;MINAS GERAIS;MINAS RJ/ES;ATACADO;2025-05-01;90977,07;MINAS GERAIS|00 - TUBOS PVC KRONA|ATACADO|MAI25
00 - TUBOS PVC KRONA;MINAS GERAIS;MINAS RJ/ES;ATACADO;2025-06-01;1016611,28;MINAS GERAIS|00 - TUBOS PVC KRONA|ATACADO|JUN25
00 - TUBOS PVC KRONA;MINAS GERAIS;MINAS RJ/ES;ATACADO;2025-07-01;127905,48;MINAS GERAIS|00 - TUBOS PVC KRONA|ATACADO|JUL25
00 - TUBOS PVC KRONA;MINAS GERAIS;MINAS RJ/ES;ATACADO;2025-08-01;226872,19;MINAS GERAIS|00 - TUBOS PVC KRONA|ATACADO|AGO25
00 - TUBOS PVC KRONA;MINAS GERAIS;MINAS RJ/ES;ATACADO;2025-09-01;450777,02;MINAS GERAIS|00 - TUBOS PVC KRONA|ATACADO|SET25
00 - TUBOS PVC KRONA;MINAS GERAIS;MINAS RJ/ES;ATACADO;2025-10-01;495392,74;MINAS GERAIS|00 - TUBOS PVC KRONA|ATACADO|OUT25
00 - TUBOS PVC KRONA;MINAS GERAIS;MINAS RJ/ES;ATACADO;2025-11-01;617600,66;MINAS GERAIS|00 - TUBOS PVC KRONA|ATACADO|NOV25
00 - TUBOS PVC KRONA;MINAS GERAIS;MINAS RJ/ES;ATACADO;2025-12-01;419844,72;MINAS GERAIS|00 - TUBOS PVC KRONA|ATACADO|DEZ25
00 - TUBOS PVC KRONA;MINAS GERAIS;MINAS RJ/ES;OUTROS;2025-03-01;364,37;MINAS GERAIS|00 - TUBOS PVC KRONA|OUTROS|MAR25
00 - TUBOS PVC KRONA;MINAS GERAIS;MINAS RJ/ES;OUTROS;2025-04-01;577,65;MINAS GERAIS|00 - TUBOS PVC KRONA|OUTROS|ABR25
00 - TUBOS PVC KRONA;MINAS GERAIS;MINAS RJ/ES;OUTROS;2025-05-01;857,07;MINAS GERAIS|00 - TUBOS PVC KRONA|OUTROS|MAI25
00 - TUBOS PVC KRONA;MINAS GERAIS;MINAS RJ/ES;OUTROS;2025-06-01;103,41;MINAS GERAIS|00 - TUBOS PVC KRONA|OUTROS|JUN25
00 - TUBOS PVC KRONA;MINAS GERAIS;MINAS RJ/ES;OUTROS;2025-07-01;198,08;MINAS GERAIS|00 - TUBOS PVC KRONA|OUTROS|JUL25
00 - TUBOS PVC KRONA;MINAS GERAIS;MINAS RJ/ES;OUTROS;2025-08-01;263,33;MINAS GERAIS|00 - TUBOS PVC KRONA|OUTROS|AGO25
00 - TUBOS PVC KRONA;MINAS GERAIS;MINAS RJ/ES;OUTROS;2025-09-01;9,84;MINAS GERAIS|00 - TUBOS PVC KRONA|OUTROS|SET25
00 - TUBOS PVC KRONA;MINAS GERAIS;MINAS RJ/ES;OUTROS;2025-10-01;341,87;MINAS GERAIS|00 - TUBOS PVC KRONA|OUTROS|OUT25
00 - TUBOS PVC KRONA;MINAS GERAIS;MINAS RJ/ES;OUTROS;2025-11-01;69,35;MINAS GERAIS|00 - TUBOS PVC KRONA|OUTROS|NOV25
00 - TUBOS PVC KRONA;MINAS GERAIS;MINAS RJ/ES;VAREJO;2025-01-01;83126,83;MINAS GERAIS|00 - TUBOS PVC KRONA|VAREJO|JAN25
00 - TUBOS PVC KRONA;MINAS GERAIS;MINAS RJ/ES;VAREJO;2025-02-01;198992,80;MINAS GERAIS|00 - TUBOS PVC KRONA|VAREJO|FEV25
00 - TUBOS PVC KRONA;MINAS GERAIS;MINAS RJ/ES;VAREJO;2025-03-01;102353,96;MINAS GERAIS|00 - TUBOS PVC KRONA|VAREJO|MAR25
00 - TUBOS PVC KRONA;MINAS GERAIS;MINAS RJ/ES;VAREJO;2025-04-01;178137,58;MINAS GERAIS|00 - TUBOS PVC KRONA|VAREJO|ABR25
00 - TUBOS PVC KRONA;MINAS GERAIS;MINAS RJ/ES;VAREJO;2025-05-01;173952,92;MINAS GERAIS|00 - TUBOS PVC KRONA|VAREJO|MAI25
00 - TUBOS PVC KRONA;MINAS GERAIS;MINAS RJ/ES;VAREJO;2025-06-01;354915,40;MINAS GERAIS|00 - TUBOS PVC KRONA|VAREJO|JUN25
00 - TUBOS PVC KRONA;MINAS GERAIS;MINAS RJ/ES;VAREJO;2025-07-01;238850,72;MINAS GERAIS|00 - TUBOS PVC KRONA|VAREJO|JUL25
00 - TUBOS PVC KRONA;MINAS GERAIS;MINAS RJ/ES;VAREJO;2025-08-01;119540,67;MINAS GERAIS|00 - TUBOS PVC KRONA|VAREJO|AGO25
00 - TUBOS PVC KRONA;MINAS GERAIS;MINAS RJ/ES;VAREJO;2025-09-01;110655,97;MINAS GERAIS|00 - TUBOS PVC KRONA|VAREJO|SET25
00 - TUBOS PVC KRONA;MINAS GERAIS;MINAS RJ/ES;VAREJO;2025-10-01;192479,44;MINAS GERAIS|00 - TUBOS PVC KRONA|VAREJO|OUT25
00 - TUBOS PVC KRONA;MINAS GERAIS;MINAS RJ/ES;VAREJO;2025-11-01;163190,60;MINAS GERAIS|00 - TUBOS PVC KRONA|VAREJO|NOV25
00 - TUBOS PVC KRONA;MINAS GERAIS;MINAS RJ/ES;VAREJO;2025-12-01;201718,61;MINAS GERAIS|00 - TUBOS PVC KRONA|VAREJO|DEZ25
00 - TUBOS PVC KRONA;NORDESTE 1;NORDESTE;ATACADO;2025-01-01;152359,37;NORDESTE 1|00 - TUBOS PVC KRONA|ATACADO|JAN25
00 - TUBOS PVC KRONA;NORDESTE 1;NORDESTE;ATACADO;2025-02-01;22212,30;NORDESTE 1|00 - TUBOS PVC KRONA|ATACADO|FEV25
00 - TUBOS PVC KRONA;NORDESTE 1;NORDESTE;ATACADO;2025-03-01;4848,60;NORDESTE 1|00 - TUBOS PVC KRONA|ATACADO|MAR25
00 - TUBOS PVC KRONA;NORDESTE 1;NORDESTE;ATACADO;2025-04-01;231125,98;NORDESTE 1|00 - TUBOS PVC KRONA|ATACADO|ABR25
00 - TUBOS PVC KRONA;NORDESTE 1;NORDESTE;ATACADO;2025-05-01;163174,80;NORDESTE 1|00 - TUBOS PVC KRONA|ATACADO|MAI25
00 - TUBOS PVC KRONA;NORDESTE 1;NORDESTE;ATACADO;2025-06-01;302027,46;NORDESTE 1|00 - TUBOS PVC KRONA|ATACADO|JUN25
00 - TUBOS PVC KRONA;NORDESTE 1;NORDESTE;ATACADO;2025-07-01;38,43;NORDESTE 1|00 - TUBOS PVC KRONA|ATACADO|JUL25
00 - TUBOS PVC KRONA;NORDESTE 1;NORDESTE;ATACADO;2025-08-01;252690,48;NORDESTE 1|00 - TUBOS PVC KRONA|ATACADO|AGO25
00 - TUBOS PVC KRONA;NORDESTE 1;NORDESTE;ATACADO;2025-09-01;35800,10;NORDESTE 1|00 - TUBOS PVC KRONA|ATACADO|SET25
00 - TUBOS PVC KRONA;NORDESTE 1;NORDESTE;ATACADO;2025-10-01;170372,62;NORDESTE 1|00 - TUBOS PVC KRONA|ATACADO|OUT25
00 - TUBOS PVC KRONA;NORDESTE 1;NORDESTE;ATACADO;2025-11-01;166492,01;NORDESTE 1|00 - TUBOS PVC KRONA|ATACADO|NOV25
00 - TUBOS PVC KRONA;NORDESTE 1;NORDESTE;ATACADO;2025-12-01;394470,75;NORDESTE 1|00 - TUBOS PVC KRONA|ATACADO|DEZ25
00 - TUBOS PVC KRONA;NORDESTE 1;NORDESTE;OUTROS;2025-02-01;2307,16;NORDESTE 1|00 - TUBOS PVC KRONA|OUTROS|FEV25
00 - TUBOS PVC KRONA;NORDESTE 1;NORDESTE;OUTROS;2025-04-01;461,63;NORDESTE 1|00 - TUBOS PVC KRONA|OUTROS|ABR25
00 - TUBOS PVC KRONA;NORDESTE 1;NORDESTE;OUTROS;2025-05-01;345,93;NORDESTE 1|00 - TUBOS PVC KRONA|OUTROS|MAI25
00 - TUBOS PVC KRONA;NORDESTE 1;NORDESTE;OUTROS;2025-06-01;1721,90;NORDESTE 1|00 - TUBOS PVC KRONA|OUTROS|JUN25
00 - TUBOS PVC KRONA;NORDESTE 1;NORDESTE;OUTROS;2025-08-01;3391,03;NORDESTE 1|00 - TUBOS PVC KRONA|OUTROS|AGO25
00 - TUBOS PVC KRONA;NORDESTE 1;NORDESTE;OUTROS;2025-09-01;74,88;NORDESTE 1|00 - TUBOS PVC KRONA|OUTROS|SET25
00 - TUBOS PVC KRONA;NORDESTE 1;NORDESTE;OUTROS;2025-10-01;147,94;NORDESTE 1|00 - TUBOS PVC KRONA|OUTROS|OUT25
00 - TUBOS PVC KRONA;NORDESTE 1;NORDESTE;OUTROS;2025-11-01;1284,37;NORDESTE 1|00 - TUBOS PVC KRONA|OUTROS|NOV25
00 - TUBOS PVC KRONA;NORDESTE 1;NORDESTE;OUTROS;2025-12-01;399,11;NORDESTE 1|00 - TUBOS PVC KRONA|OUTROS|DEZ25
00 - TUBOS PVC KRONA;NORDESTE 1;NORDESTE;VAREJO;2025-01-01;116326,31;NORDESTE 1|00 - TUBOS PVC KRONA|VAREJO|JAN25
00 - TUBOS PVC KRONA;NORDESTE 1;NORDESTE;VAREJO;2025-02-01;106036,91;NORDESTE 1|00 - TUBOS PVC KRONA|VAREJO|FEV25
00 - TUBOS PVC KRONA;NORDESTE 1;NORDESTE;VAREJO;2025-03-01;61313,39;NORDESTE 1|00 - TUBOS PVC KRONA|VAREJO|MAR25
00 - TUBOS PVC KRONA;NORDESTE 1;NORDESTE;VAREJO;2025-04-01;113175,92;NORDESTE 1|00 - TUBOS PVC KRONA|VAREJO|ABR25
00 - TUBOS PVC KRONA;NORDESTE 1;NORDESTE;VAREJO;2025-05-01;139097,89;NORDESTE 1|00 - TUBOS PVC KRONA|VAREJO|MAI25
00 - TUBOS PVC KRONA;NORDESTE 1;NORDESTE;VAREJO;2025-06-01;362462,78;NORDESTE 1|00 - TUBOS PVC KRONA|VAREJO|JUN25
00 - TUBOS PVC KRONA;NORDESTE 1;NORDESTE;VAREJO;2025-07-01;87056,13;NORDESTE 1|00 - TUBOS PVC KRONA|VAREJO|JUL25
00 - TUBOS PVC KRONA;NORDESTE 1;NORDESTE;VAREJO;2025-08-01;149078,51;NORDESTE 1|00 - TUBOS PVC KRONA|VAREJO|AGO25
00 - TUBOS PVC KRONA;NORDESTE 1;NORDESTE;VAREJO;2025-09-01;86645,47;NORDESTE 1|00 - TUBOS PVC KRONA|VAREJO|SET25
00 - TUBOS PVC KRONA;NORDESTE 1;NORDESTE;VAREJO;2025-10-01;127156,88;NORDESTE 1|00 - TUBOS PVC KRONA|VAREJO|OUT25
00 - TUBOS PVC KRONA;NORDESTE 1;NORDESTE;VAREJO;2025-11-01;97338,58;NORDESTE 1|00 - TUBOS PVC KRONA|VAREJO|NOV25
00 - TUBOS PVC KRONA;NORDESTE 1;NORDESTE;VAREJO;2025-12-01;114686,34;NORDESTE 1|00 - TUBOS PVC KRONA|VAREJO|DEZ25
00 - TUBOS PVC KRONA;NORDESTE 2;NORDESTE;ATACADO;2025-01-01;421492,12;NORDESTE 2|00 - TUBOS PVC KRONA|ATACADO|JAN25
00 - TUBOS PVC KRONA;NORDESTE 2;NORDESTE;ATACADO;2025-02-01;319370,33;NORDESTE 2|00 - TUBOS PVC KRONA|ATACADO|FEV25
00 - TUBOS PVC KRONA;NORDESTE 2;NORDESTE;ATACADO;2025-03-01;446516,42;NORDESTE 2|00 - TUBOS PVC KRONA|ATACADO|MAR25
00 - TUBOS PVC KRONA;NORDESTE 2;NORDESTE;ATACADO;2025-04-01;376780,99;NORDESTE 2|00 - TUBOS PVC KRONA|ATACADO|ABR25
00 - TUBOS PVC KRONA;NORDESTE 2;NORDESTE;ATACADO;2025-05-01;697169,40;NORDESTE 2|00 - TUBOS PVC KRONA|ATACADO|MAI25
00 - TUBOS PVC KRONA;NORDESTE 2;NORDESTE;ATACADO;2025-06-01;915014,15;NORDESTE 2|00 - TUBOS PVC KRONA|ATACADO|JUN25
00 - TUBOS PVC KRONA;NORDESTE 2;NORDESTE;ATACADO;2025-07-01;361751,32;NORDESTE 2|00 - TUBOS PVC KRONA|ATACADO|JUL25
00 - TUBOS PVC KRONA;NORDESTE 2;NORDESTE;ATACADO;2025-08-01;819401,99;NORDESTE 2|00 - TUBOS PVC KRONA|ATACADO|AGO25
00 - TUBOS PVC KRONA;NORDESTE 2;NORDESTE;ATACADO;2025-09-01;481827,80;NORDESTE 2|00 - TUBOS PVC KRONA|ATACADO|SET25
00 - TUBOS PVC KRONA;NORDESTE 2;NORDESTE;ATACADO;2025-10-01;626329,73;NORDESTE 2|00 - TUBOS PVC KRONA|ATACADO|OUT25
00 - TUBOS PVC KRONA;NORDESTE 2;NORDESTE;ATACADO;2025-11-01;1049152,77;NORDESTE 2|00 - TUBOS PVC KRONA|ATACADO|NOV25
00 - TUBOS PVC KRONA;NORDESTE 2;NORDESTE;ATACADO;2025-12-01;530098,13;NORDESTE 2|00 - TUBOS PVC KRONA|ATACADO|DEZ25
00 - TUBOS PVC KRONA;NORDESTE 2;NORDESTE;OUTROS;2025-04-01;588,87;NORDESTE 2|00 - TUBOS PVC KRONA|OUTROS|ABR25
00 - TUBOS PVC KRONA;NORDESTE 2;NORDESTE;OUTROS;2025-08-01;1306,89;NORDESTE 2|00 - TUBOS PVC KRONA|OUTROS|AGO25
00 - TUBOS PVC KRONA;NORDESTE 2;NORDESTE;OUTROS;2025-11-01;1684,09;NORDESTE 2|00 - TUBOS PVC KRONA|OUTROS|NOV25
00 - TUBOS PVC KRONA;NORDESTE 2;NORDESTE;VAREJO;2025-01-01;111918,60;NORDESTE 2|00 - TUBOS PVC KRONA|VAREJO|JAN25
00 - TUBOS PVC KRONA;NORDESTE 2;NORDESTE;VAREJO;2025-02-01;122239,83;NORDESTE 2|00 - TUBOS PVC KRONA|VAREJO|FEV25
00 - TUBOS PVC KRONA;NORDESTE 2;NORDESTE;VAREJO;2025-03-01;184679,33;NORDESTE 2|00 - TUBOS PVC KRONA|VAREJO|MAR25
00 - TUBOS PVC KRONA;NORDESTE 2;NORDESTE;VAREJO;2025-04-01;141142,07;NORDESTE 2|00 - TUBOS PVC KRONA|VAREJO|ABR25
00 - TUBOS PVC KRONA;NORDESTE 2;NORDESTE;VAREJO;2025-05-01;232072,71;NORDESTE 2|00 - TUBOS PVC KRONA|VAREJO|MAI25
00 - TUBOS PVC KRONA;NORDESTE 2;NORDESTE;VAREJO;2025-06-01;402196,08;NORDESTE 2|00 - TUBOS PVC KRONA|VAREJO|JUN25
00 - TUBOS PVC KRONA;NORDESTE 2;NORDESTE;VAREJO;2025-07-01;229394,56;NORDESTE 2|00 - TUBOS PVC KRONA|VAREJO|JUL25
00 - TUBOS PVC KRONA;NORDESTE 2;NORDESTE;VAREJO;2025-08-01;150990,35;NORDESTE 2|00 - TUBOS PVC KRONA|VAREJO|AGO25
00 - TUBOS PVC KRONA;NORDESTE 2;NORDESTE;VAREJO;2025-09-01;127984,93;NORDESTE 2|00 - TUBOS PVC KRONA|VAREJO|SET25
00 - TUBOS PVC KRONA;NORDESTE 2;NORDESTE;VAREJO;2025-10-01;183800,98;NORDESTE 2|00 - TUBOS PVC KRONA|VAREJO|OUT25
00 - TUBOS PVC KRONA;NORDESTE 2;NORDESTE;VAREJO;2025-11-01;310258,20;NORDESTE 2|00 - TUBOS PVC KRONA|VAREJO|NOV25
00 - TUBOS PVC KRONA;NORDESTE 2;NORDESTE;VAREJO;2025-12-01;164857,21;NORDESTE 2|00 - TUBOS PVC KRONA|VAREJO|DEZ25
00 - TUBOS PVC KRONA;NORDESTE 3;NORDESTE;ATACADO;2025-01-01;454048,71;NORDESTE 3|00 - TUBOS PVC KRONA|ATACADO|JAN25
00 - TUBOS PVC KRONA;NORDESTE 3;NORDESTE;ATACADO;2025-02-01;47085,68;NORDESTE 3|00 - TUBOS PVC KRONA|ATACADO|FEV25
00 - TUBOS PVC KRONA;NORDESTE 3;NORDESTE;ATACADO;2025-03-01;503891,59;NORDESTE 3|00 - TUBOS PVC KRONA|ATACADO|MAR25
00 - TUBOS PVC KRONA;NORDESTE 3;NORDESTE;ATACADO;2025-04-01;372134,91;NORDESTE 3|00 - TUBOS PVC KRONA|ATACADO|ABR25
00 - TUBOS PVC KRONA;NORDESTE 3;NORDESTE;ATACADO;2025-05-01;483072,57;NORDESTE 3|00 - TUBOS PVC KRONA|ATACADO|MAI25
00 - TUBOS PVC KRONA;NORDESTE 3;NORDESTE;ATACADO;2025-06-01;445973,06;NORDESTE 3|00 - TUBOS PVC KRONA|ATACADO|JUN25
00 - TUBOS PVC KRONA;NORDESTE 3;NORDESTE;ATACADO;2025-07-01;390450,95;NORDESTE 3|00 - TUBOS PVC KRONA|ATACADO|JUL25
00 - TUBOS PVC KRONA;NORDESTE 3;NORDESTE;ATACADO;2025-08-01;871633,24;NORDESTE 3|00 - TUBOS PVC KRONA|ATACADO|AGO25
00 - TUBOS PVC KRONA;NORDESTE 3;NORDESTE;ATACADO;2025-09-01;394694,54;NORDESTE 3|00 - TUBOS PVC KRONA|ATACADO|SET25
00 - TUBOS PVC KRONA;NORDESTE 3;NORDESTE;ATACADO;2025-10-01;453731,45;NORDESTE 3|00 - TUBOS PVC KRONA|ATACADO|OUT25
00 - TUBOS PVC KRONA;NORDESTE 3;NORDESTE;ATACADO;2025-11-01;736747,20;NORDESTE 3|00 - TUBOS PVC KRONA|ATACADO|NOV25
00 - TUBOS PVC KRONA;NORDESTE 3;NORDESTE;ATACADO;2025-12-01;637933,03;NORDESTE 3|00 - TUBOS PVC KRONA|ATACADO|DEZ25
00 - TUBOS PVC KRONA;NORDESTE 3;NORDESTE;OUTROS;2025-01-01;275,15;NORDESTE 3|00 - TUBOS PVC KRONA|OUTROS|JAN25
00 - TUBOS PVC KRONA;NORDESTE 3;NORDESTE;OUTROS;2025-02-01;408,80;NORDESTE 3|00 - TUBOS PVC KRONA|OUTROS|FEV25
00 - TUBOS PVC KRONA;NORDESTE 3;NORDESTE;OUTROS;2025-03-01;643,20;NORDESTE 3|00 - TUBOS PVC KRONA|OUTROS|MAR25
00 - TUBOS PVC KRONA;NORDESTE 3;NORDESTE;OUTROS;2025-05-01;2027,20;NORDESTE 3|00 - TUBOS PVC KRONA|OUTROS|MAI25
00 - TUBOS PVC KRONA;NORDESTE 3;NORDESTE;OUTROS;2025-06-01;3496,17;NORDESTE 3|00 - TUBOS PVC KRONA|OUTROS|JUN25
00 - TUBOS PVC KRONA;NORDESTE 3;NORDESTE;OUTROS;2025-07-01;345,15;NORDESTE 3|00 - TUBOS PVC KRONA|OUTROS|JUL25
00 - TUBOS PVC KRONA;NORDESTE 3;NORDESTE;OUTROS;2025-08-01;1297,80;NORDESTE 3|00 - TUBOS PVC KRONA|OUTROS|AGO25
00 - TUBOS PVC KRONA;NORDESTE 3;NORDESTE;OUTROS;2025-10-01;277,85;NORDESTE 3|00 - TUBOS PVC KRONA|OUTROS|OUT25
00 - TUBOS PVC KRONA;NORDESTE 3;NORDESTE;OUTROS;2025-11-01;657,72;NORDESTE 3|00 - TUBOS PVC KRONA|OUTROS|NOV25
00 - TUBOS PVC KRONA;NORDESTE 3;NORDESTE;OUTROS;2025-12-01;600,76;NORDESTE 3|00 - TUBOS PVC KRONA|OUTROS|DEZ25
00 - TUBOS PVC KRONA;NORDESTE 3;NORDESTE;VAREJO;2025-01-01;301785,03;NORDESTE 3|00 - TUBOS PVC KRONA|VAREJO|JAN25
00 - TUBOS PVC KRONA;NORDESTE 3;NORDESTE;VAREJO;2025-02-01;246763,49;NORDESTE 3|00 - TUBOS PVC KRONA|VAREJO|FEV25
00 - TUBOS PVC KRONA;NORDESTE 3;NORDESTE;VAREJO;2025-03-01;304989,32;NORDESTE 3|00 - TUBOS PVC KRONA|VAREJO|MAR25
00 - TUBOS PVC KRONA;NORDESTE 3;NORDESTE;VAREJO;2025-04-01;294225,64;NORDESTE 3|00 - TUBOS PVC KRONA|VAREJO|ABR25
00 - TUBOS PVC KRONA;NORDESTE 3;NORDESTE;VAREJO;2025-05-01;285685,24;NORDESTE 3|00 - TUBOS PVC KRONA|VAREJO|MAI25
00 - TUBOS PVC KRONA;NORDESTE 3;NORDESTE;VAREJO;2025-06-01;733293,48;NORDESTE 3|00 - TUBOS PVC KRONA|VAREJO|JUN25
00 - TUBOS PVC KRONA;NORDESTE 3;NORDESTE;VAREJO;2025-07-01;420336,35;NORDESTE 3|00 - TUBOS PVC KRONA|VAREJO|JUL25
00 - TUBOS PVC KRONA;NORDESTE 3;NORDESTE;VAREJO;2025-08-01;228766,90;NORDESTE 3|00 - TUBOS PVC KRONA|VAREJO|AGO25
00 - TUBOS PVC KRONA;NORDESTE 3;NORDESTE;VAREJO;2025-09-01;269138,09;NORDESTE 3|00 - TUBOS PVC KRONA|VAREJO|SET25
00 - TUBOS PVC KRONA;NORDESTE 3;NORDESTE;VAREJO;2025-10-01;290941,63;NORDESTE 3|00 - TUBOS PVC KRONA|VAREJO|OUT25
00 - TUBOS PVC KRONA;NORDESTE 3;NORDESTE;VAREJO;2025-11-01;372211,23;NORDESTE 3|00 - TUBOS PVC KRONA|VAREJO|NOV25
00 - TUBOS PVC KRONA;NORDESTE 3;NORDESTE;VAREJO;2025-12-01;372296,43;NORDESTE 3|00 - TUBOS PVC KRONA|VAREJO|DEZ25
00 - TUBOS PVC KRONA;NORTE;CO NO;ATACADO;2025-01-01;6923,54;NORTE|00 - TUBOS PVC KRONA|ATACADO|JAN25
00 - TUBOS PVC KRONA;NORTE;CO NO;ATACADO;2025-02-01;200505,79;NORTE|00 - TUBOS PVC KRONA|ATACADO|FEV25
00 - TUBOS PVC KRONA;NORTE;CO NO;ATACADO;2025-03-01;117118,93;NORTE|00 - TUBOS PVC KRONA|ATACADO|MAR25
00 - TUBOS PVC KRONA;NORTE;CO NO;ATACADO;2025-04-01;47206,04;NORTE|00 - TUBOS PVC KRONA|ATACADO|ABR25
00 - TUBOS PVC KRONA;NORTE;CO NO;ATACADO;2025-05-01;57498,14;NORTE|00 - TUBOS PVC KRONA|ATACADO|MAI25
00 - TUBOS PVC KRONA;NORTE;CO NO;ATACADO;2025-06-01;353719,14;NORTE|00 - TUBOS PVC KRONA|ATACADO|JUN25
00 - TUBOS PVC KRONA;NORTE;CO NO;ATACADO;2025-07-01;175610,81;NORTE|00 - TUBOS PVC KRONA|ATACADO|JUL25
00 - TUBOS PVC KRONA;NORTE;CO NO;ATACADO;2025-08-01;172417,93;NORTE|00 - TUBOS PVC KRONA|ATACADO|AGO25
00 - TUBOS PVC KRONA;NORTE;CO NO;ATACADO;2025-09-01;184011,51;NORTE|00 - TUBOS PVC KRONA|ATACADO|SET25
00 - TUBOS PVC KRONA;NORTE;CO NO;ATACADO;2025-10-01;306234,70;NORTE|00 - TUBOS PVC KRONA|ATACADO|OUT25
00 - TUBOS PVC KRONA;NORTE;CO NO;ATACADO;2025-11-01;206576,94;NORTE|00 - TUBOS PVC KRONA|ATACADO|NOV25
00 - TUBOS PVC KRONA;NORTE;CO NO;ATACADO;2025-12-01;252404,49;NORTE|00 - TUBOS PVC KRONA|ATACADO|DEZ25
00 - TUBOS PVC KRONA;NORTE;CO NO;OUTROS;2025-01-01;35,00;NORTE|00 - TUBOS PVC KRONA|OUTROS|JAN25
00 - TUBOS PVC KRONA;NORTE;CO NO;VAREJO;2025-01-01;77863,94;NORTE|00 - TUBOS PVC KRONA|VAREJO|JAN25
00 - TUBOS PVC KRONA;NORTE;CO NO;VAREJO;2025-02-01;126163,67;NORTE|00 - TUBOS PVC KRONA|VAREJO|FEV25
00 - TUBOS PVC KRONA;NORTE;CO NO;VAREJO;2025-03-01;111349,90;NORTE|00 - TUBOS PVC KRONA|VAREJO|MAR25
00 - TUBOS PVC KRONA;NORTE;CO NO;VAREJO;2025-04-01;90499,59;NORTE|00 - TUBOS PVC KRONA|VAREJO|ABR25
00 - TUBOS PVC KRONA;NORTE;CO NO;VAREJO;2025-05-01;140436,98;NORTE|00 - TUBOS PVC KRONA|VAREJO|MAI25
00 - TUBOS PVC KRONA;NORTE;CO NO;VAREJO;2025-06-01;248684,34;NORTE|00 - TUBOS PVC KRONA|VAREJO|JUN25
00 - TUBOS PVC KRONA;NORTE;CO NO;VAREJO;2025-07-01;296273,15;NORTE|00 - TUBOS PVC KRONA|VAREJO|JUL25
00 - TUBOS PVC KRONA;NORTE;CO NO;VAREJO;2025-08-01;113599,85;NORTE|00 - TUBOS PVC KRONA|VAREJO|AGO25
00 - TUBOS PVC KRONA;NORTE;CO NO;VAREJO;2025-09-01;139130,96;NORTE|00 - TUBOS PVC KRONA|VAREJO|SET25
00 - TUBOS PVC KRONA;NORTE;CO NO;VAREJO;2025-10-01;126386,66;NORTE|00 - TUBOS PVC KRONA|VAREJO|OUT25
00 - TUBOS PVC KRONA;NORTE;CO NO;VAREJO;2025-11-01;121918,24;NORTE|00 - TUBOS PVC KRONA|VAREJO|NOV25
00 - TUBOS PVC KRONA;NORTE;CO NO;VAREJO;2025-12-01;190423,08;NORTE|00 - TUBOS PVC KRONA|VAREJO|DEZ25
00 - TUBOS PVC KRONA;PARANA;SUL;ATACADO;2025-01-01;34294,16;PARANA|00 - TUBOS PVC KRONA|ATACADO|JAN25
00 - TUBOS PVC KRONA;PARANA;SUL;ATACADO;2025-02-01;23975,46;PARANA|00 - TUBOS PVC KRONA|ATACADO|FEV25
00 - TUBOS PVC KRONA;PARANA;SUL;ATACADO;2025-03-01;12979,87;PARANA|00 - TUBOS PVC KRONA|ATACADO|MAR25
00 - TUBOS PVC KRONA;PARANA;SUL;ATACADO;2025-04-01;16907,62;PARANA|00 - TUBOS PVC KRONA|ATACADO|ABR25
00 - TUBOS PVC KRONA;PARANA;SUL;ATACADO;2025-05-01;51510,58;PARANA|00 - TUBOS PVC KRONA|ATACADO|MAI25
00 - TUBOS PVC KRONA;PARANA;SUL;ATACADO;2025-06-01;57926,17;PARANA|00 - TUBOS PVC KRONA|ATACADO|JUN25
00 - TUBOS PVC KRONA;PARANA;SUL;ATACADO;2025-07-01;19343,09;PARANA|00 - TUBOS PVC KRONA|ATACADO|JUL25
00 - TUBOS PVC KRONA;PARANA;SUL;ATACADO;2025-08-01;28574,19;PARANA|00 - TUBOS PVC KRONA|ATACADO|AGO25
00 - TUBOS PVC KRONA;PARANA;SUL;ATACADO;2025-09-01;17771,97;PARANA|00 - TUBOS PVC KRONA|ATACADO|SET25
00 - TUBOS PVC KRONA;PARANA;SUL;ATACADO;2025-10-01;12390,99;PARANA|00 - TUBOS PVC KRONA|ATACADO|OUT25
00 - TUBOS PVC KRONA;PARANA;SUL;ATACADO;2025-11-01;34041,20;PARANA|00 - TUBOS PVC KRONA|ATACADO|NOV25
00 - TUBOS PVC KRONA;PARANA;SUL;ATACADO;2025-12-01;46283,97;PARANA|00 - TUBOS PVC KRONA|ATACADO|DEZ25
00 - TUBOS PVC KRONA;PARANA;SUL;IRRIGACAO;2025-01-01;355,41;PARANA|00 - TUBOS PVC KRONA|IRRIGACAO|JAN25
00 - TUBOS PVC KRONA;PARANA;SUL;IRRIGACAO;2025-02-01;41,22;PARANA|00 - TUBOS PVC KRONA|IRRIGACAO|FEV25
00 - TUBOS PVC KRONA;PARANA;SUL;IRRIGACAO;2025-05-01;41,22;PARANA|00 - TUBOS PVC KRONA|IRRIGACAO|MAI25
00 - TUBOS PVC KRONA;PARANA;SUL;IRRIGACAO;2025-07-01;274,94;PARANA|00 - TUBOS PVC KRONA|IRRIGACAO|JUL25
00 - TUBOS PVC KRONA;PARANA;SUL;IRRIGACAO;2025-08-01;82,44;PARANA|00 - TUBOS PVC KRONA|IRRIGACAO|AGO25
00 - TUBOS PVC KRONA;PARANA;SUL;IRRIGACAO;2025-12-01;57,11;PARANA|00 - TUBOS PVC KRONA|IRRIGACAO|DEZ25
00 - TUBOS PVC KRONA;PARANA;SUL;OUTROS;2025-01-01;647,83;PARANA|00 - TUBOS PVC KRONA|OUTROS|JAN25
00 - TUBOS PVC KRONA;PARANA;SUL;OUTROS;2025-02-01;509,60;PARANA|00 - TUBOS PVC KRONA|OUTROS|FEV25
00 - TUBOS PVC KRONA;PARANA;SUL;OUTROS;2025-03-01;1065,62;PARANA|00 - TUBOS PVC KRONA|OUTROS|MAR25
00 - TUBOS PVC KRONA;PARANA;SUL;OUTROS;2025-04-01;93,80;PARANA|00 - TUBOS PVC KRONA|OUTROS|ABR25
00 - TUBOS PVC KRONA;PARANA;SUL;OUTROS;2025-05-01;883,15;PARANA|00 - TUBOS PVC KRONA|OUTROS|MAI25
00 - TUBOS PVC KRONA;PARANA;SUL;OUTROS;2025-06-01;612,48;PARANA|00 - TUBOS PVC KRONA|OUTROS|JUN25
00 - TUBOS PVC KRONA;PARANA;SUL;OUTROS;2025-07-01;674,35;PARANA|00 - TUBOS PVC KRONA|OUTROS|JUL25
00 - TUBOS PVC KRONA;PARANA;SUL;OUTROS;2025-08-01;473,60;PARANA|00 - TUBOS PVC KRONA|OUTROS|AGO25
00 - TUBOS PVC KRONA;PARANA;SUL;OUTROS;2025-09-01;233,81;PARANA|00 - TUBOS PVC KRONA|OUTROS|SET25
00 - TUBOS PVC KRONA;PARANA;SUL;OUTROS;2025-10-01;402,35;PARANA|00 - TUBOS PVC KRONA|OUTROS|OUT25
00 - TUBOS PVC KRONA;PARANA;SUL;OUTROS;2025-11-01;1447,04;PARANA|00 - TUBOS PVC KRONA|OUTROS|NOV25
00 - TUBOS PVC KRONA;PARANA;SUL;OUTROS;2025-12-01;130,90;PARANA|00 - TUBOS PVC KRONA|OUTROS|DEZ25
00 - TUBOS PVC KRONA;PARANA;SUL;VAREJO;2025-01-01;128270,04;PARANA|00 - TUBOS PVC KRONA|VAREJO|JAN25
00 - TUBOS PVC KRONA;PARANA;SUL;VAREJO;2025-02-01;150639,07;PARANA|00 - TUBOS PVC KRONA|VAREJO|FEV25
00 - TUBOS PVC KRONA;PARANA;SUL;VAREJO;2025-03-01;131327,09;PARANA|00 - TUBOS PVC KRONA|VAREJO|MAR25
00 - TUBOS PVC KRONA;PARANA;SUL;VAREJO;2025-04-01;163876,86;PARANA|00 - TUBOS PVC KRONA|VAREJO|ABR25
00 - TUBOS PVC KRONA;PARANA;SUL;VAREJO;2025-05-01;170153,37;PARANA|00 - TUBOS PVC KRONA|VAREJO|MAI25
00 - TUBOS PVC KRONA;PARANA;SUL;VAREJO;2025-06-01;269601,89;PARANA|00 - TUBOS PVC KRONA|VAREJO|JUN25
00 - TUBOS PVC KRONA;PARANA;SUL;VAREJO;2025-07-01;174333,42;PARANA|00 - TUBOS PVC KRONA|VAREJO|JUL25
00 - TUBOS PVC KRONA;PARANA;SUL;VAREJO;2025-08-01;139876,45;PARANA|00 - TUBOS PVC KRONA|VAREJO|AGO25
00 - TUBOS PVC KRONA;PARANA;SUL;VAREJO;2025-09-01;148236,21;PARANA|00 - TUBOS PVC KRONA|VAREJO|SET25
00 - TUBOS PVC KRONA;PARANA;SUL;VAREJO;2025-10-01;118857,07;PARANA|00 - TUBOS PVC KRONA|VAREJO|OUT25
00 - TUBOS PVC KRONA;PARANA;SUL;VAREJO;2025-11-01;158108,76;PARANA|00 - TUBOS PVC KRONA|VAREJO|NOV25
00 - TUBOS PVC KRONA;PARANA;SUL;VAREJO;2025-12-01;156270,23;PARANA|00 - TUBOS PVC KRONA|VAREJO|DEZ25
00 - TUBOS PVC KRONA;RIO GRANDE DO SUL;SUL;ATACADO;2025-01-01;99356,13;RIO GRANDE DO SUL|00 - TUBOS PVC KRONA|ATACADO|JAN25
00 - TUBOS PVC KRONA;RIO GRANDE DO SUL;SUL;ATACADO;2025-02-01;311813,95;RIO GRANDE DO SUL|00 - TUBOS PVC KRONA|ATACADO|FEV25
00 - TUBOS PVC KRONA;RIO GRANDE DO SUL;SUL;ATACADO;2025-03-01;77355,59;RIO GRANDE DO SUL|00 - TUBOS PVC KRONA|ATACADO|MAR25
00 - TUBOS PVC KRONA;RIO GRANDE DO SUL;SUL;ATACADO;2025-04-01;101840,10;RIO GRANDE DO SUL|00 - TUBOS PVC KRONA|ATACADO|ABR25
00 - TUBOS PVC KRONA;RIO GRANDE DO SUL;SUL;ATACADO;2025-05-01;145276,69;RIO GRANDE DO SUL|00 - TUBOS PVC KRONA|ATACADO|MAI25
00 - TUBOS PVC KRONA;RIO GRANDE DO SUL;SUL;ATACADO;2025-06-01;423097,13;RIO GRANDE DO SUL|00 - TUBOS PVC KRONA|ATACADO|JUN25
00 - TUBOS PVC KRONA;RIO GRANDE DO SUL;SUL;ATACADO;2025-07-01;27782,31;RIO GRANDE DO SUL|00 - TUBOS PVC KRONA|ATACADO|JUL25
00 - TUBOS PVC KRONA;RIO GRANDE DO SUL;SUL;ATACADO;2025-08-01;258406,67;RIO GRANDE DO SUL|00 - TUBOS PVC KRONA|ATACADO|AGO25
00 - TUBOS PVC KRONA;RIO GRANDE DO SUL;SUL;ATACADO;2025-09-01;14261,28;RIO GRANDE DO SUL|00 - TUBOS PVC KRONA|ATACADO|SET25
00 - TUBOS PVC KRONA;RIO GRANDE DO SUL;SUL;ATACADO;2025-10-01;274479,89;RIO GRANDE DO SUL|00 - TUBOS PVC KRONA|ATACADO|OUT25
00 - TUBOS PVC KRONA;RIO GRANDE DO SUL;SUL;ATACADO;2025-11-01;21654,73;RIO GRANDE DO SUL|00 - TUBOS PVC KRONA|ATACADO|NOV25
00 - TUBOS PVC KRONA;RIO GRANDE DO SUL;SUL;ATACADO;2025-12-01;192509,85;RIO GRANDE DO SUL|00 - TUBOS PVC KRONA|ATACADO|DEZ25
00 - TUBOS PVC KRONA;RIO GRANDE DO SUL;SUL;OUTROS;2025-01-01;4443,33;RIO GRANDE DO SUL|00 - TUBOS PVC KRONA|OUTROS|JAN25
00 - TUBOS PVC KRONA;RIO GRANDE DO SUL;SUL;OUTROS;2025-02-01;5714,17;RIO GRANDE DO SUL|00 - TUBOS PVC KRONA|OUTROS|FEV25
00 - TUBOS PVC KRONA;RIO GRANDE DO SUL;SUL;OUTROS;2025-03-01;5277,37;RIO GRANDE DO SUL|00 - TUBOS PVC KRONA|OUTROS|MAR25
00 - TUBOS PVC KRONA;RIO GRANDE DO SUL;SUL;OUTROS;2025-04-01;1668,57;RIO GRANDE DO SUL|00 - TUBOS PVC KRONA|OUTROS|ABR25
00 - TUBOS PVC KRONA;RIO GRANDE DO SUL;SUL;OUTROS;2025-05-01;7322,78;RIO GRANDE DO SUL|00 - TUBOS PVC KRONA|OUTROS|MAI25
00 - TUBOS PVC KRONA;RIO GRANDE DO SUL;SUL;OUTROS;2025-06-01;18330,94;RIO GRANDE DO SUL|00 - TUBOS PVC KRONA|OUTROS|JUN25
00 - TUBOS PVC KRONA;RIO GRANDE DO SUL;SUL;OUTROS;2025-07-01;2641,89;RIO GRANDE DO SUL|00 - TUBOS PVC KRONA|OUTROS|JUL25
00 - TUBOS PVC KRONA;RIO GRANDE DO SUL;SUL;OUTROS;2025-08-01;4053,20;RIO GRANDE DO SUL|00 - TUBOS PVC KRONA|OUTROS|AGO25
00 - TUBOS PVC KRONA;RIO GRANDE DO SUL;SUL;OUTROS;2025-09-01;3335,13;RIO GRANDE DO SUL|00 - TUBOS PVC KRONA|OUTROS|SET25
00 - TUBOS PVC KRONA;RIO GRANDE DO SUL;SUL;OUTROS;2025-10-01;5682,50;RIO GRANDE DO SUL|00 - TUBOS PVC KRONA|OUTROS|OUT25
00 - TUBOS PVC KRONA;RIO GRANDE DO SUL;SUL;OUTROS;2025-11-01;1731,36;RIO GRANDE DO SUL|00 - TUBOS PVC KRONA|OUTROS|NOV25
00 - TUBOS PVC KRONA;RIO GRANDE DO SUL;SUL;OUTROS;2025-12-01;2878,63;RIO GRANDE DO SUL|00 - TUBOS PVC KRONA|OUTROS|DEZ25
00 - TUBOS PVC KRONA;RIO GRANDE DO SUL;SUL;VAREJO;2025-01-01;129751,98;RIO GRANDE DO SUL|00 - TUBOS PVC KRONA|VAREJO|JAN25
00 - TUBOS PVC KRONA;RIO GRANDE DO SUL;SUL;VAREJO;2025-02-01;125918,60;RIO GRANDE DO SUL|00 - TUBOS PVC KRONA|VAREJO|FEV25
00 - TUBOS PVC KRONA;RIO GRANDE DO SUL;SUL;VAREJO;2025-03-01;130942,79;RIO GRANDE DO SUL|00 - TUBOS PVC KRONA|VAREJO|MAR25
00 - TUBOS PVC KRONA;RIO GRANDE DO SUL;SUL;VAREJO;2025-04-01;124234,08;RIO GRANDE DO SUL|00 - TUBOS PVC KRONA|VAREJO|ABR25
00 - TUBOS PVC KRONA;RIO GRANDE DO SUL;SUL;VAREJO;2025-05-01;159542,11;RIO GRANDE DO SUL|00 - TUBOS PVC KRONA|VAREJO|MAI25
00 - TUBOS PVC KRONA;RIO GRANDE DO SUL;SUL;VAREJO;2025-06-01;249090,60;RIO GRANDE DO SUL|00 - TUBOS PVC KRONA|VAREJO|JUN25
00 - TUBOS PVC KRONA;RIO GRANDE DO SUL;SUL;VAREJO;2025-07-01;124004,69;RIO GRANDE DO SUL|00 - TUBOS PVC KRONA|VAREJO|JUL25
00 - TUBOS PVC KRONA;RIO GRANDE DO SUL;SUL;VAREJO;2025-08-01;163664,58;RIO GRANDE DO SUL|00 - TUBOS PVC KRONA|VAREJO|AGO25
00 - TUBOS PVC KRONA;RIO GRANDE DO SUL;SUL;VAREJO;2025-09-01;90553,90;RIO GRANDE DO SUL|00 - TUBOS PVC KRONA|VAREJO|SET25
00 - TUBOS PVC KRONA;RIO GRANDE DO SUL;SUL;VAREJO;2025-10-01;116378,58;RIO GRANDE DO SUL|00 - TUBOS PVC KRONA|VAREJO|OUT25
00 - TUBOS PVC KRONA;RIO GRANDE DO SUL;SUL;VAREJO;2025-11-01;144599,45;RIO GRANDE DO SUL|00 - TUBOS PVC KRONA|VAREJO|NOV25
00 - TUBOS PVC KRONA;RIO GRANDE DO SUL;SUL;VAREJO;2025-12-01;160373,28;RIO GRANDE DO SUL|00 - TUBOS PVC KRONA|VAREJO|DEZ25
00 - TUBOS PVC KRONA;RJ/ES;MINAS RJ/ES;ATACADO;2025-01-01;273613,65;RJ/ES|00 - TUBOS PVC KRONA|ATACADO|JAN25
00 - TUBOS PVC KRONA;RJ/ES;MINAS RJ/ES;ATACADO;2025-02-01;224391,56;RJ/ES|00 - TUBOS PVC KRONA|ATACADO|FEV25
00 - TUBOS PVC KRONA;RJ/ES;MINAS RJ/ES;ATACADO;2025-03-01;142968,77;RJ/ES|00 - TUBOS PVC KRONA|ATACADO|MAR25
00 - TUBOS PVC KRONA;RJ/ES;MINAS RJ/ES;ATACADO;2025-04-01;317480,24;RJ/ES|00 - TUBOS PVC KRONA|ATACADO|ABR25
00 - TUBOS PVC KRONA;RJ/ES;MINAS RJ/ES;ATACADO;2025-05-01;260404,41;RJ/ES|00 - TUBOS PVC KRONA|ATACADO|MAI25
00 - TUBOS PVC KRONA;RJ/ES;MINAS RJ/ES;ATACADO;2025-06-01;676769,32;RJ/ES|00 - TUBOS PVC KRONA|ATACADO|JUN25
00 - TUBOS PVC KRONA;RJ/ES;MINAS RJ/ES;ATACADO;2025-07-01;114003,05;RJ/ES|00 - TUBOS PVC KRONA|ATACADO|JUL25
00 - TUBOS PVC KRONA;RJ/ES;MINAS RJ/ES;ATACADO;2025-08-01;135305,89;RJ/ES|00 - TUBOS PVC KRONA|ATACADO|AGO25
00 - TUBOS PVC KRONA;RJ/ES;MINAS RJ/ES;ATACADO;2025-09-01;185506,53;RJ/ES|00 - TUBOS PVC KRONA|ATACADO|SET25
00 - TUBOS PVC KRONA;RJ/ES;MINAS RJ/ES;ATACADO;2025-10-01;188890,11;RJ/ES|00 - TUBOS PVC KRONA|ATACADO|OUT25
00 - TUBOS PVC KRONA;RJ/ES;MINAS RJ/ES;ATACADO;2025-11-01;171396,68;RJ/ES|00 - TUBOS PVC KRONA|ATACADO|NOV25
00 - TUBOS PVC KRONA;RJ/ES;MINAS RJ/ES;ATACADO;2025-12-01;257434,21;RJ/ES|00 - TUBOS PVC KRONA|ATACADO|DEZ25
00 - TUBOS PVC KRONA;RJ/ES;MINAS RJ/ES;OUTROS;2025-01-01;605,23;RJ/ES|00 - TUBOS PVC KRONA|OUTROS|JAN25
00 - TUBOS PVC KRONA;RJ/ES;MINAS RJ/ES;OUTROS;2025-02-01;100,98;RJ/ES|00 - TUBOS PVC KRONA|OUTROS|FEV25
00 - TUBOS PVC KRONA;RJ/ES;MINAS RJ/ES;OUTROS;2025-03-01;4310,99;RJ/ES|00 - TUBOS PVC KRONA|OUTROS|MAR25
00 - TUBOS PVC KRONA;RJ/ES;MINAS RJ/ES;OUTROS;2025-04-01;2159,16;RJ/ES|00 - TUBOS PVC KRONA|OUTROS|ABR25
00 - TUBOS PVC KRONA;RJ/ES;MINAS RJ/ES;OUTROS;2025-05-01;3954,63;RJ/ES|00 - TUBOS PVC KRONA|OUTROS|MAI25
00 - TUBOS PVC KRONA;RJ/ES;MINAS RJ/ES;OUTROS;2025-06-01;10388,24;RJ/ES|00 - TUBOS PVC KRONA|OUTROS|JUN25
00 - TUBOS PVC KRONA;RJ/ES;MINAS RJ/ES;OUTROS;2025-07-01;367,83;RJ/ES|00 - TUBOS PVC KRONA|OUTROS|JUL25
00 - TUBOS PVC KRONA;RJ/ES;MINAS RJ/ES;OUTROS;2025-08-01;1150,51;RJ/ES|00 - TUBOS PVC KRONA|OUTROS|AGO25
00 - TUBOS PVC KRONA;RJ/ES;MINAS RJ/ES;OUTROS;2025-09-01;2684,24;RJ/ES|00 - TUBOS PVC KRONA|OUTROS|SET25
00 - TUBOS PVC KRONA;RJ/ES;MINAS RJ/ES;OUTROS;2025-10-01;3210,95;RJ/ES|00 - TUBOS PVC KRONA|OUTROS|OUT25
00 - TUBOS PVC KRONA;RJ/ES;MINAS RJ/ES;OUTROS;2025-11-01;617,10;RJ/ES|00 - TUBOS PVC KRONA|OUTROS|NOV25
00 - TUBOS PVC KRONA;RJ/ES;MINAS RJ/ES;OUTROS;2025-12-01;2673,78;RJ/ES|00 - TUBOS PVC KRONA|OUTROS|DEZ25
00 - TUBOS PVC KRONA;RJ/ES;MINAS RJ/ES;VAREJO;2025-01-01;52032,44;RJ/ES|00 - TUBOS PVC KRONA|VAREJO|JAN25
00 - TUBOS PVC KRONA;RJ/ES;MINAS RJ/ES;VAREJO;2025-02-01;90550,86;RJ/ES|00 - TUBOS PVC KRONA|VAREJO|FEV25
00 - TUBOS PVC KRONA;RJ/ES;MINAS RJ/ES;VAREJO;2025-03-01;61478,79;RJ/ES|00 - TUBOS PVC KRONA|VAREJO|MAR25
00 - TUBOS PVC KRONA;RJ/ES;MINAS RJ/ES;VAREJO;2025-04-01;75083,92;RJ/ES|00 - TUBOS PVC KRONA|VAREJO|ABR25
00 - TUBOS PVC KRONA;RJ/ES;MINAS RJ/ES;VAREJO;2025-05-01;97865,53;RJ/ES|00 - TUBOS PVC KRONA|VAREJO|MAI25
00 - TUBOS PVC KRONA;RJ/ES;MINAS RJ/ES;VAREJO;2025-06-01;147752,46;RJ/ES|00 - TUBOS PVC KRONA|VAREJO|JUN25
00 - TUBOS PVC KRONA;RJ/ES;MINAS RJ/ES;VAREJO;2025-07-01;187920,19;RJ/ES|00 - TUBOS PVC KRONA|VAREJO|JUL25
00 - TUBOS PVC KRONA;RJ/ES;MINAS RJ/ES;VAREJO;2025-08-01;61590,08;RJ/ES|00 - TUBOS PVC KRONA|VAREJO|AGO25
00 - TUBOS PVC KRONA;RJ/ES;MINAS RJ/ES;VAREJO;2025-09-01;115334,93;RJ/ES|00 - TUBOS PVC KRONA|VAREJO|SET25
00 - TUBOS PVC KRONA;RJ/ES;MINAS RJ/ES;VAREJO;2025-10-01;77655,71;RJ/ES|00 - TUBOS PVC KRONA|VAREJO|OUT25
00 - TUBOS PVC KRONA;RJ/ES;MINAS RJ/ES;VAREJO;2025-11-01;84358,41;RJ/ES|00 - TUBOS PVC KRONA|VAREJO|NOV25
00 - TUBOS PVC KRONA;RJ/ES;MINAS RJ/ES;VAREJO;2025-12-01;109036,90;RJ/ES|00 - TUBOS PVC KRONA|VAREJO|DEZ25
00 - TUBOS PVC KRONA;SANTA CATARINA 01;SUL;ATACADO;2025-01-01;37716,89;SANTA CATARINA 01|00 - TUBOS PVC KRONA|ATACADO|JAN25
00 - TUBOS PVC KRONA;SANTA CATARINA 01;SUL;ATACADO;2025-02-01;9697,21;SANTA CATARINA 01|00 - TUBOS PVC KRONA|ATACADO|FEV25
00 - TUBOS PVC KRONA;SANTA CATARINA 01;SUL;ATACADO;2025-03-01;58113,72;SANTA CATARINA 01|00 - TUBOS PVC KRONA|ATACADO|MAR25
00 - TUBOS PVC KRONA;SANTA CATARINA 01;SUL;ATACADO;2025-04-01;38791,93;SANTA CATARINA 01|00 - TUBOS PVC KRONA|ATACADO|ABR25
00 - TUBOS PVC KRONA;SANTA CATARINA 01;SUL;ATACADO;2025-05-01;22750,68;SANTA CATARINA 01|00 - TUBOS PVC KRONA|ATACADO|MAI25
00 - TUBOS PVC KRONA;SANTA CATARINA 01;SUL;ATACADO;2025-06-01;125433,69;SANTA CATARINA 01|00 - TUBOS PVC KRONA|ATACADO|JUN25
00 - TUBOS PVC KRONA;SANTA CATARINA 01;SUL;ATACADO;2025-07-01;49888,73;SANTA CATARINA 01|00 - TUBOS PVC KRONA|ATACADO|JUL25
00 - TUBOS PVC KRONA;SANTA CATARINA 01;SUL;ATACADO;2025-08-01;12080,13;SANTA CATARINA 01|00 - TUBOS PVC KRONA|ATACADO|AGO25
00 - TUBOS PVC KRONA;SANTA CATARINA 01;SUL;ATACADO;2025-09-01;22480,54;SANTA CATARINA 01|00 - TUBOS PVC KRONA|ATACADO|SET25
00 - TUBOS PVC KRONA;SANTA CATARINA 01;SUL;ATACADO;2025-10-01;61760,56;SANTA CATARINA 01|00 - TUBOS PVC KRONA|ATACADO|OUT25
00 - TUBOS PVC KRONA;SANTA CATARINA 01;SUL;ATACADO;2025-11-01;67399,92;SANTA CATARINA 01|00 - TUBOS PVC KRONA|ATACADO|NOV25
00 - TUBOS PVC KRONA;SANTA CATARINA 01;SUL;ATACADO;2025-12-01;43337,81;SANTA CATARINA 01|00 - TUBOS PVC KRONA|ATACADO|DEZ25
00 - TUBOS PVC KRONA;SANTA CATARINA 01;SUL;OUTROS;2025-01-01;338,50;SANTA CATARINA 01|00 - TUBOS PVC KRONA|OUTROS|JAN25
00 - TUBOS PVC KRONA;SANTA CATARINA 01;SUL;OUTROS;2025-02-01;1490,78;SANTA CATARINA 01|00 - TUBOS PVC KRONA|OUTROS|FEV25
00 - TUBOS PVC KRONA;SANTA CATARINA 01;SUL;OUTROS;2025-03-01;32,85;SANTA CATARINA 01|00 - TUBOS PVC KRONA|OUTROS|MAR25
00 - TUBOS PVC KRONA;SANTA CATARINA 01;SUL;OUTROS;2025-04-01;489,76;SANTA CATARINA 01|00 - TUBOS PVC KRONA|OUTROS|ABR25
00 - TUBOS PVC KRONA;SANTA CATARINA 01;SUL;OUTROS;2025-05-01;315,29;SANTA CATARINA 01|00 - TUBOS PVC KRONA|OUTROS|MAI25
00 - TUBOS PVC KRONA;SANTA CATARINA 01;SUL;OUTROS;2025-06-01;725,27;SANTA CATARINA 01|00 - TUBOS PVC KRONA|OUTROS|JUN25
00 - TUBOS PVC KRONA;SANTA CATARINA 01;SUL;OUTROS;2025-07-01;32,85;SANTA CATARINA 01|00 - TUBOS PVC KRONA|OUTROS|JUL25
00 - TUBOS PVC KRONA;SANTA CATARINA 01;SUL;OUTROS;2025-08-01;94,70;SANTA CATARINA 01|00 - TUBOS PVC KRONA|OUTROS|AGO25
00 - TUBOS PVC KRONA;SANTA CATARINA 01;SUL;OUTROS;2025-09-01;610,95;SANTA CATARINA 01|00 - TUBOS PVC KRONA|OUTROS|SET25
00 - TUBOS PVC KRONA;SANTA CATARINA 01;SUL;OUTROS;2025-10-01;1300,94;SANTA CATARINA 01|00 - TUBOS PVC KRONA|OUTROS|OUT25
00 - TUBOS PVC KRONA;SANTA CATARINA 01;SUL;OUTROS;2025-11-01;557,88;SANTA CATARINA 01|00 - TUBOS PVC KRONA|OUTROS|NOV25
00 - TUBOS PVC KRONA;SANTA CATARINA 01;SUL;OUTROS;2025-12-01;492,27;SANTA CATARINA 01|00 - TUBOS PVC KRONA|OUTROS|DEZ25
00 - TUBOS PVC KRONA;SANTA CATARINA 01;SUL;VAREJO;2025-01-01;96190,07;SANTA CATARINA 01|00 - TUBOS PVC KRONA|VAREJO|JAN25
00 - TUBOS PVC KRONA;SANTA CATARINA 01;SUL;VAREJO;2025-02-01;109020,49;SANTA CATARINA 01|00 - TUBOS PVC KRONA|VAREJO|FEV25
00 - TUBOS PVC KRONA;SANTA CATARINA 01;SUL;VAREJO;2025-03-01;85734,94;SANTA CATARINA 01|00 - TUBOS PVC KRONA|VAREJO|MAR25
00 - TUBOS PVC KRONA;SANTA CATARINA 01;SUL;VAREJO;2025-04-01;103545,86;SANTA CATARINA 01|00 - TUBOS PVC KRONA|VAREJO|ABR25
00 - TUBOS PVC KRONA;SANTA CATARINA 01;SUL;VAREJO;2025-05-01;103613,37;SANTA CATARINA 01|00 - TUBOS PVC KRONA|VAREJO|MAI25
00 - TUBOS PVC KRONA;SANTA CATARINA 01;SUL;VAREJO;2025-06-01;203797,12;SANTA CATARINA 01|00 - TUBOS PVC KRONA|VAREJO|JUN25
00 - TUBOS PVC KRONA;SANTA CATARINA 01;SUL;VAREJO;2025-07-01;104745,13;SANTA CATARINA 01|00 - TUBOS PVC KRONA|VAREJO|JUL25
00 - TUBOS PVC KRONA;SANTA CATARINA 01;SUL;VAREJO;2025-08-01;122805,18;SANTA CATARINA 01|00 - TUBOS PVC KRONA|VAREJO|AGO25
00 - TUBOS PVC KRONA;SANTA CATARINA 01;SUL;VAREJO;2025-09-01;87302,57;SANTA CATARINA 01|00 - TUBOS PVC KRONA|VAREJO|SET25
00 - TUBOS PVC KRONA;SANTA CATARINA 01;SUL;VAREJO;2025-10-01;96788,09;SANTA CATARINA 01|00 - TUBOS PVC KRONA|VAREJO|OUT25
00 - TUBOS PVC KRONA;SANTA CATARINA 01;SUL;VAREJO;2025-11-01;140324,08;SANTA CATARINA 01|00 - TUBOS PVC KRONA|VAREJO|NOV25
00 - TUBOS PVC KRONA;SANTA CATARINA 01;SUL;VAREJO;2025-12-01;104856,37;SANTA CATARINA 01|00 - TUBOS PVC KRONA|VAREJO|DEZ25
00 - TUBOS PVC KRONA;SANTA CATARINA 02;SUL;ATACADO;2025-01-01;53627,99;SANTA CATARINA 02|00 - TUBOS PVC KRONA|ATACADO|JAN25
00 - TUBOS PVC KRONA;SANTA CATARINA 02;SUL;ATACADO;2025-02-01;15519,24;SANTA CATARINA 02|00 - TUBOS PVC KRONA|ATACADO|FEV25
00 - TUBOS PVC KRONA;SANTA CATARINA 02;SUL;ATACADO;2025-03-01;50188,06;SANTA CATARINA 02|00 - TUBOS PVC KRONA|ATACADO|MAR25
00 - TUBOS PVC KRONA;SANTA CATARINA 02;SUL;ATACADO;2025-04-01;48755,45;SANTA CATARINA 02|00 - TUBOS PVC KRONA|ATACADO|ABR25
00 - TUBOS PVC KRONA;SANTA CATARINA 02;SUL;ATACADO;2025-05-01;88127,50;SANTA CATARINA 02|00 - TUBOS PVC KRONA|ATACADO|MAI25
00 - TUBOS PVC KRONA;SANTA CATARINA 02;SUL;ATACADO;2025-06-01;106130,33;SANTA CATARINA 02|00 - TUBOS PVC KRONA|ATACADO|JUN25
00 - TUBOS PVC KRONA;SANTA CATARINA 02;SUL;ATACADO;2025-07-01;56588,95;SANTA CATARINA 02|00 - TUBOS PVC KRONA|ATACADO|JUL25
00 - TUBOS PVC KRONA;SANTA CATARINA 02;SUL;ATACADO;2025-08-01;34657,26;SANTA CATARINA 02|00 - TUBOS PVC KRONA|ATACADO|AGO25
00 - TUBOS PVC KRONA;SANTA CATARINA 02;SUL;ATACADO;2025-09-01;67500,41;SANTA CATARINA 02|00 - TUBOS PVC KRONA|ATACADO|SET25
00 - TUBOS PVC KRONA;SANTA CATARINA 02;SUL;ATACADO;2025-10-01;70469,33;SANTA CATARINA 02|00 - TUBOS PVC KRONA|ATACADO|OUT25
00 - TUBOS PVC KRONA;SANTA CATARINA 02;SUL;ATACADO;2025-11-01;57407,16;SANTA CATARINA 02|00 - TUBOS PVC KRONA|ATACADO|NOV25
00 - TUBOS PVC KRONA;SANTA CATARINA 02;SUL;ATACADO;2025-12-01;38312,22;SANTA CATARINA 02|00 - TUBOS PVC KRONA|ATACADO|DEZ25
00 - TUBOS PVC KRONA;SANTA CATARINA 02;SUL;OUTROS;2025-01-01;5036,27;SANTA CATARINA 02|00 - TUBOS PVC KRONA|OUTROS|JAN25
00 - TUBOS PVC KRONA;SANTA CATARINA 02;SUL;OUTROS;2025-02-01;2589,25;SANTA CATARINA 02|00 - TUBOS PVC KRONA|OUTROS|FEV25
00 - TUBOS PVC KRONA;SANTA CATARINA 02;SUL;OUTROS;2025-03-01;3790,28;SANTA CATARINA 02|00 - TUBOS PVC KRONA|OUTROS|MAR25
00 - TUBOS PVC KRONA;SANTA CATARINA 02;SUL;OUTROS;2025-04-01;818,05;SANTA CATARINA 02|00 - TUBOS PVC KRONA|OUTROS|ABR25
00 - TUBOS PVC KRONA;SANTA CATARINA 02;SUL;OUTROS;2025-05-01;1355,40;SANTA CATARINA 02|00 - TUBOS PVC KRONA|OUTROS|MAI25
00 - TUBOS PVC KRONA;SANTA CATARINA 02;SUL;OUTROS;2025-06-01;3564,84;SANTA CATARINA 02|00 - TUBOS PVC KRONA|OUTROS|JUN25
00 - TUBOS PVC KRONA;SANTA CATARINA 02;SUL;OUTROS;2025-07-01;2905,03;SANTA CATARINA 02|00 - TUBOS PVC KRONA|OUTROS|JUL25
00 - TUBOS PVC KRONA;SANTA CATARINA 02;SUL;OUTROS;2025-08-01;2577,68;SANTA CATARINA 02|00 - TUBOS PVC KRONA|OUTROS|AGO25
00 - TUBOS PVC KRONA;SANTA CATARINA 02;SUL;OUTROS;2025-09-01;1755,04;SANTA CATARINA 02|00 - TUBOS PVC KRONA|OUTROS|SET25
00 - TUBOS PVC KRONA;SANTA CATARINA 02;SUL;OUTROS;2025-10-01;1782,25;SANTA CATARINA 02|00 - TUBOS PVC KRONA|OUTROS|OUT25
00 - TUBOS PVC KRONA;SANTA CATARINA 02;SUL;OUTROS;2025-11-01;4072,11;SANTA CATARINA 02|00 - TUBOS PVC KRONA|OUTROS|NOV25
00 - TUBOS PVC KRONA;SANTA CATARINA 02;SUL;OUTROS;2025-12-01;1968,04;SANTA CATARINA 02|00 - TUBOS PVC KRONA|OUTROS|DEZ25
00 - TUBOS PVC KRONA;SANTA CATARINA 02;SUL;VAREJO;2025-01-01;125016,81;SANTA CATARINA 02|00 - TUBOS PVC KRONA|VAREJO|JAN25
00 - TUBOS PVC KRONA;SANTA CATARINA 02;SUL;VAREJO;2025-02-01;149971,22;SANTA CATARINA 02|00 - TUBOS PVC KRONA|VAREJO|FEV25
00 - TUBOS PVC KRONA;SANTA CATARINA 02;SUL;VAREJO;2025-03-01;128728,14;SANTA CATARINA 02|00 - TUBOS PVC KRONA|VAREJO|MAR25
00 - TUBOS PVC KRONA;SANTA CATARINA 02;SUL;VAREJO;2025-04-01;141701,17;SANTA CATARINA 02|00 - TUBOS PVC KRONA|VAREJO|ABR25
00 - TUBOS PVC KRONA;SANTA CATARINA 02;SUL;VAREJO;2025-05-01;148603,75;SANTA CATARINA 02|00 - TUBOS PVC KRONA|VAREJO|MAI25
00 - TUBOS PVC KRONA;SANTA CATARINA 02;SUL;VAREJO;2025-06-01;270816,10;SANTA CATARINA 02|00 - TUBOS PVC KRONA|VAREJO|JUN25
00 - TUBOS PVC KRONA;SANTA CATARINA 02;SUL;VAREJO;2025-07-01;208036,82;SANTA CATARINA 02|00 - TUBOS PVC KRONA|VAREJO|JUL25
00 - TUBOS PVC KRONA;SANTA CATARINA 02;SUL;VAREJO;2025-08-01;143667,73;SANTA CATARINA 02|00 - TUBOS PVC KRONA|VAREJO|AGO25
00 - TUBOS PVC KRONA;SANTA CATARINA 02;SUL;VAREJO;2025-09-01;116139,83;SANTA CATARINA 02|00 - TUBOS PVC KRONA|VAREJO|SET25
00 - TUBOS PVC KRONA;SANTA CATARINA 02;SUL;VAREJO;2025-10-01;98644,96;SANTA CATARINA 02|00 - TUBOS PVC KRONA|VAREJO|OUT25
00 - TUBOS PVC KRONA;SANTA CATARINA 02;SUL;VAREJO;2025-11-01;206417,82;SANTA CATARINA 02|00 - TUBOS PVC KRONA|VAREJO|NOV25
00 - TUBOS PVC KRONA;SANTA CATARINA 02;SUL;VAREJO;2025-12-01;140279,70;SANTA CATARINA 02|00 - TUBOS PVC KRONA|VAREJO|DEZ25
00 - TUBOS PVC KRONA;SAO PAULO CAPITAL;SP;ATACADO;2025-01-01;20498,45;SAO PAULO CAPITAL|00 - TUBOS PVC KRONA|ATACADO|JAN25
00 - TUBOS PVC KRONA;SAO PAULO CAPITAL;SP;ATACADO;2025-02-01;8828,72;SAO PAULO CAPITAL|00 - TUBOS PVC KRONA|ATACADO|FEV25
00 - TUBOS PVC KRONA;SAO PAULO CAPITAL;SP;ATACADO;2025-03-01;12321,19;SAO PAULO CAPITAL|00 - TUBOS PVC KRONA|ATACADO|MAR25
00 - TUBOS PVC KRONA;SAO PAULO CAPITAL;SP;ATACADO;2025-04-01;8480,62;SAO PAULO CAPITAL|00 - TUBOS PVC KRONA|ATACADO|ABR25
00 - TUBOS PVC KRONA;SAO PAULO CAPITAL;SP;ATACADO;2025-05-01;22210,88;SAO PAULO CAPITAL|00 - TUBOS PVC KRONA|ATACADO|MAI25
00 - TUBOS PVC KRONA;SAO PAULO CAPITAL;SP;ATACADO;2025-06-01;22796,98;SAO PAULO CAPITAL|00 - TUBOS PVC KRONA|ATACADO|JUN25
00 - TUBOS PVC KRONA;SAO PAULO CAPITAL;SP;ATACADO;2025-07-01;3041,87;SAO PAULO CAPITAL|00 - TUBOS PVC KRONA|ATACADO|JUL25
00 - TUBOS PVC KRONA;SAO PAULO CAPITAL;SP;ATACADO;2025-08-01;12961,94;SAO PAULO CAPITAL|00 - TUBOS PVC KRONA|ATACADO|AGO25
00 - TUBOS PVC KRONA;SAO PAULO CAPITAL;SP;ATACADO;2025-09-01;8534,34;SAO PAULO CAPITAL|00 - TUBOS PVC KRONA|ATACADO|SET25
00 - TUBOS PVC KRONA;SAO PAULO CAPITAL;SP;ATACADO;2025-10-01;9807,88;SAO PAULO CAPITAL|00 - TUBOS PVC KRONA|ATACADO|OUT25
00 - TUBOS PVC KRONA;SAO PAULO CAPITAL;SP;ATACADO;2025-11-01;4934,78;SAO PAULO CAPITAL|00 - TUBOS PVC KRONA|ATACADO|NOV25
00 - TUBOS PVC KRONA;SAO PAULO CAPITAL;SP;ATACADO;2025-12-01;15075,57;SAO PAULO CAPITAL|00 - TUBOS PVC KRONA|ATACADO|DEZ25
00 - TUBOS PVC KRONA;SAO PAULO CAPITAL;SP;OUTROS;2025-01-01;239,20;SAO PAULO CAPITAL|00 - TUBOS PVC KRONA|OUTROS|JAN25
00 - TUBOS PVC KRONA;SAO PAULO CAPITAL;SP;OUTROS;2025-02-01;328,16;SAO PAULO CAPITAL|00 - TUBOS PVC KRONA|OUTROS|FEV25
00 - TUBOS PVC KRONA;SAO PAULO CAPITAL;SP;OUTROS;2025-03-01;760,01;SAO PAULO CAPITAL|00 - TUBOS PVC KRONA|OUTROS|MAR25
00 - TUBOS PVC KRONA;SAO PAULO CAPITAL;SP;OUTROS;2025-04-01;433,09;SAO PAULO CAPITAL|00 - TUBOS PVC KRONA|OUTROS|ABR25
00 - TUBOS PVC KRONA;SAO PAULO CAPITAL;SP;OUTROS;2025-05-01;322,85;SAO PAULO CAPITAL|00 - TUBOS PVC KRONA|OUTROS|MAI25
00 - TUBOS PVC KRONA;SAO PAULO CAPITAL;SP;OUTROS;2025-06-01;665,17;SAO PAULO CAPITAL|00 - TUBOS PVC KRONA|OUTROS|JUN25
00 - TUBOS PVC KRONA;SAO PAULO CAPITAL;SP;OUTROS;2025-07-01;469,00;SAO PAULO CAPITAL|00 - TUBOS PVC KRONA|OUTROS|JUL25
00 - TUBOS PVC KRONA;SAO PAULO CAPITAL;SP;OUTROS;2025-09-01;243,74;SAO PAULO CAPITAL|00 - TUBOS PVC KRONA|OUTROS|SET25
00 - TUBOS PVC KRONA;SAO PAULO CAPITAL;SP;OUTROS;2025-10-01;504,77;SAO PAULO CAPITAL|00 - TUBOS PVC KRONA|OUTROS|OUT25
00 - TUBOS PVC KRONA;SAO PAULO CAPITAL;SP;OUTROS;2025-11-01;242,19;SAO PAULO CAPITAL|00 - TUBOS PVC KRONA|OUTROS|NOV25
00 - TUBOS PVC KRONA;SAO PAULO CAPITAL;SP;OUTROS;2025-12-01;446,72;SAO PAULO CAPITAL|00 - TUBOS PVC KRONA|OUTROS|DEZ25
00 - TUBOS PVC KRONA;SAO PAULO CAPITAL;SP;VAREJO;2025-01-01;132276,90;SAO PAULO CAPITAL|00 - TUBOS PVC KRONA|VAREJO|JAN25
00 - TUBOS PVC KRONA;SAO PAULO CAPITAL;SP;VAREJO;2025-02-01;150669,82;SAO PAULO CAPITAL|00 - TUBOS PVC KRONA|VAREJO|FEV25
00 - TUBOS PVC KRONA;SAO PAULO CAPITAL;SP;VAREJO;2025-03-01;154129,98;SAO PAULO CAPITAL|00 - TUBOS PVC KRONA|VAREJO|MAR25
00 - TUBOS PVC KRONA;SAO PAULO CAPITAL;SP;VAREJO;2025-04-01;151260,27;SAO PAULO CAPITAL|00 - TUBOS PVC KRONA|VAREJO|ABR25
00 - TUBOS PVC KRONA;SAO PAULO CAPITAL;SP;VAREJO;2025-05-01;202961,31;SAO PAULO CAPITAL|00 - TUBOS PVC KRONA|VAREJO|MAI25
00 - TUBOS PVC KRONA;SAO PAULO CAPITAL;SP;VAREJO;2025-06-01;290625,34;SAO PAULO CAPITAL|00 - TUBOS PVC KRONA|VAREJO|JUN25
00 - TUBOS PVC KRONA;SAO PAULO CAPITAL;SP;VAREJO;2025-07-01;199559,00;SAO PAULO CAPITAL|00 - TUBOS PVC KRONA|VAREJO|JUL25
00 - TUBOS PVC KRONA;SAO PAULO CAPITAL;SP;VAREJO;2025-08-01;148069,97;SAO PAULO CAPITAL|00 - TUBOS PVC KRONA|VAREJO|AGO25
00 - TUBOS PVC KRONA;SAO PAULO CAPITAL;SP;VAREJO;2025-09-01;145669,82;SAO PAULO CAPITAL|00 - TUBOS PVC KRONA|VAREJO|SET25
00 - TUBOS PVC KRONA;SAO PAULO CAPITAL;SP;VAREJO;2025-10-01;163997,94;SAO PAULO CAPITAL|00 - TUBOS PVC KRONA|VAREJO|OUT25
00 - TUBOS PVC KRONA;SAO PAULO CAPITAL;SP;VAREJO;2025-11-01;107500,55;SAO PAULO CAPITAL|00 - TUBOS PVC KRONA|VAREJO|NOV25
00 - TUBOS PVC KRONA;SAO PAULO CAPITAL;SP;VAREJO;2025-12-01;195216,58;SAO PAULO CAPITAL|00 - TUBOS PVC KRONA|VAREJO|DEZ25
00 - TUBOS PVC KRONA;SAO PAULO CAPITAL 2;SP;ATACADO;2025-01-01;64023,32;SAO PAULO CAPITAL 2|00 - TUBOS PVC KRONA|ATACADO|JAN25
00 - TUBOS PVC KRONA;SAO PAULO CAPITAL 2;SP;ATACADO;2025-02-01;350655,36;SAO PAULO CAPITAL 2|00 - TUBOS PVC KRONA|ATACADO|FEV25
00 - TUBOS PVC KRONA;SAO PAULO CAPITAL 2;SP;ATACADO;2025-03-01;522431,57;SAO PAULO CAPITAL 2|00 - TUBOS PVC KRONA|ATACADO|MAR25
00 - TUBOS PVC KRONA;SAO PAULO CAPITAL 2;SP;ATACADO;2025-04-01;163000,03;SAO PAULO CAPITAL 2|00 - TUBOS PVC KRONA|ATACADO|ABR25
00 - TUBOS PVC KRONA;SAO PAULO CAPITAL 2;SP;ATACADO;2025-05-01;394871,62;SAO PAULO CAPITAL 2|00 - TUBOS PVC KRONA|ATACADO|MAI25
00 - TUBOS PVC KRONA;SAO PAULO CAPITAL 2;SP;ATACADO;2025-06-01;574262,93;SAO PAULO CAPITAL 2|00 - TUBOS PVC KRONA|ATACADO|JUN25
00 - TUBOS PVC KRONA;SAO PAULO CAPITAL 2;SP;ATACADO;2025-07-01;62,57;SAO PAULO CAPITAL 2|00 - TUBOS PVC KRONA|ATACADO|JUL25
00 - TUBOS PVC KRONA;SAO PAULO CAPITAL 2;SP;ATACADO;2025-08-01;353888,17;SAO PAULO CAPITAL 2|00 - TUBOS PVC KRONA|ATACADO|AGO25
00 - TUBOS PVC KRONA;SAO PAULO CAPITAL 2;SP;ATACADO;2025-09-01;118754,65;SAO PAULO CAPITAL 2|00 - TUBOS PVC KRONA|ATACADO|SET25
00 - TUBOS PVC KRONA;SAO PAULO CAPITAL 2;SP;ATACADO;2025-10-01;327847,91;SAO PAULO CAPITAL 2|00 - TUBOS PVC KRONA|ATACADO|OUT25
00 - TUBOS PVC KRONA;SAO PAULO CAPITAL 2;SP;ATACADO;2025-11-01;165875,18;SAO PAULO CAPITAL 2|00 - TUBOS PVC KRONA|ATACADO|NOV25
00 - TUBOS PVC KRONA;SAO PAULO CAPITAL 2;SP;ATACADO;2025-12-01;798391,54;SAO PAULO CAPITAL 2|00 - TUBOS PVC KRONA|ATACADO|DEZ25
00 - TUBOS PVC KRONA;SAO PAULO INTERIOR;SP;ATACADO;2025-01-01;88015,34;SAO PAULO INTERIOR|00 - TUBOS PVC KRONA|ATACADO|JAN25
00 - TUBOS PVC KRONA;SAO PAULO INTERIOR;SP;ATACADO;2025-02-01;143803,07;SAO PAULO INTERIOR|00 - TUBOS PVC KRONA|ATACADO|FEV25
00 - TUBOS PVC KRONA;SAO PAULO INTERIOR;SP;ATACADO;2025-03-01;307377,75;SAO PAULO INTERIOR|00 - TUBOS PVC KRONA|ATACADO|MAR25
00 - TUBOS PVC KRONA;SAO PAULO INTERIOR;SP;ATACADO;2025-04-01;55517,20;SAO PAULO INTERIOR|00 - TUBOS PVC KRONA|ATACADO|ABR25
00 - TUBOS PVC KRONA;SAO PAULO INTERIOR;SP;ATACADO;2025-05-01;190018,10;SAO PAULO INTERIOR|00 - TUBOS PVC KRONA|ATACADO|MAI25
00 - TUBOS PVC KRONA;SAO PAULO INTERIOR;SP;ATACADO;2025-06-01;358736,75;SAO PAULO INTERIOR|00 - TUBOS PVC KRONA|ATACADO|JUN25
00 - TUBOS PVC KRONA;SAO PAULO INTERIOR;SP;ATACADO;2025-07-01;13538,15;SAO PAULO INTERIOR|00 - TUBOS PVC KRONA|ATACADO|JUL25
00 - TUBOS PVC KRONA;SAO PAULO INTERIOR;SP;ATACADO;2025-08-01;217239,77;SAO PAULO INTERIOR|00 - TUBOS PVC KRONA|ATACADO|AGO25
00 - TUBOS PVC KRONA;SAO PAULO INTERIOR;SP;ATACADO;2025-09-01;99651,53;SAO PAULO INTERIOR|00 - TUBOS PVC KRONA|ATACADO|SET25
00 - TUBOS PVC KRONA;SAO PAULO INTERIOR;SP;ATACADO;2025-10-01;116964,57;SAO PAULO INTERIOR|00 - TUBOS PVC KRONA|ATACADO|OUT25
00 - TUBOS PVC KRONA;SAO PAULO INTERIOR;SP;ATACADO;2025-11-01;53325,35;SAO PAULO INTERIOR|00 - TUBOS PVC KRONA|ATACADO|NOV25
00 - TUBOS PVC KRONA;SAO PAULO INTERIOR;SP;ATACADO;2025-12-01;366344,96;SAO PAULO INTERIOR|00 - TUBOS PVC KRONA|ATACADO|DEZ25
00 - TUBOS PVC KRONA;SAO PAULO INTERIOR;SP;OUTROS;2025-01-01;436,04;SAO PAULO INTERIOR|00 - TUBOS PVC KRONA|OUTROS|JAN25
00 - TUBOS PVC KRONA;SAO PAULO INTERIOR;SP;OUTROS;2025-02-01;407,90;SAO PAULO INTERIOR|00 - TUBOS PVC KRONA|OUTROS|FEV25
00 - TUBOS PVC KRONA;SAO PAULO INTERIOR;SP;OUTROS;2025-03-01;9290,38;SAO PAULO INTERIOR|00 - TUBOS PVC KRONA|OUTROS|MAR25
00 - TUBOS PVC KRONA;SAO PAULO INTERIOR;SP;OUTROS;2025-04-01;817,20;SAO PAULO INTERIOR|00 - TUBOS PVC KRONA|OUTROS|ABR25
00 - TUBOS PVC KRONA;SAO PAULO INTERIOR;SP;OUTROS;2025-05-01;933,87;SAO PAULO INTERIOR|00 - TUBOS PVC KRONA|OUTROS|MAI25
00 - TUBOS PVC KRONA;SAO PAULO INTERIOR;SP;OUTROS;2025-06-01;2352,68;SAO PAULO INTERIOR|00 - TUBOS PVC KRONA|OUTROS|JUN25
00 - TUBOS PVC KRONA;SAO PAULO INTERIOR;SP;OUTROS;2025-07-01;52,20;SAO PAULO INTERIOR|00 - TUBOS PVC KRONA|OUTROS|JUL25
00 - TUBOS PVC KRONA;SAO PAULO INTERIOR;SP;OUTROS;2025-08-01;1665,88;SAO PAULO INTERIOR|00 - TUBOS PVC KRONA|OUTROS|AGO25
00 - TUBOS PVC KRONA;SAO PAULO INTERIOR;SP;OUTROS;2025-09-01;2868,86;SAO PAULO INTERIOR|00 - TUBOS PVC KRONA|OUTROS|SET25
00 - TUBOS PVC KRONA;SAO PAULO INTERIOR;SP;OUTROS;2025-10-01;3685,96;SAO PAULO INTERIOR|00 - TUBOS PVC KRONA|OUTROS|OUT25
00 - TUBOS PVC KRONA;SAO PAULO INTERIOR;SP;OUTROS;2025-11-01;535,03;SAO PAULO INTERIOR|00 - TUBOS PVC KRONA|OUTROS|NOV25
00 - TUBOS PVC KRONA;SAO PAULO INTERIOR;SP;OUTROS;2025-12-01;1345,89;SAO PAULO INTERIOR|00 - TUBOS PVC KRONA|OUTROS|DEZ25
00 - TUBOS PVC KRONA;SAO PAULO INTERIOR;SP;VAREJO;2025-01-01;122706,42;SAO PAULO INTERIOR|00 - TUBOS PVC KRONA|VAREJO|JAN25
00 - TUBOS PVC KRONA;SAO PAULO INTERIOR;SP;VAREJO;2025-02-01;179462,76;SAO PAULO INTERIOR|00 - TUBOS PVC KRONA|VAREJO|FEV25
00 - TUBOS PVC KRONA;SAO PAULO INTERIOR;SP;VAREJO;2025-03-01;109672,47;SAO PAULO INTERIOR|00 - TUBOS PVC KRONA|VAREJO|MAR25
00 - TUBOS PVC KRONA;SAO PAULO INTERIOR;SP;VAREJO;2025-04-01;136073,87;SAO PAULO INTERIOR|00 - TUBOS PVC KRONA|VAREJO|ABR25
00 - TUBOS PVC KRONA;SAO PAULO INTERIOR;SP;VAREJO;2025-05-01;207516,49;SAO PAULO INTERIOR|00 - TUBOS PVC KRONA|VAREJO|MAI25
00 - TUBOS PVC KRONA;SAO PAULO INTERIOR;SP;VAREJO;2025-06-01;271364,19;SAO PAULO INTERIOR|00 - TUBOS PVC KRONA|VAREJO|JUN25
00 - TUBOS PVC KRONA;SAO PAULO INTERIOR;SP;VAREJO;2025-07-01;238805,49;SAO PAULO INTERIOR|00 - TUBOS PVC KRONA|VAREJO|JUL25
00 - TUBOS PVC KRONA;SAO PAULO INTERIOR;SP;VAREJO;2025-08-01;116195,43;SAO PAULO INTERIOR|00 - TUBOS PVC KRONA|VAREJO|AGO25
00 - TUBOS PVC KRONA;SAO PAULO INTERIOR;SP;VAREJO;2025-09-01;153327,07;SAO PAULO INTERIOR|00 - TUBOS PVC KRONA|VAREJO|SET25
00 - TUBOS PVC KRONA;SAO PAULO INTERIOR;SP;VAREJO;2025-10-01;120518,76;SAO PAULO INTERIOR|00 - TUBOS PVC KRONA|VAREJO|OUT25
00 - TUBOS PVC KRONA;SAO PAULO INTERIOR;SP;VAREJO;2025-11-01;139986,96;SAO PAULO INTERIOR|00 - TUBOS PVC KRONA|VAREJO|NOV25
00 - TUBOS PVC KRONA;SAO PAULO INTERIOR;SP;VAREJO;2025-12-01;165318,77;SAO PAULO INTERIOR|00 - TUBOS PVC KRONA|VAREJO|DEZ25
00 - TUBOS PVC KRONA;TELEVENDAS;TELEVENDAS;ATACADO;2025-02-01;49,78;TELEVENDAS|00 - TUBOS PVC KRONA|ATACADO|FEV25
00 - TUBOS PVC KRONA;TELEVENDAS;TELEVENDAS;ATACADO;2025-04-01;2599,48;TELEVENDAS|00 - TUBOS PVC KRONA|ATACADO|ABR25
00 - TUBOS PVC KRONA;TELEVENDAS;TELEVENDAS;ATACADO;2025-05-01;2415,40;TELEVENDAS|00 - TUBOS PVC KRONA|ATACADO|MAI25
00 - TUBOS PVC KRONA;TELEVENDAS;TELEVENDAS;ATACADO;2025-06-01;3804,62;TELEVENDAS|00 - TUBOS PVC KRONA|ATACADO|JUN25
00 - TUBOS PVC KRONA;TELEVENDAS;TELEVENDAS;ATACADO;2025-07-01;58,65;TELEVENDAS|00 - TUBOS PVC KRONA|ATACADO|JUL25
00 - TUBOS PVC KRONA;TELEVENDAS;TELEVENDAS;ATACADO;2025-08-01;88,56;TELEVENDAS|00 - TUBOS PVC KRONA|ATACADO|AGO25
00 - TUBOS PVC KRONA;TELEVENDAS;TELEVENDAS;ATACADO;2025-09-01;9,00;TELEVENDAS|00 - TUBOS PVC KRONA|ATACADO|SET25
00 - TUBOS PVC KRONA;TELEVENDAS;TELEVENDAS;ATACADO;2025-11-01;35,96;TELEVENDAS|00 - TUBOS PVC KRONA|ATACADO|NOV25
00 - TUBOS PVC KRONA;TELEVENDAS;TELEVENDAS;IRRIGACAO;2025-02-01;1055,48;TELEVENDAS|00 - TUBOS PVC KRONA|IRRIGACAO|FEV25
00 - TUBOS PVC KRONA;TELEVENDAS;TELEVENDAS;IRRIGACAO;2025-10-01;37,47;TELEVENDAS|00 - TUBOS PVC KRONA|IRRIGACAO|OUT25
00 - TUBOS PVC KRONA;TELEVENDAS;TELEVENDAS;OUTROS;2025-01-01;1797,31;TELEVENDAS|00 - TUBOS PVC KRONA|OUTROS|JAN25
00 - TUBOS PVC KRONA;TELEVENDAS;TELEVENDAS;OUTROS;2025-02-01;3457,30;TELEVENDAS|00 - TUBOS PVC KRONA|OUTROS|FEV25
00 - TUBOS PVC KRONA;TELEVENDAS;TELEVENDAS;OUTROS;2025-03-01;1394,17;TELEVENDAS|00 - TUBOS PVC KRONA|OUTROS|MAR25
00 - TUBOS PVC KRONA;TELEVENDAS;TELEVENDAS;OUTROS;2025-04-01;961,60;TELEVENDAS|00 - TUBOS PVC KRONA|OUTROS|ABR25
00 - TUBOS PVC KRONA;TELEVENDAS;TELEVENDAS;OUTROS;2025-05-01;4457,04;TELEVENDAS|00 - TUBOS PVC KRONA|OUTROS|MAI25
00 - TUBOS PVC KRONA;TELEVENDAS;TELEVENDAS;OUTROS;2025-06-01;3251,59;TELEVENDAS|00 - TUBOS PVC KRONA|OUTROS|JUN25
00 - TUBOS PVC KRONA;TELEVENDAS;TELEVENDAS;OUTROS;2025-07-01;1534,19;TELEVENDAS|00 - TUBOS PVC KRONA|OUTROS|JUL25
00 - TUBOS PVC KRONA;TELEVENDAS;TELEVENDAS;OUTROS;2025-08-01;1053,37;TELEVENDAS|00 - TUBOS PVC KRONA|OUTROS|AGO25
00 - TUBOS PVC KRONA;TELEVENDAS;TELEVENDAS;OUTROS;2025-09-01;1889,71;TELEVENDAS|00 - TUBOS PVC KRONA|OUTROS|SET25
00 - TUBOS PVC KRONA;TELEVENDAS;TELEVENDAS;OUTROS;2025-10-01;971,03;TELEVENDAS|00 - TUBOS PVC KRONA|OUTROS|OUT25
00 - TUBOS PVC KRONA;TELEVENDAS;TELEVENDAS;OUTROS;2025-11-01;584,99;TELEVENDAS|00 - TUBOS PVC KRONA|OUTROS|NOV25
00 - TUBOS PVC KRONA;TELEVENDAS;TELEVENDAS;OUTROS;2025-12-01;558,76;TELEVENDAS|00 - TUBOS PVC KRONA|OUTROS|DEZ25
00 - TUBOS PVC KRONA;TELEVENDAS;TELEVENDAS;VAREJO;2025-01-01;62045,21;TELEVENDAS|00 - TUBOS PVC KRONA|VAREJO|JAN25
00 - TUBOS PVC KRONA;TELEVENDAS;TELEVENDAS;VAREJO;2025-02-01;83167,12;TELEVENDAS|00 - TUBOS PVC KRONA|VAREJO|FEV25
00 - TUBOS PVC KRONA;TELEVENDAS;TELEVENDAS;VAREJO;2025-03-01;57179,34;TELEVENDAS|00 - TUBOS PVC KRONA|VAREJO|MAR25
00 - TUBOS PVC KRONA;TELEVENDAS;TELEVENDAS;VAREJO;2025-04-01;64922,72;TELEVENDAS|00 - TUBOS PVC KRONA|VAREJO|ABR25
00 - TUBOS PVC KRONA;TELEVENDAS;TELEVENDAS;VAREJO;2025-05-01;74318,39;TELEVENDAS|00 - TUBOS PVC KRONA|VAREJO|MAI25
00 - TUBOS PVC KRONA;TELEVENDAS;TELEVENDAS;VAREJO;2025-06-01;126051,64;TELEVENDAS|00 - TUBOS PVC KRONA|VAREJO|JUN25
00 - TUBOS PVC KRONA;TELEVENDAS;TELEVENDAS;VAREJO;2025-07-01;81055,24;TELEVENDAS|00 - TUBOS PVC KRONA|VAREJO|JUL25
00 - TUBOS PVC KRONA;TELEVENDAS;TELEVENDAS;VAREJO;2025-08-01;61564,73;TELEVENDAS|00 - TUBOS PVC KRONA|VAREJO|AGO25
00 - TUBOS PVC KRONA;TELEVENDAS;TELEVENDAS;VAREJO;2025-09-01;66450,33;TELEVENDAS|00 - TUBOS PVC KRONA|VAREJO|SET25
00 - TUBOS PVC KRONA;TELEVENDAS;TELEVENDAS;VAREJO;2025-10-01;65685,29;TELEVENDAS|00 - TUBOS PVC KRONA|VAREJO|OUT25
00 - TUBOS PVC KRONA;TELEVENDAS;TELEVENDAS;VAREJO;2025-11-01;72065,31;TELEVENDAS|00 - TUBOS PVC KRONA|VAREJO|NOV25
00 - TUBOS PVC KRONA;TELEVENDAS;TELEVENDAS;VAREJO;2025-12-01;82460,52;TELEVENDAS|00 - TUBOS PVC KRONA|VAREJO|DEZ25
01 - TUBOS ELETRODUTOS KRONA;CENTRO OESTE;CO NO;ATACADO;2025-01-01;8725,78;CENTRO OESTE|01 - TUBOS ELETRODUTOS KRONA|ATACADO|JAN25
01 - TUBOS ELETRODUTOS KRONA;CENTRO OESTE;CO NO;ATACADO;2025-02-01;206,80;CENTRO OESTE|01 - TUBOS ELETRODUTOS KRONA|ATACADO|FEV25
01 - TUBOS ELETRODUTOS KRONA;CENTRO OESTE;CO NO;ATACADO;2025-03-01;5487,30;CENTRO OESTE|01 - TUBOS ELETRODUTOS KRONA|ATACADO|MAR25
01 - TUBOS ELETRODUTOS KRONA;CENTRO OESTE;CO NO;ATACADO;2025-04-01;5679,72;CENTRO OESTE|01 - TUBOS ELETRODUTOS KRONA|ATACADO|ABR25
01 - TUBOS ELETRODUTOS KRONA;CENTRO OESTE;CO NO;ATACADO;2025-05-01;3417,76;CENTRO OESTE|01 - TUBOS ELETRODUTOS KRONA|ATACADO|MAI25
01 - TUBOS ELETRODUTOS KRONA;CENTRO OESTE;CO NO;ATACADO;2025-06-01;9664,83;CENTRO OESTE|01 - TUBOS ELETRODUTOS KRONA|ATACADO|JUN25
01 - TUBOS ELETRODUTOS KRONA;CENTRO OESTE;CO NO;ATACADO;2025-07-01;1846,49;CENTRO OESTE|01 - TUBOS ELETRODUTOS KRONA|ATACADO|JUL25
01 - TUBOS ELETRODUTOS KRONA;CENTRO OESTE;CO NO;ATACADO;2025-08-01;5292,98;CENTRO OESTE|01 - TUBOS ELETRODUTOS KRONA|ATACADO|AGO25
01 - TUBOS ELETRODUTOS KRONA;CENTRO OESTE;CO NO;ATACADO;2025-09-01;8703,21;CENTRO OESTE|01 - TUBOS ELETRODUTOS KRONA|ATACADO|SET25
01 - TUBOS ELETRODUTOS KRONA;CENTRO OESTE;CO NO;ATACADO;2025-10-01;6532,25;CENTRO OESTE|01 - TUBOS ELETRODUTOS KRONA|ATACADO|OUT25
01 - TUBOS ELETRODUTOS KRONA;CENTRO OESTE;CO NO;ATACADO;2025-11-01;5175,66;CENTRO OESTE|01 - TUBOS ELETRODUTOS KRONA|ATACADO|NOV25
01 - TUBOS ELETRODUTOS KRONA;CENTRO OESTE;CO NO;ATACADO;2025-12-01;10872,58;CENTRO OESTE|01 - TUBOS ELETRODUTOS KRONA|ATACADO|DEZ25
01 - TUBOS ELETRODUTOS KRONA;CENTRO OESTE;CO NO;VAREJO;2025-01-01;460,00;CENTRO OESTE|01 - TUBOS ELETRODUTOS KRONA|VAREJO|JAN25
01 - TUBOS ELETRODUTOS KRONA;CENTRO OESTE;CO NO;VAREJO;2025-02-01;434,09;CENTRO OESTE|01 - TUBOS ELETRODUTOS KRONA|VAREJO|FEV25
01 - TUBOS ELETRODUTOS KRONA;CENTRO OESTE;CO NO;VAREJO;2025-03-01;1802,93;CENTRO OESTE|01 - TUBOS ELETRODUTOS KRONA|VAREJO|MAR25
01 - TUBOS ELETRODUTOS KRONA;CENTRO OESTE;CO NO;VAREJO;2025-04-01;1509,80;CENTRO OESTE|01 - TUBOS ELETRODUTOS KRONA|VAREJO|ABR25
01 - TUBOS ELETRODUTOS KRONA;CENTRO OESTE;CO NO;VAREJO;2025-05-01;1889,92;CENTRO OESTE|01 - TUBOS ELETRODUTOS KRONA|VAREJO|MAI25
01 - TUBOS ELETRODUTOS KRONA;CENTRO OESTE;CO NO;VAREJO;2025-06-01;1602,15;CENTRO OESTE|01 - TUBOS ELETRODUTOS KRONA|VAREJO|JUN25
01 - TUBOS ELETRODUTOS KRONA;CENTRO OESTE;CO NO;VAREJO;2025-07-01;1025,10;CENTRO OESTE|01 - TUBOS ELETRODUTOS KRONA|VAREJO|JUL25
01 - TUBOS ELETRODUTOS KRONA;CENTRO OESTE;CO NO;VAREJO;2025-08-01;410,80;CENTRO OESTE|01 - TUBOS ELETRODUTOS KRONA|VAREJO|AGO25
01 - TUBOS ELETRODUTOS KRONA;CENTRO OESTE;CO NO;VAREJO;2025-09-01;824,71;CENTRO OESTE|01 - TUBOS ELETRODUTOS KRONA|VAREJO|SET25
01 - TUBOS ELETRODUTOS KRONA;CENTRO OESTE;CO NO;VAREJO;2025-10-01;934,33;CENTRO OESTE|01 - TUBOS ELETRODUTOS KRONA|VAREJO|OUT25
01 - TUBOS ELETRODUTOS KRONA;CENTRO OESTE;CO NO;VAREJO;2025-11-01;730,05;CENTRO OESTE|01 - TUBOS ELETRODUTOS KRONA|VAREJO|NOV25
01 - TUBOS ELETRODUTOS KRONA;CENTRO OESTE;CO NO;VAREJO;2025-12-01;715,70;CENTRO OESTE|01 - TUBOS ELETRODUTOS KRONA|VAREJO|DEZ25
01 - TUBOS ELETRODUTOS KRONA;CONSTR CENTRO OESTE;CONSTRUTORA;CONSTRUTORA;2025-01-01;490,40;CONSTR CENTRO OESTE|01 - TUBOS ELETRODUTOS KRONA|CONSTRUTORA|JAN25
01 - TUBOS ELETRODUTOS KRONA;CONSTR CENTRO OESTE;CONSTRUTORA;CONSTRUTORA;2025-02-01;3911,01;CONSTR CENTRO OESTE|01 - TUBOS ELETRODUTOS KRONA|CONSTRUTORA|FEV25
01 - TUBOS ELETRODUTOS KRONA;CONSTR CENTRO OESTE;CONSTRUTORA;CONSTRUTORA;2025-03-01;1095,33;CONSTR CENTRO OESTE|01 - TUBOS ELETRODUTOS KRONA|CONSTRUTORA|MAR25
01 - TUBOS ELETRODUTOS KRONA;CONSTR CENTRO OESTE;CONSTRUTORA;CONSTRUTORA;2025-04-01;1128,19;CONSTR CENTRO OESTE|01 - TUBOS ELETRODUTOS KRONA|CONSTRUTORA|ABR25
01 - TUBOS ELETRODUTOS KRONA;CONSTR CENTRO OESTE;CONSTRUTORA;CONSTRUTORA;2025-05-01;1784,03;CONSTR CENTRO OESTE|01 - TUBOS ELETRODUTOS KRONA|CONSTRUTORA|MAI25
01 - TUBOS ELETRODUTOS KRONA;CONSTR CENTRO OESTE;CONSTRUTORA;CONSTRUTORA;2025-06-01;179,00;CONSTR CENTRO OESTE|01 - TUBOS ELETRODUTOS KRONA|CONSTRUTORA|JUN25
01 - TUBOS ELETRODUTOS KRONA;CONSTR CENTRO OESTE;CONSTRUTORA;CONSTRUTORA;2025-07-01;458,40;CONSTR CENTRO OESTE|01 - TUBOS ELETRODUTOS KRONA|CONSTRUTORA|JUL25
01 - TUBOS ELETRODUTOS KRONA;CONSTR CENTRO OESTE;CONSTRUTORA;CONSTRUTORA;2025-08-01;344,34;CONSTR CENTRO OESTE|01 - TUBOS ELETRODUTOS KRONA|CONSTRUTORA|AGO25
01 - TUBOS ELETRODUTOS KRONA;CONSTR CENTRO OESTE;CONSTRUTORA;CONSTRUTORA;2025-09-01;697,40;CONSTR CENTRO OESTE|01 - TUBOS ELETRODUTOS KRONA|CONSTRUTORA|SET25
01 - TUBOS ELETRODUTOS KRONA;CONSTR CENTRO OESTE;CONSTRUTORA;CONSTRUTORA;2025-10-01;2978,00;CONSTR CENTRO OESTE|01 - TUBOS ELETRODUTOS KRONA|CONSTRUTORA|OUT25
01 - TUBOS ELETRODUTOS KRONA;CONSTR CENTRO OESTE;CONSTRUTORA;CONSTRUTORA;2025-11-01;202,00;CONSTR CENTRO OESTE|01 - TUBOS ELETRODUTOS KRONA|CONSTRUTORA|NOV25
01 - TUBOS ELETRODUTOS KRONA;CONSTR CENTRO OESTE;CONSTRUTORA;CONSTRUTORA;2025-12-01;748,86;CONSTR CENTRO OESTE|01 - TUBOS ELETRODUTOS KRONA|CONSTRUTORA|DEZ25
01 - TUBOS ELETRODUTOS KRONA;CONSTR NORDESTE;CONSTRUTORA;CONSTRUTORA;2025-01-01;48396,71;CONSTR NORDESTE|01 - TUBOS ELETRODUTOS KRONA|CONSTRUTORA|JAN25
01 - TUBOS ELETRODUTOS KRONA;CONSTR NORDESTE;CONSTRUTORA;CONSTRUTORA;2025-02-01;33690,04;CONSTR NORDESTE|01 - TUBOS ELETRODUTOS KRONA|CONSTRUTORA|FEV25
01 - TUBOS ELETRODUTOS KRONA;CONSTR NORDESTE;CONSTRUTORA;CONSTRUTORA;2025-03-01;48312,74;CONSTR NORDESTE|01 - TUBOS ELETRODUTOS KRONA|CONSTRUTORA|MAR25
01 - TUBOS ELETRODUTOS KRONA;CONSTR NORDESTE;CONSTRUTORA;CONSTRUTORA;2025-04-01;49799,89;CONSTR NORDESTE|01 - TUBOS ELETRODUTOS KRONA|CONSTRUTORA|ABR25
01 - TUBOS ELETRODUTOS KRONA;CONSTR NORDESTE;CONSTRUTORA;CONSTRUTORA;2025-05-01;53774,46;CONSTR NORDESTE|01 - TUBOS ELETRODUTOS KRONA|CONSTRUTORA|MAI25
01 - TUBOS ELETRODUTOS KRONA;CONSTR NORDESTE;CONSTRUTORA;CONSTRUTORA;2025-06-01;51435,90;CONSTR NORDESTE|01 - TUBOS ELETRODUTOS KRONA|CONSTRUTORA|JUN25
01 - TUBOS ELETRODUTOS KRONA;CONSTR NORDESTE;CONSTRUTORA;CONSTRUTORA;2025-07-01;33777,33;CONSTR NORDESTE|01 - TUBOS ELETRODUTOS KRONA|CONSTRUTORA|JUL25
01 - TUBOS ELETRODUTOS KRONA;CONSTR NORDESTE;CONSTRUTORA;CONSTRUTORA;2025-08-01;41679,38;CONSTR NORDESTE|01 - TUBOS ELETRODUTOS KRONA|CONSTRUTORA|AGO25
01 - TUBOS ELETRODUTOS KRONA;CONSTR NORDESTE;CONSTRUTORA;CONSTRUTORA;2025-09-01;47042,95;CONSTR NORDESTE|01 - TUBOS ELETRODUTOS KRONA|CONSTRUTORA|SET25
01 - TUBOS ELETRODUTOS KRONA;CONSTR NORDESTE;CONSTRUTORA;CONSTRUTORA;2025-10-01;35568,04;CONSTR NORDESTE|01 - TUBOS ELETRODUTOS KRONA|CONSTRUTORA|OUT25
01 - TUBOS ELETRODUTOS KRONA;CONSTR NORDESTE;CONSTRUTORA;CONSTRUTORA;2025-11-01;33898,40;CONSTR NORDESTE|01 - TUBOS ELETRODUTOS KRONA|CONSTRUTORA|NOV25
01 - TUBOS ELETRODUTOS KRONA;CONSTR NORDESTE;CONSTRUTORA;CONSTRUTORA;2025-12-01;26493,84;CONSTR NORDESTE|01 - TUBOS ELETRODUTOS KRONA|CONSTRUTORA|DEZ25
01 - TUBOS ELETRODUTOS KRONA;CONSTR NORDESTE;CONSTRUTORA;OUTROS;2025-01-01;663,45;CONSTR NORDESTE|01 - TUBOS ELETRODUTOS KRONA|OUTROS|JAN25
01 - TUBOS ELETRODUTOS KRONA;CONSTR NORDESTE;CONSTRUTORA;OUTROS;2025-02-01;49,60;CONSTR NORDESTE|01 - TUBOS ELETRODUTOS KRONA|OUTROS|FEV25
01 - TUBOS ELETRODUTOS KRONA;CONSTR NORDESTE;CONSTRUTORA;OUTROS;2025-04-01;496,68;CONSTR NORDESTE|01 - TUBOS ELETRODUTOS KRONA|OUTROS|ABR25
01 - TUBOS ELETRODUTOS KRONA;CONSTR NORDESTE;CONSTRUTORA;OUTROS;2025-06-01;74,40;CONSTR NORDESTE|01 - TUBOS ELETRODUTOS KRONA|OUTROS|JUN25
01 - TUBOS ELETRODUTOS KRONA;CONSTR NORDESTE;CONSTRUTORA;OUTROS;2025-07-01;93,00;CONSTR NORDESTE|01 - TUBOS ELETRODUTOS KRONA|OUTROS|JUL25
01 - TUBOS ELETRODUTOS KRONA;CONSTR NORTE;CONSTRUTORA;CONSTRUTORA;2025-02-01;269,10;CONSTR NORTE|01 - TUBOS ELETRODUTOS KRONA|CONSTRUTORA|FEV25
01 - TUBOS ELETRODUTOS KRONA;CONSTR NORTE;CONSTRUTORA;CONSTRUTORA;2025-06-01;627,18;CONSTR NORTE|01 - TUBOS ELETRODUTOS KRONA|CONSTRUTORA|JUN25
01 - TUBOS ELETRODUTOS KRONA;CONSTR NORTE;CONSTRUTORA;CONSTRUTORA;2025-08-01;245,65;CONSTR NORTE|01 - TUBOS ELETRODUTOS KRONA|CONSTRUTORA|AGO25
01 - TUBOS ELETRODUTOS KRONA;CONSTR NORTE;CONSTRUTORA;CONSTRUTORA;2025-09-01;468,00;CONSTR NORTE|01 - TUBOS ELETRODUTOS KRONA|CONSTRUTORA|SET25
01 - TUBOS ELETRODUTOS KRONA;CONSTR NORTE;CONSTRUTORA;CONSTRUTORA;2025-10-01;505,98;CONSTR NORTE|01 - TUBOS ELETRODUTOS KRONA|CONSTRUTORA|OUT25
01 - TUBOS ELETRODUTOS KRONA;CONSTR NORTE;CONSTRUTORA;CONSTRUTORA;2025-11-01;4295,00;CONSTR NORTE|01 - TUBOS ELETRODUTOS KRONA|CONSTRUTORA|NOV25
01 - TUBOS ELETRODUTOS KRONA;CONSTR NORTE;CONSTRUTORA;CONSTRUTORA;2025-12-01;80,28;CONSTR NORTE|01 - TUBOS ELETRODUTOS KRONA|CONSTRUTORA|DEZ25
01 - TUBOS ELETRODUTOS KRONA;CONSTR SAO PAULO;CONSTRUTORA;CONSTRUTORA;2025-02-01;486,97;CONSTR SAO PAULO|01 - TUBOS ELETRODUTOS KRONA|CONSTRUTORA|FEV25
01 - TUBOS ELETRODUTOS KRONA;CONSTR SAO PAULO;CONSTRUTORA;CONSTRUTORA;2025-04-01;663,15;CONSTR SAO PAULO|01 - TUBOS ELETRODUTOS KRONA|CONSTRUTORA|ABR25
01 - TUBOS ELETRODUTOS KRONA;CONSTR SAO PAULO;CONSTRUTORA;CONSTRUTORA;2025-05-01;284,05;CONSTR SAO PAULO|01 - TUBOS ELETRODUTOS KRONA|CONSTRUTORA|MAI25
01 - TUBOS ELETRODUTOS KRONA;CONSTR SAO PAULO;CONSTRUTORA;CONSTRUTORA;2025-06-01;287,50;CONSTR SAO PAULO|01 - TUBOS ELETRODUTOS KRONA|CONSTRUTORA|JUN25
01 - TUBOS ELETRODUTOS KRONA;CONSTR SAO PAULO;CONSTRUTORA;CONSTRUTORA;2025-07-01;731,07;CONSTR SAO PAULO|01 - TUBOS ELETRODUTOS KRONA|CONSTRUTORA|JUL25
01 - TUBOS ELETRODUTOS KRONA;CONSTR SAO PAULO;CONSTRUTORA;CONSTRUTORA;2025-08-01;982,18;CONSTR SAO PAULO|01 - TUBOS ELETRODUTOS KRONA|CONSTRUTORA|AGO25
01 - TUBOS ELETRODUTOS KRONA;CONSTR SAO PAULO;CONSTRUTORA;CONSTRUTORA;2025-09-01;1181,33;CONSTR SAO PAULO|01 - TUBOS ELETRODUTOS KRONA|CONSTRUTORA|SET25
01 - TUBOS ELETRODUTOS KRONA;CONSTR SAO PAULO;CONSTRUTORA;CONSTRUTORA;2025-10-01;3795,98;CONSTR SAO PAULO|01 - TUBOS ELETRODUTOS KRONA|CONSTRUTORA|OUT25
01 - TUBOS ELETRODUTOS KRONA;CONSTR SAO PAULO;CONSTRUTORA;CONSTRUTORA;2025-11-01;5188,35;CONSTR SAO PAULO|01 - TUBOS ELETRODUTOS KRONA|CONSTRUTORA|NOV25
01 - TUBOS ELETRODUTOS KRONA;CONSTR SAO PAULO;CONSTRUTORA;CONSTRUTORA;2025-12-01;652,62;CONSTR SAO PAULO|01 - TUBOS ELETRODUTOS KRONA|CONSTRUTORA|DEZ25
01 - TUBOS ELETRODUTOS KRONA;CONSTR SUDESTE;CONSTRUTORA;CONSTRUTORA;2025-01-01;14,60;CONSTR SUDESTE|01 - TUBOS ELETRODUTOS KRONA|CONSTRUTORA|JAN25
01 - TUBOS ELETRODUTOS KRONA;CONSTR SUDESTE;CONSTRUTORA;CONSTRUTORA;2025-02-01;804,85;CONSTR SUDESTE|01 - TUBOS ELETRODUTOS KRONA|CONSTRUTORA|FEV25
01 - TUBOS ELETRODUTOS KRONA;CONSTR SUDESTE;CONSTRUTORA;CONSTRUTORA;2025-03-01;81,10;CONSTR SUDESTE|01 - TUBOS ELETRODUTOS KRONA|CONSTRUTORA|MAR25
01 - TUBOS ELETRODUTOS KRONA;CONSTR SUDESTE;CONSTRUTORA;CONSTRUTORA;2025-04-01;285,09;CONSTR SUDESTE|01 - TUBOS ELETRODUTOS KRONA|CONSTRUTORA|ABR25
01 - TUBOS ELETRODUTOS KRONA;CONSTR SUDESTE;CONSTRUTORA;CONSTRUTORA;2025-05-01;270,00;CONSTR SUDESTE|01 - TUBOS ELETRODUTOS KRONA|CONSTRUTORA|MAI25
01 - TUBOS ELETRODUTOS KRONA;CONSTR SUDESTE;CONSTRUTORA;CONSTRUTORA;2025-06-01;2233,14;CONSTR SUDESTE|01 - TUBOS ELETRODUTOS KRONA|CONSTRUTORA|JUN25
01 - TUBOS ELETRODUTOS KRONA;CONSTR SUDESTE;CONSTRUTORA;CONSTRUTORA;2025-07-01;1101,50;CONSTR SUDESTE|01 - TUBOS ELETRODUTOS KRONA|CONSTRUTORA|JUL25
01 - TUBOS ELETRODUTOS KRONA;CONSTR SUDESTE;CONSTRUTORA;CONSTRUTORA;2025-09-01;700,40;CONSTR SUDESTE|01 - TUBOS ELETRODUTOS KRONA|CONSTRUTORA|SET25
01 - TUBOS ELETRODUTOS KRONA;CONSTR SUDESTE;CONSTRUTORA;CONSTRUTORA;2025-10-01;2929,76;CONSTR SUDESTE|01 - TUBOS ELETRODUTOS KRONA|CONSTRUTORA|OUT25
01 - TUBOS ELETRODUTOS KRONA;CONSTR SUDESTE;CONSTRUTORA;CONSTRUTORA;2025-11-01;96,70;CONSTR SUDESTE|01 - TUBOS ELETRODUTOS KRONA|CONSTRUTORA|NOV25
01 - TUBOS ELETRODUTOS KRONA;CONSTR SUDESTE;CONSTRUTORA;CONSTRUTORA;2025-12-01;930,87;CONSTR SUDESTE|01 - TUBOS ELETRODUTOS KRONA|CONSTRUTORA|DEZ25
01 - TUBOS ELETRODUTOS KRONA;CONSTR SUL;CONSTRUTORA;CONSTRUTORA;2025-01-01;1203,34;CONSTR SUL|01 - TUBOS ELETRODUTOS KRONA|CONSTRUTORA|JAN25
01 - TUBOS ELETRODUTOS KRONA;CONSTR SUL;CONSTRUTORA;CONSTRUTORA;2025-02-01;1486,54;CONSTR SUL|01 - TUBOS ELETRODUTOS KRONA|CONSTRUTORA|FEV25
01 - TUBOS ELETRODUTOS KRONA;CONSTR SUL;CONSTRUTORA;CONSTRUTORA;2025-03-01;414,56;CONSTR SUL|01 - TUBOS ELETRODUTOS KRONA|CONSTRUTORA|MAR25
01 - TUBOS ELETRODUTOS KRONA;CONSTR SUL;CONSTRUTORA;CONSTRUTORA;2025-04-01;565,01;CONSTR SUL|01 - TUBOS ELETRODUTOS KRONA|CONSTRUTORA|ABR25
01 - TUBOS ELETRODUTOS KRONA;CONSTR SUL;CONSTRUTORA;CONSTRUTORA;2025-05-01;1710,41;CONSTR SUL|01 - TUBOS ELETRODUTOS KRONA|CONSTRUTORA|MAI25
01 - TUBOS ELETRODUTOS KRONA;CONSTR SUL;CONSTRUTORA;CONSTRUTORA;2025-06-01;1315,01;CONSTR SUL|01 - TUBOS ELETRODUTOS KRONA|CONSTRUTORA|JUN25
01 - TUBOS ELETRODUTOS KRONA;CONSTR SUL;CONSTRUTORA;CONSTRUTORA;2025-07-01;1314,85;CONSTR SUL|01 - TUBOS ELETRODUTOS KRONA|CONSTRUTORA|JUL25
01 - TUBOS ELETRODUTOS KRONA;CONSTR SUL;CONSTRUTORA;CONSTRUTORA;2025-08-01;303,23;CONSTR SUL|01 - TUBOS ELETRODUTOS KRONA|CONSTRUTORA|AGO25
01 - TUBOS ELETRODUTOS KRONA;CONSTR SUL;CONSTRUTORA;CONSTRUTORA;2025-09-01;2611,53;CONSTR SUL|01 - TUBOS ELETRODUTOS KRONA|CONSTRUTORA|SET25
01 - TUBOS ELETRODUTOS KRONA;CONSTR SUL;CONSTRUTORA;CONSTRUTORA;2025-10-01;1585,22;CONSTR SUL|01 - TUBOS ELETRODUTOS KRONA|CONSTRUTORA|OUT25
01 - TUBOS ELETRODUTOS KRONA;CONSTR SUL;CONSTRUTORA;CONSTRUTORA;2025-11-01;1182,16;CONSTR SUL|01 - TUBOS ELETRODUTOS KRONA|CONSTRUTORA|NOV25
01 - TUBOS ELETRODUTOS KRONA;CONSTR SUL;CONSTRUTORA;CONSTRUTORA;2025-12-01;5146,51;CONSTR SUL|01 - TUBOS ELETRODUTOS KRONA|CONSTRUTORA|DEZ25
01 - TUBOS ELETRODUTOS KRONA;EXPORTACAO;EXPORTACAO;EXPORTACAO;2025-01-01;36,00;EXPORTACAO|01 - TUBOS ELETRODUTOS KRONA|EXPORTACAO|JAN25
01 - TUBOS ELETRODUTOS KRONA;EXPORTACAO;EXPORTACAO;EXPORTACAO;2025-06-01;208,50;EXPORTACAO|01 - TUBOS ELETRODUTOS KRONA|EXPORTACAO|JUN25
01 - TUBOS ELETRODUTOS KRONA;EXPORTACAO;EXPORTACAO;EXPORTACAO;2025-12-01;138,00;EXPORTACAO|01 - TUBOS ELETRODUTOS KRONA|EXPORTACAO|DEZ25
01 - TUBOS ELETRODUTOS KRONA;IRRIGACAO 1;IRRIGACAO;IRRIGACAO;2025-03-01;39,47;IRRIGACAO 1|01 - TUBOS ELETRODUTOS KRONA|IRRIGACAO|MAR25
01 - TUBOS ELETRODUTOS KRONA;IRRIGACAO 1;IRRIGACAO;IRRIGACAO;2025-05-01;30,32;IRRIGACAO 1|01 - TUBOS ELETRODUTOS KRONA|IRRIGACAO|MAI25
01 - TUBOS ELETRODUTOS KRONA;IRRIGACAO 1;IRRIGACAO;IRRIGACAO;2025-11-01;29,50;IRRIGACAO 1|01 - TUBOS ELETRODUTOS KRONA|IRRIGACAO|NOV25
01 - TUBOS ELETRODUTOS KRONA;IRRIGACAO 2;IRRIGACAO;IRRIGACAO;2025-01-01;415,55;IRRIGACAO 2|01 - TUBOS ELETRODUTOS KRONA|IRRIGACAO|JAN25
01 - TUBOS ELETRODUTOS KRONA;IRRIGACAO 2;IRRIGACAO;IRRIGACAO;2025-03-01;43,50;IRRIGACAO 2|01 - TUBOS ELETRODUTOS KRONA|IRRIGACAO|MAR25
01 - TUBOS ELETRODUTOS KRONA;IRRIGACAO 2;IRRIGACAO;IRRIGACAO;2025-04-01;285,00;IRRIGACAO 2|01 - TUBOS ELETRODUTOS KRONA|IRRIGACAO|ABR25
01 - TUBOS ELETRODUTOS KRONA;IRRIGACAO 2;IRRIGACAO;IRRIGACAO;2025-05-01;181,65;IRRIGACAO 2|01 - TUBOS ELETRODUTOS KRONA|IRRIGACAO|MAI25
01 - TUBOS ELETRODUTOS KRONA;IRRIGACAO 2;IRRIGACAO;IRRIGACAO;2025-06-01;68,22;IRRIGACAO 2|01 - TUBOS ELETRODUTOS KRONA|IRRIGACAO|JUN25
01 - TUBOS ELETRODUTOS KRONA;IRRIGACAO 2;IRRIGACAO;IRRIGACAO;2025-08-01;144,90;IRRIGACAO 2|01 - TUBOS ELETRODUTOS KRONA|IRRIGACAO|AGO25
01 - TUBOS ELETRODUTOS KRONA;IRRIGACAO 2;IRRIGACAO;IRRIGACAO;2025-09-01;281,20;IRRIGACAO 2|01 - TUBOS ELETRODUTOS KRONA|IRRIGACAO|SET25
01 - TUBOS ELETRODUTOS KRONA;IRRIGACAO 2;IRRIGACAO;IRRIGACAO;2025-10-01;53,70;IRRIGACAO 2|01 - TUBOS ELETRODUTOS KRONA|IRRIGACAO|OUT25
01 - TUBOS ELETRODUTOS KRONA;IRRIGACAO 2;IRRIGACAO;IRRIGACAO;2025-11-01;279,78;IRRIGACAO 2|01 - TUBOS ELETRODUTOS KRONA|IRRIGACAO|NOV25
01 - TUBOS ELETRODUTOS KRONA;MINAS GERAIS;MINAS RJ/ES;ATACADO;2025-01-01;7319,41;MINAS GERAIS|01 - TUBOS ELETRODUTOS KRONA|ATACADO|JAN25
01 - TUBOS ELETRODUTOS KRONA;MINAS GERAIS;MINAS RJ/ES;ATACADO;2025-02-01;10381,90;MINAS GERAIS|01 - TUBOS ELETRODUTOS KRONA|ATACADO|FEV25
01 - TUBOS ELETRODUTOS KRONA;MINAS GERAIS;MINAS RJ/ES;ATACADO;2025-03-01;9919,52;MINAS GERAIS|01 - TUBOS ELETRODUTOS KRONA|ATACADO|MAR25
01 - TUBOS ELETRODUTOS KRONA;MINAS GERAIS;MINAS RJ/ES;ATACADO;2025-04-01;4059,80;MINAS GERAIS|01 - TUBOS ELETRODUTOS KRONA|ATACADO|ABR25
01 - TUBOS ELETRODUTOS KRONA;MINAS GERAIS;MINAS RJ/ES;ATACADO;2025-05-01;7427,42;MINAS GERAIS|01 - TUBOS ELETRODUTOS KRONA|ATACADO|MAI25
01 - TUBOS ELETRODUTOS KRONA;MINAS GERAIS;MINAS RJ/ES;ATACADO;2025-06-01;24313,81;MINAS GERAIS|01 - TUBOS ELETRODUTOS KRONA|ATACADO|JUN25
01 - TUBOS ELETRODUTOS KRONA;MINAS GERAIS;MINAS RJ/ES;ATACADO;2025-07-01;2035,12;MINAS GERAIS|01 - TUBOS ELETRODUTOS KRONA|ATACADO|JUL25
01 - TUBOS ELETRODUTOS KRONA;MINAS GERAIS;MINAS RJ/ES;ATACADO;2025-08-01;10350,39;MINAS GERAIS|01 - TUBOS ELETRODUTOS KRONA|ATACADO|AGO25
01 - TUBOS ELETRODUTOS KRONA;MINAS GERAIS;MINAS RJ/ES;ATACADO;2025-09-01;21132,72;MINAS GERAIS|01 - TUBOS ELETRODUTOS KRONA|ATACADO|SET25
01 - TUBOS ELETRODUTOS KRONA;MINAS GERAIS;MINAS RJ/ES;ATACADO;2025-10-01;3024,85;MINAS GERAIS|01 - TUBOS ELETRODUTOS KRONA|ATACADO|OUT25
01 - TUBOS ELETRODUTOS KRONA;MINAS GERAIS;MINAS RJ/ES;ATACADO;2025-11-01;7785,69;MINAS GERAIS|01 - TUBOS ELETRODUTOS KRONA|ATACADO|NOV25
01 - TUBOS ELETRODUTOS KRONA;MINAS GERAIS;MINAS RJ/ES;ATACADO;2025-12-01;19965,82;MINAS GERAIS|01 - TUBOS ELETRODUTOS KRONA|ATACADO|DEZ25
01 - TUBOS ELETRODUTOS KRONA;MINAS GERAIS;MINAS RJ/ES;VAREJO;2025-01-01;936,45;MINAS GERAIS|01 - TUBOS ELETRODUTOS KRONA|VAREJO|JAN25
01 - TUBOS ELETRODUTOS KRONA;MINAS GERAIS;MINAS RJ/ES;VAREJO;2025-02-01;2110,83;MINAS GERAIS|01 - TUBOS ELETRODUTOS KRONA|VAREJO|FEV25
01 - TUBOS ELETRODUTOS KRONA;MINAS GERAIS;MINAS RJ/ES;VAREJO;2025-03-01;2629,03;MINAS GERAIS|01 - TUBOS ELETRODUTOS KRONA|VAREJO|MAR25
01 - TUBOS ELETRODUTOS KRONA;MINAS GERAIS;MINAS RJ/ES;VAREJO;2025-04-01;2574,65;MINAS GERAIS|01 - TUBOS ELETRODUTOS KRONA|VAREJO|ABR25
01 - TUBOS ELETRODUTOS KRONA;MINAS GERAIS;MINAS RJ/ES;VAREJO;2025-05-01;2853,70;MINAS GERAIS|01 - TUBOS ELETRODUTOS KRONA|VAREJO|MAI25
01 - TUBOS ELETRODUTOS KRONA;MINAS GERAIS;MINAS RJ/ES;VAREJO;2025-06-01;3726,89;MINAS GERAIS|01 - TUBOS ELETRODUTOS KRONA|VAREJO|JUN25
01 - TUBOS ELETRODUTOS KRONA;MINAS GERAIS;MINAS RJ/ES;VAREJO;2025-07-01;4737,36;MINAS GERAIS|01 - TUBOS ELETRODUTOS KRONA|VAREJO|JUL25
01 - TUBOS ELETRODUTOS KRONA;MINAS GERAIS;MINAS RJ/ES;VAREJO;2025-08-01;1735,20;MINAS GERAIS|01 - TUBOS ELETRODUTOS KRONA|VAREJO|AGO25
01 - TUBOS ELETRODUTOS KRONA;MINAS GERAIS;MINAS RJ/ES;VAREJO;2025-09-01;2294,59;MINAS GERAIS|01 - TUBOS ELETRODUTOS KRONA|VAREJO|SET25
01 - TUBOS ELETRODUTOS KRONA;MINAS GERAIS;MINAS RJ/ES;VAREJO;2025-10-01;3190,40;MINAS GERAIS|01 - TUBOS ELETRODUTOS KRONA|VAREJO|OUT25
01 - TUBOS ELETRODUTOS KRONA;MINAS GERAIS;MINAS RJ/ES;VAREJO;2025-11-01;2464,82;MINAS GERAIS|01 - TUBOS ELETRODUTOS KRONA|VAREJO|NOV25
01 - TUBOS ELETRODUTOS KRONA;MINAS GERAIS;MINAS RJ/ES;VAREJO;2025-12-01;3477,15;MINAS GERAIS|01 - TUBOS ELETRODUTOS KRONA|VAREJO|DEZ25
01 - TUBOS ELETRODUTOS KRONA;NORDESTE 1;NORDESTE;ATACADO;2025-01-01;2119,45;NORDESTE 1|01 - TUBOS ELETRODUTOS KRONA|ATACADO|JAN25
01 - TUBOS ELETRODUTOS KRONA;NORDESTE 1;NORDESTE;ATACADO;2025-02-01;1687,24;NORDESTE 1|01 - TUBOS ELETRODUTOS KRONA|ATACADO|FEV25
01 - TUBOS ELETRODUTOS KRONA;NORDESTE 1;NORDESTE;ATACADO;2025-03-01;5762,89;NORDESTE 1|01 - TUBOS ELETRODUTOS KRONA|ATACADO|MAR25
01 - TUBOS ELETRODUTOS KRONA;NORDESTE 1;NORDESTE;ATACADO;2025-04-01;11785,17;NORDESTE 1|01 - TUBOS ELETRODUTOS KRONA|ATACADO|ABR25
01 - TUBOS ELETRODUTOS KRONA;NORDESTE 1;NORDESTE;ATACADO;2025-05-01;7244,98;NORDESTE 1|01 - TUBOS ELETRODUTOS KRONA|ATACADO|MAI25
01 - TUBOS ELETRODUTOS KRONA;NORDESTE 1;NORDESTE;ATACADO;2025-06-01;6651,83;NORDESTE 1|01 - TUBOS ELETRODUTOS KRONA|ATACADO|JUN25
01 - TUBOS ELETRODUTOS KRONA;NORDESTE 1;NORDESTE;ATACADO;2025-07-01;1683,90;NORDESTE 1|01 - TUBOS ELETRODUTOS KRONA|ATACADO|JUL25
01 - TUBOS ELETRODUTOS KRONA;NORDESTE 1;NORDESTE;ATACADO;2025-08-01;21660,38;NORDESTE 1|01 - TUBOS ELETRODUTOS KRONA|ATACADO|AGO25
01 - TUBOS ELETRODUTOS KRONA;NORDESTE 1;NORDESTE;ATACADO;2025-09-01;2316,99;NORDESTE 1|01 - TUBOS ELETRODUTOS KRONA|ATACADO|SET25
01 - TUBOS ELETRODUTOS KRONA;NORDESTE 1;NORDESTE;ATACADO;2025-10-01;9912,69;NORDESTE 1|01 - TUBOS ELETRODUTOS KRONA|ATACADO|OUT25
01 - TUBOS ELETRODUTOS KRONA;NORDESTE 1;NORDESTE;ATACADO;2025-11-01;11040,97;NORDESTE 1|01 - TUBOS ELETRODUTOS KRONA|ATACADO|NOV25
01 - TUBOS ELETRODUTOS KRONA;NORDESTE 1;NORDESTE;ATACADO;2025-12-01;13145,82;NORDESTE 1|01 - TUBOS ELETRODUTOS KRONA|ATACADO|DEZ25
01 - TUBOS ELETRODUTOS KRONA;NORDESTE 1;NORDESTE;OUTROS;2025-08-01;277,00;NORDESTE 1|01 - TUBOS ELETRODUTOS KRONA|OUTROS|AGO25
01 - TUBOS ELETRODUTOS KRONA;NORDESTE 1;NORDESTE;VAREJO;2025-01-01;11439,85;NORDESTE 1|01 - TUBOS ELETRODUTOS KRONA|VAREJO|JAN25
01 - TUBOS ELETRODUTOS KRONA;NORDESTE 1;NORDESTE;VAREJO;2025-02-01;9072,73;NORDESTE 1|01 - TUBOS ELETRODUTOS KRONA|VAREJO|FEV25
01 - TUBOS ELETRODUTOS KRONA;NORDESTE 1;NORDESTE;VAREJO;2025-03-01;7670,89;NORDESTE 1|01 - TUBOS ELETRODUTOS KRONA|VAREJO|MAR25
01 - TUBOS ELETRODUTOS KRONA;NORDESTE 1;NORDESTE;VAREJO;2025-04-01;18028,50;NORDESTE 1|01 - TUBOS ELETRODUTOS KRONA|VAREJO|ABR25
01 - TUBOS ELETRODUTOS KRONA;NORDESTE 1;NORDESTE;VAREJO;2025-05-01;13843,17;NORDESTE 1|01 - TUBOS ELETRODUTOS KRONA|VAREJO|MAI25
01 - TUBOS ELETRODUTOS KRONA;NORDESTE 1;NORDESTE;VAREJO;2025-06-01;20739,44;NORDESTE 1|01 - TUBOS ELETRODUTOS KRONA|VAREJO|JUN25
01 - TUBOS ELETRODUTOS KRONA;NORDESTE 1;NORDESTE;VAREJO;2025-07-01;6459,61;NORDESTE 1|01 - TUBOS ELETRODUTOS KRONA|VAREJO|JUL25
01 - TUBOS ELETRODUTOS KRONA;NORDESTE 1;NORDESTE;VAREJO;2025-08-01;9348,45;NORDESTE 1|01 - TUBOS ELETRODUTOS KRONA|VAREJO|AGO25
01 - TUBOS ELETRODUTOS KRONA;NORDESTE 1;NORDESTE;VAREJO;2025-09-01;8648,90;NORDESTE 1|01 - TUBOS ELETRODUTOS KRONA|VAREJO|SET25
01 - TUBOS ELETRODUTOS KRONA;NORDESTE 1;NORDESTE;VAREJO;2025-10-01;9433,27;NORDESTE 1|01 - TUBOS ELETRODUTOS KRONA|VAREJO|OUT25
01 - TUBOS ELETRODUTOS KRONA;NORDESTE 1;NORDESTE;VAREJO;2025-11-01;6968,34;NORDESTE 1|01 - TUBOS ELETRODUTOS KRONA|VAREJO|NOV25
01 - TUBOS ELETRODUTOS KRONA;NORDESTE 1;NORDESTE;VAREJO;2025-12-01;9281,68;NORDESTE 1|01 - TUBOS ELETRODUTOS KRONA|VAREJO|DEZ25
01 - TUBOS ELETRODUTOS KRONA;NORDESTE 2;NORDESTE;ATACADO;2025-01-01;11468,47;NORDESTE 2|01 - TUBOS ELETRODUTOS KRONA|ATACADO|JAN25
01 - TUBOS ELETRODUTOS KRONA;NORDESTE 2;NORDESTE;ATACADO;2025-02-01;9591,48;NORDESTE 2|01 - TUBOS ELETRODUTOS KRONA|ATACADO|FEV25
01 - TUBOS ELETRODUTOS KRONA;NORDESTE 2;NORDESTE;ATACADO;2025-03-01;13811,02;NORDESTE 2|01 - TUBOS ELETRODUTOS KRONA|ATACADO|MAR25
01 - TUBOS ELETRODUTOS KRONA;NORDESTE 2;NORDESTE;ATACADO;2025-04-01;9967,97;NORDESTE 2|01 - TUBOS ELETRODUTOS KRONA|ATACADO|ABR25
01 - TUBOS ELETRODUTOS KRONA;NORDESTE 2;NORDESTE;ATACADO;2025-05-01;21678,94;NORDESTE 2|01 - TUBOS ELETRODUTOS KRONA|ATACADO|MAI25
01 - TUBOS ELETRODUTOS KRONA;NORDESTE 2;NORDESTE;ATACADO;2025-06-01;31042,65;NORDESTE 2|01 - TUBOS ELETRODUTOS KRONA|ATACADO|JUN25
01 - TUBOS ELETRODUTOS KRONA;NORDESTE 2;NORDESTE;ATACADO;2025-07-01;18446,79;NORDESTE 2|01 - TUBOS ELETRODUTOS KRONA|ATACADO|JUL25
01 - TUBOS ELETRODUTOS KRONA;NORDESTE 2;NORDESTE;ATACADO;2025-08-01;27429,10;NORDESTE 2|01 - TUBOS ELETRODUTOS KRONA|ATACADO|AGO25
01 - TUBOS ELETRODUTOS KRONA;NORDESTE 2;NORDESTE;ATACADO;2025-09-01;18748,07;NORDESTE 2|01 - TUBOS ELETRODUTOS KRONA|ATACADO|SET25
01 - TUBOS ELETRODUTOS KRONA;NORDESTE 2;NORDESTE;ATACADO;2025-10-01;19915,54;NORDESTE 2|01 - TUBOS ELETRODUTOS KRONA|ATACADO|OUT25
01 - TUBOS ELETRODUTOS KRONA;NORDESTE 2;NORDESTE;ATACADO;2025-11-01;22258,94;NORDESTE 2|01 - TUBOS ELETRODUTOS KRONA|ATACADO|NOV25
01 - TUBOS ELETRODUTOS KRONA;NORDESTE 2;NORDESTE;ATACADO;2025-12-01;17286,78;NORDESTE 2|01 - TUBOS ELETRODUTOS KRONA|ATACADO|DEZ25
01 - TUBOS ELETRODUTOS KRONA;NORDESTE 2;NORDESTE;OUTROS;2025-02-01;42,60;NORDESTE 2|01 - TUBOS ELETRODUTOS KRONA|OUTROS|FEV25
01 - TUBOS ELETRODUTOS KRONA;NORDESTE 2;NORDESTE;OUTROS;2025-04-01;138,70;NORDESTE 2|01 - TUBOS ELETRODUTOS KRONA|OUTROS|ABR25
01 - TUBOS ELETRODUTOS KRONA;NORDESTE 2;NORDESTE;VAREJO;2025-01-01;6119,43;NORDESTE 2|01 - TUBOS ELETRODUTOS KRONA|VAREJO|JAN25
01 - TUBOS ELETRODUTOS KRONA;NORDESTE 2;NORDESTE;VAREJO;2025-02-01;10657,10;NORDESTE 2|01 - TUBOS ELETRODUTOS KRONA|VAREJO|FEV25
01 - TUBOS ELETRODUTOS KRONA;NORDESTE 2;NORDESTE;VAREJO;2025-03-01;13063,52;NORDESTE 2|01 - TUBOS ELETRODUTOS KRONA|VAREJO|MAR25
01 - TUBOS ELETRODUTOS KRONA;NORDESTE 2;NORDESTE;VAREJO;2025-04-01;28246,36;NORDESTE 2|01 - TUBOS ELETRODUTOS KRONA|VAREJO|ABR25
01 - TUBOS ELETRODUTOS KRONA;NORDESTE 2;NORDESTE;VAREJO;2025-05-01;37954,26;NORDESTE 2|01 - TUBOS ELETRODUTOS KRONA|VAREJO|MAI25
01 - TUBOS ELETRODUTOS KRONA;NORDESTE 2;NORDESTE;VAREJO;2025-06-01;53703,78;NORDESTE 2|01 - TUBOS ELETRODUTOS KRONA|VAREJO|JUN25
01 - TUBOS ELETRODUTOS KRONA;NORDESTE 2;NORDESTE;VAREJO;2025-07-01;14397,73;NORDESTE 2|01 - TUBOS ELETRODUTOS KRONA|VAREJO|JUL25
01 - TUBOS ELETRODUTOS KRONA;NORDESTE 2;NORDESTE;VAREJO;2025-08-01;47364,07;NORDESTE 2|01 - TUBOS ELETRODUTOS KRONA|VAREJO|AGO25
01 - TUBOS ELETRODUTOS KRONA;NORDESTE 2;NORDESTE;VAREJO;2025-09-01;11012,15;NORDESTE 2|01 - TUBOS ELETRODUTOS KRONA|VAREJO|SET25
01 - TUBOS ELETRODUTOS KRONA;NORDESTE 2;NORDESTE;VAREJO;2025-10-01;26973,23;NORDESTE 2|01 - TUBOS ELETRODUTOS KRONA|VAREJO|OUT25
01 - TUBOS ELETRODUTOS KRONA;NORDESTE 2;NORDESTE;VAREJO;2025-11-01;19243,24;NORDESTE 2|01 - TUBOS ELETRODUTOS KRONA|VAREJO|NOV25
01 - TUBOS ELETRODUTOS KRONA;NORDESTE 2;NORDESTE;VAREJO;2025-12-01;41513,41;NORDESTE 2|01 - TUBOS ELETRODUTOS KRONA|VAREJO|DEZ25
01 - TUBOS ELETRODUTOS KRONA;NORDESTE 3;NORDESTE;ATACADO;2025-01-01;13058,11;NORDESTE 3|01 - TUBOS ELETRODUTOS KRONA|ATACADO|JAN25
01 - TUBOS ELETRODUTOS KRONA;NORDESTE 3;NORDESTE;ATACADO;2025-02-01;3792,91;NORDESTE 3|01 - TUBOS ELETRODUTOS KRONA|ATACADO|FEV25
01 - TUBOS ELETRODUTOS KRONA;NORDESTE 3;NORDESTE;ATACADO;2025-03-01;12072,55;NORDESTE 3|01 - TUBOS ELETRODUTOS KRONA|ATACADO|MAR25
01 - TUBOS ELETRODUTOS KRONA;NORDESTE 3;NORDESTE;ATACADO;2025-04-01;8082,83;NORDESTE 3|01 - TUBOS ELETRODUTOS KRONA|ATACADO|ABR25
01 - TUBOS ELETRODUTOS KRONA;NORDESTE 3;NORDESTE;ATACADO;2025-05-01;17120,76;NORDESTE 3|01 - TUBOS ELETRODUTOS KRONA|ATACADO|MAI25
01 - TUBOS ELETRODUTOS KRONA;NORDESTE 3;NORDESTE;ATACADO;2025-06-01;10627,85;NORDESTE 3|01 - TUBOS ELETRODUTOS KRONA|ATACADO|JUN25
01 - TUBOS ELETRODUTOS KRONA;NORDESTE 3;NORDESTE;ATACADO;2025-07-01;12760,72;NORDESTE 3|01 - TUBOS ELETRODUTOS KRONA|ATACADO|JUL25
01 - TUBOS ELETRODUTOS KRONA;NORDESTE 3;NORDESTE;ATACADO;2025-08-01;20962,72;NORDESTE 3|01 - TUBOS ELETRODUTOS KRONA|ATACADO|AGO25
01 - TUBOS ELETRODUTOS KRONA;NORDESTE 3;NORDESTE;ATACADO;2025-09-01;14564,07;NORDESTE 3|01 - TUBOS ELETRODUTOS KRONA|ATACADO|SET25
01 - TUBOS ELETRODUTOS KRONA;NORDESTE 3;NORDESTE;ATACADO;2025-10-01;12333,30;NORDESTE 3|01 - TUBOS ELETRODUTOS KRONA|ATACADO|OUT25
01 - TUBOS ELETRODUTOS KRONA;NORDESTE 3;NORDESTE;ATACADO;2025-11-01;15472,30;NORDESTE 3|01 - TUBOS ELETRODUTOS KRONA|ATACADO|NOV25
01 - TUBOS ELETRODUTOS KRONA;NORDESTE 3;NORDESTE;ATACADO;2025-12-01;26413,43;NORDESTE 3|01 - TUBOS ELETRODUTOS KRONA|ATACADO|DEZ25
01 - TUBOS ELETRODUTOS KRONA;NORDESTE 3;NORDESTE;OUTROS;2025-06-01;48,30;NORDESTE 3|01 - TUBOS ELETRODUTOS KRONA|OUTROS|JUN25
01 - TUBOS ELETRODUTOS KRONA;NORDESTE 3;NORDESTE;OUTROS;2025-08-01;37,20;NORDESTE 3|01 - TUBOS ELETRODUTOS KRONA|OUTROS|AGO25
01 - TUBOS ELETRODUTOS KRONA;NORDESTE 3;NORDESTE;VAREJO;2025-01-01;15794,65;NORDESTE 3|01 - TUBOS ELETRODUTOS KRONA|VAREJO|JAN25
01 - TUBOS ELETRODUTOS KRONA;NORDESTE 3;NORDESTE;VAREJO;2025-02-01;9628,52;NORDESTE 3|01 - TUBOS ELETRODUTOS KRONA|VAREJO|FEV25
01 - TUBOS ELETRODUTOS KRONA;NORDESTE 3;NORDESTE;VAREJO;2025-03-01;17432,08;NORDESTE 3|01 - TUBOS ELETRODUTOS KRONA|VAREJO|MAR25
01 - TUBOS ELETRODUTOS KRONA;NORDESTE 3;NORDESTE;VAREJO;2025-04-01;38764,07;NORDESTE 3|01 - TUBOS ELETRODUTOS KRONA|VAREJO|ABR25
01 - TUBOS ELETRODUTOS KRONA;NORDESTE 3;NORDESTE;VAREJO;2025-05-01;15739,12;NORDESTE 3|01 - TUBOS ELETRODUTOS KRONA|VAREJO|MAI25
01 - TUBOS ELETRODUTOS KRONA;NORDESTE 3;NORDESTE;VAREJO;2025-06-01;52969,90;NORDESTE 3|01 - TUBOS ELETRODUTOS KRONA|VAREJO|JUN25
01 - TUBOS ELETRODUTOS KRONA;NORDESTE 3;NORDESTE;VAREJO;2025-07-01;40430,09;NORDESTE 3|01 - TUBOS ELETRODUTOS KRONA|VAREJO|JUL25
01 - TUBOS ELETRODUTOS KRONA;NORDESTE 3;NORDESTE;VAREJO;2025-08-01;7975,39;NORDESTE 3|01 - TUBOS ELETRODUTOS KRONA|VAREJO|AGO25
01 - TUBOS ELETRODUTOS KRONA;NORDESTE 3;NORDESTE;VAREJO;2025-09-01;19695,88;NORDESTE 3|01 - TUBOS ELETRODUTOS KRONA|VAREJO|SET25
01 - TUBOS ELETRODUTOS KRONA;NORDESTE 3;NORDESTE;VAREJO;2025-10-01;13327,26;NORDESTE 3|01 - TUBOS ELETRODUTOS KRONA|VAREJO|OUT25
01 - TUBOS ELETRODUTOS KRONA;NORDESTE 3;NORDESTE;VAREJO;2025-11-01;21552,65;NORDESTE 3|01 - TUBOS ELETRODUTOS KRONA|VAREJO|NOV25
01 - TUBOS ELETRODUTOS KRONA;NORDESTE 3;NORDESTE;VAREJO;2025-12-01;22102,46;NORDESTE 3|01 - TUBOS ELETRODUTOS KRONA|VAREJO|DEZ25
01 - TUBOS ELETRODUTOS KRONA;NORTE;CO NO;ATACADO;2025-02-01;3306,40;NORTE|01 - TUBOS ELETRODUTOS KRONA|ATACADO|FEV25
01 - TUBOS ELETRODUTOS KRONA;NORTE;CO NO;ATACADO;2025-03-01;1250,80;NORTE|01 - TUBOS ELETRODUTOS KRONA|ATACADO|MAR25
01 - TUBOS ELETRODUTOS KRONA;NORTE;CO NO;ATACADO;2025-04-01;1048,80;NORTE|01 - TUBOS ELETRODUTOS KRONA|ATACADO|ABR25
01 - TUBOS ELETRODUTOS KRONA;NORTE;CO NO;ATACADO;2025-05-01;2825,90;NORTE|01 - TUBOS ELETRODUTOS KRONA|ATACADO|MAI25
01 - TUBOS ELETRODUTOS KRONA;NORTE;CO NO;ATACADO;2025-06-01;4310,07;NORTE|01 - TUBOS ELETRODUTOS KRONA|ATACADO|JUN25
01 - TUBOS ELETRODUTOS KRONA;NORTE;CO NO;ATACADO;2025-07-01;1545,20;NORTE|01 - TUBOS ELETRODUTOS KRONA|ATACADO|JUL25
01 - TUBOS ELETRODUTOS KRONA;NORTE;CO NO;ATACADO;2025-08-01;2963,55;NORTE|01 - TUBOS ELETRODUTOS KRONA|ATACADO|AGO25
01 - TUBOS ELETRODUTOS KRONA;NORTE;CO NO;ATACADO;2025-09-01;2197,90;NORTE|01 - TUBOS ELETRODUTOS KRONA|ATACADO|SET25
01 - TUBOS ELETRODUTOS KRONA;NORTE;CO NO;ATACADO;2025-10-01;10322,75;NORTE|01 - TUBOS ELETRODUTOS KRONA|ATACADO|OUT25
01 - TUBOS ELETRODUTOS KRONA;NORTE;CO NO;ATACADO;2025-11-01;4136,60;NORTE|01 - TUBOS ELETRODUTOS KRONA|ATACADO|NOV25
01 - TUBOS ELETRODUTOS KRONA;NORTE;CO NO;ATACADO;2025-12-01;5769,15;NORTE|01 - TUBOS ELETRODUTOS KRONA|ATACADO|DEZ25
01 - TUBOS ELETRODUTOS KRONA;NORTE;CO NO;VAREJO;2025-01-01;2341,66;NORTE|01 - TUBOS ELETRODUTOS KRONA|VAREJO|JAN25
01 - TUBOS ELETRODUTOS KRONA;NORTE;CO NO;VAREJO;2025-02-01;6242,88;NORTE|01 - TUBOS ELETRODUTOS KRONA|VAREJO|FEV25
01 - TUBOS ELETRODUTOS KRONA;NORTE;CO NO;VAREJO;2025-03-01;2246,38;NORTE|01 - TUBOS ELETRODUTOS KRONA|VAREJO|MAR25
01 - TUBOS ELETRODUTOS KRONA;NORTE;CO NO;VAREJO;2025-04-01;2922,15;NORTE|01 - TUBOS ELETRODUTOS KRONA|VAREJO|ABR25
01 - TUBOS ELETRODUTOS KRONA;NORTE;CO NO;VAREJO;2025-05-01;8019,32;NORTE|01 - TUBOS ELETRODUTOS KRONA|VAREJO|MAI25
01 - TUBOS ELETRODUTOS KRONA;NORTE;CO NO;VAREJO;2025-06-01;11882,15;NORTE|01 - TUBOS ELETRODUTOS KRONA|VAREJO|JUN25
01 - TUBOS ELETRODUTOS KRONA;NORTE;CO NO;VAREJO;2025-07-01;17423,10;NORTE|01 - TUBOS ELETRODUTOS KRONA|VAREJO|JUL25
01 - TUBOS ELETRODUTOS KRONA;NORTE;CO NO;VAREJO;2025-08-01;7460,60;NORTE|01 - TUBOS ELETRODUTOS KRONA|VAREJO|AGO25
01 - TUBOS ELETRODUTOS KRONA;NORTE;CO NO;VAREJO;2025-09-01;2475,10;NORTE|01 - TUBOS ELETRODUTOS KRONA|VAREJO|SET25
01 - TUBOS ELETRODUTOS KRONA;NORTE;CO NO;VAREJO;2025-10-01;9040,48;NORTE|01 - TUBOS ELETRODUTOS KRONA|VAREJO|OUT25
01 - TUBOS ELETRODUTOS KRONA;NORTE;CO NO;VAREJO;2025-11-01;2870,60;NORTE|01 - TUBOS ELETRODUTOS KRONA|VAREJO|NOV25
01 - TUBOS ELETRODUTOS KRONA;NORTE;CO NO;VAREJO;2025-12-01;6780,75;NORTE|01 - TUBOS ELETRODUTOS KRONA|VAREJO|DEZ25
01 - TUBOS ELETRODUTOS KRONA;PARANA;SUL;ATACADO;2025-04-01;251,93;PARANA|01 - TUBOS ELETRODUTOS KRONA|ATACADO|ABR25
01 - TUBOS ELETRODUTOS KRONA;PARANA;SUL;ATACADO;2025-05-01;191,85;PARANA|01 - TUBOS ELETRODUTOS KRONA|ATACADO|MAI25
01 - TUBOS ELETRODUTOS KRONA;PARANA;SUL;ATACADO;2025-06-01;17,35;PARANA|01 - TUBOS ELETRODUTOS KRONA|ATACADO|JUN25
01 - TUBOS ELETRODUTOS KRONA;PARANA;SUL;ATACADO;2025-07-01;237,81;PARANA|01 - TUBOS ELETRODUTOS KRONA|ATACADO|JUL25
01 - TUBOS ELETRODUTOS KRONA;PARANA;SUL;ATACADO;2025-08-01;160,23;PARANA|01 - TUBOS ELETRODUTOS KRONA|ATACADO|AGO25
01 - TUBOS ELETRODUTOS KRONA;PARANA;SUL;ATACADO;2025-09-01;17,51;PARANA|01 - TUBOS ELETRODUTOS KRONA|ATACADO|SET25
01 - TUBOS ELETRODUTOS KRONA;PARANA;SUL;ATACADO;2025-12-01;105,55;PARANA|01 - TUBOS ELETRODUTOS KRONA|ATACADO|DEZ25
01 - TUBOS ELETRODUTOS KRONA;PARANA;SUL;OUTROS;2025-05-01;48,21;PARANA|01 - TUBOS ELETRODUTOS KRONA|OUTROS|MAI25
01 - TUBOS ELETRODUTOS KRONA;PARANA;SUL;OUTROS;2025-12-01;243,30;PARANA|01 - TUBOS ELETRODUTOS KRONA|OUTROS|DEZ25
01 - TUBOS ELETRODUTOS KRONA;PARANA;SUL;VAREJO;2025-01-01;176,98;PARANA|01 - TUBOS ELETRODUTOS KRONA|VAREJO|JAN25
01 - TUBOS ELETRODUTOS KRONA;PARANA;SUL;VAREJO;2025-02-01;392,37;PARANA|01 - TUBOS ELETRODUTOS KRONA|VAREJO|FEV25
01 - TUBOS ELETRODUTOS KRONA;PARANA;SUL;VAREJO;2025-03-01;295,35;PARANA|01 - TUBOS ELETRODUTOS KRONA|VAREJO|MAR25
01 - TUBOS ELETRODUTOS KRONA;PARANA;SUL;VAREJO;2025-04-01;848,58;PARANA|01 - TUBOS ELETRODUTOS KRONA|VAREJO|ABR25
01 - TUBOS ELETRODUTOS KRONA;PARANA;SUL;VAREJO;2025-05-01;264,96;PARANA|01 - TUBOS ELETRODUTOS KRONA|VAREJO|MAI25
01 - TUBOS ELETRODUTOS KRONA;PARANA;SUL;VAREJO;2025-06-01;1830,07;PARANA|01 - TUBOS ELETRODUTOS KRONA|VAREJO|JUN25
01 - TUBOS ELETRODUTOS KRONA;PARANA;SUL;VAREJO;2025-07-01;518,64;PARANA|01 - TUBOS ELETRODUTOS KRONA|VAREJO|JUL25
01 - TUBOS ELETRODUTOS KRONA;PARANA;SUL;VAREJO;2025-08-01;612,71;PARANA|01 - TUBOS ELETRODUTOS KRONA|VAREJO|AGO25
01 - TUBOS ELETRODUTOS KRONA;PARANA;SUL;VAREJO;2025-09-01;771,98;PARANA|01 - TUBOS ELETRODUTOS KRONA|VAREJO|SET25
01 - TUBOS ELETRODUTOS KRONA;PARANA;SUL;VAREJO;2025-10-01;75,50;PARANA|01 - TUBOS ELETRODUTOS KRONA|VAREJO|OUT25
01 - TUBOS ELETRODUTOS KRONA;PARANA;SUL;VAREJO;2025-11-01;1149,52;PARANA|01 - TUBOS ELETRODUTOS KRONA|VAREJO|NOV25
01 - TUBOS ELETRODUTOS KRONA;PARANA;SUL;VAREJO;2025-12-01;427,43;PARANA|01 - TUBOS ELETRODUTOS KRONA|VAREJO|DEZ25
01 - TUBOS ELETRODUTOS KRONA;RIO GRANDE DO SUL;SUL;ATACADO;2025-01-01;732,00;RIO GRANDE DO SUL|01 - TUBOS ELETRODUTOS KRONA|ATACADO|JAN25
01 - TUBOS ELETRODUTOS KRONA;RIO GRANDE DO SUL;SUL;ATACADO;2025-02-01;455,00;RIO GRANDE DO SUL|01 - TUBOS ELETRODUTOS KRONA|ATACADO|FEV25
01 - TUBOS ELETRODUTOS KRONA;RIO GRANDE DO SUL;SUL;ATACADO;2025-03-01;99,70;RIO GRANDE DO SUL|01 - TUBOS ELETRODUTOS KRONA|ATACADO|MAR25
01 - TUBOS ELETRODUTOS KRONA;RIO GRANDE DO SUL;SUL;ATACADO;2025-04-01;154,60;RIO GRANDE DO SUL|01 - TUBOS ELETRODUTOS KRONA|ATACADO|ABR25
01 - TUBOS ELETRODUTOS KRONA;RIO GRANDE DO SUL;SUL;ATACADO;2025-05-01;374,51;RIO GRANDE DO SUL|01 - TUBOS ELETRODUTOS KRONA|ATACADO|MAI25
01 - TUBOS ELETRODUTOS KRONA;RIO GRANDE DO SUL;SUL;ATACADO;2025-06-01;1542,68;RIO GRANDE DO SUL|01 - TUBOS ELETRODUTOS KRONA|ATACADO|JUN25
01 - TUBOS ELETRODUTOS KRONA;RIO GRANDE DO SUL;SUL;ATACADO;2025-08-01;176,44;RIO GRANDE DO SUL|01 - TUBOS ELETRODUTOS KRONA|ATACADO|AGO25
01 - TUBOS ELETRODUTOS KRONA;RIO GRANDE DO SUL;SUL;ATACADO;2025-10-01;839,00;RIO GRANDE DO SUL|01 - TUBOS ELETRODUTOS KRONA|ATACADO|OUT25
01 - TUBOS ELETRODUTOS KRONA;RIO GRANDE DO SUL;SUL;ATACADO;2025-11-01;99,00;RIO GRANDE DO SUL|01 - TUBOS ELETRODUTOS KRONA|ATACADO|NOV25
01 - TUBOS ELETRODUTOS KRONA;RIO GRANDE DO SUL;SUL;ATACADO;2025-12-01;710,45;RIO GRANDE DO SUL|01 - TUBOS ELETRODUTOS KRONA|ATACADO|DEZ25
01 - TUBOS ELETRODUTOS KRONA;RIO GRANDE DO SUL;SUL;OUTROS;2025-01-01;81,10;RIO GRANDE DO SUL|01 - TUBOS ELETRODUTOS KRONA|OUTROS|JAN25
01 - TUBOS ELETRODUTOS KRONA;RIO GRANDE DO SUL;SUL;OUTROS;2025-02-01;197,66;RIO GRANDE DO SUL|01 - TUBOS ELETRODUTOS KRONA|OUTROS|FEV25
01 - TUBOS ELETRODUTOS KRONA;RIO GRANDE DO SUL;SUL;OUTROS;2025-03-01;219,95;RIO GRANDE DO SUL|01 - TUBOS ELETRODUTOS KRONA|OUTROS|MAR25
01 - TUBOS ELETRODUTOS KRONA;RIO GRANDE DO SUL;SUL;OUTROS;2025-07-01;219,30;RIO GRANDE DO SUL|01 - TUBOS ELETRODUTOS KRONA|OUTROS|JUL25
01 - TUBOS ELETRODUTOS KRONA;RIO GRANDE DO SUL;SUL;OUTROS;2025-09-01;513,27;RIO GRANDE DO SUL|01 - TUBOS ELETRODUTOS KRONA|OUTROS|SET25
01 - TUBOS ELETRODUTOS KRONA;RIO GRANDE DO SUL;SUL;OUTROS;2025-10-01;350,05;RIO GRANDE DO SUL|01 - TUBOS ELETRODUTOS KRONA|OUTROS|OUT25
01 - TUBOS ELETRODUTOS KRONA;RIO GRANDE DO SUL;SUL;OUTROS;2025-11-01;180,30;RIO GRANDE DO SUL|01 - TUBOS ELETRODUTOS KRONA|OUTROS|NOV25
01 - TUBOS ELETRODUTOS KRONA;RIO GRANDE DO SUL;SUL;VAREJO;2025-01-01;696,17;RIO GRANDE DO SUL|01 - TUBOS ELETRODUTOS KRONA|VAREJO|JAN25
01 - TUBOS ELETRODUTOS KRONA;RIO GRANDE DO SUL;SUL;VAREJO;2025-02-01;2332,96;RIO GRANDE DO SUL|01 - TUBOS ELETRODUTOS KRONA|VAREJO|FEV25
01 - TUBOS ELETRODUTOS KRONA;RIO GRANDE DO SUL;SUL;VAREJO;2025-03-01;442,43;RIO GRANDE DO SUL|01 - TUBOS ELETRODUTOS KRONA|VAREJO|MAR25
01 - TUBOS ELETRODUTOS KRONA;RIO GRANDE DO SUL;SUL;VAREJO;2025-04-01;662,08;RIO GRANDE DO SUL|01 - TUBOS ELETRODUTOS KRONA|VAREJO|ABR25
01 - TUBOS ELETRODUTOS KRONA;RIO GRANDE DO SUL;SUL;VAREJO;2025-05-01;1054,59;RIO GRANDE DO SUL|01 - TUBOS ELETRODUTOS KRONA|VAREJO|MAI25
01 - TUBOS ELETRODUTOS KRONA;RIO GRANDE DO SUL;SUL;VAREJO;2025-06-01;1450,80;RIO GRANDE DO SUL|01 - TUBOS ELETRODUTOS KRONA|VAREJO|JUN25
01 - TUBOS ELETRODUTOS KRONA;RIO GRANDE DO SUL;SUL;VAREJO;2025-07-01;654,80;RIO GRANDE DO SUL|01 - TUBOS ELETRODUTOS KRONA|VAREJO|JUL25
01 - TUBOS ELETRODUTOS KRONA;RIO GRANDE DO SUL;SUL;VAREJO;2025-08-01;548,17;RIO GRANDE DO SUL|01 - TUBOS ELETRODUTOS KRONA|VAREJO|AGO25
01 - TUBOS ELETRODUTOS KRONA;RIO GRANDE DO SUL;SUL;VAREJO;2025-09-01;609,22;RIO GRANDE DO SUL|01 - TUBOS ELETRODUTOS KRONA|VAREJO|SET25
01 - TUBOS ELETRODUTOS KRONA;RIO GRANDE DO SUL;SUL;VAREJO;2025-10-01;761,45;RIO GRANDE DO SUL|01 - TUBOS ELETRODUTOS KRONA|VAREJO|OUT25
01 - TUBOS ELETRODUTOS KRONA;RIO GRANDE DO SUL;SUL;VAREJO;2025-11-01;757,65;RIO GRANDE DO SUL|01 - TUBOS ELETRODUTOS KRONA|VAREJO|NOV25
01 - TUBOS ELETRODUTOS KRONA;RIO GRANDE DO SUL;SUL;VAREJO;2025-12-01;1504,99;RIO GRANDE DO SUL|01 - TUBOS ELETRODUTOS KRONA|VAREJO|DEZ25
01 - TUBOS ELETRODUTOS KRONA;RJ/ES;MINAS RJ/ES;ATACADO;2025-01-01;523,05;RJ/ES|01 - TUBOS ELETRODUTOS KRONA|ATACADO|JAN25
01 - TUBOS ELETRODUTOS KRONA;RJ/ES;MINAS RJ/ES;ATACADO;2025-02-01;888,68;RJ/ES|01 - TUBOS ELETRODUTOS KRONA|ATACADO|FEV25
01 - TUBOS ELETRODUTOS KRONA;RJ/ES;MINAS RJ/ES;ATACADO;2025-03-01;1031,83;RJ/ES|01 - TUBOS ELETRODUTOS KRONA|ATACADO|MAR25
01 - TUBOS ELETRODUTOS KRONA;RJ/ES;MINAS RJ/ES;ATACADO;2025-04-01;520,85;RJ/ES|01 - TUBOS ELETRODUTOS KRONA|ATACADO|ABR25
01 - TUBOS ELETRODUTOS KRONA;RJ/ES;MINAS RJ/ES;ATACADO;2025-05-01;358,60;RJ/ES|01 - TUBOS ELETRODUTOS KRONA|ATACADO|MAI25
01 - TUBOS ELETRODUTOS KRONA;RJ/ES;MINAS RJ/ES;ATACADO;2025-06-01;992,30;RJ/ES|01 - TUBOS ELETRODUTOS KRONA|ATACADO|JUN25
01 - TUBOS ELETRODUTOS KRONA;RJ/ES;MINAS RJ/ES;ATACADO;2025-07-01;23,40;RJ/ES|01 - TUBOS ELETRODUTOS KRONA|ATACADO|JUL25
01 - TUBOS ELETRODUTOS KRONA;RJ/ES;MINAS RJ/ES;ATACADO;2025-08-01;1214,82;RJ/ES|01 - TUBOS ELETRODUTOS KRONA|ATACADO|AGO25
01 - TUBOS ELETRODUTOS KRONA;RJ/ES;MINAS RJ/ES;ATACADO;2025-09-01;664,19;RJ/ES|01 - TUBOS ELETRODUTOS KRONA|ATACADO|SET25
01 - TUBOS ELETRODUTOS KRONA;RJ/ES;MINAS RJ/ES;ATACADO;2025-10-01;813,10;RJ/ES|01 - TUBOS ELETRODUTOS KRONA|ATACADO|OUT25
01 - TUBOS ELETRODUTOS KRONA;RJ/ES;MINAS RJ/ES;ATACADO;2025-11-01;770,46;RJ/ES|01 - TUBOS ELETRODUTOS KRONA|ATACADO|NOV25
01 - TUBOS ELETRODUTOS KRONA;RJ/ES;MINAS RJ/ES;ATACADO;2025-12-01;1397,10;RJ/ES|01 - TUBOS ELETRODUTOS KRONA|ATACADO|DEZ25
01 - TUBOS ELETRODUTOS KRONA;RJ/ES;MINAS RJ/ES;OUTROS;2025-03-01;38,25;RJ/ES|01 - TUBOS ELETRODUTOS KRONA|OUTROS|MAR25
01 - TUBOS ELETRODUTOS KRONA;RJ/ES;MINAS RJ/ES;OUTROS;2025-05-01;169,50;RJ/ES|01 - TUBOS ELETRODUTOS KRONA|OUTROS|MAI25
01 - TUBOS ELETRODUTOS KRONA;RJ/ES;MINAS RJ/ES;OUTROS;2025-06-01;53,45;RJ/ES|01 - TUBOS ELETRODUTOS KRONA|OUTROS|JUN25
01 - TUBOS ELETRODUTOS KRONA;RJ/ES;MINAS RJ/ES;OUTROS;2025-07-01;52,20;RJ/ES|01 - TUBOS ELETRODUTOS KRONA|OUTROS|JUL25
01 - TUBOS ELETRODUTOS KRONA;RJ/ES;MINAS RJ/ES;OUTROS;2025-08-01;45,00;RJ/ES|01 - TUBOS ELETRODUTOS KRONA|OUTROS|AGO25
01 - TUBOS ELETRODUTOS KRONA;RJ/ES;MINAS RJ/ES;OUTROS;2025-09-01;11,50;RJ/ES|01 - TUBOS ELETRODUTOS KRONA|OUTROS|SET25
01 - TUBOS ELETRODUTOS KRONA;RJ/ES;MINAS RJ/ES;OUTROS;2025-10-01;73,00;RJ/ES|01 - TUBOS ELETRODUTOS KRONA|OUTROS|OUT25
01 - TUBOS ELETRODUTOS KRONA;RJ/ES;MINAS RJ/ES;OUTROS;2025-12-01;83,62;RJ/ES|01 - TUBOS ELETRODUTOS KRONA|OUTROS|DEZ25
01 - TUBOS ELETRODUTOS KRONA;RJ/ES;MINAS RJ/ES;VAREJO;2025-01-01;717,25;RJ/ES|01 - TUBOS ELETRODUTOS KRONA|VAREJO|JAN25
01 - TUBOS ELETRODUTOS KRONA;RJ/ES;MINAS RJ/ES;VAREJO;2025-02-01;357,53;RJ/ES|01 - TUBOS ELETRODUTOS KRONA|VAREJO|FEV25
01 - TUBOS ELETRODUTOS KRONA;RJ/ES;MINAS RJ/ES;VAREJO;2025-03-01;905,56;RJ/ES|01 - TUBOS ELETRODUTOS KRONA|VAREJO|MAR25
01 - TUBOS ELETRODUTOS KRONA;RJ/ES;MINAS RJ/ES;VAREJO;2025-04-01;679,24;RJ/ES|01 - TUBOS ELETRODUTOS KRONA|VAREJO|ABR25
01 - TUBOS ELETRODUTOS KRONA;RJ/ES;MINAS RJ/ES;VAREJO;2025-05-01;617,91;RJ/ES|01 - TUBOS ELETRODUTOS KRONA|VAREJO|MAI25
01 - TUBOS ELETRODUTOS KRONA;RJ/ES;MINAS RJ/ES;VAREJO;2025-06-01;1528,80;RJ/ES|01 - TUBOS ELETRODUTOS KRONA|VAREJO|JUN25
01 - TUBOS ELETRODUTOS KRONA;RJ/ES;MINAS RJ/ES;VAREJO;2025-07-01;1572,85;RJ/ES|01 - TUBOS ELETRODUTOS KRONA|VAREJO|JUL25
01 - TUBOS ELETRODUTOS KRONA;RJ/ES;MINAS RJ/ES;VAREJO;2025-08-01;647,62;RJ/ES|01 - TUBOS ELETRODUTOS KRONA|VAREJO|AGO25
01 - TUBOS ELETRODUTOS KRONA;RJ/ES;MINAS RJ/ES;VAREJO;2025-09-01;658,51;RJ/ES|01 - TUBOS ELETRODUTOS KRONA|VAREJO|SET25
01 - TUBOS ELETRODUTOS KRONA;RJ/ES;MINAS RJ/ES;VAREJO;2025-10-01;609,88;RJ/ES|01 - TUBOS ELETRODUTOS KRONA|VAREJO|OUT25
01 - TUBOS ELETRODUTOS KRONA;RJ/ES;MINAS RJ/ES;VAREJO;2025-11-01;553,15;RJ/ES|01 - TUBOS ELETRODUTOS KRONA|VAREJO|NOV25
01 - TUBOS ELETRODUTOS KRONA;RJ/ES;MINAS RJ/ES;VAREJO;2025-12-01;710,06;RJ/ES|01 - TUBOS ELETRODUTOS KRONA|VAREJO|DEZ25
01 - TUBOS ELETRODUTOS KRONA;SANTA CATARINA 01;SUL;ATACADO;2025-01-01;46,00;SANTA CATARINA 01|01 - TUBOS ELETRODUTOS KRONA|ATACADO|JAN25
01 - TUBOS ELETRODUTOS KRONA;SANTA CATARINA 01;SUL;ATACADO;2025-04-01;11,50;SANTA CATARINA 01|01 - TUBOS ELETRODUTOS KRONA|ATACADO|ABR25
01 - TUBOS ELETRODUTOS KRONA;SANTA CATARINA 01;SUL;ATACADO;2025-05-01;9,00;SANTA CATARINA 01|01 - TUBOS ELETRODUTOS KRONA|ATACADO|MAI25
01 - TUBOS ELETRODUTOS KRONA;SANTA CATARINA 01;SUL;ATACADO;2025-06-01;133,50;SANTA CATARINA 01|01 - TUBOS ELETRODUTOS KRONA|ATACADO|JUN25
01 - TUBOS ELETRODUTOS KRONA;SANTA CATARINA 01;SUL;ATACADO;2025-07-01;46,00;SANTA CATARINA 01|01 - TUBOS ELETRODUTOS KRONA|ATACADO|JUL25
01 - TUBOS ELETRODUTOS KRONA;SANTA CATARINA 01;SUL;ATACADO;2025-08-01;27,00;SANTA CATARINA 01|01 - TUBOS ELETRODUTOS KRONA|ATACADO|AGO25
01 - TUBOS ELETRODUTOS KRONA;SANTA CATARINA 01;SUL;ATACADO;2025-09-01;18,00;SANTA CATARINA 01|01 - TUBOS ELETRODUTOS KRONA|ATACADO|SET25
01 - TUBOS ELETRODUTOS KRONA;SANTA CATARINA 01;SUL;ATACADO;2025-10-01;126,00;SANTA CATARINA 01|01 - TUBOS ELETRODUTOS KRONA|ATACADO|OUT25
01 - TUBOS ELETRODUTOS KRONA;SANTA CATARINA 01;SUL;ATACADO;2025-12-01;9,00;SANTA CATARINA 01|01 - TUBOS ELETRODUTOS KRONA|ATACADO|DEZ25
01 - TUBOS ELETRODUTOS KRONA;SANTA CATARINA 01;SUL;OUTROS;2025-02-01;78,00;SANTA CATARINA 01|01 - TUBOS ELETRODUTOS KRONA|OUTROS|FEV25
01 - TUBOS ELETRODUTOS KRONA;SANTA CATARINA 01;SUL;VAREJO;2025-01-01;365,85;SANTA CATARINA 01|01 - TUBOS ELETRODUTOS KRONA|VAREJO|JAN25
01 - TUBOS ELETRODUTOS KRONA;SANTA CATARINA 01;SUL;VAREJO;2025-02-01;629,29;SANTA CATARINA 01|01 - TUBOS ELETRODUTOS KRONA|VAREJO|FEV25
01 - TUBOS ELETRODUTOS KRONA;SANTA CATARINA 01;SUL;VAREJO;2025-03-01;1554,43;SANTA CATARINA 01|01 - TUBOS ELETRODUTOS KRONA|VAREJO|MAR25
01 - TUBOS ELETRODUTOS KRONA;SANTA CATARINA 01;SUL;VAREJO;2025-04-01;345,10;SANTA CATARINA 01|01 - TUBOS ELETRODUTOS KRONA|VAREJO|ABR25
01 - TUBOS ELETRODUTOS KRONA;SANTA CATARINA 01;SUL;VAREJO;2025-05-01;1281,31;SANTA CATARINA 01|01 - TUBOS ELETRODUTOS KRONA|VAREJO|MAI25
01 - TUBOS ELETRODUTOS KRONA;SANTA CATARINA 01;SUL;VAREJO;2025-06-01;1087,01;SANTA CATARINA 01|01 - TUBOS ELETRODUTOS KRONA|VAREJO|JUN25
01 - TUBOS ELETRODUTOS KRONA;SANTA CATARINA 01;SUL;VAREJO;2025-07-01;693,40;SANTA CATARINA 01|01 - TUBOS ELETRODUTOS KRONA|VAREJO|JUL25
01 - TUBOS ELETRODUTOS KRONA;SANTA CATARINA 01;SUL;VAREJO;2025-08-01;820,32;SANTA CATARINA 01|01 - TUBOS ELETRODUTOS KRONA|VAREJO|AGO25
01 - TUBOS ELETRODUTOS KRONA;SANTA CATARINA 01;SUL;VAREJO;2025-09-01;108,50;SANTA CATARINA 01|01 - TUBOS ELETRODUTOS KRONA|VAREJO|SET25
01 - TUBOS ELETRODUTOS KRONA;SANTA CATARINA 01;SUL;VAREJO;2025-10-01;288,51;SANTA CATARINA 01|01 - TUBOS ELETRODUTOS KRONA|VAREJO|OUT25
01 - TUBOS ELETRODUTOS KRONA;SANTA CATARINA 01;SUL;VAREJO;2025-11-01;577,06;SANTA CATARINA 01|01 - TUBOS ELETRODUTOS KRONA|VAREJO|NOV25
01 - TUBOS ELETRODUTOS KRONA;SANTA CATARINA 01;SUL;VAREJO;2025-12-01;259,50;SANTA CATARINA 01|01 - TUBOS ELETRODUTOS KRONA|VAREJO|DEZ25
01 - TUBOS ELETRODUTOS KRONA;SANTA CATARINA 02;SUL;ATACADO;2025-01-01;18,00;SANTA CATARINA 02|01 - TUBOS ELETRODUTOS KRONA|ATACADO|JAN25
01 - TUBOS ELETRODUTOS KRONA;SANTA CATARINA 02;SUL;ATACADO;2025-06-01;11,50;SANTA CATARINA 02|01 - TUBOS ELETRODUTOS KRONA|ATACADO|JUN25
01 - TUBOS ELETRODUTOS KRONA;SANTA CATARINA 02;SUL;ATACADO;2025-08-01;11,50;SANTA CATARINA 02|01 - TUBOS ELETRODUTOS KRONA|ATACADO|AGO25
01 - TUBOS ELETRODUTOS KRONA;SANTA CATARINA 02;SUL;ATACADO;2025-09-01;18,00;SANTA CATARINA 02|01 - TUBOS ELETRODUTOS KRONA|ATACADO|SET25
01 - TUBOS ELETRODUTOS KRONA;SANTA CATARINA 02;SUL;VAREJO;2025-01-01;37,39;SANTA CATARINA 02|01 - TUBOS ELETRODUTOS KRONA|VAREJO|JAN25
01 - TUBOS ELETRODUTOS KRONA;SANTA CATARINA 02;SUL;VAREJO;2025-02-01;835,49;SANTA CATARINA 02|01 - TUBOS ELETRODUTOS KRONA|VAREJO|FEV25
01 - TUBOS ELETRODUTOS KRONA;SANTA CATARINA 02;SUL;VAREJO;2025-03-01;242,60;SANTA CATARINA 02|01 - TUBOS ELETRODUTOS KRONA|VAREJO|MAR25
01 - TUBOS ELETRODUTOS KRONA;SANTA CATARINA 02;SUL;VAREJO;2025-04-01;258,60;SANTA CATARINA 02|01 - TUBOS ELETRODUTOS KRONA|VAREJO|ABR25
01 - TUBOS ELETRODUTOS KRONA;SANTA CATARINA 02;SUL;VAREJO;2025-05-01;562,44;SANTA CATARINA 02|01 - TUBOS ELETRODUTOS KRONA|VAREJO|MAI25
01 - TUBOS ELETRODUTOS KRONA;SANTA CATARINA 02;SUL;VAREJO;2025-06-01;471,44;SANTA CATARINA 02|01 - TUBOS ELETRODUTOS KRONA|VAREJO|JUN25
01 - TUBOS ELETRODUTOS KRONA;SANTA CATARINA 02;SUL;VAREJO;2025-07-01;380,01;SANTA CATARINA 02|01 - TUBOS ELETRODUTOS KRONA|VAREJO|JUL25
01 - TUBOS ELETRODUTOS KRONA;SANTA CATARINA 02;SUL;VAREJO;2025-08-01;563,03;SANTA CATARINA 02|01 - TUBOS ELETRODUTOS KRONA|VAREJO|AGO25
01 - TUBOS ELETRODUTOS KRONA;SANTA CATARINA 02;SUL;VAREJO;2025-09-01;714,65;SANTA CATARINA 02|01 - TUBOS ELETRODUTOS KRONA|VAREJO|SET25
01 - TUBOS ELETRODUTOS KRONA;SANTA CATARINA 02;SUL;VAREJO;2025-10-01;233,82;SANTA CATARINA 02|01 - TUBOS ELETRODUTOS KRONA|VAREJO|OUT25
01 - TUBOS ELETRODUTOS KRONA;SANTA CATARINA 02;SUL;VAREJO;2025-11-01;169,64;SANTA CATARINA 02|01 - TUBOS ELETRODUTOS KRONA|VAREJO|NOV25
01 - TUBOS ELETRODUTOS KRONA;SANTA CATARINA 02;SUL;VAREJO;2025-12-01;368,58;SANTA CATARINA 02|01 - TUBOS ELETRODUTOS KRONA|VAREJO|DEZ25
01 - TUBOS ELETRODUTOS KRONA;SAO PAULO CAPITAL;SP;ATACADO;2025-01-01;44,51;SAO PAULO CAPITAL|01 - TUBOS ELETRODUTOS KRONA|ATACADO|JAN25
01 - TUBOS ELETRODUTOS KRONA;SAO PAULO CAPITAL;SP;ATACADO;2025-04-01;156,50;SAO PAULO CAPITAL|01 - TUBOS ELETRODUTOS KRONA|ATACADO|ABR25
01 - TUBOS ELETRODUTOS KRONA;SAO PAULO CAPITAL;SP;ATACADO;2025-05-01;18,00;SAO PAULO CAPITAL|01 - TUBOS ELETRODUTOS KRONA|ATACADO|MAI25
01 - TUBOS ELETRODUTOS KRONA;SAO PAULO CAPITAL;SP;ATACADO;2025-08-01;81,00;SAO PAULO CAPITAL|01 - TUBOS ELETRODUTOS KRONA|ATACADO|AGO25
01 - TUBOS ELETRODUTOS KRONA;SAO PAULO CAPITAL;SP;OUTROS;2025-12-01;614,64;SAO PAULO CAPITAL|01 - TUBOS ELETRODUTOS KRONA|OUTROS|DEZ25
01 - TUBOS ELETRODUTOS KRONA;SAO PAULO CAPITAL;SP;VAREJO;2025-01-01;537,70;SAO PAULO CAPITAL|01 - TUBOS ELETRODUTOS KRONA|VAREJO|JAN25
01 - TUBOS ELETRODUTOS KRONA;SAO PAULO CAPITAL;SP;VAREJO;2025-02-01;604,63;SAO PAULO CAPITAL|01 - TUBOS ELETRODUTOS KRONA|VAREJO|FEV25
01 - TUBOS ELETRODUTOS KRONA;SAO PAULO CAPITAL;SP;VAREJO;2025-03-01;668,99;SAO PAULO CAPITAL|01 - TUBOS ELETRODUTOS KRONA|VAREJO|MAR25
01 - TUBOS ELETRODUTOS KRONA;SAO PAULO CAPITAL;SP;VAREJO;2025-04-01;400,42;SAO PAULO CAPITAL|01 - TUBOS ELETRODUTOS KRONA|VAREJO|ABR25
01 - TUBOS ELETRODUTOS KRONA;SAO PAULO CAPITAL;SP;VAREJO;2025-05-01;931,37;SAO PAULO CAPITAL|01 - TUBOS ELETRODUTOS KRONA|VAREJO|MAI25
01 - TUBOS ELETRODUTOS KRONA;SAO PAULO CAPITAL;SP;VAREJO;2025-06-01;824,64;SAO PAULO CAPITAL|01 - TUBOS ELETRODUTOS KRONA|VAREJO|JUN25
01 - TUBOS ELETRODUTOS KRONA;SAO PAULO CAPITAL;SP;VAREJO;2025-07-01;830,79;SAO PAULO CAPITAL|01 - TUBOS ELETRODUTOS KRONA|VAREJO|JUL25
01 - TUBOS ELETRODUTOS KRONA;SAO PAULO CAPITAL;SP;VAREJO;2025-08-01;905,42;SAO PAULO CAPITAL|01 - TUBOS ELETRODUTOS KRONA|VAREJO|AGO25
01 - TUBOS ELETRODUTOS KRONA;SAO PAULO CAPITAL;SP;VAREJO;2025-09-01;892,32;SAO PAULO CAPITAL|01 - TUBOS ELETRODUTOS KRONA|VAREJO|SET25
01 - TUBOS ELETRODUTOS KRONA;SAO PAULO CAPITAL;SP;VAREJO;2025-10-01;527,95;SAO PAULO CAPITAL|01 - TUBOS ELETRODUTOS KRONA|VAREJO|OUT25
01 - TUBOS ELETRODUTOS KRONA;SAO PAULO CAPITAL;SP;VAREJO;2025-11-01;442,32;SAO PAULO CAPITAL|01 - TUBOS ELETRODUTOS KRONA|VAREJO|NOV25
01 - TUBOS ELETRODUTOS KRONA;SAO PAULO CAPITAL;SP;VAREJO;2025-12-01;369,31;SAO PAULO CAPITAL|01 - TUBOS ELETRODUTOS KRONA|VAREJO|DEZ25
01 - TUBOS ELETRODUTOS KRONA;SAO PAULO CAPITAL 2;SP;ATACADO;2025-03-01;397,88;SAO PAULO CAPITAL 2|01 - TUBOS ELETRODUTOS KRONA|ATACADO|MAR25
01 - TUBOS ELETRODUTOS KRONA;SAO PAULO CAPITAL 2;SP;ATACADO;2025-05-01;209,28;SAO PAULO CAPITAL 2|01 - TUBOS ELETRODUTOS KRONA|ATACADO|MAI25
01 - TUBOS ELETRODUTOS KRONA;SAO PAULO CAPITAL 2;SP;ATACADO;2025-07-01;36,00;SAO PAULO CAPITAL 2|01 - TUBOS ELETRODUTOS KRONA|ATACADO|JUL25
01 - TUBOS ELETRODUTOS KRONA;SAO PAULO CAPITAL 2;SP;ATACADO;2025-08-01;18,00;SAO PAULO CAPITAL 2|01 - TUBOS ELETRODUTOS KRONA|ATACADO|AGO25
01 - TUBOS ELETRODUTOS KRONA;SAO PAULO CAPITAL 2;SP;ATACADO;2025-09-01;69,00;SAO PAULO CAPITAL 2|01 - TUBOS ELETRODUTOS KRONA|ATACADO|SET25
01 - TUBOS ELETRODUTOS KRONA;SAO PAULO CAPITAL 2;SP;ATACADO;2025-11-01;108,00;SAO PAULO CAPITAL 2|01 - TUBOS ELETRODUTOS KRONA|ATACADO|NOV25
01 - TUBOS ELETRODUTOS KRONA;SAO PAULO CAPITAL 2;SP;ATACADO;2025-12-01;18,00;SAO PAULO CAPITAL 2|01 - TUBOS ELETRODUTOS KRONA|ATACADO|DEZ25
01 - TUBOS ELETRODUTOS KRONA;SAO PAULO INTERIOR;SP;ATACADO;2025-03-01;47,75;SAO PAULO INTERIOR|01 - TUBOS ELETRODUTOS KRONA|ATACADO|MAR25
01 - TUBOS ELETRODUTOS KRONA;SAO PAULO INTERIOR;SP;ATACADO;2025-05-01;5,60;SAO PAULO INTERIOR|01 - TUBOS ELETRODUTOS KRONA|ATACADO|MAI25
01 - TUBOS ELETRODUTOS KRONA;SAO PAULO INTERIOR;SP;ATACADO;2025-06-01;11,20;SAO PAULO INTERIOR|01 - TUBOS ELETRODUTOS KRONA|ATACADO|JUN25
01 - TUBOS ELETRODUTOS KRONA;SAO PAULO INTERIOR;SP;VAREJO;2025-01-01;406,10;SAO PAULO INTERIOR|01 - TUBOS ELETRODUTOS KRONA|VAREJO|JAN25
01 - TUBOS ELETRODUTOS KRONA;SAO PAULO INTERIOR;SP;VAREJO;2025-02-01;396,90;SAO PAULO INTERIOR|01 - TUBOS ELETRODUTOS KRONA|VAREJO|FEV25
01 - TUBOS ELETRODUTOS KRONA;SAO PAULO INTERIOR;SP;VAREJO;2025-03-01;124,32;SAO PAULO INTERIOR|01 - TUBOS ELETRODUTOS KRONA|VAREJO|MAR25
01 - TUBOS ELETRODUTOS KRONA;SAO PAULO INTERIOR;SP;VAREJO;2025-04-01;698,55;SAO PAULO INTERIOR|01 - TUBOS ELETRODUTOS KRONA|VAREJO|ABR25
01 - TUBOS ELETRODUTOS KRONA;SAO PAULO INTERIOR;SP;VAREJO;2025-05-01;470,77;SAO PAULO INTERIOR|01 - TUBOS ELETRODUTOS KRONA|VAREJO|MAI25
01 - TUBOS ELETRODUTOS KRONA;SAO PAULO INTERIOR;SP;VAREJO;2025-06-01;529,85;SAO PAULO INTERIOR|01 - TUBOS ELETRODUTOS KRONA|VAREJO|JUN25
01 - TUBOS ELETRODUTOS KRONA;SAO PAULO INTERIOR;SP;VAREJO;2025-07-01;581,67;SAO PAULO INTERIOR|01 - TUBOS ELETRODUTOS KRONA|VAREJO|JUL25
01 - TUBOS ELETRODUTOS KRONA;SAO PAULO INTERIOR;SP;VAREJO;2025-08-01;424,14;SAO PAULO INTERIOR|01 - TUBOS ELETRODUTOS KRONA|VAREJO|AGO25
01 - TUBOS ELETRODUTOS KRONA;SAO PAULO INTERIOR;SP;VAREJO;2025-09-01;134,24;SAO PAULO INTERIOR|01 - TUBOS ELETRODUTOS KRONA|VAREJO|SET25
01 - TUBOS ELETRODUTOS KRONA;SAO PAULO INTERIOR;SP;VAREJO;2025-10-01;229,63;SAO PAULO INTERIOR|01 - TUBOS ELETRODUTOS KRONA|VAREJO|OUT25
01 - TUBOS ELETRODUTOS KRONA;SAO PAULO INTERIOR;SP;VAREJO;2025-11-01;606,43;SAO PAULO INTERIOR|01 - TUBOS ELETRODUTOS KRONA|VAREJO|NOV25
01 - TUBOS ELETRODUTOS KRONA;SAO PAULO INTERIOR;SP;VAREJO;2025-12-01;70,04;SAO PAULO INTERIOR|01 - TUBOS ELETRODUTOS KRONA|VAREJO|DEZ25
01 - TUBOS ELETRODUTOS KRONA;TELEVENDAS;TELEVENDAS;ATACADO;2025-04-01;81,14;TELEVENDAS|01 - TUBOS ELETRODUTOS KRONA|ATACADO|ABR25
01 - TUBOS ELETRODUTOS KRONA;TELEVENDAS;TELEVENDAS;ATACADO;2025-08-01;58,00;TELEVENDAS|01 - TUBOS ELETRODUTOS KRONA|ATACADO|AGO25
01 - TUBOS ELETRODUTOS KRONA;TELEVENDAS;TELEVENDAS;ATACADO;2025-10-01;48,35;TELEVENDAS|01 - TUBOS ELETRODUTOS KRONA|ATACADO|OUT25
01 - TUBOS ELETRODUTOS KRONA;TELEVENDAS;TELEVENDAS;IRRIGACAO;2025-10-01;16,55;TELEVENDAS|01 - TUBOS ELETRODUTOS KRONA|IRRIGACAO|OUT25
01 - TUBOS ELETRODUTOS KRONA;TELEVENDAS;TELEVENDAS;OUTROS;2025-02-01;10,70;TELEVENDAS|01 - TUBOS ELETRODUTOS KRONA|OUTROS|FEV25
01 - TUBOS ELETRODUTOS KRONA;TELEVENDAS;TELEVENDAS;OUTROS;2025-04-01;453,75;TELEVENDAS|01 - TUBOS ELETRODUTOS KRONA|OUTROS|ABR25
01 - TUBOS ELETRODUTOS KRONA;TELEVENDAS;TELEVENDAS;OUTROS;2025-05-01;171,10;TELEVENDAS|01 - TUBOS ELETRODUTOS KRONA|OUTROS|MAI25
01 - TUBOS ELETRODUTOS KRONA;TELEVENDAS;TELEVENDAS;OUTROS;2025-06-01;11,09;TELEVENDAS|01 - TUBOS ELETRODUTOS KRONA|OUTROS|JUN25
01 - TUBOS ELETRODUTOS KRONA;TELEVENDAS;TELEVENDAS;OUTROS;2025-07-01;7,76;TELEVENDAS|01 - TUBOS ELETRODUTOS KRONA|OUTROS|JUL25
01 - TUBOS ELETRODUTOS KRONA;TELEVENDAS;TELEVENDAS;OUTROS;2025-08-01;14,80;TELEVENDAS|01 - TUBOS ELETRODUTOS KRONA|OUTROS|AGO25
01 - TUBOS ELETRODUTOS KRONA;TELEVENDAS;TELEVENDAS;OUTROS;2025-10-01;5,59;TELEVENDAS|01 - TUBOS ELETRODUTOS KRONA|OUTROS|OUT25
01 - TUBOS ELETRODUTOS KRONA;TELEVENDAS;TELEVENDAS;VAREJO;2025-01-01;1506,63;TELEVENDAS|01 - TUBOS ELETRODUTOS KRONA|VAREJO|JAN25
01 - TUBOS ELETRODUTOS KRONA;TELEVENDAS;TELEVENDAS;VAREJO;2025-02-01;1311,46;TELEVENDAS|01 - TUBOS ELETRODUTOS KRONA|VAREJO|FEV25
01 - TUBOS ELETRODUTOS KRONA;TELEVENDAS;TELEVENDAS;VAREJO;2025-03-01;1778,83;TELEVENDAS|01 - TUBOS ELETRODUTOS KRONA|VAREJO|MAR25
01 - TUBOS ELETRODUTOS KRONA;TELEVENDAS;TELEVENDAS;VAREJO;2025-04-01;2229,99;TELEVENDAS|01 - TUBOS ELETRODUTOS KRONA|VAREJO|ABR25
01 - TUBOS ELETRODUTOS KRONA;TELEVENDAS;TELEVENDAS;VAREJO;2025-05-01;2266,57;TELEVENDAS|01 - TUBOS ELETRODUTOS KRONA|VAREJO|MAI25
01 - TUBOS ELETRODUTOS KRONA;TELEVENDAS;TELEVENDAS;VAREJO;2025-06-01;6548,59;TELEVENDAS|01 - TUBOS ELETRODUTOS KRONA|VAREJO|JUN25
01 - TUBOS ELETRODUTOS KRONA;TELEVENDAS;TELEVENDAS;VAREJO;2025-07-01;1942,91;TELEVENDAS|01 - TUBOS ELETRODUTOS KRONA|VAREJO|JUL25
01 - TUBOS ELETRODUTOS KRONA;TELEVENDAS;TELEVENDAS;VAREJO;2025-08-01;1212,45;TELEVENDAS|01 - TUBOS ELETRODUTOS KRONA|VAREJO|AGO25
01 - TUBOS ELETRODUTOS KRONA;TELEVENDAS;TELEVENDAS;VAREJO;2025-09-01;2569,98;TELEVENDAS|01 - TUBOS ELETRODUTOS KRONA|VAREJO|SET25
01 - TUBOS ELETRODUTOS KRONA;TELEVENDAS;TELEVENDAS;VAREJO;2025-10-01;1961,82;TELEVENDAS|01 - TUBOS ELETRODUTOS KRONA|VAREJO|OUT25
01 - TUBOS ELETRODUTOS KRONA;TELEVENDAS;TELEVENDAS;VAREJO;2025-11-01;2164,18;TELEVENDAS|01 - TUBOS ELETRODUTOS KRONA|VAREJO|NOV25
01 - TUBOS ELETRODUTOS KRONA;TELEVENDAS;TELEVENDAS;VAREJO;2025-12-01;2655,55;TELEVENDAS|01 - TUBOS ELETRODUTOS KRONA|VAREJO|DEZ25
02 - CONEXOES KRONA;CENTRO OESTE;CO NO;ATACADO;2025-01-01;118801,30;CENTRO OESTE|02 - CONEXOES KRONA|ATACADO|JAN25
02 - CONEXOES KRONA;CENTRO OESTE;CO NO;ATACADO;2025-02-01;23010,53;CENTRO OESTE|02 - CONEXOES KRONA|ATACADO|FEV25
02 - CONEXOES KRONA;CENTRO OESTE;CO NO;ATACADO;2025-03-01;136037,14;CENTRO OESTE|02 - CONEXOES KRONA|ATACADO|MAR25
02 - CONEXOES KRONA;CENTRO OESTE;CO NO;ATACADO;2025-04-01;52509,61;CENTRO OESTE|02 - CONEXOES KRONA|ATACADO|ABR25
02 - CONEXOES KRONA;CENTRO OESTE;CO NO;ATACADO;2025-05-01;151360,85;CENTRO OESTE|02 - CONEXOES KRONA|ATACADO|MAI25
02 - CONEXOES KRONA;CENTRO OESTE;CO NO;ATACADO;2025-06-01;270536,59;CENTRO OESTE|02 - CONEXOES KRONA|ATACADO|JUN25
02 - CONEXOES KRONA;CENTRO OESTE;CO NO;ATACADO;2025-07-01;92053,18;CENTRO OESTE|02 - CONEXOES KRONA|ATACADO|JUL25
02 - CONEXOES KRONA;CENTRO OESTE;CO NO;ATACADO;2025-08-01;65271,26;CENTRO OESTE|02 - CONEXOES KRONA|ATACADO|AGO25
02 - CONEXOES KRONA;CENTRO OESTE;CO NO;ATACADO;2025-09-01;131143,64;CENTRO OESTE|02 - CONEXOES KRONA|ATACADO|SET25
02 - CONEXOES KRONA;CENTRO OESTE;CO NO;ATACADO;2025-10-01;140719,55;CENTRO OESTE|02 - CONEXOES KRONA|ATACADO|OUT25
02 - CONEXOES KRONA;CENTRO OESTE;CO NO;ATACADO;2025-11-01;82826,49;CENTRO OESTE|02 - CONEXOES KRONA|ATACADO|NOV25
02 - CONEXOES KRONA;CENTRO OESTE;CO NO;ATACADO;2025-12-01;167935,09;CENTRO OESTE|02 - CONEXOES KRONA|ATACADO|DEZ25
02 - CONEXOES KRONA;CENTRO OESTE;CO NO;OUTROS;2025-01-01;538,90;CENTRO OESTE|02 - CONEXOES KRONA|OUTROS|JAN25
02 - CONEXOES KRONA;CENTRO OESTE;CO NO;OUTROS;2025-02-01;289,90;CENTRO OESTE|02 - CONEXOES KRONA|OUTROS|FEV25
02 - CONEXOES KRONA;CENTRO OESTE;CO NO;OUTROS;2025-06-01;414,86;CENTRO OESTE|02 - CONEXOES KRONA|OUTROS|JUN25
02 - CONEXOES KRONA;CENTRO OESTE;CO NO;OUTROS;2025-08-01;67,87;CENTRO OESTE|02 - CONEXOES KRONA|OUTROS|AGO25
02 - CONEXOES KRONA;CENTRO OESTE;CO NO;OUTROS;2025-09-01;88,87;CENTRO OESTE|02 - CONEXOES KRONA|OUTROS|SET25
02 - CONEXOES KRONA;CENTRO OESTE;CO NO;OUTROS;2025-10-01;261,07;CENTRO OESTE|02 - CONEXOES KRONA|OUTROS|OUT25
02 - CONEXOES KRONA;CENTRO OESTE;CO NO;OUTROS;2025-11-01;419,60;CENTRO OESTE|02 - CONEXOES KRONA|OUTROS|NOV25
02 - CONEXOES KRONA;CENTRO OESTE;CO NO;OUTROS;2025-12-01;18,69;CENTRO OESTE|02 - CONEXOES KRONA|OUTROS|DEZ25
02 - CONEXOES KRONA;CENTRO OESTE;CO NO;VAREJO;2025-01-01;44341,92;CENTRO OESTE|02 - CONEXOES KRONA|VAREJO|JAN25
02 - CONEXOES KRONA;CENTRO OESTE;CO NO;VAREJO;2025-02-01;40820,36;CENTRO OESTE|02 - CONEXOES KRONA|VAREJO|FEV25
02 - CONEXOES KRONA;CENTRO OESTE;CO NO;VAREJO;2025-03-01;48089,67;CENTRO OESTE|02 - CONEXOES KRONA|VAREJO|MAR25
02 - CONEXOES KRONA;CENTRO OESTE;CO NO;VAREJO;2025-04-01;43677,59;CENTRO OESTE|02 - CONEXOES KRONA|VAREJO|ABR25
02 - CONEXOES KRONA;CENTRO OESTE;CO NO;VAREJO;2025-05-01;44643,76;CENTRO OESTE|02 - CONEXOES KRONA|VAREJO|MAI25
02 - CONEXOES KRONA;CENTRO OESTE;CO NO;VAREJO;2025-06-01;95683,80;CENTRO OESTE|02 - CONEXOES KRONA|VAREJO|JUN25
02 - CONEXOES KRONA;CENTRO OESTE;CO NO;VAREJO;2025-07-01;55471,74;CENTRO OESTE|02 - CONEXOES KRONA|VAREJO|JUL25
02 - CONEXOES KRONA;CENTRO OESTE;CO NO;VAREJO;2025-08-01;67141,23;CENTRO OESTE|02 - CONEXOES KRONA|VAREJO|AGO25
02 - CONEXOES KRONA;CENTRO OESTE;CO NO;VAREJO;2025-09-01;38463,92;CENTRO OESTE|02 - CONEXOES KRONA|VAREJO|SET25
02 - CONEXOES KRONA;CENTRO OESTE;CO NO;VAREJO;2025-10-01;46218,61;CENTRO OESTE|02 - CONEXOES KRONA|VAREJO|OUT25
02 - CONEXOES KRONA;CENTRO OESTE;CO NO;VAREJO;2025-11-01;55682,62;CENTRO OESTE|02 - CONEXOES KRONA|VAREJO|NOV25
02 - CONEXOES KRONA;CENTRO OESTE;CO NO;VAREJO;2025-12-01;47808,46;CENTRO OESTE|02 - CONEXOES KRONA|VAREJO|DEZ25
02 - CONEXOES KRONA;CONSTR CENTRO OESTE;CONSTRUTORA;CONSTRUTORA;2025-01-01;6597,91;CONSTR CENTRO OESTE|02 - CONEXOES KRONA|CONSTRUTORA|JAN25
02 - CONEXOES KRONA;CONSTR CENTRO OESTE;CONSTRUTORA;CONSTRUTORA;2025-02-01;19584,80;CONSTR CENTRO OESTE|02 - CONEXOES KRONA|CONSTRUTORA|FEV25
02 - CONEXOES KRONA;CONSTR CENTRO OESTE;CONSTRUTORA;CONSTRUTORA;2025-03-01;10248,81;CONSTR CENTRO OESTE|02 - CONEXOES KRONA|CONSTRUTORA|MAR25
02 - CONEXOES KRONA;CONSTR CENTRO OESTE;CONSTRUTORA;CONSTRUTORA;2025-04-01;14367,22;CONSTR CENTRO OESTE|02 - CONEXOES KRONA|CONSTRUTORA|ABR25
02 - CONEXOES KRONA;CONSTR CENTRO OESTE;CONSTRUTORA;CONSTRUTORA;2025-05-01;14756,70;CONSTR CENTRO OESTE|02 - CONEXOES KRONA|CONSTRUTORA|MAI25
02 - CONEXOES KRONA;CONSTR CENTRO OESTE;CONSTRUTORA;CONSTRUTORA;2025-06-01;18285,79;CONSTR CENTRO OESTE|02 - CONEXOES KRONA|CONSTRUTORA|JUN25
02 - CONEXOES KRONA;CONSTR CENTRO OESTE;CONSTRUTORA;CONSTRUTORA;2025-07-01;16047,47;CONSTR CENTRO OESTE|02 - CONEXOES KRONA|CONSTRUTORA|JUL25
02 - CONEXOES KRONA;CONSTR CENTRO OESTE;CONSTRUTORA;CONSTRUTORA;2025-08-01;18478,48;CONSTR CENTRO OESTE|02 - CONEXOES KRONA|CONSTRUTORA|AGO25
02 - CONEXOES KRONA;CONSTR CENTRO OESTE;CONSTRUTORA;CONSTRUTORA;2025-09-01;19590,34;CONSTR CENTRO OESTE|02 - CONEXOES KRONA|CONSTRUTORA|SET25
02 - CONEXOES KRONA;CONSTR CENTRO OESTE;CONSTRUTORA;CONSTRUTORA;2025-10-01;18814,26;CONSTR CENTRO OESTE|02 - CONEXOES KRONA|CONSTRUTORA|OUT25
02 - CONEXOES KRONA;CONSTR CENTRO OESTE;CONSTRUTORA;CONSTRUTORA;2025-11-01;23488,36;CONSTR CENTRO OESTE|02 - CONEXOES KRONA|CONSTRUTORA|NOV25
02 - CONEXOES KRONA;CONSTR CENTRO OESTE;CONSTRUTORA;CONSTRUTORA;2025-12-01;17556,92;CONSTR CENTRO OESTE|02 - CONEXOES KRONA|CONSTRUTORA|DEZ25
02 - CONEXOES KRONA;CONSTR CENTRO OESTE;CONSTRUTORA;OUTROS;2025-01-01;134,86;CONSTR CENTRO OESTE|02 - CONEXOES KRONA|OUTROS|JAN25
02 - CONEXOES KRONA;CONSTR CENTRO OESTE;CONSTRUTORA;OUTROS;2025-06-01;124,07;CONSTR CENTRO OESTE|02 - CONEXOES KRONA|OUTROS|JUN25
02 - CONEXOES KRONA;CONSTR CENTRO OESTE;CONSTRUTORA;OUTROS;2025-09-01;66,70;CONSTR CENTRO OESTE|02 - CONEXOES KRONA|OUTROS|SET25
02 - CONEXOES KRONA;CONSTR CENTRO OESTE;CONSTRUTORA;VAREJO;2025-02-01;68,10;CONSTR CENTRO OESTE|02 - CONEXOES KRONA|VAREJO|FEV25
02 - CONEXOES KRONA;CONSTR CENTRO OESTE;CONSTRUTORA;VAREJO;2025-09-01;46,93;CONSTR CENTRO OESTE|02 - CONEXOES KRONA|VAREJO|SET25
02 - CONEXOES KRONA;CONSTR NORDESTE;CONSTRUTORA;CONSTRUTORA;2025-01-01;64751,70;CONSTR NORDESTE|02 - CONEXOES KRONA|CONSTRUTORA|JAN25
02 - CONEXOES KRONA;CONSTR NORDESTE;CONSTRUTORA;CONSTRUTORA;2025-02-01;54544,25;CONSTR NORDESTE|02 - CONEXOES KRONA|CONSTRUTORA|FEV25
02 - CONEXOES KRONA;CONSTR NORDESTE;CONSTRUTORA;CONSTRUTORA;2025-03-01;59657,63;CONSTR NORDESTE|02 - CONEXOES KRONA|CONSTRUTORA|MAR25
02 - CONEXOES KRONA;CONSTR NORDESTE;CONSTRUTORA;CONSTRUTORA;2025-04-01;82880,75;CONSTR NORDESTE|02 - CONEXOES KRONA|CONSTRUTORA|ABR25
02 - CONEXOES KRONA;CONSTR NORDESTE;CONSTRUTORA;CONSTRUTORA;2025-05-01;82631,09;CONSTR NORDESTE|02 - CONEXOES KRONA|CONSTRUTORA|MAI25
02 - CONEXOES KRONA;CONSTR NORDESTE;CONSTRUTORA;CONSTRUTORA;2025-06-01;131884,98;CONSTR NORDESTE|02 - CONEXOES KRONA|CONSTRUTORA|JUN25
02 - CONEXOES KRONA;CONSTR NORDESTE;CONSTRUTORA;CONSTRUTORA;2025-07-01;47974,44;CONSTR NORDESTE|02 - CONEXOES KRONA|CONSTRUTORA|JUL25
02 - CONEXOES KRONA;CONSTR NORDESTE;CONSTRUTORA;CONSTRUTORA;2025-08-01;77214,19;CONSTR NORDESTE|02 - CONEXOES KRONA|CONSTRUTORA|AGO25
02 - CONEXOES KRONA;CONSTR NORDESTE;CONSTRUTORA;CONSTRUTORA;2025-09-01;59450,79;CONSTR NORDESTE|02 - CONEXOES KRONA|CONSTRUTORA|SET25
02 - CONEXOES KRONA;CONSTR NORDESTE;CONSTRUTORA;CONSTRUTORA;2025-10-01;66606,72;CONSTR NORDESTE|02 - CONEXOES KRONA|CONSTRUTORA|OUT25
02 - CONEXOES KRONA;CONSTR NORDESTE;CONSTRUTORA;CONSTRUTORA;2025-11-01;74992,37;CONSTR NORDESTE|02 - CONEXOES KRONA|CONSTRUTORA|NOV25
02 - CONEXOES KRONA;CONSTR NORDESTE;CONSTRUTORA;CONSTRUTORA;2025-12-01;69873,40;CONSTR NORDESTE|02 - CONEXOES KRONA|CONSTRUTORA|DEZ25
02 - CONEXOES KRONA;CONSTR NORDESTE;CONSTRUTORA;OUTROS;2025-01-01;621,63;CONSTR NORDESTE|02 - CONEXOES KRONA|OUTROS|JAN25
02 - CONEXOES KRONA;CONSTR NORDESTE;CONSTRUTORA;OUTROS;2025-02-01;301,98;CONSTR NORDESTE|02 - CONEXOES KRONA|OUTROS|FEV25
02 - CONEXOES KRONA;CONSTR NORDESTE;CONSTRUTORA;OUTROS;2025-03-01;130,68;CONSTR NORDESTE|02 - CONEXOES KRONA|OUTROS|MAR25
02 - CONEXOES KRONA;CONSTR NORDESTE;CONSTRUTORA;OUTROS;2025-04-01;299,29;CONSTR NORDESTE|02 - CONEXOES KRONA|OUTROS|ABR25
02 - CONEXOES KRONA;CONSTR NORDESTE;CONSTRUTORA;OUTROS;2025-05-01;313,36;CONSTR NORDESTE|02 - CONEXOES KRONA|OUTROS|MAI25
02 - CONEXOES KRONA;CONSTR NORDESTE;CONSTRUTORA;OUTROS;2025-06-01;72,52;CONSTR NORDESTE|02 - CONEXOES KRONA|OUTROS|JUN25
02 - CONEXOES KRONA;CONSTR NORDESTE;CONSTRUTORA;OUTROS;2025-07-01;78,08;CONSTR NORDESTE|02 - CONEXOES KRONA|OUTROS|JUL25
02 - CONEXOES KRONA;CONSTR NORDESTE;CONSTRUTORA;OUTROS;2025-08-01;37,36;CONSTR NORDESTE|02 - CONEXOES KRONA|OUTROS|AGO25
02 - CONEXOES KRONA;CONSTR NORDESTE;CONSTRUTORA;OUTROS;2025-10-01;43,80;CONSTR NORDESTE|02 - CONEXOES KRONA|OUTROS|OUT25
02 - CONEXOES KRONA;CONSTR NORDESTE;CONSTRUTORA;OUTROS;2025-11-01;8,67;CONSTR NORDESTE|02 - CONEXOES KRONA|OUTROS|NOV25
02 - CONEXOES KRONA;CONSTR NORTE;CONSTRUTORA;CONSTRUTORA;2025-01-01;1027,99;CONSTR NORTE|02 - CONEXOES KRONA|CONSTRUTORA|JAN25
02 - CONEXOES KRONA;CONSTR NORTE;CONSTRUTORA;CONSTRUTORA;2025-02-01;3248,32;CONSTR NORTE|02 - CONEXOES KRONA|CONSTRUTORA|FEV25
02 - CONEXOES KRONA;CONSTR NORTE;CONSTRUTORA;CONSTRUTORA;2025-03-01;815,66;CONSTR NORTE|02 - CONEXOES KRONA|CONSTRUTORA|MAR25
02 - CONEXOES KRONA;CONSTR NORTE;CONSTRUTORA;CONSTRUTORA;2025-04-01;1600,22;CONSTR NORTE|02 - CONEXOES KRONA|CONSTRUTORA|ABR25
02 - CONEXOES KRONA;CONSTR NORTE;CONSTRUTORA;CONSTRUTORA;2025-05-01;3579,27;CONSTR NORTE|02 - CONEXOES KRONA|CONSTRUTORA|MAI25
02 - CONEXOES KRONA;CONSTR NORTE;CONSTRUTORA;CONSTRUTORA;2025-06-01;3081,69;CONSTR NORTE|02 - CONEXOES KRONA|CONSTRUTORA|JUN25
02 - CONEXOES KRONA;CONSTR NORTE;CONSTRUTORA;CONSTRUTORA;2025-07-01;1832,00;CONSTR NORTE|02 - CONEXOES KRONA|CONSTRUTORA|JUL25
02 - CONEXOES KRONA;CONSTR NORTE;CONSTRUTORA;CONSTRUTORA;2025-08-01;2347,63;CONSTR NORTE|02 - CONEXOES KRONA|CONSTRUTORA|AGO25
02 - CONEXOES KRONA;CONSTR NORTE;CONSTRUTORA;CONSTRUTORA;2025-09-01;991,83;CONSTR NORTE|02 - CONEXOES KRONA|CONSTRUTORA|SET25
02 - CONEXOES KRONA;CONSTR NORTE;CONSTRUTORA;CONSTRUTORA;2025-10-01;2385,39;CONSTR NORTE|02 - CONEXOES KRONA|CONSTRUTORA|OUT25
02 - CONEXOES KRONA;CONSTR NORTE;CONSTRUTORA;CONSTRUTORA;2025-11-01;1313,78;CONSTR NORTE|02 - CONEXOES KRONA|CONSTRUTORA|NOV25
02 - CONEXOES KRONA;CONSTR NORTE;CONSTRUTORA;CONSTRUTORA;2025-12-01;2010,68;CONSTR NORTE|02 - CONEXOES KRONA|CONSTRUTORA|DEZ25
02 - CONEXOES KRONA;CONSTR SAO PAULO;CONSTRUTORA;CONSTRUTORA;2025-01-01;15555,28;CONSTR SAO PAULO|02 - CONEXOES KRONA|CONSTRUTORA|JAN25
02 - CONEXOES KRONA;CONSTR SAO PAULO;CONSTRUTORA;CONSTRUTORA;2025-02-01;34950,30;CONSTR SAO PAULO|02 - CONEXOES KRONA|CONSTRUTORA|FEV25
02 - CONEXOES KRONA;CONSTR SAO PAULO;CONSTRUTORA;CONSTRUTORA;2025-03-01;24210,89;CONSTR SAO PAULO|02 - CONEXOES KRONA|CONSTRUTORA|MAR25
02 - CONEXOES KRONA;CONSTR SAO PAULO;CONSTRUTORA;CONSTRUTORA;2025-04-01;21674,64;CONSTR SAO PAULO|02 - CONEXOES KRONA|CONSTRUTORA|ABR25
02 - CONEXOES KRONA;CONSTR SAO PAULO;CONSTRUTORA;CONSTRUTORA;2025-05-01;22859,00;CONSTR SAO PAULO|02 - CONEXOES KRONA|CONSTRUTORA|MAI25
02 - CONEXOES KRONA;CONSTR SAO PAULO;CONSTRUTORA;CONSTRUTORA;2025-06-01;43595,63;CONSTR SAO PAULO|02 - CONEXOES KRONA|CONSTRUTORA|JUN25
02 - CONEXOES KRONA;CONSTR SAO PAULO;CONSTRUTORA;CONSTRUTORA;2025-07-01;25609,30;CONSTR SAO PAULO|02 - CONEXOES KRONA|CONSTRUTORA|JUL25
02 - CONEXOES KRONA;CONSTR SAO PAULO;CONSTRUTORA;CONSTRUTORA;2025-08-01;37603,43;CONSTR SAO PAULO|02 - CONEXOES KRONA|CONSTRUTORA|AGO25
02 - CONEXOES KRONA;CONSTR SAO PAULO;CONSTRUTORA;CONSTRUTORA;2025-09-01;18503,68;CONSTR SAO PAULO|02 - CONEXOES KRONA|CONSTRUTORA|SET25
02 - CONEXOES KRONA;CONSTR SAO PAULO;CONSTRUTORA;CONSTRUTORA;2025-10-01;24199,48;CONSTR SAO PAULO|02 - CONEXOES KRONA|CONSTRUTORA|OUT25
02 - CONEXOES KRONA;CONSTR SAO PAULO;CONSTRUTORA;CONSTRUTORA;2025-11-01;24958,77;CONSTR SAO PAULO|02 - CONEXOES KRONA|CONSTRUTORA|NOV25
02 - CONEXOES KRONA;CONSTR SAO PAULO;CONSTRUTORA;CONSTRUTORA;2025-12-01;30804,18;CONSTR SAO PAULO|02 - CONEXOES KRONA|CONSTRUTORA|DEZ25
02 - CONEXOES KRONA;CONSTR SAO PAULO;CONSTRUTORA;OUTROS;2025-02-01;186,13;CONSTR SAO PAULO|02 - CONEXOES KRONA|OUTROS|FEV25
02 - CONEXOES KRONA;CONSTR SAO PAULO;CONSTRUTORA;OUTROS;2025-03-01;46,04;CONSTR SAO PAULO|02 - CONEXOES KRONA|OUTROS|MAR25
02 - CONEXOES KRONA;CONSTR SAO PAULO;CONSTRUTORA;OUTROS;2025-05-01;220,97;CONSTR SAO PAULO|02 - CONEXOES KRONA|OUTROS|MAI25
02 - CONEXOES KRONA;CONSTR SAO PAULO;CONSTRUTORA;OUTROS;2025-06-01;144,93;CONSTR SAO PAULO|02 - CONEXOES KRONA|OUTROS|JUN25
02 - CONEXOES KRONA;CONSTR SAO PAULO;CONSTRUTORA;OUTROS;2025-07-01;114,26;CONSTR SAO PAULO|02 - CONEXOES KRONA|OUTROS|JUL25
02 - CONEXOES KRONA;CONSTR SAO PAULO;CONSTRUTORA;OUTROS;2025-08-01;54,89;CONSTR SAO PAULO|02 - CONEXOES KRONA|OUTROS|AGO25
02 - CONEXOES KRONA;CONSTR SAO PAULO;CONSTRUTORA;OUTROS;2025-09-01;30,20;CONSTR SAO PAULO|02 - CONEXOES KRONA|OUTROS|SET25
02 - CONEXOES KRONA;CONSTR SAO PAULO;CONSTRUTORA;OUTROS;2025-12-01;47,83;CONSTR SAO PAULO|02 - CONEXOES KRONA|OUTROS|DEZ25
02 - CONEXOES KRONA;CONSTR SAO PAULO;CONSTRUTORA;VAREJO;2025-01-01;258,98;CONSTR SAO PAULO|02 - CONEXOES KRONA|VAREJO|JAN25
02 - CONEXOES KRONA;CONSTR SAO PAULO;CONSTRUTORA;VAREJO;2025-06-01;39,08;CONSTR SAO PAULO|02 - CONEXOES KRONA|VAREJO|JUN25
02 - CONEXOES KRONA;CONSTR SUDESTE;CONSTRUTORA;ATACADO;2025-02-01;308,23;CONSTR SUDESTE|02 - CONEXOES KRONA|ATACADO|FEV25
02 - CONEXOES KRONA;CONSTR SUDESTE;CONSTRUTORA;CONSTRUTORA;2025-01-01;1499,65;CONSTR SUDESTE|02 - CONEXOES KRONA|CONSTRUTORA|JAN25
02 - CONEXOES KRONA;CONSTR SUDESTE;CONSTRUTORA;CONSTRUTORA;2025-02-01;12027,04;CONSTR SUDESTE|02 - CONEXOES KRONA|CONSTRUTORA|FEV25
02 - CONEXOES KRONA;CONSTR SUDESTE;CONSTRUTORA;CONSTRUTORA;2025-03-01;2777,19;CONSTR SUDESTE|02 - CONEXOES KRONA|CONSTRUTORA|MAR25
02 - CONEXOES KRONA;CONSTR SUDESTE;CONSTRUTORA;CONSTRUTORA;2025-04-01;8599,09;CONSTR SUDESTE|02 - CONEXOES KRONA|CONSTRUTORA|ABR25
02 - CONEXOES KRONA;CONSTR SUDESTE;CONSTRUTORA;CONSTRUTORA;2025-05-01;10860,02;CONSTR SUDESTE|02 - CONEXOES KRONA|CONSTRUTORA|MAI25
02 - CONEXOES KRONA;CONSTR SUDESTE;CONSTRUTORA;CONSTRUTORA;2025-06-01;17509,70;CONSTR SUDESTE|02 - CONEXOES KRONA|CONSTRUTORA|JUN25
02 - CONEXOES KRONA;CONSTR SUDESTE;CONSTRUTORA;CONSTRUTORA;2025-07-01;15921,30;CONSTR SUDESTE|02 - CONEXOES KRONA|CONSTRUTORA|JUL25
02 - CONEXOES KRONA;CONSTR SUDESTE;CONSTRUTORA;CONSTRUTORA;2025-08-01;7567,71;CONSTR SUDESTE|02 - CONEXOES KRONA|CONSTRUTORA|AGO25
02 - CONEXOES KRONA;CONSTR SUDESTE;CONSTRUTORA;CONSTRUTORA;2025-09-01;7470,74;CONSTR SUDESTE|02 - CONEXOES KRONA|CONSTRUTORA|SET25
02 - CONEXOES KRONA;CONSTR SUDESTE;CONSTRUTORA;CONSTRUTORA;2025-10-01;12978,62;CONSTR SUDESTE|02 - CONEXOES KRONA|CONSTRUTORA|OUT25
02 - CONEXOES KRONA;CONSTR SUDESTE;CONSTRUTORA;CONSTRUTORA;2025-11-01;5516,14;CONSTR SUDESTE|02 - CONEXOES KRONA|CONSTRUTORA|NOV25
02 - CONEXOES KRONA;CONSTR SUDESTE;CONSTRUTORA;CONSTRUTORA;2025-12-01;12186,85;CONSTR SUDESTE|02 - CONEXOES KRONA|CONSTRUTORA|DEZ25
02 - CONEXOES KRONA;CONSTR SUDESTE;CONSTRUTORA;OUTROS;2025-02-01;97,82;CONSTR SUDESTE|02 - CONEXOES KRONA|OUTROS|FEV25
02 - CONEXOES KRONA;CONSTR SUL;CONSTRUTORA;CONSTRUTORA;2025-01-01;27272,07;CONSTR SUL|02 - CONEXOES KRONA|CONSTRUTORA|JAN25
02 - CONEXOES KRONA;CONSTR SUL;CONSTRUTORA;CONSTRUTORA;2025-02-01;37563,55;CONSTR SUL|02 - CONEXOES KRONA|CONSTRUTORA|FEV25
02 - CONEXOES KRONA;CONSTR SUL;CONSTRUTORA;CONSTRUTORA;2025-03-01;32212,25;CONSTR SUL|02 - CONEXOES KRONA|CONSTRUTORA|MAR25
02 - CONEXOES KRONA;CONSTR SUL;CONSTRUTORA;CONSTRUTORA;2025-04-01;28356,83;CONSTR SUL|02 - CONEXOES KRONA|CONSTRUTORA|ABR25
02 - CONEXOES KRONA;CONSTR SUL;CONSTRUTORA;CONSTRUTORA;2025-05-01;40012,91;CONSTR SUL|02 - CONEXOES KRONA|CONSTRUTORA|MAI25
02 - CONEXOES KRONA;CONSTR SUL;CONSTRUTORA;CONSTRUTORA;2025-06-01;56232,13;CONSTR SUL|02 - CONEXOES KRONA|CONSTRUTORA|JUN25
02 - CONEXOES KRONA;CONSTR SUL;CONSTRUTORA;CONSTRUTORA;2025-07-01;40867,83;CONSTR SUL|02 - CONEXOES KRONA|CONSTRUTORA|JUL25
02 - CONEXOES KRONA;CONSTR SUL;CONSTRUTORA;CONSTRUTORA;2025-08-01;49905,34;CONSTR SUL|02 - CONEXOES KRONA|CONSTRUTORA|AGO25
02 - CONEXOES KRONA;CONSTR SUL;CONSTRUTORA;CONSTRUTORA;2025-09-01;34939,56;CONSTR SUL|02 - CONEXOES KRONA|CONSTRUTORA|SET25
02 - CONEXOES KRONA;CONSTR SUL;CONSTRUTORA;CONSTRUTORA;2025-10-01;35731,62;CONSTR SUL|02 - CONEXOES KRONA|CONSTRUTORA|OUT25
02 - CONEXOES KRONA;CONSTR SUL;CONSTRUTORA;CONSTRUTORA;2025-11-01;35153,78;CONSTR SUL|02 - CONEXOES KRONA|CONSTRUTORA|NOV25
02 - CONEXOES KRONA;CONSTR SUL;CONSTRUTORA;CONSTRUTORA;2025-12-01;33487,43;CONSTR SUL|02 - CONEXOES KRONA|CONSTRUTORA|DEZ25
02 - CONEXOES KRONA;CONSTR SUL;CONSTRUTORA;VAREJO;2025-01-01;129,29;CONSTR SUL|02 - CONEXOES KRONA|VAREJO|JAN25
02 - CONEXOES KRONA;CONSTR SUL;CONSTRUTORA;VAREJO;2025-02-01;214,11;CONSTR SUL|02 - CONEXOES KRONA|VAREJO|FEV25
02 - CONEXOES KRONA;CONSTR SUL;CONSTRUTORA;VAREJO;2025-03-01;99,75;CONSTR SUL|02 - CONEXOES KRONA|VAREJO|MAR25
02 - CONEXOES KRONA;CONSTR SUL;CONSTRUTORA;VAREJO;2025-04-01;82,29;CONSTR SUL|02 - CONEXOES KRONA|VAREJO|ABR25
02 - CONEXOES KRONA;CONSTR SUL;CONSTRUTORA;VAREJO;2025-09-01;12,91;CONSTR SUL|02 - CONEXOES KRONA|VAREJO|SET25
02 - CONEXOES KRONA;EXPORTACAO;EXPORTACAO;EXPORTACAO;2025-01-01;78249,26;EXPORTACAO|02 - CONEXOES KRONA|EXPORTACAO|JAN25
02 - CONEXOES KRONA;EXPORTACAO;EXPORTACAO;EXPORTACAO;2025-02-01;36292,45;EXPORTACAO|02 - CONEXOES KRONA|EXPORTACAO|FEV25
02 - CONEXOES KRONA;EXPORTACAO;EXPORTACAO;EXPORTACAO;2025-03-01;61600,61;EXPORTACAO|02 - CONEXOES KRONA|EXPORTACAO|MAR25
02 - CONEXOES KRONA;EXPORTACAO;EXPORTACAO;EXPORTACAO;2025-04-01;58560,67;EXPORTACAO|02 - CONEXOES KRONA|EXPORTACAO|ABR25
02 - CONEXOES KRONA;EXPORTACAO;EXPORTACAO;EXPORTACAO;2025-05-01;60996,55;EXPORTACAO|02 - CONEXOES KRONA|EXPORTACAO|MAI25
02 - CONEXOES KRONA;EXPORTACAO;EXPORTACAO;EXPORTACAO;2025-06-01;69449,70;EXPORTACAO|02 - CONEXOES KRONA|EXPORTACAO|JUN25
02 - CONEXOES KRONA;EXPORTACAO;EXPORTACAO;EXPORTACAO;2025-07-01;93895,61;EXPORTACAO|02 - CONEXOES KRONA|EXPORTACAO|JUL25
02 - CONEXOES KRONA;EXPORTACAO;EXPORTACAO;EXPORTACAO;2025-08-01;69554,06;EXPORTACAO|02 - CONEXOES KRONA|EXPORTACAO|AGO25
02 - CONEXOES KRONA;EXPORTACAO;EXPORTACAO;EXPORTACAO;2025-09-01;39493,02;EXPORTACAO|02 - CONEXOES KRONA|EXPORTACAO|SET25
02 - CONEXOES KRONA;EXPORTACAO;EXPORTACAO;EXPORTACAO;2025-10-01;9365,81;EXPORTACAO|02 - CONEXOES KRONA|EXPORTACAO|OUT25
02 - CONEXOES KRONA;EXPORTACAO;EXPORTACAO;EXPORTACAO;2025-11-01;57322,33;EXPORTACAO|02 - CONEXOES KRONA|EXPORTACAO|NOV25
02 - CONEXOES KRONA;EXPORTACAO;EXPORTACAO;EXPORTACAO;2025-12-01;13311,31;EXPORTACAO|02 - CONEXOES KRONA|EXPORTACAO|DEZ25
02 - CONEXOES KRONA;IRRIGACAO 1;IRRIGACAO;IRRIGACAO;2025-01-01;2257,92;IRRIGACAO 1|02 - CONEXOES KRONA|IRRIGACAO|JAN25
02 - CONEXOES KRONA;IRRIGACAO 1;IRRIGACAO;IRRIGACAO;2025-02-01;4609,92;IRRIGACAO 1|02 - CONEXOES KRONA|IRRIGACAO|FEV25
02 - CONEXOES KRONA;IRRIGACAO 1;IRRIGACAO;IRRIGACAO;2025-03-01;4214,29;IRRIGACAO 1|02 - CONEXOES KRONA|IRRIGACAO|MAR25
02 - CONEXOES KRONA;IRRIGACAO 1;IRRIGACAO;IRRIGACAO;2025-04-01;2408,69;IRRIGACAO 1|02 - CONEXOES KRONA|IRRIGACAO|ABR25
02 - CONEXOES KRONA;IRRIGACAO 1;IRRIGACAO;IRRIGACAO;2025-05-01;3514,03;IRRIGACAO 1|02 - CONEXOES KRONA|IRRIGACAO|MAI25
02 - CONEXOES KRONA;IRRIGACAO 1;IRRIGACAO;IRRIGACAO;2025-06-01;6014,98;IRRIGACAO 1|02 - CONEXOES KRONA|IRRIGACAO|JUN25
02 - CONEXOES KRONA;IRRIGACAO 1;IRRIGACAO;IRRIGACAO;2025-07-01;5647,35;IRRIGACAO 1|02 - CONEXOES KRONA|IRRIGACAO|JUL25
02 - CONEXOES KRONA;IRRIGACAO 1;IRRIGACAO;IRRIGACAO;2025-08-01;3873,77;IRRIGACAO 1|02 - CONEXOES KRONA|IRRIGACAO|AGO25
02 - CONEXOES KRONA;IRRIGACAO 1;IRRIGACAO;IRRIGACAO;2025-09-01;7568,16;IRRIGACAO 1|02 - CONEXOES KRONA|IRRIGACAO|SET25
02 - CONEXOES KRONA;IRRIGACAO 1;IRRIGACAO;IRRIGACAO;2025-10-01;4350,06;IRRIGACAO 1|02 - CONEXOES KRONA|IRRIGACAO|OUT25
02 - CONEXOES KRONA;IRRIGACAO 1;IRRIGACAO;IRRIGACAO;2025-11-01;4418,89;IRRIGACAO 1|02 - CONEXOES KRONA|IRRIGACAO|NOV25
02 - CONEXOES KRONA;IRRIGACAO 1;IRRIGACAO;IRRIGACAO;2025-12-01;2654,24;IRRIGACAO 1|02 - CONEXOES KRONA|IRRIGACAO|DEZ25
02 - CONEXOES KRONA;IRRIGACAO 1;IRRIGACAO;VAREJO;2025-10-01;391,16;IRRIGACAO 1|02 - CONEXOES KRONA|VAREJO|OUT25
02 - CONEXOES KRONA;IRRIGACAO 1;IRRIGACAO;VAREJO;2025-11-01;13,68;IRRIGACAO 1|02 - CONEXOES KRONA|VAREJO|NOV25
02 - CONEXOES KRONA;IRRIGACAO 1;IRRIGACAO;VAREJO;2025-12-01;44,43;IRRIGACAO 1|02 - CONEXOES KRONA|VAREJO|DEZ25
02 - CONEXOES KRONA;IRRIGACAO 2;IRRIGACAO;IRRIGACAO;2025-01-01;1858,30;IRRIGACAO 2|02 - CONEXOES KRONA|IRRIGACAO|JAN25
02 - CONEXOES KRONA;IRRIGACAO 2;IRRIGACAO;IRRIGACAO;2025-02-01;3631,24;IRRIGACAO 2|02 - CONEXOES KRONA|IRRIGACAO|FEV25
02 - CONEXOES KRONA;IRRIGACAO 2;IRRIGACAO;IRRIGACAO;2025-03-01;2481,74;IRRIGACAO 2|02 - CONEXOES KRONA|IRRIGACAO|MAR25
02 - CONEXOES KRONA;IRRIGACAO 2;IRRIGACAO;IRRIGACAO;2025-04-01;3016,98;IRRIGACAO 2|02 - CONEXOES KRONA|IRRIGACAO|ABR25
02 - CONEXOES KRONA;IRRIGACAO 2;IRRIGACAO;IRRIGACAO;2025-05-01;3141,43;IRRIGACAO 2|02 - CONEXOES KRONA|IRRIGACAO|MAI25
02 - CONEXOES KRONA;IRRIGACAO 2;IRRIGACAO;IRRIGACAO;2025-06-01;3964,59;IRRIGACAO 2|02 - CONEXOES KRONA|IRRIGACAO|JUN25
02 - CONEXOES KRONA;IRRIGACAO 2;IRRIGACAO;IRRIGACAO;2025-07-01;3294,92;IRRIGACAO 2|02 - CONEXOES KRONA|IRRIGACAO|JUL25
02 - CONEXOES KRONA;IRRIGACAO 2;IRRIGACAO;IRRIGACAO;2025-08-01;4421,02;IRRIGACAO 2|02 - CONEXOES KRONA|IRRIGACAO|AGO25
02 - CONEXOES KRONA;IRRIGACAO 2;IRRIGACAO;IRRIGACAO;2025-09-01;3012,54;IRRIGACAO 2|02 - CONEXOES KRONA|IRRIGACAO|SET25
02 - CONEXOES KRONA;IRRIGACAO 2;IRRIGACAO;IRRIGACAO;2025-10-01;4567,16;IRRIGACAO 2|02 - CONEXOES KRONA|IRRIGACAO|OUT25
02 - CONEXOES KRONA;IRRIGACAO 2;IRRIGACAO;IRRIGACAO;2025-11-01;2452,51;IRRIGACAO 2|02 - CONEXOES KRONA|IRRIGACAO|NOV25
02 - CONEXOES KRONA;IRRIGACAO 2;IRRIGACAO;IRRIGACAO;2025-12-01;2314,71;IRRIGACAO 2|02 - CONEXOES KRONA|IRRIGACAO|DEZ25
02 - CONEXOES KRONA;IRRIGACAO 2;IRRIGACAO;VAREJO;2025-12-01;42,98;IRRIGACAO 2|02 - CONEXOES KRONA|VAREJO|DEZ25
02 - CONEXOES KRONA;MINAS GERAIS;MINAS RJ/ES;ATACADO;2025-01-01;288970,39;MINAS GERAIS|02 - CONEXOES KRONA|ATACADO|JAN25
02 - CONEXOES KRONA;MINAS GERAIS;MINAS RJ/ES;ATACADO;2025-02-01;48073,59;MINAS GERAIS|02 - CONEXOES KRONA|ATACADO|FEV25
02 - CONEXOES KRONA;MINAS GERAIS;MINAS RJ/ES;ATACADO;2025-03-01;347740,36;MINAS GERAIS|02 - CONEXOES KRONA|ATACADO|MAR25
02 - CONEXOES KRONA;MINAS GERAIS;MINAS RJ/ES;ATACADO;2025-04-01;48796,69;MINAS GERAIS|02 - CONEXOES KRONA|ATACADO|ABR25
02 - CONEXOES KRONA;MINAS GERAIS;MINAS RJ/ES;ATACADO;2025-05-01;19008,13;MINAS GERAIS|02 - CONEXOES KRONA|ATACADO|MAI25
02 - CONEXOES KRONA;MINAS GERAIS;MINAS RJ/ES;ATACADO;2025-06-01;572286,90;MINAS GERAIS|02 - CONEXOES KRONA|ATACADO|JUN25
02 - CONEXOES KRONA;MINAS GERAIS;MINAS RJ/ES;ATACADO;2025-07-01;53426,92;MINAS GERAIS|02 - CONEXOES KRONA|ATACADO|JUL25
02 - CONEXOES KRONA;MINAS GERAIS;MINAS RJ/ES;ATACADO;2025-08-01;187547,32;MINAS GERAIS|02 - CONEXOES KRONA|ATACADO|AGO25
02 - CONEXOES KRONA;MINAS GERAIS;MINAS RJ/ES;ATACADO;2025-09-01;306314,58;MINAS GERAIS|02 - CONEXOES KRONA|ATACADO|SET25
02 - CONEXOES KRONA;MINAS GERAIS;MINAS RJ/ES;ATACADO;2025-10-01;249578,16;MINAS GERAIS|02 - CONEXOES KRONA|ATACADO|OUT25
02 - CONEXOES KRONA;MINAS GERAIS;MINAS RJ/ES;ATACADO;2025-11-01;306754,06;MINAS GERAIS|02 - CONEXOES KRONA|ATACADO|NOV25
02 - CONEXOES KRONA;MINAS GERAIS;MINAS RJ/ES;ATACADO;2025-12-01;249297,05;MINAS GERAIS|02 - CONEXOES KRONA|ATACADO|DEZ25
02 - CONEXOES KRONA;MINAS GERAIS;MINAS RJ/ES;OUTROS;2025-01-01;69,42;MINAS GERAIS|02 - CONEXOES KRONA|OUTROS|JAN25
02 - CONEXOES KRONA;MINAS GERAIS;MINAS RJ/ES;OUTROS;2025-02-01;172,49;MINAS GERAIS|02 - CONEXOES KRONA|OUTROS|FEV25
02 - CONEXOES KRONA;MINAS GERAIS;MINAS RJ/ES;OUTROS;2025-03-01;197,89;MINAS GERAIS|02 - CONEXOES KRONA|OUTROS|MAR25
02 - CONEXOES KRONA;MINAS GERAIS;MINAS RJ/ES;OUTROS;2025-04-01;285,32;MINAS GERAIS|02 - CONEXOES KRONA|OUTROS|ABR25
02 - CONEXOES KRONA;MINAS GERAIS;MINAS RJ/ES;OUTROS;2025-05-01;211,55;MINAS GERAIS|02 - CONEXOES KRONA|OUTROS|MAI25
02 - CONEXOES KRONA;MINAS GERAIS;MINAS RJ/ES;OUTROS;2025-06-01;51,90;MINAS GERAIS|02 - CONEXOES KRONA|OUTROS|JUN25
02 - CONEXOES KRONA;MINAS GERAIS;MINAS RJ/ES;OUTROS;2025-07-01;107,83;MINAS GERAIS|02 - CONEXOES KRONA|OUTROS|JUL25
02 - CONEXOES KRONA;MINAS GERAIS;MINAS RJ/ES;OUTROS;2025-08-01;111,14;MINAS GERAIS|02 - CONEXOES KRONA|OUTROS|AGO25
02 - CONEXOES KRONA;MINAS GERAIS;MINAS RJ/ES;OUTROS;2025-09-01;236,69;MINAS GERAIS|02 - CONEXOES KRONA|OUTROS|SET25
02 - CONEXOES KRONA;MINAS GERAIS;MINAS RJ/ES;OUTROS;2025-10-01;335,28;MINAS GERAIS|02 - CONEXOES KRONA|OUTROS|OUT25
02 - CONEXOES KRONA;MINAS GERAIS;MINAS RJ/ES;OUTROS;2025-11-01;621,69;MINAS GERAIS|02 - CONEXOES KRONA|OUTROS|NOV25
02 - CONEXOES KRONA;MINAS GERAIS;MINAS RJ/ES;OUTROS;2025-12-01;717,18;MINAS GERAIS|02 - CONEXOES KRONA|OUTROS|DEZ25
02 - CONEXOES KRONA;MINAS GERAIS;MINAS RJ/ES;VAREJO;2025-01-01;24489,49;MINAS GERAIS|02 - CONEXOES KRONA|VAREJO|JAN25
02 - CONEXOES KRONA;MINAS GERAIS;MINAS RJ/ES;VAREJO;2025-02-01;53116,51;MINAS GERAIS|02 - CONEXOES KRONA|VAREJO|FEV25
02 - CONEXOES KRONA;MINAS GERAIS;MINAS RJ/ES;VAREJO;2025-03-01;27297,95;MINAS GERAIS|02 - CONEXOES KRONA|VAREJO|MAR25
02 - CONEXOES KRONA;MINAS GERAIS;MINAS RJ/ES;VAREJO;2025-04-01;52138,50;MINAS GERAIS|02 - CONEXOES KRONA|VAREJO|ABR25
02 - CONEXOES KRONA;MINAS GERAIS;MINAS RJ/ES;VAREJO;2025-05-01;44475,87;MINAS GERAIS|02 - CONEXOES KRONA|VAREJO|MAI25
02 - CONEXOES KRONA;MINAS GERAIS;MINAS RJ/ES;VAREJO;2025-06-01;92667,85;MINAS GERAIS|02 - CONEXOES KRONA|VAREJO|JUN25
02 - CONEXOES KRONA;MINAS GERAIS;MINAS RJ/ES;VAREJO;2025-07-01;62543,01;MINAS GERAIS|02 - CONEXOES KRONA|VAREJO|JUL25
02 - CONEXOES KRONA;MINAS GERAIS;MINAS RJ/ES;VAREJO;2025-08-01;33542,73;MINAS GERAIS|02 - CONEXOES KRONA|VAREJO|AGO25
02 - CONEXOES KRONA;MINAS GERAIS;MINAS RJ/ES;VAREJO;2025-09-01;31960,56;MINAS GERAIS|02 - CONEXOES KRONA|VAREJO|SET25
02 - CONEXOES KRONA;MINAS GERAIS;MINAS RJ/ES;VAREJO;2025-10-01;51160,94;MINAS GERAIS|02 - CONEXOES KRONA|VAREJO|OUT25
02 - CONEXOES KRONA;MINAS GERAIS;MINAS RJ/ES;VAREJO;2025-11-01;44302,87;MINAS GERAIS|02 - CONEXOES KRONA|VAREJO|NOV25
02 - CONEXOES KRONA;MINAS GERAIS;MINAS RJ/ES;VAREJO;2025-12-01;61396,01;MINAS GERAIS|02 - CONEXOES KRONA|VAREJO|DEZ25
02 - CONEXOES KRONA;NORDESTE 1;NORDESTE;ATACADO;2025-01-01;25501,47;NORDESTE 1|02 - CONEXOES KRONA|ATACADO|JAN25
02 - CONEXOES KRONA;NORDESTE 1;NORDESTE;ATACADO;2025-02-01;4332,93;NORDESTE 1|02 - CONEXOES KRONA|ATACADO|FEV25
02 - CONEXOES KRONA;NORDESTE 1;NORDESTE;ATACADO;2025-03-01;1054,29;NORDESTE 1|02 - CONEXOES KRONA|ATACADO|MAR25
02 - CONEXOES KRONA;NORDESTE 1;NORDESTE;ATACADO;2025-04-01;68746,25;NORDESTE 1|02 - CONEXOES KRONA|ATACADO|ABR25
02 - CONEXOES KRONA;NORDESTE 1;NORDESTE;ATACADO;2025-05-01;16778,25;NORDESTE 1|02 - CONEXOES KRONA|ATACADO|MAI25
02 - CONEXOES KRONA;NORDESTE 1;NORDESTE;ATACADO;2025-06-01;94330,83;NORDESTE 1|02 - CONEXOES KRONA|ATACADO|JUN25
02 - CONEXOES KRONA;NORDESTE 1;NORDESTE;ATACADO;2025-07-01;909,19;NORDESTE 1|02 - CONEXOES KRONA|ATACADO|JUL25
02 - CONEXOES KRONA;NORDESTE 1;NORDESTE;ATACADO;2025-08-01;64397,96;NORDESTE 1|02 - CONEXOES KRONA|ATACADO|AGO25
02 - CONEXOES KRONA;NORDESTE 1;NORDESTE;ATACADO;2025-09-01;11318,34;NORDESTE 1|02 - CONEXOES KRONA|ATACADO|SET25
02 - CONEXOES KRONA;NORDESTE 1;NORDESTE;ATACADO;2025-10-01;37344,51;NORDESTE 1|02 - CONEXOES KRONA|ATACADO|OUT25
02 - CONEXOES KRONA;NORDESTE 1;NORDESTE;ATACADO;2025-11-01;52603,16;NORDESTE 1|02 - CONEXOES KRONA|ATACADO|NOV25
02 - CONEXOES KRONA;NORDESTE 1;NORDESTE;ATACADO;2025-12-01;61201,87;NORDESTE 1|02 - CONEXOES KRONA|ATACADO|DEZ25
02 - CONEXOES KRONA;NORDESTE 1;NORDESTE;OUTROS;2025-01-01;3,59;NORDESTE 1|02 - CONEXOES KRONA|OUTROS|JAN25
02 - CONEXOES KRONA;NORDESTE 1;NORDESTE;OUTROS;2025-02-01;379,21;NORDESTE 1|02 - CONEXOES KRONA|OUTROS|FEV25
02 - CONEXOES KRONA;NORDESTE 1;NORDESTE;OUTROS;2025-04-01;156,32;NORDESTE 1|02 - CONEXOES KRONA|OUTROS|ABR25
02 - CONEXOES KRONA;NORDESTE 1;NORDESTE;OUTROS;2025-05-01;103,87;NORDESTE 1|02 - CONEXOES KRONA|OUTROS|MAI25
02 - CONEXOES KRONA;NORDESTE 1;NORDESTE;OUTROS;2025-06-01;132,10;NORDESTE 1|02 - CONEXOES KRONA|OUTROS|JUN25
02 - CONEXOES KRONA;NORDESTE 1;NORDESTE;OUTROS;2025-07-01;42,68;NORDESTE 1|02 - CONEXOES KRONA|OUTROS|JUL25
02 - CONEXOES KRONA;NORDESTE 1;NORDESTE;OUTROS;2025-08-01;439,16;NORDESTE 1|02 - CONEXOES KRONA|OUTROS|AGO25
02 - CONEXOES KRONA;NORDESTE 1;NORDESTE;OUTROS;2025-09-01;34,28;NORDESTE 1|02 - CONEXOES KRONA|OUTROS|SET25
02 - CONEXOES KRONA;NORDESTE 1;NORDESTE;OUTROS;2025-10-01;31,41;NORDESTE 1|02 - CONEXOES KRONA|OUTROS|OUT25
02 - CONEXOES KRONA;NORDESTE 1;NORDESTE;OUTROS;2025-11-01;208,18;NORDESTE 1|02 - CONEXOES KRONA|OUTROS|NOV25
02 - CONEXOES KRONA;NORDESTE 1;NORDESTE;OUTROS;2025-12-01;139,54;NORDESTE 1|02 - CONEXOES KRONA|OUTROS|DEZ25
02 - CONEXOES KRONA;NORDESTE 1;NORDESTE;VAREJO;2025-01-01;29565,89;NORDESTE 1|02 - CONEXOES KRONA|VAREJO|JAN25
02 - CONEXOES KRONA;NORDESTE 1;NORDESTE;VAREJO;2025-02-01;34188,42;NORDESTE 1|02 - CONEXOES KRONA|VAREJO|FEV25
02 - CONEXOES KRONA;NORDESTE 1;NORDESTE;VAREJO;2025-03-01;20367,83;NORDESTE 1|02 - CONEXOES KRONA|VAREJO|MAR25
02 - CONEXOES KRONA;NORDESTE 1;NORDESTE;VAREJO;2025-04-01;37778,01;NORDESTE 1|02 - CONEXOES KRONA|VAREJO|ABR25
02 - CONEXOES KRONA;NORDESTE 1;NORDESTE;VAREJO;2025-05-01;37008,66;NORDESTE 1|02 - CONEXOES KRONA|VAREJO|MAI25
02 - CONEXOES KRONA;NORDESTE 1;NORDESTE;VAREJO;2025-06-01;70058,51;NORDESTE 1|02 - CONEXOES KRONA|VAREJO|JUN25
02 - CONEXOES KRONA;NORDESTE 1;NORDESTE;VAREJO;2025-07-01;28365,84;NORDESTE 1|02 - CONEXOES KRONA|VAREJO|JUL25
02 - CONEXOES KRONA;NORDESTE 1;NORDESTE;VAREJO;2025-08-01;30921,12;NORDESTE 1|02 - CONEXOES KRONA|VAREJO|AGO25
02 - CONEXOES KRONA;NORDESTE 1;NORDESTE;VAREJO;2025-09-01;26927,18;NORDESTE 1|02 - CONEXOES KRONA|VAREJO|SET25
02 - CONEXOES KRONA;NORDESTE 1;NORDESTE;VAREJO;2025-10-01;37724,64;NORDESTE 1|02 - CONEXOES KRONA|VAREJO|OUT25
02 - CONEXOES KRONA;NORDESTE 1;NORDESTE;VAREJO;2025-11-01;26287,64;NORDESTE 1|02 - CONEXOES KRONA|VAREJO|NOV25
02 - CONEXOES KRONA;NORDESTE 1;NORDESTE;VAREJO;2025-12-01;31433,29;NORDESTE 1|02 - CONEXOES KRONA|VAREJO|DEZ25
02 - CONEXOES KRONA;NORDESTE 2;NORDESTE;ATACADO;2025-01-01;68760,78;NORDESTE 2|02 - CONEXOES KRONA|ATACADO|JAN25
02 - CONEXOES KRONA;NORDESTE 2;NORDESTE;ATACADO;2025-02-01;79052,16;NORDESTE 2|02 - CONEXOES KRONA|ATACADO|FEV25
02 - CONEXOES KRONA;NORDESTE 2;NORDESTE;ATACADO;2025-03-01;98617,58;NORDESTE 2|02 - CONEXOES KRONA|ATACADO|MAR25
02 - CONEXOES KRONA;NORDESTE 2;NORDESTE;ATACADO;2025-04-01;61617,46;NORDESTE 2|02 - CONEXOES KRONA|ATACADO|ABR25
02 - CONEXOES KRONA;NORDESTE 2;NORDESTE;ATACADO;2025-05-01;118199,31;NORDESTE 2|02 - CONEXOES KRONA|ATACADO|MAI25
02 - CONEXOES KRONA;NORDESTE 2;NORDESTE;ATACADO;2025-06-01;152890,44;NORDESTE 2|02 - CONEXOES KRONA|ATACADO|JUN25
02 - CONEXOES KRONA;NORDESTE 2;NORDESTE;ATACADO;2025-07-01;100765,63;NORDESTE 2|02 - CONEXOES KRONA|ATACADO|JUL25
02 - CONEXOES KRONA;NORDESTE 2;NORDESTE;ATACADO;2025-08-01;174726,56;NORDESTE 2|02 - CONEXOES KRONA|ATACADO|AGO25
02 - CONEXOES KRONA;NORDESTE 2;NORDESTE;ATACADO;2025-09-01;90793,85;NORDESTE 2|02 - CONEXOES KRONA|ATACADO|SET25
02 - CONEXOES KRONA;NORDESTE 2;NORDESTE;ATACADO;2025-10-01;128671,76;NORDESTE 2|02 - CONEXOES KRONA|ATACADO|OUT25
02 - CONEXOES KRONA;NORDESTE 2;NORDESTE;ATACADO;2025-11-01;160849,77;NORDESTE 2|02 - CONEXOES KRONA|ATACADO|NOV25
02 - CONEXOES KRONA;NORDESTE 2;NORDESTE;ATACADO;2025-12-01;115837,70;NORDESTE 2|02 - CONEXOES KRONA|ATACADO|DEZ25
02 - CONEXOES KRONA;NORDESTE 2;NORDESTE;OUTROS;2025-02-01;23,96;NORDESTE 2|02 - CONEXOES KRONA|OUTROS|FEV25
02 - CONEXOES KRONA;NORDESTE 2;NORDESTE;OUTROS;2025-04-01;269,63;NORDESTE 2|02 - CONEXOES KRONA|OUTROS|ABR25
02 - CONEXOES KRONA;NORDESTE 2;NORDESTE;OUTROS;2025-08-01;439,44;NORDESTE 2|02 - CONEXOES KRONA|OUTROS|AGO25
02 - CONEXOES KRONA;NORDESTE 2;NORDESTE;OUTROS;2025-10-01;53,95;NORDESTE 2|02 - CONEXOES KRONA|OUTROS|OUT25
02 - CONEXOES KRONA;NORDESTE 2;NORDESTE;OUTROS;2025-11-01;447,95;NORDESTE 2|02 - CONEXOES KRONA|OUTROS|NOV25
02 - CONEXOES KRONA;NORDESTE 2;NORDESTE;VAREJO;2025-01-01;39246,11;NORDESTE 2|02 - CONEXOES KRONA|VAREJO|JAN25
02 - CONEXOES KRONA;NORDESTE 2;NORDESTE;VAREJO;2025-02-01;31783,80;NORDESTE 2|02 - CONEXOES KRONA|VAREJO|FEV25
02 - CONEXOES KRONA;NORDESTE 2;NORDESTE;VAREJO;2025-03-01;43333,53;NORDESTE 2|02 - CONEXOES KRONA|VAREJO|MAR25
02 - CONEXOES KRONA;NORDESTE 2;NORDESTE;VAREJO;2025-04-01;42151,61;NORDESTE 2|02 - CONEXOES KRONA|VAREJO|ABR25
02 - CONEXOES KRONA;NORDESTE 2;NORDESTE;VAREJO;2025-05-01;56316,60;NORDESTE 2|02 - CONEXOES KRONA|VAREJO|MAI25
02 - CONEXOES KRONA;NORDESTE 2;NORDESTE;VAREJO;2025-06-01;102970,30;NORDESTE 2|02 - CONEXOES KRONA|VAREJO|JUN25
02 - CONEXOES KRONA;NORDESTE 2;NORDESTE;VAREJO;2025-07-01;70347,73;NORDESTE 2|02 - CONEXOES KRONA|VAREJO|JUL25
02 - CONEXOES KRONA;NORDESTE 2;NORDESTE;VAREJO;2025-08-01;39545,44;NORDESTE 2|02 - CONEXOES KRONA|VAREJO|AGO25
02 - CONEXOES KRONA;NORDESTE 2;NORDESTE;VAREJO;2025-09-01;45893,05;NORDESTE 2|02 - CONEXOES KRONA|VAREJO|SET25
02 - CONEXOES KRONA;NORDESTE 2;NORDESTE;VAREJO;2025-10-01;62606,74;NORDESTE 2|02 - CONEXOES KRONA|VAREJO|OUT25
02 - CONEXOES KRONA;NORDESTE 2;NORDESTE;VAREJO;2025-11-01;52707,69;NORDESTE 2|02 - CONEXOES KRONA|VAREJO|NOV25
02 - CONEXOES KRONA;NORDESTE 2;NORDESTE;VAREJO;2025-12-01;51570,75;NORDESTE 2|02 - CONEXOES KRONA|VAREJO|DEZ25
02 - CONEXOES KRONA;NORDESTE 3;NORDESTE;ATACADO;2025-01-01;76722,86;NORDESTE 3|02 - CONEXOES KRONA|ATACADO|JAN25
02 - CONEXOES KRONA;NORDESTE 3;NORDESTE;ATACADO;2025-02-01;18050,92;NORDESTE 3|02 - CONEXOES KRONA|ATACADO|FEV25
02 - CONEXOES KRONA;NORDESTE 3;NORDESTE;ATACADO;2025-03-01;90863,49;NORDESTE 3|02 - CONEXOES KRONA|ATACADO|MAR25
02 - CONEXOES KRONA;NORDESTE 3;NORDESTE;ATACADO;2025-04-01;67495,44;NORDESTE 3|02 - CONEXOES KRONA|ATACADO|ABR25
02 - CONEXOES KRONA;NORDESTE 3;NORDESTE;ATACADO;2025-05-01;43782,81;NORDESTE 3|02 - CONEXOES KRONA|ATACADO|MAI25
02 - CONEXOES KRONA;NORDESTE 3;NORDESTE;ATACADO;2025-06-01;123482,46;NORDESTE 3|02 - CONEXOES KRONA|ATACADO|JUN25
02 - CONEXOES KRONA;NORDESTE 3;NORDESTE;ATACADO;2025-07-01;64890,17;NORDESTE 3|02 - CONEXOES KRONA|ATACADO|JUL25
02 - CONEXOES KRONA;NORDESTE 3;NORDESTE;ATACADO;2025-08-01;140669,18;NORDESTE 3|02 - CONEXOES KRONA|ATACADO|AGO25
02 - CONEXOES KRONA;NORDESTE 3;NORDESTE;ATACADO;2025-09-01;107832,87;NORDESTE 3|02 - CONEXOES KRONA|ATACADO|SET25
02 - CONEXOES KRONA;NORDESTE 3;NORDESTE;ATACADO;2025-10-01;74888,67;NORDESTE 3|02 - CONEXOES KRONA|ATACADO|OUT25
02 - CONEXOES KRONA;NORDESTE 3;NORDESTE;ATACADO;2025-11-01;103302,89;NORDESTE 3|02 - CONEXOES KRONA|ATACADO|NOV25
02 - CONEXOES KRONA;NORDESTE 3;NORDESTE;ATACADO;2025-12-01;119269,34;NORDESTE 3|02 - CONEXOES KRONA|ATACADO|DEZ25
02 - CONEXOES KRONA;NORDESTE 3;NORDESTE;OUTROS;2025-01-01;7,92;NORDESTE 3|02 - CONEXOES KRONA|OUTROS|JAN25
02 - CONEXOES KRONA;NORDESTE 3;NORDESTE;OUTROS;2025-02-01;23,08;NORDESTE 3|02 - CONEXOES KRONA|OUTROS|FEV25
02 - CONEXOES KRONA;NORDESTE 3;NORDESTE;OUTROS;2025-03-01;44,98;NORDESTE 3|02 - CONEXOES KRONA|OUTROS|MAR25
02 - CONEXOES KRONA;NORDESTE 3;NORDESTE;OUTROS;2025-05-01;72,54;NORDESTE 3|02 - CONEXOES KRONA|OUTROS|MAI25
02 - CONEXOES KRONA;NORDESTE 3;NORDESTE;OUTROS;2025-06-01;119,69;NORDESTE 3|02 - CONEXOES KRONA|OUTROS|JUN25
02 - CONEXOES KRONA;NORDESTE 3;NORDESTE;OUTROS;2025-07-01;66,63;NORDESTE 3|02 - CONEXOES KRONA|OUTROS|JUL25
02 - CONEXOES KRONA;NORDESTE 3;NORDESTE;OUTROS;2025-08-01;50,62;NORDESTE 3|02 - CONEXOES KRONA|OUTROS|AGO25
02 - CONEXOES KRONA;NORDESTE 3;NORDESTE;OUTROS;2025-10-01;142,11;NORDESTE 3|02 - CONEXOES KRONA|OUTROS|OUT25
02 - CONEXOES KRONA;NORDESTE 3;NORDESTE;OUTROS;2025-11-01;137,30;NORDESTE 3|02 - CONEXOES KRONA|OUTROS|NOV25
02 - CONEXOES KRONA;NORDESTE 3;NORDESTE;OUTROS;2025-12-01;55,47;NORDESTE 3|02 - CONEXOES KRONA|OUTROS|DEZ25
02 - CONEXOES KRONA;NORDESTE 3;NORDESTE;VAREJO;2025-01-01;52916,27;NORDESTE 3|02 - CONEXOES KRONA|VAREJO|JAN25
02 - CONEXOES KRONA;NORDESTE 3;NORDESTE;VAREJO;2025-02-01;47515,28;NORDESTE 3|02 - CONEXOES KRONA|VAREJO|FEV25
02 - CONEXOES KRONA;NORDESTE 3;NORDESTE;VAREJO;2025-03-01;56263,69;NORDESTE 3|02 - CONEXOES KRONA|VAREJO|MAR25
02 - CONEXOES KRONA;NORDESTE 3;NORDESTE;VAREJO;2025-04-01;65808,49;NORDESTE 3|02 - CONEXOES KRONA|VAREJO|ABR25
02 - CONEXOES KRONA;NORDESTE 3;NORDESTE;VAREJO;2025-05-01;63468,00;NORDESTE 3|02 - CONEXOES KRONA|VAREJO|MAI25
02 - CONEXOES KRONA;NORDESTE 3;NORDESTE;VAREJO;2025-06-01;124173,34;NORDESTE 3|02 - CONEXOES KRONA|VAREJO|JUN25
02 - CONEXOES KRONA;NORDESTE 3;NORDESTE;VAREJO;2025-07-01;87898,91;NORDESTE 3|02 - CONEXOES KRONA|VAREJO|JUL25
02 - CONEXOES KRONA;NORDESTE 3;NORDESTE;VAREJO;2025-08-01;41675,75;NORDESTE 3|02 - CONEXOES KRONA|VAREJO|AGO25
02 - CONEXOES KRONA;NORDESTE 3;NORDESTE;VAREJO;2025-09-01;63597,01;NORDESTE 3|02 - CONEXOES KRONA|VAREJO|SET25
02 - CONEXOES KRONA;NORDESTE 3;NORDESTE;VAREJO;2025-10-01;59394,50;NORDESTE 3|02 - CONEXOES KRONA|VAREJO|OUT25
02 - CONEXOES KRONA;NORDESTE 3;NORDESTE;VAREJO;2025-11-01;75469,24;NORDESTE 3|02 - CONEXOES KRONA|VAREJO|NOV25
02 - CONEXOES KRONA;NORDESTE 3;NORDESTE;VAREJO;2025-12-01;71069,78;NORDESTE 3|02 - CONEXOES KRONA|VAREJO|DEZ25
02 - CONEXOES KRONA;NORTE;CO NO;ATACADO;2025-01-01;16255,53;NORTE|02 - CONEXOES KRONA|ATACADO|JAN25
02 - CONEXOES KRONA;NORTE;CO NO;ATACADO;2025-02-01;46259,37;NORTE|02 - CONEXOES KRONA|ATACADO|FEV25
02 - CONEXOES KRONA;NORTE;CO NO;ATACADO;2025-03-01;32895,96;NORTE|02 - CONEXOES KRONA|ATACADO|MAR25
02 - CONEXOES KRONA;NORTE;CO NO;ATACADO;2025-04-01;4050,13;NORTE|02 - CONEXOES KRONA|ATACADO|ABR25
02 - CONEXOES KRONA;NORTE;CO NO;ATACADO;2025-05-01;28783,53;NORTE|02 - CONEXOES KRONA|ATACADO|MAI25
02 - CONEXOES KRONA;NORTE;CO NO;ATACADO;2025-06-01;76221,07;NORTE|02 - CONEXOES KRONA|ATACADO|JUN25
02 - CONEXOES KRONA;NORTE;CO NO;ATACADO;2025-07-01;40999,08;NORTE|02 - CONEXOES KRONA|ATACADO|JUL25
02 - CONEXOES KRONA;NORTE;CO NO;ATACADO;2025-08-01;35436,61;NORTE|02 - CONEXOES KRONA|ATACADO|AGO25
02 - CONEXOES KRONA;NORTE;CO NO;ATACADO;2025-09-01;31349,42;NORTE|02 - CONEXOES KRONA|ATACADO|SET25
02 - CONEXOES KRONA;NORTE;CO NO;ATACADO;2025-10-01;56611,72;NORTE|02 - CONEXOES KRONA|ATACADO|OUT25
02 - CONEXOES KRONA;NORTE;CO NO;ATACADO;2025-11-01;14957,32;NORTE|02 - CONEXOES KRONA|ATACADO|NOV25
02 - CONEXOES KRONA;NORTE;CO NO;ATACADO;2025-12-01;47237,84;NORTE|02 - CONEXOES KRONA|ATACADO|DEZ25
02 - CONEXOES KRONA;NORTE;CO NO;OUTROS;2025-01-01;140,89;NORTE|02 - CONEXOES KRONA|OUTROS|JAN25
02 - CONEXOES KRONA;NORTE;CO NO;VAREJO;2025-01-01;28716,06;NORTE|02 - CONEXOES KRONA|VAREJO|JAN25
02 - CONEXOES KRONA;NORTE;CO NO;VAREJO;2025-02-01;41514,68;NORTE|02 - CONEXOES KRONA|VAREJO|FEV25
02 - CONEXOES KRONA;NORTE;CO NO;VAREJO;2025-03-01;36528,80;NORTE|02 - CONEXOES KRONA|VAREJO|MAR25
02 - CONEXOES KRONA;NORTE;CO NO;VAREJO;2025-04-01;31145,26;NORTE|02 - CONEXOES KRONA|VAREJO|ABR25
02 - CONEXOES KRONA;NORTE;CO NO;VAREJO;2025-05-01;55405,12;NORTE|02 - CONEXOES KRONA|VAREJO|MAI25
02 - CONEXOES KRONA;NORTE;CO NO;VAREJO;2025-06-01;67817,18;NORTE|02 - CONEXOES KRONA|VAREJO|JUN25
02 - CONEXOES KRONA;NORTE;CO NO;VAREJO;2025-07-01;75921,21;NORTE|02 - CONEXOES KRONA|VAREJO|JUL25
02 - CONEXOES KRONA;NORTE;CO NO;VAREJO;2025-08-01;44677,81;NORTE|02 - CONEXOES KRONA|VAREJO|AGO25
02 - CONEXOES KRONA;NORTE;CO NO;VAREJO;2025-09-01;50932,05;NORTE|02 - CONEXOES KRONA|VAREJO|SET25
02 - CONEXOES KRONA;NORTE;CO NO;VAREJO;2025-10-01;45619,19;NORTE|02 - CONEXOES KRONA|VAREJO|OUT25
02 - CONEXOES KRONA;NORTE;CO NO;VAREJO;2025-11-01;44478,42;NORTE|02 - CONEXOES KRONA|VAREJO|NOV25
02 - CONEXOES KRONA;NORTE;CO NO;VAREJO;2025-12-01;66599,05;NORTE|02 - CONEXOES KRONA|VAREJO|DEZ25
02 - CONEXOES KRONA;PARANA;SUL;ATACADO;2025-01-01;14718,69;PARANA|02 - CONEXOES KRONA|ATACADO|JAN25
02 - CONEXOES KRONA;PARANA;SUL;ATACADO;2025-02-01;21127,73;PARANA|02 - CONEXOES KRONA|ATACADO|FEV25
02 - CONEXOES KRONA;PARANA;SUL;ATACADO;2025-03-01;7965,85;PARANA|02 - CONEXOES KRONA|ATACADO|MAR25
02 - CONEXOES KRONA;PARANA;SUL;ATACADO;2025-04-01;11403,50;PARANA|02 - CONEXOES KRONA|ATACADO|ABR25
02 - CONEXOES KRONA;PARANA;SUL;ATACADO;2025-05-01;31562,15;PARANA|02 - CONEXOES KRONA|ATACADO|MAI25
02 - CONEXOES KRONA;PARANA;SUL;ATACADO;2025-06-01;23029,02;PARANA|02 - CONEXOES KRONA|ATACADO|JUN25
02 - CONEXOES KRONA;PARANA;SUL;ATACADO;2025-07-01;6179,32;PARANA|02 - CONEXOES KRONA|ATACADO|JUL25
02 - CONEXOES KRONA;PARANA;SUL;ATACADO;2025-08-01;14666,91;PARANA|02 - CONEXOES KRONA|ATACADO|AGO25
02 - CONEXOES KRONA;PARANA;SUL;ATACADO;2025-09-01;15519,83;PARANA|02 - CONEXOES KRONA|ATACADO|SET25
02 - CONEXOES KRONA;PARANA;SUL;ATACADO;2025-10-01;9226,29;PARANA|02 - CONEXOES KRONA|ATACADO|OUT25
02 - CONEXOES KRONA;PARANA;SUL;ATACADO;2025-11-01;17840,60;PARANA|02 - CONEXOES KRONA|ATACADO|NOV25
02 - CONEXOES KRONA;PARANA;SUL;ATACADO;2025-12-01;15871,56;PARANA|02 - CONEXOES KRONA|ATACADO|DEZ25
02 - CONEXOES KRONA;PARANA;SUL;IRRIGACAO;2025-01-01;28,68;PARANA|02 - CONEXOES KRONA|IRRIGACAO|JAN25
02 - CONEXOES KRONA;PARANA;SUL;IRRIGACAO;2025-02-01;8,07;PARANA|02 - CONEXOES KRONA|IRRIGACAO|FEV25
02 - CONEXOES KRONA;PARANA;SUL;IRRIGACAO;2025-05-01;20,48;PARANA|02 - CONEXOES KRONA|IRRIGACAO|MAI25
02 - CONEXOES KRONA;PARANA;SUL;IRRIGACAO;2025-07-01;2,64;PARANA|02 - CONEXOES KRONA|IRRIGACAO|JUL25
02 - CONEXOES KRONA;PARANA;SUL;IRRIGACAO;2025-08-01;13,92;PARANA|02 - CONEXOES KRONA|IRRIGACAO|AGO25
02 - CONEXOES KRONA;PARANA;SUL;IRRIGACAO;2025-12-01;16,44;PARANA|02 - CONEXOES KRONA|IRRIGACAO|DEZ25
02 - CONEXOES KRONA;PARANA;SUL;OUTROS;2025-01-01;141,55;PARANA|02 - CONEXOES KRONA|OUTROS|JAN25
02 - CONEXOES KRONA;PARANA;SUL;OUTROS;2025-02-01;891,88;PARANA|02 - CONEXOES KRONA|OUTROS|FEV25
02 - CONEXOES KRONA;PARANA;SUL;OUTROS;2025-03-01;475,05;PARANA|02 - CONEXOES KRONA|OUTROS|MAR25
02 - CONEXOES KRONA;PARANA;SUL;OUTROS;2025-04-01;753,93;PARANA|02 - CONEXOES KRONA|OUTROS|ABR25
02 - CONEXOES KRONA;PARANA;SUL;OUTROS;2025-05-01;462,43;PARANA|02 - CONEXOES KRONA|OUTROS|MAI25
02 - CONEXOES KRONA;PARANA;SUL;OUTROS;2025-06-01;434,99;PARANA|02 - CONEXOES KRONA|OUTROS|JUN25
02 - CONEXOES KRONA;PARANA;SUL;OUTROS;2025-07-01;280,26;PARANA|02 - CONEXOES KRONA|OUTROS|JUL25
02 - CONEXOES KRONA;PARANA;SUL;OUTROS;2025-08-01;64,78;PARANA|02 - CONEXOES KRONA|OUTROS|AGO25
02 - CONEXOES KRONA;PARANA;SUL;OUTROS;2025-09-01;548,89;PARANA|02 - CONEXOES KRONA|OUTROS|SET25
02 - CONEXOES KRONA;PARANA;SUL;OUTROS;2025-10-01;451,02;PARANA|02 - CONEXOES KRONA|OUTROS|OUT25
02 - CONEXOES KRONA;PARANA;SUL;OUTROS;2025-11-01;295,87;PARANA|02 - CONEXOES KRONA|OUTROS|NOV25
02 - CONEXOES KRONA;PARANA;SUL;OUTROS;2025-12-01;238,94;PARANA|02 - CONEXOES KRONA|OUTROS|DEZ25
02 - CONEXOES KRONA;PARANA;SUL;VAREJO;2025-01-01;25270,48;PARANA|02 - CONEXOES KRONA|VAREJO|JAN25
02 - CONEXOES KRONA;PARANA;SUL;VAREJO;2025-02-01;28745,18;PARANA|02 - CONEXOES KRONA|VAREJO|FEV25
02 - CONEXOES KRONA;PARANA;SUL;VAREJO;2025-03-01;23382,48;PARANA|02 - CONEXOES KRONA|VAREJO|MAR25
02 - CONEXOES KRONA;PARANA;SUL;VAREJO;2025-04-01;29217,46;PARANA|02 - CONEXOES KRONA|VAREJO|ABR25
02 - CONEXOES KRONA;PARANA;SUL;VAREJO;2025-05-01;33085,31;PARANA|02 - CONEXOES KRONA|VAREJO|MAI25
02 - CONEXOES KRONA;PARANA;SUL;VAREJO;2025-06-01;50793,52;PARANA|02 - CONEXOES KRONA|VAREJO|JUN25
02 - CONEXOES KRONA;PARANA;SUL;VAREJO;2025-07-01;36821,74;PARANA|02 - CONEXOES KRONA|VAREJO|JUL25
02 - CONEXOES KRONA;PARANA;SUL;VAREJO;2025-08-01;29025,59;PARANA|02 - CONEXOES KRONA|VAREJO|AGO25
02 - CONEXOES KRONA;PARANA;SUL;VAREJO;2025-09-01;30790,93;PARANA|02 - CONEXOES KRONA|VAREJO|SET25
02 - CONEXOES KRONA;PARANA;SUL;VAREJO;2025-10-01;23332,88;PARANA|02 - CONEXOES KRONA|VAREJO|OUT25
02 - CONEXOES KRONA;PARANA;SUL;VAREJO;2025-11-01;30791,03;PARANA|02 - CONEXOES KRONA|VAREJO|NOV25
02 - CONEXOES KRONA;PARANA;SUL;VAREJO;2025-12-01;31204,91;PARANA|02 - CONEXOES KRONA|VAREJO|DEZ25
02 - CONEXOES KRONA;RIO GRANDE DO SUL;SUL;ATACADO;2025-01-01;32341,21;RIO GRANDE DO SUL|02 - CONEXOES KRONA|ATACADO|JAN25
02 - CONEXOES KRONA;RIO GRANDE DO SUL;SUL;ATACADO;2025-02-01;67520,97;RIO GRANDE DO SUL|02 - CONEXOES KRONA|ATACADO|FEV25
02 - CONEXOES KRONA;RIO GRANDE DO SUL;SUL;ATACADO;2025-03-01;13370,37;RIO GRANDE DO SUL|02 - CONEXOES KRONA|ATACADO|MAR25
02 - CONEXOES KRONA;RIO GRANDE DO SUL;SUL;ATACADO;2025-04-01;29501,98;RIO GRANDE DO SUL|02 - CONEXOES KRONA|ATACADO|ABR25
02 - CONEXOES KRONA;RIO GRANDE DO SUL;SUL;ATACADO;2025-05-01;35643,87;RIO GRANDE DO SUL|02 - CONEXOES KRONA|ATACADO|MAI25
02 - CONEXOES KRONA;RIO GRANDE DO SUL;SUL;ATACADO;2025-06-01;127811,49;RIO GRANDE DO SUL|02 - CONEXOES KRONA|ATACADO|JUN25
02 - CONEXOES KRONA;RIO GRANDE DO SUL;SUL;ATACADO;2025-07-01;3598,86;RIO GRANDE DO SUL|02 - CONEXOES KRONA|ATACADO|JUL25
02 - CONEXOES KRONA;RIO GRANDE DO SUL;SUL;ATACADO;2025-08-01;65143,83;RIO GRANDE DO SUL|02 - CONEXOES KRONA|ATACADO|AGO25
02 - CONEXOES KRONA;RIO GRANDE DO SUL;SUL;ATACADO;2025-09-01;4839,88;RIO GRANDE DO SUL|02 - CONEXOES KRONA|ATACADO|SET25
02 - CONEXOES KRONA;RIO GRANDE DO SUL;SUL;ATACADO;2025-10-01;91221,26;RIO GRANDE DO SUL|02 - CONEXOES KRONA|ATACADO|OUT25
02 - CONEXOES KRONA;RIO GRANDE DO SUL;SUL;ATACADO;2025-11-01;6624,59;RIO GRANDE DO SUL|02 - CONEXOES KRONA|ATACADO|NOV25
02 - CONEXOES KRONA;RIO GRANDE DO SUL;SUL;ATACADO;2025-12-01;51210,41;RIO GRANDE DO SUL|02 - CONEXOES KRONA|ATACADO|DEZ25
02 - CONEXOES KRONA;RIO GRANDE DO SUL;SUL;OUTROS;2025-01-01;827,26;RIO GRANDE DO SUL|02 - CONEXOES KRONA|OUTROS|JAN25
02 - CONEXOES KRONA;RIO GRANDE DO SUL;SUL;OUTROS;2025-02-01;1474,42;RIO GRANDE DO SUL|02 - CONEXOES KRONA|OUTROS|FEV25
02 - CONEXOES KRONA;RIO GRANDE DO SUL;SUL;OUTROS;2025-03-01;1189,53;RIO GRANDE DO SUL|02 - CONEXOES KRONA|OUTROS|MAR25
02 - CONEXOES KRONA;RIO GRANDE DO SUL;SUL;OUTROS;2025-04-01;810,75;RIO GRANDE DO SUL|02 - CONEXOES KRONA|OUTROS|ABR25
02 - CONEXOES KRONA;RIO GRANDE DO SUL;SUL;OUTROS;2025-05-01;1305,44;RIO GRANDE DO SUL|02 - CONEXOES KRONA|OUTROS|MAI25
02 - CONEXOES KRONA;RIO GRANDE DO SUL;SUL;OUTROS;2025-06-01;1595,82;RIO GRANDE DO SUL|02 - CONEXOES KRONA|OUTROS|JUN25
02 - CONEXOES KRONA;RIO GRANDE DO SUL;SUL;OUTROS;2025-07-01;1064,64;RIO GRANDE DO SUL|02 - CONEXOES KRONA|OUTROS|JUL25
02 - CONEXOES KRONA;RIO GRANDE DO SUL;SUL;OUTROS;2025-08-01;1156,59;RIO GRANDE DO SUL|02 - CONEXOES KRONA|OUTROS|AGO25
02 - CONEXOES KRONA;RIO GRANDE DO SUL;SUL;OUTROS;2025-09-01;1144,58;RIO GRANDE DO SUL|02 - CONEXOES KRONA|OUTROS|SET25
02 - CONEXOES KRONA;RIO GRANDE DO SUL;SUL;OUTROS;2025-10-01;1828,79;RIO GRANDE DO SUL|02 - CONEXOES KRONA|OUTROS|OUT25
02 - CONEXOES KRONA;RIO GRANDE DO SUL;SUL;OUTROS;2025-11-01;1075,99;RIO GRANDE DO SUL|02 - CONEXOES KRONA|OUTROS|NOV25
02 - CONEXOES KRONA;RIO GRANDE DO SUL;SUL;OUTROS;2025-12-01;1672,36;RIO GRANDE DO SUL|02 - CONEXOES KRONA|OUTROS|DEZ25
02 - CONEXOES KRONA;RIO GRANDE DO SUL;SUL;VAREJO;2025-01-01;25530,12;RIO GRANDE DO SUL|02 - CONEXOES KRONA|VAREJO|JAN25
02 - CONEXOES KRONA;RIO GRANDE DO SUL;SUL;VAREJO;2025-02-01;30667,86;RIO GRANDE DO SUL|02 - CONEXOES KRONA|VAREJO|FEV25
02 - CONEXOES KRONA;RIO GRANDE DO SUL;SUL;VAREJO;2025-03-01;24982,33;RIO GRANDE DO SUL|02 - CONEXOES KRONA|VAREJO|MAR25
02 - CONEXOES KRONA;RIO GRANDE DO SUL;SUL;VAREJO;2025-04-01;26427,25;RIO GRANDE DO SUL|02 - CONEXOES KRONA|VAREJO|ABR25
02 - CONEXOES KRONA;RIO GRANDE DO SUL;SUL;VAREJO;2025-05-01;33453,00;RIO GRANDE DO SUL|02 - CONEXOES KRONA|VAREJO|MAI25
02 - CONEXOES KRONA;RIO GRANDE DO SUL;SUL;VAREJO;2025-06-01;48292,34;RIO GRANDE DO SUL|02 - CONEXOES KRONA|VAREJO|JUN25
02 - CONEXOES KRONA;RIO GRANDE DO SUL;SUL;VAREJO;2025-07-01;23973,64;RIO GRANDE DO SUL|02 - CONEXOES KRONA|VAREJO|JUL25
02 - CONEXOES KRONA;RIO GRANDE DO SUL;SUL;VAREJO;2025-08-01;32278,92;RIO GRANDE DO SUL|02 - CONEXOES KRONA|VAREJO|AGO25
02 - CONEXOES KRONA;RIO GRANDE DO SUL;SUL;VAREJO;2025-09-01;21426,10;RIO GRANDE DO SUL|02 - CONEXOES KRONA|VAREJO|SET25
02 - CONEXOES KRONA;RIO GRANDE DO SUL;SUL;VAREJO;2025-10-01;29291,63;RIO GRANDE DO SUL|02 - CONEXOES KRONA|VAREJO|OUT25
02 - CONEXOES KRONA;RIO GRANDE DO SUL;SUL;VAREJO;2025-11-01;31978,84;RIO GRANDE DO SUL|02 - CONEXOES KRONA|VAREJO|NOV25
02 - CONEXOES KRONA;RIO GRANDE DO SUL;SUL;VAREJO;2025-12-01;32703,39;RIO GRANDE DO SUL|02 - CONEXOES KRONA|VAREJO|DEZ25
02 - CONEXOES KRONA;RJ/ES;MINAS RJ/ES;ATACADO;2025-01-01;50268,74;RJ/ES|02 - CONEXOES KRONA|ATACADO|JAN25
02 - CONEXOES KRONA;RJ/ES;MINAS RJ/ES;ATACADO;2025-02-01;105081,18;RJ/ES|02 - CONEXOES KRONA|ATACADO|FEV25
02 - CONEXOES KRONA;RJ/ES;MINAS RJ/ES;ATACADO;2025-03-01;45458,55;RJ/ES|02 - CONEXOES KRONA|ATACADO|MAR25
02 - CONEXOES KRONA;RJ/ES;MINAS RJ/ES;ATACADO;2025-04-01;75858,84;RJ/ES|02 - CONEXOES KRONA|ATACADO|ABR25
02 - CONEXOES KRONA;RJ/ES;MINAS RJ/ES;ATACADO;2025-05-01;54711,57;RJ/ES|02 - CONEXOES KRONA|ATACADO|MAI25
02 - CONEXOES KRONA;RJ/ES;MINAS RJ/ES;ATACADO;2025-06-01;252709,89;RJ/ES|02 - CONEXOES KRONA|ATACADO|JUN25
02 - CONEXOES KRONA;RJ/ES;MINAS RJ/ES;ATACADO;2025-07-01;15416,11;RJ/ES|02 - CONEXOES KRONA|ATACADO|JUL25
02 - CONEXOES KRONA;RJ/ES;MINAS RJ/ES;ATACADO;2025-08-01;31203,86;RJ/ES|02 - CONEXOES KRONA|ATACADO|AGO25
02 - CONEXOES KRONA;RJ/ES;MINAS RJ/ES;ATACADO;2025-09-01;44093,15;RJ/ES|02 - CONEXOES KRONA|ATACADO|SET25
02 - CONEXOES KRONA;RJ/ES;MINAS RJ/ES;ATACADO;2025-10-01;65969,54;RJ/ES|02 - CONEXOES KRONA|ATACADO|OUT25
02 - CONEXOES KRONA;RJ/ES;MINAS RJ/ES;ATACADO;2025-11-01;42006,63;RJ/ES|02 - CONEXOES KRONA|ATACADO|NOV25
02 - CONEXOES KRONA;RJ/ES;MINAS RJ/ES;ATACADO;2025-12-01;57820,05;RJ/ES|02 - CONEXOES KRONA|ATACADO|DEZ25
02 - CONEXOES KRONA;RJ/ES;MINAS RJ/ES;OUTROS;2025-01-01;60,68;RJ/ES|02 - CONEXOES KRONA|OUTROS|JAN25
02 - CONEXOES KRONA;RJ/ES;MINAS RJ/ES;OUTROS;2025-02-01;77,31;RJ/ES|02 - CONEXOES KRONA|OUTROS|FEV25
02 - CONEXOES KRONA;RJ/ES;MINAS RJ/ES;OUTROS;2025-03-01;1096,46;RJ/ES|02 - CONEXOES KRONA|OUTROS|MAR25
02 - CONEXOES KRONA;RJ/ES;MINAS RJ/ES;OUTROS;2025-04-01;383,83;RJ/ES|02 - CONEXOES KRONA|OUTROS|ABR25
02 - CONEXOES KRONA;RJ/ES;MINAS RJ/ES;OUTROS;2025-05-01;815,93;RJ/ES|02 - CONEXOES KRONA|OUTROS|MAI25
02 - CONEXOES KRONA;RJ/ES;MINAS RJ/ES;OUTROS;2025-06-01;1246,23;RJ/ES|02 - CONEXOES KRONA|OUTROS|JUN25
02 - CONEXOES KRONA;RJ/ES;MINAS RJ/ES;OUTROS;2025-07-01;137,90;RJ/ES|02 - CONEXOES KRONA|OUTROS|JUL25
02 - CONEXOES KRONA;RJ/ES;MINAS RJ/ES;OUTROS;2025-08-01;606,16;RJ/ES|02 - CONEXOES KRONA|OUTROS|AGO25
02 - CONEXOES KRONA;RJ/ES;MINAS RJ/ES;OUTROS;2025-09-01;565,62;RJ/ES|02 - CONEXOES KRONA|OUTROS|SET25
02 - CONEXOES KRONA;RJ/ES;MINAS RJ/ES;OUTROS;2025-10-01;553,09;RJ/ES|02 - CONEXOES KRONA|OUTROS|OUT25
02 - CONEXOES KRONA;RJ/ES;MINAS RJ/ES;OUTROS;2025-11-01;190,27;RJ/ES|02 - CONEXOES KRONA|OUTROS|NOV25
02 - CONEXOES KRONA;RJ/ES;MINAS RJ/ES;OUTROS;2025-12-01;933,21;RJ/ES|02 - CONEXOES KRONA|OUTROS|DEZ25
02 - CONEXOES KRONA;RJ/ES;MINAS RJ/ES;VAREJO;2025-01-01;13322,65;RJ/ES|02 - CONEXOES KRONA|VAREJO|JAN25
02 - CONEXOES KRONA;RJ/ES;MINAS RJ/ES;VAREJO;2025-02-01;18313,07;RJ/ES|02 - CONEXOES KRONA|VAREJO|FEV25
02 - CONEXOES KRONA;RJ/ES;MINAS RJ/ES;VAREJO;2025-03-01;15401,14;RJ/ES|02 - CONEXOES KRONA|VAREJO|MAR25
02 - CONEXOES KRONA;RJ/ES;MINAS RJ/ES;VAREJO;2025-04-01;16434,26;RJ/ES|02 - CONEXOES KRONA|VAREJO|ABR25
02 - CONEXOES KRONA;RJ/ES;MINAS RJ/ES;VAREJO;2025-05-01;23367,44;RJ/ES|02 - CONEXOES KRONA|VAREJO|MAI25
02 - CONEXOES KRONA;RJ/ES;MINAS RJ/ES;VAREJO;2025-06-01;39443,05;RJ/ES|02 - CONEXOES KRONA|VAREJO|JUN25
02 - CONEXOES KRONA;RJ/ES;MINAS RJ/ES;VAREJO;2025-07-01;43584,43;RJ/ES|02 - CONEXOES KRONA|VAREJO|JUL25
02 - CONEXOES KRONA;RJ/ES;MINAS RJ/ES;VAREJO;2025-08-01;13842,58;RJ/ES|02 - CONEXOES KRONA|VAREJO|AGO25
02 - CONEXOES KRONA;RJ/ES;MINAS RJ/ES;VAREJO;2025-09-01;24418,56;RJ/ES|02 - CONEXOES KRONA|VAREJO|SET25
02 - CONEXOES KRONA;RJ/ES;MINAS RJ/ES;VAREJO;2025-10-01;18143,41;RJ/ES|02 - CONEXOES KRONA|VAREJO|OUT25
02 - CONEXOES KRONA;RJ/ES;MINAS RJ/ES;VAREJO;2025-11-01;20458,35;RJ/ES|02 - CONEXOES KRONA|VAREJO|NOV25
02 - CONEXOES KRONA;RJ/ES;MINAS RJ/ES;VAREJO;2025-12-01;24124,60;RJ/ES|02 - CONEXOES KRONA|VAREJO|DEZ25
02 - CONEXOES KRONA;SANTA CATARINA 01;SUL;ATACADO;2025-01-01;14532,25;SANTA CATARINA 01|02 - CONEXOES KRONA|ATACADO|JAN25
02 - CONEXOES KRONA;SANTA CATARINA 01;SUL;ATACADO;2025-02-01;3511,84;SANTA CATARINA 01|02 - CONEXOES KRONA|ATACADO|FEV25
02 - CONEXOES KRONA;SANTA CATARINA 01;SUL;ATACADO;2025-03-01;11590,46;SANTA CATARINA 01|02 - CONEXOES KRONA|ATACADO|MAR25
02 - CONEXOES KRONA;SANTA CATARINA 01;SUL;ATACADO;2025-04-01;12826,59;SANTA CATARINA 01|02 - CONEXOES KRONA|ATACADO|ABR25
02 - CONEXOES KRONA;SANTA CATARINA 01;SUL;ATACADO;2025-05-01;8524,84;SANTA CATARINA 01|02 - CONEXOES KRONA|ATACADO|MAI25
02 - CONEXOES KRONA;SANTA CATARINA 01;SUL;ATACADO;2025-06-01;33821,54;SANTA CATARINA 01|02 - CONEXOES KRONA|ATACADO|JUN25
02 - CONEXOES KRONA;SANTA CATARINA 01;SUL;ATACADO;2025-07-01;12539,55;SANTA CATARINA 01|02 - CONEXOES KRONA|ATACADO|JUL25
02 - CONEXOES KRONA;SANTA CATARINA 01;SUL;ATACADO;2025-08-01;4478,70;SANTA CATARINA 01|02 - CONEXOES KRONA|ATACADO|AGO25
02 - CONEXOES KRONA;SANTA CATARINA 01;SUL;ATACADO;2025-09-01;9049,03;SANTA CATARINA 01|02 - CONEXOES KRONA|ATACADO|SET25
02 - CONEXOES KRONA;SANTA CATARINA 01;SUL;ATACADO;2025-10-01;18595,29;SANTA CATARINA 01|02 - CONEXOES KRONA|ATACADO|OUT25
02 - CONEXOES KRONA;SANTA CATARINA 01;SUL;ATACADO;2025-11-01;15032,67;SANTA CATARINA 01|02 - CONEXOES KRONA|ATACADO|NOV25
02 - CONEXOES KRONA;SANTA CATARINA 01;SUL;ATACADO;2025-12-01;19564,42;SANTA CATARINA 01|02 - CONEXOES KRONA|ATACADO|DEZ25
02 - CONEXOES KRONA;SANTA CATARINA 01;SUL;OUTROS;2025-01-01;165,02;SANTA CATARINA 01|02 - CONEXOES KRONA|OUTROS|JAN25
02 - CONEXOES KRONA;SANTA CATARINA 01;SUL;OUTROS;2025-02-01;274,89;SANTA CATARINA 01|02 - CONEXOES KRONA|OUTROS|FEV25
02 - CONEXOES KRONA;SANTA CATARINA 01;SUL;OUTROS;2025-03-01;150,15;SANTA CATARINA 01|02 - CONEXOES KRONA|OUTROS|MAR25
02 - CONEXOES KRONA;SANTA CATARINA 01;SUL;OUTROS;2025-04-01;240,71;SANTA CATARINA 01|02 - CONEXOES KRONA|OUTROS|ABR25
02 - CONEXOES KRONA;SANTA CATARINA 01;SUL;OUTROS;2025-05-01;176,66;SANTA CATARINA 01|02 - CONEXOES KRONA|OUTROS|MAI25
02 - CONEXOES KRONA;SANTA CATARINA 01;SUL;OUTROS;2025-06-01;1432,54;SANTA CATARINA 01|02 - CONEXOES KRONA|OUTROS|JUN25
02 - CONEXOES KRONA;SANTA CATARINA 01;SUL;OUTROS;2025-07-01;116,58;SANTA CATARINA 01|02 - CONEXOES KRONA|OUTROS|JUL25
02 - CONEXOES KRONA;SANTA CATARINA 01;SUL;OUTROS;2025-08-01;285,29;SANTA CATARINA 01|02 - CONEXOES KRONA|OUTROS|AGO25
02 - CONEXOES KRONA;SANTA CATARINA 01;SUL;OUTROS;2025-09-01;450,63;SANTA CATARINA 01|02 - CONEXOES KRONA|OUTROS|SET25
02 - CONEXOES KRONA;SANTA CATARINA 01;SUL;OUTROS;2025-10-01;464,96;SANTA CATARINA 01|02 - CONEXOES KRONA|OUTROS|OUT25
02 - CONEXOES KRONA;SANTA CATARINA 01;SUL;OUTROS;2025-11-01;368,31;SANTA CATARINA 01|02 - CONEXOES KRONA|OUTROS|NOV25
02 - CONEXOES KRONA;SANTA CATARINA 01;SUL;OUTROS;2025-12-01;290,38;SANTA CATARINA 01|02 - CONEXOES KRONA|OUTROS|DEZ25
02 - CONEXOES KRONA;SANTA CATARINA 01;SUL;VAREJO;2025-01-01;20186,67;SANTA CATARINA 01|02 - CONEXOES KRONA|VAREJO|JAN25
02 - CONEXOES KRONA;SANTA CATARINA 01;SUL;VAREJO;2025-02-01;25053,38;SANTA CATARINA 01|02 - CONEXOES KRONA|VAREJO|FEV25
02 - CONEXOES KRONA;SANTA CATARINA 01;SUL;VAREJO;2025-03-01;21646,41;SANTA CATARINA 01|02 - CONEXOES KRONA|VAREJO|MAR25
02 - CONEXOES KRONA;SANTA CATARINA 01;SUL;VAREJO;2025-04-01;24167,92;SANTA CATARINA 01|02 - CONEXOES KRONA|VAREJO|ABR25
02 - CONEXOES KRONA;SANTA CATARINA 01;SUL;VAREJO;2025-05-01;21031,69;SANTA CATARINA 01|02 - CONEXOES KRONA|VAREJO|MAI25
02 - CONEXOES KRONA;SANTA CATARINA 01;SUL;VAREJO;2025-06-01;45884,86;SANTA CATARINA 01|02 - CONEXOES KRONA|VAREJO|JUN25
02 - CONEXOES KRONA;SANTA CATARINA 01;SUL;VAREJO;2025-07-01;24410,55;SANTA CATARINA 01|02 - CONEXOES KRONA|VAREJO|JUL25
02 - CONEXOES KRONA;SANTA CATARINA 01;SUL;VAREJO;2025-08-01;28051,07;SANTA CATARINA 01|02 - CONEXOES KRONA|VAREJO|AGO25
02 - CONEXOES KRONA;SANTA CATARINA 01;SUL;VAREJO;2025-09-01;18915,03;SANTA CATARINA 01|02 - CONEXOES KRONA|VAREJO|SET25
02 - CONEXOES KRONA;SANTA CATARINA 01;SUL;VAREJO;2025-10-01;24602,61;SANTA CATARINA 01|02 - CONEXOES KRONA|VAREJO|OUT25
02 - CONEXOES KRONA;SANTA CATARINA 01;SUL;VAREJO;2025-11-01;30763,41;SANTA CATARINA 01|02 - CONEXOES KRONA|VAREJO|NOV25
02 - CONEXOES KRONA;SANTA CATARINA 01;SUL;VAREJO;2025-12-01;23783,96;SANTA CATARINA 01|02 - CONEXOES KRONA|VAREJO|DEZ25
02 - CONEXOES KRONA;SANTA CATARINA 02;SUL;ATACADO;2025-01-01;10008,54;SANTA CATARINA 02|02 - CONEXOES KRONA|ATACADO|JAN25
02 - CONEXOES KRONA;SANTA CATARINA 02;SUL;ATACADO;2025-02-01;3957,17;SANTA CATARINA 02|02 - CONEXOES KRONA|ATACADO|FEV25
02 - CONEXOES KRONA;SANTA CATARINA 02;SUL;ATACADO;2025-03-01;14782,44;SANTA CATARINA 02|02 - CONEXOES KRONA|ATACADO|MAR25
02 - CONEXOES KRONA;SANTA CATARINA 02;SUL;ATACADO;2025-04-01;10992,66;SANTA CATARINA 02|02 - CONEXOES KRONA|ATACADO|ABR25
02 - CONEXOES KRONA;SANTA CATARINA 02;SUL;ATACADO;2025-05-01;19705,96;SANTA CATARINA 02|02 - CONEXOES KRONA|ATACADO|MAI25
02 - CONEXOES KRONA;SANTA CATARINA 02;SUL;ATACADO;2025-06-01;20675,81;SANTA CATARINA 02|02 - CONEXOES KRONA|ATACADO|JUN25
02 - CONEXOES KRONA;SANTA CATARINA 02;SUL;ATACADO;2025-07-01;12499,45;SANTA CATARINA 02|02 - CONEXOES KRONA|ATACADO|JUL25
02 - CONEXOES KRONA;SANTA CATARINA 02;SUL;ATACADO;2025-08-01;10527,66;SANTA CATARINA 02|02 - CONEXOES KRONA|ATACADO|AGO25
02 - CONEXOES KRONA;SANTA CATARINA 02;SUL;ATACADO;2025-09-01;18503,92;SANTA CATARINA 02|02 - CONEXOES KRONA|ATACADO|SET25
02 - CONEXOES KRONA;SANTA CATARINA 02;SUL;ATACADO;2025-10-01;14824,80;SANTA CATARINA 02|02 - CONEXOES KRONA|ATACADO|OUT25
02 - CONEXOES KRONA;SANTA CATARINA 02;SUL;ATACADO;2025-11-01;15913,11;SANTA CATARINA 02|02 - CONEXOES KRONA|ATACADO|NOV25
02 - CONEXOES KRONA;SANTA CATARINA 02;SUL;ATACADO;2025-12-01;14601,43;SANTA CATARINA 02|02 - CONEXOES KRONA|ATACADO|DEZ25
02 - CONEXOES KRONA;SANTA CATARINA 02;SUL;OUTROS;2025-01-01;862,14;SANTA CATARINA 02|02 - CONEXOES KRONA|OUTROS|JAN25
02 - CONEXOES KRONA;SANTA CATARINA 02;SUL;OUTROS;2025-02-01;586,04;SANTA CATARINA 02|02 - CONEXOES KRONA|OUTROS|FEV25
02 - CONEXOES KRONA;SANTA CATARINA 02;SUL;OUTROS;2025-03-01;834,07;SANTA CATARINA 02|02 - CONEXOES KRONA|OUTROS|MAR25
02 - CONEXOES KRONA;SANTA CATARINA 02;SUL;OUTROS;2025-04-01;428,09;SANTA CATARINA 02|02 - CONEXOES KRONA|OUTROS|ABR25
02 - CONEXOES KRONA;SANTA CATARINA 02;SUL;OUTROS;2025-05-01;542,81;SANTA CATARINA 02|02 - CONEXOES KRONA|OUTROS|MAI25
02 - CONEXOES KRONA;SANTA CATARINA 02;SUL;OUTROS;2025-06-01;740,27;SANTA CATARINA 02|02 - CONEXOES KRONA|OUTROS|JUN25
02 - CONEXOES KRONA;SANTA CATARINA 02;SUL;OUTROS;2025-07-01;667,38;SANTA CATARINA 02|02 - CONEXOES KRONA|OUTROS|JUL25
02 - CONEXOES KRONA;SANTA CATARINA 02;SUL;OUTROS;2025-08-01;603,17;SANTA CATARINA 02|02 - CONEXOES KRONA|OUTROS|AGO25
02 - CONEXOES KRONA;SANTA CATARINA 02;SUL;OUTROS;2025-09-01;316,62;SANTA CATARINA 02|02 - CONEXOES KRONA|OUTROS|SET25
02 - CONEXOES KRONA;SANTA CATARINA 02;SUL;OUTROS;2025-10-01;399,70;SANTA CATARINA 02|02 - CONEXOES KRONA|OUTROS|OUT25
02 - CONEXOES KRONA;SANTA CATARINA 02;SUL;OUTROS;2025-11-01;423,67;SANTA CATARINA 02|02 - CONEXOES KRONA|OUTROS|NOV25
02 - CONEXOES KRONA;SANTA CATARINA 02;SUL;OUTROS;2025-12-01;367,28;SANTA CATARINA 02|02 - CONEXOES KRONA|OUTROS|DEZ25
02 - CONEXOES KRONA;SANTA CATARINA 02;SUL;VAREJO;2025-01-01;26850,60;SANTA CATARINA 02|02 - CONEXOES KRONA|VAREJO|JAN25
02 - CONEXOES KRONA;SANTA CATARINA 02;SUL;VAREJO;2025-02-01;32484,45;SANTA CATARINA 02|02 - CONEXOES KRONA|VAREJO|FEV25
02 - CONEXOES KRONA;SANTA CATARINA 02;SUL;VAREJO;2025-03-01;27808,54;SANTA CATARINA 02|02 - CONEXOES KRONA|VAREJO|MAR25
02 - CONEXOES KRONA;SANTA CATARINA 02;SUL;VAREJO;2025-04-01;31872,67;SANTA CATARINA 02|02 - CONEXOES KRONA|VAREJO|ABR25
02 - CONEXOES KRONA;SANTA CATARINA 02;SUL;VAREJO;2025-05-01;32225,42;SANTA CATARINA 02|02 - CONEXOES KRONA|VAREJO|MAI25
02 - CONEXOES KRONA;SANTA CATARINA 02;SUL;VAREJO;2025-06-01;55245,08;SANTA CATARINA 02|02 - CONEXOES KRONA|VAREJO|JUN25
02 - CONEXOES KRONA;SANTA CATARINA 02;SUL;VAREJO;2025-07-01;42975,39;SANTA CATARINA 02|02 - CONEXOES KRONA|VAREJO|JUL25
02 - CONEXOES KRONA;SANTA CATARINA 02;SUL;VAREJO;2025-08-01;31820,28;SANTA CATARINA 02|02 - CONEXOES KRONA|VAREJO|AGO25
02 - CONEXOES KRONA;SANTA CATARINA 02;SUL;VAREJO;2025-09-01;26187,27;SANTA CATARINA 02|02 - CONEXOES KRONA|VAREJO|SET25
02 - CONEXOES KRONA;SANTA CATARINA 02;SUL;VAREJO;2025-10-01;26008,61;SANTA CATARINA 02|02 - CONEXOES KRONA|VAREJO|OUT25
02 - CONEXOES KRONA;SANTA CATARINA 02;SUL;VAREJO;2025-11-01;50341,51;SANTA CATARINA 02|02 - CONEXOES KRONA|VAREJO|NOV25
02 - CONEXOES KRONA;SANTA CATARINA 02;SUL;VAREJO;2025-12-01;29198,66;SANTA CATARINA 02|02 - CONEXOES KRONA|VAREJO|DEZ25
02 - CONEXOES KRONA;SAO PAULO CAPITAL;SP;ATACADO;2025-01-01;6753,30;SAO PAULO CAPITAL|02 - CONEXOES KRONA|ATACADO|JAN25
02 - CONEXOES KRONA;SAO PAULO CAPITAL;SP;ATACADO;2025-02-01;3983,81;SAO PAULO CAPITAL|02 - CONEXOES KRONA|ATACADO|FEV25
02 - CONEXOES KRONA;SAO PAULO CAPITAL;SP;ATACADO;2025-03-01;4463,51;SAO PAULO CAPITAL|02 - CONEXOES KRONA|ATACADO|MAR25
02 - CONEXOES KRONA;SAO PAULO CAPITAL;SP;ATACADO;2025-04-01;4872,04;SAO PAULO CAPITAL|02 - CONEXOES KRONA|ATACADO|ABR25
02 - CONEXOES KRONA;SAO PAULO CAPITAL;SP;ATACADO;2025-05-01;7183,53;SAO PAULO CAPITAL|02 - CONEXOES KRONA|ATACADO|MAI25
02 - CONEXOES KRONA;SAO PAULO CAPITAL;SP;ATACADO;2025-06-01;11805,14;SAO PAULO CAPITAL|02 - CONEXOES KRONA|ATACADO|JUN25
02 - CONEXOES KRONA;SAO PAULO CAPITAL;SP;ATACADO;2025-07-01;2760,68;SAO PAULO CAPITAL|02 - CONEXOES KRONA|ATACADO|JUL25
02 - CONEXOES KRONA;SAO PAULO CAPITAL;SP;ATACADO;2025-08-01;3888,29;SAO PAULO CAPITAL|02 - CONEXOES KRONA|ATACADO|AGO25
02 - CONEXOES KRONA;SAO PAULO CAPITAL;SP;ATACADO;2025-09-01;4640,87;SAO PAULO CAPITAL|02 - CONEXOES KRONA|ATACADO|SET25
02 - CONEXOES KRONA;SAO PAULO CAPITAL;SP;ATACADO;2025-10-01;8203,21;SAO PAULO CAPITAL|02 - CONEXOES KRONA|ATACADO|OUT25
02 - CONEXOES KRONA;SAO PAULO CAPITAL;SP;ATACADO;2025-11-01;3155,71;SAO PAULO CAPITAL|02 - CONEXOES KRONA|ATACADO|NOV25
02 - CONEXOES KRONA;SAO PAULO CAPITAL;SP;ATACADO;2025-12-01;5982,63;SAO PAULO CAPITAL|02 - CONEXOES KRONA|ATACADO|DEZ25
02 - CONEXOES KRONA;SAO PAULO CAPITAL;SP;OUTROS;2025-01-01;139,31;SAO PAULO CAPITAL|02 - CONEXOES KRONA|OUTROS|JAN25
02 - CONEXOES KRONA;SAO PAULO CAPITAL;SP;OUTROS;2025-02-01;484,65;SAO PAULO CAPITAL|02 - CONEXOES KRONA|OUTROS|FEV25
02 - CONEXOES KRONA;SAO PAULO CAPITAL;SP;OUTROS;2025-03-01;25,06;SAO PAULO CAPITAL|02 - CONEXOES KRONA|OUTROS|MAR25
02 - CONEXOES KRONA;SAO PAULO CAPITAL;SP;OUTROS;2025-04-01;438,56;SAO PAULO CAPITAL|02 - CONEXOES KRONA|OUTROS|ABR25
02 - CONEXOES KRONA;SAO PAULO CAPITAL;SP;OUTROS;2025-05-01;256,10;SAO PAULO CAPITAL|02 - CONEXOES KRONA|OUTROS|MAI25
02 - CONEXOES KRONA;SAO PAULO CAPITAL;SP;OUTROS;2025-06-01;1653,17;SAO PAULO CAPITAL|02 - CONEXOES KRONA|OUTROS|JUN25
02 - CONEXOES KRONA;SAO PAULO CAPITAL;SP;OUTROS;2025-09-01;241,11;SAO PAULO CAPITAL|02 - CONEXOES KRONA|OUTROS|SET25
02 - CONEXOES KRONA;SAO PAULO CAPITAL;SP;OUTROS;2025-10-01;84,85;SAO PAULO CAPITAL|02 - CONEXOES KRONA|OUTROS|OUT25
02 - CONEXOES KRONA;SAO PAULO CAPITAL;SP;OUTROS;2025-11-01;104,83;SAO PAULO CAPITAL|02 - CONEXOES KRONA|OUTROS|NOV25
02 - CONEXOES KRONA;SAO PAULO CAPITAL;SP;OUTROS;2025-12-01;137,78;SAO PAULO CAPITAL|02 - CONEXOES KRONA|OUTROS|DEZ25
02 - CONEXOES KRONA;SAO PAULO CAPITAL;SP;VAREJO;2025-01-01;33043,36;SAO PAULO CAPITAL|02 - CONEXOES KRONA|VAREJO|JAN25
02 - CONEXOES KRONA;SAO PAULO CAPITAL;SP;VAREJO;2025-02-01;39999,63;SAO PAULO CAPITAL|02 - CONEXOES KRONA|VAREJO|FEV25
02 - CONEXOES KRONA;SAO PAULO CAPITAL;SP;VAREJO;2025-03-01;40465,72;SAO PAULO CAPITAL|02 - CONEXOES KRONA|VAREJO|MAR25
02 - CONEXOES KRONA;SAO PAULO CAPITAL;SP;VAREJO;2025-04-01;33963,69;SAO PAULO CAPITAL|02 - CONEXOES KRONA|VAREJO|ABR25
02 - CONEXOES KRONA;SAO PAULO CAPITAL;SP;VAREJO;2025-05-01;56820,64;SAO PAULO CAPITAL|02 - CONEXOES KRONA|VAREJO|MAI25
02 - CONEXOES KRONA;SAO PAULO CAPITAL;SP;VAREJO;2025-06-01;65370,16;SAO PAULO CAPITAL|02 - CONEXOES KRONA|VAREJO|JUN25
02 - CONEXOES KRONA;SAO PAULO CAPITAL;SP;VAREJO;2025-07-01;56107,72;SAO PAULO CAPITAL|02 - CONEXOES KRONA|VAREJO|JUL25
02 - CONEXOES KRONA;SAO PAULO CAPITAL;SP;VAREJO;2025-08-01;38913,43;SAO PAULO CAPITAL|02 - CONEXOES KRONA|VAREJO|AGO25
02 - CONEXOES KRONA;SAO PAULO CAPITAL;SP;VAREJO;2025-09-01;51181,55;SAO PAULO CAPITAL|02 - CONEXOES KRONA|VAREJO|SET25
02 - CONEXOES KRONA;SAO PAULO CAPITAL;SP;VAREJO;2025-10-01;41196,63;SAO PAULO CAPITAL|02 - CONEXOES KRONA|VAREJO|OUT25
02 - CONEXOES KRONA;SAO PAULO CAPITAL;SP;VAREJO;2025-11-01;30531,60;SAO PAULO CAPITAL|02 - CONEXOES KRONA|VAREJO|NOV25
02 - CONEXOES KRONA;SAO PAULO CAPITAL;SP;VAREJO;2025-12-01;58117,83;SAO PAULO CAPITAL|02 - CONEXOES KRONA|VAREJO|DEZ25
02 - CONEXOES KRONA;SAO PAULO CAPITAL 2;SP;ATACADO;2025-01-01;25397,94;SAO PAULO CAPITAL 2|02 - CONEXOES KRONA|ATACADO|JAN25
02 - CONEXOES KRONA;SAO PAULO CAPITAL 2;SP;ATACADO;2025-02-01;90134,57;SAO PAULO CAPITAL 2|02 - CONEXOES KRONA|ATACADO|FEV25
02 - CONEXOES KRONA;SAO PAULO CAPITAL 2;SP;ATACADO;2025-03-01;136455,26;SAO PAULO CAPITAL 2|02 - CONEXOES KRONA|ATACADO|MAR25
02 - CONEXOES KRONA;SAO PAULO CAPITAL 2;SP;ATACADO;2025-04-01;59043,65;SAO PAULO CAPITAL 2|02 - CONEXOES KRONA|ATACADO|ABR25
02 - CONEXOES KRONA;SAO PAULO CAPITAL 2;SP;ATACADO;2025-05-01;73561,32;SAO PAULO CAPITAL 2|02 - CONEXOES KRONA|ATACADO|MAI25
02 - CONEXOES KRONA;SAO PAULO CAPITAL 2;SP;ATACADO;2025-06-01;173867,63;SAO PAULO CAPITAL 2|02 - CONEXOES KRONA|ATACADO|JUN25
02 - CONEXOES KRONA;SAO PAULO CAPITAL 2;SP;ATACADO;2025-07-01;7159,39;SAO PAULO CAPITAL 2|02 - CONEXOES KRONA|ATACADO|JUL25
02 - CONEXOES KRONA;SAO PAULO CAPITAL 2;SP;ATACADO;2025-08-01;112721,55;SAO PAULO CAPITAL 2|02 - CONEXOES KRONA|ATACADO|AGO25
02 - CONEXOES KRONA;SAO PAULO CAPITAL 2;SP;ATACADO;2025-09-01;47876,22;SAO PAULO CAPITAL 2|02 - CONEXOES KRONA|ATACADO|SET25
02 - CONEXOES KRONA;SAO PAULO CAPITAL 2;SP;ATACADO;2025-10-01;79719,00;SAO PAULO CAPITAL 2|02 - CONEXOES KRONA|ATACADO|OUT25
02 - CONEXOES KRONA;SAO PAULO CAPITAL 2;SP;ATACADO;2025-11-01;51657,14;SAO PAULO CAPITAL 2|02 - CONEXOES KRONA|ATACADO|NOV25
02 - CONEXOES KRONA;SAO PAULO CAPITAL 2;SP;ATACADO;2025-12-01;215280,39;SAO PAULO CAPITAL 2|02 - CONEXOES KRONA|ATACADO|DEZ25
02 - CONEXOES KRONA;SAO PAULO INTERIOR;SP;ATACADO;2025-01-01;22861,10;SAO PAULO INTERIOR|02 - CONEXOES KRONA|ATACADO|JAN25
02 - CONEXOES KRONA;SAO PAULO INTERIOR;SP;ATACADO;2025-02-01;28314,93;SAO PAULO INTERIOR|02 - CONEXOES KRONA|ATACADO|FEV25
02 - CONEXOES KRONA;SAO PAULO INTERIOR;SP;ATACADO;2025-03-01;72900,51;SAO PAULO INTERIOR|02 - CONEXOES KRONA|ATACADO|MAR25
02 - CONEXOES KRONA;SAO PAULO INTERIOR;SP;ATACADO;2025-04-01;13838,36;SAO PAULO INTERIOR|02 - CONEXOES KRONA|ATACADO|ABR25
02 - CONEXOES KRONA;SAO PAULO INTERIOR;SP;ATACADO;2025-05-01;25380,46;SAO PAULO INTERIOR|02 - CONEXOES KRONA|ATACADO|MAI25
02 - CONEXOES KRONA;SAO PAULO INTERIOR;SP;ATACADO;2025-06-01;60320,80;SAO PAULO INTERIOR|02 - CONEXOES KRONA|ATACADO|JUN25
02 - CONEXOES KRONA;SAO PAULO INTERIOR;SP;ATACADO;2025-07-01;3451,14;SAO PAULO INTERIOR|02 - CONEXOES KRONA|ATACADO|JUL25
02 - CONEXOES KRONA;SAO PAULO INTERIOR;SP;ATACADO;2025-08-01;36046,36;SAO PAULO INTERIOR|02 - CONEXOES KRONA|ATACADO|AGO25
02 - CONEXOES KRONA;SAO PAULO INTERIOR;SP;ATACADO;2025-09-01;18881,60;SAO PAULO INTERIOR|02 - CONEXOES KRONA|ATACADO|SET25
02 - CONEXOES KRONA;SAO PAULO INTERIOR;SP;ATACADO;2025-10-01;25504,07;SAO PAULO INTERIOR|02 - CONEXOES KRONA|ATACADO|OUT25
02 - CONEXOES KRONA;SAO PAULO INTERIOR;SP;ATACADO;2025-11-01;14052,73;SAO PAULO INTERIOR|02 - CONEXOES KRONA|ATACADO|NOV25
02 - CONEXOES KRONA;SAO PAULO INTERIOR;SP;ATACADO;2025-12-01;82882,48;SAO PAULO INTERIOR|02 - CONEXOES KRONA|ATACADO|DEZ25
02 - CONEXOES KRONA;SAO PAULO INTERIOR;SP;OUTROS;2025-01-01;423,94;SAO PAULO INTERIOR|02 - CONEXOES KRONA|OUTROS|JAN25
02 - CONEXOES KRONA;SAO PAULO INTERIOR;SP;OUTROS;2025-02-01;986,12;SAO PAULO INTERIOR|02 - CONEXOES KRONA|OUTROS|FEV25
02 - CONEXOES KRONA;SAO PAULO INTERIOR;SP;OUTROS;2025-03-01;563,11;SAO PAULO INTERIOR|02 - CONEXOES KRONA|OUTROS|MAR25
02 - CONEXOES KRONA;SAO PAULO INTERIOR;SP;OUTROS;2025-04-01;2392,02;SAO PAULO INTERIOR|02 - CONEXOES KRONA|OUTROS|ABR25
02 - CONEXOES KRONA;SAO PAULO INTERIOR;SP;OUTROS;2025-05-01;1733,87;SAO PAULO INTERIOR|02 - CONEXOES KRONA|OUTROS|MAI25
02 - CONEXOES KRONA;SAO PAULO INTERIOR;SP;OUTROS;2025-06-01;1688,80;SAO PAULO INTERIOR|02 - CONEXOES KRONA|OUTROS|JUN25
02 - CONEXOES KRONA;SAO PAULO INTERIOR;SP;OUTROS;2025-07-01;811,31;SAO PAULO INTERIOR|02 - CONEXOES KRONA|OUTROS|JUL25
02 - CONEXOES KRONA;SAO PAULO INTERIOR;SP;OUTROS;2025-08-01;840,48;SAO PAULO INTERIOR|02 - CONEXOES KRONA|OUTROS|AGO25
02 - CONEXOES KRONA;SAO PAULO INTERIOR;SP;OUTROS;2025-09-01;3021,74;SAO PAULO INTERIOR|02 - CONEXOES KRONA|OUTROS|SET25
02 - CONEXOES KRONA;SAO PAULO INTERIOR;SP;OUTROS;2025-10-01;2604,82;SAO PAULO INTERIOR|02 - CONEXOES KRONA|OUTROS|OUT25
02 - CONEXOES KRONA;SAO PAULO INTERIOR;SP;OUTROS;2025-11-01;1711,38;SAO PAULO INTERIOR|02 - CONEXOES KRONA|OUTROS|NOV25
02 - CONEXOES KRONA;SAO PAULO INTERIOR;SP;OUTROS;2025-12-01;1806,47;SAO PAULO INTERIOR|02 - CONEXOES KRONA|OUTROS|DEZ25
02 - CONEXOES KRONA;SAO PAULO INTERIOR;SP;VAREJO;2025-01-01;23133,57;SAO PAULO INTERIOR|02 - CONEXOES KRONA|VAREJO|JAN25
02 - CONEXOES KRONA;SAO PAULO INTERIOR;SP;VAREJO;2025-02-01;36502,00;SAO PAULO INTERIOR|02 - CONEXOES KRONA|VAREJO|FEV25
02 - CONEXOES KRONA;SAO PAULO INTERIOR;SP;VAREJO;2025-03-01;22682,15;SAO PAULO INTERIOR|02 - CONEXOES KRONA|VAREJO|MAR25
02 - CONEXOES KRONA;SAO PAULO INTERIOR;SP;VAREJO;2025-04-01;29808,84;SAO PAULO INTERIOR|02 - CONEXOES KRONA|VAREJO|ABR25
02 - CONEXOES KRONA;SAO PAULO INTERIOR;SP;VAREJO;2025-05-01;40902,13;SAO PAULO INTERIOR|02 - CONEXOES KRONA|VAREJO|MAI25
02 - CONEXOES KRONA;SAO PAULO INTERIOR;SP;VAREJO;2025-06-01;55610,90;SAO PAULO INTERIOR|02 - CONEXOES KRONA|VAREJO|JUN25
02 - CONEXOES KRONA;SAO PAULO INTERIOR;SP;VAREJO;2025-07-01;44385,87;SAO PAULO INTERIOR|02 - CONEXOES KRONA|VAREJO|JUL25
02 - CONEXOES KRONA;SAO PAULO INTERIOR;SP;VAREJO;2025-08-01;31139,49;SAO PAULO INTERIOR|02 - CONEXOES KRONA|VAREJO|AGO25
02 - CONEXOES KRONA;SAO PAULO INTERIOR;SP;VAREJO;2025-09-01;32022,94;SAO PAULO INTERIOR|02 - CONEXOES KRONA|VAREJO|SET25
02 - CONEXOES KRONA;SAO PAULO INTERIOR;SP;VAREJO;2025-10-01;31018,92;SAO PAULO INTERIOR|02 - CONEXOES KRONA|VAREJO|OUT25
02 - CONEXOES KRONA;SAO PAULO INTERIOR;SP;VAREJO;2025-11-01;33878,58;SAO PAULO INTERIOR|02 - CONEXOES KRONA|VAREJO|NOV25
02 - CONEXOES KRONA;SAO PAULO INTERIOR;SP;VAREJO;2025-12-01;37662,70;SAO PAULO INTERIOR|02 - CONEXOES KRONA|VAREJO|DEZ25
02 - CONEXOES KRONA;TELEVENDAS;TELEVENDAS;ATACADO;2025-02-01;246,44;TELEVENDAS|02 - CONEXOES KRONA|ATACADO|FEV25
02 - CONEXOES KRONA;TELEVENDAS;TELEVENDAS;ATACADO;2025-03-01;22,75;TELEVENDAS|02 - CONEXOES KRONA|ATACADO|MAR25
02 - CONEXOES KRONA;TELEVENDAS;TELEVENDAS;ATACADO;2025-04-01;1224,36;TELEVENDAS|02 - CONEXOES KRONA|ATACADO|ABR25
02 - CONEXOES KRONA;TELEVENDAS;TELEVENDAS;ATACADO;2025-05-01;543,33;TELEVENDAS|02 - CONEXOES KRONA|ATACADO|MAI25
02 - CONEXOES KRONA;TELEVENDAS;TELEVENDAS;ATACADO;2025-06-01;1207,53;TELEVENDAS|02 - CONEXOES KRONA|ATACADO|JUN25
02 - CONEXOES KRONA;TELEVENDAS;TELEVENDAS;ATACADO;2025-07-01;1311,86;TELEVENDAS|02 - CONEXOES KRONA|ATACADO|JUL25
02 - CONEXOES KRONA;TELEVENDAS;TELEVENDAS;ATACADO;2025-08-01;94,04;TELEVENDAS|02 - CONEXOES KRONA|ATACADO|AGO25
02 - CONEXOES KRONA;TELEVENDAS;TELEVENDAS;ATACADO;2025-09-01;294,51;TELEVENDAS|02 - CONEXOES KRONA|ATACADO|SET25
02 - CONEXOES KRONA;TELEVENDAS;TELEVENDAS;ATACADO;2025-10-01;431,63;TELEVENDAS|02 - CONEXOES KRONA|ATACADO|OUT25
02 - CONEXOES KRONA;TELEVENDAS;TELEVENDAS;ATACADO;2025-11-01;119,01;TELEVENDAS|02 - CONEXOES KRONA|ATACADO|NOV25
02 - CONEXOES KRONA;TELEVENDAS;TELEVENDAS;ATACADO;2025-12-01;69,40;TELEVENDAS|02 - CONEXOES KRONA|ATACADO|DEZ25
02 - CONEXOES KRONA;TELEVENDAS;TELEVENDAS;IRRIGACAO;2025-01-01;78,95;TELEVENDAS|02 - CONEXOES KRONA|IRRIGACAO|JAN25
02 - CONEXOES KRONA;TELEVENDAS;TELEVENDAS;IRRIGACAO;2025-02-01;795,23;TELEVENDAS|02 - CONEXOES KRONA|IRRIGACAO|FEV25
02 - CONEXOES KRONA;TELEVENDAS;TELEVENDAS;IRRIGACAO;2025-03-01;112,08;TELEVENDAS|02 - CONEXOES KRONA|IRRIGACAO|MAR25
02 - CONEXOES KRONA;TELEVENDAS;TELEVENDAS;IRRIGACAO;2025-04-01;160,78;TELEVENDAS|02 - CONEXOES KRONA|IRRIGACAO|ABR25
02 - CONEXOES KRONA;TELEVENDAS;TELEVENDAS;IRRIGACAO;2025-05-01;340,05;TELEVENDAS|02 - CONEXOES KRONA|IRRIGACAO|MAI25
02 - CONEXOES KRONA;TELEVENDAS;TELEVENDAS;IRRIGACAO;2025-07-01;64,76;TELEVENDAS|02 - CONEXOES KRONA|IRRIGACAO|JUL25
02 - CONEXOES KRONA;TELEVENDAS;TELEVENDAS;IRRIGACAO;2025-09-01;44,50;TELEVENDAS|02 - CONEXOES KRONA|IRRIGACAO|SET25
02 - CONEXOES KRONA;TELEVENDAS;TELEVENDAS;IRRIGACAO;2025-10-01;64,79;TELEVENDAS|02 - CONEXOES KRONA|IRRIGACAO|OUT25
02 - CONEXOES KRONA;TELEVENDAS;TELEVENDAS;OUTROS;2025-01-01;956,20;TELEVENDAS|02 - CONEXOES KRONA|OUTROS|JAN25
02 - CONEXOES KRONA;TELEVENDAS;TELEVENDAS;OUTROS;2025-02-01;908,86;TELEVENDAS|02 - CONEXOES KRONA|OUTROS|FEV25
02 - CONEXOES KRONA;TELEVENDAS;TELEVENDAS;OUTROS;2025-03-01;2480,91;TELEVENDAS|02 - CONEXOES KRONA|OUTROS|MAR25
02 - CONEXOES KRONA;TELEVENDAS;TELEVENDAS;OUTROS;2025-04-01;1974,24;TELEVENDAS|02 - CONEXOES KRONA|OUTROS|ABR25
02 - CONEXOES KRONA;TELEVENDAS;TELEVENDAS;OUTROS;2025-05-01;1860,40;TELEVENDAS|02 - CONEXOES KRONA|OUTROS|MAI25
02 - CONEXOES KRONA;TELEVENDAS;TELEVENDAS;OUTROS;2025-06-01;2098,58;TELEVENDAS|02 - CONEXOES KRONA|OUTROS|JUN25
02 - CONEXOES KRONA;TELEVENDAS;TELEVENDAS;OUTROS;2025-07-01;1095,12;TELEVENDAS|02 - CONEXOES KRONA|OUTROS|JUL25
02 - CONEXOES KRONA;TELEVENDAS;TELEVENDAS;OUTROS;2025-08-01;1183,68;TELEVENDAS|02 - CONEXOES KRONA|OUTROS|AGO25
02 - CONEXOES KRONA;TELEVENDAS;TELEVENDAS;OUTROS;2025-09-01;1462,53;TELEVENDAS|02 - CONEXOES KRONA|OUTROS|SET25
02 - CONEXOES KRONA;TELEVENDAS;TELEVENDAS;OUTROS;2025-10-01;1370,10;TELEVENDAS|02 - CONEXOES KRONA|OUTROS|OUT25
02 - CONEXOES KRONA;TELEVENDAS;TELEVENDAS;OUTROS;2025-11-01;1152,59;TELEVENDAS|02 - CONEXOES KRONA|OUTROS|NOV25
02 - CONEXOES KRONA;TELEVENDAS;TELEVENDAS;OUTROS;2025-12-01;794,00;TELEVENDAS|02 - CONEXOES KRONA|OUTROS|DEZ25
02 - CONEXOES KRONA;TELEVENDAS;TELEVENDAS;VAREJO;2025-01-01;16922,93;TELEVENDAS|02 - CONEXOES KRONA|VAREJO|JAN25
02 - CONEXOES KRONA;TELEVENDAS;TELEVENDAS;VAREJO;2025-02-01;25177,36;TELEVENDAS|02 - CONEXOES KRONA|VAREJO|FEV25
02 - CONEXOES KRONA;TELEVENDAS;TELEVENDAS;VAREJO;2025-03-01;17286,96;TELEVENDAS|02 - CONEXOES KRONA|VAREJO|MAR25
02 - CONEXOES KRONA;TELEVENDAS;TELEVENDAS;VAREJO;2025-04-01;16665,19;TELEVENDAS|02 - CONEXOES KRONA|VAREJO|ABR25
02 - CONEXOES KRONA;TELEVENDAS;TELEVENDAS;VAREJO;2025-05-01;27210,18;TELEVENDAS|02 - CONEXOES KRONA|VAREJO|MAI25
02 - CONEXOES KRONA;TELEVENDAS;TELEVENDAS;VAREJO;2025-06-01;37740,37;TELEVENDAS|02 - CONEXOES KRONA|VAREJO|JUN25
02 - CONEXOES KRONA;TELEVENDAS;TELEVENDAS;VAREJO;2025-07-01;22618,99;TELEVENDAS|02 - CONEXOES KRONA|VAREJO|JUL25
02 - CONEXOES KRONA;TELEVENDAS;TELEVENDAS;VAREJO;2025-08-01;21240,01;TELEVENDAS|02 - CONEXOES KRONA|VAREJO|AGO25
02 - CONEXOES KRONA;TELEVENDAS;TELEVENDAS;VAREJO;2025-09-01;20114,91;TELEVENDAS|02 - CONEXOES KRONA|VAREJO|SET25
02 - CONEXOES KRONA;TELEVENDAS;TELEVENDAS;VAREJO;2025-10-01;21711,66;TELEVENDAS|02 - CONEXOES KRONA|VAREJO|OUT25
02 - CONEXOES KRONA;TELEVENDAS;TELEVENDAS;VAREJO;2025-11-01;22302,20;TELEVENDAS|02 - CONEXOES KRONA|VAREJO|NOV25
02 - CONEXOES KRONA;TELEVENDAS;TELEVENDAS;VAREJO;2025-12-01;32483,86;TELEVENDAS|02 - CONEXOES KRONA|VAREJO|DEZ25
03 - ACESSORIOS KRONA;CENTRO OESTE;CO NO;ATACADO;2025-01-01;34278,90;CENTRO OESTE|03 - ACESSORIOS KRONA|ATACADO|JAN25
03 - ACESSORIOS KRONA;CENTRO OESTE;CO NO;ATACADO;2025-02-01;7878,27;CENTRO OESTE|03 - ACESSORIOS KRONA|ATACADO|FEV25
03 - ACESSORIOS KRONA;CENTRO OESTE;CO NO;ATACADO;2025-03-01;26793,41;CENTRO OESTE|03 - ACESSORIOS KRONA|ATACADO|MAR25
03 - ACESSORIOS KRONA;CENTRO OESTE;CO NO;ATACADO;2025-04-01;16028,94;CENTRO OESTE|03 - ACESSORIOS KRONA|ATACADO|ABR25
03 - ACESSORIOS KRONA;CENTRO OESTE;CO NO;ATACADO;2025-05-01;31814,74;CENTRO OESTE|03 - ACESSORIOS KRONA|ATACADO|MAI25
03 - ACESSORIOS KRONA;CENTRO OESTE;CO NO;ATACADO;2025-06-01;63187,54;CENTRO OESTE|03 - ACESSORIOS KRONA|ATACADO|JUN25
03 - ACESSORIOS KRONA;CENTRO OESTE;CO NO;ATACADO;2025-07-01;20340,37;CENTRO OESTE|03 - ACESSORIOS KRONA|ATACADO|JUL25
03 - ACESSORIOS KRONA;CENTRO OESTE;CO NO;ATACADO;2025-08-01;16095,99;CENTRO OESTE|03 - ACESSORIOS KRONA|ATACADO|AGO25
03 - ACESSORIOS KRONA;CENTRO OESTE;CO NO;ATACADO;2025-09-01;28495,08;CENTRO OESTE|03 - ACESSORIOS KRONA|ATACADO|SET25
03 - ACESSORIOS KRONA;CENTRO OESTE;CO NO;ATACADO;2025-10-01;22171,34;CENTRO OESTE|03 - ACESSORIOS KRONA|ATACADO|OUT25
03 - ACESSORIOS KRONA;CENTRO OESTE;CO NO;ATACADO;2025-11-01;12939,23;CENTRO OESTE|03 - ACESSORIOS KRONA|ATACADO|NOV25
03 - ACESSORIOS KRONA;CENTRO OESTE;CO NO;ATACADO;2025-12-01;31149,52;CENTRO OESTE|03 - ACESSORIOS KRONA|ATACADO|DEZ25
03 - ACESSORIOS KRONA;CENTRO OESTE;CO NO;OUTROS;2025-01-01;51,50;CENTRO OESTE|03 - ACESSORIOS KRONA|OUTROS|JAN25
03 - ACESSORIOS KRONA;CENTRO OESTE;CO NO;OUTROS;2025-02-01;33,20;CENTRO OESTE|03 - ACESSORIOS KRONA|OUTROS|FEV25
03 - ACESSORIOS KRONA;CENTRO OESTE;CO NO;OUTROS;2025-06-01;190,90;CENTRO OESTE|03 - ACESSORIOS KRONA|OUTROS|JUN25
03 - ACESSORIOS KRONA;CENTRO OESTE;CO NO;OUTROS;2025-08-01;45,23;CENTRO OESTE|03 - ACESSORIOS KRONA|OUTROS|AGO25
03 - ACESSORIOS KRONA;CENTRO OESTE;CO NO;OUTROS;2025-09-01;199,66;CENTRO OESTE|03 - ACESSORIOS KRONA|OUTROS|SET25
03 - ACESSORIOS KRONA;CENTRO OESTE;CO NO;OUTROS;2025-10-01;42,27;CENTRO OESTE|03 - ACESSORIOS KRONA|OUTROS|OUT25
03 - ACESSORIOS KRONA;CENTRO OESTE;CO NO;OUTROS;2025-11-01;7,66;CENTRO OESTE|03 - ACESSORIOS KRONA|OUTROS|NOV25
03 - ACESSORIOS KRONA;CENTRO OESTE;CO NO;OUTROS;2025-12-01;12,71;CENTRO OESTE|03 - ACESSORIOS KRONA|OUTROS|DEZ25
03 - ACESSORIOS KRONA;CENTRO OESTE;CO NO;VAREJO;2025-01-01;4893,98;CENTRO OESTE|03 - ACESSORIOS KRONA|VAREJO|JAN25
03 - ACESSORIOS KRONA;CENTRO OESTE;CO NO;VAREJO;2025-02-01;3469,27;CENTRO OESTE|03 - ACESSORIOS KRONA|VAREJO|FEV25
03 - ACESSORIOS KRONA;CENTRO OESTE;CO NO;VAREJO;2025-03-01;4428,54;CENTRO OESTE|03 - ACESSORIOS KRONA|VAREJO|MAR25
03 - ACESSORIOS KRONA;CENTRO OESTE;CO NO;VAREJO;2025-04-01;3990,84;CENTRO OESTE|03 - ACESSORIOS KRONA|VAREJO|ABR25
03 - ACESSORIOS KRONA;CENTRO OESTE;CO NO;VAREJO;2025-05-01;3935,99;CENTRO OESTE|03 - ACESSORIOS KRONA|VAREJO|MAI25
03 - ACESSORIOS KRONA;CENTRO OESTE;CO NO;VAREJO;2025-06-01;11152,99;CENTRO OESTE|03 - ACESSORIOS KRONA|VAREJO|JUN25
03 - ACESSORIOS KRONA;CENTRO OESTE;CO NO;VAREJO;2025-07-01;4877,57;CENTRO OESTE|03 - ACESSORIOS KRONA|VAREJO|JUL25
03 - ACESSORIOS KRONA;CENTRO OESTE;CO NO;VAREJO;2025-08-01;5127,18;CENTRO OESTE|03 - ACESSORIOS KRONA|VAREJO|AGO25
03 - ACESSORIOS KRONA;CENTRO OESTE;CO NO;VAREJO;2025-09-01;3618,05;CENTRO OESTE|03 - ACESSORIOS KRONA|VAREJO|SET25
03 - ACESSORIOS KRONA;CENTRO OESTE;CO NO;VAREJO;2025-10-01;3619,26;CENTRO OESTE|03 - ACESSORIOS KRONA|VAREJO|OUT25
03 - ACESSORIOS KRONA;CENTRO OESTE;CO NO;VAREJO;2025-11-01;4668,26;CENTRO OESTE|03 - ACESSORIOS KRONA|VAREJO|NOV25
03 - ACESSORIOS KRONA;CENTRO OESTE;CO NO;VAREJO;2025-12-01;3570,18;CENTRO OESTE|03 - ACESSORIOS KRONA|VAREJO|DEZ25
03 - ACESSORIOS KRONA;CONSTR CENTRO OESTE;CONSTRUTORA;CONSTRUTORA;2025-01-01;297,86;CONSTR CENTRO OESTE|03 - ACESSORIOS KRONA|CONSTRUTORA|JAN25
03 - ACESSORIOS KRONA;CONSTR CENTRO OESTE;CONSTRUTORA;CONSTRUTORA;2025-02-01;80,46;CONSTR CENTRO OESTE|03 - ACESSORIOS KRONA|CONSTRUTORA|FEV25
03 - ACESSORIOS KRONA;CONSTR CENTRO OESTE;CONSTRUTORA;CONSTRUTORA;2025-03-01;55,15;CONSTR CENTRO OESTE|03 - ACESSORIOS KRONA|CONSTRUTORA|MAR25
03 - ACESSORIOS KRONA;CONSTR CENTRO OESTE;CONSTRUTORA;CONSTRUTORA;2025-04-01;65,14;CONSTR CENTRO OESTE|03 - ACESSORIOS KRONA|CONSTRUTORA|ABR25
03 - ACESSORIOS KRONA;CONSTR CENTRO OESTE;CONSTRUTORA;CONSTRUTORA;2025-05-01;366,66;CONSTR CENTRO OESTE|03 - ACESSORIOS KRONA|CONSTRUTORA|MAI25
03 - ACESSORIOS KRONA;CONSTR CENTRO OESTE;CONSTRUTORA;CONSTRUTORA;2025-06-01;123,22;CONSTR CENTRO OESTE|03 - ACESSORIOS KRONA|CONSTRUTORA|JUN25
03 - ACESSORIOS KRONA;CONSTR CENTRO OESTE;CONSTRUTORA;CONSTRUTORA;2025-07-01;14,74;CONSTR CENTRO OESTE|03 - ACESSORIOS KRONA|CONSTRUTORA|JUL25
03 - ACESSORIOS KRONA;CONSTR CENTRO OESTE;CONSTRUTORA;CONSTRUTORA;2025-08-01;382,63;CONSTR CENTRO OESTE|03 - ACESSORIOS KRONA|CONSTRUTORA|AGO25
03 - ACESSORIOS KRONA;CONSTR CENTRO OESTE;CONSTRUTORA;CONSTRUTORA;2025-09-01;1078,70;CONSTR CENTRO OESTE|03 - ACESSORIOS KRONA|CONSTRUTORA|SET25
03 - ACESSORIOS KRONA;CONSTR CENTRO OESTE;CONSTRUTORA;CONSTRUTORA;2025-10-01;87,51;CONSTR CENTRO OESTE|03 - ACESSORIOS KRONA|CONSTRUTORA|OUT25
03 - ACESSORIOS KRONA;CONSTR CENTRO OESTE;CONSTRUTORA;CONSTRUTORA;2025-11-01;843,48;CONSTR CENTRO OESTE|03 - ACESSORIOS KRONA|CONSTRUTORA|NOV25
03 - ACESSORIOS KRONA;CONSTR CENTRO OESTE;CONSTRUTORA;CONSTRUTORA;2025-12-01;55,42;CONSTR CENTRO OESTE|03 - ACESSORIOS KRONA|CONSTRUTORA|DEZ25
03 - ACESSORIOS KRONA;CONSTR CENTRO OESTE;CONSTRUTORA;VAREJO;2025-02-01;1,37;CONSTR CENTRO OESTE|03 - ACESSORIOS KRONA|VAREJO|FEV25
03 - ACESSORIOS KRONA;CONSTR NORDESTE;CONSTRUTORA;CONSTRUTORA;2025-01-01;4462,85;CONSTR NORDESTE|03 - ACESSORIOS KRONA|CONSTRUTORA|JAN25
03 - ACESSORIOS KRONA;CONSTR NORDESTE;CONSTRUTORA;CONSTRUTORA;2025-02-01;2248,38;CONSTR NORDESTE|03 - ACESSORIOS KRONA|CONSTRUTORA|FEV25
03 - ACESSORIOS KRONA;CONSTR NORDESTE;CONSTRUTORA;CONSTRUTORA;2025-03-01;3032,71;CONSTR NORDESTE|03 - ACESSORIOS KRONA|CONSTRUTORA|MAR25
03 - ACESSORIOS KRONA;CONSTR NORDESTE;CONSTRUTORA;CONSTRUTORA;2025-04-01;3503,39;CONSTR NORDESTE|03 - ACESSORIOS KRONA|CONSTRUTORA|ABR25
03 - ACESSORIOS KRONA;CONSTR NORDESTE;CONSTRUTORA;CONSTRUTORA;2025-05-01;4560,10;CONSTR NORDESTE|03 - ACESSORIOS KRONA|CONSTRUTORA|MAI25
03 - ACESSORIOS KRONA;CONSTR NORDESTE;CONSTRUTORA;CONSTRUTORA;2025-06-01;5653,24;CONSTR NORDESTE|03 - ACESSORIOS KRONA|CONSTRUTORA|JUN25
03 - ACESSORIOS KRONA;CONSTR NORDESTE;CONSTRUTORA;CONSTRUTORA;2025-07-01;2588,55;CONSTR NORDESTE|03 - ACESSORIOS KRONA|CONSTRUTORA|JUL25
03 - ACESSORIOS KRONA;CONSTR NORDESTE;CONSTRUTORA;CONSTRUTORA;2025-08-01;4074,94;CONSTR NORDESTE|03 - ACESSORIOS KRONA|CONSTRUTORA|AGO25
03 - ACESSORIOS KRONA;CONSTR NORDESTE;CONSTRUTORA;CONSTRUTORA;2025-09-01;3107,89;CONSTR NORDESTE|03 - ACESSORIOS KRONA|CONSTRUTORA|SET25
03 - ACESSORIOS KRONA;CONSTR NORDESTE;CONSTRUTORA;CONSTRUTORA;2025-10-01;2798,25;CONSTR NORDESTE|03 - ACESSORIOS KRONA|CONSTRUTORA|OUT25
03 - ACESSORIOS KRONA;CONSTR NORDESTE;CONSTRUTORA;CONSTRUTORA;2025-11-01;3057,18;CONSTR NORDESTE|03 - ACESSORIOS KRONA|CONSTRUTORA|NOV25
03 - ACESSORIOS KRONA;CONSTR NORDESTE;CONSTRUTORA;CONSTRUTORA;2025-12-01;3909,81;CONSTR NORDESTE|03 - ACESSORIOS KRONA|CONSTRUTORA|DEZ25
03 - ACESSORIOS KRONA;CONSTR NORDESTE;CONSTRUTORA;OUTROS;2025-03-01;203,77;CONSTR NORDESTE|03 - ACESSORIOS KRONA|OUTROS|MAR25
03 - ACESSORIOS KRONA;CONSTR NORDESTE;CONSTRUTORA;OUTROS;2025-10-01;5,10;CONSTR NORDESTE|03 - ACESSORIOS KRONA|OUTROS|OUT25
03 - ACESSORIOS KRONA;CONSTR NORTE;CONSTRUTORA;CONSTRUTORA;2025-01-01;19,34;CONSTR NORTE|03 - ACESSORIOS KRONA|CONSTRUTORA|JAN25
03 - ACESSORIOS KRONA;CONSTR NORTE;CONSTRUTORA;CONSTRUTORA;2025-02-01;14,23;CONSTR NORTE|03 - ACESSORIOS KRONA|CONSTRUTORA|FEV25
03 - ACESSORIOS KRONA;CONSTR NORTE;CONSTRUTORA;CONSTRUTORA;2025-04-01;150,35;CONSTR NORTE|03 - ACESSORIOS KRONA|CONSTRUTORA|ABR25
03 - ACESSORIOS KRONA;CONSTR NORTE;CONSTRUTORA;CONSTRUTORA;2025-05-01;36,01;CONSTR NORTE|03 - ACESSORIOS KRONA|CONSTRUTORA|MAI25
03 - ACESSORIOS KRONA;CONSTR NORTE;CONSTRUTORA;CONSTRUTORA;2025-06-01;56,06;CONSTR NORTE|03 - ACESSORIOS KRONA|CONSTRUTORA|JUN25
03 - ACESSORIOS KRONA;CONSTR NORTE;CONSTRUTORA;CONSTRUTORA;2025-07-01;41,20;CONSTR NORTE|03 - ACESSORIOS KRONA|CONSTRUTORA|JUL25
03 - ACESSORIOS KRONA;CONSTR NORTE;CONSTRUTORA;CONSTRUTORA;2025-08-01;138,14;CONSTR NORTE|03 - ACESSORIOS KRONA|CONSTRUTORA|AGO25
03 - ACESSORIOS KRONA;CONSTR NORTE;CONSTRUTORA;CONSTRUTORA;2025-09-01;0,44;CONSTR NORTE|03 - ACESSORIOS KRONA|CONSTRUTORA|SET25
03 - ACESSORIOS KRONA;CONSTR NORTE;CONSTRUTORA;CONSTRUTORA;2025-10-01;593,95;CONSTR NORTE|03 - ACESSORIOS KRONA|CONSTRUTORA|OUT25
03 - ACESSORIOS KRONA;CONSTR NORTE;CONSTRUTORA;CONSTRUTORA;2025-11-01;48,74;CONSTR NORTE|03 - ACESSORIOS KRONA|CONSTRUTORA|NOV25
03 - ACESSORIOS KRONA;CONSTR NORTE;CONSTRUTORA;CONSTRUTORA;2025-12-01;31,60;CONSTR NORTE|03 - ACESSORIOS KRONA|CONSTRUTORA|DEZ25
03 - ACESSORIOS KRONA;CONSTR SAO PAULO;CONSTRUTORA;CONSTRUTORA;2025-01-01;60,72;CONSTR SAO PAULO|03 - ACESSORIOS KRONA|CONSTRUTORA|JAN25
03 - ACESSORIOS KRONA;CONSTR SAO PAULO;CONSTRUTORA;CONSTRUTORA;2025-02-01;147,44;CONSTR SAO PAULO|03 - ACESSORIOS KRONA|CONSTRUTORA|FEV25
03 - ACESSORIOS KRONA;CONSTR SAO PAULO;CONSTRUTORA;CONSTRUTORA;2025-03-01;219,90;CONSTR SAO PAULO|03 - ACESSORIOS KRONA|CONSTRUTORA|MAR25
03 - ACESSORIOS KRONA;CONSTR SAO PAULO;CONSTRUTORA;CONSTRUTORA;2025-04-01;151,94;CONSTR SAO PAULO|03 - ACESSORIOS KRONA|CONSTRUTORA|ABR25
03 - ACESSORIOS KRONA;CONSTR SAO PAULO;CONSTRUTORA;CONSTRUTORA;2025-05-01;1117,89;CONSTR SAO PAULO|03 - ACESSORIOS KRONA|CONSTRUTORA|MAI25
03 - ACESSORIOS KRONA;CONSTR SAO PAULO;CONSTRUTORA;CONSTRUTORA;2025-06-01;776,26;CONSTR SAO PAULO|03 - ACESSORIOS KRONA|CONSTRUTORA|JUN25
03 - ACESSORIOS KRONA;CONSTR SAO PAULO;CONSTRUTORA;CONSTRUTORA;2025-07-01;753,20;CONSTR SAO PAULO|03 - ACESSORIOS KRONA|CONSTRUTORA|JUL25
03 - ACESSORIOS KRONA;CONSTR SAO PAULO;CONSTRUTORA;CONSTRUTORA;2025-08-01;212,37;CONSTR SAO PAULO|03 - ACESSORIOS KRONA|CONSTRUTORA|AGO25
03 - ACESSORIOS KRONA;CONSTR SAO PAULO;CONSTRUTORA;CONSTRUTORA;2025-09-01;337,55;CONSTR SAO PAULO|03 - ACESSORIOS KRONA|CONSTRUTORA|SET25
03 - ACESSORIOS KRONA;CONSTR SAO PAULO;CONSTRUTORA;CONSTRUTORA;2025-10-01;265,38;CONSTR SAO PAULO|03 - ACESSORIOS KRONA|CONSTRUTORA|OUT25
03 - ACESSORIOS KRONA;CONSTR SAO PAULO;CONSTRUTORA;CONSTRUTORA;2025-11-01;734,32;CONSTR SAO PAULO|03 - ACESSORIOS KRONA|CONSTRUTORA|NOV25
03 - ACESSORIOS KRONA;CONSTR SAO PAULO;CONSTRUTORA;CONSTRUTORA;2025-12-01;246,32;CONSTR SAO PAULO|03 - ACESSORIOS KRONA|CONSTRUTORA|DEZ25
03 - ACESSORIOS KRONA;CONSTR SAO PAULO;CONSTRUTORA;VAREJO;2025-01-01;21,86;CONSTR SAO PAULO|03 - ACESSORIOS KRONA|VAREJO|JAN25
03 - ACESSORIOS KRONA;CONSTR SUDESTE;CONSTRUTORA;ATACADO;2025-02-01;13,49;CONSTR SUDESTE|03 - ACESSORIOS KRONA|ATACADO|FEV25
03 - ACESSORIOS KRONA;CONSTR SUDESTE;CONSTRUTORA;CONSTRUTORA;2025-01-01;136,73;CONSTR SUDESTE|03 - ACESSORIOS KRONA|CONSTRUTORA|JAN25
03 - ACESSORIOS KRONA;CONSTR SUDESTE;CONSTRUTORA;CONSTRUTORA;2025-02-01;97,14;CONSTR SUDESTE|03 - ACESSORIOS KRONA|CONSTRUTORA|FEV25
03 - ACESSORIOS KRONA;CONSTR SUDESTE;CONSTRUTORA;CONSTRUTORA;2025-03-01;537,33;CONSTR SUDESTE|03 - ACESSORIOS KRONA|CONSTRUTORA|MAR25
03 - ACESSORIOS KRONA;CONSTR SUDESTE;CONSTRUTORA;CONSTRUTORA;2025-04-01;579,75;CONSTR SUDESTE|03 - ACESSORIOS KRONA|CONSTRUTORA|ABR25
03 - ACESSORIOS KRONA;CONSTR SUDESTE;CONSTRUTORA;CONSTRUTORA;2025-05-01;83,66;CONSTR SUDESTE|03 - ACESSORIOS KRONA|CONSTRUTORA|MAI25
03 - ACESSORIOS KRONA;CONSTR SUDESTE;CONSTRUTORA;CONSTRUTORA;2025-06-01;80,99;CONSTR SUDESTE|03 - ACESSORIOS KRONA|CONSTRUTORA|JUN25
03 - ACESSORIOS KRONA;CONSTR SUDESTE;CONSTRUTORA;CONSTRUTORA;2025-07-01;136,84;CONSTR SUDESTE|03 - ACESSORIOS KRONA|CONSTRUTORA|JUL25
03 - ACESSORIOS KRONA;CONSTR SUDESTE;CONSTRUTORA;CONSTRUTORA;2025-08-01;96,36;CONSTR SUDESTE|03 - ACESSORIOS KRONA|CONSTRUTORA|AGO25
03 - ACESSORIOS KRONA;CONSTR SUDESTE;CONSTRUTORA;CONSTRUTORA;2025-09-01;93,04;CONSTR SUDESTE|03 - ACESSORIOS KRONA|CONSTRUTORA|SET25
03 - ACESSORIOS KRONA;CONSTR SUDESTE;CONSTRUTORA;CONSTRUTORA;2025-10-01;31,92;CONSTR SUDESTE|03 - ACESSORIOS KRONA|CONSTRUTORA|OUT25
03 - ACESSORIOS KRONA;CONSTR SUDESTE;CONSTRUTORA;CONSTRUTORA;2025-11-01;760,58;CONSTR SUDESTE|03 - ACESSORIOS KRONA|CONSTRUTORA|NOV25
03 - ACESSORIOS KRONA;CONSTR SUDESTE;CONSTRUTORA;CONSTRUTORA;2025-12-01;545,10;CONSTR SUDESTE|03 - ACESSORIOS KRONA|CONSTRUTORA|DEZ25
03 - ACESSORIOS KRONA;CONSTR SUL;CONSTRUTORA;CONSTRUTORA;2025-01-01;543,73;CONSTR SUL|03 - ACESSORIOS KRONA|CONSTRUTORA|JAN25
03 - ACESSORIOS KRONA;CONSTR SUL;CONSTRUTORA;CONSTRUTORA;2025-02-01;1185,33;CONSTR SUL|03 - ACESSORIOS KRONA|CONSTRUTORA|FEV25
03 - ACESSORIOS KRONA;CONSTR SUL;CONSTRUTORA;CONSTRUTORA;2025-03-01;1055,94;CONSTR SUL|03 - ACESSORIOS KRONA|CONSTRUTORA|MAR25
03 - ACESSORIOS KRONA;CONSTR SUL;CONSTRUTORA;CONSTRUTORA;2025-04-01;1026,51;CONSTR SUL|03 - ACESSORIOS KRONA|CONSTRUTORA|ABR25
03 - ACESSORIOS KRONA;CONSTR SUL;CONSTRUTORA;CONSTRUTORA;2025-05-01;1082,09;CONSTR SUL|03 - ACESSORIOS KRONA|CONSTRUTORA|MAI25
03 - ACESSORIOS KRONA;CONSTR SUL;CONSTRUTORA;CONSTRUTORA;2025-06-01;1542,99;CONSTR SUL|03 - ACESSORIOS KRONA|CONSTRUTORA|JUN25
03 - ACESSORIOS KRONA;CONSTR SUL;CONSTRUTORA;CONSTRUTORA;2025-07-01;1237,87;CONSTR SUL|03 - ACESSORIOS KRONA|CONSTRUTORA|JUL25
03 - ACESSORIOS KRONA;CONSTR SUL;CONSTRUTORA;CONSTRUTORA;2025-08-01;1623,73;CONSTR SUL|03 - ACESSORIOS KRONA|CONSTRUTORA|AGO25
03 - ACESSORIOS KRONA;CONSTR SUL;CONSTRUTORA;CONSTRUTORA;2025-09-01;734,24;CONSTR SUL|03 - ACESSORIOS KRONA|CONSTRUTORA|SET25
03 - ACESSORIOS KRONA;CONSTR SUL;CONSTRUTORA;CONSTRUTORA;2025-10-01;895,61;CONSTR SUL|03 - ACESSORIOS KRONA|CONSTRUTORA|OUT25
03 - ACESSORIOS KRONA;CONSTR SUL;CONSTRUTORA;CONSTRUTORA;2025-11-01;925,78;CONSTR SUL|03 - ACESSORIOS KRONA|CONSTRUTORA|NOV25
03 - ACESSORIOS KRONA;CONSTR SUL;CONSTRUTORA;CONSTRUTORA;2025-12-01;508,62;CONSTR SUL|03 - ACESSORIOS KRONA|CONSTRUTORA|DEZ25
03 - ACESSORIOS KRONA;CONSTR SUL;CONSTRUTORA;VAREJO;2025-01-01;4,42;CONSTR SUL|03 - ACESSORIOS KRONA|VAREJO|JAN25
03 - ACESSORIOS KRONA;CONSTR SUL;CONSTRUTORA;VAREJO;2025-02-01;13,17;CONSTR SUL|03 - ACESSORIOS KRONA|VAREJO|FEV25
03 - ACESSORIOS KRONA;CONSTR SUL;CONSTRUTORA;VAREJO;2025-04-01;6,40;CONSTR SUL|03 - ACESSORIOS KRONA|VAREJO|ABR25
03 - ACESSORIOS KRONA;CONSTR SUL;CONSTRUTORA;VAREJO;2025-09-01;9,57;CONSTR SUL|03 - ACESSORIOS KRONA|VAREJO|SET25
03 - ACESSORIOS KRONA;EXPORTACAO;EXPORTACAO;EXPORTACAO;2025-01-01;16976,73;EXPORTACAO|03 - ACESSORIOS KRONA|EXPORTACAO|JAN25
03 - ACESSORIOS KRONA;EXPORTACAO;EXPORTACAO;EXPORTACAO;2025-02-01;3321,49;EXPORTACAO|03 - ACESSORIOS KRONA|EXPORTACAO|FEV25
03 - ACESSORIOS KRONA;EXPORTACAO;EXPORTACAO;EXPORTACAO;2025-03-01;14528,69;EXPORTACAO|03 - ACESSORIOS KRONA|EXPORTACAO|MAR25
03 - ACESSORIOS KRONA;EXPORTACAO;EXPORTACAO;EXPORTACAO;2025-04-01;9192,52;EXPORTACAO|03 - ACESSORIOS KRONA|EXPORTACAO|ABR25
03 - ACESSORIOS KRONA;EXPORTACAO;EXPORTACAO;EXPORTACAO;2025-05-01;13537,58;EXPORTACAO|03 - ACESSORIOS KRONA|EXPORTACAO|MAI25
03 - ACESSORIOS KRONA;EXPORTACAO;EXPORTACAO;EXPORTACAO;2025-06-01;17564,02;EXPORTACAO|03 - ACESSORIOS KRONA|EXPORTACAO|JUN25
03 - ACESSORIOS KRONA;EXPORTACAO;EXPORTACAO;EXPORTACAO;2025-07-01;18120,92;EXPORTACAO|03 - ACESSORIOS KRONA|EXPORTACAO|JUL25
03 - ACESSORIOS KRONA;EXPORTACAO;EXPORTACAO;EXPORTACAO;2025-08-01;25667,78;EXPORTACAO|03 - ACESSORIOS KRONA|EXPORTACAO|AGO25
03 - ACESSORIOS KRONA;EXPORTACAO;EXPORTACAO;EXPORTACAO;2025-09-01;12391,31;EXPORTACAO|03 - ACESSORIOS KRONA|EXPORTACAO|SET25
03 - ACESSORIOS KRONA;EXPORTACAO;EXPORTACAO;EXPORTACAO;2025-10-01;486,77;EXPORTACAO|03 - ACESSORIOS KRONA|EXPORTACAO|OUT25
03 - ACESSORIOS KRONA;EXPORTACAO;EXPORTACAO;EXPORTACAO;2025-11-01;8801,23;EXPORTACAO|03 - ACESSORIOS KRONA|EXPORTACAO|NOV25
03 - ACESSORIOS KRONA;EXPORTACAO;EXPORTACAO;EXPORTACAO;2025-12-01;8841,25;EXPORTACAO|03 - ACESSORIOS KRONA|EXPORTACAO|DEZ25
03 - ACESSORIOS KRONA;IRRIGACAO 1;IRRIGACAO;IRRIGACAO;2025-01-01;50,47;IRRIGACAO 1|03 - ACESSORIOS KRONA|IRRIGACAO|JAN25
03 - ACESSORIOS KRONA;IRRIGACAO 1;IRRIGACAO;IRRIGACAO;2025-02-01;60,63;IRRIGACAO 1|03 - ACESSORIOS KRONA|IRRIGACAO|FEV25
03 - ACESSORIOS KRONA;IRRIGACAO 1;IRRIGACAO;IRRIGACAO;2025-03-01;16,29;IRRIGACAO 1|03 - ACESSORIOS KRONA|IRRIGACAO|MAR25
03 - ACESSORIOS KRONA;IRRIGACAO 1;IRRIGACAO;IRRIGACAO;2025-04-01;39,91;IRRIGACAO 1|03 - ACESSORIOS KRONA|IRRIGACAO|ABR25
03 - ACESSORIOS KRONA;IRRIGACAO 1;IRRIGACAO;IRRIGACAO;2025-05-01;124,17;IRRIGACAO 1|03 - ACESSORIOS KRONA|IRRIGACAO|MAI25
03 - ACESSORIOS KRONA;IRRIGACAO 1;IRRIGACAO;IRRIGACAO;2025-06-01;128,35;IRRIGACAO 1|03 - ACESSORIOS KRONA|IRRIGACAO|JUN25
03 - ACESSORIOS KRONA;IRRIGACAO 1;IRRIGACAO;IRRIGACAO;2025-07-01;90,21;IRRIGACAO 1|03 - ACESSORIOS KRONA|IRRIGACAO|JUL25
03 - ACESSORIOS KRONA;IRRIGACAO 1;IRRIGACAO;IRRIGACAO;2025-08-01;133,08;IRRIGACAO 1|03 - ACESSORIOS KRONA|IRRIGACAO|AGO25
03 - ACESSORIOS KRONA;IRRIGACAO 1;IRRIGACAO;IRRIGACAO;2025-09-01;96,87;IRRIGACAO 1|03 - ACESSORIOS KRONA|IRRIGACAO|SET25
03 - ACESSORIOS KRONA;IRRIGACAO 1;IRRIGACAO;IRRIGACAO;2025-10-01;139,40;IRRIGACAO 1|03 - ACESSORIOS KRONA|IRRIGACAO|OUT25
03 - ACESSORIOS KRONA;IRRIGACAO 1;IRRIGACAO;IRRIGACAO;2025-11-01;80,41;IRRIGACAO 1|03 - ACESSORIOS KRONA|IRRIGACAO|NOV25
03 - ACESSORIOS KRONA;IRRIGACAO 1;IRRIGACAO;IRRIGACAO;2025-12-01;28,23;IRRIGACAO 1|03 - ACESSORIOS KRONA|IRRIGACAO|DEZ25
03 - ACESSORIOS KRONA;IRRIGACAO 2;IRRIGACAO;IRRIGACAO;2025-01-01;27,00;IRRIGACAO 2|03 - ACESSORIOS KRONA|IRRIGACAO|JAN25
03 - ACESSORIOS KRONA;IRRIGACAO 2;IRRIGACAO;IRRIGACAO;2025-02-01;30,27;IRRIGACAO 2|03 - ACESSORIOS KRONA|IRRIGACAO|FEV25
03 - ACESSORIOS KRONA;IRRIGACAO 2;IRRIGACAO;IRRIGACAO;2025-03-01;52,93;IRRIGACAO 2|03 - ACESSORIOS KRONA|IRRIGACAO|MAR25
03 - ACESSORIOS KRONA;IRRIGACAO 2;IRRIGACAO;IRRIGACAO;2025-04-01;46,76;IRRIGACAO 2|03 - ACESSORIOS KRONA|IRRIGACAO|ABR25
03 - ACESSORIOS KRONA;IRRIGACAO 2;IRRIGACAO;IRRIGACAO;2025-05-01;164,27;IRRIGACAO 2|03 - ACESSORIOS KRONA|IRRIGACAO|MAI25
03 - ACESSORIOS KRONA;IRRIGACAO 2;IRRIGACAO;IRRIGACAO;2025-06-01;30,99;IRRIGACAO 2|03 - ACESSORIOS KRONA|IRRIGACAO|JUN25
03 - ACESSORIOS KRONA;IRRIGACAO 2;IRRIGACAO;IRRIGACAO;2025-07-01;42,96;IRRIGACAO 2|03 - ACESSORIOS KRONA|IRRIGACAO|JUL25
03 - ACESSORIOS KRONA;IRRIGACAO 2;IRRIGACAO;IRRIGACAO;2025-08-01;87,78;IRRIGACAO 2|03 - ACESSORIOS KRONA|IRRIGACAO|AGO25
03 - ACESSORIOS KRONA;IRRIGACAO 2;IRRIGACAO;IRRIGACAO;2025-09-01;99,33;IRRIGACAO 2|03 - ACESSORIOS KRONA|IRRIGACAO|SET25
03 - ACESSORIOS KRONA;IRRIGACAO 2;IRRIGACAO;IRRIGACAO;2025-10-01;83,50;IRRIGACAO 2|03 - ACESSORIOS KRONA|IRRIGACAO|OUT25
03 - ACESSORIOS KRONA;IRRIGACAO 2;IRRIGACAO;IRRIGACAO;2025-11-01;53,70;IRRIGACAO 2|03 - ACESSORIOS KRONA|IRRIGACAO|NOV25
03 - ACESSORIOS KRONA;IRRIGACAO 2;IRRIGACAO;IRRIGACAO;2025-12-01;28,44;IRRIGACAO 2|03 - ACESSORIOS KRONA|IRRIGACAO|DEZ25
03 - ACESSORIOS KRONA;IRRIGACAO 2;IRRIGACAO;VAREJO;2025-08-01;30,90;IRRIGACAO 2|03 - ACESSORIOS KRONA|VAREJO|AGO25
03 - ACESSORIOS KRONA;MINAS GERAIS;MINAS RJ/ES;ATACADO;2025-01-01;32041,71;MINAS GERAIS|03 - ACESSORIOS KRONA|ATACADO|JAN25
03 - ACESSORIOS KRONA;MINAS GERAIS;MINAS RJ/ES;ATACADO;2025-02-01;4680,18;MINAS GERAIS|03 - ACESSORIOS KRONA|ATACADO|FEV25
03 - ACESSORIOS KRONA;MINAS GERAIS;MINAS RJ/ES;ATACADO;2025-03-01;62312,60;MINAS GERAIS|03 - ACESSORIOS KRONA|ATACADO|MAR25
03 - ACESSORIOS KRONA;MINAS GERAIS;MINAS RJ/ES;ATACADO;2025-04-01;5590,00;MINAS GERAIS|03 - ACESSORIOS KRONA|ATACADO|ABR25
03 - ACESSORIOS KRONA;MINAS GERAIS;MINAS RJ/ES;ATACADO;2025-05-01;2985,71;MINAS GERAIS|03 - ACESSORIOS KRONA|ATACADO|MAI25
03 - ACESSORIOS KRONA;MINAS GERAIS;MINAS RJ/ES;ATACADO;2025-06-01;123277,36;MINAS GERAIS|03 - ACESSORIOS KRONA|ATACADO|JUN25
03 - ACESSORIOS KRONA;MINAS GERAIS;MINAS RJ/ES;ATACADO;2025-07-01;8928,24;MINAS GERAIS|03 - ACESSORIOS KRONA|ATACADO|JUL25
03 - ACESSORIOS KRONA;MINAS GERAIS;MINAS RJ/ES;ATACADO;2025-08-01;23696,67;MINAS GERAIS|03 - ACESSORIOS KRONA|ATACADO|AGO25
03 - ACESSORIOS KRONA;MINAS GERAIS;MINAS RJ/ES;ATACADO;2025-09-01;58135,38;MINAS GERAIS|03 - ACESSORIOS KRONA|ATACADO|SET25
03 - ACESSORIOS KRONA;MINAS GERAIS;MINAS RJ/ES;ATACADO;2025-10-01;30046,48;MINAS GERAIS|03 - ACESSORIOS KRONA|ATACADO|OUT25
03 - ACESSORIOS KRONA;MINAS GERAIS;MINAS RJ/ES;ATACADO;2025-11-01;31139,92;MINAS GERAIS|03 - ACESSORIOS KRONA|ATACADO|NOV25
03 - ACESSORIOS KRONA;MINAS GERAIS;MINAS RJ/ES;ATACADO;2025-12-01;35791,23;MINAS GERAIS|03 - ACESSORIOS KRONA|ATACADO|DEZ25
03 - ACESSORIOS KRONA;MINAS GERAIS;MINAS RJ/ES;OUTROS;2025-01-01;360,62;MINAS GERAIS|03 - ACESSORIOS KRONA|OUTROS|JAN25
03 - ACESSORIOS KRONA;MINAS GERAIS;MINAS RJ/ES;OUTROS;2025-02-01;142,22;MINAS GERAIS|03 - ACESSORIOS KRONA|OUTROS|FEV25
03 - ACESSORIOS KRONA;MINAS GERAIS;MINAS RJ/ES;OUTROS;2025-03-01;235,79;MINAS GERAIS|03 - ACESSORIOS KRONA|OUTROS|MAR25
03 - ACESSORIOS KRONA;MINAS GERAIS;MINAS RJ/ES;OUTROS;2025-04-01;235,79;MINAS GERAIS|03 - ACESSORIOS KRONA|OUTROS|ABR25
03 - ACESSORIOS KRONA;MINAS GERAIS;MINAS RJ/ES;OUTROS;2025-05-01;693,50;MINAS GERAIS|03 - ACESSORIOS KRONA|OUTROS|MAI25
03 - ACESSORIOS KRONA;MINAS GERAIS;MINAS RJ/ES;OUTROS;2025-06-01;146,44;MINAS GERAIS|03 - ACESSORIOS KRONA|OUTROS|JUN25
03 - ACESSORIOS KRONA;MINAS GERAIS;MINAS RJ/ES;OUTROS;2025-07-01;5,27;MINAS GERAIS|03 - ACESSORIOS KRONA|OUTROS|JUL25
03 - ACESSORIOS KRONA;MINAS GERAIS;MINAS RJ/ES;OUTROS;2025-09-01;319,47;MINAS GERAIS|03 - ACESSORIOS KRONA|OUTROS|SET25
03 - ACESSORIOS KRONA;MINAS GERAIS;MINAS RJ/ES;OUTROS;2025-10-01;483,61;MINAS GERAIS|03 - ACESSORIOS KRONA|OUTROS|OUT25
03 - ACESSORIOS KRONA;MINAS GERAIS;MINAS RJ/ES;OUTROS;2025-11-01;5,27;MINAS GERAIS|03 - ACESSORIOS KRONA|OUTROS|NOV25
03 - ACESSORIOS KRONA;MINAS GERAIS;MINAS RJ/ES;OUTROS;2025-12-01;244,76;MINAS GERAIS|03 - ACESSORIOS KRONA|OUTROS|DEZ25
03 - ACESSORIOS KRONA;MINAS GERAIS;MINAS RJ/ES;VAREJO;2025-01-01;1583,54;MINAS GERAIS|03 - ACESSORIOS KRONA|VAREJO|JAN25
03 - ACESSORIOS KRONA;MINAS GERAIS;MINAS RJ/ES;VAREJO;2025-02-01;3506,68;MINAS GERAIS|03 - ACESSORIOS KRONA|VAREJO|FEV25
03 - ACESSORIOS KRONA;MINAS GERAIS;MINAS RJ/ES;VAREJO;2025-03-01;1413,13;MINAS GERAIS|03 - ACESSORIOS KRONA|VAREJO|MAR25
03 - ACESSORIOS KRONA;MINAS GERAIS;MINAS RJ/ES;VAREJO;2025-04-01;3167,83;MINAS GERAIS|03 - ACESSORIOS KRONA|VAREJO|ABR25
03 - ACESSORIOS KRONA;MINAS GERAIS;MINAS RJ/ES;VAREJO;2025-05-01;2850,48;MINAS GERAIS|03 - ACESSORIOS KRONA|VAREJO|MAI25
03 - ACESSORIOS KRONA;MINAS GERAIS;MINAS RJ/ES;VAREJO;2025-06-01;5974,82;MINAS GERAIS|03 - ACESSORIOS KRONA|VAREJO|JUN25
03 - ACESSORIOS KRONA;MINAS GERAIS;MINAS RJ/ES;VAREJO;2025-07-01;4011,68;MINAS GERAIS|03 - ACESSORIOS KRONA|VAREJO|JUL25
03 - ACESSORIOS KRONA;MINAS GERAIS;MINAS RJ/ES;VAREJO;2025-08-01;2346,84;MINAS GERAIS|03 - ACESSORIOS KRONA|VAREJO|AGO25
03 - ACESSORIOS KRONA;MINAS GERAIS;MINAS RJ/ES;VAREJO;2025-09-01;2748,03;MINAS GERAIS|03 - ACESSORIOS KRONA|VAREJO|SET25
03 - ACESSORIOS KRONA;MINAS GERAIS;MINAS RJ/ES;VAREJO;2025-10-01;3252,85;MINAS GERAIS|03 - ACESSORIOS KRONA|VAREJO|OUT25
03 - ACESSORIOS KRONA;MINAS GERAIS;MINAS RJ/ES;VAREJO;2025-11-01;3059,90;MINAS GERAIS|03 - ACESSORIOS KRONA|VAREJO|NOV25
03 - ACESSORIOS KRONA;MINAS GERAIS;MINAS RJ/ES;VAREJO;2025-12-01;3797,74;MINAS GERAIS|03 - ACESSORIOS KRONA|VAREJO|DEZ25
03 - ACESSORIOS KRONA;NORDESTE 1;NORDESTE;ATACADO;2025-01-01;3489,08;NORDESTE 1|03 - ACESSORIOS KRONA|ATACADO|JAN25
03 - ACESSORIOS KRONA;NORDESTE 1;NORDESTE;ATACADO;2025-02-01;438,33;NORDESTE 1|03 - ACESSORIOS KRONA|ATACADO|FEV25
03 - ACESSORIOS KRONA;NORDESTE 1;NORDESTE;ATACADO;2025-03-01;230,68;NORDESTE 1|03 - ACESSORIOS KRONA|ATACADO|MAR25
03 - ACESSORIOS KRONA;NORDESTE 1;NORDESTE;ATACADO;2025-04-01;11168,76;NORDESTE 1|03 - ACESSORIOS KRONA|ATACADO|ABR25
03 - ACESSORIOS KRONA;NORDESTE 1;NORDESTE;ATACADO;2025-05-01;2625,77;NORDESTE 1|03 - ACESSORIOS KRONA|ATACADO|MAI25
03 - ACESSORIOS KRONA;NORDESTE 1;NORDESTE;ATACADO;2025-06-01;14206,30;NORDESTE 1|03 - ACESSORIOS KRONA|ATACADO|JUN25
03 - ACESSORIOS KRONA;NORDESTE 1;NORDESTE;ATACADO;2025-07-01;25,12;NORDESTE 1|03 - ACESSORIOS KRONA|ATACADO|JUL25
03 - ACESSORIOS KRONA;NORDESTE 1;NORDESTE;ATACADO;2025-08-01;9030,15;NORDESTE 1|03 - ACESSORIOS KRONA|ATACADO|AGO25
03 - ACESSORIOS KRONA;NORDESTE 1;NORDESTE;ATACADO;2025-09-01;3145,02;NORDESTE 1|03 - ACESSORIOS KRONA|ATACADO|SET25
03 - ACESSORIOS KRONA;NORDESTE 1;NORDESTE;ATACADO;2025-10-01;1459,99;NORDESTE 1|03 - ACESSORIOS KRONA|ATACADO|OUT25
03 - ACESSORIOS KRONA;NORDESTE 1;NORDESTE;ATACADO;2025-11-01;7082,69;NORDESTE 1|03 - ACESSORIOS KRONA|ATACADO|NOV25
03 - ACESSORIOS KRONA;NORDESTE 1;NORDESTE;ATACADO;2025-12-01;5939,85;NORDESTE 1|03 - ACESSORIOS KRONA|ATACADO|DEZ25
03 - ACESSORIOS KRONA;NORDESTE 1;NORDESTE;OUTROS;2025-07-01;9,18;NORDESTE 1|03 - ACESSORIOS KRONA|OUTROS|JUL25
03 - ACESSORIOS KRONA;NORDESTE 1;NORDESTE;OUTROS;2025-08-01;35,78;NORDESTE 1|03 - ACESSORIOS KRONA|OUTROS|AGO25
03 - ACESSORIOS KRONA;NORDESTE 1;NORDESTE;OUTROS;2025-10-01;41,21;NORDESTE 1|03 - ACESSORIOS KRONA|OUTROS|OUT25
03 - ACESSORIOS KRONA;NORDESTE 1;NORDESTE;VAREJO;2025-01-01;5545,06;NORDESTE 1|03 - ACESSORIOS KRONA|VAREJO|JAN25
03 - ACESSORIOS KRONA;NORDESTE 1;NORDESTE;VAREJO;2025-02-01;5684,31;NORDESTE 1|03 - ACESSORIOS KRONA|VAREJO|FEV25
03 - ACESSORIOS KRONA;NORDESTE 1;NORDESTE;VAREJO;2025-03-01;2822,95;NORDESTE 1|03 - ACESSORIOS KRONA|VAREJO|MAR25
03 - ACESSORIOS KRONA;NORDESTE 1;NORDESTE;VAREJO;2025-04-01;5612,60;NORDESTE 1|03 - ACESSORIOS KRONA|VAREJO|ABR25
03 - ACESSORIOS KRONA;NORDESTE 1;NORDESTE;VAREJO;2025-05-01;5433,60;NORDESTE 1|03 - ACESSORIOS KRONA|VAREJO|MAI25
03 - ACESSORIOS KRONA;NORDESTE 1;NORDESTE;VAREJO;2025-06-01;10657,48;NORDESTE 1|03 - ACESSORIOS KRONA|VAREJO|JUN25
03 - ACESSORIOS KRONA;NORDESTE 1;NORDESTE;VAREJO;2025-07-01;3252,30;NORDESTE 1|03 - ACESSORIOS KRONA|VAREJO|JUL25
03 - ACESSORIOS KRONA;NORDESTE 1;NORDESTE;VAREJO;2025-08-01;4948,87;NORDESTE 1|03 - ACESSORIOS KRONA|VAREJO|AGO25
03 - ACESSORIOS KRONA;NORDESTE 1;NORDESTE;VAREJO;2025-09-01;4152,50;NORDESTE 1|03 - ACESSORIOS KRONA|VAREJO|SET25
03 - ACESSORIOS KRONA;NORDESTE 1;NORDESTE;VAREJO;2025-10-01;5056,84;NORDESTE 1|03 - ACESSORIOS KRONA|VAREJO|OUT25
03 - ACESSORIOS KRONA;NORDESTE 1;NORDESTE;VAREJO;2025-11-01;3236,02;NORDESTE 1|03 - ACESSORIOS KRONA|VAREJO|NOV25
03 - ACESSORIOS KRONA;NORDESTE 1;NORDESTE;VAREJO;2025-12-01;4935,82;NORDESTE 1|03 - ACESSORIOS KRONA|VAREJO|DEZ25
03 - ACESSORIOS KRONA;NORDESTE 2;NORDESTE;ATACADO;2025-01-01;10666,83;NORDESTE 2|03 - ACESSORIOS KRONA|ATACADO|JAN25
03 - ACESSORIOS KRONA;NORDESTE 2;NORDESTE;ATACADO;2025-02-01;10878,20;NORDESTE 2|03 - ACESSORIOS KRONA|ATACADO|FEV25
03 - ACESSORIOS KRONA;NORDESTE 2;NORDESTE;ATACADO;2025-03-01;8926,62;NORDESTE 2|03 - ACESSORIOS KRONA|ATACADO|MAR25
03 - ACESSORIOS KRONA;NORDESTE 2;NORDESTE;ATACADO;2025-04-01;9288,75;NORDESTE 2|03 - ACESSORIOS KRONA|ATACADO|ABR25
03 - ACESSORIOS KRONA;NORDESTE 2;NORDESTE;ATACADO;2025-05-01;18000,01;NORDESTE 2|03 - ACESSORIOS KRONA|ATACADO|MAI25
03 - ACESSORIOS KRONA;NORDESTE 2;NORDESTE;ATACADO;2025-06-01;19820,10;NORDESTE 2|03 - ACESSORIOS KRONA|ATACADO|JUN25
03 - ACESSORIOS KRONA;NORDESTE 2;NORDESTE;ATACADO;2025-07-01;16189,32;NORDESTE 2|03 - ACESSORIOS KRONA|ATACADO|JUL25
03 - ACESSORIOS KRONA;NORDESTE 2;NORDESTE;ATACADO;2025-08-01;20477,97;NORDESTE 2|03 - ACESSORIOS KRONA|ATACADO|AGO25
03 - ACESSORIOS KRONA;NORDESTE 2;NORDESTE;ATACADO;2025-09-01;11249,97;NORDESTE 2|03 - ACESSORIOS KRONA|ATACADO|SET25
03 - ACESSORIOS KRONA;NORDESTE 2;NORDESTE;ATACADO;2025-10-01;14940,81;NORDESTE 2|03 - ACESSORIOS KRONA|ATACADO|OUT25
03 - ACESSORIOS KRONA;NORDESTE 2;NORDESTE;ATACADO;2025-11-01;11353,34;NORDESTE 2|03 - ACESSORIOS KRONA|ATACADO|NOV25
03 - ACESSORIOS KRONA;NORDESTE 2;NORDESTE;ATACADO;2025-12-01;11644,09;NORDESTE 2|03 - ACESSORIOS KRONA|ATACADO|DEZ25
03 - ACESSORIOS KRONA;NORDESTE 2;NORDESTE;VAREJO;2025-01-01;7766,11;NORDESTE 2|03 - ACESSORIOS KRONA|VAREJO|JAN25
03 - ACESSORIOS KRONA;NORDESTE 2;NORDESTE;VAREJO;2025-02-01;5935,88;NORDESTE 2|03 - ACESSORIOS KRONA|VAREJO|FEV25
03 - ACESSORIOS KRONA;NORDESTE 2;NORDESTE;VAREJO;2025-03-01;6547,02;NORDESTE 2|03 - ACESSORIOS KRONA|VAREJO|MAR25
03 - ACESSORIOS KRONA;NORDESTE 2;NORDESTE;VAREJO;2025-04-01;7531,78;NORDESTE 2|03 - ACESSORIOS KRONA|VAREJO|ABR25
03 - ACESSORIOS KRONA;NORDESTE 2;NORDESTE;VAREJO;2025-05-01;9468,55;NORDESTE 2|03 - ACESSORIOS KRONA|VAREJO|MAI25
03 - ACESSORIOS KRONA;NORDESTE 2;NORDESTE;VAREJO;2025-06-01;24250,27;NORDESTE 2|03 - ACESSORIOS KRONA|VAREJO|JUN25
03 - ACESSORIOS KRONA;NORDESTE 2;NORDESTE;VAREJO;2025-07-01;15063,17;NORDESTE 2|03 - ACESSORIOS KRONA|VAREJO|JUL25
03 - ACESSORIOS KRONA;NORDESTE 2;NORDESTE;VAREJO;2025-08-01;3931,28;NORDESTE 2|03 - ACESSORIOS KRONA|VAREJO|AGO25
03 - ACESSORIOS KRONA;NORDESTE 2;NORDESTE;VAREJO;2025-09-01;6669,80;NORDESTE 2|03 - ACESSORIOS KRONA|VAREJO|SET25
03 - ACESSORIOS KRONA;NORDESTE 2;NORDESTE;VAREJO;2025-10-01;8930,34;NORDESTE 2|03 - ACESSORIOS KRONA|VAREJO|OUT25
03 - ACESSORIOS KRONA;NORDESTE 2;NORDESTE;VAREJO;2025-11-01;9053,31;NORDESTE 2|03 - ACESSORIOS KRONA|VAREJO|NOV25
03 - ACESSORIOS KRONA;NORDESTE 2;NORDESTE;VAREJO;2025-12-01;8771,65;NORDESTE 2|03 - ACESSORIOS KRONA|VAREJO|DEZ25
03 - ACESSORIOS KRONA;NORDESTE 3;NORDESTE;ATACADO;2025-01-01;15877,15;NORDESTE 3|03 - ACESSORIOS KRONA|ATACADO|JAN25
03 - ACESSORIOS KRONA;NORDESTE 3;NORDESTE;ATACADO;2025-02-01;2931,13;NORDESTE 3|03 - ACESSORIOS KRONA|ATACADO|FEV25
03 - ACESSORIOS KRONA;NORDESTE 3;NORDESTE;ATACADO;2025-03-01;15312,20;NORDESTE 3|03 - ACESSORIOS KRONA|ATACADO|MAR25
03 - ACESSORIOS KRONA;NORDESTE 3;NORDESTE;ATACADO;2025-04-01;12600,94;NORDESTE 3|03 - ACESSORIOS KRONA|ATACADO|ABR25
03 - ACESSORIOS KRONA;NORDESTE 3;NORDESTE;ATACADO;2025-05-01;9697,01;NORDESTE 3|03 - ACESSORIOS KRONA|ATACADO|MAI25
03 - ACESSORIOS KRONA;NORDESTE 3;NORDESTE;ATACADO;2025-06-01;15251,31;NORDESTE 3|03 - ACESSORIOS KRONA|ATACADO|JUN25
03 - ACESSORIOS KRONA;NORDESTE 3;NORDESTE;ATACADO;2025-07-01;9710,22;NORDESTE 3|03 - ACESSORIOS KRONA|ATACADO|JUL25
03 - ACESSORIOS KRONA;NORDESTE 3;NORDESTE;ATACADO;2025-08-01;22433,64;NORDESTE 3|03 - ACESSORIOS KRONA|ATACADO|AGO25
03 - ACESSORIOS KRONA;NORDESTE 3;NORDESTE;ATACADO;2025-09-01;14141,64;NORDESTE 3|03 - ACESSORIOS KRONA|ATACADO|SET25
03 - ACESSORIOS KRONA;NORDESTE 3;NORDESTE;ATACADO;2025-10-01;12125,23;NORDESTE 3|03 - ACESSORIOS KRONA|ATACADO|OUT25
03 - ACESSORIOS KRONA;NORDESTE 3;NORDESTE;ATACADO;2025-11-01;14973,08;NORDESTE 3|03 - ACESSORIOS KRONA|ATACADO|NOV25
03 - ACESSORIOS KRONA;NORDESTE 3;NORDESTE;ATACADO;2025-12-01;17207,06;NORDESTE 3|03 - ACESSORIOS KRONA|ATACADO|DEZ25
03 - ACESSORIOS KRONA;NORDESTE 3;NORDESTE;OUTROS;2025-02-01;30,90;NORDESTE 3|03 - ACESSORIOS KRONA|OUTROS|FEV25
03 - ACESSORIOS KRONA;NORDESTE 3;NORDESTE;OUTROS;2025-05-01;36,05;NORDESTE 3|03 - ACESSORIOS KRONA|OUTROS|MAI25
03 - ACESSORIOS KRONA;NORDESTE 3;NORDESTE;OUTROS;2025-06-01;37,93;NORDESTE 3|03 - ACESSORIOS KRONA|OUTROS|JUN25
03 - ACESSORIOS KRONA;NORDESTE 3;NORDESTE;OUTROS;2025-12-01;51,50;NORDESTE 3|03 - ACESSORIOS KRONA|OUTROS|DEZ25
03 - ACESSORIOS KRONA;NORDESTE 3;NORDESTE;VAREJO;2025-01-01;8505,71;NORDESTE 3|03 - ACESSORIOS KRONA|VAREJO|JAN25
03 - ACESSORIOS KRONA;NORDESTE 3;NORDESTE;VAREJO;2025-02-01;6816,79;NORDESTE 3|03 - ACESSORIOS KRONA|VAREJO|FEV25
03 - ACESSORIOS KRONA;NORDESTE 3;NORDESTE;VAREJO;2025-03-01;7124,28;NORDESTE 3|03 - ACESSORIOS KRONA|VAREJO|MAR25
03 - ACESSORIOS KRONA;NORDESTE 3;NORDESTE;VAREJO;2025-04-01;7800,22;NORDESTE 3|03 - ACESSORIOS KRONA|VAREJO|ABR25
03 - ACESSORIOS KRONA;NORDESTE 3;NORDESTE;VAREJO;2025-05-01;8321,60;NORDESTE 3|03 - ACESSORIOS KRONA|VAREJO|MAI25
03 - ACESSORIOS KRONA;NORDESTE 3;NORDESTE;VAREJO;2025-06-01;15614,75;NORDESTE 3|03 - ACESSORIOS KRONA|VAREJO|JUN25
03 - ACESSORIOS KRONA;NORDESTE 3;NORDESTE;VAREJO;2025-07-01;11024,87;NORDESTE 3|03 - ACESSORIOS KRONA|VAREJO|JUL25
03 - ACESSORIOS KRONA;NORDESTE 3;NORDESTE;VAREJO;2025-08-01;5253,13;NORDESTE 3|03 - ACESSORIOS KRONA|VAREJO|AGO25
03 - ACESSORIOS KRONA;NORDESTE 3;NORDESTE;VAREJO;2025-09-01;10203,68;NORDESTE 3|03 - ACESSORIOS KRONA|VAREJO|SET25
03 - ACESSORIOS KRONA;NORDESTE 3;NORDESTE;VAREJO;2025-10-01;7335,17;NORDESTE 3|03 - ACESSORIOS KRONA|VAREJO|OUT25
03 - ACESSORIOS KRONA;NORDESTE 3;NORDESTE;VAREJO;2025-11-01;8930,05;NORDESTE 3|03 - ACESSORIOS KRONA|VAREJO|NOV25
03 - ACESSORIOS KRONA;NORDESTE 3;NORDESTE;VAREJO;2025-12-01;8502,24;NORDESTE 3|03 - ACESSORIOS KRONA|VAREJO|DEZ25
03 - ACESSORIOS KRONA;NORTE;CO NO;ATACADO;2025-01-01;4258,99;NORTE|03 - ACESSORIOS KRONA|ATACADO|JAN25
03 - ACESSORIOS KRONA;NORTE;CO NO;ATACADO;2025-02-01;4511,52;NORTE|03 - ACESSORIOS KRONA|ATACADO|FEV25
03 - ACESSORIOS KRONA;NORTE;CO NO;ATACADO;2025-03-01;5605,07;NORTE|03 - ACESSORIOS KRONA|ATACADO|MAR25
03 - ACESSORIOS KRONA;NORTE;CO NO;ATACADO;2025-04-01;1409,80;NORTE|03 - ACESSORIOS KRONA|ATACADO|ABR25
03 - ACESSORIOS KRONA;NORTE;CO NO;ATACADO;2025-05-01;4638,63;NORTE|03 - ACESSORIOS KRONA|ATACADO|MAI25
03 - ACESSORIOS KRONA;NORTE;CO NO;ATACADO;2025-06-01;9331,48;NORTE|03 - ACESSORIOS KRONA|ATACADO|JUN25
03 - ACESSORIOS KRONA;NORTE;CO NO;ATACADO;2025-07-01;6413,97;NORTE|03 - ACESSORIOS KRONA|ATACADO|JUL25
03 - ACESSORIOS KRONA;NORTE;CO NO;ATACADO;2025-08-01;3476,90;NORTE|03 - ACESSORIOS KRONA|ATACADO|AGO25
03 - ACESSORIOS KRONA;NORTE;CO NO;ATACADO;2025-09-01;4040,33;NORTE|03 - ACESSORIOS KRONA|ATACADO|SET25
03 - ACESSORIOS KRONA;NORTE;CO NO;ATACADO;2025-10-01;8326,00;NORTE|03 - ACESSORIOS KRONA|ATACADO|OUT25
03 - ACESSORIOS KRONA;NORTE;CO NO;ATACADO;2025-11-01;1029,21;NORTE|03 - ACESSORIOS KRONA|ATACADO|NOV25
03 - ACESSORIOS KRONA;NORTE;CO NO;ATACADO;2025-12-01;5646,26;NORTE|03 - ACESSORIOS KRONA|ATACADO|DEZ25
03 - ACESSORIOS KRONA;NORTE;CO NO;OUTROS;2025-01-01;45,79;NORTE|03 - ACESSORIOS KRONA|OUTROS|JAN25
03 - ACESSORIOS KRONA;NORTE;CO NO;VAREJO;2025-01-01;3164,16;NORTE|03 - ACESSORIOS KRONA|VAREJO|JAN25
03 - ACESSORIOS KRONA;NORTE;CO NO;VAREJO;2025-02-01;4701,86;NORTE|03 - ACESSORIOS KRONA|VAREJO|FEV25
03 - ACESSORIOS KRONA;NORTE;CO NO;VAREJO;2025-03-01;4090,75;NORTE|03 - ACESSORIOS KRONA|VAREJO|MAR25
03 - ACESSORIOS KRONA;NORTE;CO NO;VAREJO;2025-04-01;3033,98;NORTE|03 - ACESSORIOS KRONA|VAREJO|ABR25
03 - ACESSORIOS KRONA;NORTE;CO NO;VAREJO;2025-05-01;5934,60;NORTE|03 - ACESSORIOS KRONA|VAREJO|MAI25
03 - ACESSORIOS KRONA;NORTE;CO NO;VAREJO;2025-06-01;8191,96;NORTE|03 - ACESSORIOS KRONA|VAREJO|JUN25
03 - ACESSORIOS KRONA;NORTE;CO NO;VAREJO;2025-07-01;7723,05;NORTE|03 - ACESSORIOS KRONA|VAREJO|JUL25
03 - ACESSORIOS KRONA;NORTE;CO NO;VAREJO;2025-08-01;4212,13;NORTE|03 - ACESSORIOS KRONA|VAREJO|AGO25
03 - ACESSORIOS KRONA;NORTE;CO NO;VAREJO;2025-09-01;6259,42;NORTE|03 - ACESSORIOS KRONA|VAREJO|SET25
03 - ACESSORIOS KRONA;NORTE;CO NO;VAREJO;2025-10-01;6202,68;NORTE|03 - ACESSORIOS KRONA|VAREJO|OUT25
03 - ACESSORIOS KRONA;NORTE;CO NO;VAREJO;2025-11-01;5309,84;NORTE|03 - ACESSORIOS KRONA|VAREJO|NOV25
03 - ACESSORIOS KRONA;NORTE;CO NO;VAREJO;2025-12-01;7286,74;NORTE|03 - ACESSORIOS KRONA|VAREJO|DEZ25
03 - ACESSORIOS KRONA;PARANA;SUL;ATACADO;2025-01-01;2622,10;PARANA|03 - ACESSORIOS KRONA|ATACADO|JAN25
03 - ACESSORIOS KRONA;PARANA;SUL;ATACADO;2025-02-01;3544,52;PARANA|03 - ACESSORIOS KRONA|ATACADO|FEV25
03 - ACESSORIOS KRONA;PARANA;SUL;ATACADO;2025-03-01;1595,84;PARANA|03 - ACESSORIOS KRONA|ATACADO|MAR25
03 - ACESSORIOS KRONA;PARANA;SUL;ATACADO;2025-04-01;2017,76;PARANA|03 - ACESSORIOS KRONA|ATACADO|ABR25
03 - ACESSORIOS KRONA;PARANA;SUL;ATACADO;2025-05-01;6196,65;PARANA|03 - ACESSORIOS KRONA|ATACADO|MAI25
03 - ACESSORIOS KRONA;PARANA;SUL;ATACADO;2025-06-01;4231,89;PARANA|03 - ACESSORIOS KRONA|ATACADO|JUN25
03 - ACESSORIOS KRONA;PARANA;SUL;ATACADO;2025-07-01;1119,55;PARANA|03 - ACESSORIOS KRONA|ATACADO|JUL25
03 - ACESSORIOS KRONA;PARANA;SUL;ATACADO;2025-08-01;3346,90;PARANA|03 - ACESSORIOS KRONA|ATACADO|AGO25
03 - ACESSORIOS KRONA;PARANA;SUL;ATACADO;2025-09-01;4017,57;PARANA|03 - ACESSORIOS KRONA|ATACADO|SET25
03 - ACESSORIOS KRONA;PARANA;SUL;ATACADO;2025-10-01;1875,07;PARANA|03 - ACESSORIOS KRONA|ATACADO|OUT25
03 - ACESSORIOS KRONA;PARANA;SUL;ATACADO;2025-11-01;3664,27;PARANA|03 - ACESSORIOS KRONA|ATACADO|NOV25
03 - ACESSORIOS KRONA;PARANA;SUL;ATACADO;2025-12-01;3496,72;PARANA|03 - ACESSORIOS KRONA|ATACADO|DEZ25
03 - ACESSORIOS KRONA;PARANA;SUL;IRRIGACAO;2025-01-01;2,78;PARANA|03 - ACESSORIOS KRONA|IRRIGACAO|JAN25
03 - ACESSORIOS KRONA;PARANA;SUL;IRRIGACAO;2025-05-01;10,04;PARANA|03 - ACESSORIOS KRONA|IRRIGACAO|MAI25
03 - ACESSORIOS KRONA;PARANA;SUL;IRRIGACAO;2025-08-01;5,55;PARANA|03 - ACESSORIOS KRONA|IRRIGACAO|AGO25
03 - ACESSORIOS KRONA;PARANA;SUL;OUTROS;2025-01-01;26,37;PARANA|03 - ACESSORIOS KRONA|OUTROS|JAN25
03 - ACESSORIOS KRONA;PARANA;SUL;OUTROS;2025-02-01;25,99;PARANA|03 - ACESSORIOS KRONA|OUTROS|FEV25
03 - ACESSORIOS KRONA;PARANA;SUL;OUTROS;2025-04-01;210,72;PARANA|03 - ACESSORIOS KRONA|OUTROS|ABR25
03 - ACESSORIOS KRONA;PARANA;SUL;OUTROS;2025-05-01;96,28;PARANA|03 - ACESSORIOS KRONA|OUTROS|MAI25
03 - ACESSORIOS KRONA;PARANA;SUL;OUTROS;2025-06-01;188,20;PARANA|03 - ACESSORIOS KRONA|OUTROS|JUN25
03 - ACESSORIOS KRONA;PARANA;SUL;OUTROS;2025-07-01;41,49;PARANA|03 - ACESSORIOS KRONA|OUTROS|JUL25
03 - ACESSORIOS KRONA;PARANA;SUL;OUTROS;2025-09-01;7,26;PARANA|03 - ACESSORIOS KRONA|OUTROS|SET25
03 - ACESSORIOS KRONA;PARANA;SUL;OUTROS;2025-11-01;54,93;PARANA|03 - ACESSORIOS KRONA|OUTROS|NOV25
03 - ACESSORIOS KRONA;PARANA;SUL;OUTROS;2025-12-01;23,01;PARANA|03 - ACESSORIOS KRONA|OUTROS|DEZ25
03 - ACESSORIOS KRONA;PARANA;SUL;VAREJO;2025-01-01;2470,19;PARANA|03 - ACESSORIOS KRONA|VAREJO|JAN25
03 - ACESSORIOS KRONA;PARANA;SUL;VAREJO;2025-02-01;2361,99;PARANA|03 - ACESSORIOS KRONA|VAREJO|FEV25
03 - ACESSORIOS KRONA;PARANA;SUL;VAREJO;2025-03-01;1884,29;PARANA|03 - ACESSORIOS KRONA|VAREJO|MAR25
03 - ACESSORIOS KRONA;PARANA;SUL;VAREJO;2025-04-01;2502,94;PARANA|03 - ACESSORIOS KRONA|VAREJO|ABR25
03 - ACESSORIOS KRONA;PARANA;SUL;VAREJO;2025-05-01;2876,95;PARANA|03 - ACESSORIOS KRONA|VAREJO|MAI25
03 - ACESSORIOS KRONA;PARANA;SUL;VAREJO;2025-06-01;4504,33;PARANA|03 - ACESSORIOS KRONA|VAREJO|JUN25
03 - ACESSORIOS KRONA;PARANA;SUL;VAREJO;2025-07-01;3368,69;PARANA|03 - ACESSORIOS KRONA|VAREJO|JUL25
03 - ACESSORIOS KRONA;PARANA;SUL;VAREJO;2025-08-01;2416,54;PARANA|03 - ACESSORIOS KRONA|VAREJO|AGO25
03 - ACESSORIOS KRONA;PARANA;SUL;VAREJO;2025-09-01;3173,33;PARANA|03 - ACESSORIOS KRONA|VAREJO|SET25
03 - ACESSORIOS KRONA;PARANA;SUL;VAREJO;2025-10-01;1832,49;PARANA|03 - ACESSORIOS KRONA|VAREJO|OUT25
03 - ACESSORIOS KRONA;PARANA;SUL;VAREJO;2025-11-01;2358,78;PARANA|03 - ACESSORIOS KRONA|VAREJO|NOV25
03 - ACESSORIOS KRONA;PARANA;SUL;VAREJO;2025-12-01;2343,92;PARANA|03 - ACESSORIOS KRONA|VAREJO|DEZ25
03 - ACESSORIOS KRONA;RIO GRANDE DO SUL;SUL;ATACADO;2025-01-01;2005,48;RIO GRANDE DO SUL|03 - ACESSORIOS KRONA|ATACADO|JAN25
03 - ACESSORIOS KRONA;RIO GRANDE DO SUL;SUL;ATACADO;2025-02-01;7665,14;RIO GRANDE DO SUL|03 - ACESSORIOS KRONA|ATACADO|FEV25
03 - ACESSORIOS KRONA;RIO GRANDE DO SUL;SUL;ATACADO;2025-03-01;736,24;RIO GRANDE DO SUL|03 - ACESSORIOS KRONA|ATACADO|MAR25
03 - ACESSORIOS KRONA;RIO GRANDE DO SUL;SUL;ATACADO;2025-04-01;3144,28;RIO GRANDE DO SUL|03 - ACESSORIOS KRONA|ATACADO|ABR25
03 - ACESSORIOS KRONA;RIO GRANDE DO SUL;SUL;ATACADO;2025-05-01;6479,66;RIO GRANDE DO SUL|03 - ACESSORIOS KRONA|ATACADO|MAI25
03 - ACESSORIOS KRONA;RIO GRANDE DO SUL;SUL;ATACADO;2025-06-01;12443,54;RIO GRANDE DO SUL|03 - ACESSORIOS KRONA|ATACADO|JUN25
03 - ACESSORIOS KRONA;RIO GRANDE DO SUL;SUL;ATACADO;2025-07-01;596,29;RIO GRANDE DO SUL|03 - ACESSORIOS KRONA|ATACADO|JUL25
03 - ACESSORIOS KRONA;RIO GRANDE DO SUL;SUL;ATACADO;2025-08-01;10032,31;RIO GRANDE DO SUL|03 - ACESSORIOS KRONA|ATACADO|AGO25
03 - ACESSORIOS KRONA;RIO GRANDE DO SUL;SUL;ATACADO;2025-09-01;449,11;RIO GRANDE DO SUL|03 - ACESSORIOS KRONA|ATACADO|SET25
03 - ACESSORIOS KRONA;RIO GRANDE DO SUL;SUL;ATACADO;2025-10-01;13540,48;RIO GRANDE DO SUL|03 - ACESSORIOS KRONA|ATACADO|OUT25
03 - ACESSORIOS KRONA;RIO GRANDE DO SUL;SUL;ATACADO;2025-11-01;1262,87;RIO GRANDE DO SUL|03 - ACESSORIOS KRONA|ATACADO|NOV25
03 - ACESSORIOS KRONA;RIO GRANDE DO SUL;SUL;ATACADO;2025-12-01;3025,77;RIO GRANDE DO SUL|03 - ACESSORIOS KRONA|ATACADO|DEZ25
03 - ACESSORIOS KRONA;RIO GRANDE DO SUL;SUL;OUTROS;2025-01-01;30,84;RIO GRANDE DO SUL|03 - ACESSORIOS KRONA|OUTROS|JAN25
03 - ACESSORIOS KRONA;RIO GRANDE DO SUL;SUL;OUTROS;2025-02-01;35,62;RIO GRANDE DO SUL|03 - ACESSORIOS KRONA|OUTROS|FEV25
03 - ACESSORIOS KRONA;RIO GRANDE DO SUL;SUL;OUTROS;2025-03-01;13,89;RIO GRANDE DO SUL|03 - ACESSORIOS KRONA|OUTROS|MAR25
03 - ACESSORIOS KRONA;RIO GRANDE DO SUL;SUL;OUTROS;2025-04-01;1,59;RIO GRANDE DO SUL|03 - ACESSORIOS KRONA|OUTROS|ABR25
03 - ACESSORIOS KRONA;RIO GRANDE DO SUL;SUL;OUTROS;2025-05-01;43,04;RIO GRANDE DO SUL|03 - ACESSORIOS KRONA|OUTROS|MAI25
03 - ACESSORIOS KRONA;RIO GRANDE DO SUL;SUL;OUTROS;2025-06-01;446,91;RIO GRANDE DO SUL|03 - ACESSORIOS KRONA|OUTROS|JUN25
03 - ACESSORIOS KRONA;RIO GRANDE DO SUL;SUL;OUTROS;2025-07-01;4,14;RIO GRANDE DO SUL|03 - ACESSORIOS KRONA|OUTROS|JUL25
03 - ACESSORIOS KRONA;RIO GRANDE DO SUL;SUL;OUTROS;2025-08-01;229,93;RIO GRANDE DO SUL|03 - ACESSORIOS KRONA|OUTROS|AGO25
03 - ACESSORIOS KRONA;RIO GRANDE DO SUL;SUL;OUTROS;2025-09-01;367,20;RIO GRANDE DO SUL|03 - ACESSORIOS KRONA|OUTROS|SET25
03 - ACESSORIOS KRONA;RIO GRANDE DO SUL;SUL;OUTROS;2025-10-01;263,28;RIO GRANDE DO SUL|03 - ACESSORIOS KRONA|OUTROS|OUT25
03 - ACESSORIOS KRONA;RIO GRANDE DO SUL;SUL;OUTROS;2025-11-01;11,57;RIO GRANDE DO SUL|03 - ACESSORIOS KRONA|OUTROS|NOV25
03 - ACESSORIOS KRONA;RIO GRANDE DO SUL;SUL;OUTROS;2025-12-01;34,10;RIO GRANDE DO SUL|03 - ACESSORIOS KRONA|OUTROS|DEZ25
03 - ACESSORIOS KRONA;RIO GRANDE DO SUL;SUL;VAREJO;2025-01-01;1834,42;RIO GRANDE DO SUL|03 - ACESSORIOS KRONA|VAREJO|JAN25
03 - ACESSORIOS KRONA;RIO GRANDE DO SUL;SUL;VAREJO;2025-02-01;1690,78;RIO GRANDE DO SUL|03 - ACESSORIOS KRONA|VAREJO|FEV25
03 - ACESSORIOS KRONA;RIO GRANDE DO SUL;SUL;VAREJO;2025-03-01;1482,08;RIO GRANDE DO SUL|03 - ACESSORIOS KRONA|VAREJO|MAR25
03 - ACESSORIOS KRONA;RIO GRANDE DO SUL;SUL;VAREJO;2025-04-01;1678,35;RIO GRANDE DO SUL|03 - ACESSORIOS KRONA|VAREJO|ABR25
03 - ACESSORIOS KRONA;RIO GRANDE DO SUL;SUL;VAREJO;2025-05-01;2597,05;RIO GRANDE DO SUL|03 - ACESSORIOS KRONA|VAREJO|MAI25
03 - ACESSORIOS KRONA;RIO GRANDE DO SUL;SUL;VAREJO;2025-06-01;3902,84;RIO GRANDE DO SUL|03 - ACESSORIOS KRONA|VAREJO|JUN25
03 - ACESSORIOS KRONA;RIO GRANDE DO SUL;SUL;VAREJO;2025-07-01;1897,73;RIO GRANDE DO SUL|03 - ACESSORIOS KRONA|VAREJO|JUL25
03 - ACESSORIOS KRONA;RIO GRANDE DO SUL;SUL;VAREJO;2025-08-01;2443,25;RIO GRANDE DO SUL|03 - ACESSORIOS KRONA|VAREJO|AGO25
03 - ACESSORIOS KRONA;RIO GRANDE DO SUL;SUL;VAREJO;2025-09-01;1476,69;RIO GRANDE DO SUL|03 - ACESSORIOS KRONA|VAREJO|SET25
03 - ACESSORIOS KRONA;RIO GRANDE DO SUL;SUL;VAREJO;2025-10-01;1759,98;RIO GRANDE DO SUL|03 - ACESSORIOS KRONA|VAREJO|OUT25
03 - ACESSORIOS KRONA;RIO GRANDE DO SUL;SUL;VAREJO;2025-11-01;1739,96;RIO GRANDE DO SUL|03 - ACESSORIOS KRONA|VAREJO|NOV25
03 - ACESSORIOS KRONA;RIO GRANDE DO SUL;SUL;VAREJO;2025-12-01;2553,35;RIO GRANDE DO SUL|03 - ACESSORIOS KRONA|VAREJO|DEZ25
03 - ACESSORIOS KRONA;RJ/ES;MINAS RJ/ES;ATACADO;2025-01-01;21475,11;RJ/ES|03 - ACESSORIOS KRONA|ATACADO|JAN25
03 - ACESSORIOS KRONA;RJ/ES;MINAS RJ/ES;ATACADO;2025-02-01;34849,89;RJ/ES|03 - ACESSORIOS KRONA|ATACADO|FEV25
03 - ACESSORIOS KRONA;RJ/ES;MINAS RJ/ES;ATACADO;2025-03-01;6786,92;RJ/ES|03 - ACESSORIOS KRONA|ATACADO|MAR25
03 - ACESSORIOS KRONA;RJ/ES;MINAS RJ/ES;ATACADO;2025-04-01;11034,67;RJ/ES|03 - ACESSORIOS KRONA|ATACADO|ABR25
03 - ACESSORIOS KRONA;RJ/ES;MINAS RJ/ES;ATACADO;2025-05-01;7691,85;RJ/ES|03 - ACESSORIOS KRONA|ATACADO|MAI25
03 - ACESSORIOS KRONA;RJ/ES;MINAS RJ/ES;ATACADO;2025-06-01;64060,32;RJ/ES|03 - ACESSORIOS KRONA|ATACADO|JUN25
03 - ACESSORIOS KRONA;RJ/ES;MINAS RJ/ES;ATACADO;2025-07-01;3140,17;RJ/ES|03 - ACESSORIOS KRONA|ATACADO|JUL25
03 - ACESSORIOS KRONA;RJ/ES;MINAS RJ/ES;ATACADO;2025-08-01;5456,57;RJ/ES|03 - ACESSORIOS KRONA|ATACADO|AGO25
03 - ACESSORIOS KRONA;RJ/ES;MINAS RJ/ES;ATACADO;2025-09-01;7945,62;RJ/ES|03 - ACESSORIOS KRONA|ATACADO|SET25
03 - ACESSORIOS KRONA;RJ/ES;MINAS RJ/ES;ATACADO;2025-10-01;11729,43;RJ/ES|03 - ACESSORIOS KRONA|ATACADO|OUT25
03 - ACESSORIOS KRONA;RJ/ES;MINAS RJ/ES;ATACADO;2025-11-01;8351,26;RJ/ES|03 - ACESSORIOS KRONA|ATACADO|NOV25
03 - ACESSORIOS KRONA;RJ/ES;MINAS RJ/ES;ATACADO;2025-12-01;9722,59;RJ/ES|03 - ACESSORIOS KRONA|ATACADO|DEZ25
03 - ACESSORIOS KRONA;RJ/ES;MINAS RJ/ES;OUTROS;2025-03-01;22,87;RJ/ES|03 - ACESSORIOS KRONA|OUTROS|MAR25
03 - ACESSORIOS KRONA;RJ/ES;MINAS RJ/ES;OUTROS;2025-04-01;10,63;RJ/ES|03 - ACESSORIOS KRONA|OUTROS|ABR25
03 - ACESSORIOS KRONA;RJ/ES;MINAS RJ/ES;OUTROS;2025-05-01;10,28;RJ/ES|03 - ACESSORIOS KRONA|OUTROS|MAI25
03 - ACESSORIOS KRONA;RJ/ES;MINAS RJ/ES;OUTROS;2025-06-01;12,40;RJ/ES|03 - ACESSORIOS KRONA|OUTROS|JUN25
03 - ACESSORIOS KRONA;RJ/ES;MINAS RJ/ES;OUTROS;2025-07-01;16,72;RJ/ES|03 - ACESSORIOS KRONA|OUTROS|JUL25
03 - ACESSORIOS KRONA;RJ/ES;MINAS RJ/ES;OUTROS;2025-08-01;27,36;RJ/ES|03 - ACESSORIOS KRONA|OUTROS|AGO25
03 - ACESSORIOS KRONA;RJ/ES;MINAS RJ/ES;OUTROS;2025-09-01;34,48;RJ/ES|03 - ACESSORIOS KRONA|OUTROS|SET25
03 - ACESSORIOS KRONA;RJ/ES;MINAS RJ/ES;OUTROS;2025-10-01;10,21;RJ/ES|03 - ACESSORIOS KRONA|OUTROS|OUT25
03 - ACESSORIOS KRONA;RJ/ES;MINAS RJ/ES;OUTROS;2025-12-01;17,64;RJ/ES|03 - ACESSORIOS KRONA|OUTROS|DEZ25
03 - ACESSORIOS KRONA;RJ/ES;MINAS RJ/ES;VAREJO;2025-01-01;1150,79;RJ/ES|03 - ACESSORIOS KRONA|VAREJO|JAN25
03 - ACESSORIOS KRONA;RJ/ES;MINAS RJ/ES;VAREJO;2025-02-01;2297,27;RJ/ES|03 - ACESSORIOS KRONA|VAREJO|FEV25
03 - ACESSORIOS KRONA;RJ/ES;MINAS RJ/ES;VAREJO;2025-03-01;1344,37;RJ/ES|03 - ACESSORIOS KRONA|VAREJO|MAR25
03 - ACESSORIOS KRONA;RJ/ES;MINAS RJ/ES;VAREJO;2025-04-01;2359,30;RJ/ES|03 - ACESSORIOS KRONA|VAREJO|ABR25
03 - ACESSORIOS KRONA;RJ/ES;MINAS RJ/ES;VAREJO;2025-05-01;2373,54;RJ/ES|03 - ACESSORIOS KRONA|VAREJO|MAI25
03 - ACESSORIOS KRONA;RJ/ES;MINAS RJ/ES;VAREJO;2025-06-01;3652,11;RJ/ES|03 - ACESSORIOS KRONA|VAREJO|JUN25
03 - ACESSORIOS KRONA;RJ/ES;MINAS RJ/ES;VAREJO;2025-07-01;4088,14;RJ/ES|03 - ACESSORIOS KRONA|VAREJO|JUL25
03 - ACESSORIOS KRONA;RJ/ES;MINAS RJ/ES;VAREJO;2025-08-01;1077,20;RJ/ES|03 - ACESSORIOS KRONA|VAREJO|AGO25
03 - ACESSORIOS KRONA;RJ/ES;MINAS RJ/ES;VAREJO;2025-09-01;2355,72;RJ/ES|03 - ACESSORIOS KRONA|VAREJO|SET25
03 - ACESSORIOS KRONA;RJ/ES;MINAS RJ/ES;VAREJO;2025-10-01;1576,72;RJ/ES|03 - ACESSORIOS KRONA|VAREJO|OUT25
03 - ACESSORIOS KRONA;RJ/ES;MINAS RJ/ES;VAREJO;2025-11-01;1471,49;RJ/ES|03 - ACESSORIOS KRONA|VAREJO|NOV25
03 - ACESSORIOS KRONA;RJ/ES;MINAS RJ/ES;VAREJO;2025-12-01;2357,76;RJ/ES|03 - ACESSORIOS KRONA|VAREJO|DEZ25
03 - ACESSORIOS KRONA;SANTA CATARINA 01;SUL;ATACADO;2025-01-01;2104,77;SANTA CATARINA 01|03 - ACESSORIOS KRONA|ATACADO|JAN25
03 - ACESSORIOS KRONA;SANTA CATARINA 01;SUL;ATACADO;2025-02-01;418,27;SANTA CATARINA 01|03 - ACESSORIOS KRONA|ATACADO|FEV25
03 - ACESSORIOS KRONA;SANTA CATARINA 01;SUL;ATACADO;2025-03-01;1229,32;SANTA CATARINA 01|03 - ACESSORIOS KRONA|ATACADO|MAR25
03 - ACESSORIOS KRONA;SANTA CATARINA 01;SUL;ATACADO;2025-04-01;656,20;SANTA CATARINA 01|03 - ACESSORIOS KRONA|ATACADO|ABR25
03 - ACESSORIOS KRONA;SANTA CATARINA 01;SUL;ATACADO;2025-05-01;983,54;SANTA CATARINA 01|03 - ACESSORIOS KRONA|ATACADO|MAI25
03 - ACESSORIOS KRONA;SANTA CATARINA 01;SUL;ATACADO;2025-06-01;3464,75;SANTA CATARINA 01|03 - ACESSORIOS KRONA|ATACADO|JUN25
03 - ACESSORIOS KRONA;SANTA CATARINA 01;SUL;ATACADO;2025-07-01;750,89;SANTA CATARINA 01|03 - ACESSORIOS KRONA|ATACADO|JUL25
03 - ACESSORIOS KRONA;SANTA CATARINA 01;SUL;ATACADO;2025-08-01;445,67;SANTA CATARINA 01|03 - ACESSORIOS KRONA|ATACADO|AGO25
03 - ACESSORIOS KRONA;SANTA CATARINA 01;SUL;ATACADO;2025-09-01;1588,45;SANTA CATARINA 01|03 - ACESSORIOS KRONA|ATACADO|SET25
03 - ACESSORIOS KRONA;SANTA CATARINA 01;SUL;ATACADO;2025-10-01;2309,10;SANTA CATARINA 01|03 - ACESSORIOS KRONA|ATACADO|OUT25
03 - ACESSORIOS KRONA;SANTA CATARINA 01;SUL;ATACADO;2025-11-01;1345,02;SANTA CATARINA 01|03 - ACESSORIOS KRONA|ATACADO|NOV25
03 - ACESSORIOS KRONA;SANTA CATARINA 01;SUL;ATACADO;2025-12-01;2351,38;SANTA CATARINA 01|03 - ACESSORIOS KRONA|ATACADO|DEZ25
03 - ACESSORIOS KRONA;SANTA CATARINA 01;SUL;OUTROS;2025-01-01;175,80;SANTA CATARINA 01|03 - ACESSORIOS KRONA|OUTROS|JAN25
03 - ACESSORIOS KRONA;SANTA CATARINA 01;SUL;OUTROS;2025-02-01;131,85;SANTA CATARINA 01|03 - ACESSORIOS KRONA|OUTROS|FEV25
03 - ACESSORIOS KRONA;SANTA CATARINA 01;SUL;OUTROS;2025-04-01;16,48;SANTA CATARINA 01|03 - ACESSORIOS KRONA|OUTROS|ABR25
03 - ACESSORIOS KRONA;SANTA CATARINA 01;SUL;OUTROS;2025-05-01;152,45;SANTA CATARINA 01|03 - ACESSORIOS KRONA|OUTROS|MAI25
03 - ACESSORIOS KRONA;SANTA CATARINA 01;SUL;OUTROS;2025-06-01;522,13;SANTA CATARINA 01|03 - ACESSORIOS KRONA|OUTROS|JUN25
03 - ACESSORIOS KRONA;SANTA CATARINA 01;SUL;OUTROS;2025-07-01;2,77;SANTA CATARINA 01|03 - ACESSORIOS KRONA|OUTROS|JUL25
03 - ACESSORIOS KRONA;SANTA CATARINA 01;SUL;OUTROS;2025-09-01;88,15;SANTA CATARINA 01|03 - ACESSORIOS KRONA|OUTROS|SET25
03 - ACESSORIOS KRONA;SANTA CATARINA 01;SUL;OUTROS;2025-11-01;170,15;SANTA CATARINA 01|03 - ACESSORIOS KRONA|OUTROS|NOV25
03 - ACESSORIOS KRONA;SANTA CATARINA 01;SUL;OUTROS;2025-12-01;0,98;SANTA CATARINA 01|03 - ACESSORIOS KRONA|OUTROS|DEZ25
03 - ACESSORIOS KRONA;SANTA CATARINA 01;SUL;VAREJO;2025-01-01;1368,24;SANTA CATARINA 01|03 - ACESSORIOS KRONA|VAREJO|JAN25
03 - ACESSORIOS KRONA;SANTA CATARINA 01;SUL;VAREJO;2025-02-01;1219,93;SANTA CATARINA 01|03 - ACESSORIOS KRONA|VAREJO|FEV25
03 - ACESSORIOS KRONA;SANTA CATARINA 01;SUL;VAREJO;2025-03-01;1186,39;SANTA CATARINA 01|03 - ACESSORIOS KRONA|VAREJO|MAR25
03 - ACESSORIOS KRONA;SANTA CATARINA 01;SUL;VAREJO;2025-04-01;1184,68;SANTA CATARINA 01|03 - ACESSORIOS KRONA|VAREJO|ABR25
03 - ACESSORIOS KRONA;SANTA CATARINA 01;SUL;VAREJO;2025-05-01;1334,90;SANTA CATARINA 01|03 - ACESSORIOS KRONA|VAREJO|MAI25
03 - ACESSORIOS KRONA;SANTA CATARINA 01;SUL;VAREJO;2025-06-01;2316,81;SANTA CATARINA 01|03 - ACESSORIOS KRONA|VAREJO|JUN25
03 - ACESSORIOS KRONA;SANTA CATARINA 01;SUL;VAREJO;2025-07-01;1204,99;SANTA CATARINA 01|03 - ACESSORIOS KRONA|VAREJO|JUL25
03 - ACESSORIOS KRONA;SANTA CATARINA 01;SUL;VAREJO;2025-08-01;1658,04;SANTA CATARINA 01|03 - ACESSORIOS KRONA|VAREJO|AGO25
03 - ACESSORIOS KRONA;SANTA CATARINA 01;SUL;VAREJO;2025-09-01;1308,14;SANTA CATARINA 01|03 - ACESSORIOS KRONA|VAREJO|SET25
03 - ACESSORIOS KRONA;SANTA CATARINA 01;SUL;VAREJO;2025-10-01;1407,09;SANTA CATARINA 01|03 - ACESSORIOS KRONA|VAREJO|OUT25
03 - ACESSORIOS KRONA;SANTA CATARINA 01;SUL;VAREJO;2025-11-01;1317,26;SANTA CATARINA 01|03 - ACESSORIOS KRONA|VAREJO|NOV25
03 - ACESSORIOS KRONA;SANTA CATARINA 01;SUL;VAREJO;2025-12-01;1358,78;SANTA CATARINA 01|03 - ACESSORIOS KRONA|VAREJO|DEZ25
03 - ACESSORIOS KRONA;SANTA CATARINA 02;SUL;ATACADO;2025-01-01;707,61;SANTA CATARINA 02|03 - ACESSORIOS KRONA|ATACADO|JAN25
03 - ACESSORIOS KRONA;SANTA CATARINA 02;SUL;ATACADO;2025-02-01;152,66;SANTA CATARINA 02|03 - ACESSORIOS KRONA|ATACADO|FEV25
03 - ACESSORIOS KRONA;SANTA CATARINA 02;SUL;ATACADO;2025-03-01;364,37;SANTA CATARINA 02|03 - ACESSORIOS KRONA|ATACADO|MAR25
03 - ACESSORIOS KRONA;SANTA CATARINA 02;SUL;ATACADO;2025-04-01;755,88;SANTA CATARINA 02|03 - ACESSORIOS KRONA|ATACADO|ABR25
03 - ACESSORIOS KRONA;SANTA CATARINA 02;SUL;ATACADO;2025-05-01;658,59;SANTA CATARINA 02|03 - ACESSORIOS KRONA|ATACADO|MAI25
03 - ACESSORIOS KRONA;SANTA CATARINA 02;SUL;ATACADO;2025-06-01;912,19;SANTA CATARINA 02|03 - ACESSORIOS KRONA|ATACADO|JUN25
03 - ACESSORIOS KRONA;SANTA CATARINA 02;SUL;ATACADO;2025-07-01;507,56;SANTA CATARINA 02|03 - ACESSORIOS KRONA|ATACADO|JUL25
03 - ACESSORIOS KRONA;SANTA CATARINA 02;SUL;ATACADO;2025-08-01;350,83;SANTA CATARINA 02|03 - ACESSORIOS KRONA|ATACADO|AGO25
03 - ACESSORIOS KRONA;SANTA CATARINA 02;SUL;ATACADO;2025-09-01;878,71;SANTA CATARINA 02|03 - ACESSORIOS KRONA|ATACADO|SET25
03 - ACESSORIOS KRONA;SANTA CATARINA 02;SUL;ATACADO;2025-10-01;593,48;SANTA CATARINA 02|03 - ACESSORIOS KRONA|ATACADO|OUT25
03 - ACESSORIOS KRONA;SANTA CATARINA 02;SUL;ATACADO;2025-11-01;593,78;SANTA CATARINA 02|03 - ACESSORIOS KRONA|ATACADO|NOV25
03 - ACESSORIOS KRONA;SANTA CATARINA 02;SUL;ATACADO;2025-12-01;287,80;SANTA CATARINA 02|03 - ACESSORIOS KRONA|ATACADO|DEZ25
03 - ACESSORIOS KRONA;SANTA CATARINA 02;SUL;OUTROS;2025-01-01;170,45;SANTA CATARINA 02|03 - ACESSORIOS KRONA|OUTROS|JAN25
03 - ACESSORIOS KRONA;SANTA CATARINA 02;SUL;OUTROS;2025-02-01;17,07;SANTA CATARINA 02|03 - ACESSORIOS KRONA|OUTROS|FEV25
03 - ACESSORIOS KRONA;SANTA CATARINA 02;SUL;OUTROS;2025-03-01;34,86;SANTA CATARINA 02|03 - ACESSORIOS KRONA|OUTROS|MAR25
03 - ACESSORIOS KRONA;SANTA CATARINA 02;SUL;OUTROS;2025-04-01;29,82;SANTA CATARINA 02|03 - ACESSORIOS KRONA|OUTROS|ABR25
03 - ACESSORIOS KRONA;SANTA CATARINA 02;SUL;OUTROS;2025-05-01;30,27;SANTA CATARINA 02|03 - ACESSORIOS KRONA|OUTROS|MAI25
03 - ACESSORIOS KRONA;SANTA CATARINA 02;SUL;OUTROS;2025-06-01;29,97;SANTA CATARINA 02|03 - ACESSORIOS KRONA|OUTROS|JUN25
03 - ACESSORIOS KRONA;SANTA CATARINA 02;SUL;OUTROS;2025-07-01;65,59;SANTA CATARINA 02|03 - ACESSORIOS KRONA|OUTROS|JUL25
03 - ACESSORIOS KRONA;SANTA CATARINA 02;SUL;OUTROS;2025-08-01;28,73;SANTA CATARINA 02|03 - ACESSORIOS KRONA|OUTROS|AGO25
03 - ACESSORIOS KRONA;SANTA CATARINA 02;SUL;OUTROS;2025-09-01;59,33;SANTA CATARINA 02|03 - ACESSORIOS KRONA|OUTROS|SET25
03 - ACESSORIOS KRONA;SANTA CATARINA 02;SUL;OUTROS;2025-10-01;29,27;SANTA CATARINA 02|03 - ACESSORIOS KRONA|OUTROS|OUT25
03 - ACESSORIOS KRONA;SANTA CATARINA 02;SUL;OUTROS;2025-11-01;22,28;SANTA CATARINA 02|03 - ACESSORIOS KRONA|OUTROS|NOV25
03 - ACESSORIOS KRONA;SANTA CATARINA 02;SUL;OUTROS;2025-12-01;42,25;SANTA CATARINA 02|03 - ACESSORIOS KRONA|OUTROS|DEZ25
03 - ACESSORIOS KRONA;SANTA CATARINA 02;SUL;VAREJO;2025-01-01;1817,29;SANTA CATARINA 02|03 - ACESSORIOS KRONA|VAREJO|JAN25
03 - ACESSORIOS KRONA;SANTA CATARINA 02;SUL;VAREJO;2025-02-01;1671,32;SANTA CATARINA 02|03 - ACESSORIOS KRONA|VAREJO|FEV25
03 - ACESSORIOS KRONA;SANTA CATARINA 02;SUL;VAREJO;2025-03-01;1218,45;SANTA CATARINA 02|03 - ACESSORIOS KRONA|VAREJO|MAR25
03 - ACESSORIOS KRONA;SANTA CATARINA 02;SUL;VAREJO;2025-04-01;1809,30;SANTA CATARINA 02|03 - ACESSORIOS KRONA|VAREJO|ABR25
03 - ACESSORIOS KRONA;SANTA CATARINA 02;SUL;VAREJO;2025-05-01;2134,72;SANTA CATARINA 02|03 - ACESSORIOS KRONA|VAREJO|MAI25
03 - ACESSORIOS KRONA;SANTA CATARINA 02;SUL;VAREJO;2025-06-01;2843,56;SANTA CATARINA 02|03 - ACESSORIOS KRONA|VAREJO|JUN25
03 - ACESSORIOS KRONA;SANTA CATARINA 02;SUL;VAREJO;2025-07-01;2471,76;SANTA CATARINA 02|03 - ACESSORIOS KRONA|VAREJO|JUL25
03 - ACESSORIOS KRONA;SANTA CATARINA 02;SUL;VAREJO;2025-08-01;2313,61;SANTA CATARINA 02|03 - ACESSORIOS KRONA|VAREJO|AGO25
03 - ACESSORIOS KRONA;SANTA CATARINA 02;SUL;VAREJO;2025-09-01;2174,87;SANTA CATARINA 02|03 - ACESSORIOS KRONA|VAREJO|SET25
03 - ACESSORIOS KRONA;SANTA CATARINA 02;SUL;VAREJO;2025-10-01;1555,53;SANTA CATARINA 02|03 - ACESSORIOS KRONA|VAREJO|OUT25
03 - ACESSORIOS KRONA;SANTA CATARINA 02;SUL;VAREJO;2025-11-01;3828,96;SANTA CATARINA 02|03 - ACESSORIOS KRONA|VAREJO|NOV25
03 - ACESSORIOS KRONA;SANTA CATARINA 02;SUL;VAREJO;2025-12-01;1458,09;SANTA CATARINA 02|03 - ACESSORIOS KRONA|VAREJO|DEZ25
03 - ACESSORIOS KRONA;SAO PAULO CAPITAL;SP;ATACADO;2025-01-01;806,69;SAO PAULO CAPITAL|03 - ACESSORIOS KRONA|ATACADO|JAN25
03 - ACESSORIOS KRONA;SAO PAULO CAPITAL;SP;ATACADO;2025-02-01;571,45;SAO PAULO CAPITAL|03 - ACESSORIOS KRONA|ATACADO|FEV25
03 - ACESSORIOS KRONA;SAO PAULO CAPITAL;SP;ATACADO;2025-03-01;1732,22;SAO PAULO CAPITAL|03 - ACESSORIOS KRONA|ATACADO|MAR25
03 - ACESSORIOS KRONA;SAO PAULO CAPITAL;SP;ATACADO;2025-04-01;432,88;SAO PAULO CAPITAL|03 - ACESSORIOS KRONA|ATACADO|ABR25
03 - ACESSORIOS KRONA;SAO PAULO CAPITAL;SP;ATACADO;2025-05-01;613,51;SAO PAULO CAPITAL|03 - ACESSORIOS KRONA|ATACADO|MAI25
03 - ACESSORIOS KRONA;SAO PAULO CAPITAL;SP;ATACADO;2025-06-01;594,07;SAO PAULO CAPITAL|03 - ACESSORIOS KRONA|ATACADO|JUN25
03 - ACESSORIOS KRONA;SAO PAULO CAPITAL;SP;ATACADO;2025-07-01;343,06;SAO PAULO CAPITAL|03 - ACESSORIOS KRONA|ATACADO|JUL25
03 - ACESSORIOS KRONA;SAO PAULO CAPITAL;SP;ATACADO;2025-08-01;216,70;SAO PAULO CAPITAL|03 - ACESSORIOS KRONA|ATACADO|AGO25
03 - ACESSORIOS KRONA;SAO PAULO CAPITAL;SP;ATACADO;2025-09-01;301,29;SAO PAULO CAPITAL|03 - ACESSORIOS KRONA|ATACADO|SET25
03 - ACESSORIOS KRONA;SAO PAULO CAPITAL;SP;ATACADO;2025-10-01;581,35;SAO PAULO CAPITAL|03 - ACESSORIOS KRONA|ATACADO|OUT25
03 - ACESSORIOS KRONA;SAO PAULO CAPITAL;SP;ATACADO;2025-11-01;1295,92;SAO PAULO CAPITAL|03 - ACESSORIOS KRONA|ATACADO|NOV25
03 - ACESSORIOS KRONA;SAO PAULO CAPITAL;SP;ATACADO;2025-12-01;495,03;SAO PAULO CAPITAL|03 - ACESSORIOS KRONA|ATACADO|DEZ25
03 - ACESSORIOS KRONA;SAO PAULO CAPITAL;SP;OUTROS;2025-02-01;10,94;SAO PAULO CAPITAL|03 - ACESSORIOS KRONA|OUTROS|FEV25
03 - ACESSORIOS KRONA;SAO PAULO CAPITAL;SP;OUTROS;2025-04-01;95,27;SAO PAULO CAPITAL|03 - ACESSORIOS KRONA|OUTROS|ABR25
03 - ACESSORIOS KRONA;SAO PAULO CAPITAL;SP;OUTROS;2025-05-01;226,28;SAO PAULO CAPITAL|03 - ACESSORIOS KRONA|OUTROS|MAI25
03 - ACESSORIOS KRONA;SAO PAULO CAPITAL;SP;OUTROS;2025-08-01;131,37;SAO PAULO CAPITAL|03 - ACESSORIOS KRONA|OUTROS|AGO25
03 - ACESSORIOS KRONA;SAO PAULO CAPITAL;SP;OUTROS;2025-10-01;3138,00;SAO PAULO CAPITAL|03 - ACESSORIOS KRONA|OUTROS|OUT25
03 - ACESSORIOS KRONA;SAO PAULO CAPITAL;SP;OUTROS;2025-12-01;3239,44;SAO PAULO CAPITAL|03 - ACESSORIOS KRONA|OUTROS|DEZ25
03 - ACESSORIOS KRONA;SAO PAULO CAPITAL;SP;VAREJO;2025-01-01;5611,65;SAO PAULO CAPITAL|03 - ACESSORIOS KRONA|VAREJO|JAN25
03 - ACESSORIOS KRONA;SAO PAULO CAPITAL;SP;VAREJO;2025-02-01;10785,15;SAO PAULO CAPITAL|03 - ACESSORIOS KRONA|VAREJO|FEV25
03 - ACESSORIOS KRONA;SAO PAULO CAPITAL;SP;VAREJO;2025-03-01;4733,91;SAO PAULO CAPITAL|03 - ACESSORIOS KRONA|VAREJO|MAR25
03 - ACESSORIOS KRONA;SAO PAULO CAPITAL;SP;VAREJO;2025-04-01;5712,03;SAO PAULO CAPITAL|03 - ACESSORIOS KRONA|VAREJO|ABR25
03 - ACESSORIOS KRONA;SAO PAULO CAPITAL;SP;VAREJO;2025-05-01;8625,23;SAO PAULO CAPITAL|03 - ACESSORIOS KRONA|VAREJO|MAI25
03 - ACESSORIOS KRONA;SAO PAULO CAPITAL;SP;VAREJO;2025-06-01;9980,01;SAO PAULO CAPITAL|03 - ACESSORIOS KRONA|VAREJO|JUN25
03 - ACESSORIOS KRONA;SAO PAULO CAPITAL;SP;VAREJO;2025-07-01;5934,76;SAO PAULO CAPITAL|03 - ACESSORIOS KRONA|VAREJO|JUL25
03 - ACESSORIOS KRONA;SAO PAULO CAPITAL;SP;VAREJO;2025-08-01;8045,08;SAO PAULO CAPITAL|03 - ACESSORIOS KRONA|VAREJO|AGO25
03 - ACESSORIOS KRONA;SAO PAULO CAPITAL;SP;VAREJO;2025-09-01;9601,96;SAO PAULO CAPITAL|03 - ACESSORIOS KRONA|VAREJO|SET25
03 - ACESSORIOS KRONA;SAO PAULO CAPITAL;SP;VAREJO;2025-10-01;5480,73;SAO PAULO CAPITAL|03 - ACESSORIOS KRONA|VAREJO|OUT25
03 - ACESSORIOS KRONA;SAO PAULO CAPITAL;SP;VAREJO;2025-11-01;5422,15;SAO PAULO CAPITAL|03 - ACESSORIOS KRONA|VAREJO|NOV25
03 - ACESSORIOS KRONA;SAO PAULO CAPITAL;SP;VAREJO;2025-12-01;9066,40;SAO PAULO CAPITAL|03 - ACESSORIOS KRONA|VAREJO|DEZ25
03 - ACESSORIOS KRONA;SAO PAULO CAPITAL 2;SP;ATACADO;2025-01-01;1997,44;SAO PAULO CAPITAL 2|03 - ACESSORIOS KRONA|ATACADO|JAN25
03 - ACESSORIOS KRONA;SAO PAULO CAPITAL 2;SP;ATACADO;2025-02-01;12044,32;SAO PAULO CAPITAL 2|03 - ACESSORIOS KRONA|ATACADO|FEV25
03 - ACESSORIOS KRONA;SAO PAULO CAPITAL 2;SP;ATACADO;2025-03-01;11078,86;SAO PAULO CAPITAL 2|03 - ACESSORIOS KRONA|ATACADO|MAR25
03 - ACESSORIOS KRONA;SAO PAULO CAPITAL 2;SP;ATACADO;2025-04-01;6864,30;SAO PAULO CAPITAL 2|03 - ACESSORIOS KRONA|ATACADO|ABR25
03 - ACESSORIOS KRONA;SAO PAULO CAPITAL 2;SP;ATACADO;2025-05-01;9364,59;SAO PAULO CAPITAL 2|03 - ACESSORIOS KRONA|ATACADO|MAI25
03 - ACESSORIOS KRONA;SAO PAULO CAPITAL 2;SP;ATACADO;2025-06-01;26335,99;SAO PAULO CAPITAL 2|03 - ACESSORIOS KRONA|ATACADO|JUN25
03 - ACESSORIOS KRONA;SAO PAULO CAPITAL 2;SP;ATACADO;2025-07-01;1090,09;SAO PAULO CAPITAL 2|03 - ACESSORIOS KRONA|ATACADO|JUL25
03 - ACESSORIOS KRONA;SAO PAULO CAPITAL 2;SP;ATACADO;2025-08-01;16777,86;SAO PAULO CAPITAL 2|03 - ACESSORIOS KRONA|ATACADO|AGO25
03 - ACESSORIOS KRONA;SAO PAULO CAPITAL 2;SP;ATACADO;2025-09-01;4130,91;SAO PAULO CAPITAL 2|03 - ACESSORIOS KRONA|ATACADO|SET25
03 - ACESSORIOS KRONA;SAO PAULO CAPITAL 2;SP;ATACADO;2025-10-01;7327,49;SAO PAULO CAPITAL 2|03 - ACESSORIOS KRONA|ATACADO|OUT25
03 - ACESSORIOS KRONA;SAO PAULO CAPITAL 2;SP;ATACADO;2025-11-01;12785,13;SAO PAULO CAPITAL 2|03 - ACESSORIOS KRONA|ATACADO|NOV25
03 - ACESSORIOS KRONA;SAO PAULO CAPITAL 2;SP;ATACADO;2025-12-01;33086,81;SAO PAULO CAPITAL 2|03 - ACESSORIOS KRONA|ATACADO|DEZ25
03 - ACESSORIOS KRONA;SAO PAULO INTERIOR;SP;ATACADO;2025-01-01;2046,39;SAO PAULO INTERIOR|03 - ACESSORIOS KRONA|ATACADO|JAN25
03 - ACESSORIOS KRONA;SAO PAULO INTERIOR;SP;ATACADO;2025-02-01;5163,15;SAO PAULO INTERIOR|03 - ACESSORIOS KRONA|ATACADO|FEV25
03 - ACESSORIOS KRONA;SAO PAULO INTERIOR;SP;ATACADO;2025-03-01;5784,96;SAO PAULO INTERIOR|03 - ACESSORIOS KRONA|ATACADO|MAR25
03 - ACESSORIOS KRONA;SAO PAULO INTERIOR;SP;ATACADO;2025-04-01;1222,72;SAO PAULO INTERIOR|03 - ACESSORIOS KRONA|ATACADO|ABR25
03 - ACESSORIOS KRONA;SAO PAULO INTERIOR;SP;ATACADO;2025-05-01;4251,96;SAO PAULO INTERIOR|03 - ACESSORIOS KRONA|ATACADO|MAI25
03 - ACESSORIOS KRONA;SAO PAULO INTERIOR;SP;ATACADO;2025-06-01;20359,11;SAO PAULO INTERIOR|03 - ACESSORIOS KRONA|ATACADO|JUN25
03 - ACESSORIOS KRONA;SAO PAULO INTERIOR;SP;ATACADO;2025-07-01;633,72;SAO PAULO INTERIOR|03 - ACESSORIOS KRONA|ATACADO|JUL25
03 - ACESSORIOS KRONA;SAO PAULO INTERIOR;SP;ATACADO;2025-08-01;6914,93;SAO PAULO INTERIOR|03 - ACESSORIOS KRONA|ATACADO|AGO25
03 - ACESSORIOS KRONA;SAO PAULO INTERIOR;SP;ATACADO;2025-09-01;3068,21;SAO PAULO INTERIOR|03 - ACESSORIOS KRONA|ATACADO|SET25
03 - ACESSORIOS KRONA;SAO PAULO INTERIOR;SP;ATACADO;2025-10-01;3786,57;SAO PAULO INTERIOR|03 - ACESSORIOS KRONA|ATACADO|OUT25
03 - ACESSORIOS KRONA;SAO PAULO INTERIOR;SP;ATACADO;2025-11-01;2871,03;SAO PAULO INTERIOR|03 - ACESSORIOS KRONA|ATACADO|NOV25
03 - ACESSORIOS KRONA;SAO PAULO INTERIOR;SP;ATACADO;2025-12-01;7626,69;SAO PAULO INTERIOR|03 - ACESSORIOS KRONA|ATACADO|DEZ25
03 - ACESSORIOS KRONA;SAO PAULO INTERIOR;SP;OUTROS;2025-02-01;54,95;SAO PAULO INTERIOR|03 - ACESSORIOS KRONA|OUTROS|FEV25
03 - ACESSORIOS KRONA;SAO PAULO INTERIOR;SP;OUTROS;2025-03-01;14,31;SAO PAULO INTERIOR|03 - ACESSORIOS KRONA|OUTROS|MAR25
03 - ACESSORIOS KRONA;SAO PAULO INTERIOR;SP;OUTROS;2025-05-01;20,60;SAO PAULO INTERIOR|03 - ACESSORIOS KRONA|OUTROS|MAI25
03 - ACESSORIOS KRONA;SAO PAULO INTERIOR;SP;OUTROS;2025-06-01;32,44;SAO PAULO INTERIOR|03 - ACESSORIOS KRONA|OUTROS|JUN25
03 - ACESSORIOS KRONA;SAO PAULO INTERIOR;SP;OUTROS;2025-08-01;32,44;SAO PAULO INTERIOR|03 - ACESSORIOS KRONA|OUTROS|AGO25
03 - ACESSORIOS KRONA;SAO PAULO INTERIOR;SP;OUTROS;2025-11-01;32,44;SAO PAULO INTERIOR|03 - ACESSORIOS KRONA|OUTROS|NOV25
03 - ACESSORIOS KRONA;SAO PAULO INTERIOR;SP;VAREJO;2025-01-01;1691,25;SAO PAULO INTERIOR|03 - ACESSORIOS KRONA|VAREJO|JAN25
03 - ACESSORIOS KRONA;SAO PAULO INTERIOR;SP;VAREJO;2025-02-01;2311,49;SAO PAULO INTERIOR|03 - ACESSORIOS KRONA|VAREJO|FEV25
03 - ACESSORIOS KRONA;SAO PAULO INTERIOR;SP;VAREJO;2025-03-01;1445,50;SAO PAULO INTERIOR|03 - ACESSORIOS KRONA|VAREJO|MAR25
03 - ACESSORIOS KRONA;SAO PAULO INTERIOR;SP;VAREJO;2025-04-01;2001,02;SAO PAULO INTERIOR|03 - ACESSORIOS KRONA|VAREJO|ABR25
03 - ACESSORIOS KRONA;SAO PAULO INTERIOR;SP;VAREJO;2025-05-01;2346,76;SAO PAULO INTERIOR|03 - ACESSORIOS KRONA|VAREJO|MAI25
03 - ACESSORIOS KRONA;SAO PAULO INTERIOR;SP;VAREJO;2025-06-01;3536,52;SAO PAULO INTERIOR|03 - ACESSORIOS KRONA|VAREJO|JUN25
03 - ACESSORIOS KRONA;SAO PAULO INTERIOR;SP;VAREJO;2025-07-01;2135,07;SAO PAULO INTERIOR|03 - ACESSORIOS KRONA|VAREJO|JUL25
03 - ACESSORIOS KRONA;SAO PAULO INTERIOR;SP;VAREJO;2025-08-01;1472,03;SAO PAULO INTERIOR|03 - ACESSORIOS KRONA|VAREJO|AGO25
03 - ACESSORIOS KRONA;SAO PAULO INTERIOR;SP;VAREJO;2025-09-01;2067,69;SAO PAULO INTERIOR|03 - ACESSORIOS KRONA|VAREJO|SET25
03 - ACESSORIOS KRONA;SAO PAULO INTERIOR;SP;VAREJO;2025-10-01;1586,76;SAO PAULO INTERIOR|03 - ACESSORIOS KRONA|VAREJO|OUT25
03 - ACESSORIOS KRONA;SAO PAULO INTERIOR;SP;VAREJO;2025-11-01;1452,93;SAO PAULO INTERIOR|03 - ACESSORIOS KRONA|VAREJO|NOV25
03 - ACESSORIOS KRONA;SAO PAULO INTERIOR;SP;VAREJO;2025-12-01;1734,30;SAO PAULO INTERIOR|03 - ACESSORIOS KRONA|VAREJO|DEZ25
03 - ACESSORIOS KRONA;TELEVENDAS;TELEVENDAS;ATACADO;2025-01-01;35,16;TELEVENDAS|03 - ACESSORIOS KRONA|ATACADO|JAN25
03 - ACESSORIOS KRONA;TELEVENDAS;TELEVENDAS;ATACADO;2025-02-01;55,53;TELEVENDAS|03 - ACESSORIOS KRONA|ATACADO|FEV25
03 - ACESSORIOS KRONA;TELEVENDAS;TELEVENDAS;ATACADO;2025-04-01;292,75;TELEVENDAS|03 - ACESSORIOS KRONA|ATACADO|ABR25
03 - ACESSORIOS KRONA;TELEVENDAS;TELEVENDAS;ATACADO;2025-05-01;8,80;TELEVENDAS|03 - ACESSORIOS KRONA|ATACADO|MAI25
03 - ACESSORIOS KRONA;TELEVENDAS;TELEVENDAS;ATACADO;2025-06-01;20,12;TELEVENDAS|03 - ACESSORIOS KRONA|ATACADO|JUN25
03 - ACESSORIOS KRONA;TELEVENDAS;TELEVENDAS;ATACADO;2025-07-01;284,52;TELEVENDAS|03 - ACESSORIOS KRONA|ATACADO|JUL25
03 - ACESSORIOS KRONA;TELEVENDAS;TELEVENDAS;ATACADO;2025-08-01;3,57;TELEVENDAS|03 - ACESSORIOS KRONA|ATACADO|AGO25
03 - ACESSORIOS KRONA;TELEVENDAS;TELEVENDAS;ATACADO;2025-09-01;37,70;TELEVENDAS|03 - ACESSORIOS KRONA|ATACADO|SET25
03 - ACESSORIOS KRONA;TELEVENDAS;TELEVENDAS;ATACADO;2025-10-01;40,96;TELEVENDAS|03 - ACESSORIOS KRONA|ATACADO|OUT25
03 - ACESSORIOS KRONA;TELEVENDAS;TELEVENDAS;IRRIGACAO;2025-02-01;16,80;TELEVENDAS|03 - ACESSORIOS KRONA|IRRIGACAO|FEV25
03 - ACESSORIOS KRONA;TELEVENDAS;TELEVENDAS;IRRIGACAO;2025-05-01;3,09;TELEVENDAS|03 - ACESSORIOS KRONA|IRRIGACAO|MAI25
03 - ACESSORIOS KRONA;TELEVENDAS;TELEVENDAS;OUTROS;2025-01-01;114,85;TELEVENDAS|03 - ACESSORIOS KRONA|OUTROS|JAN25
03 - ACESSORIOS KRONA;TELEVENDAS;TELEVENDAS;OUTROS;2025-02-01;131,99;TELEVENDAS|03 - ACESSORIOS KRONA|OUTROS|FEV25
03 - ACESSORIOS KRONA;TELEVENDAS;TELEVENDAS;OUTROS;2025-03-01;2,56;TELEVENDAS|03 - ACESSORIOS KRONA|OUTROS|MAR25
03 - ACESSORIOS KRONA;TELEVENDAS;TELEVENDAS;OUTROS;2025-04-01;162,13;TELEVENDAS|03 - ACESSORIOS KRONA|OUTROS|ABR25
03 - ACESSORIOS KRONA;TELEVENDAS;TELEVENDAS;OUTROS;2025-05-01;11,18;TELEVENDAS|03 - ACESSORIOS KRONA|OUTROS|MAI25
03 - ACESSORIOS KRONA;TELEVENDAS;TELEVENDAS;OUTROS;2025-06-01;87,25;TELEVENDAS|03 - ACESSORIOS KRONA|OUTROS|JUN25
03 - ACESSORIOS KRONA;TELEVENDAS;TELEVENDAS;OUTROS;2025-07-01;28,36;TELEVENDAS|03 - ACESSORIOS KRONA|OUTROS|JUL25
03 - ACESSORIOS KRONA;TELEVENDAS;TELEVENDAS;OUTROS;2025-08-01;56,80;TELEVENDAS|03 - ACESSORIOS KRONA|OUTROS|AGO25
03 - ACESSORIOS KRONA;TELEVENDAS;TELEVENDAS;OUTROS;2025-09-01;94,54;TELEVENDAS|03 - ACESSORIOS KRONA|OUTROS|SET25
03 - ACESSORIOS KRONA;TELEVENDAS;TELEVENDAS;OUTROS;2025-10-01;35,36;TELEVENDAS|03 - ACESSORIOS KRONA|OUTROS|OUT25
03 - ACESSORIOS KRONA;TELEVENDAS;TELEVENDAS;OUTROS;2025-11-01;85,06;TELEVENDAS|03 - ACESSORIOS KRONA|OUTROS|NOV25
03 - ACESSORIOS KRONA;TELEVENDAS;TELEVENDAS;OUTROS;2025-12-01;149,77;TELEVENDAS|03 - ACESSORIOS KRONA|OUTROS|DEZ25
03 - ACESSORIOS KRONA;TELEVENDAS;TELEVENDAS;VAREJO;2025-01-01;1584,52;TELEVENDAS|03 - ACESSORIOS KRONA|VAREJO|JAN25
03 - ACESSORIOS KRONA;TELEVENDAS;TELEVENDAS;VAREJO;2025-02-01;3315,04;TELEVENDAS|03 - ACESSORIOS KRONA|VAREJO|FEV25
03 - ACESSORIOS KRONA;TELEVENDAS;TELEVENDAS;VAREJO;2025-03-01;1847,01;TELEVENDAS|03 - ACESSORIOS KRONA|VAREJO|MAR25
03 - ACESSORIOS KRONA;TELEVENDAS;TELEVENDAS;VAREJO;2025-04-01;1974,53;TELEVENDAS|03 - ACESSORIOS KRONA|VAREJO|ABR25
03 - ACESSORIOS KRONA;TELEVENDAS;TELEVENDAS;VAREJO;2025-05-01;3196,58;TELEVENDAS|03 - ACESSORIOS KRONA|VAREJO|MAI25
03 - ACESSORIOS KRONA;TELEVENDAS;TELEVENDAS;VAREJO;2025-06-01;4467,92;TELEVENDAS|03 - ACESSORIOS KRONA|VAREJO|JUN25
03 - ACESSORIOS KRONA;TELEVENDAS;TELEVENDAS;VAREJO;2025-07-01;2996,88;TELEVENDAS|03 - ACESSORIOS KRONA|VAREJO|JUL25
03 - ACESSORIOS KRONA;TELEVENDAS;TELEVENDAS;VAREJO;2025-08-01;2883,19;TELEVENDAS|03 - ACESSORIOS KRONA|VAREJO|AGO25
03 - ACESSORIOS KRONA;TELEVENDAS;TELEVENDAS;VAREJO;2025-09-01;3132,37;TELEVENDAS|03 - ACESSORIOS KRONA|VAREJO|SET25
03 - ACESSORIOS KRONA;TELEVENDAS;TELEVENDAS;VAREJO;2025-10-01;2898,72;TELEVENDAS|03 - ACESSORIOS KRONA|VAREJO|OUT25
03 - ACESSORIOS KRONA;TELEVENDAS;TELEVENDAS;VAREJO;2025-11-01;2126,25;TELEVENDAS|03 - ACESSORIOS KRONA|VAREJO|NOV25
03 - ACESSORIOS KRONA;TELEVENDAS;TELEVENDAS;VAREJO;2025-12-01;4065,41;TELEVENDAS|03 - ACESSORIOS KRONA|VAREJO|DEZ25
04 - PRODUTOS REVENDA;CENTRO OESTE;CO NO;ATACADO;2025-01-01;7015,07;CENTRO OESTE|04 - PRODUTOS REVENDA|ATACADO|JAN25
04 - PRODUTOS REVENDA;CENTRO OESTE;CO NO;ATACADO;2025-02-01;1222,92;CENTRO OESTE|04 - PRODUTOS REVENDA|ATACADO|FEV25
04 - PRODUTOS REVENDA;CENTRO OESTE;CO NO;ATACADO;2025-03-01;8955,51;CENTRO OESTE|04 - PRODUTOS REVENDA|ATACADO|MAR25
04 - PRODUTOS REVENDA;CENTRO OESTE;CO NO;ATACADO;2025-04-01;3979,88;CENTRO OESTE|04 - PRODUTOS REVENDA|ATACADO|ABR25
04 - PRODUTOS REVENDA;CENTRO OESTE;CO NO;ATACADO;2025-05-01;12523,26;CENTRO OESTE|04 - PRODUTOS REVENDA|ATACADO|MAI25
04 - PRODUTOS REVENDA;CENTRO OESTE;CO NO;ATACADO;2025-06-01;15354,05;CENTRO OESTE|04 - PRODUTOS REVENDA|ATACADO|JUN25
04 - PRODUTOS REVENDA;CENTRO OESTE;CO NO;ATACADO;2025-07-01;3958,41;CENTRO OESTE|04 - PRODUTOS REVENDA|ATACADO|JUL25
04 - PRODUTOS REVENDA;CENTRO OESTE;CO NO;ATACADO;2025-08-01;4682,63;CENTRO OESTE|04 - PRODUTOS REVENDA|ATACADO|AGO25
04 - PRODUTOS REVENDA;CENTRO OESTE;CO NO;ATACADO;2025-09-01;9468,81;CENTRO OESTE|04 - PRODUTOS REVENDA|ATACADO|SET25
04 - PRODUTOS REVENDA;CENTRO OESTE;CO NO;ATACADO;2025-10-01;10204,63;CENTRO OESTE|04 - PRODUTOS REVENDA|ATACADO|OUT25
04 - PRODUTOS REVENDA;CENTRO OESTE;CO NO;ATACADO;2025-11-01;4779,71;CENTRO OESTE|04 - PRODUTOS REVENDA|ATACADO|NOV25
04 - PRODUTOS REVENDA;CENTRO OESTE;CO NO;ATACADO;2025-12-01;11991,54;CENTRO OESTE|04 - PRODUTOS REVENDA|ATACADO|DEZ25
04 - PRODUTOS REVENDA;CENTRO OESTE;CO NO;OUTROS;2025-07-01;30,60;CENTRO OESTE|04 - PRODUTOS REVENDA|OUTROS|JUL25
04 - PRODUTOS REVENDA;CENTRO OESTE;CO NO;OUTROS;2025-08-01;6,54;CENTRO OESTE|04 - PRODUTOS REVENDA|OUTROS|AGO25
04 - PRODUTOS REVENDA;CENTRO OESTE;CO NO;OUTROS;2025-09-01;1,56;CENTRO OESTE|04 - PRODUTOS REVENDA|OUTROS|SET25
04 - PRODUTOS REVENDA;CENTRO OESTE;CO NO;OUTROS;2025-11-01;6,30;CENTRO OESTE|04 - PRODUTOS REVENDA|OUTROS|NOV25
04 - PRODUTOS REVENDA;CENTRO OESTE;CO NO;OUTROS;2025-12-01;2,10;CENTRO OESTE|04 - PRODUTOS REVENDA|OUTROS|DEZ25
04 - PRODUTOS REVENDA;CENTRO OESTE;CO NO;VAREJO;2025-01-01;3186,54;CENTRO OESTE|04 - PRODUTOS REVENDA|VAREJO|JAN25
04 - PRODUTOS REVENDA;CENTRO OESTE;CO NO;VAREJO;2025-02-01;2713,62;CENTRO OESTE|04 - PRODUTOS REVENDA|VAREJO|FEV25
04 - PRODUTOS REVENDA;CENTRO OESTE;CO NO;VAREJO;2025-03-01;3483,69;CENTRO OESTE|04 - PRODUTOS REVENDA|VAREJO|MAR25
04 - PRODUTOS REVENDA;CENTRO OESTE;CO NO;VAREJO;2025-04-01;2796,14;CENTRO OESTE|04 - PRODUTOS REVENDA|VAREJO|ABR25
04 - PRODUTOS REVENDA;CENTRO OESTE;CO NO;VAREJO;2025-05-01;3330,33;CENTRO OESTE|04 - PRODUTOS REVENDA|VAREJO|MAI25
04 - PRODUTOS REVENDA;CENTRO OESTE;CO NO;VAREJO;2025-06-01;6506,49;CENTRO OESTE|04 - PRODUTOS REVENDA|VAREJO|JUN25
04 - PRODUTOS REVENDA;CENTRO OESTE;CO NO;VAREJO;2025-07-01;3183,95;CENTRO OESTE|04 - PRODUTOS REVENDA|VAREJO|JUL25
04 - PRODUTOS REVENDA;CENTRO OESTE;CO NO;VAREJO;2025-08-01;4290,99;CENTRO OESTE|04 - PRODUTOS REVENDA|VAREJO|AGO25
04 - PRODUTOS REVENDA;CENTRO OESTE;CO NO;VAREJO;2025-09-01;2727,74;CENTRO OESTE|04 - PRODUTOS REVENDA|VAREJO|SET25
04 - PRODUTOS REVENDA;CENTRO OESTE;CO NO;VAREJO;2025-10-01;3455,59;CENTRO OESTE|04 - PRODUTOS REVENDA|VAREJO|OUT25
04 - PRODUTOS REVENDA;CENTRO OESTE;CO NO;VAREJO;2025-11-01;4483,57;CENTRO OESTE|04 - PRODUTOS REVENDA|VAREJO|NOV25
04 - PRODUTOS REVENDA;CENTRO OESTE;CO NO;VAREJO;2025-12-01;3763,63;CENTRO OESTE|04 - PRODUTOS REVENDA|VAREJO|DEZ25
04 - PRODUTOS REVENDA;CONSTR CENTRO OESTE;CONSTRUTORA;CONSTRUTORA;2025-01-01;680,95;CONSTR CENTRO OESTE|04 - PRODUTOS REVENDA|CONSTRUTORA|JAN25
04 - PRODUTOS REVENDA;CONSTR CENTRO OESTE;CONSTRUTORA;CONSTRUTORA;2025-02-01;2292,23;CONSTR CENTRO OESTE|04 - PRODUTOS REVENDA|CONSTRUTORA|FEV25
04 - PRODUTOS REVENDA;CONSTR CENTRO OESTE;CONSTRUTORA;CONSTRUTORA;2025-03-01;1765,64;CONSTR CENTRO OESTE|04 - PRODUTOS REVENDA|CONSTRUTORA|MAR25
04 - PRODUTOS REVENDA;CONSTR CENTRO OESTE;CONSTRUTORA;CONSTRUTORA;2025-04-01;1925,03;CONSTR CENTRO OESTE|04 - PRODUTOS REVENDA|CONSTRUTORA|ABR25
04 - PRODUTOS REVENDA;CONSTR CENTRO OESTE;CONSTRUTORA;CONSTRUTORA;2025-05-01;2173,47;CONSTR CENTRO OESTE|04 - PRODUTOS REVENDA|CONSTRUTORA|MAI25
04 - PRODUTOS REVENDA;CONSTR CENTRO OESTE;CONSTRUTORA;CONSTRUTORA;2025-06-01;1714,29;CONSTR CENTRO OESTE|04 - PRODUTOS REVENDA|CONSTRUTORA|JUN25
04 - PRODUTOS REVENDA;CONSTR CENTRO OESTE;CONSTRUTORA;CONSTRUTORA;2025-07-01;2224,53;CONSTR CENTRO OESTE|04 - PRODUTOS REVENDA|CONSTRUTORA|JUL25
04 - PRODUTOS REVENDA;CONSTR CENTRO OESTE;CONSTRUTORA;CONSTRUTORA;2025-08-01;2818,08;CONSTR CENTRO OESTE|04 - PRODUTOS REVENDA|CONSTRUTORA|AGO25
04 - PRODUTOS REVENDA;CONSTR CENTRO OESTE;CONSTRUTORA;CONSTRUTORA;2025-09-01;2804,52;CONSTR CENTRO OESTE|04 - PRODUTOS REVENDA|CONSTRUTORA|SET25
04 - PRODUTOS REVENDA;CONSTR CENTRO OESTE;CONSTRUTORA;CONSTRUTORA;2025-10-01;3531,02;CONSTR CENTRO OESTE|04 - PRODUTOS REVENDA|CONSTRUTORA|OUT25
04 - PRODUTOS REVENDA;CONSTR CENTRO OESTE;CONSTRUTORA;CONSTRUTORA;2025-11-01;3519,04;CONSTR CENTRO OESTE|04 - PRODUTOS REVENDA|CONSTRUTORA|NOV25
04 - PRODUTOS REVENDA;CONSTR CENTRO OESTE;CONSTRUTORA;CONSTRUTORA;2025-12-01;2035,70;CONSTR CENTRO OESTE|04 - PRODUTOS REVENDA|CONSTRUTORA|DEZ25
04 - PRODUTOS REVENDA;CONSTR CENTRO OESTE;CONSTRUTORA;OUTROS;2025-06-01;20,40;CONSTR CENTRO OESTE|04 - PRODUTOS REVENDA|OUTROS|JUN25
04 - PRODUTOS REVENDA;CONSTR CENTRO OESTE;CONSTRUTORA;VAREJO;2025-02-01;0,40;CONSTR CENTRO OESTE|04 - PRODUTOS REVENDA|VAREJO|FEV25
04 - PRODUTOS REVENDA;CONSTR NORDESTE;CONSTRUTORA;CONSTRUTORA;2025-01-01;5438,89;CONSTR NORDESTE|04 - PRODUTOS REVENDA|CONSTRUTORA|JAN25
04 - PRODUTOS REVENDA;CONSTR NORDESTE;CONSTRUTORA;CONSTRUTORA;2025-02-01;5292,56;CONSTR NORDESTE|04 - PRODUTOS REVENDA|CONSTRUTORA|FEV25
04 - PRODUTOS REVENDA;CONSTR NORDESTE;CONSTRUTORA;CONSTRUTORA;2025-03-01;5774,74;CONSTR NORDESTE|04 - PRODUTOS REVENDA|CONSTRUTORA|MAR25
04 - PRODUTOS REVENDA;CONSTR NORDESTE;CONSTRUTORA;CONSTRUTORA;2025-04-01;6709,97;CONSTR NORDESTE|04 - PRODUTOS REVENDA|CONSTRUTORA|ABR25
04 - PRODUTOS REVENDA;CONSTR NORDESTE;CONSTRUTORA;CONSTRUTORA;2025-05-01;6886,04;CONSTR NORDESTE|04 - PRODUTOS REVENDA|CONSTRUTORA|MAI25
04 - PRODUTOS REVENDA;CONSTR NORDESTE;CONSTRUTORA;CONSTRUTORA;2025-06-01;12169,05;CONSTR NORDESTE|04 - PRODUTOS REVENDA|CONSTRUTORA|JUN25
04 - PRODUTOS REVENDA;CONSTR NORDESTE;CONSTRUTORA;CONSTRUTORA;2025-07-01;3908,79;CONSTR NORDESTE|04 - PRODUTOS REVENDA|CONSTRUTORA|JUL25
04 - PRODUTOS REVENDA;CONSTR NORDESTE;CONSTRUTORA;CONSTRUTORA;2025-08-01;6873,49;CONSTR NORDESTE|04 - PRODUTOS REVENDA|CONSTRUTORA|AGO25
04 - PRODUTOS REVENDA;CONSTR NORDESTE;CONSTRUTORA;CONSTRUTORA;2025-09-01;4688,63;CONSTR NORDESTE|04 - PRODUTOS REVENDA|CONSTRUTORA|SET25
04 - PRODUTOS REVENDA;CONSTR NORDESTE;CONSTRUTORA;CONSTRUTORA;2025-10-01;6646,05;CONSTR NORDESTE|04 - PRODUTOS REVENDA|CONSTRUTORA|OUT25
04 - PRODUTOS REVENDA;CONSTR NORDESTE;CONSTRUTORA;CONSTRUTORA;2025-11-01;6824,10;CONSTR NORDESTE|04 - PRODUTOS REVENDA|CONSTRUTORA|NOV25
04 - PRODUTOS REVENDA;CONSTR NORDESTE;CONSTRUTORA;CONSTRUTORA;2025-12-01;5165,59;CONSTR NORDESTE|04 - PRODUTOS REVENDA|CONSTRUTORA|DEZ25
04 - PRODUTOS REVENDA;CONSTR NORDESTE;CONSTRUTORA;OUTROS;2025-01-01;14,13;CONSTR NORDESTE|04 - PRODUTOS REVENDA|OUTROS|JAN25
04 - PRODUTOS REVENDA;CONSTR NORDESTE;CONSTRUTORA;OUTROS;2025-02-01;116,03;CONSTR NORDESTE|04 - PRODUTOS REVENDA|OUTROS|FEV25
04 - PRODUTOS REVENDA;CONSTR NORDESTE;CONSTRUTORA;OUTROS;2025-03-01;29,32;CONSTR NORDESTE|04 - PRODUTOS REVENDA|OUTROS|MAR25
04 - PRODUTOS REVENDA;CONSTR NORDESTE;CONSTRUTORA;OUTROS;2025-04-01;37,02;CONSTR NORDESTE|04 - PRODUTOS REVENDA|OUTROS|ABR25
04 - PRODUTOS REVENDA;CONSTR NORDESTE;CONSTRUTORA;OUTROS;2025-05-01;54,19;CONSTR NORDESTE|04 - PRODUTOS REVENDA|OUTROS|MAI25
04 - PRODUTOS REVENDA;CONSTR NORDESTE;CONSTRUTORA;OUTROS;2025-06-01;61,89;CONSTR NORDESTE|04 - PRODUTOS REVENDA|OUTROS|JUN25
04 - PRODUTOS REVENDA;CONSTR NORDESTE;CONSTRUTORA;OUTROS;2025-07-01;1,59;CONSTR NORDESTE|04 - PRODUTOS REVENDA|OUTROS|JUL25
04 - PRODUTOS REVENDA;CONSTR NORTE;CONSTRUTORA;CONSTRUTORA;2025-01-01;77,67;CONSTR NORTE|04 - PRODUTOS REVENDA|CONSTRUTORA|JAN25
04 - PRODUTOS REVENDA;CONSTR NORTE;CONSTRUTORA;CONSTRUTORA;2025-02-01;191,46;CONSTR NORTE|04 - PRODUTOS REVENDA|CONSTRUTORA|FEV25
04 - PRODUTOS REVENDA;CONSTR NORTE;CONSTRUTORA;CONSTRUTORA;2025-03-01;140,84;CONSTR NORTE|04 - PRODUTOS REVENDA|CONSTRUTORA|MAR25
04 - PRODUTOS REVENDA;CONSTR NORTE;CONSTRUTORA;CONSTRUTORA;2025-04-01;300,49;CONSTR NORTE|04 - PRODUTOS REVENDA|CONSTRUTORA|ABR25
04 - PRODUTOS REVENDA;CONSTR NORTE;CONSTRUTORA;CONSTRUTORA;2025-05-01;551,65;CONSTR NORTE|04 - PRODUTOS REVENDA|CONSTRUTORA|MAI25
04 - PRODUTOS REVENDA;CONSTR NORTE;CONSTRUTORA;CONSTRUTORA;2025-06-01;107,91;CONSTR NORTE|04 - PRODUTOS REVENDA|CONSTRUTORA|JUN25
04 - PRODUTOS REVENDA;CONSTR NORTE;CONSTRUTORA;CONSTRUTORA;2025-07-01;84,01;CONSTR NORTE|04 - PRODUTOS REVENDA|CONSTRUTORA|JUL25
04 - PRODUTOS REVENDA;CONSTR NORTE;CONSTRUTORA;CONSTRUTORA;2025-08-01;190,79;CONSTR NORTE|04 - PRODUTOS REVENDA|CONSTRUTORA|AGO25
04 - PRODUTOS REVENDA;CONSTR NORTE;CONSTRUTORA;CONSTRUTORA;2025-09-01;226,10;CONSTR NORTE|04 - PRODUTOS REVENDA|CONSTRUTORA|SET25
04 - PRODUTOS REVENDA;CONSTR NORTE;CONSTRUTORA;CONSTRUTORA;2025-10-01;546,91;CONSTR NORTE|04 - PRODUTOS REVENDA|CONSTRUTORA|OUT25
04 - PRODUTOS REVENDA;CONSTR NORTE;CONSTRUTORA;CONSTRUTORA;2025-11-01;161,38;CONSTR NORTE|04 - PRODUTOS REVENDA|CONSTRUTORA|NOV25
04 - PRODUTOS REVENDA;CONSTR NORTE;CONSTRUTORA;CONSTRUTORA;2025-12-01;244,37;CONSTR NORTE|04 - PRODUTOS REVENDA|CONSTRUTORA|DEZ25
04 - PRODUTOS REVENDA;CONSTR SAO PAULO;CONSTRUTORA;CONSTRUTORA;2025-01-01;2313,54;CONSTR SAO PAULO|04 - PRODUTOS REVENDA|CONSTRUTORA|JAN25
04 - PRODUTOS REVENDA;CONSTR SAO PAULO;CONSTRUTORA;CONSTRUTORA;2025-02-01;5309,95;CONSTR SAO PAULO|04 - PRODUTOS REVENDA|CONSTRUTORA|FEV25
04 - PRODUTOS REVENDA;CONSTR SAO PAULO;CONSTRUTORA;CONSTRUTORA;2025-03-01;3492,95;CONSTR SAO PAULO|04 - PRODUTOS REVENDA|CONSTRUTORA|MAR25
04 - PRODUTOS REVENDA;CONSTR SAO PAULO;CONSTRUTORA;CONSTRUTORA;2025-04-01;2194,39;CONSTR SAO PAULO|04 - PRODUTOS REVENDA|CONSTRUTORA|ABR25
04 - PRODUTOS REVENDA;CONSTR SAO PAULO;CONSTRUTORA;CONSTRUTORA;2025-05-01;3178,15;CONSTR SAO PAULO|04 - PRODUTOS REVENDA|CONSTRUTORA|MAI25
04 - PRODUTOS REVENDA;CONSTR SAO PAULO;CONSTRUTORA;CONSTRUTORA;2025-06-01;5330,11;CONSTR SAO PAULO|04 - PRODUTOS REVENDA|CONSTRUTORA|JUN25
04 - PRODUTOS REVENDA;CONSTR SAO PAULO;CONSTRUTORA;CONSTRUTORA;2025-07-01;3998,81;CONSTR SAO PAULO|04 - PRODUTOS REVENDA|CONSTRUTORA|JUL25
04 - PRODUTOS REVENDA;CONSTR SAO PAULO;CONSTRUTORA;CONSTRUTORA;2025-08-01;5334,16;CONSTR SAO PAULO|04 - PRODUTOS REVENDA|CONSTRUTORA|AGO25
04 - PRODUTOS REVENDA;CONSTR SAO PAULO;CONSTRUTORA;CONSTRUTORA;2025-09-01;3016,83;CONSTR SAO PAULO|04 - PRODUTOS REVENDA|CONSTRUTORA|SET25
04 - PRODUTOS REVENDA;CONSTR SAO PAULO;CONSTRUTORA;CONSTRUTORA;2025-10-01;3666,47;CONSTR SAO PAULO|04 - PRODUTOS REVENDA|CONSTRUTORA|OUT25
04 - PRODUTOS REVENDA;CONSTR SAO PAULO;CONSTRUTORA;CONSTRUTORA;2025-11-01;3546,12;CONSTR SAO PAULO|04 - PRODUTOS REVENDA|CONSTRUTORA|NOV25
04 - PRODUTOS REVENDA;CONSTR SAO PAULO;CONSTRUTORA;CONSTRUTORA;2025-12-01;3875,40;CONSTR SAO PAULO|04 - PRODUTOS REVENDA|CONSTRUTORA|DEZ25
04 - PRODUTOS REVENDA;CONSTR SAO PAULO;CONSTRUTORA;OUTROS;2025-05-01;98,09;CONSTR SAO PAULO|04 - PRODUTOS REVENDA|OUTROS|MAI25
04 - PRODUTOS REVENDA;CONSTR SAO PAULO;CONSTRUTORA;OUTROS;2025-12-01;2,55;CONSTR SAO PAULO|04 - PRODUTOS REVENDA|OUTROS|DEZ25
04 - PRODUTOS REVENDA;CONSTR SAO PAULO;CONSTRUTORA;VAREJO;2025-01-01;18,95;CONSTR SAO PAULO|04 - PRODUTOS REVENDA|VAREJO|JAN25
04 - PRODUTOS REVENDA;CONSTR SUDESTE;CONSTRUTORA;ATACADO;2025-02-01;5,13;CONSTR SUDESTE|04 - PRODUTOS REVENDA|ATACADO|FEV25
04 - PRODUTOS REVENDA;CONSTR SUDESTE;CONSTRUTORA;CONSTRUTORA;2025-01-01;123,79;CONSTR SUDESTE|04 - PRODUTOS REVENDA|CONSTRUTORA|JAN25
04 - PRODUTOS REVENDA;CONSTR SUDESTE;CONSTRUTORA;CONSTRUTORA;2025-02-01;724,18;CONSTR SUDESTE|04 - PRODUTOS REVENDA|CONSTRUTORA|FEV25
04 - PRODUTOS REVENDA;CONSTR SUDESTE;CONSTRUTORA;CONSTRUTORA;2025-03-01;247,01;CONSTR SUDESTE|04 - PRODUTOS REVENDA|CONSTRUTORA|MAR25
04 - PRODUTOS REVENDA;CONSTR SUDESTE;CONSTRUTORA;CONSTRUTORA;2025-04-01;1615,30;CONSTR SUDESTE|04 - PRODUTOS REVENDA|CONSTRUTORA|ABR25
04 - PRODUTOS REVENDA;CONSTR SUDESTE;CONSTRUTORA;CONSTRUTORA;2025-05-01;862,72;CONSTR SUDESTE|04 - PRODUTOS REVENDA|CONSTRUTORA|MAI25
04 - PRODUTOS REVENDA;CONSTR SUDESTE;CONSTRUTORA;CONSTRUTORA;2025-06-01;1689,28;CONSTR SUDESTE|04 - PRODUTOS REVENDA|CONSTRUTORA|JUN25
04 - PRODUTOS REVENDA;CONSTR SUDESTE;CONSTRUTORA;CONSTRUTORA;2025-07-01;1969,40;CONSTR SUDESTE|04 - PRODUTOS REVENDA|CONSTRUTORA|JUL25
04 - PRODUTOS REVENDA;CONSTR SUDESTE;CONSTRUTORA;CONSTRUTORA;2025-08-01;819,24;CONSTR SUDESTE|04 - PRODUTOS REVENDA|CONSTRUTORA|AGO25
04 - PRODUTOS REVENDA;CONSTR SUDESTE;CONSTRUTORA;CONSTRUTORA;2025-09-01;681,11;CONSTR SUDESTE|04 - PRODUTOS REVENDA|CONSTRUTORA|SET25
04 - PRODUTOS REVENDA;CONSTR SUDESTE;CONSTRUTORA;CONSTRUTORA;2025-10-01;1996,56;CONSTR SUDESTE|04 - PRODUTOS REVENDA|CONSTRUTORA|OUT25
04 - PRODUTOS REVENDA;CONSTR SUDESTE;CONSTRUTORA;CONSTRUTORA;2025-11-01;449,67;CONSTR SUDESTE|04 - PRODUTOS REVENDA|CONSTRUTORA|NOV25
04 - PRODUTOS REVENDA;CONSTR SUDESTE;CONSTRUTORA;CONSTRUTORA;2025-12-01;1900,60;CONSTR SUDESTE|04 - PRODUTOS REVENDA|CONSTRUTORA|DEZ25
04 - PRODUTOS REVENDA;CONSTR SUDESTE;CONSTRUTORA;OUTROS;2025-02-01;6,65;CONSTR SUDESTE|04 - PRODUTOS REVENDA|OUTROS|FEV25
04 - PRODUTOS REVENDA;CONSTR SUL;CONSTRUTORA;CONSTRUTORA;2025-01-01;2596,43;CONSTR SUL|04 - PRODUTOS REVENDA|CONSTRUTORA|JAN25
04 - PRODUTOS REVENDA;CONSTR SUL;CONSTRUTORA;CONSTRUTORA;2025-02-01;3746,35;CONSTR SUL|04 - PRODUTOS REVENDA|CONSTRUTORA|FEV25
04 - PRODUTOS REVENDA;CONSTR SUL;CONSTRUTORA;CONSTRUTORA;2025-03-01;3382,96;CONSTR SUL|04 - PRODUTOS REVENDA|CONSTRUTORA|MAR25
04 - PRODUTOS REVENDA;CONSTR SUL;CONSTRUTORA;CONSTRUTORA;2025-04-01;3337,09;CONSTR SUL|04 - PRODUTOS REVENDA|CONSTRUTORA|ABR25
04 - PRODUTOS REVENDA;CONSTR SUL;CONSTRUTORA;CONSTRUTORA;2025-05-01;4462,86;CONSTR SUL|04 - PRODUTOS REVENDA|CONSTRUTORA|MAI25
04 - PRODUTOS REVENDA;CONSTR SUL;CONSTRUTORA;CONSTRUTORA;2025-06-01;6142,74;CONSTR SUL|04 - PRODUTOS REVENDA|CONSTRUTORA|JUN25
04 - PRODUTOS REVENDA;CONSTR SUL;CONSTRUTORA;CONSTRUTORA;2025-07-01;3768,39;CONSTR SUL|04 - PRODUTOS REVENDA|CONSTRUTORA|JUL25
04 - PRODUTOS REVENDA;CONSTR SUL;CONSTRUTORA;CONSTRUTORA;2025-08-01;4845,78;CONSTR SUL|04 - PRODUTOS REVENDA|CONSTRUTORA|AGO25
04 - PRODUTOS REVENDA;CONSTR SUL;CONSTRUTORA;CONSTRUTORA;2025-09-01;3226,51;CONSTR SUL|04 - PRODUTOS REVENDA|CONSTRUTORA|SET25
04 - PRODUTOS REVENDA;CONSTR SUL;CONSTRUTORA;CONSTRUTORA;2025-10-01;3608,94;CONSTR SUL|04 - PRODUTOS REVENDA|CONSTRUTORA|OUT25
04 - PRODUTOS REVENDA;CONSTR SUL;CONSTRUTORA;CONSTRUTORA;2025-11-01;3466,26;CONSTR SUL|04 - PRODUTOS REVENDA|CONSTRUTORA|NOV25
04 - PRODUTOS REVENDA;CONSTR SUL;CONSTRUTORA;CONSTRUTORA;2025-12-01;3032,88;CONSTR SUL|04 - PRODUTOS REVENDA|CONSTRUTORA|DEZ25
04 - PRODUTOS REVENDA;CONSTR SUL;CONSTRUTORA;VAREJO;2025-01-01;14,16;CONSTR SUL|04 - PRODUTOS REVENDA|VAREJO|JAN25
04 - PRODUTOS REVENDA;CONSTR SUL;CONSTRUTORA;VAREJO;2025-02-01;20,00;CONSTR SUL|04 - PRODUTOS REVENDA|VAREJO|FEV25
04 - PRODUTOS REVENDA;CONSTR SUL;CONSTRUTORA;VAREJO;2025-03-01;7,62;CONSTR SUL|04 - PRODUTOS REVENDA|VAREJO|MAR25
04 - PRODUTOS REVENDA;CONSTR SUL;CONSTRUTORA;VAREJO;2025-04-01;11,09;CONSTR SUL|04 - PRODUTOS REVENDA|VAREJO|ABR25
04 - PRODUTOS REVENDA;CONSTR SUL;CONSTRUTORA;VAREJO;2025-09-01;0,96;CONSTR SUL|04 - PRODUTOS REVENDA|VAREJO|SET25
04 - PRODUTOS REVENDA;EXPORTACAO;EXPORTACAO;EXPORTACAO;2025-01-01;536,54;EXPORTACAO|04 - PRODUTOS REVENDA|EXPORTACAO|JAN25
04 - PRODUTOS REVENDA;EXPORTACAO;EXPORTACAO;EXPORTACAO;2025-02-01;7,70;EXPORTACAO|04 - PRODUTOS REVENDA|EXPORTACAO|FEV25
04 - PRODUTOS REVENDA;EXPORTACAO;EXPORTACAO;EXPORTACAO;2025-03-01;350,26;EXPORTACAO|04 - PRODUTOS REVENDA|EXPORTACAO|MAR25
04 - PRODUTOS REVENDA;EXPORTACAO;EXPORTACAO;EXPORTACAO;2025-04-01;463,20;EXPORTACAO|04 - PRODUTOS REVENDA|EXPORTACAO|ABR25
04 - PRODUTOS REVENDA;EXPORTACAO;EXPORTACAO;EXPORTACAO;2025-05-01;42,18;EXPORTACAO|04 - PRODUTOS REVENDA|EXPORTACAO|MAI25
04 - PRODUTOS REVENDA;EXPORTACAO;EXPORTACAO;EXPORTACAO;2025-06-01;1153,42;EXPORTACAO|04 - PRODUTOS REVENDA|EXPORTACAO|JUN25
04 - PRODUTOS REVENDA;EXPORTACAO;EXPORTACAO;EXPORTACAO;2025-07-01;179,96;EXPORTACAO|04 - PRODUTOS REVENDA|EXPORTACAO|JUL25
04 - PRODUTOS REVENDA;EXPORTACAO;EXPORTACAO;EXPORTACAO;2025-08-01;337,68;EXPORTACAO|04 - PRODUTOS REVENDA|EXPORTACAO|AGO25
04 - PRODUTOS REVENDA;EXPORTACAO;EXPORTACAO;EXPORTACAO;2025-09-01;698,40;EXPORTACAO|04 - PRODUTOS REVENDA|EXPORTACAO|SET25
04 - PRODUTOS REVENDA;EXPORTACAO;EXPORTACAO;EXPORTACAO;2025-11-01;459,64;EXPORTACAO|04 - PRODUTOS REVENDA|EXPORTACAO|NOV25
04 - PRODUTOS REVENDA;IRRIGACAO 1;IRRIGACAO;IRRIGACAO;2025-01-01;61,52;IRRIGACAO 1|04 - PRODUTOS REVENDA|IRRIGACAO|JAN25
04 - PRODUTOS REVENDA;IRRIGACAO 1;IRRIGACAO;IRRIGACAO;2025-02-01;133,89;IRRIGACAO 1|04 - PRODUTOS REVENDA|IRRIGACAO|FEV25
04 - PRODUTOS REVENDA;IRRIGACAO 1;IRRIGACAO;IRRIGACAO;2025-03-01;171,13;IRRIGACAO 1|04 - PRODUTOS REVENDA|IRRIGACAO|MAR25
04 - PRODUTOS REVENDA;IRRIGACAO 1;IRRIGACAO;IRRIGACAO;2025-04-01;30,65;IRRIGACAO 1|04 - PRODUTOS REVENDA|IRRIGACAO|ABR25
04 - PRODUTOS REVENDA;IRRIGACAO 1;IRRIGACAO;IRRIGACAO;2025-05-01;181,78;IRRIGACAO 1|04 - PRODUTOS REVENDA|IRRIGACAO|MAI25
04 - PRODUTOS REVENDA;IRRIGACAO 1;IRRIGACAO;IRRIGACAO;2025-06-01;296,66;IRRIGACAO 1|04 - PRODUTOS REVENDA|IRRIGACAO|JUN25
04 - PRODUTOS REVENDA;IRRIGACAO 1;IRRIGACAO;IRRIGACAO;2025-07-01;401,07;IRRIGACAO 1|04 - PRODUTOS REVENDA|IRRIGACAO|JUL25
04 - PRODUTOS REVENDA;IRRIGACAO 1;IRRIGACAO;IRRIGACAO;2025-08-01;478,70;IRRIGACAO 1|04 - PRODUTOS REVENDA|IRRIGACAO|AGO25
04 - PRODUTOS REVENDA;IRRIGACAO 1;IRRIGACAO;IRRIGACAO;2025-09-01;430,62;IRRIGACAO 1|04 - PRODUTOS REVENDA|IRRIGACAO|SET25
04 - PRODUTOS REVENDA;IRRIGACAO 1;IRRIGACAO;IRRIGACAO;2025-10-01;771,01;IRRIGACAO 1|04 - PRODUTOS REVENDA|IRRIGACAO|OUT25
04 - PRODUTOS REVENDA;IRRIGACAO 1;IRRIGACAO;IRRIGACAO;2025-11-01;131,54;IRRIGACAO 1|04 - PRODUTOS REVENDA|IRRIGACAO|NOV25
04 - PRODUTOS REVENDA;IRRIGACAO 1;IRRIGACAO;IRRIGACAO;2025-12-01;90,55;IRRIGACAO 1|04 - PRODUTOS REVENDA|IRRIGACAO|DEZ25
04 - PRODUTOS REVENDA;IRRIGACAO 1;IRRIGACAO;VAREJO;2025-10-01;8,40;IRRIGACAO 1|04 - PRODUTOS REVENDA|VAREJO|OUT25
04 - PRODUTOS REVENDA;IRRIGACAO 2;IRRIGACAO;IRRIGACAO;2025-01-01;75,08;IRRIGACAO 2|04 - PRODUTOS REVENDA|IRRIGACAO|JAN25
04 - PRODUTOS REVENDA;IRRIGACAO 2;IRRIGACAO;IRRIGACAO;2025-02-01;97,74;IRRIGACAO 2|04 - PRODUTOS REVENDA|IRRIGACAO|FEV25
04 - PRODUTOS REVENDA;IRRIGACAO 2;IRRIGACAO;IRRIGACAO;2025-03-01;36,01;IRRIGACAO 2|04 - PRODUTOS REVENDA|IRRIGACAO|MAR25
04 - PRODUTOS REVENDA;IRRIGACAO 2;IRRIGACAO;IRRIGACAO;2025-04-01;181,69;IRRIGACAO 2|04 - PRODUTOS REVENDA|IRRIGACAO|ABR25
04 - PRODUTOS REVENDA;IRRIGACAO 2;IRRIGACAO;IRRIGACAO;2025-05-01;44,77;IRRIGACAO 2|04 - PRODUTOS REVENDA|IRRIGACAO|MAI25
04 - PRODUTOS REVENDA;IRRIGACAO 2;IRRIGACAO;IRRIGACAO;2025-06-01;66,08;IRRIGACAO 2|04 - PRODUTOS REVENDA|IRRIGACAO|JUN25
04 - PRODUTOS REVENDA;IRRIGACAO 2;IRRIGACAO;IRRIGACAO;2025-07-01;82,13;IRRIGACAO 2|04 - PRODUTOS REVENDA|IRRIGACAO|JUL25
04 - PRODUTOS REVENDA;IRRIGACAO 2;IRRIGACAO;IRRIGACAO;2025-08-01;51,73;IRRIGACAO 2|04 - PRODUTOS REVENDA|IRRIGACAO|AGO25
04 - PRODUTOS REVENDA;IRRIGACAO 2;IRRIGACAO;IRRIGACAO;2025-09-01;59,53;IRRIGACAO 2|04 - PRODUTOS REVENDA|IRRIGACAO|SET25
04 - PRODUTOS REVENDA;IRRIGACAO 2;IRRIGACAO;IRRIGACAO;2025-10-01;65,64;IRRIGACAO 2|04 - PRODUTOS REVENDA|IRRIGACAO|OUT25
04 - PRODUTOS REVENDA;IRRIGACAO 2;IRRIGACAO;IRRIGACAO;2025-11-01;43,56;IRRIGACAO 2|04 - PRODUTOS REVENDA|IRRIGACAO|NOV25
04 - PRODUTOS REVENDA;IRRIGACAO 2;IRRIGACAO;IRRIGACAO;2025-12-01;134,10;IRRIGACAO 2|04 - PRODUTOS REVENDA|IRRIGACAO|DEZ25
04 - PRODUTOS REVENDA;MINAS GERAIS;MINAS RJ/ES;ATACADO;2025-01-01;20195,57;MINAS GERAIS|04 - PRODUTOS REVENDA|ATACADO|JAN25
04 - PRODUTOS REVENDA;MINAS GERAIS;MINAS RJ/ES;ATACADO;2025-02-01;512,50;MINAS GERAIS|04 - PRODUTOS REVENDA|ATACADO|FEV25
04 - PRODUTOS REVENDA;MINAS GERAIS;MINAS RJ/ES;ATACADO;2025-03-01;14079,56;MINAS GERAIS|04 - PRODUTOS REVENDA|ATACADO|MAR25
04 - PRODUTOS REVENDA;MINAS GERAIS;MINAS RJ/ES;ATACADO;2025-04-01;1016,10;MINAS GERAIS|04 - PRODUTOS REVENDA|ATACADO|ABR25
04 - PRODUTOS REVENDA;MINAS GERAIS;MINAS RJ/ES;ATACADO;2025-05-01;1211,64;MINAS GERAIS|04 - PRODUTOS REVENDA|ATACADO|MAI25
04 - PRODUTOS REVENDA;MINAS GERAIS;MINAS RJ/ES;ATACADO;2025-06-01;44094,29;MINAS GERAIS|04 - PRODUTOS REVENDA|ATACADO|JUN25
04 - PRODUTOS REVENDA;MINAS GERAIS;MINAS RJ/ES;ATACADO;2025-07-01;1299,68;MINAS GERAIS|04 - PRODUTOS REVENDA|ATACADO|JUL25
04 - PRODUTOS REVENDA;MINAS GERAIS;MINAS RJ/ES;ATACADO;2025-08-01;6582,20;MINAS GERAIS|04 - PRODUTOS REVENDA|ATACADO|AGO25
04 - PRODUTOS REVENDA;MINAS GERAIS;MINAS RJ/ES;ATACADO;2025-09-01;9478,92;MINAS GERAIS|04 - PRODUTOS REVENDA|ATACADO|SET25
04 - PRODUTOS REVENDA;MINAS GERAIS;MINAS RJ/ES;ATACADO;2025-10-01;25732,64;MINAS GERAIS|04 - PRODUTOS REVENDA|ATACADO|OUT25
04 - PRODUTOS REVENDA;MINAS GERAIS;MINAS RJ/ES;ATACADO;2025-11-01;17101,82;MINAS GERAIS|04 - PRODUTOS REVENDA|ATACADO|NOV25
04 - PRODUTOS REVENDA;MINAS GERAIS;MINAS RJ/ES;ATACADO;2025-12-01;12839,57;MINAS GERAIS|04 - PRODUTOS REVENDA|ATACADO|DEZ25
04 - PRODUTOS REVENDA;MINAS GERAIS;MINAS RJ/ES;OUTROS;2025-02-01;9,15;MINAS GERAIS|04 - PRODUTOS REVENDA|OUTROS|FEV25
04 - PRODUTOS REVENDA;MINAS GERAIS;MINAS RJ/ES;OUTROS;2025-04-01;25,50;MINAS GERAIS|04 - PRODUTOS REVENDA|OUTROS|ABR25
04 - PRODUTOS REVENDA;MINAS GERAIS;MINAS RJ/ES;OUTROS;2025-06-01;15,88;MINAS GERAIS|04 - PRODUTOS REVENDA|OUTROS|JUN25
04 - PRODUTOS REVENDA;MINAS GERAIS;MINAS RJ/ES;OUTROS;2025-07-01;10,20;MINAS GERAIS|04 - PRODUTOS REVENDA|OUTROS|JUL25
04 - PRODUTOS REVENDA;MINAS GERAIS;MINAS RJ/ES;OUTROS;2025-08-01;2,88;MINAS GERAIS|04 - PRODUTOS REVENDA|OUTROS|AGO25
04 - PRODUTOS REVENDA;MINAS GERAIS;MINAS RJ/ES;VAREJO;2025-01-01;1519,40;MINAS GERAIS|04 - PRODUTOS REVENDA|VAREJO|JAN25
04 - PRODUTOS REVENDA;MINAS GERAIS;MINAS RJ/ES;VAREJO;2025-02-01;3661,35;MINAS GERAIS|04 - PRODUTOS REVENDA|VAREJO|FEV25
04 - PRODUTOS REVENDA;MINAS GERAIS;MINAS RJ/ES;VAREJO;2025-03-01;1961,62;MINAS GERAIS|04 - PRODUTOS REVENDA|VAREJO|MAR25
04 - PRODUTOS REVENDA;MINAS GERAIS;MINAS RJ/ES;VAREJO;2025-04-01;4039,02;MINAS GERAIS|04 - PRODUTOS REVENDA|VAREJO|ABR25
04 - PRODUTOS REVENDA;MINAS GERAIS;MINAS RJ/ES;VAREJO;2025-05-01;2891,71;MINAS GERAIS|04 - PRODUTOS REVENDA|VAREJO|MAI25
04 - PRODUTOS REVENDA;MINAS GERAIS;MINAS RJ/ES;VAREJO;2025-06-01;5799,55;MINAS GERAIS|04 - PRODUTOS REVENDA|VAREJO|JUN25
04 - PRODUTOS REVENDA;MINAS GERAIS;MINAS RJ/ES;VAREJO;2025-07-01;3944,14;MINAS GERAIS|04 - PRODUTOS REVENDA|VAREJO|JUL25
04 - PRODUTOS REVENDA;MINAS GERAIS;MINAS RJ/ES;VAREJO;2025-08-01;2264,88;MINAS GERAIS|04 - PRODUTOS REVENDA|VAREJO|AGO25
04 - PRODUTOS REVENDA;MINAS GERAIS;MINAS RJ/ES;VAREJO;2025-09-01;1981,37;MINAS GERAIS|04 - PRODUTOS REVENDA|VAREJO|SET25
04 - PRODUTOS REVENDA;MINAS GERAIS;MINAS RJ/ES;VAREJO;2025-10-01;3483,07;MINAS GERAIS|04 - PRODUTOS REVENDA|VAREJO|OUT25
04 - PRODUTOS REVENDA;MINAS GERAIS;MINAS RJ/ES;VAREJO;2025-11-01;3250,84;MINAS GERAIS|04 - PRODUTOS REVENDA|VAREJO|NOV25
04 - PRODUTOS REVENDA;MINAS GERAIS;MINAS RJ/ES;VAREJO;2025-12-01;4303,78;MINAS GERAIS|04 - PRODUTOS REVENDA|VAREJO|DEZ25
04 - PRODUTOS REVENDA;NORDESTE 1;NORDESTE;ATACADO;2025-01-01;265,56;NORDESTE 1|04 - PRODUTOS REVENDA|ATACADO|JAN25
04 - PRODUTOS REVENDA;NORDESTE 1;NORDESTE;ATACADO;2025-02-01;94,17;NORDESTE 1|04 - PRODUTOS REVENDA|ATACADO|FEV25
04 - PRODUTOS REVENDA;NORDESTE 1;NORDESTE;ATACADO;2025-03-01;33,06;NORDESTE 1|04 - PRODUTOS REVENDA|ATACADO|MAR25
04 - PRODUTOS REVENDA;NORDESTE 1;NORDESTE;ATACADO;2025-04-01;987,92;NORDESTE 1|04 - PRODUTOS REVENDA|ATACADO|ABR25
04 - PRODUTOS REVENDA;NORDESTE 1;NORDESTE;ATACADO;2025-05-01;376,33;NORDESTE 1|04 - PRODUTOS REVENDA|ATACADO|MAI25
04 - PRODUTOS REVENDA;NORDESTE 1;NORDESTE;ATACADO;2025-06-01;2545,30;NORDESTE 1|04 - PRODUTOS REVENDA|ATACADO|JUN25
04 - PRODUTOS REVENDA;NORDESTE 1;NORDESTE;ATACADO;2025-08-01;571,11;NORDESTE 1|04 - PRODUTOS REVENDA|ATACADO|AGO25
04 - PRODUTOS REVENDA;NORDESTE 1;NORDESTE;ATACADO;2025-09-01;439,21;NORDESTE 1|04 - PRODUTOS REVENDA|ATACADO|SET25
04 - PRODUTOS REVENDA;NORDESTE 1;NORDESTE;ATACADO;2025-10-01;293,44;NORDESTE 1|04 - PRODUTOS REVENDA|ATACADO|OUT25
04 - PRODUTOS REVENDA;NORDESTE 1;NORDESTE;ATACADO;2025-11-01;397,40;NORDESTE 1|04 - PRODUTOS REVENDA|ATACADO|NOV25
04 - PRODUTOS REVENDA;NORDESTE 1;NORDESTE;ATACADO;2025-12-01;705,88;NORDESTE 1|04 - PRODUTOS REVENDA|ATACADO|DEZ25
04 - PRODUTOS REVENDA;NORDESTE 1;NORDESTE;OUTROS;2025-01-01;3,12;NORDESTE 1|04 - PRODUTOS REVENDA|OUTROS|JAN25
04 - PRODUTOS REVENDA;NORDESTE 1;NORDESTE;OUTROS;2025-02-01;2,34;NORDESTE 1|04 - PRODUTOS REVENDA|OUTROS|FEV25
04 - PRODUTOS REVENDA;NORDESTE 1;NORDESTE;OUTROS;2025-04-01;14,58;NORDESTE 1|04 - PRODUTOS REVENDA|OUTROS|ABR25
04 - PRODUTOS REVENDA;NORDESTE 1;NORDESTE;OUTROS;2025-05-01;13,62;NORDESTE 1|04 - PRODUTOS REVENDA|OUTROS|MAI25
04 - PRODUTOS REVENDA;NORDESTE 1;NORDESTE;OUTROS;2025-08-01;50,10;NORDESTE 1|04 - PRODUTOS REVENDA|OUTROS|AGO25
04 - PRODUTOS REVENDA;NORDESTE 1;NORDESTE;OUTROS;2025-09-01;19,15;NORDESTE 1|04 - PRODUTOS REVENDA|OUTROS|SET25
04 - PRODUTOS REVENDA;NORDESTE 1;NORDESTE;OUTROS;2025-10-01;0,79;NORDESTE 1|04 - PRODUTOS REVENDA|OUTROS|OUT25
04 - PRODUTOS REVENDA;NORDESTE 1;NORDESTE;OUTROS;2025-11-01;16,90;NORDESTE 1|04 - PRODUTOS REVENDA|OUTROS|NOV25
04 - PRODUTOS REVENDA;NORDESTE 1;NORDESTE;OUTROS;2025-12-01;11,45;NORDESTE 1|04 - PRODUTOS REVENDA|OUTROS|DEZ25
04 - PRODUTOS REVENDA;NORDESTE 1;NORDESTE;VAREJO;2025-01-01;1572,79;NORDESTE 1|04 - PRODUTOS REVENDA|VAREJO|JAN25
04 - PRODUTOS REVENDA;NORDESTE 1;NORDESTE;VAREJO;2025-02-01;2189,33;NORDESTE 1|04 - PRODUTOS REVENDA|VAREJO|FEV25
04 - PRODUTOS REVENDA;NORDESTE 1;NORDESTE;VAREJO;2025-03-01;1013,37;NORDESTE 1|04 - PRODUTOS REVENDA|VAREJO|MAR25
04 - PRODUTOS REVENDA;NORDESTE 1;NORDESTE;VAREJO;2025-04-01;2074,52;NORDESTE 1|04 - PRODUTOS REVENDA|VAREJO|ABR25
04 - PRODUTOS REVENDA;NORDESTE 1;NORDESTE;VAREJO;2025-05-01;1623,21;NORDESTE 1|04 - PRODUTOS REVENDA|VAREJO|MAI25
04 - PRODUTOS REVENDA;NORDESTE 1;NORDESTE;VAREJO;2025-06-01;2960,74;NORDESTE 1|04 - PRODUTOS REVENDA|VAREJO|JUN25
04 - PRODUTOS REVENDA;NORDESTE 1;NORDESTE;VAREJO;2025-07-01;894,24;NORDESTE 1|04 - PRODUTOS REVENDA|VAREJO|JUL25
04 - PRODUTOS REVENDA;NORDESTE 1;NORDESTE;VAREJO;2025-08-01;1622,42;NORDESTE 1|04 - PRODUTOS REVENDA|VAREJO|AGO25
04 - PRODUTOS REVENDA;NORDESTE 1;NORDESTE;VAREJO;2025-09-01;1330,45;NORDESTE 1|04 - PRODUTOS REVENDA|VAREJO|SET25
04 - PRODUTOS REVENDA;NORDESTE 1;NORDESTE;VAREJO;2025-10-01;1696,68;NORDESTE 1|04 - PRODUTOS REVENDA|VAREJO|OUT25
04 - PRODUTOS REVENDA;NORDESTE 1;NORDESTE;VAREJO;2025-11-01;1049,49;NORDESTE 1|04 - PRODUTOS REVENDA|VAREJO|NOV25
04 - PRODUTOS REVENDA;NORDESTE 1;NORDESTE;VAREJO;2025-12-01;1380,50;NORDESTE 1|04 - PRODUTOS REVENDA|VAREJO|DEZ25
04 - PRODUTOS REVENDA;NORDESTE 2;NORDESTE;ATACADO;2025-01-01;698,06;NORDESTE 2|04 - PRODUTOS REVENDA|ATACADO|JAN25
04 - PRODUTOS REVENDA;NORDESTE 2;NORDESTE;ATACADO;2025-02-01;465,77;NORDESTE 2|04 - PRODUTOS REVENDA|ATACADO|FEV25
04 - PRODUTOS REVENDA;NORDESTE 2;NORDESTE;ATACADO;2025-03-01;564,75;NORDESTE 2|04 - PRODUTOS REVENDA|ATACADO|MAR25
04 - PRODUTOS REVENDA;NORDESTE 2;NORDESTE;ATACADO;2025-04-01;415,49;NORDESTE 2|04 - PRODUTOS REVENDA|ATACADO|ABR25
04 - PRODUTOS REVENDA;NORDESTE 2;NORDESTE;ATACADO;2025-05-01;608,92;NORDESTE 2|04 - PRODUTOS REVENDA|ATACADO|MAI25
04 - PRODUTOS REVENDA;NORDESTE 2;NORDESTE;ATACADO;2025-06-01;1071,74;NORDESTE 2|04 - PRODUTOS REVENDA|ATACADO|JUN25
04 - PRODUTOS REVENDA;NORDESTE 2;NORDESTE;ATACADO;2025-07-01;669,29;NORDESTE 2|04 - PRODUTOS REVENDA|ATACADO|JUL25
04 - PRODUTOS REVENDA;NORDESTE 2;NORDESTE;ATACADO;2025-08-01;1583,24;NORDESTE 2|04 - PRODUTOS REVENDA|ATACADO|AGO25
04 - PRODUTOS REVENDA;NORDESTE 2;NORDESTE;ATACADO;2025-09-01;594,50;NORDESTE 2|04 - PRODUTOS REVENDA|ATACADO|SET25
04 - PRODUTOS REVENDA;NORDESTE 2;NORDESTE;ATACADO;2025-10-01;738,70;NORDESTE 2|04 - PRODUTOS REVENDA|ATACADO|OUT25
04 - PRODUTOS REVENDA;NORDESTE 2;NORDESTE;ATACADO;2025-11-01;1166,90;NORDESTE 2|04 - PRODUTOS REVENDA|ATACADO|NOV25
04 - PRODUTOS REVENDA;NORDESTE 2;NORDESTE;ATACADO;2025-12-01;566,27;NORDESTE 2|04 - PRODUTOS REVENDA|ATACADO|DEZ25
04 - PRODUTOS REVENDA;NORDESTE 2;NORDESTE;OUTROS;2025-05-01;8,15;NORDESTE 2|04 - PRODUTOS REVENDA|OUTROS|MAI25
04 - PRODUTOS REVENDA;NORDESTE 2;NORDESTE;OUTROS;2025-10-01;3,05;NORDESTE 2|04 - PRODUTOS REVENDA|OUTROS|OUT25
04 - PRODUTOS REVENDA;NORDESTE 2;NORDESTE;OUTROS;2025-12-01;8,15;NORDESTE 2|04 - PRODUTOS REVENDA|OUTROS|DEZ25
04 - PRODUTOS REVENDA;NORDESTE 2;NORDESTE;VAREJO;2025-01-01;1208,22;NORDESTE 2|04 - PRODUTOS REVENDA|VAREJO|JAN25
04 - PRODUTOS REVENDA;NORDESTE 2;NORDESTE;VAREJO;2025-02-01;1268,62;NORDESTE 2|04 - PRODUTOS REVENDA|VAREJO|FEV25
04 - PRODUTOS REVENDA;NORDESTE 2;NORDESTE;VAREJO;2025-03-01;1264,97;NORDESTE 2|04 - PRODUTOS REVENDA|VAREJO|MAR25
04 - PRODUTOS REVENDA;NORDESTE 2;NORDESTE;VAREJO;2025-04-01;1240,95;NORDESTE 2|04 - PRODUTOS REVENDA|VAREJO|ABR25
04 - PRODUTOS REVENDA;NORDESTE 2;NORDESTE;VAREJO;2025-05-01;1410,25;NORDESTE 2|04 - PRODUTOS REVENDA|VAREJO|MAI25
04 - PRODUTOS REVENDA;NORDESTE 2;NORDESTE;VAREJO;2025-06-01;2597,91;NORDESTE 2|04 - PRODUTOS REVENDA|VAREJO|JUN25
04 - PRODUTOS REVENDA;NORDESTE 2;NORDESTE;VAREJO;2025-07-01;2638,10;NORDESTE 2|04 - PRODUTOS REVENDA|VAREJO|JUL25
04 - PRODUTOS REVENDA;NORDESTE 2;NORDESTE;VAREJO;2025-08-01;1123,86;NORDESTE 2|04 - PRODUTOS REVENDA|VAREJO|AGO25
04 - PRODUTOS REVENDA;NORDESTE 2;NORDESTE;VAREJO;2025-09-01;2072,35;NORDESTE 2|04 - PRODUTOS REVENDA|VAREJO|SET25
04 - PRODUTOS REVENDA;NORDESTE 2;NORDESTE;VAREJO;2025-10-01;2313,90;NORDESTE 2|04 - PRODUTOS REVENDA|VAREJO|OUT25
04 - PRODUTOS REVENDA;NORDESTE 2;NORDESTE;VAREJO;2025-11-01;1743,65;NORDESTE 2|04 - PRODUTOS REVENDA|VAREJO|NOV25
04 - PRODUTOS REVENDA;NORDESTE 2;NORDESTE;VAREJO;2025-12-01;1594,37;NORDESTE 2|04 - PRODUTOS REVENDA|VAREJO|DEZ25
04 - PRODUTOS REVENDA;NORDESTE 3;NORDESTE;ATACADO;2025-01-01;802,33;NORDESTE 3|04 - PRODUTOS REVENDA|ATACADO|JAN25
04 - PRODUTOS REVENDA;NORDESTE 3;NORDESTE;ATACADO;2025-02-01;25,75;NORDESTE 3|04 - PRODUTOS REVENDA|ATACADO|FEV25
04 - PRODUTOS REVENDA;NORDESTE 3;NORDESTE;ATACADO;2025-03-01;1053,66;NORDESTE 3|04 - PRODUTOS REVENDA|ATACADO|MAR25
04 - PRODUTOS REVENDA;NORDESTE 3;NORDESTE;ATACADO;2025-04-01;574,02;NORDESTE 3|04 - PRODUTOS REVENDA|ATACADO|ABR25
04 - PRODUTOS REVENDA;NORDESTE 3;NORDESTE;ATACADO;2025-05-01;419,50;NORDESTE 3|04 - PRODUTOS REVENDA|ATACADO|MAI25
04 - PRODUTOS REVENDA;NORDESTE 3;NORDESTE;ATACADO;2025-06-01;1012,41;NORDESTE 3|04 - PRODUTOS REVENDA|ATACADO|JUN25
04 - PRODUTOS REVENDA;NORDESTE 3;NORDESTE;ATACADO;2025-07-01;847,85;NORDESTE 3|04 - PRODUTOS REVENDA|ATACADO|JUL25
04 - PRODUTOS REVENDA;NORDESTE 3;NORDESTE;ATACADO;2025-08-01;1891,24;NORDESTE 3|04 - PRODUTOS REVENDA|ATACADO|AGO25
04 - PRODUTOS REVENDA;NORDESTE 3;NORDESTE;ATACADO;2025-09-01;1466,88;NORDESTE 3|04 - PRODUTOS REVENDA|ATACADO|SET25
04 - PRODUTOS REVENDA;NORDESTE 3;NORDESTE;ATACADO;2025-10-01;1011,73;NORDESTE 3|04 - PRODUTOS REVENDA|ATACADO|OUT25
04 - PRODUTOS REVENDA;NORDESTE 3;NORDESTE;ATACADO;2025-11-01;1163,75;NORDESTE 3|04 - PRODUTOS REVENDA|ATACADO|NOV25
04 - PRODUTOS REVENDA;NORDESTE 3;NORDESTE;ATACADO;2025-12-01;1710,71;NORDESTE 3|04 - PRODUTOS REVENDA|ATACADO|DEZ25
04 - PRODUTOS REVENDA;NORDESTE 3;NORDESTE;OUTROS;2025-03-01;11,58;NORDESTE 3|04 - PRODUTOS REVENDA|OUTROS|MAR25
04 - PRODUTOS REVENDA;NORDESTE 3;NORDESTE;OUTROS;2025-10-01;3,05;NORDESTE 3|04 - PRODUTOS REVENDA|OUTROS|OUT25
04 - PRODUTOS REVENDA;NORDESTE 3;NORDESTE;OUTROS;2025-11-01;24,60;NORDESTE 3|04 - PRODUTOS REVENDA|OUTROS|NOV25
04 - PRODUTOS REVENDA;NORDESTE 3;NORDESTE;OUTROS;2025-12-01;14,40;NORDESTE 3|04 - PRODUTOS REVENDA|OUTROS|DEZ25
04 - PRODUTOS REVENDA;NORDESTE 3;NORDESTE;VAREJO;2025-01-01;1703,88;NORDESTE 3|04 - PRODUTOS REVENDA|VAREJO|JAN25
04 - PRODUTOS REVENDA;NORDESTE 3;NORDESTE;VAREJO;2025-02-01;1494,50;NORDESTE 3|04 - PRODUTOS REVENDA|VAREJO|FEV25
04 - PRODUTOS REVENDA;NORDESTE 3;NORDESTE;VAREJO;2025-03-01;1458,16;NORDESTE 3|04 - PRODUTOS REVENDA|VAREJO|MAR25
04 - PRODUTOS REVENDA;NORDESTE 3;NORDESTE;VAREJO;2025-04-01;1965,11;NORDESTE 3|04 - PRODUTOS REVENDA|VAREJO|ABR25
04 - PRODUTOS REVENDA;NORDESTE 3;NORDESTE;VAREJO;2025-05-01;1372,65;NORDESTE 3|04 - PRODUTOS REVENDA|VAREJO|MAI25
04 - PRODUTOS REVENDA;NORDESTE 3;NORDESTE;VAREJO;2025-06-01;3593,39;NORDESTE 3|04 - PRODUTOS REVENDA|VAREJO|JUN25
04 - PRODUTOS REVENDA;NORDESTE 3;NORDESTE;VAREJO;2025-07-01;2081,99;NORDESTE 3|04 - PRODUTOS REVENDA|VAREJO|JUL25
04 - PRODUTOS REVENDA;NORDESTE 3;NORDESTE;VAREJO;2025-08-01;1358,88;NORDESTE 3|04 - PRODUTOS REVENDA|VAREJO|AGO25
04 - PRODUTOS REVENDA;NORDESTE 3;NORDESTE;VAREJO;2025-09-01;1978,46;NORDESTE 3|04 - PRODUTOS REVENDA|VAREJO|SET25
04 - PRODUTOS REVENDA;NORDESTE 3;NORDESTE;VAREJO;2025-10-01;2003,17;NORDESTE 3|04 - PRODUTOS REVENDA|VAREJO|OUT25
04 - PRODUTOS REVENDA;NORDESTE 3;NORDESTE;VAREJO;2025-11-01;1883,18;NORDESTE 3|04 - PRODUTOS REVENDA|VAREJO|NOV25
04 - PRODUTOS REVENDA;NORDESTE 3;NORDESTE;VAREJO;2025-12-01;2230,98;NORDESTE 3|04 - PRODUTOS REVENDA|VAREJO|DEZ25
04 - PRODUTOS REVENDA;NORTE;CO NO;ATACADO;2025-01-01;99,34;NORTE|04 - PRODUTOS REVENDA|ATACADO|JAN25
04 - PRODUTOS REVENDA;NORTE;CO NO;ATACADO;2025-02-01;750,30;NORTE|04 - PRODUTOS REVENDA|ATACADO|FEV25
04 - PRODUTOS REVENDA;NORTE;CO NO;ATACADO;2025-03-01;538,79;NORTE|04 - PRODUTOS REVENDA|ATACADO|MAR25
04 - PRODUTOS REVENDA;NORTE;CO NO;ATACADO;2025-04-01;84,99;NORTE|04 - PRODUTOS REVENDA|ATACADO|ABR25
04 - PRODUTOS REVENDA;NORTE;CO NO;ATACADO;2025-05-01;236,96;NORTE|04 - PRODUTOS REVENDA|ATACADO|MAI25
04 - PRODUTOS REVENDA;NORTE;CO NO;ATACADO;2025-06-01;633,49;NORTE|04 - PRODUTOS REVENDA|ATACADO|JUN25
04 - PRODUTOS REVENDA;NORTE;CO NO;ATACADO;2025-07-01;184,80;NORTE|04 - PRODUTOS REVENDA|ATACADO|JUL25
04 - PRODUTOS REVENDA;NORTE;CO NO;ATACADO;2025-08-01;389,97;NORTE|04 - PRODUTOS REVENDA|ATACADO|AGO25
04 - PRODUTOS REVENDA;NORTE;CO NO;ATACADO;2025-09-01;380,95;NORTE|04 - PRODUTOS REVENDA|ATACADO|SET25
04 - PRODUTOS REVENDA;NORTE;CO NO;ATACADO;2025-10-01;201,74;NORTE|04 - PRODUTOS REVENDA|ATACADO|OUT25
04 - PRODUTOS REVENDA;NORTE;CO NO;ATACADO;2025-11-01;161,96;NORTE|04 - PRODUTOS REVENDA|ATACADO|NOV25
04 - PRODUTOS REVENDA;NORTE;CO NO;ATACADO;2025-12-01;591,67;NORTE|04 - PRODUTOS REVENDA|ATACADO|DEZ25
04 - PRODUTOS REVENDA;NORTE;CO NO;VAREJO;2025-01-01;1021,79;NORTE|04 - PRODUTOS REVENDA|VAREJO|JAN25
04 - PRODUTOS REVENDA;NORTE;CO NO;VAREJO;2025-02-01;1578,88;NORTE|04 - PRODUTOS REVENDA|VAREJO|FEV25
04 - PRODUTOS REVENDA;NORTE;CO NO;VAREJO;2025-03-01;1161,28;NORTE|04 - PRODUTOS REVENDA|VAREJO|MAR25
04 - PRODUTOS REVENDA;NORTE;CO NO;VAREJO;2025-04-01;1210,73;NORTE|04 - PRODUTOS REVENDA|VAREJO|ABR25
04 - PRODUTOS REVENDA;NORTE;CO NO;VAREJO;2025-05-01;1567,29;NORTE|04 - PRODUTOS REVENDA|VAREJO|MAI25
04 - PRODUTOS REVENDA;NORTE;CO NO;VAREJO;2025-06-01;1964,13;NORTE|04 - PRODUTOS REVENDA|VAREJO|JUN25
04 - PRODUTOS REVENDA;NORTE;CO NO;VAREJO;2025-07-01;2635,91;NORTE|04 - PRODUTOS REVENDA|VAREJO|JUL25
04 - PRODUTOS REVENDA;NORTE;CO NO;VAREJO;2025-08-01;1455,34;NORTE|04 - PRODUTOS REVENDA|VAREJO|AGO25
04 - PRODUTOS REVENDA;NORTE;CO NO;VAREJO;2025-09-01;1544,39;NORTE|04 - PRODUTOS REVENDA|VAREJO|SET25
04 - PRODUTOS REVENDA;NORTE;CO NO;VAREJO;2025-10-01;1486,23;NORTE|04 - PRODUTOS REVENDA|VAREJO|OUT25
04 - PRODUTOS REVENDA;NORTE;CO NO;VAREJO;2025-11-01;1409,73;NORTE|04 - PRODUTOS REVENDA|VAREJO|NOV25
04 - PRODUTOS REVENDA;NORTE;CO NO;VAREJO;2025-12-01;2364,20;NORTE|04 - PRODUTOS REVENDA|VAREJO|DEZ25
04 - PRODUTOS REVENDA;PARANA;SUL;ATACADO;2025-01-01;836,77;PARANA|04 - PRODUTOS REVENDA|ATACADO|JAN25
04 - PRODUTOS REVENDA;PARANA;SUL;ATACADO;2025-02-01;1680,41;PARANA|04 - PRODUTOS REVENDA|ATACADO|FEV25
04 - PRODUTOS REVENDA;PARANA;SUL;ATACADO;2025-03-01;659,34;PARANA|04 - PRODUTOS REVENDA|ATACADO|MAR25
04 - PRODUTOS REVENDA;PARANA;SUL;ATACADO;2025-04-01;3256,83;PARANA|04 - PRODUTOS REVENDA|ATACADO|ABR25
04 - PRODUTOS REVENDA;PARANA;SUL;ATACADO;2025-05-01;2088,10;PARANA|04 - PRODUTOS REVENDA|ATACADO|MAI25
04 - PRODUTOS REVENDA;PARANA;SUL;ATACADO;2025-06-01;3588,31;PARANA|04 - PRODUTOS REVENDA|ATACADO|JUN25
04 - PRODUTOS REVENDA;PARANA;SUL;ATACADO;2025-07-01;422,65;PARANA|04 - PRODUTOS REVENDA|ATACADO|JUL25
04 - PRODUTOS REVENDA;PARANA;SUL;ATACADO;2025-08-01;1454,67;PARANA|04 - PRODUTOS REVENDA|ATACADO|AGO25
04 - PRODUTOS REVENDA;PARANA;SUL;ATACADO;2025-09-01;1885,30;PARANA|04 - PRODUTOS REVENDA|ATACADO|SET25
04 - PRODUTOS REVENDA;PARANA;SUL;ATACADO;2025-10-01;655,76;PARANA|04 - PRODUTOS REVENDA|ATACADO|OUT25
04 - PRODUTOS REVENDA;PARANA;SUL;ATACADO;2025-11-01;2442,38;PARANA|04 - PRODUTOS REVENDA|ATACADO|NOV25
04 - PRODUTOS REVENDA;PARANA;SUL;ATACADO;2025-12-01;1778,25;PARANA|04 - PRODUTOS REVENDA|ATACADO|DEZ25
04 - PRODUTOS REVENDA;PARANA;SUL;IRRIGACAO;2025-01-01;1,56;PARANA|04 - PRODUTOS REVENDA|IRRIGACAO|JAN25
04 - PRODUTOS REVENDA;PARANA;SUL;IRRIGACAO;2025-02-01;8,40;PARANA|04 - PRODUTOS REVENDA|IRRIGACAO|FEV25
04 - PRODUTOS REVENDA;PARANA;SUL;IRRIGACAO;2025-05-01;2,10;PARANA|04 - PRODUTOS REVENDA|IRRIGACAO|MAI25
04 - PRODUTOS REVENDA;PARANA;SUL;IRRIGACAO;2025-07-01;4,98;PARANA|04 - PRODUTOS REVENDA|IRRIGACAO|JUL25
04 - PRODUTOS REVENDA;PARANA;SUL;IRRIGACAO;2025-12-01;2,10;PARANA|04 - PRODUTOS REVENDA|IRRIGACAO|DEZ25
04 - PRODUTOS REVENDA;PARANA;SUL;OUTROS;2025-01-01;17,49;PARANA|04 - PRODUTOS REVENDA|OUTROS|JAN25
04 - PRODUTOS REVENDA;PARANA;SUL;OUTROS;2025-02-01;64,68;PARANA|04 - PRODUTOS REVENDA|OUTROS|FEV25
04 - PRODUTOS REVENDA;PARANA;SUL;OUTROS;2025-03-01;87,30;PARANA|04 - PRODUTOS REVENDA|OUTROS|MAR25
04 - PRODUTOS REVENDA;PARANA;SUL;OUTROS;2025-04-01;21,75;PARANA|04 - PRODUTOS REVENDA|OUTROS|ABR25
04 - PRODUTOS REVENDA;PARANA;SUL;OUTROS;2025-05-01;88,50;PARANA|04 - PRODUTOS REVENDA|OUTROS|MAI25
04 - PRODUTOS REVENDA;PARANA;SUL;OUTROS;2025-06-01;17,40;PARANA|04 - PRODUTOS REVENDA|OUTROS|JUN25
04 - PRODUTOS REVENDA;PARANA;SUL;OUTROS;2025-07-01;5,34;PARANA|04 - PRODUTOS REVENDA|OUTROS|JUL25
04 - PRODUTOS REVENDA;PARANA;SUL;OUTROS;2025-08-01;4,20;PARANA|04 - PRODUTOS REVENDA|OUTROS|AGO25
04 - PRODUTOS REVENDA;PARANA;SUL;OUTROS;2025-09-01;80,37;PARANA|04 - PRODUTOS REVENDA|OUTROS|SET25
04 - PRODUTOS REVENDA;PARANA;SUL;OUTROS;2025-10-01;0,32;PARANA|04 - PRODUTOS REVENDA|OUTROS|OUT25
04 - PRODUTOS REVENDA;PARANA;SUL;OUTROS;2025-11-01;55,50;PARANA|04 - PRODUTOS REVENDA|OUTROS|NOV25
04 - PRODUTOS REVENDA;PARANA;SUL;OUTROS;2025-12-01;20,80;PARANA|04 - PRODUTOS REVENDA|OUTROS|DEZ25
04 - PRODUTOS REVENDA;PARANA;SUL;VAREJO;2025-01-01;1846,12;PARANA|04 - PRODUTOS REVENDA|VAREJO|JAN25
04 - PRODUTOS REVENDA;PARANA;SUL;VAREJO;2025-02-01;2073,17;PARANA|04 - PRODUTOS REVENDA|VAREJO|FEV25
04 - PRODUTOS REVENDA;PARANA;SUL;VAREJO;2025-03-01;1830,78;PARANA|04 - PRODUTOS REVENDA|VAREJO|MAR25
04 - PRODUTOS REVENDA;PARANA;SUL;VAREJO;2025-04-01;2252,74;PARANA|04 - PRODUTOS REVENDA|VAREJO|ABR25
04 - PRODUTOS REVENDA;PARANA;SUL;VAREJO;2025-05-01;2370,99;PARANA|04 - PRODUTOS REVENDA|VAREJO|MAI25
04 - PRODUTOS REVENDA;PARANA;SUL;VAREJO;2025-06-01;3318,01;PARANA|04 - PRODUTOS REVENDA|VAREJO|JUN25
04 - PRODUTOS REVENDA;PARANA;SUL;VAREJO;2025-07-01;2497,81;PARANA|04 - PRODUTOS REVENDA|VAREJO|JUL25
04 - PRODUTOS REVENDA;PARANA;SUL;VAREJO;2025-08-01;2179,09;PARANA|04 - PRODUTOS REVENDA|VAREJO|AGO25
04 - PRODUTOS REVENDA;PARANA;SUL;VAREJO;2025-09-01;2177,26;PARANA|04 - PRODUTOS REVENDA|VAREJO|SET25
04 - PRODUTOS REVENDA;PARANA;SUL;VAREJO;2025-10-01;1705,88;PARANA|04 - PRODUTOS REVENDA|VAREJO|OUT25
04 - PRODUTOS REVENDA;PARANA;SUL;VAREJO;2025-11-01;2126,00;PARANA|04 - PRODUTOS REVENDA|VAREJO|NOV25
04 - PRODUTOS REVENDA;PARANA;SUL;VAREJO;2025-12-01;2552,96;PARANA|04 - PRODUTOS REVENDA|VAREJO|DEZ25
04 - PRODUTOS REVENDA;RIO GRANDE DO SUL;SUL;ATACADO;2025-01-01;1776,70;RIO GRANDE DO SUL|04 - PRODUTOS REVENDA|ATACADO|JAN25
04 - PRODUTOS REVENDA;RIO GRANDE DO SUL;SUL;ATACADO;2025-02-01;5903,02;RIO GRANDE DO SUL|04 - PRODUTOS REVENDA|ATACADO|FEV25
04 - PRODUTOS REVENDA;RIO GRANDE DO SUL;SUL;ATACADO;2025-03-01;889,96;RIO GRANDE DO SUL|04 - PRODUTOS REVENDA|ATACADO|MAR25
04 - PRODUTOS REVENDA;RIO GRANDE DO SUL;SUL;ATACADO;2025-04-01;2713,45;RIO GRANDE DO SUL|04 - PRODUTOS REVENDA|ATACADO|ABR25
04 - PRODUTOS REVENDA;RIO GRANDE DO SUL;SUL;ATACADO;2025-05-01;3801,14;RIO GRANDE DO SUL|04 - PRODUTOS REVENDA|ATACADO|MAI25
04 - PRODUTOS REVENDA;RIO GRANDE DO SUL;SUL;ATACADO;2025-06-01;9438,22;RIO GRANDE DO SUL|04 - PRODUTOS REVENDA|ATACADO|JUN25
04 - PRODUTOS REVENDA;RIO GRANDE DO SUL;SUL;ATACADO;2025-07-01;851,68;RIO GRANDE DO SUL|04 - PRODUTOS REVENDA|ATACADO|JUL25
04 - PRODUTOS REVENDA;RIO GRANDE DO SUL;SUL;ATACADO;2025-08-01;3447,58;RIO GRANDE DO SUL|04 - PRODUTOS REVENDA|ATACADO|AGO25
04 - PRODUTOS REVENDA;RIO GRANDE DO SUL;SUL;ATACADO;2025-09-01;333,92;RIO GRANDE DO SUL|04 - PRODUTOS REVENDA|ATACADO|SET25
04 - PRODUTOS REVENDA;RIO GRANDE DO SUL;SUL;ATACADO;2025-10-01;7756,29;RIO GRANDE DO SUL|04 - PRODUTOS REVENDA|ATACADO|OUT25
04 - PRODUTOS REVENDA;RIO GRANDE DO SUL;SUL;ATACADO;2025-11-01;574,94;RIO GRANDE DO SUL|04 - PRODUTOS REVENDA|ATACADO|NOV25
04 - PRODUTOS REVENDA;RIO GRANDE DO SUL;SUL;ATACADO;2025-12-01;4264,59;RIO GRANDE DO SUL|04 - PRODUTOS REVENDA|ATACADO|DEZ25
04 - PRODUTOS REVENDA;RIO GRANDE DO SUL;SUL;OUTROS;2025-01-01;114,95;RIO GRANDE DO SUL|04 - PRODUTOS REVENDA|OUTROS|JAN25
04 - PRODUTOS REVENDA;RIO GRANDE DO SUL;SUL;OUTROS;2025-02-01;169,15;RIO GRANDE DO SUL|04 - PRODUTOS REVENDA|OUTROS|FEV25
04 - PRODUTOS REVENDA;RIO GRANDE DO SUL;SUL;OUTROS;2025-03-01;99,00;RIO GRANDE DO SUL|04 - PRODUTOS REVENDA|OUTROS|MAR25
04 - PRODUTOS REVENDA;RIO GRANDE DO SUL;SUL;OUTROS;2025-04-01;108,01;RIO GRANDE DO SUL|04 - PRODUTOS REVENDA|OUTROS|ABR25
04 - PRODUTOS REVENDA;RIO GRANDE DO SUL;SUL;OUTROS;2025-05-01;181,74;RIO GRANDE DO SUL|04 - PRODUTOS REVENDA|OUTROS|MAI25
04 - PRODUTOS REVENDA;RIO GRANDE DO SUL;SUL;OUTROS;2025-06-01;217,56;RIO GRANDE DO SUL|04 - PRODUTOS REVENDA|OUTROS|JUN25
04 - PRODUTOS REVENDA;RIO GRANDE DO SUL;SUL;OUTROS;2025-07-01;189,00;RIO GRANDE DO SUL|04 - PRODUTOS REVENDA|OUTROS|JUL25
04 - PRODUTOS REVENDA;RIO GRANDE DO SUL;SUL;OUTROS;2025-08-01;104,54;RIO GRANDE DO SUL|04 - PRODUTOS REVENDA|OUTROS|AGO25
04 - PRODUTOS REVENDA;RIO GRANDE DO SUL;SUL;OUTROS;2025-09-01;244,63;RIO GRANDE DO SUL|04 - PRODUTOS REVENDA|OUTROS|SET25
04 - PRODUTOS REVENDA;RIO GRANDE DO SUL;SUL;OUTROS;2025-10-01;213,64;RIO GRANDE DO SUL|04 - PRODUTOS REVENDA|OUTROS|OUT25
04 - PRODUTOS REVENDA;RIO GRANDE DO SUL;SUL;OUTROS;2025-11-01;211,06;RIO GRANDE DO SUL|04 - PRODUTOS REVENDA|OUTROS|NOV25
04 - PRODUTOS REVENDA;RIO GRANDE DO SUL;SUL;OUTROS;2025-12-01;230,25;RIO GRANDE DO SUL|04 - PRODUTOS REVENDA|OUTROS|DEZ25
04 - PRODUTOS REVENDA;RIO GRANDE DO SUL;SUL;VAREJO;2025-01-01;1368,77;RIO GRANDE DO SUL|04 - PRODUTOS REVENDA|VAREJO|JAN25
04 - PRODUTOS REVENDA;RIO GRANDE DO SUL;SUL;VAREJO;2025-02-01;1783,50;RIO GRANDE DO SUL|04 - PRODUTOS REVENDA|VAREJO|FEV25
04 - PRODUTOS REVENDA;RIO GRANDE DO SUL;SUL;VAREJO;2025-03-01;1528,58;RIO GRANDE DO SUL|04 - PRODUTOS REVENDA|VAREJO|MAR25
04 - PRODUTOS REVENDA;RIO GRANDE DO SUL;SUL;VAREJO;2025-04-01;1605,18;RIO GRANDE DO SUL|04 - PRODUTOS REVENDA|VAREJO|ABR25
04 - PRODUTOS REVENDA;RIO GRANDE DO SUL;SUL;VAREJO;2025-05-01;2056,05;RIO GRANDE DO SUL|04 - PRODUTOS REVENDA|VAREJO|MAI25
04 - PRODUTOS REVENDA;RIO GRANDE DO SUL;SUL;VAREJO;2025-06-01;2367,30;RIO GRANDE DO SUL|04 - PRODUTOS REVENDA|VAREJO|JUN25
04 - PRODUTOS REVENDA;RIO GRANDE DO SUL;SUL;VAREJO;2025-07-01;1310,19;RIO GRANDE DO SUL|04 - PRODUTOS REVENDA|VAREJO|JUL25
04 - PRODUTOS REVENDA;RIO GRANDE DO SUL;SUL;VAREJO;2025-08-01;2047,14;RIO GRANDE DO SUL|04 - PRODUTOS REVENDA|VAREJO|AGO25
04 - PRODUTOS REVENDA;RIO GRANDE DO SUL;SUL;VAREJO;2025-09-01;1484,40;RIO GRANDE DO SUL|04 - PRODUTOS REVENDA|VAREJO|SET25
04 - PRODUTOS REVENDA;RIO GRANDE DO SUL;SUL;VAREJO;2025-10-01;1573,22;RIO GRANDE DO SUL|04 - PRODUTOS REVENDA|VAREJO|OUT25
04 - PRODUTOS REVENDA;RIO GRANDE DO SUL;SUL;VAREJO;2025-11-01;1827,79;RIO GRANDE DO SUL|04 - PRODUTOS REVENDA|VAREJO|NOV25
04 - PRODUTOS REVENDA;RIO GRANDE DO SUL;SUL;VAREJO;2025-12-01;2061,59;RIO GRANDE DO SUL|04 - PRODUTOS REVENDA|VAREJO|DEZ25
04 - PRODUTOS REVENDA;RJ/ES;MINAS RJ/ES;ATACADO;2025-01-01;845,24;RJ/ES|04 - PRODUTOS REVENDA|ATACADO|JAN25
04 - PRODUTOS REVENDA;RJ/ES;MINAS RJ/ES;ATACADO;2025-02-01;1029,48;RJ/ES|04 - PRODUTOS REVENDA|ATACADO|FEV25
04 - PRODUTOS REVENDA;RJ/ES;MINAS RJ/ES;ATACADO;2025-03-01;1018,65;RJ/ES|04 - PRODUTOS REVENDA|ATACADO|MAR25
04 - PRODUTOS REVENDA;RJ/ES;MINAS RJ/ES;ATACADO;2025-04-01;1380,52;RJ/ES|04 - PRODUTOS REVENDA|ATACADO|ABR25
04 - PRODUTOS REVENDA;RJ/ES;MINAS RJ/ES;ATACADO;2025-05-01;1284,32;RJ/ES|04 - PRODUTOS REVENDA|ATACADO|MAI25
04 - PRODUTOS REVENDA;RJ/ES;MINAS RJ/ES;ATACADO;2025-06-01;2771,29;RJ/ES|04 - PRODUTOS REVENDA|ATACADO|JUN25
04 - PRODUTOS REVENDA;RJ/ES;MINAS RJ/ES;ATACADO;2025-07-01;479,85;RJ/ES|04 - PRODUTOS REVENDA|ATACADO|JUL25
04 - PRODUTOS REVENDA;RJ/ES;MINAS RJ/ES;ATACADO;2025-08-01;1005,23;RJ/ES|04 - PRODUTOS REVENDA|ATACADO|AGO25
04 - PRODUTOS REVENDA;RJ/ES;MINAS RJ/ES;ATACADO;2025-09-01;1461,13;RJ/ES|04 - PRODUTOS REVENDA|ATACADO|SET25
04 - PRODUTOS REVENDA;RJ/ES;MINAS RJ/ES;ATACADO;2025-10-01;2400,32;RJ/ES|04 - PRODUTOS REVENDA|ATACADO|OUT25
04 - PRODUTOS REVENDA;RJ/ES;MINAS RJ/ES;ATACADO;2025-11-01;1427,57;RJ/ES|04 - PRODUTOS REVENDA|ATACADO|NOV25
04 - PRODUTOS REVENDA;RJ/ES;MINAS RJ/ES;ATACADO;2025-12-01;2291,64;RJ/ES|04 - PRODUTOS REVENDA|ATACADO|DEZ25
04 - PRODUTOS REVENDA;RJ/ES;MINAS RJ/ES;OUTROS;2025-02-01;3,90;RJ/ES|04 - PRODUTOS REVENDA|OUTROS|FEV25
04 - PRODUTOS REVENDA;RJ/ES;MINAS RJ/ES;OUTROS;2025-03-01;63,14;RJ/ES|04 - PRODUTOS REVENDA|OUTROS|MAR25
04 - PRODUTOS REVENDA;RJ/ES;MINAS RJ/ES;OUTROS;2025-04-01;33,19;RJ/ES|04 - PRODUTOS REVENDA|OUTROS|ABR25
04 - PRODUTOS REVENDA;RJ/ES;MINAS RJ/ES;OUTROS;2025-05-01;51,43;RJ/ES|04 - PRODUTOS REVENDA|OUTROS|MAI25
04 - PRODUTOS REVENDA;RJ/ES;MINAS RJ/ES;OUTROS;2025-06-01;36,60;RJ/ES|04 - PRODUTOS REVENDA|OUTROS|JUN25
04 - PRODUTOS REVENDA;RJ/ES;MINAS RJ/ES;OUTROS;2025-07-01;2,10;RJ/ES|04 - PRODUTOS REVENDA|OUTROS|JUL25
04 - PRODUTOS REVENDA;RJ/ES;MINAS RJ/ES;OUTROS;2025-08-01;30,06;RJ/ES|04 - PRODUTOS REVENDA|OUTROS|AGO25
04 - PRODUTOS REVENDA;RJ/ES;MINAS RJ/ES;OUTROS;2025-09-01;32,55;RJ/ES|04 - PRODUTOS REVENDA|OUTROS|SET25
04 - PRODUTOS REVENDA;RJ/ES;MINAS RJ/ES;OUTROS;2025-10-01;45,66;RJ/ES|04 - PRODUTOS REVENDA|OUTROS|OUT25
04 - PRODUTOS REVENDA;RJ/ES;MINAS RJ/ES;OUTROS;2025-12-01;69,74;RJ/ES|04 - PRODUTOS REVENDA|OUTROS|DEZ25
04 - PRODUTOS REVENDA;RJ/ES;MINAS RJ/ES;VAREJO;2025-01-01;914,91;RJ/ES|04 - PRODUTOS REVENDA|VAREJO|JAN25
04 - PRODUTOS REVENDA;RJ/ES;MINAS RJ/ES;VAREJO;2025-02-01;1132,22;RJ/ES|04 - PRODUTOS REVENDA|VAREJO|FEV25
04 - PRODUTOS REVENDA;RJ/ES;MINAS RJ/ES;VAREJO;2025-03-01;1045,64;RJ/ES|04 - PRODUTOS REVENDA|VAREJO|MAR25
04 - PRODUTOS REVENDA;RJ/ES;MINAS RJ/ES;VAREJO;2025-04-01;1104,00;RJ/ES|04 - PRODUTOS REVENDA|VAREJO|ABR25
04 - PRODUTOS REVENDA;RJ/ES;MINAS RJ/ES;VAREJO;2025-05-01;953,47;RJ/ES|04 - PRODUTOS REVENDA|VAREJO|MAI25
04 - PRODUTOS REVENDA;RJ/ES;MINAS RJ/ES;VAREJO;2025-06-01;2169,05;RJ/ES|04 - PRODUTOS REVENDA|VAREJO|JUN25
04 - PRODUTOS REVENDA;RJ/ES;MINAS RJ/ES;VAREJO;2025-07-01;2139,87;RJ/ES|04 - PRODUTOS REVENDA|VAREJO|JUL25
04 - PRODUTOS REVENDA;RJ/ES;MINAS RJ/ES;VAREJO;2025-08-01;756,47;RJ/ES|04 - PRODUTOS REVENDA|VAREJO|AGO25
04 - PRODUTOS REVENDA;RJ/ES;MINAS RJ/ES;VAREJO;2025-09-01;1452,43;RJ/ES|04 - PRODUTOS REVENDA|VAREJO|SET25
04 - PRODUTOS REVENDA;RJ/ES;MINAS RJ/ES;VAREJO;2025-10-01;985,74;RJ/ES|04 - PRODUTOS REVENDA|VAREJO|OUT25
04 - PRODUTOS REVENDA;RJ/ES;MINAS RJ/ES;VAREJO;2025-11-01;1197,92;RJ/ES|04 - PRODUTOS REVENDA|VAREJO|NOV25
04 - PRODUTOS REVENDA;RJ/ES;MINAS RJ/ES;VAREJO;2025-12-01;1364,13;RJ/ES|04 - PRODUTOS REVENDA|VAREJO|DEZ25
04 - PRODUTOS REVENDA;SANTA CATARINA 01;SUL;ATACADO;2025-01-01;1380,03;SANTA CATARINA 01|04 - PRODUTOS REVENDA|ATACADO|JAN25
04 - PRODUTOS REVENDA;SANTA CATARINA 01;SUL;ATACADO;2025-02-01;376,87;SANTA CATARINA 01|04 - PRODUTOS REVENDA|ATACADO|FEV25
04 - PRODUTOS REVENDA;SANTA CATARINA 01;SUL;ATACADO;2025-03-01;2658,23;SANTA CATARINA 01|04 - PRODUTOS REVENDA|ATACADO|MAR25
04 - PRODUTOS REVENDA;SANTA CATARINA 01;SUL;ATACADO;2025-04-01;905,67;SANTA CATARINA 01|04 - PRODUTOS REVENDA|ATACADO|ABR25
04 - PRODUTOS REVENDA;SANTA CATARINA 01;SUL;ATACADO;2025-05-01;706,27;SANTA CATARINA 01|04 - PRODUTOS REVENDA|ATACADO|MAI25
04 - PRODUTOS REVENDA;SANTA CATARINA 01;SUL;ATACADO;2025-06-01;1893,41;SANTA CATARINA 01|04 - PRODUTOS REVENDA|ATACADO|JUN25
04 - PRODUTOS REVENDA;SANTA CATARINA 01;SUL;ATACADO;2025-07-01;508,57;SANTA CATARINA 01|04 - PRODUTOS REVENDA|ATACADO|JUL25
04 - PRODUTOS REVENDA;SANTA CATARINA 01;SUL;ATACADO;2025-08-01;419,05;SANTA CATARINA 01|04 - PRODUTOS REVENDA|ATACADO|AGO25
04 - PRODUTOS REVENDA;SANTA CATARINA 01;SUL;ATACADO;2025-09-01;684,00;SANTA CATARINA 01|04 - PRODUTOS REVENDA|ATACADO|SET25
04 - PRODUTOS REVENDA;SANTA CATARINA 01;SUL;ATACADO;2025-10-01;1958,87;SANTA CATARINA 01|04 - PRODUTOS REVENDA|ATACADO|OUT25
04 - PRODUTOS REVENDA;SANTA CATARINA 01;SUL;ATACADO;2025-11-01;1889,95;SANTA CATARINA 01|04 - PRODUTOS REVENDA|ATACADO|NOV25
04 - PRODUTOS REVENDA;SANTA CATARINA 01;SUL;ATACADO;2025-12-01;2060,75;SANTA CATARINA 01|04 - PRODUTOS REVENDA|ATACADO|DEZ25
04 - PRODUTOS REVENDA;SANTA CATARINA 01;SUL;OUTROS;2025-02-01;61,98;SANTA CATARINA 01|04 - PRODUTOS REVENDA|OUTROS|FEV25
04 - PRODUTOS REVENDA;SANTA CATARINA 01;SUL;OUTROS;2025-03-01;20,40;SANTA CATARINA 01|04 - PRODUTOS REVENDA|OUTROS|MAR25
04 - PRODUTOS REVENDA;SANTA CATARINA 01;SUL;OUTROS;2025-04-01;5,88;SANTA CATARINA 01|04 - PRODUTOS REVENDA|OUTROS|ABR25
04 - PRODUTOS REVENDA;SANTA CATARINA 01;SUL;OUTROS;2025-06-01;13,65;SANTA CATARINA 01|04 - PRODUTOS REVENDA|OUTROS|JUN25
04 - PRODUTOS REVENDA;SANTA CATARINA 01;SUL;OUTROS;2025-07-01;48,78;SANTA CATARINA 01|04 - PRODUTOS REVENDA|OUTROS|JUL25
04 - PRODUTOS REVENDA;SANTA CATARINA 01;SUL;OUTROS;2025-09-01;8,09;SANTA CATARINA 01|04 - PRODUTOS REVENDA|OUTROS|SET25
04 - PRODUTOS REVENDA;SANTA CATARINA 01;SUL;OUTROS;2025-10-01;10,15;SANTA CATARINA 01|04 - PRODUTOS REVENDA|OUTROS|OUT25
04 - PRODUTOS REVENDA;SANTA CATARINA 01;SUL;OUTROS;2025-11-01;5,76;SANTA CATARINA 01|04 - PRODUTOS REVENDA|OUTROS|NOV25
04 - PRODUTOS REVENDA;SANTA CATARINA 01;SUL;OUTROS;2025-12-01;6,21;SANTA CATARINA 01|04 - PRODUTOS REVENDA|OUTROS|DEZ25
04 - PRODUTOS REVENDA;SANTA CATARINA 01;SUL;VAREJO;2025-01-01;1543,79;SANTA CATARINA 01|04 - PRODUTOS REVENDA|VAREJO|JAN25
04 - PRODUTOS REVENDA;SANTA CATARINA 01;SUL;VAREJO;2025-02-01;1625,82;SANTA CATARINA 01|04 - PRODUTOS REVENDA|VAREJO|FEV25
04 - PRODUTOS REVENDA;SANTA CATARINA 01;SUL;VAREJO;2025-03-01;1274,99;SANTA CATARINA 01|04 - PRODUTOS REVENDA|VAREJO|MAR25
04 - PRODUTOS REVENDA;SANTA CATARINA 01;SUL;VAREJO;2025-04-01;1455,87;SANTA CATARINA 01|04 - PRODUTOS REVENDA|VAREJO|ABR25
04 - PRODUTOS REVENDA;SANTA CATARINA 01;SUL;VAREJO;2025-05-01;1640,67;SANTA CATARINA 01|04 - PRODUTOS REVENDA|VAREJO|MAI25
04 - PRODUTOS REVENDA;SANTA CATARINA 01;SUL;VAREJO;2025-06-01;2782,06;SANTA CATARINA 01|04 - PRODUTOS REVENDA|VAREJO|JUN25
04 - PRODUTOS REVENDA;SANTA CATARINA 01;SUL;VAREJO;2025-07-01;1456,91;SANTA CATARINA 01|04 - PRODUTOS REVENDA|VAREJO|JUL25
04 - PRODUTOS REVENDA;SANTA CATARINA 01;SUL;VAREJO;2025-08-01;1963,05;SANTA CATARINA 01|04 - PRODUTOS REVENDA|VAREJO|AGO25
04 - PRODUTOS REVENDA;SANTA CATARINA 01;SUL;VAREJO;2025-09-01;1336,64;SANTA CATARINA 01|04 - PRODUTOS REVENDA|VAREJO|SET25
04 - PRODUTOS REVENDA;SANTA CATARINA 01;SUL;VAREJO;2025-10-01;1548,41;SANTA CATARINA 01|04 - PRODUTOS REVENDA|VAREJO|OUT25
04 - PRODUTOS REVENDA;SANTA CATARINA 01;SUL;VAREJO;2025-11-01;1874,37;SANTA CATARINA 01|04 - PRODUTOS REVENDA|VAREJO|NOV25
04 - PRODUTOS REVENDA;SANTA CATARINA 01;SUL;VAREJO;2025-12-01;1363,17;SANTA CATARINA 01|04 - PRODUTOS REVENDA|VAREJO|DEZ25
04 - PRODUTOS REVENDA;SANTA CATARINA 02;SUL;ATACADO;2025-01-01;501,15;SANTA CATARINA 02|04 - PRODUTOS REVENDA|ATACADO|JAN25
04 - PRODUTOS REVENDA;SANTA CATARINA 02;SUL;ATACADO;2025-02-01;316,49;SANTA CATARINA 02|04 - PRODUTOS REVENDA|ATACADO|FEV25
04 - PRODUTOS REVENDA;SANTA CATARINA 02;SUL;ATACADO;2025-03-01;1022,45;SANTA CATARINA 02|04 - PRODUTOS REVENDA|ATACADO|MAR25
04 - PRODUTOS REVENDA;SANTA CATARINA 02;SUL;ATACADO;2025-04-01;754,82;SANTA CATARINA 02|04 - PRODUTOS REVENDA|ATACADO|ABR25
04 - PRODUTOS REVENDA;SANTA CATARINA 02;SUL;ATACADO;2025-05-01;1151,26;SANTA CATARINA 02|04 - PRODUTOS REVENDA|ATACADO|MAI25
04 - PRODUTOS REVENDA;SANTA CATARINA 02;SUL;ATACADO;2025-06-01;1226,86;SANTA CATARINA 02|04 - PRODUTOS REVENDA|ATACADO|JUN25
04 - PRODUTOS REVENDA;SANTA CATARINA 02;SUL;ATACADO;2025-07-01;695,45;SANTA CATARINA 02|04 - PRODUTOS REVENDA|ATACADO|JUL25
04 - PRODUTOS REVENDA;SANTA CATARINA 02;SUL;ATACADO;2025-08-01;472,61;SANTA CATARINA 02|04 - PRODUTOS REVENDA|ATACADO|AGO25
04 - PRODUTOS REVENDA;SANTA CATARINA 02;SUL;ATACADO;2025-09-01;908,00;SANTA CATARINA 02|04 - PRODUTOS REVENDA|ATACADO|SET25
04 - PRODUTOS REVENDA;SANTA CATARINA 02;SUL;ATACADO;2025-10-01;845,34;SANTA CATARINA 02|04 - PRODUTOS REVENDA|ATACADO|OUT25
04 - PRODUTOS REVENDA;SANTA CATARINA 02;SUL;ATACADO;2025-11-01;1097,64;SANTA CATARINA 02|04 - PRODUTOS REVENDA|ATACADO|NOV25
04 - PRODUTOS REVENDA;SANTA CATARINA 02;SUL;ATACADO;2025-12-01;661,00;SANTA CATARINA 02|04 - PRODUTOS REVENDA|ATACADO|DEZ25
04 - PRODUTOS REVENDA;SANTA CATARINA 02;SUL;OUTROS;2025-01-01;71,46;SANTA CATARINA 02|04 - PRODUTOS REVENDA|OUTROS|JAN25
04 - PRODUTOS REVENDA;SANTA CATARINA 02;SUL;OUTROS;2025-02-01;28,27;SANTA CATARINA 02|04 - PRODUTOS REVENDA|OUTROS|FEV25
04 - PRODUTOS REVENDA;SANTA CATARINA 02;SUL;OUTROS;2025-03-01;41,06;SANTA CATARINA 02|04 - PRODUTOS REVENDA|OUTROS|MAR25
04 - PRODUTOS REVENDA;SANTA CATARINA 02;SUL;OUTROS;2025-04-01;21,42;SANTA CATARINA 02|04 - PRODUTOS REVENDA|OUTROS|ABR25
04 - PRODUTOS REVENDA;SANTA CATARINA 02;SUL;OUTROS;2025-05-01;29,64;SANTA CATARINA 02|04 - PRODUTOS REVENDA|OUTROS|MAI25
04 - PRODUTOS REVENDA;SANTA CATARINA 02;SUL;OUTROS;2025-06-01;61,35;SANTA CATARINA 02|04 - PRODUTOS REVENDA|OUTROS|JUN25
04 - PRODUTOS REVENDA;SANTA CATARINA 02;SUL;OUTROS;2025-07-01;40,05;SANTA CATARINA 02|04 - PRODUTOS REVENDA|OUTROS|JUL25
04 - PRODUTOS REVENDA;SANTA CATARINA 02;SUL;OUTROS;2025-08-01;73,24;SANTA CATARINA 02|04 - PRODUTOS REVENDA|OUTROS|AGO25
04 - PRODUTOS REVENDA;SANTA CATARINA 02;SUL;OUTROS;2025-09-01;43,60;SANTA CATARINA 02|04 - PRODUTOS REVENDA|OUTROS|SET25
04 - PRODUTOS REVENDA;SANTA CATARINA 02;SUL;OUTROS;2025-10-01;43,96;SANTA CATARINA 02|04 - PRODUTOS REVENDA|OUTROS|OUT25
04 - PRODUTOS REVENDA;SANTA CATARINA 02;SUL;OUTROS;2025-11-01;31,44;SANTA CATARINA 02|04 - PRODUTOS REVENDA|OUTROS|NOV25
04 - PRODUTOS REVENDA;SANTA CATARINA 02;SUL;OUTROS;2025-12-01;23,70;SANTA CATARINA 02|04 - PRODUTOS REVENDA|OUTROS|DEZ25
04 - PRODUTOS REVENDA;SANTA CATARINA 02;SUL;VAREJO;2025-01-01;2433,26;SANTA CATARINA 02|04 - PRODUTOS REVENDA|VAREJO|JAN25
04 - PRODUTOS REVENDA;SANTA CATARINA 02;SUL;VAREJO;2025-02-01;2210,04;SANTA CATARINA 02|04 - PRODUTOS REVENDA|VAREJO|FEV25
04 - PRODUTOS REVENDA;SANTA CATARINA 02;SUL;VAREJO;2025-03-01;2716,14;SANTA CATARINA 02|04 - PRODUTOS REVENDA|VAREJO|MAR25
04 - PRODUTOS REVENDA;SANTA CATARINA 02;SUL;VAREJO;2025-04-01;2724,68;SANTA CATARINA 02|04 - PRODUTOS REVENDA|VAREJO|ABR25
04 - PRODUTOS REVENDA;SANTA CATARINA 02;SUL;VAREJO;2025-05-01;2598,89;SANTA CATARINA 02|04 - PRODUTOS REVENDA|VAREJO|MAI25
04 - PRODUTOS REVENDA;SANTA CATARINA 02;SUL;VAREJO;2025-06-01;4001,52;SANTA CATARINA 02|04 - PRODUTOS REVENDA|VAREJO|JUN25
04 - PRODUTOS REVENDA;SANTA CATARINA 02;SUL;VAREJO;2025-07-01;3017,12;SANTA CATARINA 02|04 - PRODUTOS REVENDA|VAREJO|JUL25
04 - PRODUTOS REVENDA;SANTA CATARINA 02;SUL;VAREJO;2025-08-01;2711,41;SANTA CATARINA 02|04 - PRODUTOS REVENDA|VAREJO|AGO25
04 - PRODUTOS REVENDA;SANTA CATARINA 02;SUL;VAREJO;2025-09-01;2262,72;SANTA CATARINA 02|04 - PRODUTOS REVENDA|VAREJO|SET25
04 - PRODUTOS REVENDA;SANTA CATARINA 02;SUL;VAREJO;2025-10-01;2104,32;SANTA CATARINA 02|04 - PRODUTOS REVENDA|VAREJO|OUT25
04 - PRODUTOS REVENDA;SANTA CATARINA 02;SUL;VAREJO;2025-11-01;3480,12;SANTA CATARINA 02|04 - PRODUTOS REVENDA|VAREJO|NOV25
04 - PRODUTOS REVENDA;SANTA CATARINA 02;SUL;VAREJO;2025-12-01;2846,58;SANTA CATARINA 02|04 - PRODUTOS REVENDA|VAREJO|DEZ25
04 - PRODUTOS REVENDA;SAO PAULO CAPITAL;SP;ATACADO;2025-01-01;525,91;SAO PAULO CAPITAL|04 - PRODUTOS REVENDA|ATACADO|JAN25
04 - PRODUTOS REVENDA;SAO PAULO CAPITAL;SP;ATACADO;2025-02-01;319,83;SAO PAULO CAPITAL|04 - PRODUTOS REVENDA|ATACADO|FEV25
04 - PRODUTOS REVENDA;SAO PAULO CAPITAL;SP;ATACADO;2025-03-01;826,00;SAO PAULO CAPITAL|04 - PRODUTOS REVENDA|ATACADO|MAR25
04 - PRODUTOS REVENDA;SAO PAULO CAPITAL;SP;ATACADO;2025-04-01;655,62;SAO PAULO CAPITAL|04 - PRODUTOS REVENDA|ATACADO|ABR25
04 - PRODUTOS REVENDA;SAO PAULO CAPITAL;SP;ATACADO;2025-05-01;152,39;SAO PAULO CAPITAL|04 - PRODUTOS REVENDA|ATACADO|MAI25
04 - PRODUTOS REVENDA;SAO PAULO CAPITAL;SP;ATACADO;2025-06-01;410,10;SAO PAULO CAPITAL|04 - PRODUTOS REVENDA|ATACADO|JUN25
04 - PRODUTOS REVENDA;SAO PAULO CAPITAL;SP;ATACADO;2025-07-01;661,73;SAO PAULO CAPITAL|04 - PRODUTOS REVENDA|ATACADO|JUL25
04 - PRODUTOS REVENDA;SAO PAULO CAPITAL;SP;ATACADO;2025-08-01;79,98;SAO PAULO CAPITAL|04 - PRODUTOS REVENDA|ATACADO|AGO25
04 - PRODUTOS REVENDA;SAO PAULO CAPITAL;SP;ATACADO;2025-09-01;125,57;SAO PAULO CAPITAL|04 - PRODUTOS REVENDA|ATACADO|SET25
04 - PRODUTOS REVENDA;SAO PAULO CAPITAL;SP;ATACADO;2025-10-01;992,87;SAO PAULO CAPITAL|04 - PRODUTOS REVENDA|ATACADO|OUT25
04 - PRODUTOS REVENDA;SAO PAULO CAPITAL;SP;ATACADO;2025-11-01;356,01;SAO PAULO CAPITAL|04 - PRODUTOS REVENDA|ATACADO|NOV25
04 - PRODUTOS REVENDA;SAO PAULO CAPITAL;SP;ATACADO;2025-12-01;122,72;SAO PAULO CAPITAL|04 - PRODUTOS REVENDA|ATACADO|DEZ25
04 - PRODUTOS REVENDA;SAO PAULO CAPITAL;SP;OUTROS;2025-01-01;6,66;SAO PAULO CAPITAL|04 - PRODUTOS REVENDA|OUTROS|JAN25
04 - PRODUTOS REVENDA;SAO PAULO CAPITAL;SP;OUTROS;2025-03-01;4,20;SAO PAULO CAPITAL|04 - PRODUTOS REVENDA|OUTROS|MAR25
04 - PRODUTOS REVENDA;SAO PAULO CAPITAL;SP;OUTROS;2025-04-01;8,22;SAO PAULO CAPITAL|04 - PRODUTOS REVENDA|OUTROS|ABR25
04 - PRODUTOS REVENDA;SAO PAULO CAPITAL;SP;OUTROS;2025-05-01;10,50;SAO PAULO CAPITAL|04 - PRODUTOS REVENDA|OUTROS|MAI25
04 - PRODUTOS REVENDA;SAO PAULO CAPITAL;SP;OUTROS;2025-06-01;16,86;SAO PAULO CAPITAL|04 - PRODUTOS REVENDA|OUTROS|JUN25
04 - PRODUTOS REVENDA;SAO PAULO CAPITAL;SP;OUTROS;2025-10-01;5,88;SAO PAULO CAPITAL|04 - PRODUTOS REVENDA|OUTROS|OUT25
04 - PRODUTOS REVENDA;SAO PAULO CAPITAL;SP;OUTROS;2025-11-01;0,78;SAO PAULO CAPITAL|04 - PRODUTOS REVENDA|OUTROS|NOV25
04 - PRODUTOS REVENDA;SAO PAULO CAPITAL;SP;OUTROS;2025-12-01;51,59;SAO PAULO CAPITAL|04 - PRODUTOS REVENDA|OUTROS|DEZ25
04 - PRODUTOS REVENDA;SAO PAULO CAPITAL;SP;VAREJO;2025-01-01;2606,88;SAO PAULO CAPITAL|04 - PRODUTOS REVENDA|VAREJO|JAN25
04 - PRODUTOS REVENDA;SAO PAULO CAPITAL;SP;VAREJO;2025-02-01;2941,82;SAO PAULO CAPITAL|04 - PRODUTOS REVENDA|VAREJO|FEV25
04 - PRODUTOS REVENDA;SAO PAULO CAPITAL;SP;VAREJO;2025-03-01;2718,31;SAO PAULO CAPITAL|04 - PRODUTOS REVENDA|VAREJO|MAR25
04 - PRODUTOS REVENDA;SAO PAULO CAPITAL;SP;VAREJO;2025-04-01;2361,60;SAO PAULO CAPITAL|04 - PRODUTOS REVENDA|VAREJO|ABR25
04 - PRODUTOS REVENDA;SAO PAULO CAPITAL;SP;VAREJO;2025-05-01;4266,61;SAO PAULO CAPITAL|04 - PRODUTOS REVENDA|VAREJO|MAI25
04 - PRODUTOS REVENDA;SAO PAULO CAPITAL;SP;VAREJO;2025-06-01;4186,04;SAO PAULO CAPITAL|04 - PRODUTOS REVENDA|VAREJO|JUN25
04 - PRODUTOS REVENDA;SAO PAULO CAPITAL;SP;VAREJO;2025-07-01;3442,87;SAO PAULO CAPITAL|04 - PRODUTOS REVENDA|VAREJO|JUL25
04 - PRODUTOS REVENDA;SAO PAULO CAPITAL;SP;VAREJO;2025-08-01;2523,17;SAO PAULO CAPITAL|04 - PRODUTOS REVENDA|VAREJO|AGO25
04 - PRODUTOS REVENDA;SAO PAULO CAPITAL;SP;VAREJO;2025-09-01;3627,04;SAO PAULO CAPITAL|04 - PRODUTOS REVENDA|VAREJO|SET25
04 - PRODUTOS REVENDA;SAO PAULO CAPITAL;SP;VAREJO;2025-10-01;3065,16;SAO PAULO CAPITAL|04 - PRODUTOS REVENDA|VAREJO|OUT25
04 - PRODUTOS REVENDA;SAO PAULO CAPITAL;SP;VAREJO;2025-11-01;1870,51;SAO PAULO CAPITAL|04 - PRODUTOS REVENDA|VAREJO|NOV25
04 - PRODUTOS REVENDA;SAO PAULO CAPITAL;SP;VAREJO;2025-12-01;3869,96;SAO PAULO CAPITAL|04 - PRODUTOS REVENDA|VAREJO|DEZ25
04 - PRODUTOS REVENDA;SAO PAULO CAPITAL 2;SP;ATACADO;2025-01-01;988,08;SAO PAULO CAPITAL 2|04 - PRODUTOS REVENDA|ATACADO|JAN25
04 - PRODUTOS REVENDA;SAO PAULO CAPITAL 2;SP;ATACADO;2025-02-01;5474,22;SAO PAULO CAPITAL 2|04 - PRODUTOS REVENDA|ATACADO|FEV25
04 - PRODUTOS REVENDA;SAO PAULO CAPITAL 2;SP;ATACADO;2025-03-01;5740,14;SAO PAULO CAPITAL 2|04 - PRODUTOS REVENDA|ATACADO|MAR25
04 - PRODUTOS REVENDA;SAO PAULO CAPITAL 2;SP;ATACADO;2025-04-01;5542,46;SAO PAULO CAPITAL 2|04 - PRODUTOS REVENDA|ATACADO|ABR25
04 - PRODUTOS REVENDA;SAO PAULO CAPITAL 2;SP;ATACADO;2025-05-01;4311,07;SAO PAULO CAPITAL 2|04 - PRODUTOS REVENDA|ATACADO|MAI25
04 - PRODUTOS REVENDA;SAO PAULO CAPITAL 2;SP;ATACADO;2025-06-01;6634,77;SAO PAULO CAPITAL 2|04 - PRODUTOS REVENDA|ATACADO|JUN25
04 - PRODUTOS REVENDA;SAO PAULO CAPITAL 2;SP;ATACADO;2025-07-01;402,03;SAO PAULO CAPITAL 2|04 - PRODUTOS REVENDA|ATACADO|JUL25
04 - PRODUTOS REVENDA;SAO PAULO CAPITAL 2;SP;ATACADO;2025-08-01;4194,69;SAO PAULO CAPITAL 2|04 - PRODUTOS REVENDA|ATACADO|AGO25
04 - PRODUTOS REVENDA;SAO PAULO CAPITAL 2;SP;ATACADO;2025-09-01;2087,17;SAO PAULO CAPITAL 2|04 - PRODUTOS REVENDA|ATACADO|SET25
04 - PRODUTOS REVENDA;SAO PAULO CAPITAL 2;SP;ATACADO;2025-10-01;3874,54;SAO PAULO CAPITAL 2|04 - PRODUTOS REVENDA|ATACADO|OUT25
04 - PRODUTOS REVENDA;SAO PAULO CAPITAL 2;SP;ATACADO;2025-11-01;2503,50;SAO PAULO CAPITAL 2|04 - PRODUTOS REVENDA|ATACADO|NOV25
04 - PRODUTOS REVENDA;SAO PAULO CAPITAL 2;SP;ATACADO;2025-12-01;11511,83;SAO PAULO CAPITAL 2|04 - PRODUTOS REVENDA|ATACADO|DEZ25
04 - PRODUTOS REVENDA;SAO PAULO INTERIOR;SP;ATACADO;2025-01-01;1449,37;SAO PAULO INTERIOR|04 - PRODUTOS REVENDA|ATACADO|JAN25
04 - PRODUTOS REVENDA;SAO PAULO INTERIOR;SP;ATACADO;2025-02-01;1573,09;SAO PAULO INTERIOR|04 - PRODUTOS REVENDA|ATACADO|FEV25
04 - PRODUTOS REVENDA;SAO PAULO INTERIOR;SP;ATACADO;2025-03-01;2191,61;SAO PAULO INTERIOR|04 - PRODUTOS REVENDA|ATACADO|MAR25
04 - PRODUTOS REVENDA;SAO PAULO INTERIOR;SP;ATACADO;2025-04-01;836,73;SAO PAULO INTERIOR|04 - PRODUTOS REVENDA|ATACADO|ABR25
04 - PRODUTOS REVENDA;SAO PAULO INTERIOR;SP;ATACADO;2025-05-01;2024,19;SAO PAULO INTERIOR|04 - PRODUTOS REVENDA|ATACADO|MAI25
04 - PRODUTOS REVENDA;SAO PAULO INTERIOR;SP;ATACADO;2025-06-01;3475,56;SAO PAULO INTERIOR|04 - PRODUTOS REVENDA|ATACADO|JUN25
04 - PRODUTOS REVENDA;SAO PAULO INTERIOR;SP;ATACADO;2025-07-01;77,97;SAO PAULO INTERIOR|04 - PRODUTOS REVENDA|ATACADO|JUL25
04 - PRODUTOS REVENDA;SAO PAULO INTERIOR;SP;ATACADO;2025-08-01;1658,31;SAO PAULO INTERIOR|04 - PRODUTOS REVENDA|ATACADO|AGO25
04 - PRODUTOS REVENDA;SAO PAULO INTERIOR;SP;ATACADO;2025-09-01;992,41;SAO PAULO INTERIOR|04 - PRODUTOS REVENDA|ATACADO|SET25
04 - PRODUTOS REVENDA;SAO PAULO INTERIOR;SP;ATACADO;2025-10-01;968,18;SAO PAULO INTERIOR|04 - PRODUTOS REVENDA|ATACADO|OUT25
04 - PRODUTOS REVENDA;SAO PAULO INTERIOR;SP;ATACADO;2025-11-01;782,79;SAO PAULO INTERIOR|04 - PRODUTOS REVENDA|ATACADO|NOV25
04 - PRODUTOS REVENDA;SAO PAULO INTERIOR;SP;ATACADO;2025-12-01;5312,23;SAO PAULO INTERIOR|04 - PRODUTOS REVENDA|ATACADO|DEZ25
04 - PRODUTOS REVENDA;SAO PAULO INTERIOR;SP;OUTROS;2025-01-01;63,50;SAO PAULO INTERIOR|04 - PRODUTOS REVENDA|OUTROS|JAN25
04 - PRODUTOS REVENDA;SAO PAULO INTERIOR;SP;OUTROS;2025-02-01;14,28;SAO PAULO INTERIOR|04 - PRODUTOS REVENDA|OUTROS|FEV25
04 - PRODUTOS REVENDA;SAO PAULO INTERIOR;SP;OUTROS;2025-03-01;221,40;SAO PAULO INTERIOR|04 - PRODUTOS REVENDA|OUTROS|MAR25
04 - PRODUTOS REVENDA;SAO PAULO INTERIOR;SP;OUTROS;2025-04-01;220,95;SAO PAULO INTERIOR|04 - PRODUTOS REVENDA|OUTROS|ABR25
04 - PRODUTOS REVENDA;SAO PAULO INTERIOR;SP;OUTROS;2025-05-01;218,56;SAO PAULO INTERIOR|04 - PRODUTOS REVENDA|OUTROS|MAI25
04 - PRODUTOS REVENDA;SAO PAULO INTERIOR;SP;OUTROS;2025-06-01;101,53;SAO PAULO INTERIOR|04 - PRODUTOS REVENDA|OUTROS|JUN25
04 - PRODUTOS REVENDA;SAO PAULO INTERIOR;SP;OUTROS;2025-07-01;139,70;SAO PAULO INTERIOR|04 - PRODUTOS REVENDA|OUTROS|JUL25
04 - PRODUTOS REVENDA;SAO PAULO INTERIOR;SP;OUTROS;2025-08-01;19,04;SAO PAULO INTERIOR|04 - PRODUTOS REVENDA|OUTROS|AGO25
04 - PRODUTOS REVENDA;SAO PAULO INTERIOR;SP;OUTROS;2025-09-01;54,27;SAO PAULO INTERIOR|04 - PRODUTOS REVENDA|OUTROS|SET25
04 - PRODUTOS REVENDA;SAO PAULO INTERIOR;SP;OUTROS;2025-10-01;91,58;SAO PAULO INTERIOR|04 - PRODUTOS REVENDA|OUTROS|OUT25
04 - PRODUTOS REVENDA;SAO PAULO INTERIOR;SP;OUTROS;2025-11-01;80,60;SAO PAULO INTERIOR|04 - PRODUTOS REVENDA|OUTROS|NOV25
04 - PRODUTOS REVENDA;SAO PAULO INTERIOR;SP;OUTROS;2025-12-01;130,75;SAO PAULO INTERIOR|04 - PRODUTOS REVENDA|OUTROS|DEZ25
04 - PRODUTOS REVENDA;SAO PAULO INTERIOR;SP;VAREJO;2025-01-01;1658,73;SAO PAULO INTERIOR|04 - PRODUTOS REVENDA|VAREJO|JAN25
04 - PRODUTOS REVENDA;SAO PAULO INTERIOR;SP;VAREJO;2025-02-01;2623,55;SAO PAULO INTERIOR|04 - PRODUTOS REVENDA|VAREJO|FEV25
04 - PRODUTOS REVENDA;SAO PAULO INTERIOR;SP;VAREJO;2025-03-01;1770,97;SAO PAULO INTERIOR|04 - PRODUTOS REVENDA|VAREJO|MAR25
04 - PRODUTOS REVENDA;SAO PAULO INTERIOR;SP;VAREJO;2025-04-01;2521,45;SAO PAULO INTERIOR|04 - PRODUTOS REVENDA|VAREJO|ABR25
04 - PRODUTOS REVENDA;SAO PAULO INTERIOR;SP;VAREJO;2025-05-01;3761,89;SAO PAULO INTERIOR|04 - PRODUTOS REVENDA|VAREJO|MAI25
04 - PRODUTOS REVENDA;SAO PAULO INTERIOR;SP;VAREJO;2025-06-01;3955,32;SAO PAULO INTERIOR|04 - PRODUTOS REVENDA|VAREJO|JUN25
04 - PRODUTOS REVENDA;SAO PAULO INTERIOR;SP;VAREJO;2025-07-01;3786,34;SAO PAULO INTERIOR|04 - PRODUTOS REVENDA|VAREJO|JUL25
04 - PRODUTOS REVENDA;SAO PAULO INTERIOR;SP;VAREJO;2025-08-01;2281,36;SAO PAULO INTERIOR|04 - PRODUTOS REVENDA|VAREJO|AGO25
04 - PRODUTOS REVENDA;SAO PAULO INTERIOR;SP;VAREJO;2025-09-01;2171,53;SAO PAULO INTERIOR|04 - PRODUTOS REVENDA|VAREJO|SET25
04 - PRODUTOS REVENDA;SAO PAULO INTERIOR;SP;VAREJO;2025-10-01;2295,20;SAO PAULO INTERIOR|04 - PRODUTOS REVENDA|VAREJO|OUT25
04 - PRODUTOS REVENDA;SAO PAULO INTERIOR;SP;VAREJO;2025-11-01;2150,44;SAO PAULO INTERIOR|04 - PRODUTOS REVENDA|VAREJO|NOV25
04 - PRODUTOS REVENDA;SAO PAULO INTERIOR;SP;VAREJO;2025-12-01;2915,74;SAO PAULO INTERIOR|04 - PRODUTOS REVENDA|VAREJO|DEZ25
04 - PRODUTOS REVENDA;TELEVENDAS;TELEVENDAS;ATACADO;2025-02-01;37,45;TELEVENDAS|04 - PRODUTOS REVENDA|ATACADO|FEV25
04 - PRODUTOS REVENDA;TELEVENDAS;TELEVENDAS;ATACADO;2025-04-01;7,08;TELEVENDAS|04 - PRODUTOS REVENDA|ATACADO|ABR25
04 - PRODUTOS REVENDA;TELEVENDAS;TELEVENDAS;ATACADO;2025-05-01;20,70;TELEVENDAS|04 - PRODUTOS REVENDA|ATACADO|MAI25
04 - PRODUTOS REVENDA;TELEVENDAS;TELEVENDAS;ATACADO;2025-06-01;17,68;TELEVENDAS|04 - PRODUTOS REVENDA|ATACADO|JUN25
04 - PRODUTOS REVENDA;TELEVENDAS;TELEVENDAS;ATACADO;2025-07-01;7,68;TELEVENDAS|04 - PRODUTOS REVENDA|ATACADO|JUL25
04 - PRODUTOS REVENDA;TELEVENDAS;TELEVENDAS;ATACADO;2025-08-01;10,50;TELEVENDAS|04 - PRODUTOS REVENDA|ATACADO|AGO25
04 - PRODUTOS REVENDA;TELEVENDAS;TELEVENDAS;ATACADO;2025-09-01;8,40;TELEVENDAS|04 - PRODUTOS REVENDA|ATACADO|SET25
04 - PRODUTOS REVENDA;TELEVENDAS;TELEVENDAS;ATACADO;2025-10-01;11,74;TELEVENDAS|04 - PRODUTOS REVENDA|ATACADO|OUT25
04 - PRODUTOS REVENDA;TELEVENDAS;TELEVENDAS;ATACADO;2025-11-01;9,60;TELEVENDAS|04 - PRODUTOS REVENDA|ATACADO|NOV25
04 - PRODUTOS REVENDA;TELEVENDAS;TELEVENDAS;ATACADO;2025-12-01;8,22;TELEVENDAS|04 - PRODUTOS REVENDA|ATACADO|DEZ25
04 - PRODUTOS REVENDA;TELEVENDAS;TELEVENDAS;IRRIGACAO;2025-09-01;42,66;TELEVENDAS|04 - PRODUTOS REVENDA|IRRIGACAO|SET25
04 - PRODUTOS REVENDA;TELEVENDAS;TELEVENDAS;IRRIGACAO;2025-10-01;2,88;TELEVENDAS|04 - PRODUTOS REVENDA|IRRIGACAO|OUT25
04 - PRODUTOS REVENDA;TELEVENDAS;TELEVENDAS;OUTROS;2025-01-01;24,87;TELEVENDAS|04 - PRODUTOS REVENDA|OUTROS|JAN25
04 - PRODUTOS REVENDA;TELEVENDAS;TELEVENDAS;OUTROS;2025-02-01;15,19;TELEVENDAS|04 - PRODUTOS REVENDA|OUTROS|FEV25
04 - PRODUTOS REVENDA;TELEVENDAS;TELEVENDAS;OUTROS;2025-03-01;39,64;TELEVENDAS|04 - PRODUTOS REVENDA|OUTROS|MAR25
04 - PRODUTOS REVENDA;TELEVENDAS;TELEVENDAS;OUTROS;2025-04-01;13,71;TELEVENDAS|04 - PRODUTOS REVENDA|OUTROS|ABR25
04 - PRODUTOS REVENDA;TELEVENDAS;TELEVENDAS;OUTROS;2025-05-01;35,78;TELEVENDAS|04 - PRODUTOS REVENDA|OUTROS|MAI25
04 - PRODUTOS REVENDA;TELEVENDAS;TELEVENDAS;OUTROS;2025-06-01;38,20;TELEVENDAS|04 - PRODUTOS REVENDA|OUTROS|JUN25
04 - PRODUTOS REVENDA;TELEVENDAS;TELEVENDAS;OUTROS;2025-07-01;31,96;TELEVENDAS|04 - PRODUTOS REVENDA|OUTROS|JUL25
04 - PRODUTOS REVENDA;TELEVENDAS;TELEVENDAS;OUTROS;2025-08-01;48,70;TELEVENDAS|04 - PRODUTOS REVENDA|OUTROS|AGO25
04 - PRODUTOS REVENDA;TELEVENDAS;TELEVENDAS;OUTROS;2025-09-01;9,45;TELEVENDAS|04 - PRODUTOS REVENDA|OUTROS|SET25
04 - PRODUTOS REVENDA;TELEVENDAS;TELEVENDAS;OUTROS;2025-10-01;33,95;TELEVENDAS|04 - PRODUTOS REVENDA|OUTROS|OUT25
04 - PRODUTOS REVENDA;TELEVENDAS;TELEVENDAS;OUTROS;2025-11-01;54,69;TELEVENDAS|04 - PRODUTOS REVENDA|OUTROS|NOV25
04 - PRODUTOS REVENDA;TELEVENDAS;TELEVENDAS;OUTROS;2025-12-01;10,57;TELEVENDAS|04 - PRODUTOS REVENDA|OUTROS|DEZ25
04 - PRODUTOS REVENDA;TELEVENDAS;TELEVENDAS;VAREJO;2025-01-01;1329,89;TELEVENDAS|04 - PRODUTOS REVENDA|VAREJO|JAN25
04 - PRODUTOS REVENDA;TELEVENDAS;TELEVENDAS;VAREJO;2025-02-01;2387,45;TELEVENDAS|04 - PRODUTOS REVENDA|VAREJO|FEV25
04 - PRODUTOS REVENDA;TELEVENDAS;TELEVENDAS;VAREJO;2025-03-01;1015,98;TELEVENDAS|04 - PRODUTOS REVENDA|VAREJO|MAR25
04 - PRODUTOS REVENDA;TELEVENDAS;TELEVENDAS;VAREJO;2025-04-01;1298,91;TELEVENDAS|04 - PRODUTOS REVENDA|VAREJO|ABR25
04 - PRODUTOS REVENDA;TELEVENDAS;TELEVENDAS;VAREJO;2025-05-01;1502,30;TELEVENDAS|04 - PRODUTOS REVENDA|VAREJO|MAI25
04 - PRODUTOS REVENDA;TELEVENDAS;TELEVENDAS;VAREJO;2025-06-01;1909,20;TELEVENDAS|04 - PRODUTOS REVENDA|VAREJO|JUN25
04 - PRODUTOS REVENDA;TELEVENDAS;TELEVENDAS;VAREJO;2025-07-01;1258,73;TELEVENDAS|04 - PRODUTOS REVENDA|VAREJO|JUL25
04 - PRODUTOS REVENDA;TELEVENDAS;TELEVENDAS;VAREJO;2025-08-01;1067,05;TELEVENDAS|04 - PRODUTOS REVENDA|VAREJO|AGO25
04 - PRODUTOS REVENDA;TELEVENDAS;TELEVENDAS;VAREJO;2025-09-01;1351,53;TELEVENDAS|04 - PRODUTOS REVENDA|VAREJO|SET25
04 - PRODUTOS REVENDA;TELEVENDAS;TELEVENDAS;VAREJO;2025-10-01;1645,22;TELEVENDAS|04 - PRODUTOS REVENDA|VAREJO|OUT25
04 - PRODUTOS REVENDA;TELEVENDAS;TELEVENDAS;VAREJO;2025-11-01;1269,64;TELEVENDAS|04 - PRODUTOS REVENDA|VAREJO|NOV25
04 - PRODUTOS REVENDA;TELEVENDAS;TELEVENDAS;VAREJO;2025-12-01;1742,49;TELEVENDAS|04 - PRODUTOS REVENDA|VAREJO|DEZ25
29 - PPR;CENTRO OESTE;CO NO;VAREJO;2025-02-01;35,82;CENTRO OESTE|29 - PPR|VAREJO|FEV25
29 - PPR;CENTRO OESTE;CO NO;VAREJO;2025-03-01;70,99;CENTRO OESTE|29 - PPR|VAREJO|MAR25
29 - PPR;CENTRO OESTE;CO NO;VAREJO;2025-05-01;0,82;CENTRO OESTE|29 - PPR|VAREJO|MAI25
29 - PPR;CENTRO OESTE;CO NO;VAREJO;2025-06-01;43,71;CENTRO OESTE|29 - PPR|VAREJO|JUN25
29 - PPR;CENTRO OESTE;CO NO;VAREJO;2025-07-01;2,17;CENTRO OESTE|29 - PPR|VAREJO|JUL25
29 - PPR;CENTRO OESTE;CO NO;VAREJO;2025-09-01;0,51;CENTRO OESTE|29 - PPR|VAREJO|SET25
29 - PPR;CENTRO OESTE;CO NO;VAREJO;2025-10-01;5,85;CENTRO OESTE|29 - PPR|VAREJO|OUT25
29 - PPR;CENTRO OESTE;CO NO;VAREJO;2025-11-01;19,80;CENTRO OESTE|29 - PPR|VAREJO|NOV25
29 - PPR;CENTRO OESTE;CO NO;VAREJO;2025-12-01;0,15;CENTRO OESTE|29 - PPR|VAREJO|DEZ25
29 - PPR;CONSTR CENTRO OESTE;CONSTRUTORA;CONSTRUTORA;2025-02-01;3,75;CONSTR CENTRO OESTE|29 - PPR|CONSTRUTORA|FEV25
29 - PPR;CONSTR CENTRO OESTE;CONSTRUTORA;CONSTRUTORA;2025-03-01;5,81;CONSTR CENTRO OESTE|29 - PPR|CONSTRUTORA|MAR25
29 - PPR;CONSTR CENTRO OESTE;CONSTRUTORA;CONSTRUTORA;2025-06-01;583,35;CONSTR CENTRO OESTE|29 - PPR|CONSTRUTORA|JUN25
29 - PPR;CONSTR CENTRO OESTE;CONSTRUTORA;CONSTRUTORA;2025-07-01;207,31;CONSTR CENTRO OESTE|29 - PPR|CONSTRUTORA|JUL25
29 - PPR;CONSTR CENTRO OESTE;CONSTRUTORA;CONSTRUTORA;2025-08-01;802,71;CONSTR CENTRO OESTE|29 - PPR|CONSTRUTORA|AGO25
29 - PPR;CONSTR CENTRO OESTE;CONSTRUTORA;CONSTRUTORA;2025-09-01;46,10;CONSTR CENTRO OESTE|29 - PPR|CONSTRUTORA|SET25
29 - PPR;CONSTR CENTRO OESTE;CONSTRUTORA;CONSTRUTORA;2025-10-01;305,26;CONSTR CENTRO OESTE|29 - PPR|CONSTRUTORA|OUT25
29 - PPR;CONSTR CENTRO OESTE;CONSTRUTORA;CONSTRUTORA;2025-11-01;322,66;CONSTR CENTRO OESTE|29 - PPR|CONSTRUTORA|NOV25
29 - PPR;CONSTR CENTRO OESTE;CONSTRUTORA;CONSTRUTORA;2025-12-01;84,25;CONSTR CENTRO OESTE|29 - PPR|CONSTRUTORA|DEZ25
29 - PPR;CONSTR NORDESTE;CONSTRUTORA;CONSTRUTORA;2025-01-01;7511,83;CONSTR NORDESTE|29 - PPR|CONSTRUTORA|JAN25
29 - PPR;CONSTR NORDESTE;CONSTRUTORA;CONSTRUTORA;2025-02-01;3407,68;CONSTR NORDESTE|29 - PPR|CONSTRUTORA|FEV25
29 - PPR;CONSTR NORDESTE;CONSTRUTORA;CONSTRUTORA;2025-03-01;1433,98;CONSTR NORDESTE|29 - PPR|CONSTRUTORA|MAR25
29 - PPR;CONSTR NORDESTE;CONSTRUTORA;CONSTRUTORA;2025-04-01;2385,94;CONSTR NORDESTE|29 - PPR|CONSTRUTORA|ABR25
29 - PPR;CONSTR NORDESTE;CONSTRUTORA;CONSTRUTORA;2025-05-01;4953,63;CONSTR NORDESTE|29 - PPR|CONSTRUTORA|MAI25
29 - PPR;CONSTR NORDESTE;CONSTRUTORA;CONSTRUTORA;2025-06-01;11198,64;CONSTR NORDESTE|29 - PPR|CONSTRUTORA|JUN25
29 - PPR;CONSTR NORDESTE;CONSTRUTORA;CONSTRUTORA;2025-07-01;1869,16;CONSTR NORDESTE|29 - PPR|CONSTRUTORA|JUL25
29 - PPR;CONSTR NORDESTE;CONSTRUTORA;CONSTRUTORA;2025-08-01;4573,97;CONSTR NORDESTE|29 - PPR|CONSTRUTORA|AGO25
29 - PPR;CONSTR NORDESTE;CONSTRUTORA;CONSTRUTORA;2025-09-01;13855,64;CONSTR NORDESTE|29 - PPR|CONSTRUTORA|SET25
29 - PPR;CONSTR NORDESTE;CONSTRUTORA;CONSTRUTORA;2025-10-01;11954,11;CONSTR NORDESTE|29 - PPR|CONSTRUTORA|OUT25
29 - PPR;CONSTR NORDESTE;CONSTRUTORA;CONSTRUTORA;2025-11-01;5608,82;CONSTR NORDESTE|29 - PPR|CONSTRUTORA|NOV25
29 - PPR;CONSTR NORDESTE;CONSTRUTORA;CONSTRUTORA;2025-12-01;4698,50;CONSTR NORDESTE|29 - PPR|CONSTRUTORA|DEZ25
29 - PPR;CONSTR NORDESTE;CONSTRUTORA;OUTROS;2025-01-01;393,71;CONSTR NORDESTE|29 - PPR|OUTROS|JAN25
29 - PPR;CONSTR NORDESTE;CONSTRUTORA;OUTROS;2025-02-01;6,95;CONSTR NORDESTE|29 - PPR|OUTROS|FEV25
29 - PPR;CONSTR NORDESTE;CONSTRUTORA;OUTROS;2025-05-01;25,96;CONSTR NORDESTE|29 - PPR|OUTROS|MAI25
29 - PPR;CONSTR NORDESTE;CONSTRUTORA;OUTROS;2025-06-01;0,51;CONSTR NORDESTE|29 - PPR|OUTROS|JUN25
29 - PPR;CONSTR NORDESTE;CONSTRUTORA;OUTROS;2025-10-01;22,86;CONSTR NORDESTE|29 - PPR|OUTROS|OUT25
29 - PPR;CONSTR NORTE;CONSTRUTORA;CONSTRUTORA;2025-03-01;0,59;CONSTR NORTE|29 - PPR|CONSTRUTORA|MAR25
29 - PPR;CONSTR NORTE;CONSTRUTORA;CONSTRUTORA;2025-04-01;904,26;CONSTR NORTE|29 - PPR|CONSTRUTORA|ABR25
29 - PPR;CONSTR NORTE;CONSTRUTORA;CONSTRUTORA;2025-07-01;554,44;CONSTR NORTE|29 - PPR|CONSTRUTORA|JUL25
29 - PPR;CONSTR NORTE;CONSTRUTORA;CONSTRUTORA;2025-08-01;43,97;CONSTR NORTE|29 - PPR|CONSTRUTORA|AGO25
29 - PPR;CONSTR NORTE;CONSTRUTORA;CONSTRUTORA;2025-09-01;47,88;CONSTR NORTE|29 - PPR|CONSTRUTORA|SET25
29 - PPR;CONSTR SAO PAULO;CONSTRUTORA;CONSTRUTORA;2025-03-01;13,90;CONSTR SAO PAULO|29 - PPR|CONSTRUTORA|MAR25
29 - PPR;CONSTR SAO PAULO;CONSTRUTORA;CONSTRUTORA;2025-04-01;1,86;CONSTR SAO PAULO|29 - PPR|CONSTRUTORA|ABR25
29 - PPR;CONSTR SAO PAULO;CONSTRUTORA;CONSTRUTORA;2025-05-01;1,00;CONSTR SAO PAULO|29 - PPR|CONSTRUTORA|MAI25
29 - PPR;CONSTR SAO PAULO;CONSTRUTORA;CONSTRUTORA;2025-06-01;986,05;CONSTR SAO PAULO|29 - PPR|CONSTRUTORA|JUN25
29 - PPR;CONSTR SAO PAULO;CONSTRUTORA;CONSTRUTORA;2025-07-01;0,75;CONSTR SAO PAULO|29 - PPR|CONSTRUTORA|JUL25
29 - PPR;CONSTR SAO PAULO;CONSTRUTORA;CONSTRUTORA;2025-08-01;63,47;CONSTR SAO PAULO|29 - PPR|CONSTRUTORA|AGO25
29 - PPR;CONSTR SAO PAULO;CONSTRUTORA;CONSTRUTORA;2025-10-01;5,62;CONSTR SAO PAULO|29 - PPR|CONSTRUTORA|OUT25
29 - PPR;CONSTR SAO PAULO;CONSTRUTORA;CONSTRUTORA;2025-11-01;615,51;CONSTR SAO PAULO|29 - PPR|CONSTRUTORA|NOV25
29 - PPR;CONSTR SAO PAULO;CONSTRUTORA;CONSTRUTORA;2025-12-01;623,09;CONSTR SAO PAULO|29 - PPR|CONSTRUTORA|DEZ25
29 - PPR;CONSTR SAO PAULO;CONSTRUTORA;OUTROS;2025-02-01;1,85;CONSTR SAO PAULO|29 - PPR|OUTROS|FEV25
29 - PPR;CONSTR SAO PAULO;CONSTRUTORA;OUTROS;2025-05-01;34,28;CONSTR SAO PAULO|29 - PPR|OUTROS|MAI25
29 - PPR;CONSTR SUDESTE;CONSTRUTORA;CONSTRUTORA;2025-02-01;110,44;CONSTR SUDESTE|29 - PPR|CONSTRUTORA|FEV25
29 - PPR;CONSTR SUDESTE;CONSTRUTORA;CONSTRUTORA;2025-03-01;98,63;CONSTR SUDESTE|29 - PPR|CONSTRUTORA|MAR25
29 - PPR;CONSTR SUDESTE;CONSTRUTORA;CONSTRUTORA;2025-04-01;977,93;CONSTR SUDESTE|29 - PPR|CONSTRUTORA|ABR25
29 - PPR;CONSTR SUDESTE;CONSTRUTORA;CONSTRUTORA;2025-06-01;2048,15;CONSTR SUDESTE|29 - PPR|CONSTRUTORA|JUN25
29 - PPR;CONSTR SUDESTE;CONSTRUTORA;CONSTRUTORA;2025-08-01;87,49;CONSTR SUDESTE|29 - PPR|CONSTRUTORA|AGO25
29 - PPR;CONSTR SUDESTE;CONSTRUTORA;CONSTRUTORA;2025-09-01;932,01;CONSTR SUDESTE|29 - PPR|CONSTRUTORA|SET25
29 - PPR;CONSTR SUDESTE;CONSTRUTORA;CONSTRUTORA;2025-10-01;162,69;CONSTR SUDESTE|29 - PPR|CONSTRUTORA|OUT25
29 - PPR;CONSTR SUDESTE;CONSTRUTORA;CONSTRUTORA;2025-11-01;34,73;CONSTR SUDESTE|29 - PPR|CONSTRUTORA|NOV25
29 - PPR;CONSTR SUDESTE;CONSTRUTORA;CONSTRUTORA;2025-12-01;715,63;CONSTR SUDESTE|29 - PPR|CONSTRUTORA|DEZ25
29 - PPR;CONSTR SUL;CONSTRUTORA;CONSTRUTORA;2025-01-01;3501,57;CONSTR SUL|29 - PPR|CONSTRUTORA|JAN25
29 - PPR;CONSTR SUL;CONSTRUTORA;CONSTRUTORA;2025-02-01;4025,42;CONSTR SUL|29 - PPR|CONSTRUTORA|FEV25
29 - PPR;CONSTR SUL;CONSTRUTORA;CONSTRUTORA;2025-03-01;4777,59;CONSTR SUL|29 - PPR|CONSTRUTORA|MAR25
29 - PPR;CONSTR SUL;CONSTRUTORA;CONSTRUTORA;2025-04-01;7382,62;CONSTR SUL|29 - PPR|CONSTRUTORA|ABR25
29 - PPR;CONSTR SUL;CONSTRUTORA;CONSTRUTORA;2025-05-01;5645,66;CONSTR SUL|29 - PPR|CONSTRUTORA|MAI25
29 - PPR;CONSTR SUL;CONSTRUTORA;CONSTRUTORA;2025-06-01;11703,11;CONSTR SUL|29 - PPR|CONSTRUTORA|JUN25
29 - PPR;CONSTR SUL;CONSTRUTORA;CONSTRUTORA;2025-07-01;4849,99;CONSTR SUL|29 - PPR|CONSTRUTORA|JUL25
29 - PPR;CONSTR SUL;CONSTRUTORA;CONSTRUTORA;2025-08-01;5939,08;CONSTR SUL|29 - PPR|CONSTRUTORA|AGO25
29 - PPR;CONSTR SUL;CONSTRUTORA;CONSTRUTORA;2025-09-01;3403,74;CONSTR SUL|29 - PPR|CONSTRUTORA|SET25
29 - PPR;CONSTR SUL;CONSTRUTORA;CONSTRUTORA;2025-10-01;4918,48;CONSTR SUL|29 - PPR|CONSTRUTORA|OUT25
29 - PPR;CONSTR SUL;CONSTRUTORA;CONSTRUTORA;2025-11-01;7345,95;CONSTR SUL|29 - PPR|CONSTRUTORA|NOV25
29 - PPR;CONSTR SUL;CONSTRUTORA;CONSTRUTORA;2025-12-01;6397,55;CONSTR SUL|29 - PPR|CONSTRUTORA|DEZ25
29 - PPR;IRRIGACAO 1;IRRIGACAO;IRRIGACAO;2025-07-01;2,59;IRRIGACAO 1|29 - PPR|IRRIGACAO|JUL25
29 - PPR;MINAS GERAIS;MINAS RJ/ES;VAREJO;2025-01-01;0,75;MINAS GERAIS|29 - PPR|VAREJO|JAN25
29 - PPR;MINAS GERAIS;MINAS RJ/ES;VAREJO;2025-02-01;28,54;MINAS GERAIS|29 - PPR|VAREJO|FEV25
29 - PPR;MINAS GERAIS;MINAS RJ/ES;VAREJO;2025-03-01;1,08;MINAS GERAIS|29 - PPR|VAREJO|MAR25
29 - PPR;MINAS GERAIS;MINAS RJ/ES;VAREJO;2025-04-01;0,28;MINAS GERAIS|29 - PPR|VAREJO|ABR25
29 - PPR;MINAS GERAIS;MINAS RJ/ES;VAREJO;2025-06-01;0,09;MINAS GERAIS|29 - PPR|VAREJO|JUN25
29 - PPR;MINAS GERAIS;MINAS RJ/ES;VAREJO;2025-07-01;15,30;MINAS GERAIS|29 - PPR|VAREJO|JUL25
29 - PPR;MINAS GERAIS;MINAS RJ/ES;VAREJO;2025-08-01;20,44;MINAS GERAIS|29 - PPR|VAREJO|AGO25
29 - PPR;MINAS GERAIS;MINAS RJ/ES;VAREJO;2025-11-01;0,81;MINAS GERAIS|29 - PPR|VAREJO|NOV25
29 - PPR;MINAS GERAIS;MINAS RJ/ES;VAREJO;2025-12-01;3,43;MINAS GERAIS|29 - PPR|VAREJO|DEZ25
29 - PPR;NORDESTE 1;NORDESTE;VAREJO;2025-01-01;89,13;NORDESTE 1|29 - PPR|VAREJO|JAN25
29 - PPR;NORDESTE 1;NORDESTE;VAREJO;2025-02-01;0,43;NORDESTE 1|29 - PPR|VAREJO|FEV25
29 - PPR;NORDESTE 1;NORDESTE;VAREJO;2025-03-01;15,27;NORDESTE 1|29 - PPR|VAREJO|MAR25
29 - PPR;NORDESTE 1;NORDESTE;VAREJO;2025-04-01;0,26;NORDESTE 1|29 - PPR|VAREJO|ABR25
29 - PPR;NORDESTE 1;NORDESTE;VAREJO;2025-06-01;100,70;NORDESTE 1|29 - PPR|VAREJO|JUN25
29 - PPR;NORDESTE 1;NORDESTE;VAREJO;2025-07-01;0,11;NORDESTE 1|29 - PPR|VAREJO|JUL25
29 - PPR;NORDESTE 1;NORDESTE;VAREJO;2025-08-01;0,05;NORDESTE 1|29 - PPR|VAREJO|AGO25
29 - PPR;NORDESTE 1;NORDESTE;VAREJO;2025-11-01;0,21;NORDESTE 1|29 - PPR|VAREJO|NOV25
29 - PPR;NORDESTE 2;NORDESTE;VAREJO;2025-06-01;33,78;NORDESTE 2|29 - PPR|VAREJO|JUN25
29 - PPR;NORDESTE 2;NORDESTE;VAREJO;2025-10-01;4,96;NORDESTE 2|29 - PPR|VAREJO|OUT25
29 - PPR;NORDESTE 2;NORDESTE;VAREJO;2025-11-01;12,45;NORDESTE 2|29 - PPR|VAREJO|NOV25
29 - PPR;NORDESTE 2;NORDESTE;VAREJO;2025-12-01;0,21;NORDESTE 2|29 - PPR|VAREJO|DEZ25
29 - PPR;NORDESTE 3;NORDESTE;ATACADO;2025-06-01;27,48;NORDESTE 3|29 - PPR|ATACADO|JUN25
29 - PPR;NORDESTE 3;NORDESTE;ATACADO;2025-11-01;0,09;NORDESTE 3|29 - PPR|ATACADO|NOV25
29 - PPR;NORDESTE 3;NORDESTE;OUTROS;2025-06-01;0,15;NORDESTE 3|29 - PPR|OUTROS|JUN25
29 - PPR;NORDESTE 3;NORDESTE;OUTROS;2025-10-01;2,00;NORDESTE 3|29 - PPR|OUTROS|OUT25
29 - PPR;NORDESTE 3;NORDESTE;VAREJO;2025-04-01;9,54;NORDESTE 3|29 - PPR|VAREJO|ABR25
29 - PPR;NORDESTE 3;NORDESTE;VAREJO;2025-05-01;99,33;NORDESTE 3|29 - PPR|VAREJO|MAI25
29 - PPR;NORDESTE 3;NORDESTE;VAREJO;2025-06-01;48,37;NORDESTE 3|29 - PPR|VAREJO|JUN25
29 - PPR;NORDESTE 3;NORDESTE;VAREJO;2025-08-01;19,80;NORDESTE 3|29 - PPR|VAREJO|AGO25
29 - PPR;NORDESTE 3;NORDESTE;VAREJO;2025-09-01;3,68;NORDESTE 3|29 - PPR|VAREJO|SET25
29 - PPR;NORDESTE 3;NORDESTE;VAREJO;2025-11-01;20,32;NORDESTE 3|29 - PPR|VAREJO|NOV25
29 - PPR;NORTE;CO NO;VAREJO;2025-02-01;34,25;NORTE|29 - PPR|VAREJO|FEV25
29 - PPR;NORTE;CO NO;VAREJO;2025-04-01;0,23;NORTE|29 - PPR|VAREJO|ABR25
29 - PPR;NORTE;CO NO;VAREJO;2025-05-01;34,35;NORTE|29 - PPR|VAREJO|MAI25
29 - PPR;NORTE;CO NO;VAREJO;2025-06-01;93,67;NORTE|29 - PPR|VAREJO|JUN25
29 - PPR;NORTE;CO NO;VAREJO;2025-07-01;17,18;NORTE|29 - PPR|VAREJO|JUL25
29 - PPR;PARANA;SUL;ATACADO;2025-01-01;8,42;PARANA|29 - PPR|ATACADO|JAN25
29 - PPR;PARANA;SUL;ATACADO;2025-02-01;93,37;PARANA|29 - PPR|ATACADO|FEV25
29 - PPR;PARANA;SUL;ATACADO;2025-03-01;6,50;PARANA|29 - PPR|ATACADO|MAR25
29 - PPR;PARANA;SUL;ATACADO;2025-04-01;96,65;PARANA|29 - PPR|ATACADO|ABR25
29 - PPR;PARANA;SUL;ATACADO;2025-05-01;69,64;PARANA|29 - PPR|ATACADO|MAI25
29 - PPR;PARANA;SUL;ATACADO;2025-06-01;53,85;PARANA|29 - PPR|ATACADO|JUN25
29 - PPR;PARANA;SUL;ATACADO;2025-07-01;68,46;PARANA|29 - PPR|ATACADO|JUL25
29 - PPR;PARANA;SUL;ATACADO;2025-08-01;126,95;PARANA|29 - PPR|ATACADO|AGO25
29 - PPR;PARANA;SUL;ATACADO;2025-09-01;117,48;PARANA|29 - PPR|ATACADO|SET25
29 - PPR;PARANA;SUL;ATACADO;2025-10-01;165,30;PARANA|29 - PPR|ATACADO|OUT25
29 - PPR;PARANA;SUL;ATACADO;2025-11-01;34,70;PARANA|29 - PPR|ATACADO|NOV25
29 - PPR;PARANA;SUL;ATACADO;2025-12-01;116,54;PARANA|29 - PPR|ATACADO|DEZ25
29 - PPR;PARANA;SUL;VAREJO;2025-01-01;179,09;PARANA|29 - PPR|VAREJO|JAN25
29 - PPR;PARANA;SUL;VAREJO;2025-02-01;145,74;PARANA|29 - PPR|VAREJO|FEV25
29 - PPR;PARANA;SUL;VAREJO;2025-03-01;51,34;PARANA|29 - PPR|VAREJO|MAR25
29 - PPR;PARANA;SUL;VAREJO;2025-04-01;351,24;PARANA|29 - PPR|VAREJO|ABR25
29 - PPR;PARANA;SUL;VAREJO;2025-05-01;221,07;PARANA|29 - PPR|VAREJO|MAI25
29 - PPR;PARANA;SUL;VAREJO;2025-06-01;367,55;PARANA|29 - PPR|VAREJO|JUN25
29 - PPR;PARANA;SUL;VAREJO;2025-07-01;199,67;PARANA|29 - PPR|VAREJO|JUL25
29 - PPR;PARANA;SUL;VAREJO;2025-08-01;187,20;PARANA|29 - PPR|VAREJO|AGO25
29 - PPR;PARANA;SUL;VAREJO;2025-09-01;119,83;PARANA|29 - PPR|VAREJO|SET25
29 - PPR;PARANA;SUL;VAREJO;2025-10-01;259,37;PARANA|29 - PPR|VAREJO|OUT25
29 - PPR;PARANA;SUL;VAREJO;2025-11-01;179,59;PARANA|29 - PPR|VAREJO|NOV25
29 - PPR;PARANA;SUL;VAREJO;2025-12-01;209,58;PARANA|29 - PPR|VAREJO|DEZ25
29 - PPR;RIO GRANDE DO SUL;SUL;ATACADO;2025-01-01;234,72;RIO GRANDE DO SUL|29 - PPR|ATACADO|JAN25
29 - PPR;RIO GRANDE DO SUL;SUL;ATACADO;2025-02-01;89,67;RIO GRANDE DO SUL|29 - PPR|ATACADO|FEV25
29 - PPR;RIO GRANDE DO SUL;SUL;ATACADO;2025-03-01;293,56;RIO GRANDE DO SUL|29 - PPR|ATACADO|MAR25
29 - PPR;RIO GRANDE DO SUL;SUL;ATACADO;2025-04-01;757,02;RIO GRANDE DO SUL|29 - PPR|ATACADO|ABR25
29 - PPR;RIO GRANDE DO SUL;SUL;ATACADO;2025-05-01;495,78;RIO GRANDE DO SUL|29 - PPR|ATACADO|MAI25
29 - PPR;RIO GRANDE DO SUL;SUL;ATACADO;2025-06-01;1500,35;RIO GRANDE DO SUL|29 - PPR|ATACADO|JUN25
29 - PPR;RIO GRANDE DO SUL;SUL;ATACADO;2025-07-01;948,76;RIO GRANDE DO SUL|29 - PPR|ATACADO|JUL25
29 - PPR;RIO GRANDE DO SUL;SUL;ATACADO;2025-08-01;614,34;RIO GRANDE DO SUL|29 - PPR|ATACADO|AGO25
29 - PPR;RIO GRANDE DO SUL;SUL;ATACADO;2025-09-01;55,49;RIO GRANDE DO SUL|29 - PPR|ATACADO|SET25
29 - PPR;RIO GRANDE DO SUL;SUL;ATACADO;2025-10-01;2904,43;RIO GRANDE DO SUL|29 - PPR|ATACADO|OUT25
29 - PPR;RIO GRANDE DO SUL;SUL;ATACADO;2025-11-01;367,36;RIO GRANDE DO SUL|29 - PPR|ATACADO|NOV25
29 - PPR;RIO GRANDE DO SUL;SUL;ATACADO;2025-12-01;712,25;RIO GRANDE DO SUL|29 - PPR|ATACADO|DEZ25
29 - PPR;RIO GRANDE DO SUL;SUL;OUTROS;2025-02-01;32,94;RIO GRANDE DO SUL|29 - PPR|OUTROS|FEV25
29 - PPR;RIO GRANDE DO SUL;SUL;OUTROS;2025-03-01;27,52;RIO GRANDE DO SUL|29 - PPR|OUTROS|MAR25
29 - PPR;RIO GRANDE DO SUL;SUL;OUTROS;2025-05-01;89,25;RIO GRANDE DO SUL|29 - PPR|OUTROS|MAI25
29 - PPR;RIO GRANDE DO SUL;SUL;OUTROS;2025-06-01;55,43;RIO GRANDE DO SUL|29 - PPR|OUTROS|JUN25
29 - PPR;RIO GRANDE DO SUL;SUL;OUTROS;2025-07-01;1,82;RIO GRANDE DO SUL|29 - PPR|OUTROS|JUL25
29 - PPR;RIO GRANDE DO SUL;SUL;OUTROS;2025-08-01;58,76;RIO GRANDE DO SUL|29 - PPR|OUTROS|AGO25
29 - PPR;RIO GRANDE DO SUL;SUL;OUTROS;2025-09-01;7,28;RIO GRANDE DO SUL|29 - PPR|OUTROS|SET25
29 - PPR;RIO GRANDE DO SUL;SUL;OUTROS;2025-10-01;38,77;RIO GRANDE DO SUL|29 - PPR|OUTROS|OUT25
29 - PPR;RIO GRANDE DO SUL;SUL;OUTROS;2025-11-01;27,52;RIO GRANDE DO SUL|29 - PPR|OUTROS|NOV25
29 - PPR;RIO GRANDE DO SUL;SUL;OUTROS;2025-12-01;56,68;RIO GRANDE DO SUL|29 - PPR|OUTROS|DEZ25
29 - PPR;RIO GRANDE DO SUL;SUL;VAREJO;2025-01-01;1308,72;RIO GRANDE DO SUL|29 - PPR|VAREJO|JAN25
29 - PPR;RIO GRANDE DO SUL;SUL;VAREJO;2025-02-01;1083,67;RIO GRANDE DO SUL|29 - PPR|VAREJO|FEV25
29 - PPR;RIO GRANDE DO SUL;SUL;VAREJO;2025-03-01;984,31;RIO GRANDE DO SUL|29 - PPR|VAREJO|MAR25
29 - PPR;RIO GRANDE DO SUL;SUL;VAREJO;2025-04-01;1626,46;RIO GRANDE DO SUL|29 - PPR|VAREJO|ABR25
29 - PPR;RIO GRANDE DO SUL;SUL;VAREJO;2025-05-01;976,48;RIO GRANDE DO SUL|29 - PPR|VAREJO|MAI25
29 - PPR;RIO GRANDE DO SUL;SUL;VAREJO;2025-06-01;1494,76;RIO GRANDE DO SUL|29 - PPR|VAREJO|JUN25
29 - PPR;RIO GRANDE DO SUL;SUL;VAREJO;2025-07-01;756,59;RIO GRANDE DO SUL|29 - PPR|VAREJO|JUL25
29 - PPR;RIO GRANDE DO SUL;SUL;VAREJO;2025-08-01;1981,06;RIO GRANDE DO SUL|29 - PPR|VAREJO|AGO25
29 - PPR;RIO GRANDE DO SUL;SUL;VAREJO;2025-09-01;629,29;RIO GRANDE DO SUL|29 - PPR|VAREJO|SET25
29 - PPR;RIO GRANDE DO SUL;SUL;VAREJO;2025-10-01;1137,45;RIO GRANDE DO SUL|29 - PPR|VAREJO|OUT25
29 - PPR;RIO GRANDE DO SUL;SUL;VAREJO;2025-11-01;1293,99;RIO GRANDE DO SUL|29 - PPR|VAREJO|NOV25
29 - PPR;RIO GRANDE DO SUL;SUL;VAREJO;2025-12-01;769,96;RIO GRANDE DO SUL|29 - PPR|VAREJO|DEZ25
29 - PPR;RJ/ES;MINAS RJ/ES;VAREJO;2025-01-01;0,21;RJ/ES|29 - PPR|VAREJO|JAN25
29 - PPR;RJ/ES;MINAS RJ/ES;VAREJO;2025-09-01;19,68;RJ/ES|29 - PPR|VAREJO|SET25
29 - PPR;RJ/ES;MINAS RJ/ES;VAREJO;2025-12-01;1,94;RJ/ES|29 - PPR|VAREJO|DEZ25
29 - PPR;SANTA CATARINA 01;SUL;ATACADO;2025-01-01;546,99;SANTA CATARINA 01|29 - PPR|ATACADO|JAN25
29 - PPR;SANTA CATARINA 01;SUL;ATACADO;2025-02-01;2,46;SANTA CATARINA 01|29 - PPR|ATACADO|FEV25
29 - PPR;SANTA CATARINA 01;SUL;ATACADO;2025-03-01;235,10;SANTA CATARINA 01|29 - PPR|ATACADO|MAR25
29 - PPR;SANTA CATARINA 01;SUL;ATACADO;2025-04-01;274,70;SANTA CATARINA 01|29 - PPR|ATACADO|ABR25
29 - PPR;SANTA CATARINA 01;SUL;ATACADO;2025-05-01;242,09;SANTA CATARINA 01|29 - PPR|ATACADO|MAI25
29 - PPR;SANTA CATARINA 01;SUL;ATACADO;2025-06-01;748,58;SANTA CATARINA 01|29 - PPR|ATACADO|JUN25
29 - PPR;SANTA CATARINA 01;SUL;ATACADO;2025-07-01;284,57;SANTA CATARINA 01|29 - PPR|ATACADO|JUL25
29 - PPR;SANTA CATARINA 01;SUL;ATACADO;2025-08-01;76,80;SANTA CATARINA 01|29 - PPR|ATACADO|AGO25
29 - PPR;SANTA CATARINA 01;SUL;ATACADO;2025-09-01;55,03;SANTA CATARINA 01|29 - PPR|ATACADO|SET25
29 - PPR;SANTA CATARINA 01;SUL;ATACADO;2025-10-01;160,34;SANTA CATARINA 01|29 - PPR|ATACADO|OUT25
29 - PPR;SANTA CATARINA 01;SUL;ATACADO;2025-11-01;700,22;SANTA CATARINA 01|29 - PPR|ATACADO|NOV25
29 - PPR;SANTA CATARINA 01;SUL;ATACADO;2025-12-01;644,40;SANTA CATARINA 01|29 - PPR|ATACADO|DEZ25
29 - PPR;SANTA CATARINA 01;SUL;OUTROS;2025-01-01;141,29;SANTA CATARINA 01|29 - PPR|OUTROS|JAN25
29 - PPR;SANTA CATARINA 01;SUL;OUTROS;2025-03-01;2,60;SANTA CATARINA 01|29 - PPR|OUTROS|MAR25
29 - PPR;SANTA CATARINA 01;SUL;OUTROS;2025-04-01;52,38;SANTA CATARINA 01|29 - PPR|OUTROS|ABR25
29 - PPR;SANTA CATARINA 01;SUL;OUTROS;2025-05-01;52,38;SANTA CATARINA 01|29 - PPR|OUTROS|MAI25
29 - PPR;SANTA CATARINA 01;SUL;VAREJO;2025-01-01;686,79;SANTA CATARINA 01|29 - PPR|VAREJO|JAN25
29 - PPR;SANTA CATARINA 01;SUL;VAREJO;2025-02-01;669,07;SANTA CATARINA 01|29 - PPR|VAREJO|FEV25
29 - PPR;SANTA CATARINA 01;SUL;VAREJO;2025-03-01;189,41;SANTA CATARINA 01|29 - PPR|VAREJO|MAR25
29 - PPR;SANTA CATARINA 01;SUL;VAREJO;2025-04-01;592,43;SANTA CATARINA 01|29 - PPR|VAREJO|ABR25
29 - PPR;SANTA CATARINA 01;SUL;VAREJO;2025-05-01;452,48;SANTA CATARINA 01|29 - PPR|VAREJO|MAI25
29 - PPR;SANTA CATARINA 01;SUL;VAREJO;2025-06-01;669,72;SANTA CATARINA 01|29 - PPR|VAREJO|JUN25
29 - PPR;SANTA CATARINA 01;SUL;VAREJO;2025-07-01;750,47;SANTA CATARINA 01|29 - PPR|VAREJO|JUL25
29 - PPR;SANTA CATARINA 01;SUL;VAREJO;2025-08-01;1106,79;SANTA CATARINA 01|29 - PPR|VAREJO|AGO25
29 - PPR;SANTA CATARINA 01;SUL;VAREJO;2025-09-01;500,15;SANTA CATARINA 01|29 - PPR|VAREJO|SET25
29 - PPR;SANTA CATARINA 01;SUL;VAREJO;2025-10-01;476,79;SANTA CATARINA 01|29 - PPR|VAREJO|OUT25
29 - PPR;SANTA CATARINA 01;SUL;VAREJO;2025-11-01;372,91;SANTA CATARINA 01|29 - PPR|VAREJO|NOV25
29 - PPR;SANTA CATARINA 01;SUL;VAREJO;2025-12-01;539,69;SANTA CATARINA 01|29 - PPR|VAREJO|DEZ25
29 - PPR;SANTA CATARINA 02;SUL;ATACADO;2025-01-01;227,09;SANTA CATARINA 02|29 - PPR|ATACADO|JAN25
29 - PPR;SANTA CATARINA 02;SUL;ATACADO;2025-02-01;60,85;SANTA CATARINA 02|29 - PPR|ATACADO|FEV25
29 - PPR;SANTA CATARINA 02;SUL;ATACADO;2025-03-01;185,83;SANTA CATARINA 02|29 - PPR|ATACADO|MAR25
29 - PPR;SANTA CATARINA 02;SUL;ATACADO;2025-04-01;46,17;SANTA CATARINA 02|29 - PPR|ATACADO|ABR25
29 - PPR;SANTA CATARINA 02;SUL;ATACADO;2025-05-01;808,72;SANTA CATARINA 02|29 - PPR|ATACADO|MAI25
29 - PPR;SANTA CATARINA 02;SUL;ATACADO;2025-06-01;175,38;SANTA CATARINA 02|29 - PPR|ATACADO|JUN25
29 - PPR;SANTA CATARINA 02;SUL;ATACADO;2025-07-01;84,79;SANTA CATARINA 02|29 - PPR|ATACADO|JUL25
29 - PPR;SANTA CATARINA 02;SUL;ATACADO;2025-08-01;152,35;SANTA CATARINA 02|29 - PPR|ATACADO|AGO25
29 - PPR;SANTA CATARINA 02;SUL;ATACADO;2025-09-01;1130,46;SANTA CATARINA 02|29 - PPR|ATACADO|SET25
29 - PPR;SANTA CATARINA 02;SUL;ATACADO;2025-10-01;628,24;SANTA CATARINA 02|29 - PPR|ATACADO|OUT25
29 - PPR;SANTA CATARINA 02;SUL;ATACADO;2025-11-01;280,94;SANTA CATARINA 02|29 - PPR|ATACADO|NOV25
29 - PPR;SANTA CATARINA 02;SUL;ATACADO;2025-12-01;316,97;SANTA CATARINA 02|29 - PPR|ATACADO|DEZ25
29 - PPR;SANTA CATARINA 02;SUL;OUTROS;2025-04-01;70,12;SANTA CATARINA 02|29 - PPR|OUTROS|ABR25
29 - PPR;SANTA CATARINA 02;SUL;OUTROS;2025-07-01;92,75;SANTA CATARINA 02|29 - PPR|OUTROS|JUL25
29 - PPR;SANTA CATARINA 02;SUL;VAREJO;2025-01-01;335,47;SANTA CATARINA 02|29 - PPR|VAREJO|JAN25
29 - PPR;SANTA CATARINA 02;SUL;VAREJO;2025-02-01;721,73;SANTA CATARINA 02|29 - PPR|VAREJO|FEV25
29 - PPR;SANTA CATARINA 02;SUL;VAREJO;2025-03-01;731,26;SANTA CATARINA 02|29 - PPR|VAREJO|MAR25
29 - PPR;SANTA CATARINA 02;SUL;VAREJO;2025-04-01;388,83;SANTA CATARINA 02|29 - PPR|VAREJO|ABR25
29 - PPR;SANTA CATARINA 02;SUL;VAREJO;2025-05-01;281,25;SANTA CATARINA 02|29 - PPR|VAREJO|MAI25
29 - PPR;SANTA CATARINA 02;SUL;VAREJO;2025-06-01;685,92;SANTA CATARINA 02|29 - PPR|VAREJO|JUN25
29 - PPR;SANTA CATARINA 02;SUL;VAREJO;2025-07-01;653,96;SANTA CATARINA 02|29 - PPR|VAREJO|JUL25
29 - PPR;SANTA CATARINA 02;SUL;VAREJO;2025-08-01;529,34;SANTA CATARINA 02|29 - PPR|VAREJO|AGO25
29 - PPR;SANTA CATARINA 02;SUL;VAREJO;2025-09-01;152,86;SANTA CATARINA 02|29 - PPR|VAREJO|SET25
29 - PPR;SANTA CATARINA 02;SUL;VAREJO;2025-10-01;295,10;SANTA CATARINA 02|29 - PPR|VAREJO|OUT25
29 - PPR;SANTA CATARINA 02;SUL;VAREJO;2025-11-01;382,59;SANTA CATARINA 02|29 - PPR|VAREJO|NOV25
29 - PPR;SANTA CATARINA 02;SUL;VAREJO;2025-12-01;440,54;SANTA CATARINA 02|29 - PPR|VAREJO|DEZ25
29 - PPR;SAO PAULO CAPITAL;SP;VAREJO;2025-01-01;23,91;SAO PAULO CAPITAL|29 - PPR|VAREJO|JAN25
29 - PPR;SAO PAULO CAPITAL;SP;VAREJO;2025-02-01;38,44;SAO PAULO CAPITAL|29 - PPR|VAREJO|FEV25
29 - PPR;SAO PAULO CAPITAL;SP;VAREJO;2025-03-01;45,90;SAO PAULO CAPITAL|29 - PPR|VAREJO|MAR25
29 - PPR;SAO PAULO CAPITAL;SP;VAREJO;2025-04-01;47,33;SAO PAULO CAPITAL|29 - PPR|VAREJO|ABR25
29 - PPR;SAO PAULO CAPITAL;SP;VAREJO;2025-05-01;34,54;SAO PAULO CAPITAL|29 - PPR|VAREJO|MAI25
29 - PPR;SAO PAULO CAPITAL;SP;VAREJO;2025-06-01;48,88;SAO PAULO CAPITAL|29 - PPR|VAREJO|JUN25
29 - PPR;SAO PAULO CAPITAL;SP;VAREJO;2025-07-01;460,35;SAO PAULO CAPITAL|29 - PPR|VAREJO|JUL25
29 - PPR;SAO PAULO CAPITAL;SP;VAREJO;2025-08-01;10,85;SAO PAULO CAPITAL|29 - PPR|VAREJO|AGO25
29 - PPR;SAO PAULO CAPITAL;SP;VAREJO;2025-09-01;187,01;SAO PAULO CAPITAL|29 - PPR|VAREJO|SET25
29 - PPR;SAO PAULO CAPITAL;SP;VAREJO;2025-10-01;135,91;SAO PAULO CAPITAL|29 - PPR|VAREJO|OUT25
29 - PPR;SAO PAULO CAPITAL;SP;VAREJO;2025-11-01;20,12;SAO PAULO CAPITAL|29 - PPR|VAREJO|NOV25
29 - PPR;SAO PAULO CAPITAL;SP;VAREJO;2025-12-01;55,33;SAO PAULO CAPITAL|29 - PPR|VAREJO|DEZ25
29 - PPR;SAO PAULO INTERIOR;SP;VAREJO;2025-01-01;0,07;SAO PAULO INTERIOR|29 - PPR|VAREJO|JAN25
29 - PPR;SAO PAULO INTERIOR;SP;VAREJO;2025-02-01;19,05;SAO PAULO INTERIOR|29 - PPR|VAREJO|FEV25
29 - PPR;SAO PAULO INTERIOR;SP;VAREJO;2025-04-01;32,76;SAO PAULO INTERIOR|29 - PPR|VAREJO|ABR25
29 - PPR;SAO PAULO INTERIOR;SP;VAREJO;2025-05-01;14,92;SAO PAULO INTERIOR|29 - PPR|VAREJO|MAI25
29 - PPR;SAO PAULO INTERIOR;SP;VAREJO;2025-06-01;43,88;SAO PAULO INTERIOR|29 - PPR|VAREJO|JUN25
29 - PPR;SAO PAULO INTERIOR;SP;VAREJO;2025-07-01;137,62;SAO PAULO INTERIOR|29 - PPR|VAREJO|JUL25
29 - PPR;SAO PAULO INTERIOR;SP;VAREJO;2025-10-01;23,35;SAO PAULO INTERIOR|29 - PPR|VAREJO|OUT25
29 - PPR;TELEVENDAS;TELEVENDAS;OUTROS;2025-06-01;85,04;TELEVENDAS|29 - PPR|OUTROS|JUN25
29 - PPR;TELEVENDAS;TELEVENDAS;VAREJO;2025-01-01;159,39;TELEVENDAS|29 - PPR|VAREJO|JAN25
29 - PPR;TELEVENDAS;TELEVENDAS;VAREJO;2025-02-01;70,61;TELEVENDAS|29 - PPR|VAREJO|FEV25
29 - PPR;TELEVENDAS;TELEVENDAS;VAREJO;2025-03-01;5,94;TELEVENDAS|29 - PPR|VAREJO|MAR25
29 - PPR;TELEVENDAS;TELEVENDAS;VAREJO;2025-04-01;50,88;TELEVENDAS|29 - PPR|VAREJO|ABR25
29 - PPR;TELEVENDAS;TELEVENDAS;VAREJO;2025-05-01;73,66;TELEVENDAS|29 - PPR|VAREJO|MAI25
29 - PPR;TELEVENDAS;TELEVENDAS;VAREJO;2025-06-01;230,80;TELEVENDAS|29 - PPR|VAREJO|JUN25
29 - PPR;TELEVENDAS;TELEVENDAS;VAREJO;2025-07-01;160,89;TELEVENDAS|29 - PPR|VAREJO|JUL25
29 - PPR;TELEVENDAS;TELEVENDAS;VAREJO;2025-08-01;169,02;TELEVENDAS|29 - PPR|VAREJO|AGO25
29 - PPR;TELEVENDAS;TELEVENDAS;VAREJO;2025-09-01;63,04;TELEVENDAS|29 - PPR|VAREJO|SET25
29 - PPR;TELEVENDAS;TELEVENDAS;VAREJO;2025-10-01;46,06;TELEVENDAS|29 - PPR|VAREJO|OUT25
29 - PPR;TELEVENDAS;TELEVENDAS;VAREJO;2025-11-01;27,46;TELEVENDAS|29 - PPR|VAREJO|NOV25
29 - PPR;TELEVENDAS;TELEVENDAS;VAREJO;2025-12-01;11,67;TELEVENDAS|29 - PPR|VAREJO|DEZ25
30 - ELETRODUTOS CORRUGADOS KRONA;CENTRO OESTE;CO NO;ATACADO;2025-01-01;32843,85;CENTRO OESTE|30 - ELETRODUTOS CORRUGADOS KRONA|ATACADO|JAN25
30 - ELETRODUTOS CORRUGADOS KRONA;CENTRO OESTE;CO NO;ATACADO;2025-02-01;3369,28;CENTRO OESTE|30 - ELETRODUTOS CORRUGADOS KRONA|ATACADO|FEV25
30 - ELETRODUTOS CORRUGADOS KRONA;CENTRO OESTE;CO NO;ATACADO;2025-03-01;68168,93;CENTRO OESTE|30 - ELETRODUTOS CORRUGADOS KRONA|ATACADO|MAR25
30 - ELETRODUTOS CORRUGADOS KRONA;CENTRO OESTE;CO NO;ATACADO;2025-04-01;32800,60;CENTRO OESTE|30 - ELETRODUTOS CORRUGADOS KRONA|ATACADO|ABR25
30 - ELETRODUTOS CORRUGADOS KRONA;CENTRO OESTE;CO NO;ATACADO;2025-05-01;3823,17;CENTRO OESTE|30 - ELETRODUTOS CORRUGADOS KRONA|ATACADO|MAI25
30 - ELETRODUTOS CORRUGADOS KRONA;CENTRO OESTE;CO NO;ATACADO;2025-06-01;127431,71;CENTRO OESTE|30 - ELETRODUTOS CORRUGADOS KRONA|ATACADO|JUN25
30 - ELETRODUTOS CORRUGADOS KRONA;CENTRO OESTE;CO NO;ATACADO;2025-07-01;32157,62;CENTRO OESTE|30 - ELETRODUTOS CORRUGADOS KRONA|ATACADO|JUL25
30 - ELETRODUTOS CORRUGADOS KRONA;CENTRO OESTE;CO NO;ATACADO;2025-08-01;107531,91;CENTRO OESTE|30 - ELETRODUTOS CORRUGADOS KRONA|ATACADO|AGO25
30 - ELETRODUTOS CORRUGADOS KRONA;CENTRO OESTE;CO NO;ATACADO;2025-09-01;108246,30;CENTRO OESTE|30 - ELETRODUTOS CORRUGADOS KRONA|ATACADO|SET25
30 - ELETRODUTOS CORRUGADOS KRONA;CENTRO OESTE;CO NO;ATACADO;2025-10-01;61425,09;CENTRO OESTE|30 - ELETRODUTOS CORRUGADOS KRONA|ATACADO|OUT25
30 - ELETRODUTOS CORRUGADOS KRONA;CENTRO OESTE;CO NO;ATACADO;2025-11-01;56239,21;CENTRO OESTE|30 - ELETRODUTOS CORRUGADOS KRONA|ATACADO|NOV25
30 - ELETRODUTOS CORRUGADOS KRONA;CENTRO OESTE;CO NO;ATACADO;2025-12-01;70255,73;CENTRO OESTE|30 - ELETRODUTOS CORRUGADOS KRONA|ATACADO|DEZ25
30 - ELETRODUTOS CORRUGADOS KRONA;CENTRO OESTE;CO NO;VAREJO;2025-01-01;10691,05;CENTRO OESTE|30 - ELETRODUTOS CORRUGADOS KRONA|VAREJO|JAN25
30 - ELETRODUTOS CORRUGADOS KRONA;CENTRO OESTE;CO NO;VAREJO;2025-02-01;15713,00;CENTRO OESTE|30 - ELETRODUTOS CORRUGADOS KRONA|VAREJO|FEV25
30 - ELETRODUTOS CORRUGADOS KRONA;CENTRO OESTE;CO NO;VAREJO;2025-03-01;14170,71;CENTRO OESTE|30 - ELETRODUTOS CORRUGADOS KRONA|VAREJO|MAR25
30 - ELETRODUTOS CORRUGADOS KRONA;CENTRO OESTE;CO NO;VAREJO;2025-04-01;21914,69;CENTRO OESTE|30 - ELETRODUTOS CORRUGADOS KRONA|VAREJO|ABR25
30 - ELETRODUTOS CORRUGADOS KRONA;CENTRO OESTE;CO NO;VAREJO;2025-05-01;19426,53;CENTRO OESTE|30 - ELETRODUTOS CORRUGADOS KRONA|VAREJO|MAI25
30 - ELETRODUTOS CORRUGADOS KRONA;CENTRO OESTE;CO NO;VAREJO;2025-06-01;41833,77;CENTRO OESTE|30 - ELETRODUTOS CORRUGADOS KRONA|VAREJO|JUN25
30 - ELETRODUTOS CORRUGADOS KRONA;CENTRO OESTE;CO NO;VAREJO;2025-07-01;21194,80;CENTRO OESTE|30 - ELETRODUTOS CORRUGADOS KRONA|VAREJO|JUL25
30 - ELETRODUTOS CORRUGADOS KRONA;CENTRO OESTE;CO NO;VAREJO;2025-08-01;34204,19;CENTRO OESTE|30 - ELETRODUTOS CORRUGADOS KRONA|VAREJO|AGO25
30 - ELETRODUTOS CORRUGADOS KRONA;CENTRO OESTE;CO NO;VAREJO;2025-09-01;13909,02;CENTRO OESTE|30 - ELETRODUTOS CORRUGADOS KRONA|VAREJO|SET25
30 - ELETRODUTOS CORRUGADOS KRONA;CENTRO OESTE;CO NO;VAREJO;2025-10-01;14509,17;CENTRO OESTE|30 - ELETRODUTOS CORRUGADOS KRONA|VAREJO|OUT25
30 - ELETRODUTOS CORRUGADOS KRONA;CENTRO OESTE;CO NO;VAREJO;2025-11-01;17093,19;CENTRO OESTE|30 - ELETRODUTOS CORRUGADOS KRONA|VAREJO|NOV25
30 - ELETRODUTOS CORRUGADOS KRONA;CENTRO OESTE;CO NO;VAREJO;2025-12-01;21968,46;CENTRO OESTE|30 - ELETRODUTOS CORRUGADOS KRONA|VAREJO|DEZ25
30 - ELETRODUTOS CORRUGADOS KRONA;CONSTR CENTRO OESTE;CONSTRUTORA;CONSTRUTORA;2025-01-01;9333,62;CONSTR CENTRO OESTE|30 - ELETRODUTOS CORRUGADOS KRONA|CONSTRUTORA|JAN25
30 - ELETRODUTOS CORRUGADOS KRONA;CONSTR CENTRO OESTE;CONSTRUTORA;CONSTRUTORA;2025-02-01;23593,81;CONSTR CENTRO OESTE|30 - ELETRODUTOS CORRUGADOS KRONA|CONSTRUTORA|FEV25
30 - ELETRODUTOS CORRUGADOS KRONA;CONSTR CENTRO OESTE;CONSTRUTORA;CONSTRUTORA;2025-03-01;26113,01;CONSTR CENTRO OESTE|30 - ELETRODUTOS CORRUGADOS KRONA|CONSTRUTORA|MAR25
30 - ELETRODUTOS CORRUGADOS KRONA;CONSTR CENTRO OESTE;CONSTRUTORA;CONSTRUTORA;2025-04-01;15577,76;CONSTR CENTRO OESTE|30 - ELETRODUTOS CORRUGADOS KRONA|CONSTRUTORA|ABR25
30 - ELETRODUTOS CORRUGADOS KRONA;CONSTR CENTRO OESTE;CONSTRUTORA;CONSTRUTORA;2025-05-01;28529,13;CONSTR CENTRO OESTE|30 - ELETRODUTOS CORRUGADOS KRONA|CONSTRUTORA|MAI25
30 - ELETRODUTOS CORRUGADOS KRONA;CONSTR CENTRO OESTE;CONSTRUTORA;CONSTRUTORA;2025-06-01;13908,67;CONSTR CENTRO OESTE|30 - ELETRODUTOS CORRUGADOS KRONA|CONSTRUTORA|JUN25
30 - ELETRODUTOS CORRUGADOS KRONA;CONSTR CENTRO OESTE;CONSTRUTORA;CONSTRUTORA;2025-07-01;30792,43;CONSTR CENTRO OESTE|30 - ELETRODUTOS CORRUGADOS KRONA|CONSTRUTORA|JUL25
30 - ELETRODUTOS CORRUGADOS KRONA;CONSTR CENTRO OESTE;CONSTRUTORA;CONSTRUTORA;2025-08-01;34983,23;CONSTR CENTRO OESTE|30 - ELETRODUTOS CORRUGADOS KRONA|CONSTRUTORA|AGO25
30 - ELETRODUTOS CORRUGADOS KRONA;CONSTR CENTRO OESTE;CONSTRUTORA;CONSTRUTORA;2025-09-01;37374,04;CONSTR CENTRO OESTE|30 - ELETRODUTOS CORRUGADOS KRONA|CONSTRUTORA|SET25
30 - ELETRODUTOS CORRUGADOS KRONA;CONSTR CENTRO OESTE;CONSTRUTORA;CONSTRUTORA;2025-10-01;29687,62;CONSTR CENTRO OESTE|30 - ELETRODUTOS CORRUGADOS KRONA|CONSTRUTORA|OUT25
30 - ELETRODUTOS CORRUGADOS KRONA;CONSTR CENTRO OESTE;CONSTRUTORA;CONSTRUTORA;2025-11-01;30577,64;CONSTR CENTRO OESTE|30 - ELETRODUTOS CORRUGADOS KRONA|CONSTRUTORA|NOV25
30 - ELETRODUTOS CORRUGADOS KRONA;CONSTR CENTRO OESTE;CONSTRUTORA;CONSTRUTORA;2025-12-01;31086,09;CONSTR CENTRO OESTE|30 - ELETRODUTOS CORRUGADOS KRONA|CONSTRUTORA|DEZ25
30 - ELETRODUTOS CORRUGADOS KRONA;CONSTR CENTRO OESTE;CONSTRUTORA;VAREJO;2025-02-01;12,48;CONSTR CENTRO OESTE|30 - ELETRODUTOS CORRUGADOS KRONA|VAREJO|FEV25
30 - ELETRODUTOS CORRUGADOS KRONA;CONSTR CENTRO OESTE;CONSTRUTORA;VAREJO;2025-07-01;239,30;CONSTR CENTRO OESTE|30 - ELETRODUTOS CORRUGADOS KRONA|VAREJO|JUL25
30 - ELETRODUTOS CORRUGADOS KRONA;CONSTR CENTRO OESTE;CONSTRUTORA;VAREJO;2025-09-01;399,00;CONSTR CENTRO OESTE|30 - ELETRODUTOS CORRUGADOS KRONA|VAREJO|SET25
30 - ELETRODUTOS CORRUGADOS KRONA;CONSTR NORDESTE;CONSTRUTORA;CONSTRUTORA;2025-01-01;38953,31;CONSTR NORDESTE|30 - ELETRODUTOS CORRUGADOS KRONA|CONSTRUTORA|JAN25
30 - ELETRODUTOS CORRUGADOS KRONA;CONSTR NORDESTE;CONSTRUTORA;CONSTRUTORA;2025-02-01;45420,39;CONSTR NORDESTE|30 - ELETRODUTOS CORRUGADOS KRONA|CONSTRUTORA|FEV25
30 - ELETRODUTOS CORRUGADOS KRONA;CONSTR NORDESTE;CONSTRUTORA;CONSTRUTORA;2025-03-01;30949,63;CONSTR NORDESTE|30 - ELETRODUTOS CORRUGADOS KRONA|CONSTRUTORA|MAR25
30 - ELETRODUTOS CORRUGADOS KRONA;CONSTR NORDESTE;CONSTRUTORA;CONSTRUTORA;2025-04-01;55381,64;CONSTR NORDESTE|30 - ELETRODUTOS CORRUGADOS KRONA|CONSTRUTORA|ABR25
30 - ELETRODUTOS CORRUGADOS KRONA;CONSTR NORDESTE;CONSTRUTORA;CONSTRUTORA;2025-05-01;35592,20;CONSTR NORDESTE|30 - ELETRODUTOS CORRUGADOS KRONA|CONSTRUTORA|MAI25
30 - ELETRODUTOS CORRUGADOS KRONA;CONSTR NORDESTE;CONSTRUTORA;CONSTRUTORA;2025-06-01;88816,59;CONSTR NORDESTE|30 - ELETRODUTOS CORRUGADOS KRONA|CONSTRUTORA|JUN25
30 - ELETRODUTOS CORRUGADOS KRONA;CONSTR NORDESTE;CONSTRUTORA;CONSTRUTORA;2025-07-01;41110,43;CONSTR NORDESTE|30 - ELETRODUTOS CORRUGADOS KRONA|CONSTRUTORA|JUL25
30 - ELETRODUTOS CORRUGADOS KRONA;CONSTR NORDESTE;CONSTRUTORA;CONSTRUTORA;2025-08-01;58794,50;CONSTR NORDESTE|30 - ELETRODUTOS CORRUGADOS KRONA|CONSTRUTORA|AGO25
30 - ELETRODUTOS CORRUGADOS KRONA;CONSTR NORDESTE;CONSTRUTORA;CONSTRUTORA;2025-09-01;55421,99;CONSTR NORDESTE|30 - ELETRODUTOS CORRUGADOS KRONA|CONSTRUTORA|SET25
30 - ELETRODUTOS CORRUGADOS KRONA;CONSTR NORDESTE;CONSTRUTORA;CONSTRUTORA;2025-10-01;61513,04;CONSTR NORDESTE|30 - ELETRODUTOS CORRUGADOS KRONA|CONSTRUTORA|OUT25
30 - ELETRODUTOS CORRUGADOS KRONA;CONSTR NORDESTE;CONSTRUTORA;CONSTRUTORA;2025-11-01;45278,05;CONSTR NORDESTE|30 - ELETRODUTOS CORRUGADOS KRONA|CONSTRUTORA|NOV25
30 - ELETRODUTOS CORRUGADOS KRONA;CONSTR NORDESTE;CONSTRUTORA;CONSTRUTORA;2025-12-01;35729,63;CONSTR NORDESTE|30 - ELETRODUTOS CORRUGADOS KRONA|CONSTRUTORA|DEZ25
30 - ELETRODUTOS CORRUGADOS KRONA;CONSTR NORDESTE;CONSTRUTORA;OUTROS;2025-02-01;163,20;CONSTR NORDESTE|30 - ELETRODUTOS CORRUGADOS KRONA|OUTROS|FEV25
30 - ELETRODUTOS CORRUGADOS KRONA;CONSTR NORDESTE;CONSTRUTORA;OUTROS;2025-03-01;594,84;CONSTR NORDESTE|30 - ELETRODUTOS CORRUGADOS KRONA|OUTROS|MAR25
30 - ELETRODUTOS CORRUGADOS KRONA;CONSTR NORDESTE;CONSTRUTORA;OUTROS;2025-04-01;784,80;CONSTR NORDESTE|30 - ELETRODUTOS CORRUGADOS KRONA|OUTROS|ABR25
30 - ELETRODUTOS CORRUGADOS KRONA;CONSTR NORDESTE;CONSTRUTORA;OUTROS;2025-05-01;312,00;CONSTR NORDESTE|30 - ELETRODUTOS CORRUGADOS KRONA|OUTROS|MAI25
30 - ELETRODUTOS CORRUGADOS KRONA;CONSTR NORDESTE;CONSTRUTORA;OUTROS;2025-06-01;62,40;CONSTR NORDESTE|30 - ELETRODUTOS CORRUGADOS KRONA|OUTROS|JUN25
30 - ELETRODUTOS CORRUGADOS KRONA;CONSTR NORDESTE;CONSTRUTORA;OUTROS;2025-10-01;53,04;CONSTR NORDESTE|30 - ELETRODUTOS CORRUGADOS KRONA|OUTROS|OUT25
30 - ELETRODUTOS CORRUGADOS KRONA;CONSTR NORTE;CONSTRUTORA;CONSTRUTORA;2025-01-01;99,72;CONSTR NORTE|30 - ELETRODUTOS CORRUGADOS KRONA|CONSTRUTORA|JAN25
30 - ELETRODUTOS CORRUGADOS KRONA;CONSTR NORTE;CONSTRUTORA;CONSTRUTORA;2025-02-01;482,94;CONSTR NORTE|30 - ELETRODUTOS CORRUGADOS KRONA|CONSTRUTORA|FEV25
30 - ELETRODUTOS CORRUGADOS KRONA;CONSTR NORTE;CONSTRUTORA;CONSTRUTORA;2025-03-01;1640,14;CONSTR NORTE|30 - ELETRODUTOS CORRUGADOS KRONA|CONSTRUTORA|MAR25
30 - ELETRODUTOS CORRUGADOS KRONA;CONSTR NORTE;CONSTRUTORA;CONSTRUTORA;2025-04-01;856,11;CONSTR NORTE|30 - ELETRODUTOS CORRUGADOS KRONA|CONSTRUTORA|ABR25
30 - ELETRODUTOS CORRUGADOS KRONA;CONSTR NORTE;CONSTRUTORA;CONSTRUTORA;2025-05-01;1385,64;CONSTR NORTE|30 - ELETRODUTOS CORRUGADOS KRONA|CONSTRUTORA|MAI25
30 - ELETRODUTOS CORRUGADOS KRONA;CONSTR NORTE;CONSTRUTORA;CONSTRUTORA;2025-06-01;3715,17;CONSTR NORTE|30 - ELETRODUTOS CORRUGADOS KRONA|CONSTRUTORA|JUN25
30 - ELETRODUTOS CORRUGADOS KRONA;CONSTR NORTE;CONSTRUTORA;CONSTRUTORA;2025-07-01;3952,14;CONSTR NORTE|30 - ELETRODUTOS CORRUGADOS KRONA|CONSTRUTORA|JUL25
30 - ELETRODUTOS CORRUGADOS KRONA;CONSTR NORTE;CONSTRUTORA;CONSTRUTORA;2025-08-01;1252,05;CONSTR NORTE|30 - ELETRODUTOS CORRUGADOS KRONA|CONSTRUTORA|AGO25
30 - ELETRODUTOS CORRUGADOS KRONA;CONSTR NORTE;CONSTRUTORA;CONSTRUTORA;2025-09-01;1514,07;CONSTR NORTE|30 - ELETRODUTOS CORRUGADOS KRONA|CONSTRUTORA|SET25
30 - ELETRODUTOS CORRUGADOS KRONA;CONSTR NORTE;CONSTRUTORA;CONSTRUTORA;2025-10-01;1921,52;CONSTR NORTE|30 - ELETRODUTOS CORRUGADOS KRONA|CONSTRUTORA|OUT25
30 - ELETRODUTOS CORRUGADOS KRONA;CONSTR NORTE;CONSTRUTORA;CONSTRUTORA;2025-11-01;5080,76;CONSTR NORTE|30 - ELETRODUTOS CORRUGADOS KRONA|CONSTRUTORA|NOV25
30 - ELETRODUTOS CORRUGADOS KRONA;CONSTR NORTE;CONSTRUTORA;CONSTRUTORA;2025-12-01;4367,23;CONSTR NORTE|30 - ELETRODUTOS CORRUGADOS KRONA|CONSTRUTORA|DEZ25
30 - ELETRODUTOS CORRUGADOS KRONA;CONSTR SAO PAULO;CONSTRUTORA;CONSTRUTORA;2025-01-01;12268,00;CONSTR SAO PAULO|30 - ELETRODUTOS CORRUGADOS KRONA|CONSTRUTORA|JAN25
30 - ELETRODUTOS CORRUGADOS KRONA;CONSTR SAO PAULO;CONSTRUTORA;CONSTRUTORA;2025-02-01;39173,04;CONSTR SAO PAULO|30 - ELETRODUTOS CORRUGADOS KRONA|CONSTRUTORA|FEV25
30 - ELETRODUTOS CORRUGADOS KRONA;CONSTR SAO PAULO;CONSTRUTORA;CONSTRUTORA;2025-03-01;23501,67;CONSTR SAO PAULO|30 - ELETRODUTOS CORRUGADOS KRONA|CONSTRUTORA|MAR25
30 - ELETRODUTOS CORRUGADOS KRONA;CONSTR SAO PAULO;CONSTRUTORA;CONSTRUTORA;2025-04-01;35373,63;CONSTR SAO PAULO|30 - ELETRODUTOS CORRUGADOS KRONA|CONSTRUTORA|ABR25
30 - ELETRODUTOS CORRUGADOS KRONA;CONSTR SAO PAULO;CONSTRUTORA;CONSTRUTORA;2025-05-01;23833,49;CONSTR SAO PAULO|30 - ELETRODUTOS CORRUGADOS KRONA|CONSTRUTORA|MAI25
30 - ELETRODUTOS CORRUGADOS KRONA;CONSTR SAO PAULO;CONSTRUTORA;CONSTRUTORA;2025-06-01;52806,44;CONSTR SAO PAULO|30 - ELETRODUTOS CORRUGADOS KRONA|CONSTRUTORA|JUN25
30 - ELETRODUTOS CORRUGADOS KRONA;CONSTR SAO PAULO;CONSTRUTORA;CONSTRUTORA;2025-07-01;30524,78;CONSTR SAO PAULO|30 - ELETRODUTOS CORRUGADOS KRONA|CONSTRUTORA|JUL25
30 - ELETRODUTOS CORRUGADOS KRONA;CONSTR SAO PAULO;CONSTRUTORA;CONSTRUTORA;2025-08-01;58349,52;CONSTR SAO PAULO|30 - ELETRODUTOS CORRUGADOS KRONA|CONSTRUTORA|AGO25
30 - ELETRODUTOS CORRUGADOS KRONA;CONSTR SAO PAULO;CONSTRUTORA;CONSTRUTORA;2025-09-01;24575,48;CONSTR SAO PAULO|30 - ELETRODUTOS CORRUGADOS KRONA|CONSTRUTORA|SET25
30 - ELETRODUTOS CORRUGADOS KRONA;CONSTR SAO PAULO;CONSTRUTORA;CONSTRUTORA;2025-10-01;31780,25;CONSTR SAO PAULO|30 - ELETRODUTOS CORRUGADOS KRONA|CONSTRUTORA|OUT25
30 - ELETRODUTOS CORRUGADOS KRONA;CONSTR SAO PAULO;CONSTRUTORA;CONSTRUTORA;2025-11-01;42099,05;CONSTR SAO PAULO|30 - ELETRODUTOS CORRUGADOS KRONA|CONSTRUTORA|NOV25
30 - ELETRODUTOS CORRUGADOS KRONA;CONSTR SAO PAULO;CONSTRUTORA;CONSTRUTORA;2025-12-01;39678,76;CONSTR SAO PAULO|30 - ELETRODUTOS CORRUGADOS KRONA|CONSTRUTORA|DEZ25
30 - ELETRODUTOS CORRUGADOS KRONA;CONSTR SAO PAULO;CONSTRUTORA;VAREJO;2025-01-01;1,30;CONSTR SAO PAULO|30 - ELETRODUTOS CORRUGADOS KRONA|VAREJO|JAN25
30 - ELETRODUTOS CORRUGADOS KRONA;CONSTR SUDESTE;CONSTRUTORA;CONSTRUTORA;2025-01-01;2283,40;CONSTR SUDESTE|30 - ELETRODUTOS CORRUGADOS KRONA|CONSTRUTORA|JAN25
30 - ELETRODUTOS CORRUGADOS KRONA;CONSTR SUDESTE;CONSTRUTORA;CONSTRUTORA;2025-02-01;5951,62;CONSTR SUDESTE|30 - ELETRODUTOS CORRUGADOS KRONA|CONSTRUTORA|FEV25
30 - ELETRODUTOS CORRUGADOS KRONA;CONSTR SUDESTE;CONSTRUTORA;CONSTRUTORA;2025-03-01;4272,57;CONSTR SUDESTE|30 - ELETRODUTOS CORRUGADOS KRONA|CONSTRUTORA|MAR25
30 - ELETRODUTOS CORRUGADOS KRONA;CONSTR SUDESTE;CONSTRUTORA;CONSTRUTORA;2025-04-01;7222,94;CONSTR SUDESTE|30 - ELETRODUTOS CORRUGADOS KRONA|CONSTRUTORA|ABR25
30 - ELETRODUTOS CORRUGADOS KRONA;CONSTR SUDESTE;CONSTRUTORA;CONSTRUTORA;2025-05-01;6015,52;CONSTR SUDESTE|30 - ELETRODUTOS CORRUGADOS KRONA|CONSTRUTORA|MAI25
30 - ELETRODUTOS CORRUGADOS KRONA;CONSTR SUDESTE;CONSTRUTORA;CONSTRUTORA;2025-06-01;13216,89;CONSTR SUDESTE|30 - ELETRODUTOS CORRUGADOS KRONA|CONSTRUTORA|JUN25
30 - ELETRODUTOS CORRUGADOS KRONA;CONSTR SUDESTE;CONSTRUTORA;CONSTRUTORA;2025-07-01;14039,73;CONSTR SUDESTE|30 - ELETRODUTOS CORRUGADOS KRONA|CONSTRUTORA|JUL25
30 - ELETRODUTOS CORRUGADOS KRONA;CONSTR SUDESTE;CONSTRUTORA;CONSTRUTORA;2025-08-01;6688,44;CONSTR SUDESTE|30 - ELETRODUTOS CORRUGADOS KRONA|CONSTRUTORA|AGO25
30 - ELETRODUTOS CORRUGADOS KRONA;CONSTR SUDESTE;CONSTRUTORA;CONSTRUTORA;2025-09-01;6715,53;CONSTR SUDESTE|30 - ELETRODUTOS CORRUGADOS KRONA|CONSTRUTORA|SET25
30 - ELETRODUTOS CORRUGADOS KRONA;CONSTR SUDESTE;CONSTRUTORA;CONSTRUTORA;2025-10-01;13677,95;CONSTR SUDESTE|30 - ELETRODUTOS CORRUGADOS KRONA|CONSTRUTORA|OUT25
30 - ELETRODUTOS CORRUGADOS KRONA;CONSTR SUDESTE;CONSTRUTORA;CONSTRUTORA;2025-11-01;13616,73;CONSTR SUDESTE|30 - ELETRODUTOS CORRUGADOS KRONA|CONSTRUTORA|NOV25
30 - ELETRODUTOS CORRUGADOS KRONA;CONSTR SUDESTE;CONSTRUTORA;CONSTRUTORA;2025-12-01;13844,50;CONSTR SUDESTE|30 - ELETRODUTOS CORRUGADOS KRONA|CONSTRUTORA|DEZ25
30 - ELETRODUTOS CORRUGADOS KRONA;CONSTR SUL;CONSTRUTORA;CONSTRUTORA;2025-01-01;11414,20;CONSTR SUL|30 - ELETRODUTOS CORRUGADOS KRONA|CONSTRUTORA|JAN25
30 - ELETRODUTOS CORRUGADOS KRONA;CONSTR SUL;CONSTRUTORA;CONSTRUTORA;2025-02-01;26449,72;CONSTR SUL|30 - ELETRODUTOS CORRUGADOS KRONA|CONSTRUTORA|FEV25
30 - ELETRODUTOS CORRUGADOS KRONA;CONSTR SUL;CONSTRUTORA;CONSTRUTORA;2025-03-01;16009,80;CONSTR SUL|30 - ELETRODUTOS CORRUGADOS KRONA|CONSTRUTORA|MAR25
30 - ELETRODUTOS CORRUGADOS KRONA;CONSTR SUL;CONSTRUTORA;CONSTRUTORA;2025-04-01;25701,00;CONSTR SUL|30 - ELETRODUTOS CORRUGADOS KRONA|CONSTRUTORA|ABR25
30 - ELETRODUTOS CORRUGADOS KRONA;CONSTR SUL;CONSTRUTORA;CONSTRUTORA;2025-05-01;20773,47;CONSTR SUL|30 - ELETRODUTOS CORRUGADOS KRONA|CONSTRUTORA|MAI25
30 - ELETRODUTOS CORRUGADOS KRONA;CONSTR SUL;CONSTRUTORA;CONSTRUTORA;2025-06-01;32258,24;CONSTR SUL|30 - ELETRODUTOS CORRUGADOS KRONA|CONSTRUTORA|JUN25
30 - ELETRODUTOS CORRUGADOS KRONA;CONSTR SUL;CONSTRUTORA;CONSTRUTORA;2025-07-01;28564,35;CONSTR SUL|30 - ELETRODUTOS CORRUGADOS KRONA|CONSTRUTORA|JUL25
30 - ELETRODUTOS CORRUGADOS KRONA;CONSTR SUL;CONSTRUTORA;CONSTRUTORA;2025-08-01;43662,30;CONSTR SUL|30 - ELETRODUTOS CORRUGADOS KRONA|CONSTRUTORA|AGO25
30 - ELETRODUTOS CORRUGADOS KRONA;CONSTR SUL;CONSTRUTORA;CONSTRUTORA;2025-09-01;28199,45;CONSTR SUL|30 - ELETRODUTOS CORRUGADOS KRONA|CONSTRUTORA|SET25
30 - ELETRODUTOS CORRUGADOS KRONA;CONSTR SUL;CONSTRUTORA;CONSTRUTORA;2025-10-01;28890,78;CONSTR SUL|30 - ELETRODUTOS CORRUGADOS KRONA|CONSTRUTORA|OUT25
30 - ELETRODUTOS CORRUGADOS KRONA;CONSTR SUL;CONSTRUTORA;CONSTRUTORA;2025-11-01;27129,59;CONSTR SUL|30 - ELETRODUTOS CORRUGADOS KRONA|CONSTRUTORA|NOV25
30 - ELETRODUTOS CORRUGADOS KRONA;CONSTR SUL;CONSTRUTORA;CONSTRUTORA;2025-12-01;25298,56;CONSTR SUL|30 - ELETRODUTOS CORRUGADOS KRONA|CONSTRUTORA|DEZ25
30 - ELETRODUTOS CORRUGADOS KRONA;CONSTR SUL;CONSTRUTORA;VAREJO;2025-01-01;34,66;CONSTR SUL|30 - ELETRODUTOS CORRUGADOS KRONA|VAREJO|JAN25
30 - ELETRODUTOS CORRUGADOS KRONA;CONSTR SUL;CONSTRUTORA;VAREJO;2025-02-01;16,25;CONSTR SUL|30 - ELETRODUTOS CORRUGADOS KRONA|VAREJO|FEV25
30 - ELETRODUTOS CORRUGADOS KRONA;CONSTR SUL;CONSTRUTORA;VAREJO;2025-03-01;33,50;CONSTR SUL|30 - ELETRODUTOS CORRUGADOS KRONA|VAREJO|MAR25
30 - ELETRODUTOS CORRUGADOS KRONA;CONSTR SUL;CONSTRUTORA;VAREJO;2025-04-01;1,53;CONSTR SUL|30 - ELETRODUTOS CORRUGADOS KRONA|VAREJO|ABR25
30 - ELETRODUTOS CORRUGADOS KRONA;EXPORTACAO;EXPORTACAO;EXPORTACAO;2025-02-01;915,36;EXPORTACAO|30 - ELETRODUTOS CORRUGADOS KRONA|EXPORTACAO|FEV25
30 - ELETRODUTOS CORRUGADOS KRONA;EXPORTACAO;EXPORTACAO;EXPORTACAO;2025-03-01;1344,00;EXPORTACAO|30 - ELETRODUTOS CORRUGADOS KRONA|EXPORTACAO|MAR25
30 - ELETRODUTOS CORRUGADOS KRONA;EXPORTACAO;EXPORTACAO;EXPORTACAO;2025-05-01;552,00;EXPORTACAO|30 - ELETRODUTOS CORRUGADOS KRONA|EXPORTACAO|MAI25
30 - ELETRODUTOS CORRUGADOS KRONA;EXPORTACAO;EXPORTACAO;EXPORTACAO;2025-06-01;648,80;EXPORTACAO|30 - ELETRODUTOS CORRUGADOS KRONA|EXPORTACAO|JUN25
30 - ELETRODUTOS CORRUGADOS KRONA;EXPORTACAO;EXPORTACAO;EXPORTACAO;2025-08-01;5497,00;EXPORTACAO|30 - ELETRODUTOS CORRUGADOS KRONA|EXPORTACAO|AGO25
30 - ELETRODUTOS CORRUGADOS KRONA;EXPORTACAO;EXPORTACAO;EXPORTACAO;2025-09-01;921,90;EXPORTACAO|30 - ELETRODUTOS CORRUGADOS KRONA|EXPORTACAO|SET25
30 - ELETRODUTOS CORRUGADOS KRONA;EXPORTACAO;EXPORTACAO;EXPORTACAO;2025-12-01;4779,88;EXPORTACAO|30 - ELETRODUTOS CORRUGADOS KRONA|EXPORTACAO|DEZ25
30 - ELETRODUTOS CORRUGADOS KRONA;IRRIGACAO 1;IRRIGACAO;IRRIGACAO;2025-01-01;124,88;IRRIGACAO 1|30 - ELETRODUTOS CORRUGADOS KRONA|IRRIGACAO|JAN25
30 - ELETRODUTOS CORRUGADOS KRONA;IRRIGACAO 1;IRRIGACAO;IRRIGACAO;2025-03-01;32,16;IRRIGACAO 1|30 - ELETRODUTOS CORRUGADOS KRONA|IRRIGACAO|MAR25
30 - ELETRODUTOS CORRUGADOS KRONA;IRRIGACAO 1;IRRIGACAO;IRRIGACAO;2025-04-01;3,12;IRRIGACAO 1|30 - ELETRODUTOS CORRUGADOS KRONA|IRRIGACAO|ABR25
30 - ELETRODUTOS CORRUGADOS KRONA;IRRIGACAO 1;IRRIGACAO;IRRIGACAO;2025-06-01;195,20;IRRIGACAO 1|30 - ELETRODUTOS CORRUGADOS KRONA|IRRIGACAO|JUN25
30 - ELETRODUTOS CORRUGADOS KRONA;IRRIGACAO 1;IRRIGACAO;IRRIGACAO;2025-09-01;431,90;IRRIGACAO 1|30 - ELETRODUTOS CORRUGADOS KRONA|IRRIGACAO|SET25
30 - ELETRODUTOS CORRUGADOS KRONA;IRRIGACAO 1;IRRIGACAO;IRRIGACAO;2025-10-01;124,80;IRRIGACAO 1|30 - ELETRODUTOS CORRUGADOS KRONA|IRRIGACAO|OUT25
30 - ELETRODUTOS CORRUGADOS KRONA;IRRIGACAO 1;IRRIGACAO;IRRIGACAO;2025-11-01;11,82;IRRIGACAO 1|30 - ELETRODUTOS CORRUGADOS KRONA|IRRIGACAO|NOV25
30 - ELETRODUTOS CORRUGADOS KRONA;IRRIGACAO 1;IRRIGACAO;IRRIGACAO;2025-12-01;15,60;IRRIGACAO 1|30 - ELETRODUTOS CORRUGADOS KRONA|IRRIGACAO|DEZ25
30 - ELETRODUTOS CORRUGADOS KRONA;IRRIGACAO 2;IRRIGACAO;IRRIGACAO;2025-05-01;2,28;IRRIGACAO 2|30 - ELETRODUTOS CORRUGADOS KRONA|IRRIGACAO|MAI25
30 - ELETRODUTOS CORRUGADOS KRONA;IRRIGACAO 2;IRRIGACAO;IRRIGACAO;2025-07-01;82,35;IRRIGACAO 2|30 - ELETRODUTOS CORRUGADOS KRONA|IRRIGACAO|JUL25
30 - ELETRODUTOS CORRUGADOS KRONA;IRRIGACAO 2;IRRIGACAO;IRRIGACAO;2025-11-01;147,90;IRRIGACAO 2|30 - ELETRODUTOS CORRUGADOS KRONA|IRRIGACAO|NOV25
30 - ELETRODUTOS CORRUGADOS KRONA;MINAS GERAIS;MINAS RJ/ES;ATACADO;2025-01-01;115731,88;MINAS GERAIS|30 - ELETRODUTOS CORRUGADOS KRONA|ATACADO|JAN25
30 - ELETRODUTOS CORRUGADOS KRONA;MINAS GERAIS;MINAS RJ/ES;ATACADO;2025-02-01;11716,58;MINAS GERAIS|30 - ELETRODUTOS CORRUGADOS KRONA|ATACADO|FEV25
30 - ELETRODUTOS CORRUGADOS KRONA;MINAS GERAIS;MINAS RJ/ES;ATACADO;2025-03-01;84623,83;MINAS GERAIS|30 - ELETRODUTOS CORRUGADOS KRONA|ATACADO|MAR25
30 - ELETRODUTOS CORRUGADOS KRONA;MINAS GERAIS;MINAS RJ/ES;ATACADO;2025-04-01;25608,56;MINAS GERAIS|30 - ELETRODUTOS CORRUGADOS KRONA|ATACADO|ABR25
30 - ELETRODUTOS CORRUGADOS KRONA;MINAS GERAIS;MINAS RJ/ES;ATACADO;2025-05-01;33518,78;MINAS GERAIS|30 - ELETRODUTOS CORRUGADOS KRONA|ATACADO|MAI25
30 - ELETRODUTOS CORRUGADOS KRONA;MINAS GERAIS;MINAS RJ/ES;ATACADO;2025-06-01;208543,27;MINAS GERAIS|30 - ELETRODUTOS CORRUGADOS KRONA|ATACADO|JUN25
30 - ELETRODUTOS CORRUGADOS KRONA;MINAS GERAIS;MINAS RJ/ES;ATACADO;2025-07-01;12729,63;MINAS GERAIS|30 - ELETRODUTOS CORRUGADOS KRONA|ATACADO|JUL25
30 - ELETRODUTOS CORRUGADOS KRONA;MINAS GERAIS;MINAS RJ/ES;ATACADO;2025-08-01;147158,39;MINAS GERAIS|30 - ELETRODUTOS CORRUGADOS KRONA|ATACADO|AGO25
30 - ELETRODUTOS CORRUGADOS KRONA;MINAS GERAIS;MINAS RJ/ES;ATACADO;2025-09-01;178381,83;MINAS GERAIS|30 - ELETRODUTOS CORRUGADOS KRONA|ATACADO|SET25
30 - ELETRODUTOS CORRUGADOS KRONA;MINAS GERAIS;MINAS RJ/ES;ATACADO;2025-10-01;63161,98;MINAS GERAIS|30 - ELETRODUTOS CORRUGADOS KRONA|ATACADO|OUT25
30 - ELETRODUTOS CORRUGADOS KRONA;MINAS GERAIS;MINAS RJ/ES;ATACADO;2025-11-01;102907,85;MINAS GERAIS|30 - ELETRODUTOS CORRUGADOS KRONA|ATACADO|NOV25
30 - ELETRODUTOS CORRUGADOS KRONA;MINAS GERAIS;MINAS RJ/ES;ATACADO;2025-12-01;86329,97;MINAS GERAIS|30 - ELETRODUTOS CORRUGADOS KRONA|ATACADO|DEZ25
30 - ELETRODUTOS CORRUGADOS KRONA;MINAS GERAIS;MINAS RJ/ES;OUTROS;2025-04-01;18,72;MINAS GERAIS|30 - ELETRODUTOS CORRUGADOS KRONA|OUTROS|ABR25
30 - ELETRODUTOS CORRUGADOS KRONA;MINAS GERAIS;MINAS RJ/ES;VAREJO;2025-01-01;9613,85;MINAS GERAIS|30 - ELETRODUTOS CORRUGADOS KRONA|VAREJO|JAN25
30 - ELETRODUTOS CORRUGADOS KRONA;MINAS GERAIS;MINAS RJ/ES;VAREJO;2025-02-01;24914,35;MINAS GERAIS|30 - ELETRODUTOS CORRUGADOS KRONA|VAREJO|FEV25
30 - ELETRODUTOS CORRUGADOS KRONA;MINAS GERAIS;MINAS RJ/ES;VAREJO;2025-03-01;17472,30;MINAS GERAIS|30 - ELETRODUTOS CORRUGADOS KRONA|VAREJO|MAR25
30 - ELETRODUTOS CORRUGADOS KRONA;MINAS GERAIS;MINAS RJ/ES;VAREJO;2025-04-01;28726,13;MINAS GERAIS|30 - ELETRODUTOS CORRUGADOS KRONA|VAREJO|ABR25
30 - ELETRODUTOS CORRUGADOS KRONA;MINAS GERAIS;MINAS RJ/ES;VAREJO;2025-05-01;18592,21;MINAS GERAIS|30 - ELETRODUTOS CORRUGADOS KRONA|VAREJO|MAI25
30 - ELETRODUTOS CORRUGADOS KRONA;MINAS GERAIS;MINAS RJ/ES;VAREJO;2025-06-01;58462,22;MINAS GERAIS|30 - ELETRODUTOS CORRUGADOS KRONA|VAREJO|JUN25
30 - ELETRODUTOS CORRUGADOS KRONA;MINAS GERAIS;MINAS RJ/ES;VAREJO;2025-07-01;35641,39;MINAS GERAIS|30 - ELETRODUTOS CORRUGADOS KRONA|VAREJO|JUL25
30 - ELETRODUTOS CORRUGADOS KRONA;MINAS GERAIS;MINAS RJ/ES;VAREJO;2025-08-01;17254,37;MINAS GERAIS|30 - ELETRODUTOS CORRUGADOS KRONA|VAREJO|AGO25
30 - ELETRODUTOS CORRUGADOS KRONA;MINAS GERAIS;MINAS RJ/ES;VAREJO;2025-09-01;34081,40;MINAS GERAIS|30 - ELETRODUTOS CORRUGADOS KRONA|VAREJO|SET25
30 - ELETRODUTOS CORRUGADOS KRONA;MINAS GERAIS;MINAS RJ/ES;VAREJO;2025-10-01;31522,58;MINAS GERAIS|30 - ELETRODUTOS CORRUGADOS KRONA|VAREJO|OUT25
30 - ELETRODUTOS CORRUGADOS KRONA;MINAS GERAIS;MINAS RJ/ES;VAREJO;2025-11-01;28289,34;MINAS GERAIS|30 - ELETRODUTOS CORRUGADOS KRONA|VAREJO|NOV25
30 - ELETRODUTOS CORRUGADOS KRONA;MINAS GERAIS;MINAS RJ/ES;VAREJO;2025-12-01;39355,37;MINAS GERAIS|30 - ELETRODUTOS CORRUGADOS KRONA|VAREJO|DEZ25
30 - ELETRODUTOS CORRUGADOS KRONA;NORDESTE 1;NORDESTE;ATACADO;2025-01-01;3253,19;NORDESTE 1|30 - ELETRODUTOS CORRUGADOS KRONA|ATACADO|JAN25
30 - ELETRODUTOS CORRUGADOS KRONA;NORDESTE 1;NORDESTE;ATACADO;2025-02-01;727,62;NORDESTE 1|30 - ELETRODUTOS CORRUGADOS KRONA|ATACADO|FEV25
30 - ELETRODUTOS CORRUGADOS KRONA;NORDESTE 1;NORDESTE;ATACADO;2025-03-01;3120,00;NORDESTE 1|30 - ELETRODUTOS CORRUGADOS KRONA|ATACADO|MAR25
30 - ELETRODUTOS CORRUGADOS KRONA;NORDESTE 1;NORDESTE;ATACADO;2025-04-01;12799,79;NORDESTE 1|30 - ELETRODUTOS CORRUGADOS KRONA|ATACADO|ABR25
30 - ELETRODUTOS CORRUGADOS KRONA;NORDESTE 1;NORDESTE;ATACADO;2025-05-01;20958,21;NORDESTE 1|30 - ELETRODUTOS CORRUGADOS KRONA|ATACADO|MAI25
30 - ELETRODUTOS CORRUGADOS KRONA;NORDESTE 1;NORDESTE;ATACADO;2025-06-01;24663,14;NORDESTE 1|30 - ELETRODUTOS CORRUGADOS KRONA|ATACADO|JUN25
30 - ELETRODUTOS CORRUGADOS KRONA;NORDESTE 1;NORDESTE;ATACADO;2025-08-01;32204,80;NORDESTE 1|30 - ELETRODUTOS CORRUGADOS KRONA|ATACADO|AGO25
30 - ELETRODUTOS CORRUGADOS KRONA;NORDESTE 1;NORDESTE;ATACADO;2025-09-01;4089,17;NORDESTE 1|30 - ELETRODUTOS CORRUGADOS KRONA|ATACADO|SET25
30 - ELETRODUTOS CORRUGADOS KRONA;NORDESTE 1;NORDESTE;ATACADO;2025-10-01;9397,45;NORDESTE 1|30 - ELETRODUTOS CORRUGADOS KRONA|ATACADO|OUT25
30 - ELETRODUTOS CORRUGADOS KRONA;NORDESTE 1;NORDESTE;ATACADO;2025-11-01;28719,10;NORDESTE 1|30 - ELETRODUTOS CORRUGADOS KRONA|ATACADO|NOV25
30 - ELETRODUTOS CORRUGADOS KRONA;NORDESTE 1;NORDESTE;ATACADO;2025-12-01;35709,40;NORDESTE 1|30 - ELETRODUTOS CORRUGADOS KRONA|ATACADO|DEZ25
30 - ELETRODUTOS CORRUGADOS KRONA;NORDESTE 1;NORDESTE;OUTROS;2025-09-01;312,00;NORDESTE 1|30 - ELETRODUTOS CORRUGADOS KRONA|OUTROS|SET25
30 - ELETRODUTOS CORRUGADOS KRONA;NORDESTE 1;NORDESTE;VAREJO;2025-01-01;6652,91;NORDESTE 1|30 - ELETRODUTOS CORRUGADOS KRONA|VAREJO|JAN25
30 - ELETRODUTOS CORRUGADOS KRONA;NORDESTE 1;NORDESTE;VAREJO;2025-02-01;6412,73;NORDESTE 1|30 - ELETRODUTOS CORRUGADOS KRONA|VAREJO|FEV25
30 - ELETRODUTOS CORRUGADOS KRONA;NORDESTE 1;NORDESTE;VAREJO;2025-03-01;9283,17;NORDESTE 1|30 - ELETRODUTOS CORRUGADOS KRONA|VAREJO|MAR25
30 - ELETRODUTOS CORRUGADOS KRONA;NORDESTE 1;NORDESTE;VAREJO;2025-04-01;16005,92;NORDESTE 1|30 - ELETRODUTOS CORRUGADOS KRONA|VAREJO|ABR25
30 - ELETRODUTOS CORRUGADOS KRONA;NORDESTE 1;NORDESTE;VAREJO;2025-05-01;14302,51;NORDESTE 1|30 - ELETRODUTOS CORRUGADOS KRONA|VAREJO|MAI25
30 - ELETRODUTOS CORRUGADOS KRONA;NORDESTE 1;NORDESTE;VAREJO;2025-06-01;17068,84;NORDESTE 1|30 - ELETRODUTOS CORRUGADOS KRONA|VAREJO|JUN25
30 - ELETRODUTOS CORRUGADOS KRONA;NORDESTE 1;NORDESTE;VAREJO;2025-07-01;5841,81;NORDESTE 1|30 - ELETRODUTOS CORRUGADOS KRONA|VAREJO|JUL25
30 - ELETRODUTOS CORRUGADOS KRONA;NORDESTE 1;NORDESTE;VAREJO;2025-08-01;10594,31;NORDESTE 1|30 - ELETRODUTOS CORRUGADOS KRONA|VAREJO|AGO25
30 - ELETRODUTOS CORRUGADOS KRONA;NORDESTE 1;NORDESTE;VAREJO;2025-09-01;8650,11;NORDESTE 1|30 - ELETRODUTOS CORRUGADOS KRONA|VAREJO|SET25
30 - ELETRODUTOS CORRUGADOS KRONA;NORDESTE 1;NORDESTE;VAREJO;2025-10-01;5244,04;NORDESTE 1|30 - ELETRODUTOS CORRUGADOS KRONA|VAREJO|OUT25
30 - ELETRODUTOS CORRUGADOS KRONA;NORDESTE 1;NORDESTE;VAREJO;2025-11-01;10743,60;NORDESTE 1|30 - ELETRODUTOS CORRUGADOS KRONA|VAREJO|NOV25
30 - ELETRODUTOS CORRUGADOS KRONA;NORDESTE 1;NORDESTE;VAREJO;2025-12-01;9951,21;NORDESTE 1|30 - ELETRODUTOS CORRUGADOS KRONA|VAREJO|DEZ25
30 - ELETRODUTOS CORRUGADOS KRONA;NORDESTE 2;NORDESTE;ATACADO;2025-01-01;19077,85;NORDESTE 2|30 - ELETRODUTOS CORRUGADOS KRONA|ATACADO|JAN25
30 - ELETRODUTOS CORRUGADOS KRONA;NORDESTE 2;NORDESTE;ATACADO;2025-02-01;17984,64;NORDESTE 2|30 - ELETRODUTOS CORRUGADOS KRONA|ATACADO|FEV25
30 - ELETRODUTOS CORRUGADOS KRONA;NORDESTE 2;NORDESTE;ATACADO;2025-03-01;8414,44;NORDESTE 2|30 - ELETRODUTOS CORRUGADOS KRONA|ATACADO|MAR25
30 - ELETRODUTOS CORRUGADOS KRONA;NORDESTE 2;NORDESTE;ATACADO;2025-04-01;31211,18;NORDESTE 2|30 - ELETRODUTOS CORRUGADOS KRONA|ATACADO|ABR25
30 - ELETRODUTOS CORRUGADOS KRONA;NORDESTE 2;NORDESTE;ATACADO;2025-05-01;40058,31;NORDESTE 2|30 - ELETRODUTOS CORRUGADOS KRONA|ATACADO|MAI25
30 - ELETRODUTOS CORRUGADOS KRONA;NORDESTE 2;NORDESTE;ATACADO;2025-06-01;33483,25;NORDESTE 2|30 - ELETRODUTOS CORRUGADOS KRONA|ATACADO|JUN25
30 - ELETRODUTOS CORRUGADOS KRONA;NORDESTE 2;NORDESTE;ATACADO;2025-07-01;31361,63;NORDESTE 2|30 - ELETRODUTOS CORRUGADOS KRONA|ATACADO|JUL25
30 - ELETRODUTOS CORRUGADOS KRONA;NORDESTE 2;NORDESTE;ATACADO;2025-08-01;35712,92;NORDESTE 2|30 - ELETRODUTOS CORRUGADOS KRONA|ATACADO|AGO25
30 - ELETRODUTOS CORRUGADOS KRONA;NORDESTE 2;NORDESTE;ATACADO;2025-09-01;15602,53;NORDESTE 2|30 - ELETRODUTOS CORRUGADOS KRONA|ATACADO|SET25
30 - ELETRODUTOS CORRUGADOS KRONA;NORDESTE 2;NORDESTE;ATACADO;2025-10-01;28056,01;NORDESTE 2|30 - ELETRODUTOS CORRUGADOS KRONA|ATACADO|OUT25
30 - ELETRODUTOS CORRUGADOS KRONA;NORDESTE 2;NORDESTE;ATACADO;2025-11-01;12787,95;NORDESTE 2|30 - ELETRODUTOS CORRUGADOS KRONA|ATACADO|NOV25
30 - ELETRODUTOS CORRUGADOS KRONA;NORDESTE 2;NORDESTE;ATACADO;2025-12-01;32301,95;NORDESTE 2|30 - ELETRODUTOS CORRUGADOS KRONA|ATACADO|DEZ25
30 - ELETRODUTOS CORRUGADOS KRONA;NORDESTE 2;NORDESTE;VAREJO;2025-01-01;3944,35;NORDESTE 2|30 - ELETRODUTOS CORRUGADOS KRONA|VAREJO|JAN25
30 - ELETRODUTOS CORRUGADOS KRONA;NORDESTE 2;NORDESTE;VAREJO;2025-02-01;6067,43;NORDESTE 2|30 - ELETRODUTOS CORRUGADOS KRONA|VAREJO|FEV25
30 - ELETRODUTOS CORRUGADOS KRONA;NORDESTE 2;NORDESTE;VAREJO;2025-03-01;8712,11;NORDESTE 2|30 - ELETRODUTOS CORRUGADOS KRONA|VAREJO|MAR25
30 - ELETRODUTOS CORRUGADOS KRONA;NORDESTE 2;NORDESTE;VAREJO;2025-04-01;11352,76;NORDESTE 2|30 - ELETRODUTOS CORRUGADOS KRONA|VAREJO|ABR25
30 - ELETRODUTOS CORRUGADOS KRONA;NORDESTE 2;NORDESTE;VAREJO;2025-05-01;16686,69;NORDESTE 2|30 - ELETRODUTOS CORRUGADOS KRONA|VAREJO|MAI25
30 - ELETRODUTOS CORRUGADOS KRONA;NORDESTE 2;NORDESTE;VAREJO;2025-06-01;38254,50;NORDESTE 2|30 - ELETRODUTOS CORRUGADOS KRONA|VAREJO|JUN25
30 - ELETRODUTOS CORRUGADOS KRONA;NORDESTE 2;NORDESTE;VAREJO;2025-07-01;9242,67;NORDESTE 2|30 - ELETRODUTOS CORRUGADOS KRONA|VAREJO|JUL25
30 - ELETRODUTOS CORRUGADOS KRONA;NORDESTE 2;NORDESTE;VAREJO;2025-08-01;23218,78;NORDESTE 2|30 - ELETRODUTOS CORRUGADOS KRONA|VAREJO|AGO25
30 - ELETRODUTOS CORRUGADOS KRONA;NORDESTE 2;NORDESTE;VAREJO;2025-09-01;6920,97;NORDESTE 2|30 - ELETRODUTOS CORRUGADOS KRONA|VAREJO|SET25
30 - ELETRODUTOS CORRUGADOS KRONA;NORDESTE 2;NORDESTE;VAREJO;2025-10-01;12071,31;NORDESTE 2|30 - ELETRODUTOS CORRUGADOS KRONA|VAREJO|OUT25
30 - ELETRODUTOS CORRUGADOS KRONA;NORDESTE 2;NORDESTE;VAREJO;2025-11-01;7184,16;NORDESTE 2|30 - ELETRODUTOS CORRUGADOS KRONA|VAREJO|NOV25
30 - ELETRODUTOS CORRUGADOS KRONA;NORDESTE 2;NORDESTE;VAREJO;2025-12-01;16528,15;NORDESTE 2|30 - ELETRODUTOS CORRUGADOS KRONA|VAREJO|DEZ25
30 - ELETRODUTOS CORRUGADOS KRONA;NORDESTE 3;NORDESTE;ATACADO;2025-01-01;22809,70;NORDESTE 3|30 - ELETRODUTOS CORRUGADOS KRONA|ATACADO|JAN25
30 - ELETRODUTOS CORRUGADOS KRONA;NORDESTE 3;NORDESTE;ATACADO;2025-02-01;16164,90;NORDESTE 3|30 - ELETRODUTOS CORRUGADOS KRONA|ATACADO|FEV25
30 - ELETRODUTOS CORRUGADOS KRONA;NORDESTE 3;NORDESTE;ATACADO;2025-03-01;36522,17;NORDESTE 3|30 - ELETRODUTOS CORRUGADOS KRONA|ATACADO|MAR25
30 - ELETRODUTOS CORRUGADOS KRONA;NORDESTE 3;NORDESTE;ATACADO;2025-04-01;35618,85;NORDESTE 3|30 - ELETRODUTOS CORRUGADOS KRONA|ATACADO|ABR25
30 - ELETRODUTOS CORRUGADOS KRONA;NORDESTE 3;NORDESTE;ATACADO;2025-05-01;23906,72;NORDESTE 3|30 - ELETRODUTOS CORRUGADOS KRONA|ATACADO|MAI25
30 - ELETRODUTOS CORRUGADOS KRONA;NORDESTE 3;NORDESTE;ATACADO;2025-06-01;33635,96;NORDESTE 3|30 - ELETRODUTOS CORRUGADOS KRONA|ATACADO|JUN25
30 - ELETRODUTOS CORRUGADOS KRONA;NORDESTE 3;NORDESTE;ATACADO;2025-07-01;8944,88;NORDESTE 3|30 - ELETRODUTOS CORRUGADOS KRONA|ATACADO|JUL25
30 - ELETRODUTOS CORRUGADOS KRONA;NORDESTE 3;NORDESTE;ATACADO;2025-08-01;77251,97;NORDESTE 3|30 - ELETRODUTOS CORRUGADOS KRONA|ATACADO|AGO25
30 - ELETRODUTOS CORRUGADOS KRONA;NORDESTE 3;NORDESTE;ATACADO;2025-09-01;28727,78;NORDESTE 3|30 - ELETRODUTOS CORRUGADOS KRONA|ATACADO|SET25
30 - ELETRODUTOS CORRUGADOS KRONA;NORDESTE 3;NORDESTE;ATACADO;2025-10-01;45054,14;NORDESTE 3|30 - ELETRODUTOS CORRUGADOS KRONA|ATACADO|OUT25
30 - ELETRODUTOS CORRUGADOS KRONA;NORDESTE 3;NORDESTE;ATACADO;2025-11-01;42966,98;NORDESTE 3|30 - ELETRODUTOS CORRUGADOS KRONA|ATACADO|NOV25
30 - ELETRODUTOS CORRUGADOS KRONA;NORDESTE 3;NORDESTE;ATACADO;2025-12-01;67886,28;NORDESTE 3|30 - ELETRODUTOS CORRUGADOS KRONA|ATACADO|DEZ25
30 - ELETRODUTOS CORRUGADOS KRONA;NORDESTE 3;NORDESTE;OUTROS;2025-07-01;31,20;NORDESTE 3|30 - ELETRODUTOS CORRUGADOS KRONA|OUTROS|JUL25
30 - ELETRODUTOS CORRUGADOS KRONA;NORDESTE 3;NORDESTE;VAREJO;2025-01-01;19012,14;NORDESTE 3|30 - ELETRODUTOS CORRUGADOS KRONA|VAREJO|JAN25
30 - ELETRODUTOS CORRUGADOS KRONA;NORDESTE 3;NORDESTE;VAREJO;2025-02-01;11572,40;NORDESTE 3|30 - ELETRODUTOS CORRUGADOS KRONA|VAREJO|FEV25
30 - ELETRODUTOS CORRUGADOS KRONA;NORDESTE 3;NORDESTE;VAREJO;2025-03-01;31214,74;NORDESTE 3|30 - ELETRODUTOS CORRUGADOS KRONA|VAREJO|MAR25
30 - ELETRODUTOS CORRUGADOS KRONA;NORDESTE 3;NORDESTE;VAREJO;2025-04-01;38279,37;NORDESTE 3|30 - ELETRODUTOS CORRUGADOS KRONA|VAREJO|ABR25
30 - ELETRODUTOS CORRUGADOS KRONA;NORDESTE 3;NORDESTE;VAREJO;2025-05-01;28383,95;NORDESTE 3|30 - ELETRODUTOS CORRUGADOS KRONA|VAREJO|MAI25
30 - ELETRODUTOS CORRUGADOS KRONA;NORDESTE 3;NORDESTE;VAREJO;2025-06-01;58721,09;NORDESTE 3|30 - ELETRODUTOS CORRUGADOS KRONA|VAREJO|JUN25
30 - ELETRODUTOS CORRUGADOS KRONA;NORDESTE 3;NORDESTE;VAREJO;2025-07-01;33605,10;NORDESTE 3|30 - ELETRODUTOS CORRUGADOS KRONA|VAREJO|JUL25
30 - ELETRODUTOS CORRUGADOS KRONA;NORDESTE 3;NORDESTE;VAREJO;2025-08-01;24684,16;NORDESTE 3|30 - ELETRODUTOS CORRUGADOS KRONA|VAREJO|AGO25
30 - ELETRODUTOS CORRUGADOS KRONA;NORDESTE 3;NORDESTE;VAREJO;2025-09-01;23715,89;NORDESTE 3|30 - ELETRODUTOS CORRUGADOS KRONA|VAREJO|SET25
30 - ELETRODUTOS CORRUGADOS KRONA;NORDESTE 3;NORDESTE;VAREJO;2025-10-01;24295,40;NORDESTE 3|30 - ELETRODUTOS CORRUGADOS KRONA|VAREJO|OUT25
30 - ELETRODUTOS CORRUGADOS KRONA;NORDESTE 3;NORDESTE;VAREJO;2025-11-01;31077,62;NORDESTE 3|30 - ELETRODUTOS CORRUGADOS KRONA|VAREJO|NOV25
30 - ELETRODUTOS CORRUGADOS KRONA;NORDESTE 3;NORDESTE;VAREJO;2025-12-01;27927,94;NORDESTE 3|30 - ELETRODUTOS CORRUGADOS KRONA|VAREJO|DEZ25
30 - ELETRODUTOS CORRUGADOS KRONA;NORTE;CO NO;ATACADO;2025-01-01;1009,50;NORTE|30 - ELETRODUTOS CORRUGADOS KRONA|ATACADO|JAN25
30 - ELETRODUTOS CORRUGADOS KRONA;NORTE;CO NO;ATACADO;2025-02-01;848,32;NORTE|30 - ELETRODUTOS CORRUGADOS KRONA|ATACADO|FEV25
30 - ELETRODUTOS CORRUGADOS KRONA;NORTE;CO NO;ATACADO;2025-03-01;5888,06;NORTE|30 - ELETRODUTOS CORRUGADOS KRONA|ATACADO|MAR25
30 - ELETRODUTOS CORRUGADOS KRONA;NORTE;CO NO;ATACADO;2025-04-01;64,68;NORTE|30 - ELETRODUTOS CORRUGADOS KRONA|ATACADO|ABR25
30 - ELETRODUTOS CORRUGADOS KRONA;NORTE;CO NO;ATACADO;2025-05-01;4654,47;NORTE|30 - ELETRODUTOS CORRUGADOS KRONA|ATACADO|MAI25
30 - ELETRODUTOS CORRUGADOS KRONA;NORTE;CO NO;ATACADO;2025-06-01;18791,70;NORTE|30 - ELETRODUTOS CORRUGADOS KRONA|ATACADO|JUN25
30 - ELETRODUTOS CORRUGADOS KRONA;NORTE;CO NO;ATACADO;2025-07-01;1910,75;NORTE|30 - ELETRODUTOS CORRUGADOS KRONA|ATACADO|JUL25
30 - ELETRODUTOS CORRUGADOS KRONA;NORTE;CO NO;ATACADO;2025-08-01;5300,50;NORTE|30 - ELETRODUTOS CORRUGADOS KRONA|ATACADO|AGO25
30 - ELETRODUTOS CORRUGADOS KRONA;NORTE;CO NO;ATACADO;2025-09-01;748,47;NORTE|30 - ELETRODUTOS CORRUGADOS KRONA|ATACADO|SET25
30 - ELETRODUTOS CORRUGADOS KRONA;NORTE;CO NO;ATACADO;2025-10-01;7892,89;NORTE|30 - ELETRODUTOS CORRUGADOS KRONA|ATACADO|OUT25
30 - ELETRODUTOS CORRUGADOS KRONA;NORTE;CO NO;ATACADO;2025-11-01;1046,25;NORTE|30 - ELETRODUTOS CORRUGADOS KRONA|ATACADO|NOV25
30 - ELETRODUTOS CORRUGADOS KRONA;NORTE;CO NO;ATACADO;2025-12-01;7221,05;NORTE|30 - ELETRODUTOS CORRUGADOS KRONA|ATACADO|DEZ25
30 - ELETRODUTOS CORRUGADOS KRONA;NORTE;CO NO;VAREJO;2025-01-01;6210,72;NORTE|30 - ELETRODUTOS CORRUGADOS KRONA|VAREJO|JAN25
30 - ELETRODUTOS CORRUGADOS KRONA;NORTE;CO NO;VAREJO;2025-02-01;8651,90;NORTE|30 - ELETRODUTOS CORRUGADOS KRONA|VAREJO|FEV25
30 - ELETRODUTOS CORRUGADOS KRONA;NORTE;CO NO;VAREJO;2025-03-01;6104,44;NORTE|30 - ELETRODUTOS CORRUGADOS KRONA|VAREJO|MAR25
30 - ELETRODUTOS CORRUGADOS KRONA;NORTE;CO NO;VAREJO;2025-04-01;4657,05;NORTE|30 - ELETRODUTOS CORRUGADOS KRONA|VAREJO|ABR25
30 - ELETRODUTOS CORRUGADOS KRONA;NORTE;CO NO;VAREJO;2025-05-01;16894,24;NORTE|30 - ELETRODUTOS CORRUGADOS KRONA|VAREJO|MAI25
30 - ELETRODUTOS CORRUGADOS KRONA;NORTE;CO NO;VAREJO;2025-06-01;19272,90;NORTE|30 - ELETRODUTOS CORRUGADOS KRONA|VAREJO|JUN25
30 - ELETRODUTOS CORRUGADOS KRONA;NORTE;CO NO;VAREJO;2025-07-01;22352,46;NORTE|30 - ELETRODUTOS CORRUGADOS KRONA|VAREJO|JUL25
30 - ELETRODUTOS CORRUGADOS KRONA;NORTE;CO NO;VAREJO;2025-08-01;14453,94;NORTE|30 - ELETRODUTOS CORRUGADOS KRONA|VAREJO|AGO25
30 - ELETRODUTOS CORRUGADOS KRONA;NORTE;CO NO;VAREJO;2025-09-01;16866,01;NORTE|30 - ELETRODUTOS CORRUGADOS KRONA|VAREJO|SET25
30 - ELETRODUTOS CORRUGADOS KRONA;NORTE;CO NO;VAREJO;2025-10-01;11038,86;NORTE|30 - ELETRODUTOS CORRUGADOS KRONA|VAREJO|OUT25
30 - ELETRODUTOS CORRUGADOS KRONA;NORTE;CO NO;VAREJO;2025-11-01;10869,10;NORTE|30 - ELETRODUTOS CORRUGADOS KRONA|VAREJO|NOV25
30 - ELETRODUTOS CORRUGADOS KRONA;NORTE;CO NO;VAREJO;2025-12-01;18662,22;NORTE|30 - ELETRODUTOS CORRUGADOS KRONA|VAREJO|DEZ25
30 - ELETRODUTOS CORRUGADOS KRONA;PARANA;SUL;ATACADO;2025-01-01;2976,41;PARANA|30 - ELETRODUTOS CORRUGADOS KRONA|ATACADO|JAN25
30 - ELETRODUTOS CORRUGADOS KRONA;PARANA;SUL;ATACADO;2025-02-01;1715,02;PARANA|30 - ELETRODUTOS CORRUGADOS KRONA|ATACADO|FEV25
30 - ELETRODUTOS CORRUGADOS KRONA;PARANA;SUL;ATACADO;2025-03-01;616,02;PARANA|30 - ELETRODUTOS CORRUGADOS KRONA|ATACADO|MAR25
30 - ELETRODUTOS CORRUGADOS KRONA;PARANA;SUL;ATACADO;2025-04-01;7266,92;PARANA|30 - ELETRODUTOS CORRUGADOS KRONA|ATACADO|ABR25
30 - ELETRODUTOS CORRUGADOS KRONA;PARANA;SUL;ATACADO;2025-05-01;5731,61;PARANA|30 - ELETRODUTOS CORRUGADOS KRONA|ATACADO|MAI25
30 - ELETRODUTOS CORRUGADOS KRONA;PARANA;SUL;ATACADO;2025-06-01;4774,35;PARANA|30 - ELETRODUTOS CORRUGADOS KRONA|ATACADO|JUN25
30 - ELETRODUTOS CORRUGADOS KRONA;PARANA;SUL;ATACADO;2025-07-01;5330,14;PARANA|30 - ELETRODUTOS CORRUGADOS KRONA|ATACADO|JUL25
30 - ELETRODUTOS CORRUGADOS KRONA;PARANA;SUL;ATACADO;2025-08-01;2948,16;PARANA|30 - ELETRODUTOS CORRUGADOS KRONA|ATACADO|AGO25
30 - ELETRODUTOS CORRUGADOS KRONA;PARANA;SUL;ATACADO;2025-09-01;4743,85;PARANA|30 - ELETRODUTOS CORRUGADOS KRONA|ATACADO|SET25
30 - ELETRODUTOS CORRUGADOS KRONA;PARANA;SUL;ATACADO;2025-10-01;3048,68;PARANA|30 - ELETRODUTOS CORRUGADOS KRONA|ATACADO|OUT25
30 - ELETRODUTOS CORRUGADOS KRONA;PARANA;SUL;ATACADO;2025-11-01;5259,78;PARANA|30 - ELETRODUTOS CORRUGADOS KRONA|ATACADO|NOV25
30 - ELETRODUTOS CORRUGADOS KRONA;PARANA;SUL;ATACADO;2025-12-01;3840,96;PARANA|30 - ELETRODUTOS CORRUGADOS KRONA|ATACADO|DEZ25
30 - ELETRODUTOS CORRUGADOS KRONA;PARANA;SUL;OUTROS;2025-05-01;22,66;PARANA|30 - ELETRODUTOS CORRUGADOS KRONA|OUTROS|MAI25
30 - ELETRODUTOS CORRUGADOS KRONA;PARANA;SUL;OUTROS;2025-07-01;46,80;PARANA|30 - ELETRODUTOS CORRUGADOS KRONA|OUTROS|JUL25
30 - ELETRODUTOS CORRUGADOS KRONA;PARANA;SUL;OUTROS;2025-11-01;2,40;PARANA|30 - ELETRODUTOS CORRUGADOS KRONA|OUTROS|NOV25
30 - ELETRODUTOS CORRUGADOS KRONA;PARANA;SUL;VAREJO;2025-01-01;11843,48;PARANA|30 - ELETRODUTOS CORRUGADOS KRONA|VAREJO|JAN25
30 - ELETRODUTOS CORRUGADOS KRONA;PARANA;SUL;VAREJO;2025-02-01;13111,80;PARANA|30 - ELETRODUTOS CORRUGADOS KRONA|VAREJO|FEV25
30 - ELETRODUTOS CORRUGADOS KRONA;PARANA;SUL;VAREJO;2025-03-01;9345,89;PARANA|30 - ELETRODUTOS CORRUGADOS KRONA|VAREJO|MAR25
30 - ELETRODUTOS CORRUGADOS KRONA;PARANA;SUL;VAREJO;2025-04-01;20235,13;PARANA|30 - ELETRODUTOS CORRUGADOS KRONA|VAREJO|ABR25
30 - ELETRODUTOS CORRUGADOS KRONA;PARANA;SUL;VAREJO;2025-05-01;16870,72;PARANA|30 - ELETRODUTOS CORRUGADOS KRONA|VAREJO|MAI25
30 - ELETRODUTOS CORRUGADOS KRONA;PARANA;SUL;VAREJO;2025-06-01;22400,20;PARANA|30 - ELETRODUTOS CORRUGADOS KRONA|VAREJO|JUN25
30 - ELETRODUTOS CORRUGADOS KRONA;PARANA;SUL;VAREJO;2025-07-01;21346,17;PARANA|30 - ELETRODUTOS CORRUGADOS KRONA|VAREJO|JUL25
30 - ELETRODUTOS CORRUGADOS KRONA;PARANA;SUL;VAREJO;2025-08-01;17830,52;PARANA|30 - ELETRODUTOS CORRUGADOS KRONA|VAREJO|AGO25
30 - ELETRODUTOS CORRUGADOS KRONA;PARANA;SUL;VAREJO;2025-09-01;14911,50;PARANA|30 - ELETRODUTOS CORRUGADOS KRONA|VAREJO|SET25
30 - ELETRODUTOS CORRUGADOS KRONA;PARANA;SUL;VAREJO;2025-10-01;8321,18;PARANA|30 - ELETRODUTOS CORRUGADOS KRONA|VAREJO|OUT25
30 - ELETRODUTOS CORRUGADOS KRONA;PARANA;SUL;VAREJO;2025-11-01;18503,55;PARANA|30 - ELETRODUTOS CORRUGADOS KRONA|VAREJO|NOV25
30 - ELETRODUTOS CORRUGADOS KRONA;PARANA;SUL;VAREJO;2025-12-01;19174,10;PARANA|30 - ELETRODUTOS CORRUGADOS KRONA|VAREJO|DEZ25
30 - ELETRODUTOS CORRUGADOS KRONA;RIO GRANDE DO SUL;SUL;ATACADO;2025-01-01;13632,33;RIO GRANDE DO SUL|30 - ELETRODUTOS CORRUGADOS KRONA|ATACADO|JAN25
30 - ELETRODUTOS CORRUGADOS KRONA;RIO GRANDE DO SUL;SUL;ATACADO;2025-02-01;19406,76;RIO GRANDE DO SUL|30 - ELETRODUTOS CORRUGADOS KRONA|ATACADO|FEV25
30 - ELETRODUTOS CORRUGADOS KRONA;RIO GRANDE DO SUL;SUL;ATACADO;2025-03-01;8345,86;RIO GRANDE DO SUL|30 - ELETRODUTOS CORRUGADOS KRONA|ATACADO|MAR25
30 - ELETRODUTOS CORRUGADOS KRONA;RIO GRANDE DO SUL;SUL;ATACADO;2025-04-01;14665,11;RIO GRANDE DO SUL|30 - ELETRODUTOS CORRUGADOS KRONA|ATACADO|ABR25
30 - ELETRODUTOS CORRUGADOS KRONA;RIO GRANDE DO SUL;SUL;ATACADO;2025-05-01;8366,61;RIO GRANDE DO SUL|30 - ELETRODUTOS CORRUGADOS KRONA|ATACADO|MAI25
30 - ELETRODUTOS CORRUGADOS KRONA;RIO GRANDE DO SUL;SUL;ATACADO;2025-06-01;32691,36;RIO GRANDE DO SUL|30 - ELETRODUTOS CORRUGADOS KRONA|ATACADO|JUN25
30 - ELETRODUTOS CORRUGADOS KRONA;RIO GRANDE DO SUL;SUL;ATACADO;2025-07-01;686,40;RIO GRANDE DO SUL|30 - ELETRODUTOS CORRUGADOS KRONA|ATACADO|JUL25
30 - ELETRODUTOS CORRUGADOS KRONA;RIO GRANDE DO SUL;SUL;ATACADO;2025-08-01;21262,22;RIO GRANDE DO SUL|30 - ELETRODUTOS CORRUGADOS KRONA|ATACADO|AGO25
30 - ELETRODUTOS CORRUGADOS KRONA;RIO GRANDE DO SUL;SUL;ATACADO;2025-09-01;253,95;RIO GRANDE DO SUL|30 - ELETRODUTOS CORRUGADOS KRONA|ATACADO|SET25
30 - ELETRODUTOS CORRUGADOS KRONA;RIO GRANDE DO SUL;SUL;ATACADO;2025-10-01;45849,74;RIO GRANDE DO SUL|30 - ELETRODUTOS CORRUGADOS KRONA|ATACADO|OUT25
30 - ELETRODUTOS CORRUGADOS KRONA;RIO GRANDE DO SUL;SUL;ATACADO;2025-11-01;104,81;RIO GRANDE DO SUL|30 - ELETRODUTOS CORRUGADOS KRONA|ATACADO|NOV25
30 - ELETRODUTOS CORRUGADOS KRONA;RIO GRANDE DO SUL;SUL;ATACADO;2025-12-01;11001,59;RIO GRANDE DO SUL|30 - ELETRODUTOS CORRUGADOS KRONA|ATACADO|DEZ25
30 - ELETRODUTOS CORRUGADOS KRONA;RIO GRANDE DO SUL;SUL;OUTROS;2025-01-01;671,35;RIO GRANDE DO SUL|30 - ELETRODUTOS CORRUGADOS KRONA|OUTROS|JAN25
30 - ELETRODUTOS CORRUGADOS KRONA;RIO GRANDE DO SUL;SUL;OUTROS;2025-02-01;1068,61;RIO GRANDE DO SUL|30 - ELETRODUTOS CORRUGADOS KRONA|OUTROS|FEV25
30 - ELETRODUTOS CORRUGADOS KRONA;RIO GRANDE DO SUL;SUL;OUTROS;2025-03-01;815,05;RIO GRANDE DO SUL|30 - ELETRODUTOS CORRUGADOS KRONA|OUTROS|MAR25
30 - ELETRODUTOS CORRUGADOS KRONA;RIO GRANDE DO SUL;SUL;OUTROS;2025-04-01;435,43;RIO GRANDE DO SUL|30 - ELETRODUTOS CORRUGADOS KRONA|OUTROS|ABR25
30 - ELETRODUTOS CORRUGADOS KRONA;RIO GRANDE DO SUL;SUL;OUTROS;2025-05-01;1036,71;RIO GRANDE DO SUL|30 - ELETRODUTOS CORRUGADOS KRONA|OUTROS|MAI25
30 - ELETRODUTOS CORRUGADOS KRONA;RIO GRANDE DO SUL;SUL;OUTROS;2025-06-01;2184,18;RIO GRANDE DO SUL|30 - ELETRODUTOS CORRUGADOS KRONA|OUTROS|JUN25
30 - ELETRODUTOS CORRUGADOS KRONA;RIO GRANDE DO SUL;SUL;OUTROS;2025-07-01;1124,25;RIO GRANDE DO SUL|30 - ELETRODUTOS CORRUGADOS KRONA|OUTROS|JUL25
30 - ELETRODUTOS CORRUGADOS KRONA;RIO GRANDE DO SUL;SUL;OUTROS;2025-08-01;48,00;RIO GRANDE DO SUL|30 - ELETRODUTOS CORRUGADOS KRONA|OUTROS|AGO25
30 - ELETRODUTOS CORRUGADOS KRONA;RIO GRANDE DO SUL;SUL;OUTROS;2025-09-01;96,60;RIO GRANDE DO SUL|30 - ELETRODUTOS CORRUGADOS KRONA|OUTROS|SET25
30 - ELETRODUTOS CORRUGADOS KRONA;RIO GRANDE DO SUL;SUL;OUTROS;2025-10-01;218,66;RIO GRANDE DO SUL|30 - ELETRODUTOS CORRUGADOS KRONA|OUTROS|OUT25
30 - ELETRODUTOS CORRUGADOS KRONA;RIO GRANDE DO SUL;SUL;OUTROS;2025-11-01;24,00;RIO GRANDE DO SUL|30 - ELETRODUTOS CORRUGADOS KRONA|OUTROS|NOV25
30 - ELETRODUTOS CORRUGADOS KRONA;RIO GRANDE DO SUL;SUL;OUTROS;2025-12-01;221,52;RIO GRANDE DO SUL|30 - ELETRODUTOS CORRUGADOS KRONA|OUTROS|DEZ25
30 - ELETRODUTOS CORRUGADOS KRONA;RIO GRANDE DO SUL;SUL;VAREJO;2025-01-01;5555,53;RIO GRANDE DO SUL|30 - ELETRODUTOS CORRUGADOS KRONA|VAREJO|JAN25
30 - ELETRODUTOS CORRUGADOS KRONA;RIO GRANDE DO SUL;SUL;VAREJO;2025-02-01;5508,89;RIO GRANDE DO SUL|30 - ELETRODUTOS CORRUGADOS KRONA|VAREJO|FEV25
30 - ELETRODUTOS CORRUGADOS KRONA;RIO GRANDE DO SUL;SUL;VAREJO;2025-03-01;7870,71;RIO GRANDE DO SUL|30 - ELETRODUTOS CORRUGADOS KRONA|VAREJO|MAR25
30 - ELETRODUTOS CORRUGADOS KRONA;RIO GRANDE DO SUL;SUL;VAREJO;2025-04-01;6737,74;RIO GRANDE DO SUL|30 - ELETRODUTOS CORRUGADOS KRONA|VAREJO|ABR25
30 - ELETRODUTOS CORRUGADOS KRONA;RIO GRANDE DO SUL;SUL;VAREJO;2025-05-01;8653,09;RIO GRANDE DO SUL|30 - ELETRODUTOS CORRUGADOS KRONA|VAREJO|MAI25
30 - ELETRODUTOS CORRUGADOS KRONA;RIO GRANDE DO SUL;SUL;VAREJO;2025-06-01;14182,57;RIO GRANDE DO SUL|30 - ELETRODUTOS CORRUGADOS KRONA|VAREJO|JUN25
30 - ELETRODUTOS CORRUGADOS KRONA;RIO GRANDE DO SUL;SUL;VAREJO;2025-07-01;5739,88;RIO GRANDE DO SUL|30 - ELETRODUTOS CORRUGADOS KRONA|VAREJO|JUL25
30 - ELETRODUTOS CORRUGADOS KRONA;RIO GRANDE DO SUL;SUL;VAREJO;2025-08-01;15115,78;RIO GRANDE DO SUL|30 - ELETRODUTOS CORRUGADOS KRONA|VAREJO|AGO25
30 - ELETRODUTOS CORRUGADOS KRONA;RIO GRANDE DO SUL;SUL;VAREJO;2025-09-01;6372,91;RIO GRANDE DO SUL|30 - ELETRODUTOS CORRUGADOS KRONA|VAREJO|SET25
30 - ELETRODUTOS CORRUGADOS KRONA;RIO GRANDE DO SUL;SUL;VAREJO;2025-10-01;8572,27;RIO GRANDE DO SUL|30 - ELETRODUTOS CORRUGADOS KRONA|VAREJO|OUT25
30 - ELETRODUTOS CORRUGADOS KRONA;RIO GRANDE DO SUL;SUL;VAREJO;2025-11-01;7436,15;RIO GRANDE DO SUL|30 - ELETRODUTOS CORRUGADOS KRONA|VAREJO|NOV25
30 - ELETRODUTOS CORRUGADOS KRONA;RIO GRANDE DO SUL;SUL;VAREJO;2025-12-01;10155,41;RIO GRANDE DO SUL|30 - ELETRODUTOS CORRUGADOS KRONA|VAREJO|DEZ25
30 - ELETRODUTOS CORRUGADOS KRONA;RJ/ES;MINAS RJ/ES;ATACADO;2025-01-01;12386,50;RJ/ES|30 - ELETRODUTOS CORRUGADOS KRONA|ATACADO|JAN25
30 - ELETRODUTOS CORRUGADOS KRONA;RJ/ES;MINAS RJ/ES;ATACADO;2025-02-01;17614,45;RJ/ES|30 - ELETRODUTOS CORRUGADOS KRONA|ATACADO|FEV25
30 - ELETRODUTOS CORRUGADOS KRONA;RJ/ES;MINAS RJ/ES;ATACADO;2025-03-01;10222,40;RJ/ES|30 - ELETRODUTOS CORRUGADOS KRONA|ATACADO|MAR25
30 - ELETRODUTOS CORRUGADOS KRONA;RJ/ES;MINAS RJ/ES;ATACADO;2025-04-01;21077,02;RJ/ES|30 - ELETRODUTOS CORRUGADOS KRONA|ATACADO|ABR25
30 - ELETRODUTOS CORRUGADOS KRONA;RJ/ES;MINAS RJ/ES;ATACADO;2025-05-01;34872,45;RJ/ES|30 - ELETRODUTOS CORRUGADOS KRONA|ATACADO|MAI25
30 - ELETRODUTOS CORRUGADOS KRONA;RJ/ES;MINAS RJ/ES;ATACADO;2025-06-01;110967,08;RJ/ES|30 - ELETRODUTOS CORRUGADOS KRONA|ATACADO|JUN25
30 - ELETRODUTOS CORRUGADOS KRONA;RJ/ES;MINAS RJ/ES;ATACADO;2025-07-01;11681,45;RJ/ES|30 - ELETRODUTOS CORRUGADOS KRONA|ATACADO|JUL25
30 - ELETRODUTOS CORRUGADOS KRONA;RJ/ES;MINAS RJ/ES;ATACADO;2025-08-01;11013,13;RJ/ES|30 - ELETRODUTOS CORRUGADOS KRONA|ATACADO|AGO25
30 - ELETRODUTOS CORRUGADOS KRONA;RJ/ES;MINAS RJ/ES;ATACADO;2025-09-01;12329,05;RJ/ES|30 - ELETRODUTOS CORRUGADOS KRONA|ATACADO|SET25
30 - ELETRODUTOS CORRUGADOS KRONA;RJ/ES;MINAS RJ/ES;ATACADO;2025-10-01;23893,46;RJ/ES|30 - ELETRODUTOS CORRUGADOS KRONA|ATACADO|OUT25
30 - ELETRODUTOS CORRUGADOS KRONA;RJ/ES;MINAS RJ/ES;ATACADO;2025-11-01;11814,64;RJ/ES|30 - ELETRODUTOS CORRUGADOS KRONA|ATACADO|NOV25
30 - ELETRODUTOS CORRUGADOS KRONA;RJ/ES;MINAS RJ/ES;ATACADO;2025-12-01;10500,83;RJ/ES|30 - ELETRODUTOS CORRUGADOS KRONA|ATACADO|DEZ25
30 - ELETRODUTOS CORRUGADOS KRONA;RJ/ES;MINAS RJ/ES;OUTROS;2025-04-01;25,00;RJ/ES|30 - ELETRODUTOS CORRUGADOS KRONA|OUTROS|ABR25
30 - ELETRODUTOS CORRUGADOS KRONA;RJ/ES;MINAS RJ/ES;OUTROS;2025-05-01;25,00;RJ/ES|30 - ELETRODUTOS CORRUGADOS KRONA|OUTROS|MAI25
30 - ELETRODUTOS CORRUGADOS KRONA;RJ/ES;MINAS RJ/ES;OUTROS;2025-08-01;49,00;RJ/ES|30 - ELETRODUTOS CORRUGADOS KRONA|OUTROS|AGO25
30 - ELETRODUTOS CORRUGADOS KRONA;RJ/ES;MINAS RJ/ES;OUTROS;2025-09-01;624,00;RJ/ES|30 - ELETRODUTOS CORRUGADOS KRONA|OUTROS|SET25
30 - ELETRODUTOS CORRUGADOS KRONA;RJ/ES;MINAS RJ/ES;OUTROS;2025-10-01;46,80;RJ/ES|30 - ELETRODUTOS CORRUGADOS KRONA|OUTROS|OUT25
30 - ELETRODUTOS CORRUGADOS KRONA;RJ/ES;MINAS RJ/ES;OUTROS;2025-12-01;25,00;RJ/ES|30 - ELETRODUTOS CORRUGADOS KRONA|OUTROS|DEZ25
30 - ELETRODUTOS CORRUGADOS KRONA;RJ/ES;MINAS RJ/ES;VAREJO;2025-01-01;3900,64;RJ/ES|30 - ELETRODUTOS CORRUGADOS KRONA|VAREJO|JAN25
30 - ELETRODUTOS CORRUGADOS KRONA;RJ/ES;MINAS RJ/ES;VAREJO;2025-02-01;3640,97;RJ/ES|30 - ELETRODUTOS CORRUGADOS KRONA|VAREJO|FEV25
30 - ELETRODUTOS CORRUGADOS KRONA;RJ/ES;MINAS RJ/ES;VAREJO;2025-03-01;4647,49;RJ/ES|30 - ELETRODUTOS CORRUGADOS KRONA|VAREJO|MAR25
30 - ELETRODUTOS CORRUGADOS KRONA;RJ/ES;MINAS RJ/ES;VAREJO;2025-04-01;4467,97;RJ/ES|30 - ELETRODUTOS CORRUGADOS KRONA|VAREJO|ABR25
30 - ELETRODUTOS CORRUGADOS KRONA;RJ/ES;MINAS RJ/ES;VAREJO;2025-05-01;7811,58;RJ/ES|30 - ELETRODUTOS CORRUGADOS KRONA|VAREJO|MAI25
30 - ELETRODUTOS CORRUGADOS KRONA;RJ/ES;MINAS RJ/ES;VAREJO;2025-06-01;23836,07;RJ/ES|30 - ELETRODUTOS CORRUGADOS KRONA|VAREJO|JUN25
30 - ELETRODUTOS CORRUGADOS KRONA;RJ/ES;MINAS RJ/ES;VAREJO;2025-07-01;13733,00;RJ/ES|30 - ELETRODUTOS CORRUGADOS KRONA|VAREJO|JUL25
30 - ELETRODUTOS CORRUGADOS KRONA;RJ/ES;MINAS RJ/ES;VAREJO;2025-08-01;8124,38;RJ/ES|30 - ELETRODUTOS CORRUGADOS KRONA|VAREJO|AGO25
30 - ELETRODUTOS CORRUGADOS KRONA;RJ/ES;MINAS RJ/ES;VAREJO;2025-09-01;15848,02;RJ/ES|30 - ELETRODUTOS CORRUGADOS KRONA|VAREJO|SET25
30 - ELETRODUTOS CORRUGADOS KRONA;RJ/ES;MINAS RJ/ES;VAREJO;2025-10-01;9260,76;RJ/ES|30 - ELETRODUTOS CORRUGADOS KRONA|VAREJO|OUT25
30 - ELETRODUTOS CORRUGADOS KRONA;RJ/ES;MINAS RJ/ES;VAREJO;2025-11-01;6907,24;RJ/ES|30 - ELETRODUTOS CORRUGADOS KRONA|VAREJO|NOV25
30 - ELETRODUTOS CORRUGADOS KRONA;RJ/ES;MINAS RJ/ES;VAREJO;2025-12-01;5388,27;RJ/ES|30 - ELETRODUTOS CORRUGADOS KRONA|VAREJO|DEZ25
30 - ELETRODUTOS CORRUGADOS KRONA;SANTA CATARINA 01;SUL;ATACADO;2025-01-01;2227,05;SANTA CATARINA 01|30 - ELETRODUTOS CORRUGADOS KRONA|ATACADO|JAN25
30 - ELETRODUTOS CORRUGADOS KRONA;SANTA CATARINA 01;SUL;ATACADO;2025-02-01;368,50;SANTA CATARINA 01|30 - ELETRODUTOS CORRUGADOS KRONA|ATACADO|FEV25
30 - ELETRODUTOS CORRUGADOS KRONA;SANTA CATARINA 01;SUL;ATACADO;2025-03-01;7676,70;SANTA CATARINA 01|30 - ELETRODUTOS CORRUGADOS KRONA|ATACADO|MAR25
30 - ELETRODUTOS CORRUGADOS KRONA;SANTA CATARINA 01;SUL;ATACADO;2025-04-01;280,71;SANTA CATARINA 01|30 - ELETRODUTOS CORRUGADOS KRONA|ATACADO|ABR25
30 - ELETRODUTOS CORRUGADOS KRONA;SANTA CATARINA 01;SUL;ATACADO;2025-05-01;1425,59;SANTA CATARINA 01|30 - ELETRODUTOS CORRUGADOS KRONA|ATACADO|MAI25
30 - ELETRODUTOS CORRUGADOS KRONA;SANTA CATARINA 01;SUL;ATACADO;2025-06-01;4212,48;SANTA CATARINA 01|30 - ELETRODUTOS CORRUGADOS KRONA|ATACADO|JUN25
30 - ELETRODUTOS CORRUGADOS KRONA;SANTA CATARINA 01;SUL;ATACADO;2025-07-01;1421,27;SANTA CATARINA 01|30 - ELETRODUTOS CORRUGADOS KRONA|ATACADO|JUL25
30 - ELETRODUTOS CORRUGADOS KRONA;SANTA CATARINA 01;SUL;ATACADO;2025-08-01;392,73;SANTA CATARINA 01|30 - ELETRODUTOS CORRUGADOS KRONA|ATACADO|AGO25
30 - ELETRODUTOS CORRUGADOS KRONA;SANTA CATARINA 01;SUL;ATACADO;2025-09-01;4888,02;SANTA CATARINA 01|30 - ELETRODUTOS CORRUGADOS KRONA|ATACADO|SET25
30 - ELETRODUTOS CORRUGADOS KRONA;SANTA CATARINA 01;SUL;ATACADO;2025-10-01;3316,48;SANTA CATARINA 01|30 - ELETRODUTOS CORRUGADOS KRONA|ATACADO|OUT25
30 - ELETRODUTOS CORRUGADOS KRONA;SANTA CATARINA 01;SUL;ATACADO;2025-11-01;3592,09;SANTA CATARINA 01|30 - ELETRODUTOS CORRUGADOS KRONA|ATACADO|NOV25
30 - ELETRODUTOS CORRUGADOS KRONA;SANTA CATARINA 01;SUL;ATACADO;2025-12-01;3230,45;SANTA CATARINA 01|30 - ELETRODUTOS CORRUGADOS KRONA|ATACADO|DEZ25
30 - ELETRODUTOS CORRUGADOS KRONA;SANTA CATARINA 01;SUL;OUTROS;2025-02-01;12,60;SANTA CATARINA 01|30 - ELETRODUTOS CORRUGADOS KRONA|OUTROS|FEV25
30 - ELETRODUTOS CORRUGADOS KRONA;SANTA CATARINA 01;SUL;OUTROS;2025-08-01;20,00;SANTA CATARINA 01|30 - ELETRODUTOS CORRUGADOS KRONA|OUTROS|AGO25
30 - ELETRODUTOS CORRUGADOS KRONA;SANTA CATARINA 01;SUL;OUTROS;2025-09-01;31,20;SANTA CATARINA 01|30 - ELETRODUTOS CORRUGADOS KRONA|OUTROS|SET25
30 - ELETRODUTOS CORRUGADOS KRONA;SANTA CATARINA 01;SUL;OUTROS;2025-12-01;4,58;SANTA CATARINA 01|30 - ELETRODUTOS CORRUGADOS KRONA|OUTROS|DEZ25
30 - ELETRODUTOS CORRUGADOS KRONA;SANTA CATARINA 01;SUL;VAREJO;2025-01-01;3150,82;SANTA CATARINA 01|30 - ELETRODUTOS CORRUGADOS KRONA|VAREJO|JAN25
30 - ELETRODUTOS CORRUGADOS KRONA;SANTA CATARINA 01;SUL;VAREJO;2025-02-01;3723,36;SANTA CATARINA 01|30 - ELETRODUTOS CORRUGADOS KRONA|VAREJO|FEV25
30 - ELETRODUTOS CORRUGADOS KRONA;SANTA CATARINA 01;SUL;VAREJO;2025-03-01;3050,43;SANTA CATARINA 01|30 - ELETRODUTOS CORRUGADOS KRONA|VAREJO|MAR25
30 - ELETRODUTOS CORRUGADOS KRONA;SANTA CATARINA 01;SUL;VAREJO;2025-04-01;3277,72;SANTA CATARINA 01|30 - ELETRODUTOS CORRUGADOS KRONA|VAREJO|ABR25
30 - ELETRODUTOS CORRUGADOS KRONA;SANTA CATARINA 01;SUL;VAREJO;2025-05-01;3961,07;SANTA CATARINA 01|30 - ELETRODUTOS CORRUGADOS KRONA|VAREJO|MAI25
30 - ELETRODUTOS CORRUGADOS KRONA;SANTA CATARINA 01;SUL;VAREJO;2025-06-01;10110,14;SANTA CATARINA 01|30 - ELETRODUTOS CORRUGADOS KRONA|VAREJO|JUN25
30 - ELETRODUTOS CORRUGADOS KRONA;SANTA CATARINA 01;SUL;VAREJO;2025-07-01;4876,76;SANTA CATARINA 01|30 - ELETRODUTOS CORRUGADOS KRONA|VAREJO|JUL25
30 - ELETRODUTOS CORRUGADOS KRONA;SANTA CATARINA 01;SUL;VAREJO;2025-08-01;6204,41;SANTA CATARINA 01|30 - ELETRODUTOS CORRUGADOS KRONA|VAREJO|AGO25
30 - ELETRODUTOS CORRUGADOS KRONA;SANTA CATARINA 01;SUL;VAREJO;2025-09-01;3852,71;SANTA CATARINA 01|30 - ELETRODUTOS CORRUGADOS KRONA|VAREJO|SET25
30 - ELETRODUTOS CORRUGADOS KRONA;SANTA CATARINA 01;SUL;VAREJO;2025-10-01;4965,65;SANTA CATARINA 01|30 - ELETRODUTOS CORRUGADOS KRONA|VAREJO|OUT25
30 - ELETRODUTOS CORRUGADOS KRONA;SANTA CATARINA 01;SUL;VAREJO;2025-11-01;6205,89;SANTA CATARINA 01|30 - ELETRODUTOS CORRUGADOS KRONA|VAREJO|NOV25
30 - ELETRODUTOS CORRUGADOS KRONA;SANTA CATARINA 01;SUL;VAREJO;2025-12-01;3810,85;SANTA CATARINA 01|30 - ELETRODUTOS CORRUGADOS KRONA|VAREJO|DEZ25
30 - ELETRODUTOS CORRUGADOS KRONA;SANTA CATARINA 02;SUL;ATACADO;2025-01-01;725,39;SANTA CATARINA 02|30 - ELETRODUTOS CORRUGADOS KRONA|ATACADO|JAN25
30 - ELETRODUTOS CORRUGADOS KRONA;SANTA CATARINA 02;SUL;ATACADO;2025-02-01;1108,42;SANTA CATARINA 02|30 - ELETRODUTOS CORRUGADOS KRONA|ATACADO|FEV25
30 - ELETRODUTOS CORRUGADOS KRONA;SANTA CATARINA 02;SUL;ATACADO;2025-03-01;5302,45;SANTA CATARINA 02|30 - ELETRODUTOS CORRUGADOS KRONA|ATACADO|MAR25
30 - ELETRODUTOS CORRUGADOS KRONA;SANTA CATARINA 02;SUL;ATACADO;2025-04-01;4464,69;SANTA CATARINA 02|30 - ELETRODUTOS CORRUGADOS KRONA|ATACADO|ABR25
30 - ELETRODUTOS CORRUGADOS KRONA;SANTA CATARINA 02;SUL;ATACADO;2025-05-01;2153,90;SANTA CATARINA 02|30 - ELETRODUTOS CORRUGADOS KRONA|ATACADO|MAI25
30 - ELETRODUTOS CORRUGADOS KRONA;SANTA CATARINA 02;SUL;ATACADO;2025-06-01;3350,12;SANTA CATARINA 02|30 - ELETRODUTOS CORRUGADOS KRONA|ATACADO|JUN25
30 - ELETRODUTOS CORRUGADOS KRONA;SANTA CATARINA 02;SUL;ATACADO;2025-07-01;2813,98;SANTA CATARINA 02|30 - ELETRODUTOS CORRUGADOS KRONA|ATACADO|JUL25
30 - ELETRODUTOS CORRUGADOS KRONA;SANTA CATARINA 02;SUL;ATACADO;2025-08-01;1796,11;SANTA CATARINA 02|30 - ELETRODUTOS CORRUGADOS KRONA|ATACADO|AGO25
30 - ELETRODUTOS CORRUGADOS KRONA;SANTA CATARINA 02;SUL;ATACADO;2025-09-01;2858,17;SANTA CATARINA 02|30 - ELETRODUTOS CORRUGADOS KRONA|ATACADO|SET25
30 - ELETRODUTOS CORRUGADOS KRONA;SANTA CATARINA 02;SUL;ATACADO;2025-10-01;8497,59;SANTA CATARINA 02|30 - ELETRODUTOS CORRUGADOS KRONA|ATACADO|OUT25
30 - ELETRODUTOS CORRUGADOS KRONA;SANTA CATARINA 02;SUL;ATACADO;2025-11-01;1638,15;SANTA CATARINA 02|30 - ELETRODUTOS CORRUGADOS KRONA|ATACADO|NOV25
30 - ELETRODUTOS CORRUGADOS KRONA;SANTA CATARINA 02;SUL;ATACADO;2025-12-01;2900,54;SANTA CATARINA 02|30 - ELETRODUTOS CORRUGADOS KRONA|ATACADO|DEZ25
30 - ELETRODUTOS CORRUGADOS KRONA;SANTA CATARINA 02;SUL;OUTROS;2025-01-01;171,60;SANTA CATARINA 02|30 - ELETRODUTOS CORRUGADOS KRONA|OUTROS|JAN25
30 - ELETRODUTOS CORRUGADOS KRONA;SANTA CATARINA 02;SUL;OUTROS;2025-02-01;31,20;SANTA CATARINA 02|30 - ELETRODUTOS CORRUGADOS KRONA|OUTROS|FEV25
30 - ELETRODUTOS CORRUGADOS KRONA;SANTA CATARINA 02;SUL;OUTROS;2025-05-01;31,20;SANTA CATARINA 02|30 - ELETRODUTOS CORRUGADOS KRONA|OUTROS|MAI25
30 - ELETRODUTOS CORRUGADOS KRONA;SANTA CATARINA 02;SUL;OUTROS;2025-07-01;31,20;SANTA CATARINA 02|30 - ELETRODUTOS CORRUGADOS KRONA|OUTROS|JUL25
30 - ELETRODUTOS CORRUGADOS KRONA;SANTA CATARINA 02;SUL;OUTROS;2025-08-01;31,20;SANTA CATARINA 02|30 - ELETRODUTOS CORRUGADOS KRONA|OUTROS|AGO25
30 - ELETRODUTOS CORRUGADOS KRONA;SANTA CATARINA 02;SUL;OUTROS;2025-09-01;24,00;SANTA CATARINA 02|30 - ELETRODUTOS CORRUGADOS KRONA|OUTROS|SET25
30 - ELETRODUTOS CORRUGADOS KRONA;SANTA CATARINA 02;SUL;OUTROS;2025-12-01;15,60;SANTA CATARINA 02|30 - ELETRODUTOS CORRUGADOS KRONA|OUTROS|DEZ25
30 - ELETRODUTOS CORRUGADOS KRONA;SANTA CATARINA 02;SUL;VAREJO;2025-01-01;4457,95;SANTA CATARINA 02|30 - ELETRODUTOS CORRUGADOS KRONA|VAREJO|JAN25
30 - ELETRODUTOS CORRUGADOS KRONA;SANTA CATARINA 02;SUL;VAREJO;2025-02-01;11952,14;SANTA CATARINA 02|30 - ELETRODUTOS CORRUGADOS KRONA|VAREJO|FEV25
30 - ELETRODUTOS CORRUGADOS KRONA;SANTA CATARINA 02;SUL;VAREJO;2025-03-01;4902,19;SANTA CATARINA 02|30 - ELETRODUTOS CORRUGADOS KRONA|VAREJO|MAR25
30 - ELETRODUTOS CORRUGADOS KRONA;SANTA CATARINA 02;SUL;VAREJO;2025-04-01;7025,45;SANTA CATARINA 02|30 - ELETRODUTOS CORRUGADOS KRONA|VAREJO|ABR25
30 - ELETRODUTOS CORRUGADOS KRONA;SANTA CATARINA 02;SUL;VAREJO;2025-05-01;9396,72;SANTA CATARINA 02|30 - ELETRODUTOS CORRUGADOS KRONA|VAREJO|MAI25
30 - ELETRODUTOS CORRUGADOS KRONA;SANTA CATARINA 02;SUL;VAREJO;2025-06-01;11821,41;SANTA CATARINA 02|30 - ELETRODUTOS CORRUGADOS KRONA|VAREJO|JUN25
30 - ELETRODUTOS CORRUGADOS KRONA;SANTA CATARINA 02;SUL;VAREJO;2025-07-01;10564,06;SANTA CATARINA 02|30 - ELETRODUTOS CORRUGADOS KRONA|VAREJO|JUL25
30 - ELETRODUTOS CORRUGADOS KRONA;SANTA CATARINA 02;SUL;VAREJO;2025-08-01;10047,40;SANTA CATARINA 02|30 - ELETRODUTOS CORRUGADOS KRONA|VAREJO|AGO25
30 - ELETRODUTOS CORRUGADOS KRONA;SANTA CATARINA 02;SUL;VAREJO;2025-09-01;15214,04;SANTA CATARINA 02|30 - ELETRODUTOS CORRUGADOS KRONA|VAREJO|SET25
30 - ELETRODUTOS CORRUGADOS KRONA;SANTA CATARINA 02;SUL;VAREJO;2025-10-01;5876,60;SANTA CATARINA 02|30 - ELETRODUTOS CORRUGADOS KRONA|VAREJO|OUT25
30 - ELETRODUTOS CORRUGADOS KRONA;SANTA CATARINA 02;SUL;VAREJO;2025-11-01;13715,68;SANTA CATARINA 02|30 - ELETRODUTOS CORRUGADOS KRONA|VAREJO|NOV25
30 - ELETRODUTOS CORRUGADOS KRONA;SANTA CATARINA 02;SUL;VAREJO;2025-12-01;11717,90;SANTA CATARINA 02|30 - ELETRODUTOS CORRUGADOS KRONA|VAREJO|DEZ25
30 - ELETRODUTOS CORRUGADOS KRONA;SAO PAULO CAPITAL;SP;ATACADO;2025-01-01;271,60;SAO PAULO CAPITAL|30 - ELETRODUTOS CORRUGADOS KRONA|ATACADO|JAN25
30 - ELETRODUTOS CORRUGADOS KRONA;SAO PAULO CAPITAL;SP;ATACADO;2025-03-01;219,74;SAO PAULO CAPITAL|30 - ELETRODUTOS CORRUGADOS KRONA|ATACADO|MAR25
30 - ELETRODUTOS CORRUGADOS KRONA;SAO PAULO CAPITAL;SP;ATACADO;2025-04-01;112,40;SAO PAULO CAPITAL|30 - ELETRODUTOS CORRUGADOS KRONA|ATACADO|ABR25
30 - ELETRODUTOS CORRUGADOS KRONA;SAO PAULO CAPITAL;SP;ATACADO;2025-05-01;142,50;SAO PAULO CAPITAL|30 - ELETRODUTOS CORRUGADOS KRONA|ATACADO|MAI25
30 - ELETRODUTOS CORRUGADOS KRONA;SAO PAULO CAPITAL;SP;ATACADO;2025-06-01;142,50;SAO PAULO CAPITAL|30 - ELETRODUTOS CORRUGADOS KRONA|ATACADO|JUN25
30 - ELETRODUTOS CORRUGADOS KRONA;SAO PAULO CAPITAL;SP;ATACADO;2025-08-01;50,00;SAO PAULO CAPITAL|30 - ELETRODUTOS CORRUGADOS KRONA|ATACADO|AGO25
30 - ELETRODUTOS CORRUGADOS KRONA;SAO PAULO CAPITAL;SP;ATACADO;2025-10-01;159,20;SAO PAULO CAPITAL|30 - ELETRODUTOS CORRUGADOS KRONA|ATACADO|OUT25
30 - ELETRODUTOS CORRUGADOS KRONA;SAO PAULO CAPITAL;SP;ATACADO;2025-12-01;455,60;SAO PAULO CAPITAL|30 - ELETRODUTOS CORRUGADOS KRONA|ATACADO|DEZ25
30 - ELETRODUTOS CORRUGADOS KRONA;SAO PAULO CAPITAL;SP;OUTROS;2025-12-01;104,88;SAO PAULO CAPITAL|30 - ELETRODUTOS CORRUGADOS KRONA|OUTROS|DEZ25
30 - ELETRODUTOS CORRUGADOS KRONA;SAO PAULO CAPITAL;SP;VAREJO;2025-01-01;12175,87;SAO PAULO CAPITAL|30 - ELETRODUTOS CORRUGADOS KRONA|VAREJO|JAN25
30 - ELETRODUTOS CORRUGADOS KRONA;SAO PAULO CAPITAL;SP;VAREJO;2025-02-01;22100,55;SAO PAULO CAPITAL|30 - ELETRODUTOS CORRUGADOS KRONA|VAREJO|FEV25
30 - ELETRODUTOS CORRUGADOS KRONA;SAO PAULO CAPITAL;SP;VAREJO;2025-03-01;6587,00;SAO PAULO CAPITAL|30 - ELETRODUTOS CORRUGADOS KRONA|VAREJO|MAR25
30 - ELETRODUTOS CORRUGADOS KRONA;SAO PAULO CAPITAL;SP;VAREJO;2025-04-01;10593,06;SAO PAULO CAPITAL|30 - ELETRODUTOS CORRUGADOS KRONA|VAREJO|ABR25
30 - ELETRODUTOS CORRUGADOS KRONA;SAO PAULO CAPITAL;SP;VAREJO;2025-05-01;19995,72;SAO PAULO CAPITAL|30 - ELETRODUTOS CORRUGADOS KRONA|VAREJO|MAI25
30 - ELETRODUTOS CORRUGADOS KRONA;SAO PAULO CAPITAL;SP;VAREJO;2025-06-01;29719,03;SAO PAULO CAPITAL|30 - ELETRODUTOS CORRUGADOS KRONA|VAREJO|JUN25
30 - ELETRODUTOS CORRUGADOS KRONA;SAO PAULO CAPITAL;SP;VAREJO;2025-07-01;10017,38;SAO PAULO CAPITAL|30 - ELETRODUTOS CORRUGADOS KRONA|VAREJO|JUL25
30 - ELETRODUTOS CORRUGADOS KRONA;SAO PAULO CAPITAL;SP;VAREJO;2025-08-01;23113,52;SAO PAULO CAPITAL|30 - ELETRODUTOS CORRUGADOS KRONA|VAREJO|AGO25
30 - ELETRODUTOS CORRUGADOS KRONA;SAO PAULO CAPITAL;SP;VAREJO;2025-09-01;25651,33;SAO PAULO CAPITAL|30 - ELETRODUTOS CORRUGADOS KRONA|VAREJO|SET25
30 - ELETRODUTOS CORRUGADOS KRONA;SAO PAULO CAPITAL;SP;VAREJO;2025-10-01;5701,60;SAO PAULO CAPITAL|30 - ELETRODUTOS CORRUGADOS KRONA|VAREJO|OUT25
30 - ELETRODUTOS CORRUGADOS KRONA;SAO PAULO CAPITAL;SP;VAREJO;2025-11-01;4962,27;SAO PAULO CAPITAL|30 - ELETRODUTOS CORRUGADOS KRONA|VAREJO|NOV25
30 - ELETRODUTOS CORRUGADOS KRONA;SAO PAULO CAPITAL;SP;VAREJO;2025-12-01;7037,15;SAO PAULO CAPITAL|30 - ELETRODUTOS CORRUGADOS KRONA|VAREJO|DEZ25
30 - ELETRODUTOS CORRUGADOS KRONA;SAO PAULO CAPITAL 2;SP;ATACADO;2025-01-01;187,20;SAO PAULO CAPITAL 2|30 - ELETRODUTOS CORRUGADOS KRONA|ATACADO|JAN25
30 - ELETRODUTOS CORRUGADOS KRONA;SAO PAULO CAPITAL 2;SP;ATACADO;2025-02-01;5833,45;SAO PAULO CAPITAL 2|30 - ELETRODUTOS CORRUGADOS KRONA|ATACADO|FEV25
30 - ELETRODUTOS CORRUGADOS KRONA;SAO PAULO CAPITAL 2;SP;ATACADO;2025-03-01;5031,62;SAO PAULO CAPITAL 2|30 - ELETRODUTOS CORRUGADOS KRONA|ATACADO|MAR25
30 - ELETRODUTOS CORRUGADOS KRONA;SAO PAULO CAPITAL 2;SP;ATACADO;2025-04-01;20740,76;SAO PAULO CAPITAL 2|30 - ELETRODUTOS CORRUGADOS KRONA|ATACADO|ABR25
30 - ELETRODUTOS CORRUGADOS KRONA;SAO PAULO CAPITAL 2;SP;ATACADO;2025-05-01;16777,84;SAO PAULO CAPITAL 2|30 - ELETRODUTOS CORRUGADOS KRONA|ATACADO|MAI25
30 - ELETRODUTOS CORRUGADOS KRONA;SAO PAULO CAPITAL 2;SP;ATACADO;2025-06-01;23945,07;SAO PAULO CAPITAL 2|30 - ELETRODUTOS CORRUGADOS KRONA|ATACADO|JUN25
30 - ELETRODUTOS CORRUGADOS KRONA;SAO PAULO CAPITAL 2;SP;ATACADO;2025-08-01;18480,50;SAO PAULO CAPITAL 2|30 - ELETRODUTOS CORRUGADOS KRONA|ATACADO|AGO25
30 - ELETRODUTOS CORRUGADOS KRONA;SAO PAULO CAPITAL 2;SP;ATACADO;2025-09-01;2508,53;SAO PAULO CAPITAL 2|30 - ELETRODUTOS CORRUGADOS KRONA|ATACADO|SET25
30 - ELETRODUTOS CORRUGADOS KRONA;SAO PAULO CAPITAL 2;SP;ATACADO;2025-10-01;14958,70;SAO PAULO CAPITAL 2|30 - ELETRODUTOS CORRUGADOS KRONA|ATACADO|OUT25
30 - ELETRODUTOS CORRUGADOS KRONA;SAO PAULO CAPITAL 2;SP;ATACADO;2025-11-01;6413,49;SAO PAULO CAPITAL 2|30 - ELETRODUTOS CORRUGADOS KRONA|ATACADO|NOV25
30 - ELETRODUTOS CORRUGADOS KRONA;SAO PAULO CAPITAL 2;SP;ATACADO;2025-12-01;30250,98;SAO PAULO CAPITAL 2|30 - ELETRODUTOS CORRUGADOS KRONA|ATACADO|DEZ25
30 - ELETRODUTOS CORRUGADOS KRONA;SAO PAULO INTERIOR;SP;ATACADO;2025-01-01;2837,92;SAO PAULO INTERIOR|30 - ELETRODUTOS CORRUGADOS KRONA|ATACADO|JAN25
30 - ELETRODUTOS CORRUGADOS KRONA;SAO PAULO INTERIOR;SP;ATACADO;2025-02-01;2690,43;SAO PAULO INTERIOR|30 - ELETRODUTOS CORRUGADOS KRONA|ATACADO|FEV25
30 - ELETRODUTOS CORRUGADOS KRONA;SAO PAULO INTERIOR;SP;ATACADO;2025-03-01;7232,68;SAO PAULO INTERIOR|30 - ELETRODUTOS CORRUGADOS KRONA|ATACADO|MAR25
30 - ELETRODUTOS CORRUGADOS KRONA;SAO PAULO INTERIOR;SP;ATACADO;2025-04-01;6972,99;SAO PAULO INTERIOR|30 - ELETRODUTOS CORRUGADOS KRONA|ATACADO|ABR25
30 - ELETRODUTOS CORRUGADOS KRONA;SAO PAULO INTERIOR;SP;ATACADO;2025-05-01;10512,90;SAO PAULO INTERIOR|30 - ELETRODUTOS CORRUGADOS KRONA|ATACADO|MAI25
30 - ELETRODUTOS CORRUGADOS KRONA;SAO PAULO INTERIOR;SP;ATACADO;2025-06-01;14440,89;SAO PAULO INTERIOR|30 - ELETRODUTOS CORRUGADOS KRONA|ATACADO|JUN25
30 - ELETRODUTOS CORRUGADOS KRONA;SAO PAULO INTERIOR;SP;ATACADO;2025-07-01;213,24;SAO PAULO INTERIOR|30 - ELETRODUTOS CORRUGADOS KRONA|ATACADO|JUL25
30 - ELETRODUTOS CORRUGADOS KRONA;SAO PAULO INTERIOR;SP;ATACADO;2025-08-01;13059,61;SAO PAULO INTERIOR|30 - ELETRODUTOS CORRUGADOS KRONA|ATACADO|AGO25
30 - ELETRODUTOS CORRUGADOS KRONA;SAO PAULO INTERIOR;SP;ATACADO;2025-09-01;4059,65;SAO PAULO INTERIOR|30 - ELETRODUTOS CORRUGADOS KRONA|ATACADO|SET25
30 - ELETRODUTOS CORRUGADOS KRONA;SAO PAULO INTERIOR;SP;ATACADO;2025-10-01;8678,35;SAO PAULO INTERIOR|30 - ELETRODUTOS CORRUGADOS KRONA|ATACADO|OUT25
30 - ELETRODUTOS CORRUGADOS KRONA;SAO PAULO INTERIOR;SP;ATACADO;2025-11-01;1710,90;SAO PAULO INTERIOR|30 - ELETRODUTOS CORRUGADOS KRONA|ATACADO|NOV25
30 - ELETRODUTOS CORRUGADOS KRONA;SAO PAULO INTERIOR;SP;ATACADO;2025-12-01;19352,44;SAO PAULO INTERIOR|30 - ELETRODUTOS CORRUGADOS KRONA|ATACADO|DEZ25
30 - ELETRODUTOS CORRUGADOS KRONA;SAO PAULO INTERIOR;SP;OUTROS;2025-01-01;193,44;SAO PAULO INTERIOR|30 - ELETRODUTOS CORRUGADOS KRONA|OUTROS|JAN25
30 - ELETRODUTOS CORRUGADOS KRONA;SAO PAULO INTERIOR;SP;OUTROS;2025-02-01;53,85;SAO PAULO INTERIOR|30 - ELETRODUTOS CORRUGADOS KRONA|OUTROS|FEV25
30 - ELETRODUTOS CORRUGADOS KRONA;SAO PAULO INTERIOR;SP;OUTROS;2025-04-01;5,40;SAO PAULO INTERIOR|30 - ELETRODUTOS CORRUGADOS KRONA|OUTROS|ABR25
30 - ELETRODUTOS CORRUGADOS KRONA;SAO PAULO INTERIOR;SP;OUTROS;2025-05-01;156,00;SAO PAULO INTERIOR|30 - ELETRODUTOS CORRUGADOS KRONA|OUTROS|MAI25
30 - ELETRODUTOS CORRUGADOS KRONA;SAO PAULO INTERIOR;SP;OUTROS;2025-06-01;57,40;SAO PAULO INTERIOR|30 - ELETRODUTOS CORRUGADOS KRONA|OUTROS|JUN25
30 - ELETRODUTOS CORRUGADOS KRONA;SAO PAULO INTERIOR;SP;OUTROS;2025-08-01;118,61;SAO PAULO INTERIOR|30 - ELETRODUTOS CORRUGADOS KRONA|OUTROS|AGO25
30 - ELETRODUTOS CORRUGADOS KRONA;SAO PAULO INTERIOR;SP;OUTROS;2025-10-01;43,05;SAO PAULO INTERIOR|30 - ELETRODUTOS CORRUGADOS KRONA|OUTROS|OUT25
30 - ELETRODUTOS CORRUGADOS KRONA;SAO PAULO INTERIOR;SP;OUTROS;2025-11-01;266,40;SAO PAULO INTERIOR|30 - ELETRODUTOS CORRUGADOS KRONA|OUTROS|NOV25
30 - ELETRODUTOS CORRUGADOS KRONA;SAO PAULO INTERIOR;SP;VAREJO;2025-01-01;6141,11;SAO PAULO INTERIOR|30 - ELETRODUTOS CORRUGADOS KRONA|VAREJO|JAN25
30 - ELETRODUTOS CORRUGADOS KRONA;SAO PAULO INTERIOR;SP;VAREJO;2025-02-01;17711,50;SAO PAULO INTERIOR|30 - ELETRODUTOS CORRUGADOS KRONA|VAREJO|FEV25
30 - ELETRODUTOS CORRUGADOS KRONA;SAO PAULO INTERIOR;SP;VAREJO;2025-03-01;8485,58;SAO PAULO INTERIOR|30 - ELETRODUTOS CORRUGADOS KRONA|VAREJO|MAR25
30 - ELETRODUTOS CORRUGADOS KRONA;SAO PAULO INTERIOR;SP;VAREJO;2025-04-01;11703,45;SAO PAULO INTERIOR|30 - ELETRODUTOS CORRUGADOS KRONA|VAREJO|ABR25
30 - ELETRODUTOS CORRUGADOS KRONA;SAO PAULO INTERIOR;SP;VAREJO;2025-05-01;14558,63;SAO PAULO INTERIOR|30 - ELETRODUTOS CORRUGADOS KRONA|VAREJO|MAI25
30 - ELETRODUTOS CORRUGADOS KRONA;SAO PAULO INTERIOR;SP;VAREJO;2025-06-01;20319,19;SAO PAULO INTERIOR|30 - ELETRODUTOS CORRUGADOS KRONA|VAREJO|JUN25
30 - ELETRODUTOS CORRUGADOS KRONA;SAO PAULO INTERIOR;SP;VAREJO;2025-07-01;28965,11;SAO PAULO INTERIOR|30 - ELETRODUTOS CORRUGADOS KRONA|VAREJO|JUL25
30 - ELETRODUTOS CORRUGADOS KRONA;SAO PAULO INTERIOR;SP;VAREJO;2025-08-01;12128,35;SAO PAULO INTERIOR|30 - ELETRODUTOS CORRUGADOS KRONA|VAREJO|AGO25
30 - ELETRODUTOS CORRUGADOS KRONA;SAO PAULO INTERIOR;SP;VAREJO;2025-09-01;9900,22;SAO PAULO INTERIOR|30 - ELETRODUTOS CORRUGADOS KRONA|VAREJO|SET25
30 - ELETRODUTOS CORRUGADOS KRONA;SAO PAULO INTERIOR;SP;VAREJO;2025-10-01;16755,51;SAO PAULO INTERIOR|30 - ELETRODUTOS CORRUGADOS KRONA|VAREJO|OUT25
30 - ELETRODUTOS CORRUGADOS KRONA;SAO PAULO INTERIOR;SP;VAREJO;2025-11-01;14396,49;SAO PAULO INTERIOR|30 - ELETRODUTOS CORRUGADOS KRONA|VAREJO|NOV25
30 - ELETRODUTOS CORRUGADOS KRONA;SAO PAULO INTERIOR;SP;VAREJO;2025-12-01;9169,26;SAO PAULO INTERIOR|30 - ELETRODUTOS CORRUGADOS KRONA|VAREJO|DEZ25
30 - ELETRODUTOS CORRUGADOS KRONA;TELEVENDAS;TELEVENDAS;ATACADO;2025-02-01;6,24;TELEVENDAS|30 - ELETRODUTOS CORRUGADOS KRONA|ATACADO|FEV25
30 - ELETRODUTOS CORRUGADOS KRONA;TELEVENDAS;TELEVENDAS;OUTROS;2025-01-01;6,65;TELEVENDAS|30 - ELETRODUTOS CORRUGADOS KRONA|OUTROS|JAN25
30 - ELETRODUTOS CORRUGADOS KRONA;TELEVENDAS;TELEVENDAS;OUTROS;2025-02-01;46,81;TELEVENDAS|30 - ELETRODUTOS CORRUGADOS KRONA|OUTROS|FEV25
30 - ELETRODUTOS CORRUGADOS KRONA;TELEVENDAS;TELEVENDAS;OUTROS;2025-03-01;132,90;TELEVENDAS|30 - ELETRODUTOS CORRUGADOS KRONA|OUTROS|MAR25
30 - ELETRODUTOS CORRUGADOS KRONA;TELEVENDAS;TELEVENDAS;OUTROS;2025-04-01;73,51;TELEVENDAS|30 - ELETRODUTOS CORRUGADOS KRONA|OUTROS|ABR25
30 - ELETRODUTOS CORRUGADOS KRONA;TELEVENDAS;TELEVENDAS;OUTROS;2025-05-01;21,12;TELEVENDAS|30 - ELETRODUTOS CORRUGADOS KRONA|OUTROS|MAI25
30 - ELETRODUTOS CORRUGADOS KRONA;TELEVENDAS;TELEVENDAS;OUTROS;2025-06-01;25,52;TELEVENDAS|30 - ELETRODUTOS CORRUGADOS KRONA|OUTROS|JUN25
30 - ELETRODUTOS CORRUGADOS KRONA;TELEVENDAS;TELEVENDAS;OUTROS;2025-07-01;49,92;TELEVENDAS|30 - ELETRODUTOS CORRUGADOS KRONA|OUTROS|JUL25
30 - ELETRODUTOS CORRUGADOS KRONA;TELEVENDAS;TELEVENDAS;OUTROS;2025-08-01;22,44;TELEVENDAS|30 - ELETRODUTOS CORRUGADOS KRONA|OUTROS|AGO25
30 - ELETRODUTOS CORRUGADOS KRONA;TELEVENDAS;TELEVENDAS;OUTROS;2025-09-01;132,35;TELEVENDAS|30 - ELETRODUTOS CORRUGADOS KRONA|OUTROS|SET25
30 - ELETRODUTOS CORRUGADOS KRONA;TELEVENDAS;TELEVENDAS;OUTROS;2025-10-01;103,91;TELEVENDAS|30 - ELETRODUTOS CORRUGADOS KRONA|OUTROS|OUT25
30 - ELETRODUTOS CORRUGADOS KRONA;TELEVENDAS;TELEVENDAS;OUTROS;2025-11-01;10,01;TELEVENDAS|30 - ELETRODUTOS CORRUGADOS KRONA|OUTROS|NOV25
30 - ELETRODUTOS CORRUGADOS KRONA;TELEVENDAS;TELEVENDAS;OUTROS;2025-12-01;19,45;TELEVENDAS|30 - ELETRODUTOS CORRUGADOS KRONA|OUTROS|DEZ25
30 - ELETRODUTOS CORRUGADOS KRONA;TELEVENDAS;TELEVENDAS;VAREJO;2025-01-01;3342,06;TELEVENDAS|30 - ELETRODUTOS CORRUGADOS KRONA|VAREJO|JAN25
30 - ELETRODUTOS CORRUGADOS KRONA;TELEVENDAS;TELEVENDAS;VAREJO;2025-02-01;4188,72;TELEVENDAS|30 - ELETRODUTOS CORRUGADOS KRONA|VAREJO|FEV25
30 - ELETRODUTOS CORRUGADOS KRONA;TELEVENDAS;TELEVENDAS;VAREJO;2025-03-01;6160,92;TELEVENDAS|30 - ELETRODUTOS CORRUGADOS KRONA|VAREJO|MAR25
30 - ELETRODUTOS CORRUGADOS KRONA;TELEVENDAS;TELEVENDAS;VAREJO;2025-04-01;4355,63;TELEVENDAS|30 - ELETRODUTOS CORRUGADOS KRONA|VAREJO|ABR25
30 - ELETRODUTOS CORRUGADOS KRONA;TELEVENDAS;TELEVENDAS;VAREJO;2025-05-01;4477,34;TELEVENDAS|30 - ELETRODUTOS CORRUGADOS KRONA|VAREJO|MAI25
30 - ELETRODUTOS CORRUGADOS KRONA;TELEVENDAS;TELEVENDAS;VAREJO;2025-06-01;10788,89;TELEVENDAS|30 - ELETRODUTOS CORRUGADOS KRONA|VAREJO|JUN25
30 - ELETRODUTOS CORRUGADOS KRONA;TELEVENDAS;TELEVENDAS;VAREJO;2025-07-01;4508,77;TELEVENDAS|30 - ELETRODUTOS CORRUGADOS KRONA|VAREJO|JUL25
30 - ELETRODUTOS CORRUGADOS KRONA;TELEVENDAS;TELEVENDAS;VAREJO;2025-08-01;4597,68;TELEVENDAS|30 - ELETRODUTOS CORRUGADOS KRONA|VAREJO|AGO25
30 - ELETRODUTOS CORRUGADOS KRONA;TELEVENDAS;TELEVENDAS;VAREJO;2025-09-01;6520,82;TELEVENDAS|30 - ELETRODUTOS CORRUGADOS KRONA|VAREJO|SET25
30 - ELETRODUTOS CORRUGADOS KRONA;TELEVENDAS;TELEVENDAS;VAREJO;2025-10-01;6532,65;TELEVENDAS|30 - ELETRODUTOS CORRUGADOS KRONA|VAREJO|OUT25
30 - ELETRODUTOS CORRUGADOS KRONA;TELEVENDAS;TELEVENDAS;VAREJO;2025-11-01;5844,22;TELEVENDAS|30 - ELETRODUTOS CORRUGADOS KRONA|VAREJO|NOV25
30 - ELETRODUTOS CORRUGADOS KRONA;TELEVENDAS;TELEVENDAS;VAREJO;2025-12-01;5251,51;TELEVENDAS|30 - ELETRODUTOS CORRUGADOS KRONA|VAREJO|DEZ25
31 - CPVC ULTRATERM;CENTRO OESTE;CO NO;ATACADO;2025-01-01;5742,78;CENTRO OESTE|31 - CPVC ULTRATERM|ATACADO|JAN25
31 - CPVC ULTRATERM;CENTRO OESTE;CO NO;ATACADO;2025-02-01;4299,96;CENTRO OESTE|31 - CPVC ULTRATERM|ATACADO|FEV25
31 - CPVC ULTRATERM;CENTRO OESTE;CO NO;ATACADO;2025-03-01;1012,14;CENTRO OESTE|31 - CPVC ULTRATERM|ATACADO|MAR25
31 - CPVC ULTRATERM;CENTRO OESTE;CO NO;ATACADO;2025-04-01;565,71;CENTRO OESTE|31 - CPVC ULTRATERM|ATACADO|ABR25
31 - CPVC ULTRATERM;CENTRO OESTE;CO NO;ATACADO;2025-05-01;4503,81;CENTRO OESTE|31 - CPVC ULTRATERM|ATACADO|MAI25
31 - CPVC ULTRATERM;CENTRO OESTE;CO NO;ATACADO;2025-06-01;897,81;CENTRO OESTE|31 - CPVC ULTRATERM|ATACADO|JUN25
31 - CPVC ULTRATERM;CENTRO OESTE;CO NO;ATACADO;2025-07-01;821,06;CENTRO OESTE|31 - CPVC ULTRATERM|ATACADO|JUL25
31 - CPVC ULTRATERM;CENTRO OESTE;CO NO;ATACADO;2025-08-01;1325,49;CENTRO OESTE|31 - CPVC ULTRATERM|ATACADO|AGO25
31 - CPVC ULTRATERM;CENTRO OESTE;CO NO;ATACADO;2025-09-01;2467,95;CENTRO OESTE|31 - CPVC ULTRATERM|ATACADO|SET25
31 - CPVC ULTRATERM;CENTRO OESTE;CO NO;ATACADO;2025-10-01;3175,39;CENTRO OESTE|31 - CPVC ULTRATERM|ATACADO|OUT25
31 - CPVC ULTRATERM;CENTRO OESTE;CO NO;ATACADO;2025-11-01;1310,10;CENTRO OESTE|31 - CPVC ULTRATERM|ATACADO|NOV25
31 - CPVC ULTRATERM;CENTRO OESTE;CO NO;ATACADO;2025-12-01;4552,77;CENTRO OESTE|31 - CPVC ULTRATERM|ATACADO|DEZ25
31 - CPVC ULTRATERM;CENTRO OESTE;CO NO;VAREJO;2025-01-01;1413,20;CENTRO OESTE|31 - CPVC ULTRATERM|VAREJO|JAN25
31 - CPVC ULTRATERM;CENTRO OESTE;CO NO;VAREJO;2025-02-01;1007,73;CENTRO OESTE|31 - CPVC ULTRATERM|VAREJO|FEV25
31 - CPVC ULTRATERM;CENTRO OESTE;CO NO;VAREJO;2025-03-01;749,72;CENTRO OESTE|31 - CPVC ULTRATERM|VAREJO|MAR25
31 - CPVC ULTRATERM;CENTRO OESTE;CO NO;VAREJO;2025-04-01;1139,12;CENTRO OESTE|31 - CPVC ULTRATERM|VAREJO|ABR25
31 - CPVC ULTRATERM;CENTRO OESTE;CO NO;VAREJO;2025-05-01;1419,09;CENTRO OESTE|31 - CPVC ULTRATERM|VAREJO|MAI25
31 - CPVC ULTRATERM;CENTRO OESTE;CO NO;VAREJO;2025-06-01;2133,28;CENTRO OESTE|31 - CPVC ULTRATERM|VAREJO|JUN25
31 - CPVC ULTRATERM;CENTRO OESTE;CO NO;VAREJO;2025-07-01;1865,40;CENTRO OESTE|31 - CPVC ULTRATERM|VAREJO|JUL25
31 - CPVC ULTRATERM;CENTRO OESTE;CO NO;VAREJO;2025-08-01;1215,61;CENTRO OESTE|31 - CPVC ULTRATERM|VAREJO|AGO25
31 - CPVC ULTRATERM;CENTRO OESTE;CO NO;VAREJO;2025-09-01;1110,80;CENTRO OESTE|31 - CPVC ULTRATERM|VAREJO|SET25
31 - CPVC ULTRATERM;CENTRO OESTE;CO NO;VAREJO;2025-10-01;873,01;CENTRO OESTE|31 - CPVC ULTRATERM|VAREJO|OUT25
31 - CPVC ULTRATERM;CENTRO OESTE;CO NO;VAREJO;2025-11-01;1099,60;CENTRO OESTE|31 - CPVC ULTRATERM|VAREJO|NOV25
31 - CPVC ULTRATERM;CENTRO OESTE;CO NO;VAREJO;2025-12-01;1382,75;CENTRO OESTE|31 - CPVC ULTRATERM|VAREJO|DEZ25
31 - CPVC ULTRATERM;CONSTR CENTRO OESTE;CONSTRUTORA;CONSTRUTORA;2025-02-01;664,92;CONSTR CENTRO OESTE|31 - CPVC ULTRATERM|CONSTRUTORA|FEV25
31 - CPVC ULTRATERM;CONSTR CENTRO OESTE;CONSTRUTORA;CONSTRUTORA;2025-03-01;226,08;CONSTR CENTRO OESTE|31 - CPVC ULTRATERM|CONSTRUTORA|MAR25
31 - CPVC ULTRATERM;CONSTR CENTRO OESTE;CONSTRUTORA;CONSTRUTORA;2025-04-01;30,06;CONSTR CENTRO OESTE|31 - CPVC ULTRATERM|CONSTRUTORA|ABR25
31 - CPVC ULTRATERM;CONSTR CENTRO OESTE;CONSTRUTORA;CONSTRUTORA;2025-05-01;92,87;CONSTR CENTRO OESTE|31 - CPVC ULTRATERM|CONSTRUTORA|MAI25
31 - CPVC ULTRATERM;CONSTR CENTRO OESTE;CONSTRUTORA;CONSTRUTORA;2025-06-01;369,26;CONSTR CENTRO OESTE|31 - CPVC ULTRATERM|CONSTRUTORA|JUN25
31 - CPVC ULTRATERM;CONSTR CENTRO OESTE;CONSTRUTORA;CONSTRUTORA;2025-07-01;329,06;CONSTR CENTRO OESTE|31 - CPVC ULTRATERM|CONSTRUTORA|JUL25
31 - CPVC ULTRATERM;CONSTR CENTRO OESTE;CONSTRUTORA;CONSTRUTORA;2025-08-01;78,05;CONSTR CENTRO OESTE|31 - CPVC ULTRATERM|CONSTRUTORA|AGO25
31 - CPVC ULTRATERM;CONSTR CENTRO OESTE;CONSTRUTORA;CONSTRUTORA;2025-09-01;495,86;CONSTR CENTRO OESTE|31 - CPVC ULTRATERM|CONSTRUTORA|SET25
31 - CPVC ULTRATERM;CONSTR CENTRO OESTE;CONSTRUTORA;CONSTRUTORA;2025-10-01;602,34;CONSTR CENTRO OESTE|31 - CPVC ULTRATERM|CONSTRUTORA|OUT25
31 - CPVC ULTRATERM;CONSTR CENTRO OESTE;CONSTRUTORA;CONSTRUTORA;2025-11-01;824,13;CONSTR CENTRO OESTE|31 - CPVC ULTRATERM|CONSTRUTORA|NOV25
31 - CPVC ULTRATERM;CONSTR CENTRO OESTE;CONSTRUTORA;CONSTRUTORA;2025-12-01;385,77;CONSTR CENTRO OESTE|31 - CPVC ULTRATERM|CONSTRUTORA|DEZ25
31 - CPVC ULTRATERM;CONSTR NORDESTE;CONSTRUTORA;CONSTRUTORA;2025-01-01;2343,89;CONSTR NORDESTE|31 - CPVC ULTRATERM|CONSTRUTORA|JAN25
31 - CPVC ULTRATERM;CONSTR NORDESTE;CONSTRUTORA;CONSTRUTORA;2025-02-01;1914,27;CONSTR NORDESTE|31 - CPVC ULTRATERM|CONSTRUTORA|FEV25
31 - CPVC ULTRATERM;CONSTR NORDESTE;CONSTRUTORA;CONSTRUTORA;2025-03-01;1550,12;CONSTR NORDESTE|31 - CPVC ULTRATERM|CONSTRUTORA|MAR25
31 - CPVC ULTRATERM;CONSTR NORDESTE;CONSTRUTORA;CONSTRUTORA;2025-04-01;1407,28;CONSTR NORDESTE|31 - CPVC ULTRATERM|CONSTRUTORA|ABR25
31 - CPVC ULTRATERM;CONSTR NORDESTE;CONSTRUTORA;CONSTRUTORA;2025-05-01;2002,09;CONSTR NORDESTE|31 - CPVC ULTRATERM|CONSTRUTORA|MAI25
31 - CPVC ULTRATERM;CONSTR NORDESTE;CONSTRUTORA;CONSTRUTORA;2025-06-01;4464,99;CONSTR NORDESTE|31 - CPVC ULTRATERM|CONSTRUTORA|JUN25
31 - CPVC ULTRATERM;CONSTR NORDESTE;CONSTRUTORA;CONSTRUTORA;2025-07-01;488,60;CONSTR NORDESTE|31 - CPVC ULTRATERM|CONSTRUTORA|JUL25
31 - CPVC ULTRATERM;CONSTR NORDESTE;CONSTRUTORA;CONSTRUTORA;2025-08-01;1489,08;CONSTR NORDESTE|31 - CPVC ULTRATERM|CONSTRUTORA|AGO25
31 - CPVC ULTRATERM;CONSTR NORDESTE;CONSTRUTORA;CONSTRUTORA;2025-09-01;2699,12;CONSTR NORDESTE|31 - CPVC ULTRATERM|CONSTRUTORA|SET25
31 - CPVC ULTRATERM;CONSTR NORDESTE;CONSTRUTORA;CONSTRUTORA;2025-10-01;2356,35;CONSTR NORDESTE|31 - CPVC ULTRATERM|CONSTRUTORA|OUT25
31 - CPVC ULTRATERM;CONSTR NORDESTE;CONSTRUTORA;CONSTRUTORA;2025-11-01;2096,16;CONSTR NORDESTE|31 - CPVC ULTRATERM|CONSTRUTORA|NOV25
31 - CPVC ULTRATERM;CONSTR NORDESTE;CONSTRUTORA;CONSTRUTORA;2025-12-01;2519,15;CONSTR NORDESTE|31 - CPVC ULTRATERM|CONSTRUTORA|DEZ25
31 - CPVC ULTRATERM;CONSTR NORDESTE;CONSTRUTORA;OUTROS;2025-03-01;0,53;CONSTR NORDESTE|31 - CPVC ULTRATERM|OUTROS|MAR25
31 - CPVC ULTRATERM;CONSTR NORDESTE;CONSTRUTORA;OUTROS;2025-04-01;52,78;CONSTR NORDESTE|31 - CPVC ULTRATERM|OUTROS|ABR25
31 - CPVC ULTRATERM;CONSTR NORTE;CONSTRUTORA;CONSTRUTORA;2025-01-01;420,63;CONSTR NORTE|31 - CPVC ULTRATERM|CONSTRUTORA|JAN25
31 - CPVC ULTRATERM;CONSTR NORTE;CONSTRUTORA;CONSTRUTORA;2025-02-01;106,42;CONSTR NORTE|31 - CPVC ULTRATERM|CONSTRUTORA|FEV25
31 - CPVC ULTRATERM;CONSTR NORTE;CONSTRUTORA;CONSTRUTORA;2025-03-01;175,11;CONSTR NORTE|31 - CPVC ULTRATERM|CONSTRUTORA|MAR25
31 - CPVC ULTRATERM;CONSTR NORTE;CONSTRUTORA;CONSTRUTORA;2025-05-01;104,61;CONSTR NORTE|31 - CPVC ULTRATERM|CONSTRUTORA|MAI25
31 - CPVC ULTRATERM;CONSTR NORTE;CONSTRUTORA;CONSTRUTORA;2025-06-01;0,46;CONSTR NORTE|31 - CPVC ULTRATERM|CONSTRUTORA|JUN25
31 - CPVC ULTRATERM;CONSTR NORTE;CONSTRUTORA;CONSTRUTORA;2025-08-01;43,69;CONSTR NORTE|31 - CPVC ULTRATERM|CONSTRUTORA|AGO25
31 - CPVC ULTRATERM;CONSTR NORTE;CONSTRUTORA;CONSTRUTORA;2025-09-01;20,35;CONSTR NORTE|31 - CPVC ULTRATERM|CONSTRUTORA|SET25
31 - CPVC ULTRATERM;CONSTR NORTE;CONSTRUTORA;CONSTRUTORA;2025-10-01;900,64;CONSTR NORTE|31 - CPVC ULTRATERM|CONSTRUTORA|OUT25
31 - CPVC ULTRATERM;CONSTR SAO PAULO;CONSTRUTORA;CONSTRUTORA;2025-01-01;355,64;CONSTR SAO PAULO|31 - CPVC ULTRATERM|CONSTRUTORA|JAN25
31 - CPVC ULTRATERM;CONSTR SAO PAULO;CONSTRUTORA;CONSTRUTORA;2025-02-01;320,28;CONSTR SAO PAULO|31 - CPVC ULTRATERM|CONSTRUTORA|FEV25
31 - CPVC ULTRATERM;CONSTR SAO PAULO;CONSTRUTORA;CONSTRUTORA;2025-03-01;280,87;CONSTR SAO PAULO|31 - CPVC ULTRATERM|CONSTRUTORA|MAR25
31 - CPVC ULTRATERM;CONSTR SAO PAULO;CONSTRUTORA;CONSTRUTORA;2025-04-01;352,92;CONSTR SAO PAULO|31 - CPVC ULTRATERM|CONSTRUTORA|ABR25
31 - CPVC ULTRATERM;CONSTR SAO PAULO;CONSTRUTORA;CONSTRUTORA;2025-05-01;490,13;CONSTR SAO PAULO|31 - CPVC ULTRATERM|CONSTRUTORA|MAI25
31 - CPVC ULTRATERM;CONSTR SAO PAULO;CONSTRUTORA;CONSTRUTORA;2025-06-01;2051,75;CONSTR SAO PAULO|31 - CPVC ULTRATERM|CONSTRUTORA|JUN25
31 - CPVC ULTRATERM;CONSTR SAO PAULO;CONSTRUTORA;CONSTRUTORA;2025-07-01;2205,88;CONSTR SAO PAULO|31 - CPVC ULTRATERM|CONSTRUTORA|JUL25
31 - CPVC ULTRATERM;CONSTR SAO PAULO;CONSTRUTORA;CONSTRUTORA;2025-08-01;2672,71;CONSTR SAO PAULO|31 - CPVC ULTRATERM|CONSTRUTORA|AGO25
31 - CPVC ULTRATERM;CONSTR SAO PAULO;CONSTRUTORA;CONSTRUTORA;2025-09-01;297,86;CONSTR SAO PAULO|31 - CPVC ULTRATERM|CONSTRUTORA|SET25
31 - CPVC ULTRATERM;CONSTR SAO PAULO;CONSTRUTORA;CONSTRUTORA;2025-10-01;743,02;CONSTR SAO PAULO|31 - CPVC ULTRATERM|CONSTRUTORA|OUT25
31 - CPVC ULTRATERM;CONSTR SAO PAULO;CONSTRUTORA;CONSTRUTORA;2025-11-01;715,40;CONSTR SAO PAULO|31 - CPVC ULTRATERM|CONSTRUTORA|NOV25
31 - CPVC ULTRATERM;CONSTR SAO PAULO;CONSTRUTORA;CONSTRUTORA;2025-12-01;969,21;CONSTR SAO PAULO|31 - CPVC ULTRATERM|CONSTRUTORA|DEZ25
31 - CPVC ULTRATERM;CONSTR SAO PAULO;CONSTRUTORA;VAREJO;2025-01-01;1,11;CONSTR SAO PAULO|31 - CPVC ULTRATERM|VAREJO|JAN25
31 - CPVC ULTRATERM;CONSTR SUDESTE;CONSTRUTORA;CONSTRUTORA;2025-01-01;45,00;CONSTR SUDESTE|31 - CPVC ULTRATERM|CONSTRUTORA|JAN25
31 - CPVC ULTRATERM;CONSTR SUDESTE;CONSTRUTORA;CONSTRUTORA;2025-02-01;380,16;CONSTR SUDESTE|31 - CPVC ULTRATERM|CONSTRUTORA|FEV25
31 - CPVC ULTRATERM;CONSTR SUDESTE;CONSTRUTORA;CONSTRUTORA;2025-04-01;1199,94;CONSTR SUDESTE|31 - CPVC ULTRATERM|CONSTRUTORA|ABR25
31 - CPVC ULTRATERM;CONSTR SUDESTE;CONSTRUTORA;CONSTRUTORA;2025-05-01;712,63;CONSTR SUDESTE|31 - CPVC ULTRATERM|CONSTRUTORA|MAI25
31 - CPVC ULTRATERM;CONSTR SUDESTE;CONSTRUTORA;CONSTRUTORA;2025-06-01;1775,60;CONSTR SUDESTE|31 - CPVC ULTRATERM|CONSTRUTORA|JUN25
31 - CPVC ULTRATERM;CONSTR SUDESTE;CONSTRUTORA;CONSTRUTORA;2025-07-01;2546,01;CONSTR SUDESTE|31 - CPVC ULTRATERM|CONSTRUTORA|JUL25
31 - CPVC ULTRATERM;CONSTR SUDESTE;CONSTRUTORA;CONSTRUTORA;2025-08-01;505,92;CONSTR SUDESTE|31 - CPVC ULTRATERM|CONSTRUTORA|AGO25
31 - CPVC ULTRATERM;CONSTR SUDESTE;CONSTRUTORA;CONSTRUTORA;2025-09-01;304,40;CONSTR SUDESTE|31 - CPVC ULTRATERM|CONSTRUTORA|SET25
31 - CPVC ULTRATERM;CONSTR SUDESTE;CONSTRUTORA;CONSTRUTORA;2025-10-01;530,13;CONSTR SUDESTE|31 - CPVC ULTRATERM|CONSTRUTORA|OUT25
31 - CPVC ULTRATERM;CONSTR SUDESTE;CONSTRUTORA;CONSTRUTORA;2025-11-01;297,78;CONSTR SUDESTE|31 - CPVC ULTRATERM|CONSTRUTORA|NOV25
31 - CPVC ULTRATERM;CONSTR SUDESTE;CONSTRUTORA;CONSTRUTORA;2025-12-01;1479,79;CONSTR SUDESTE|31 - CPVC ULTRATERM|CONSTRUTORA|DEZ25
31 - CPVC ULTRATERM;CONSTR SUL;CONSTRUTORA;CONSTRUTORA;2025-01-01;2457,18;CONSTR SUL|31 - CPVC ULTRATERM|CONSTRUTORA|JAN25
31 - CPVC ULTRATERM;CONSTR SUL;CONSTRUTORA;CONSTRUTORA;2025-02-01;5490,93;CONSTR SUL|31 - CPVC ULTRATERM|CONSTRUTORA|FEV25
31 - CPVC ULTRATERM;CONSTR SUL;CONSTRUTORA;CONSTRUTORA;2025-03-01;1753,62;CONSTR SUL|31 - CPVC ULTRATERM|CONSTRUTORA|MAR25
31 - CPVC ULTRATERM;CONSTR SUL;CONSTRUTORA;CONSTRUTORA;2025-04-01;1984,99;CONSTR SUL|31 - CPVC ULTRATERM|CONSTRUTORA|ABR25
31 - CPVC ULTRATERM;CONSTR SUL;CONSTRUTORA;CONSTRUTORA;2025-05-01;3223,08;CONSTR SUL|31 - CPVC ULTRATERM|CONSTRUTORA|MAI25
31 - CPVC ULTRATERM;CONSTR SUL;CONSTRUTORA;CONSTRUTORA;2025-06-01;5533,67;CONSTR SUL|31 - CPVC ULTRATERM|CONSTRUTORA|JUN25
31 - CPVC ULTRATERM;CONSTR SUL;CONSTRUTORA;CONSTRUTORA;2025-07-01;4092,85;CONSTR SUL|31 - CPVC ULTRATERM|CONSTRUTORA|JUL25
31 - CPVC ULTRATERM;CONSTR SUL;CONSTRUTORA;CONSTRUTORA;2025-08-01;3622,13;CONSTR SUL|31 - CPVC ULTRATERM|CONSTRUTORA|AGO25
31 - CPVC ULTRATERM;CONSTR SUL;CONSTRUTORA;CONSTRUTORA;2025-09-01;1559,24;CONSTR SUL|31 - CPVC ULTRATERM|CONSTRUTORA|SET25
31 - CPVC ULTRATERM;CONSTR SUL;CONSTRUTORA;CONSTRUTORA;2025-10-01;3971,21;CONSTR SUL|31 - CPVC ULTRATERM|CONSTRUTORA|OUT25
31 - CPVC ULTRATERM;CONSTR SUL;CONSTRUTORA;CONSTRUTORA;2025-11-01;3731,14;CONSTR SUL|31 - CPVC ULTRATERM|CONSTRUTORA|NOV25
31 - CPVC ULTRATERM;CONSTR SUL;CONSTRUTORA;CONSTRUTORA;2025-12-01;1856,43;CONSTR SUL|31 - CPVC ULTRATERM|CONSTRUTORA|DEZ25
31 - CPVC ULTRATERM;IRRIGACAO 1;IRRIGACAO;IRRIGACAO;2025-11-01;60,49;IRRIGACAO 1|31 - CPVC ULTRATERM|IRRIGACAO|NOV25
31 - CPVC ULTRATERM;IRRIGACAO 2;IRRIGACAO;IRRIGACAO;2025-07-01;1,29;IRRIGACAO 2|31 - CPVC ULTRATERM|IRRIGACAO|JUL25
31 - CPVC ULTRATERM;IRRIGACAO 2;IRRIGACAO;IRRIGACAO;2025-08-01;13,66;IRRIGACAO 2|31 - CPVC ULTRATERM|IRRIGACAO|AGO25
31 - CPVC ULTRATERM;IRRIGACAO 2;IRRIGACAO;IRRIGACAO;2025-12-01;1,57;IRRIGACAO 2|31 - CPVC ULTRATERM|IRRIGACAO|DEZ25
31 - CPVC ULTRATERM;MINAS GERAIS;MINAS RJ/ES;ATACADO;2025-01-01;5780,77;MINAS GERAIS|31 - CPVC ULTRATERM|ATACADO|JAN25
31 - CPVC ULTRATERM;MINAS GERAIS;MINAS RJ/ES;ATACADO;2025-02-01;10295,42;MINAS GERAIS|31 - CPVC ULTRATERM|ATACADO|FEV25
31 - CPVC ULTRATERM;MINAS GERAIS;MINAS RJ/ES;ATACADO;2025-03-01;9892,09;MINAS GERAIS|31 - CPVC ULTRATERM|ATACADO|MAR25
31 - CPVC ULTRATERM;MINAS GERAIS;MINAS RJ/ES;ATACADO;2025-04-01;553,15;MINAS GERAIS|31 - CPVC ULTRATERM|ATACADO|ABR25
31 - CPVC ULTRATERM;MINAS GERAIS;MINAS RJ/ES;ATACADO;2025-05-01;909,99;MINAS GERAIS|31 - CPVC ULTRATERM|ATACADO|MAI25
31 - CPVC ULTRATERM;MINAS GERAIS;MINAS RJ/ES;ATACADO;2025-06-01;25148,05;MINAS GERAIS|31 - CPVC ULTRATERM|ATACADO|JUN25
31 - CPVC ULTRATERM;MINAS GERAIS;MINAS RJ/ES;ATACADO;2025-07-01;728,62;MINAS GERAIS|31 - CPVC ULTRATERM|ATACADO|JUL25
31 - CPVC ULTRATERM;MINAS GERAIS;MINAS RJ/ES;ATACADO;2025-08-01;6753,28;MINAS GERAIS|31 - CPVC ULTRATERM|ATACADO|AGO25
31 - CPVC ULTRATERM;MINAS GERAIS;MINAS RJ/ES;ATACADO;2025-09-01;13890,88;MINAS GERAIS|31 - CPVC ULTRATERM|ATACADO|SET25
31 - CPVC ULTRATERM;MINAS GERAIS;MINAS RJ/ES;ATACADO;2025-10-01;14226,48;MINAS GERAIS|31 - CPVC ULTRATERM|ATACADO|OUT25
31 - CPVC ULTRATERM;MINAS GERAIS;MINAS RJ/ES;ATACADO;2025-11-01;15521,58;MINAS GERAIS|31 - CPVC ULTRATERM|ATACADO|NOV25
31 - CPVC ULTRATERM;MINAS GERAIS;MINAS RJ/ES;ATACADO;2025-12-01;11104,64;MINAS GERAIS|31 - CPVC ULTRATERM|ATACADO|DEZ25
31 - CPVC ULTRATERM;MINAS GERAIS;MINAS RJ/ES;OUTROS;2025-02-01;8,21;MINAS GERAIS|31 - CPVC ULTRATERM|OUTROS|FEV25
31 - CPVC ULTRATERM;MINAS GERAIS;MINAS RJ/ES;OUTROS;2025-10-01;39,76;MINAS GERAIS|31 - CPVC ULTRATERM|OUTROS|OUT25
31 - CPVC ULTRATERM;MINAS GERAIS;MINAS RJ/ES;OUTROS;2025-11-01;18,04;MINAS GERAIS|31 - CPVC ULTRATERM|OUTROS|NOV25
31 - CPVC ULTRATERM;MINAS GERAIS;MINAS RJ/ES;VAREJO;2025-01-01;1052,25;MINAS GERAIS|31 - CPVC ULTRATERM|VAREJO|JAN25
31 - CPVC ULTRATERM;MINAS GERAIS;MINAS RJ/ES;VAREJO;2025-02-01;2225,85;MINAS GERAIS|31 - CPVC ULTRATERM|VAREJO|FEV25
31 - CPVC ULTRATERM;MINAS GERAIS;MINAS RJ/ES;VAREJO;2025-03-01;1685,33;MINAS GERAIS|31 - CPVC ULTRATERM|VAREJO|MAR25
31 - CPVC ULTRATERM;MINAS GERAIS;MINAS RJ/ES;VAREJO;2025-04-01;3016,15;MINAS GERAIS|31 - CPVC ULTRATERM|VAREJO|ABR25
31 - CPVC ULTRATERM;MINAS GERAIS;MINAS RJ/ES;VAREJO;2025-05-01;2313,35;MINAS GERAIS|31 - CPVC ULTRATERM|VAREJO|MAI25
31 - CPVC ULTRATERM;MINAS GERAIS;MINAS RJ/ES;VAREJO;2025-06-01;4882,81;MINAS GERAIS|31 - CPVC ULTRATERM|VAREJO|JUN25
31 - CPVC ULTRATERM;MINAS GERAIS;MINAS RJ/ES;VAREJO;2025-07-01;4568,29;MINAS GERAIS|31 - CPVC ULTRATERM|VAREJO|JUL25
31 - CPVC ULTRATERM;MINAS GERAIS;MINAS RJ/ES;VAREJO;2025-08-01;1883,10;MINAS GERAIS|31 - CPVC ULTRATERM|VAREJO|AGO25
31 - CPVC ULTRATERM;MINAS GERAIS;MINAS RJ/ES;VAREJO;2025-09-01;2006,83;MINAS GERAIS|31 - CPVC ULTRATERM|VAREJO|SET25
31 - CPVC ULTRATERM;MINAS GERAIS;MINAS RJ/ES;VAREJO;2025-10-01;2784,27;MINAS GERAIS|31 - CPVC ULTRATERM|VAREJO|OUT25
31 - CPVC ULTRATERM;MINAS GERAIS;MINAS RJ/ES;VAREJO;2025-11-01;2437,34;MINAS GERAIS|31 - CPVC ULTRATERM|VAREJO|NOV25
31 - CPVC ULTRATERM;MINAS GERAIS;MINAS RJ/ES;VAREJO;2025-12-01;2477,15;MINAS GERAIS|31 - CPVC ULTRATERM|VAREJO|DEZ25
31 - CPVC ULTRATERM;NORDESTE 1;NORDESTE;ATACADO;2025-01-01;2,29;NORDESTE 1|31 - CPVC ULTRATERM|ATACADO|JAN25
31 - CPVC ULTRATERM;NORDESTE 1;NORDESTE;ATACADO;2025-02-01;41,71;NORDESTE 1|31 - CPVC ULTRATERM|ATACADO|FEV25
31 - CPVC ULTRATERM;NORDESTE 1;NORDESTE;ATACADO;2025-05-01;3,67;NORDESTE 1|31 - CPVC ULTRATERM|ATACADO|MAI25
31 - CPVC ULTRATERM;NORDESTE 1;NORDESTE;ATACADO;2025-06-01;8,54;NORDESTE 1|31 - CPVC ULTRATERM|ATACADO|JUN25
31 - CPVC ULTRATERM;NORDESTE 1;NORDESTE;ATACADO;2025-10-01;2,08;NORDESTE 1|31 - CPVC ULTRATERM|ATACADO|OUT25
31 - CPVC ULTRATERM;NORDESTE 1;NORDESTE;ATACADO;2025-11-01;42,17;NORDESTE 1|31 - CPVC ULTRATERM|ATACADO|NOV25
31 - CPVC ULTRATERM;NORDESTE 1;NORDESTE;ATACADO;2025-12-01;5,90;NORDESTE 1|31 - CPVC ULTRATERM|ATACADO|DEZ25
31 - CPVC ULTRATERM;NORDESTE 1;NORDESTE;OUTROS;2025-01-01;42,75;NORDESTE 1|31 - CPVC ULTRATERM|OUTROS|JAN25
31 - CPVC ULTRATERM;NORDESTE 1;NORDESTE;OUTROS;2025-02-01;27,62;NORDESTE 1|31 - CPVC ULTRATERM|OUTROS|FEV25
31 - CPVC ULTRATERM;NORDESTE 1;NORDESTE;OUTROS;2025-04-01;62,05;NORDESTE 1|31 - CPVC ULTRATERM|OUTROS|ABR25
31 - CPVC ULTRATERM;NORDESTE 1;NORDESTE;OUTROS;2025-05-01;1,10;NORDESTE 1|31 - CPVC ULTRATERM|OUTROS|MAI25
31 - CPVC ULTRATERM;NORDESTE 1;NORDESTE;OUTROS;2025-06-01;43,71;NORDESTE 1|31 - CPVC ULTRATERM|OUTROS|JUN25
31 - CPVC ULTRATERM;NORDESTE 1;NORDESTE;OUTROS;2025-07-01;18,44;NORDESTE 1|31 - CPVC ULTRATERM|OUTROS|JUL25
31 - CPVC ULTRATERM;NORDESTE 1;NORDESTE;OUTROS;2025-09-01;27,01;NORDESTE 1|31 - CPVC ULTRATERM|OUTROS|SET25
31 - CPVC ULTRATERM;NORDESTE 1;NORDESTE;OUTROS;2025-10-01;28,15;NORDESTE 1|31 - CPVC ULTRATERM|OUTROS|OUT25
31 - CPVC ULTRATERM;NORDESTE 1;NORDESTE;OUTROS;2025-11-01;69,35;NORDESTE 1|31 - CPVC ULTRATERM|OUTROS|NOV25
31 - CPVC ULTRATERM;NORDESTE 1;NORDESTE;OUTROS;2025-12-01;88,24;NORDESTE 1|31 - CPVC ULTRATERM|OUTROS|DEZ25
31 - CPVC ULTRATERM;NORDESTE 1;NORDESTE;VAREJO;2025-01-01;302,06;NORDESTE 1|31 - CPVC ULTRATERM|VAREJO|JAN25
31 - CPVC ULTRATERM;NORDESTE 1;NORDESTE;VAREJO;2025-02-01;122,56;NORDESTE 1|31 - CPVC ULTRATERM|VAREJO|FEV25
31 - CPVC ULTRATERM;NORDESTE 1;NORDESTE;VAREJO;2025-03-01;103,66;NORDESTE 1|31 - CPVC ULTRATERM|VAREJO|MAR25
31 - CPVC ULTRATERM;NORDESTE 1;NORDESTE;VAREJO;2025-04-01;230,80;NORDESTE 1|31 - CPVC ULTRATERM|VAREJO|ABR25
31 - CPVC ULTRATERM;NORDESTE 1;NORDESTE;VAREJO;2025-05-01;368,97;NORDESTE 1|31 - CPVC ULTRATERM|VAREJO|MAI25
31 - CPVC ULTRATERM;NORDESTE 1;NORDESTE;VAREJO;2025-06-01;255,84;NORDESTE 1|31 - CPVC ULTRATERM|VAREJO|JUN25
31 - CPVC ULTRATERM;NORDESTE 1;NORDESTE;VAREJO;2025-07-01;158,87;NORDESTE 1|31 - CPVC ULTRATERM|VAREJO|JUL25
31 - CPVC ULTRATERM;NORDESTE 1;NORDESTE;VAREJO;2025-08-01;370,54;NORDESTE 1|31 - CPVC ULTRATERM|VAREJO|AGO25
31 - CPVC ULTRATERM;NORDESTE 1;NORDESTE;VAREJO;2025-09-01;40,85;NORDESTE 1|31 - CPVC ULTRATERM|VAREJO|SET25
31 - CPVC ULTRATERM;NORDESTE 1;NORDESTE;VAREJO;2025-10-01;722,03;NORDESTE 1|31 - CPVC ULTRATERM|VAREJO|OUT25
31 - CPVC ULTRATERM;NORDESTE 1;NORDESTE;VAREJO;2025-11-01;141,12;NORDESTE 1|31 - CPVC ULTRATERM|VAREJO|NOV25
31 - CPVC ULTRATERM;NORDESTE 1;NORDESTE;VAREJO;2025-12-01;239,34;NORDESTE 1|31 - CPVC ULTRATERM|VAREJO|DEZ25
31 - CPVC ULTRATERM;NORDESTE 2;NORDESTE;ATACADO;2025-01-01;336,32;NORDESTE 2|31 - CPVC ULTRATERM|ATACADO|JAN25
31 - CPVC ULTRATERM;NORDESTE 2;NORDESTE;ATACADO;2025-02-01;126,86;NORDESTE 2|31 - CPVC ULTRATERM|ATACADO|FEV25
31 - CPVC ULTRATERM;NORDESTE 2;NORDESTE;ATACADO;2025-03-01;173,35;NORDESTE 2|31 - CPVC ULTRATERM|ATACADO|MAR25
31 - CPVC ULTRATERM;NORDESTE 2;NORDESTE;ATACADO;2025-04-01;161,82;NORDESTE 2|31 - CPVC ULTRATERM|ATACADO|ABR25
31 - CPVC ULTRATERM;NORDESTE 2;NORDESTE;ATACADO;2025-05-01;11,52;NORDESTE 2|31 - CPVC ULTRATERM|ATACADO|MAI25
31 - CPVC ULTRATERM;NORDESTE 2;NORDESTE;ATACADO;2025-06-01;324,01;NORDESTE 2|31 - CPVC ULTRATERM|ATACADO|JUN25
31 - CPVC ULTRATERM;NORDESTE 2;NORDESTE;ATACADO;2025-07-01;112,36;NORDESTE 2|31 - CPVC ULTRATERM|ATACADO|JUL25
31 - CPVC ULTRATERM;NORDESTE 2;NORDESTE;ATACADO;2025-08-01;104,40;NORDESTE 2|31 - CPVC ULTRATERM|ATACADO|AGO25
31 - CPVC ULTRATERM;NORDESTE 2;NORDESTE;ATACADO;2025-09-01;8,59;NORDESTE 2|31 - CPVC ULTRATERM|ATACADO|SET25
31 - CPVC ULTRATERM;NORDESTE 2;NORDESTE;ATACADO;2025-10-01;85,35;NORDESTE 2|31 - CPVC ULTRATERM|ATACADO|OUT25
31 - CPVC ULTRATERM;NORDESTE 2;NORDESTE;ATACADO;2025-11-01;266,88;NORDESTE 2|31 - CPVC ULTRATERM|ATACADO|NOV25
31 - CPVC ULTRATERM;NORDESTE 2;NORDESTE;ATACADO;2025-12-01;120,76;NORDESTE 2|31 - CPVC ULTRATERM|ATACADO|DEZ25
31 - CPVC ULTRATERM;NORDESTE 2;NORDESTE;OUTROS;2025-03-01;9,52;NORDESTE 2|31 - CPVC ULTRATERM|OUTROS|MAR25
31 - CPVC ULTRATERM;NORDESTE 2;NORDESTE;OUTROS;2025-05-01;99,55;NORDESTE 2|31 - CPVC ULTRATERM|OUTROS|MAI25
31 - CPVC ULTRATERM;NORDESTE 2;NORDESTE;OUTROS;2025-06-01;58,57;NORDESTE 2|31 - CPVC ULTRATERM|OUTROS|JUN25
31 - CPVC ULTRATERM;NORDESTE 2;NORDESTE;OUTROS;2025-10-01;329,63;NORDESTE 2|31 - CPVC ULTRATERM|OUTROS|OUT25
31 - CPVC ULTRATERM;NORDESTE 2;NORDESTE;OUTROS;2025-12-01;24,24;NORDESTE 2|31 - CPVC ULTRATERM|OUTROS|DEZ25
31 - CPVC ULTRATERM;NORDESTE 2;NORDESTE;VAREJO;2025-01-01;194,38;NORDESTE 2|31 - CPVC ULTRATERM|VAREJO|JAN25
31 - CPVC ULTRATERM;NORDESTE 2;NORDESTE;VAREJO;2025-02-01;121,22;NORDESTE 2|31 - CPVC ULTRATERM|VAREJO|FEV25
31 - CPVC ULTRATERM;NORDESTE 2;NORDESTE;VAREJO;2025-03-01;108,24;NORDESTE 2|31 - CPVC ULTRATERM|VAREJO|MAR25
31 - CPVC ULTRATERM;NORDESTE 2;NORDESTE;VAREJO;2025-04-01;137,06;NORDESTE 2|31 - CPVC ULTRATERM|VAREJO|ABR25
31 - CPVC ULTRATERM;NORDESTE 2;NORDESTE;VAREJO;2025-05-01;175,66;NORDESTE 2|31 - CPVC ULTRATERM|VAREJO|MAI25
31 - CPVC ULTRATERM;NORDESTE 2;NORDESTE;VAREJO;2025-06-01;350,14;NORDESTE 2|31 - CPVC ULTRATERM|VAREJO|JUN25
31 - CPVC ULTRATERM;NORDESTE 2;NORDESTE;VAREJO;2025-07-01;378,73;NORDESTE 2|31 - CPVC ULTRATERM|VAREJO|JUL25
31 - CPVC ULTRATERM;NORDESTE 2;NORDESTE;VAREJO;2025-08-01;37,31;NORDESTE 2|31 - CPVC ULTRATERM|VAREJO|AGO25
31 - CPVC ULTRATERM;NORDESTE 2;NORDESTE;VAREJO;2025-09-01;589,92;NORDESTE 2|31 - CPVC ULTRATERM|VAREJO|SET25
31 - CPVC ULTRATERM;NORDESTE 2;NORDESTE;VAREJO;2025-10-01;667,52;NORDESTE 2|31 - CPVC ULTRATERM|VAREJO|OUT25
31 - CPVC ULTRATERM;NORDESTE 2;NORDESTE;VAREJO;2025-11-01;316,40;NORDESTE 2|31 - CPVC ULTRATERM|VAREJO|NOV25
31 - CPVC ULTRATERM;NORDESTE 2;NORDESTE;VAREJO;2025-12-01;262,93;NORDESTE 2|31 - CPVC ULTRATERM|VAREJO|DEZ25
31 - CPVC ULTRATERM;NORDESTE 3;NORDESTE;ATACADO;2025-01-01;823,58;NORDESTE 3|31 - CPVC ULTRATERM|ATACADO|JAN25
31 - CPVC ULTRATERM;NORDESTE 3;NORDESTE;ATACADO;2025-02-01;25,48;NORDESTE 3|31 - CPVC ULTRATERM|ATACADO|FEV25
31 - CPVC ULTRATERM;NORDESTE 3;NORDESTE;ATACADO;2025-03-01;580,07;NORDESTE 3|31 - CPVC ULTRATERM|ATACADO|MAR25
31 - CPVC ULTRATERM;NORDESTE 3;NORDESTE;ATACADO;2025-04-01;167,79;NORDESTE 3|31 - CPVC ULTRATERM|ATACADO|ABR25
31 - CPVC ULTRATERM;NORDESTE 3;NORDESTE;ATACADO;2025-05-01;355,04;NORDESTE 3|31 - CPVC ULTRATERM|ATACADO|MAI25
31 - CPVC ULTRATERM;NORDESTE 3;NORDESTE;ATACADO;2025-06-01;71,68;NORDESTE 3|31 - CPVC ULTRATERM|ATACADO|JUN25
31 - CPVC ULTRATERM;NORDESTE 3;NORDESTE;ATACADO;2025-07-01;182,01;NORDESTE 3|31 - CPVC ULTRATERM|ATACADO|JUL25
31 - CPVC ULTRATERM;NORDESTE 3;NORDESTE;ATACADO;2025-08-01;336,24;NORDESTE 3|31 - CPVC ULTRATERM|ATACADO|AGO25
31 - CPVC ULTRATERM;NORDESTE 3;NORDESTE;ATACADO;2025-09-01;536,79;NORDESTE 3|31 - CPVC ULTRATERM|ATACADO|SET25
31 - CPVC ULTRATERM;NORDESTE 3;NORDESTE;ATACADO;2025-10-01;681,90;NORDESTE 3|31 - CPVC ULTRATERM|ATACADO|OUT25
31 - CPVC ULTRATERM;NORDESTE 3;NORDESTE;ATACADO;2025-11-01;586,35;NORDESTE 3|31 - CPVC ULTRATERM|ATACADO|NOV25
31 - CPVC ULTRATERM;NORDESTE 3;NORDESTE;ATACADO;2025-12-01;363,95;NORDESTE 3|31 - CPVC ULTRATERM|ATACADO|DEZ25
31 - CPVC ULTRATERM;NORDESTE 3;NORDESTE;OUTROS;2025-10-01;6,15;NORDESTE 3|31 - CPVC ULTRATERM|OUTROS|OUT25
31 - CPVC ULTRATERM;NORDESTE 3;NORDESTE;VAREJO;2025-01-01;48,07;NORDESTE 3|31 - CPVC ULTRATERM|VAREJO|JAN25
31 - CPVC ULTRATERM;NORDESTE 3;NORDESTE;VAREJO;2025-02-01;71,12;NORDESTE 3|31 - CPVC ULTRATERM|VAREJO|FEV25
31 - CPVC ULTRATERM;NORDESTE 3;NORDESTE;VAREJO;2025-03-01;115,02;NORDESTE 3|31 - CPVC ULTRATERM|VAREJO|MAR25
31 - CPVC ULTRATERM;NORDESTE 3;NORDESTE;VAREJO;2025-04-01;19,98;NORDESTE 3|31 - CPVC ULTRATERM|VAREJO|ABR25
31 - CPVC ULTRATERM;NORDESTE 3;NORDESTE;VAREJO;2025-05-01;128,43;NORDESTE 3|31 - CPVC ULTRATERM|VAREJO|MAI25
31 - CPVC ULTRATERM;NORDESTE 3;NORDESTE;VAREJO;2025-06-01;207,97;NORDESTE 3|31 - CPVC ULTRATERM|VAREJO|JUN25
31 - CPVC ULTRATERM;NORDESTE 3;NORDESTE;VAREJO;2025-07-01;73,69;NORDESTE 3|31 - CPVC ULTRATERM|VAREJO|JUL25
31 - CPVC ULTRATERM;NORDESTE 3;NORDESTE;VAREJO;2025-09-01;98,87;NORDESTE 3|31 - CPVC ULTRATERM|VAREJO|SET25
31 - CPVC ULTRATERM;NORDESTE 3;NORDESTE;VAREJO;2025-10-01;108,17;NORDESTE 3|31 - CPVC ULTRATERM|VAREJO|OUT25
31 - CPVC ULTRATERM;NORDESTE 3;NORDESTE;VAREJO;2025-11-01;58,59;NORDESTE 3|31 - CPVC ULTRATERM|VAREJO|NOV25
31 - CPVC ULTRATERM;NORDESTE 3;NORDESTE;VAREJO;2025-12-01;205,22;NORDESTE 3|31 - CPVC ULTRATERM|VAREJO|DEZ25
31 - CPVC ULTRATERM;NORTE;CO NO;ATACADO;2025-03-01;132,36;NORTE|31 - CPVC ULTRATERM|ATACADO|MAR25
31 - CPVC ULTRATERM;NORTE;CO NO;ATACADO;2025-06-01;68,59;NORTE|31 - CPVC ULTRATERM|ATACADO|JUN25
31 - CPVC ULTRATERM;NORTE;CO NO;ATACADO;2025-09-01;5,27;NORTE|31 - CPVC ULTRATERM|ATACADO|SET25
31 - CPVC ULTRATERM;NORTE;CO NO;ATACADO;2025-10-01;30,49;NORTE|31 - CPVC ULTRATERM|ATACADO|OUT25
31 - CPVC ULTRATERM;NORTE;CO NO;VAREJO;2025-01-01;55,89;NORTE|31 - CPVC ULTRATERM|VAREJO|JAN25
31 - CPVC ULTRATERM;NORTE;CO NO;VAREJO;2025-02-01;140,25;NORTE|31 - CPVC ULTRATERM|VAREJO|FEV25
31 - CPVC ULTRATERM;NORTE;CO NO;VAREJO;2025-03-01;133,76;NORTE|31 - CPVC ULTRATERM|VAREJO|MAR25
31 - CPVC ULTRATERM;NORTE;CO NO;VAREJO;2025-04-01;111,05;NORTE|31 - CPVC ULTRATERM|VAREJO|ABR25
31 - CPVC ULTRATERM;NORTE;CO NO;VAREJO;2025-05-01;133,10;NORTE|31 - CPVC ULTRATERM|VAREJO|MAI25
31 - CPVC ULTRATERM;NORTE;CO NO;VAREJO;2025-06-01;386,82;NORTE|31 - CPVC ULTRATERM|VAREJO|JUN25
31 - CPVC ULTRATERM;NORTE;CO NO;VAREJO;2025-07-01;90,42;NORTE|31 - CPVC ULTRATERM|VAREJO|JUL25
31 - CPVC ULTRATERM;NORTE;CO NO;VAREJO;2025-08-01;235,34;NORTE|31 - CPVC ULTRATERM|VAREJO|AGO25
31 - CPVC ULTRATERM;NORTE;CO NO;VAREJO;2025-09-01;15,34;NORTE|31 - CPVC ULTRATERM|VAREJO|SET25
31 - CPVC ULTRATERM;NORTE;CO NO;VAREJO;2025-10-01;70,08;NORTE|31 - CPVC ULTRATERM|VAREJO|OUT25
31 - CPVC ULTRATERM;NORTE;CO NO;VAREJO;2025-11-01;525,58;NORTE|31 - CPVC ULTRATERM|VAREJO|NOV25
31 - CPVC ULTRATERM;NORTE;CO NO;VAREJO;2025-12-01;254,67;NORTE|31 - CPVC ULTRATERM|VAREJO|DEZ25
31 - CPVC ULTRATERM;PARANA;SUL;ATACADO;2025-01-01;131,92;PARANA|31 - CPVC ULTRATERM|ATACADO|JAN25
31 - CPVC ULTRATERM;PARANA;SUL;ATACADO;2025-02-01;271,91;PARANA|31 - CPVC ULTRATERM|ATACADO|FEV25
31 - CPVC ULTRATERM;PARANA;SUL;ATACADO;2025-03-01;551,17;PARANA|31 - CPVC ULTRATERM|ATACADO|MAR25
31 - CPVC ULTRATERM;PARANA;SUL;ATACADO;2025-04-01;524,63;PARANA|31 - CPVC ULTRATERM|ATACADO|ABR25
31 - CPVC ULTRATERM;PARANA;SUL;ATACADO;2025-05-01;164,92;PARANA|31 - CPVC ULTRATERM|ATACADO|MAI25
31 - CPVC ULTRATERM;PARANA;SUL;ATACADO;2025-06-01;133,99;PARANA|31 - CPVC ULTRATERM|ATACADO|JUN25
31 - CPVC ULTRATERM;PARANA;SUL;ATACADO;2025-07-01;473,21;PARANA|31 - CPVC ULTRATERM|ATACADO|JUL25
31 - CPVC ULTRATERM;PARANA;SUL;ATACADO;2025-08-01;165,87;PARANA|31 - CPVC ULTRATERM|ATACADO|AGO25
31 - CPVC ULTRATERM;PARANA;SUL;ATACADO;2025-09-01;41,14;PARANA|31 - CPVC ULTRATERM|ATACADO|SET25
31 - CPVC ULTRATERM;PARANA;SUL;ATACADO;2025-10-01;95,91;PARANA|31 - CPVC ULTRATERM|ATACADO|OUT25
31 - CPVC ULTRATERM;PARANA;SUL;ATACADO;2025-11-01;340,44;PARANA|31 - CPVC ULTRATERM|ATACADO|NOV25
31 - CPVC ULTRATERM;PARANA;SUL;ATACADO;2025-12-01;290,50;PARANA|31 - CPVC ULTRATERM|ATACADO|DEZ25
31 - CPVC ULTRATERM;PARANA;SUL;VAREJO;2025-01-01;490,05;PARANA|31 - CPVC ULTRATERM|VAREJO|JAN25
31 - CPVC ULTRATERM;PARANA;SUL;VAREJO;2025-02-01;1131,47;PARANA|31 - CPVC ULTRATERM|VAREJO|FEV25
31 - CPVC ULTRATERM;PARANA;SUL;VAREJO;2025-03-01;1561,98;PARANA|31 - CPVC ULTRATERM|VAREJO|MAR25
31 - CPVC ULTRATERM;PARANA;SUL;VAREJO;2025-04-01;1347,33;PARANA|31 - CPVC ULTRATERM|VAREJO|ABR25
31 - CPVC ULTRATERM;PARANA;SUL;VAREJO;2025-05-01;1119,68;PARANA|31 - CPVC ULTRATERM|VAREJO|MAI25
31 - CPVC ULTRATERM;PARANA;SUL;VAREJO;2025-06-01;1747,48;PARANA|31 - CPVC ULTRATERM|VAREJO|JUN25
31 - CPVC ULTRATERM;PARANA;SUL;VAREJO;2025-07-01;702,85;PARANA|31 - CPVC ULTRATERM|VAREJO|JUL25
31 - CPVC ULTRATERM;PARANA;SUL;VAREJO;2025-08-01;1066,22;PARANA|31 - CPVC ULTRATERM|VAREJO|AGO25
31 - CPVC ULTRATERM;PARANA;SUL;VAREJO;2025-09-01;971,65;PARANA|31 - CPVC ULTRATERM|VAREJO|SET25
31 - CPVC ULTRATERM;PARANA;SUL;VAREJO;2025-10-01;402,38;PARANA|31 - CPVC ULTRATERM|VAREJO|OUT25
31 - CPVC ULTRATERM;PARANA;SUL;VAREJO;2025-11-01;932,82;PARANA|31 - CPVC ULTRATERM|VAREJO|NOV25
31 - CPVC ULTRATERM;PARANA;SUL;VAREJO;2025-12-01;652,94;PARANA|31 - CPVC ULTRATERM|VAREJO|DEZ25
31 - CPVC ULTRATERM;RIO GRANDE DO SUL;SUL;ATACADO;2025-01-01;259,80;RIO GRANDE DO SUL|31 - CPVC ULTRATERM|ATACADO|JAN25
31 - CPVC ULTRATERM;RIO GRANDE DO SUL;SUL;ATACADO;2025-02-01;739,66;RIO GRANDE DO SUL|31 - CPVC ULTRATERM|ATACADO|FEV25
31 - CPVC ULTRATERM;RIO GRANDE DO SUL;SUL;ATACADO;2025-03-01;486,37;RIO GRANDE DO SUL|31 - CPVC ULTRATERM|ATACADO|MAR25
31 - CPVC ULTRATERM;RIO GRANDE DO SUL;SUL;ATACADO;2025-04-01;1279,96;RIO GRANDE DO SUL|31 - CPVC ULTRATERM|ATACADO|ABR25
31 - CPVC ULTRATERM;RIO GRANDE DO SUL;SUL;ATACADO;2025-05-01;1461,48;RIO GRANDE DO SUL|31 - CPVC ULTRATERM|ATACADO|MAI25
31 - CPVC ULTRATERM;RIO GRANDE DO SUL;SUL;ATACADO;2025-06-01;2435,63;RIO GRANDE DO SUL|31 - CPVC ULTRATERM|ATACADO|JUN25
31 - CPVC ULTRATERM;RIO GRANDE DO SUL;SUL;ATACADO;2025-07-01;426,30;RIO GRANDE DO SUL|31 - CPVC ULTRATERM|ATACADO|JUL25
31 - CPVC ULTRATERM;RIO GRANDE DO SUL;SUL;ATACADO;2025-08-01;1238,42;RIO GRANDE DO SUL|31 - CPVC ULTRATERM|ATACADO|AGO25
31 - CPVC ULTRATERM;RIO GRANDE DO SUL;SUL;ATACADO;2025-09-01;358,93;RIO GRANDE DO SUL|31 - CPVC ULTRATERM|ATACADO|SET25
31 - CPVC ULTRATERM;RIO GRANDE DO SUL;SUL;ATACADO;2025-10-01;3750,75;RIO GRANDE DO SUL|31 - CPVC ULTRATERM|ATACADO|OUT25
31 - CPVC ULTRATERM;RIO GRANDE DO SUL;SUL;ATACADO;2025-11-01;42,25;RIO GRANDE DO SUL|31 - CPVC ULTRATERM|ATACADO|NOV25
31 - CPVC ULTRATERM;RIO GRANDE DO SUL;SUL;ATACADO;2025-12-01;968,90;RIO GRANDE DO SUL|31 - CPVC ULTRATERM|ATACADO|DEZ25
31 - CPVC ULTRATERM;RIO GRANDE DO SUL;SUL;OUTROS;2025-05-01;18,63;RIO GRANDE DO SUL|31 - CPVC ULTRATERM|OUTROS|MAI25
31 - CPVC ULTRATERM;RIO GRANDE DO SUL;SUL;OUTROS;2025-06-01;15,98;RIO GRANDE DO SUL|31 - CPVC ULTRATERM|OUTROS|JUN25
31 - CPVC ULTRATERM;RIO GRANDE DO SUL;SUL;OUTROS;2025-07-01;0,98;RIO GRANDE DO SUL|31 - CPVC ULTRATERM|OUTROS|JUL25
31 - CPVC ULTRATERM;RIO GRANDE DO SUL;SUL;OUTROS;2025-10-01;0,98;RIO GRANDE DO SUL|31 - CPVC ULTRATERM|OUTROS|OUT25
31 - CPVC ULTRATERM;RIO GRANDE DO SUL;SUL;OUTROS;2025-11-01;30,23;RIO GRANDE DO SUL|31 - CPVC ULTRATERM|OUTROS|NOV25
31 - CPVC ULTRATERM;RIO GRANDE DO SUL;SUL;VAREJO;2025-01-01;383,27;RIO GRANDE DO SUL|31 - CPVC ULTRATERM|VAREJO|JAN25
31 - CPVC ULTRATERM;RIO GRANDE DO SUL;SUL;VAREJO;2025-02-01;587,19;RIO GRANDE DO SUL|31 - CPVC ULTRATERM|VAREJO|FEV25
31 - CPVC ULTRATERM;RIO GRANDE DO SUL;SUL;VAREJO;2025-03-01;524,82;RIO GRANDE DO SUL|31 - CPVC ULTRATERM|VAREJO|MAR25
31 - CPVC ULTRATERM;RIO GRANDE DO SUL;SUL;VAREJO;2025-04-01;987,46;RIO GRANDE DO SUL|31 - CPVC ULTRATERM|VAREJO|ABR25
31 - CPVC ULTRATERM;RIO GRANDE DO SUL;SUL;VAREJO;2025-05-01;824,21;RIO GRANDE DO SUL|31 - CPVC ULTRATERM|VAREJO|MAI25
31 - CPVC ULTRATERM;RIO GRANDE DO SUL;SUL;VAREJO;2025-06-01;1181,91;RIO GRANDE DO SUL|31 - CPVC ULTRATERM|VAREJO|JUN25
31 - CPVC ULTRATERM;RIO GRANDE DO SUL;SUL;VAREJO;2025-07-01;489,71;RIO GRANDE DO SUL|31 - CPVC ULTRATERM|VAREJO|JUL25
31 - CPVC ULTRATERM;RIO GRANDE DO SUL;SUL;VAREJO;2025-08-01;1578,28;RIO GRANDE DO SUL|31 - CPVC ULTRATERM|VAREJO|AGO25
31 - CPVC ULTRATERM;RIO GRANDE DO SUL;SUL;VAREJO;2025-09-01;858,49;RIO GRANDE DO SUL|31 - CPVC ULTRATERM|VAREJO|SET25
31 - CPVC ULTRATERM;RIO GRANDE DO SUL;SUL;VAREJO;2025-10-01;593,47;RIO GRANDE DO SUL|31 - CPVC ULTRATERM|VAREJO|OUT25
31 - CPVC ULTRATERM;RIO GRANDE DO SUL;SUL;VAREJO;2025-11-01;931,52;RIO GRANDE DO SUL|31 - CPVC ULTRATERM|VAREJO|NOV25
31 - CPVC ULTRATERM;RIO GRANDE DO SUL;SUL;VAREJO;2025-12-01;1078,34;RIO GRANDE DO SUL|31 - CPVC ULTRATERM|VAREJO|DEZ25
31 - CPVC ULTRATERM;RJ/ES;MINAS RJ/ES;ATACADO;2025-01-01;186,76;RJ/ES|31 - CPVC ULTRATERM|ATACADO|JAN25
31 - CPVC ULTRATERM;RJ/ES;MINAS RJ/ES;ATACADO;2025-02-01;1077,23;RJ/ES|31 - CPVC ULTRATERM|ATACADO|FEV25
31 - CPVC ULTRATERM;RJ/ES;MINAS RJ/ES;ATACADO;2025-03-01;120,96;RJ/ES|31 - CPVC ULTRATERM|ATACADO|MAR25
31 - CPVC ULTRATERM;RJ/ES;MINAS RJ/ES;ATACADO;2025-04-01;833,53;RJ/ES|31 - CPVC ULTRATERM|ATACADO|ABR25
31 - CPVC ULTRATERM;RJ/ES;MINAS RJ/ES;ATACADO;2025-05-01;1490,64;RJ/ES|31 - CPVC ULTRATERM|ATACADO|MAI25
31 - CPVC ULTRATERM;RJ/ES;MINAS RJ/ES;ATACADO;2025-06-01;800,35;RJ/ES|31 - CPVC ULTRATERM|ATACADO|JUN25
31 - CPVC ULTRATERM;RJ/ES;MINAS RJ/ES;ATACADO;2025-07-01;487,60;RJ/ES|31 - CPVC ULTRATERM|ATACADO|JUL25
31 - CPVC ULTRATERM;RJ/ES;MINAS RJ/ES;ATACADO;2025-08-01;149,04;RJ/ES|31 - CPVC ULTRATERM|ATACADO|AGO25
31 - CPVC ULTRATERM;RJ/ES;MINAS RJ/ES;ATACADO;2025-09-01;1485,01;RJ/ES|31 - CPVC ULTRATERM|ATACADO|SET25
31 - CPVC ULTRATERM;RJ/ES;MINAS RJ/ES;ATACADO;2025-10-01;2647,49;RJ/ES|31 - CPVC ULTRATERM|ATACADO|OUT25
31 - CPVC ULTRATERM;RJ/ES;MINAS RJ/ES;ATACADO;2025-11-01;611,76;RJ/ES|31 - CPVC ULTRATERM|ATACADO|NOV25
31 - CPVC ULTRATERM;RJ/ES;MINAS RJ/ES;ATACADO;2025-12-01;1353,02;RJ/ES|31 - CPVC ULTRATERM|ATACADO|DEZ25
31 - CPVC ULTRATERM;RJ/ES;MINAS RJ/ES;OUTROS;2025-03-01;62,49;RJ/ES|31 - CPVC ULTRATERM|OUTROS|MAR25
31 - CPVC ULTRATERM;RJ/ES;MINAS RJ/ES;OUTROS;2025-04-01;238,61;RJ/ES|31 - CPVC ULTRATERM|OUTROS|ABR25
31 - CPVC ULTRATERM;RJ/ES;MINAS RJ/ES;OUTROS;2025-05-01;3,26;RJ/ES|31 - CPVC ULTRATERM|OUTROS|MAI25
31 - CPVC ULTRATERM;RJ/ES;MINAS RJ/ES;OUTROS;2025-06-01;27,72;RJ/ES|31 - CPVC ULTRATERM|OUTROS|JUN25
31 - CPVC ULTRATERM;RJ/ES;MINAS RJ/ES;OUTROS;2025-08-01;13,05;RJ/ES|31 - CPVC ULTRATERM|OUTROS|AGO25
31 - CPVC ULTRATERM;RJ/ES;MINAS RJ/ES;OUTROS;2025-09-01;173,86;RJ/ES|31 - CPVC ULTRATERM|OUTROS|SET25
31 - CPVC ULTRATERM;RJ/ES;MINAS RJ/ES;OUTROS;2025-10-01;100,33;RJ/ES|31 - CPVC ULTRATERM|OUTROS|OUT25
31 - CPVC ULTRATERM;RJ/ES;MINAS RJ/ES;OUTROS;2025-12-01;86,78;RJ/ES|31 - CPVC ULTRATERM|OUTROS|DEZ25
31 - CPVC ULTRATERM;RJ/ES;MINAS RJ/ES;VAREJO;2025-01-01;371,34;RJ/ES|31 - CPVC ULTRATERM|VAREJO|JAN25
31 - CPVC ULTRATERM;RJ/ES;MINAS RJ/ES;VAREJO;2025-02-01;496,97;RJ/ES|31 - CPVC ULTRATERM|VAREJO|FEV25
31 - CPVC ULTRATERM;RJ/ES;MINAS RJ/ES;VAREJO;2025-03-01;511,15;RJ/ES|31 - CPVC ULTRATERM|VAREJO|MAR25
31 - CPVC ULTRATERM;RJ/ES;MINAS RJ/ES;VAREJO;2025-04-01;676,65;RJ/ES|31 - CPVC ULTRATERM|VAREJO|ABR25
31 - CPVC ULTRATERM;RJ/ES;MINAS RJ/ES;VAREJO;2025-05-01;653,81;RJ/ES|31 - CPVC ULTRATERM|VAREJO|MAI25
31 - CPVC ULTRATERM;RJ/ES;MINAS RJ/ES;VAREJO;2025-06-01;890,13;RJ/ES|31 - CPVC ULTRATERM|VAREJO|JUN25
31 - CPVC ULTRATERM;RJ/ES;MINAS RJ/ES;VAREJO;2025-07-01;1857,69;RJ/ES|31 - CPVC ULTRATERM|VAREJO|JUL25
31 - CPVC ULTRATERM;RJ/ES;MINAS RJ/ES;VAREJO;2025-08-01;662,24;RJ/ES|31 - CPVC ULTRATERM|VAREJO|AGO25
31 - CPVC ULTRATERM;RJ/ES;MINAS RJ/ES;VAREJO;2025-09-01;1115,56;RJ/ES|31 - CPVC ULTRATERM|VAREJO|SET25
31 - CPVC ULTRATERM;RJ/ES;MINAS RJ/ES;VAREJO;2025-10-01;539,92;RJ/ES|31 - CPVC ULTRATERM|VAREJO|OUT25
31 - CPVC ULTRATERM;RJ/ES;MINAS RJ/ES;VAREJO;2025-11-01;672,98;RJ/ES|31 - CPVC ULTRATERM|VAREJO|NOV25
31 - CPVC ULTRATERM;RJ/ES;MINAS RJ/ES;VAREJO;2025-12-01;742,76;RJ/ES|31 - CPVC ULTRATERM|VAREJO|DEZ25
31 - CPVC ULTRATERM;SANTA CATARINA 01;SUL;ATACADO;2025-01-01;454,85;SANTA CATARINA 01|31 - CPVC ULTRATERM|ATACADO|JAN25
31 - CPVC ULTRATERM;SANTA CATARINA 01;SUL;ATACADO;2025-02-01;108,20;SANTA CATARINA 01|31 - CPVC ULTRATERM|ATACADO|FEV25
31 - CPVC ULTRATERM;SANTA CATARINA 01;SUL;ATACADO;2025-03-01;214,57;SANTA CATARINA 01|31 - CPVC ULTRATERM|ATACADO|MAR25
31 - CPVC ULTRATERM;SANTA CATARINA 01;SUL;ATACADO;2025-04-01;731,20;SANTA CATARINA 01|31 - CPVC ULTRATERM|ATACADO|ABR25
31 - CPVC ULTRATERM;SANTA CATARINA 01;SUL;ATACADO;2025-05-01;475,11;SANTA CATARINA 01|31 - CPVC ULTRATERM|ATACADO|MAI25
31 - CPVC ULTRATERM;SANTA CATARINA 01;SUL;ATACADO;2025-06-01;630,02;SANTA CATARINA 01|31 - CPVC ULTRATERM|ATACADO|JUN25
31 - CPVC ULTRATERM;SANTA CATARINA 01;SUL;ATACADO;2025-07-01;399,67;SANTA CATARINA 01|31 - CPVC ULTRATERM|ATACADO|JUL25
31 - CPVC ULTRATERM;SANTA CATARINA 01;SUL;ATACADO;2025-08-01;330,90;SANTA CATARINA 01|31 - CPVC ULTRATERM|ATACADO|AGO25
31 - CPVC ULTRATERM;SANTA CATARINA 01;SUL;ATACADO;2025-09-01;834,31;SANTA CATARINA 01|31 - CPVC ULTRATERM|ATACADO|SET25
31 - CPVC ULTRATERM;SANTA CATARINA 01;SUL;ATACADO;2025-10-01;820,14;SANTA CATARINA 01|31 - CPVC ULTRATERM|ATACADO|OUT25
31 - CPVC ULTRATERM;SANTA CATARINA 01;SUL;ATACADO;2025-11-01;602,78;SANTA CATARINA 01|31 - CPVC ULTRATERM|ATACADO|NOV25
31 - CPVC ULTRATERM;SANTA CATARINA 01;SUL;ATACADO;2025-12-01;770,60;SANTA CATARINA 01|31 - CPVC ULTRATERM|ATACADO|DEZ25
31 - CPVC ULTRATERM;SANTA CATARINA 01;SUL;OUTROS;2025-02-01;12,00;SANTA CATARINA 01|31 - CPVC ULTRATERM|OUTROS|FEV25
31 - CPVC ULTRATERM;SANTA CATARINA 01;SUL;OUTROS;2025-11-01;25,98;SANTA CATARINA 01|31 - CPVC ULTRATERM|OUTROS|NOV25
31 - CPVC ULTRATERM;SANTA CATARINA 01;SUL;VAREJO;2025-01-01;116,92;SANTA CATARINA 01|31 - CPVC ULTRATERM|VAREJO|JAN25
31 - CPVC ULTRATERM;SANTA CATARINA 01;SUL;VAREJO;2025-02-01;432,92;SANTA CATARINA 01|31 - CPVC ULTRATERM|VAREJO|FEV25
31 - CPVC ULTRATERM;SANTA CATARINA 01;SUL;VAREJO;2025-03-01;239,50;SANTA CATARINA 01|31 - CPVC ULTRATERM|VAREJO|MAR25
31 - CPVC ULTRATERM;SANTA CATARINA 01;SUL;VAREJO;2025-04-01;575,44;SANTA CATARINA 01|31 - CPVC ULTRATERM|VAREJO|ABR25
31 - CPVC ULTRATERM;SANTA CATARINA 01;SUL;VAREJO;2025-05-01;559,97;SANTA CATARINA 01|31 - CPVC ULTRATERM|VAREJO|MAI25
31 - CPVC ULTRATERM;SANTA CATARINA 01;SUL;VAREJO;2025-06-01;1316,00;SANTA CATARINA 01|31 - CPVC ULTRATERM|VAREJO|JUN25
31 - CPVC ULTRATERM;SANTA CATARINA 01;SUL;VAREJO;2025-07-01;744,34;SANTA CATARINA 01|31 - CPVC ULTRATERM|VAREJO|JUL25
31 - CPVC ULTRATERM;SANTA CATARINA 01;SUL;VAREJO;2025-08-01;386,58;SANTA CATARINA 01|31 - CPVC ULTRATERM|VAREJO|AGO25
31 - CPVC ULTRATERM;SANTA CATARINA 01;SUL;VAREJO;2025-09-01;409,73;SANTA CATARINA 01|31 - CPVC ULTRATERM|VAREJO|SET25
31 - CPVC ULTRATERM;SANTA CATARINA 01;SUL;VAREJO;2025-10-01;562,63;SANTA CATARINA 01|31 - CPVC ULTRATERM|VAREJO|OUT25
31 - CPVC ULTRATERM;SANTA CATARINA 01;SUL;VAREJO;2025-11-01;500,22;SANTA CATARINA 01|31 - CPVC ULTRATERM|VAREJO|NOV25
31 - CPVC ULTRATERM;SANTA CATARINA 01;SUL;VAREJO;2025-12-01;306,44;SANTA CATARINA 01|31 - CPVC ULTRATERM|VAREJO|DEZ25
31 - CPVC ULTRATERM;SANTA CATARINA 02;SUL;ATACADO;2025-01-01;313,58;SANTA CATARINA 02|31 - CPVC ULTRATERM|ATACADO|JAN25
31 - CPVC ULTRATERM;SANTA CATARINA 02;SUL;ATACADO;2025-02-01;1656,17;SANTA CATARINA 02|31 - CPVC ULTRATERM|ATACADO|FEV25
31 - CPVC ULTRATERM;SANTA CATARINA 02;SUL;ATACADO;2025-03-01;1094,38;SANTA CATARINA 02|31 - CPVC ULTRATERM|ATACADO|MAR25
31 - CPVC ULTRATERM;SANTA CATARINA 02;SUL;ATACADO;2025-04-01;895,19;SANTA CATARINA 02|31 - CPVC ULTRATERM|ATACADO|ABR25
31 - CPVC ULTRATERM;SANTA CATARINA 02;SUL;ATACADO;2025-05-01;2179,14;SANTA CATARINA 02|31 - CPVC ULTRATERM|ATACADO|MAI25
31 - CPVC ULTRATERM;SANTA CATARINA 02;SUL;ATACADO;2025-06-01;1374,56;SANTA CATARINA 02|31 - CPVC ULTRATERM|ATACADO|JUN25
31 - CPVC ULTRATERM;SANTA CATARINA 02;SUL;ATACADO;2025-07-01;489,87;SANTA CATARINA 02|31 - CPVC ULTRATERM|ATACADO|JUL25
31 - CPVC ULTRATERM;SANTA CATARINA 02;SUL;ATACADO;2025-08-01;242,28;SANTA CATARINA 02|31 - CPVC ULTRATERM|ATACADO|AGO25
31 - CPVC ULTRATERM;SANTA CATARINA 02;SUL;ATACADO;2025-09-01;1374,54;SANTA CATARINA 02|31 - CPVC ULTRATERM|ATACADO|SET25
31 - CPVC ULTRATERM;SANTA CATARINA 02;SUL;ATACADO;2025-10-01;839,93;SANTA CATARINA 02|31 - CPVC ULTRATERM|ATACADO|OUT25
31 - CPVC ULTRATERM;SANTA CATARINA 02;SUL;ATACADO;2025-11-01;930,04;SANTA CATARINA 02|31 - CPVC ULTRATERM|ATACADO|NOV25
31 - CPVC ULTRATERM;SANTA CATARINA 02;SUL;ATACADO;2025-12-01;839,54;SANTA CATARINA 02|31 - CPVC ULTRATERM|ATACADO|DEZ25
31 - CPVC ULTRATERM;SANTA CATARINA 02;SUL;OUTROS;2025-04-01;75,00;SANTA CATARINA 02|31 - CPVC ULTRATERM|OUTROS|ABR25
31 - CPVC ULTRATERM;SANTA CATARINA 02;SUL;OUTROS;2025-06-01;225,00;SANTA CATARINA 02|31 - CPVC ULTRATERM|OUTROS|JUN25
31 - CPVC ULTRATERM;SANTA CATARINA 02;SUL;VAREJO;2025-01-01;498,56;SANTA CATARINA 02|31 - CPVC ULTRATERM|VAREJO|JAN25
31 - CPVC ULTRATERM;SANTA CATARINA 02;SUL;VAREJO;2025-02-01;658,75;SANTA CATARINA 02|31 - CPVC ULTRATERM|VAREJO|FEV25
31 - CPVC ULTRATERM;SANTA CATARINA 02;SUL;VAREJO;2025-03-01;1242,70;SANTA CATARINA 02|31 - CPVC ULTRATERM|VAREJO|MAR25
31 - CPVC ULTRATERM;SANTA CATARINA 02;SUL;VAREJO;2025-04-01;550,82;SANTA CATARINA 02|31 - CPVC ULTRATERM|VAREJO|ABR25
31 - CPVC ULTRATERM;SANTA CATARINA 02;SUL;VAREJO;2025-05-01;730,37;SANTA CATARINA 02|31 - CPVC ULTRATERM|VAREJO|MAI25
31 - CPVC ULTRATERM;SANTA CATARINA 02;SUL;VAREJO;2025-06-01;977,58;SANTA CATARINA 02|31 - CPVC ULTRATERM|VAREJO|JUN25
31 - CPVC ULTRATERM;SANTA CATARINA 02;SUL;VAREJO;2025-07-01;809,81;SANTA CATARINA 02|31 - CPVC ULTRATERM|VAREJO|JUL25
31 - CPVC ULTRATERM;SANTA CATARINA 02;SUL;VAREJO;2025-08-01;1360,85;SANTA CATARINA 02|31 - CPVC ULTRATERM|VAREJO|AGO25
31 - CPVC ULTRATERM;SANTA CATARINA 02;SUL;VAREJO;2025-09-01;1308,37;SANTA CATARINA 02|31 - CPVC ULTRATERM|VAREJO|SET25
31 - CPVC ULTRATERM;SANTA CATARINA 02;SUL;VAREJO;2025-10-01;612,20;SANTA CATARINA 02|31 - CPVC ULTRATERM|VAREJO|OUT25
31 - CPVC ULTRATERM;SANTA CATARINA 02;SUL;VAREJO;2025-11-01;1141,40;SANTA CATARINA 02|31 - CPVC ULTRATERM|VAREJO|NOV25
31 - CPVC ULTRATERM;SANTA CATARINA 02;SUL;VAREJO;2025-12-01;1037,53;SANTA CATARINA 02|31 - CPVC ULTRATERM|VAREJO|DEZ25
31 - CPVC ULTRATERM;SAO PAULO CAPITAL;SP;ATACADO;2025-01-01;39,78;SAO PAULO CAPITAL|31 - CPVC ULTRATERM|ATACADO|JAN25
31 - CPVC ULTRATERM;SAO PAULO CAPITAL;SP;ATACADO;2025-02-01;35,83;SAO PAULO CAPITAL|31 - CPVC ULTRATERM|ATACADO|FEV25
31 - CPVC ULTRATERM;SAO PAULO CAPITAL;SP;ATACADO;2025-03-01;123,99;SAO PAULO CAPITAL|31 - CPVC ULTRATERM|ATACADO|MAR25
31 - CPVC ULTRATERM;SAO PAULO CAPITAL;SP;ATACADO;2025-04-01;12,74;SAO PAULO CAPITAL|31 - CPVC ULTRATERM|ATACADO|ABR25
31 - CPVC ULTRATERM;SAO PAULO CAPITAL;SP;ATACADO;2025-07-01;35,58;SAO PAULO CAPITAL|31 - CPVC ULTRATERM|ATACADO|JUL25
31 - CPVC ULTRATERM;SAO PAULO CAPITAL;SP;ATACADO;2025-08-01;3,31;SAO PAULO CAPITAL|31 - CPVC ULTRATERM|ATACADO|AGO25
31 - CPVC ULTRATERM;SAO PAULO CAPITAL;SP;ATACADO;2025-09-01;3,11;SAO PAULO CAPITAL|31 - CPVC ULTRATERM|ATACADO|SET25
31 - CPVC ULTRATERM;SAO PAULO CAPITAL;SP;ATACADO;2025-10-01;220,70;SAO PAULO CAPITAL|31 - CPVC ULTRATERM|ATACADO|OUT25
31 - CPVC ULTRATERM;SAO PAULO CAPITAL;SP;ATACADO;2025-11-01;259,28;SAO PAULO CAPITAL|31 - CPVC ULTRATERM|ATACADO|NOV25
31 - CPVC ULTRATERM;SAO PAULO CAPITAL;SP;VAREJO;2025-01-01;392,63;SAO PAULO CAPITAL|31 - CPVC ULTRATERM|VAREJO|JAN25
31 - CPVC ULTRATERM;SAO PAULO CAPITAL;SP;VAREJO;2025-02-01;451,69;SAO PAULO CAPITAL|31 - CPVC ULTRATERM|VAREJO|FEV25
31 - CPVC ULTRATERM;SAO PAULO CAPITAL;SP;VAREJO;2025-03-01;407,79;SAO PAULO CAPITAL|31 - CPVC ULTRATERM|VAREJO|MAR25
31 - CPVC ULTRATERM;SAO PAULO CAPITAL;SP;VAREJO;2025-04-01;424,36;SAO PAULO CAPITAL|31 - CPVC ULTRATERM|VAREJO|ABR25
31 - CPVC ULTRATERM;SAO PAULO CAPITAL;SP;VAREJO;2025-05-01;785,89;SAO PAULO CAPITAL|31 - CPVC ULTRATERM|VAREJO|MAI25
31 - CPVC ULTRATERM;SAO PAULO CAPITAL;SP;VAREJO;2025-06-01;497,44;SAO PAULO CAPITAL|31 - CPVC ULTRATERM|VAREJO|JUN25
31 - CPVC ULTRATERM;SAO PAULO CAPITAL;SP;VAREJO;2025-07-01;787,16;SAO PAULO CAPITAL|31 - CPVC ULTRATERM|VAREJO|JUL25
31 - CPVC ULTRATERM;SAO PAULO CAPITAL;SP;VAREJO;2025-08-01;385,61;SAO PAULO CAPITAL|31 - CPVC ULTRATERM|VAREJO|AGO25
31 - CPVC ULTRATERM;SAO PAULO CAPITAL;SP;VAREJO;2025-09-01;773,17;SAO PAULO CAPITAL|31 - CPVC ULTRATERM|VAREJO|SET25
31 - CPVC ULTRATERM;SAO PAULO CAPITAL;SP;VAREJO;2025-10-01;707,73;SAO PAULO CAPITAL|31 - CPVC ULTRATERM|VAREJO|OUT25
31 - CPVC ULTRATERM;SAO PAULO CAPITAL;SP;VAREJO;2025-11-01;944,62;SAO PAULO CAPITAL|31 - CPVC ULTRATERM|VAREJO|NOV25
31 - CPVC ULTRATERM;SAO PAULO CAPITAL;SP;VAREJO;2025-12-01;885,63;SAO PAULO CAPITAL|31 - CPVC ULTRATERM|VAREJO|DEZ25
31 - CPVC ULTRATERM;SAO PAULO CAPITAL 2;SP;ATACADO;2025-01-01;112,62;SAO PAULO CAPITAL 2|31 - CPVC ULTRATERM|ATACADO|JAN25
31 - CPVC ULTRATERM;SAO PAULO CAPITAL 2;SP;ATACADO;2025-02-01;705,79;SAO PAULO CAPITAL 2|31 - CPVC ULTRATERM|ATACADO|FEV25
31 - CPVC ULTRATERM;SAO PAULO CAPITAL 2;SP;ATACADO;2025-03-01;540,21;SAO PAULO CAPITAL 2|31 - CPVC ULTRATERM|ATACADO|MAR25
31 - CPVC ULTRATERM;SAO PAULO CAPITAL 2;SP;ATACADO;2025-04-01;1052,78;SAO PAULO CAPITAL 2|31 - CPVC ULTRATERM|ATACADO|ABR25
31 - CPVC ULTRATERM;SAO PAULO CAPITAL 2;SP;ATACADO;2025-05-01;1040,71;SAO PAULO CAPITAL 2|31 - CPVC ULTRATERM|ATACADO|MAI25
31 - CPVC ULTRATERM;SAO PAULO CAPITAL 2;SP;ATACADO;2025-06-01;2177,39;SAO PAULO CAPITAL 2|31 - CPVC ULTRATERM|ATACADO|JUN25
31 - CPVC ULTRATERM;SAO PAULO CAPITAL 2;SP;ATACADO;2025-07-01;63,45;SAO PAULO CAPITAL 2|31 - CPVC ULTRATERM|ATACADO|JUL25
31 - CPVC ULTRATERM;SAO PAULO CAPITAL 2;SP;ATACADO;2025-08-01;3201,44;SAO PAULO CAPITAL 2|31 - CPVC ULTRATERM|ATACADO|AGO25
31 - CPVC ULTRATERM;SAO PAULO CAPITAL 2;SP;ATACADO;2025-09-01;1064,52;SAO PAULO CAPITAL 2|31 - CPVC ULTRATERM|ATACADO|SET25
31 - CPVC ULTRATERM;SAO PAULO CAPITAL 2;SP;ATACADO;2025-10-01;1816,70;SAO PAULO CAPITAL 2|31 - CPVC ULTRATERM|ATACADO|OUT25
31 - CPVC ULTRATERM;SAO PAULO CAPITAL 2;SP;ATACADO;2025-11-01;2541,42;SAO PAULO CAPITAL 2|31 - CPVC ULTRATERM|ATACADO|NOV25
31 - CPVC ULTRATERM;SAO PAULO CAPITAL 2;SP;ATACADO;2025-12-01;3839,16;SAO PAULO CAPITAL 2|31 - CPVC ULTRATERM|ATACADO|DEZ25
31 - CPVC ULTRATERM;SAO PAULO INTERIOR;SP;ATACADO;2025-01-01;203,25;SAO PAULO INTERIOR|31 - CPVC ULTRATERM|ATACADO|JAN25
31 - CPVC ULTRATERM;SAO PAULO INTERIOR;SP;ATACADO;2025-02-01;63,00;SAO PAULO INTERIOR|31 - CPVC ULTRATERM|ATACADO|FEV25
31 - CPVC ULTRATERM;SAO PAULO INTERIOR;SP;ATACADO;2025-03-01;176,90;SAO PAULO INTERIOR|31 - CPVC ULTRATERM|ATACADO|MAR25
31 - CPVC ULTRATERM;SAO PAULO INTERIOR;SP;ATACADO;2025-04-01;211,49;SAO PAULO INTERIOR|31 - CPVC ULTRATERM|ATACADO|ABR25
31 - CPVC ULTRATERM;SAO PAULO INTERIOR;SP;ATACADO;2025-05-01;569,30;SAO PAULO INTERIOR|31 - CPVC ULTRATERM|ATACADO|MAI25
31 - CPVC ULTRATERM;SAO PAULO INTERIOR;SP;ATACADO;2025-06-01;1540,16;SAO PAULO INTERIOR|31 - CPVC ULTRATERM|ATACADO|JUN25
31 - CPVC ULTRATERM;SAO PAULO INTERIOR;SP;ATACADO;2025-07-01;0,24;SAO PAULO INTERIOR|31 - CPVC ULTRATERM|ATACADO|JUL25
31 - CPVC ULTRATERM;SAO PAULO INTERIOR;SP;ATACADO;2025-08-01;1238,84;SAO PAULO INTERIOR|31 - CPVC ULTRATERM|ATACADO|AGO25
31 - CPVC ULTRATERM;SAO PAULO INTERIOR;SP;ATACADO;2025-09-01;1166,33;SAO PAULO INTERIOR|31 - CPVC ULTRATERM|ATACADO|SET25
31 - CPVC ULTRATERM;SAO PAULO INTERIOR;SP;ATACADO;2025-10-01;334,97;SAO PAULO INTERIOR|31 - CPVC ULTRATERM|ATACADO|OUT25
31 - CPVC ULTRATERM;SAO PAULO INTERIOR;SP;ATACADO;2025-11-01;1260,78;SAO PAULO INTERIOR|31 - CPVC ULTRATERM|ATACADO|NOV25
31 - CPVC ULTRATERM;SAO PAULO INTERIOR;SP;ATACADO;2025-12-01;2578,07;SAO PAULO INTERIOR|31 - CPVC ULTRATERM|ATACADO|DEZ25
31 - CPVC ULTRATERM;SAO PAULO INTERIOR;SP;OUTROS;2025-01-01;135,36;SAO PAULO INTERIOR|31 - CPVC ULTRATERM|OUTROS|JAN25
31 - CPVC ULTRATERM;SAO PAULO INTERIOR;SP;OUTROS;2025-04-01;242,56;SAO PAULO INTERIOR|31 - CPVC ULTRATERM|OUTROS|ABR25
31 - CPVC ULTRATERM;SAO PAULO INTERIOR;SP;OUTROS;2025-06-01;242,56;SAO PAULO INTERIOR|31 - CPVC ULTRATERM|OUTROS|JUN25
31 - CPVC ULTRATERM;SAO PAULO INTERIOR;SP;OUTROS;2025-09-01;10,05;SAO PAULO INTERIOR|31 - CPVC ULTRATERM|OUTROS|SET25
31 - CPVC ULTRATERM;SAO PAULO INTERIOR;SP;OUTROS;2025-10-01;139,60;SAO PAULO INTERIOR|31 - CPVC ULTRATERM|OUTROS|OUT25
31 - CPVC ULTRATERM;SAO PAULO INTERIOR;SP;OUTROS;2025-12-01;265,00;SAO PAULO INTERIOR|31 - CPVC ULTRATERM|OUTROS|DEZ25
31 - CPVC ULTRATERM;SAO PAULO INTERIOR;SP;VAREJO;2025-01-01;1230,62;SAO PAULO INTERIOR|31 - CPVC ULTRATERM|VAREJO|JAN25
31 - CPVC ULTRATERM;SAO PAULO INTERIOR;SP;VAREJO;2025-02-01;1431,39;SAO PAULO INTERIOR|31 - CPVC ULTRATERM|VAREJO|FEV25
31 - CPVC ULTRATERM;SAO PAULO INTERIOR;SP;VAREJO;2025-03-01;1117,81;SAO PAULO INTERIOR|31 - CPVC ULTRATERM|VAREJO|MAR25
31 - CPVC ULTRATERM;SAO PAULO INTERIOR;SP;VAREJO;2025-04-01;2863,26;SAO PAULO INTERIOR|31 - CPVC ULTRATERM|VAREJO|ABR25
31 - CPVC ULTRATERM;SAO PAULO INTERIOR;SP;VAREJO;2025-05-01;2592,85;SAO PAULO INTERIOR|31 - CPVC ULTRATERM|VAREJO|MAI25
31 - CPVC ULTRATERM;SAO PAULO INTERIOR;SP;VAREJO;2025-06-01;2559,51;SAO PAULO INTERIOR|31 - CPVC ULTRATERM|VAREJO|JUN25
31 - CPVC ULTRATERM;SAO PAULO INTERIOR;SP;VAREJO;2025-07-01;4452,63;SAO PAULO INTERIOR|31 - CPVC ULTRATERM|VAREJO|JUL25
31 - CPVC ULTRATERM;SAO PAULO INTERIOR;SP;VAREJO;2025-08-01;1779,29;SAO PAULO INTERIOR|31 - CPVC ULTRATERM|VAREJO|AGO25
31 - CPVC ULTRATERM;SAO PAULO INTERIOR;SP;VAREJO;2025-09-01;1461,05;SAO PAULO INTERIOR|31 - CPVC ULTRATERM|VAREJO|SET25
31 - CPVC ULTRATERM;SAO PAULO INTERIOR;SP;VAREJO;2025-10-01;1610,16;SAO PAULO INTERIOR|31 - CPVC ULTRATERM|VAREJO|OUT25
31 - CPVC ULTRATERM;SAO PAULO INTERIOR;SP;VAREJO;2025-11-01;1355,94;SAO PAULO INTERIOR|31 - CPVC ULTRATERM|VAREJO|NOV25
31 - CPVC ULTRATERM;SAO PAULO INTERIOR;SP;VAREJO;2025-12-01;1736,80;SAO PAULO INTERIOR|31 - CPVC ULTRATERM|VAREJO|DEZ25
31 - CPVC ULTRATERM;TELEVENDAS;TELEVENDAS;OUTROS;2025-01-01;8,47;TELEVENDAS|31 - CPVC ULTRATERM|OUTROS|JAN25
31 - CPVC ULTRATERM;TELEVENDAS;TELEVENDAS;OUTROS;2025-02-01;46,27;TELEVENDAS|31 - CPVC ULTRATERM|OUTROS|FEV25
31 - CPVC ULTRATERM;TELEVENDAS;TELEVENDAS;OUTROS;2025-03-01;19,65;TELEVENDAS|31 - CPVC ULTRATERM|OUTROS|MAR25
31 - CPVC ULTRATERM;TELEVENDAS;TELEVENDAS;OUTROS;2025-04-01;11,23;TELEVENDAS|31 - CPVC ULTRATERM|OUTROS|ABR25
31 - CPVC ULTRATERM;TELEVENDAS;TELEVENDAS;OUTROS;2025-05-01;34,34;TELEVENDAS|31 - CPVC ULTRATERM|OUTROS|MAI25
31 - CPVC ULTRATERM;TELEVENDAS;TELEVENDAS;OUTROS;2025-06-01;16,42;TELEVENDAS|31 - CPVC ULTRATERM|OUTROS|JUN25
31 - CPVC ULTRATERM;TELEVENDAS;TELEVENDAS;OUTROS;2025-07-01;1,32;TELEVENDAS|31 - CPVC ULTRATERM|OUTROS|JUL25
31 - CPVC ULTRATERM;TELEVENDAS;TELEVENDAS;OUTROS;2025-08-01;15,20;TELEVENDAS|31 - CPVC ULTRATERM|OUTROS|AGO25
31 - CPVC ULTRATERM;TELEVENDAS;TELEVENDAS;OUTROS;2025-09-01;28,96;TELEVENDAS|31 - CPVC ULTRATERM|OUTROS|SET25
31 - CPVC ULTRATERM;TELEVENDAS;TELEVENDAS;OUTROS;2025-10-01;27,16;TELEVENDAS|31 - CPVC ULTRATERM|OUTROS|OUT25
31 - CPVC ULTRATERM;TELEVENDAS;TELEVENDAS;OUTROS;2025-11-01;17,61;TELEVENDAS|31 - CPVC ULTRATERM|OUTROS|NOV25
31 - CPVC ULTRATERM;TELEVENDAS;TELEVENDAS;OUTROS;2025-12-01;31,34;TELEVENDAS|31 - CPVC ULTRATERM|OUTROS|DEZ25
31 - CPVC ULTRATERM;TELEVENDAS;TELEVENDAS;VAREJO;2025-01-01;603,66;TELEVENDAS|31 - CPVC ULTRATERM|VAREJO|JAN25
31 - CPVC ULTRATERM;TELEVENDAS;TELEVENDAS;VAREJO;2025-02-01;369,09;TELEVENDAS|31 - CPVC ULTRATERM|VAREJO|FEV25
31 - CPVC ULTRATERM;TELEVENDAS;TELEVENDAS;VAREJO;2025-03-01;741,59;TELEVENDAS|31 - CPVC ULTRATERM|VAREJO|MAR25
31 - CPVC ULTRATERM;TELEVENDAS;TELEVENDAS;VAREJO;2025-04-01;578,06;TELEVENDAS|31 - CPVC ULTRATERM|VAREJO|ABR25
31 - CPVC ULTRATERM;TELEVENDAS;TELEVENDAS;VAREJO;2025-05-01;545,69;TELEVENDAS|31 - CPVC ULTRATERM|VAREJO|MAI25
31 - CPVC ULTRATERM;TELEVENDAS;TELEVENDAS;VAREJO;2025-06-01;715,11;TELEVENDAS|31 - CPVC ULTRATERM|VAREJO|JUN25
31 - CPVC ULTRATERM;TELEVENDAS;TELEVENDAS;VAREJO;2025-07-01;655,45;TELEVENDAS|31 - CPVC ULTRATERM|VAREJO|JUL25
31 - CPVC ULTRATERM;TELEVENDAS;TELEVENDAS;VAREJO;2025-08-01;540,47;TELEVENDAS|31 - CPVC ULTRATERM|VAREJO|AGO25
31 - CPVC ULTRATERM;TELEVENDAS;TELEVENDAS;VAREJO;2025-09-01;486,75;TELEVENDAS|31 - CPVC ULTRATERM|VAREJO|SET25
31 - CPVC ULTRATERM;TELEVENDAS;TELEVENDAS;VAREJO;2025-10-01;337,07;TELEVENDAS|31 - CPVC ULTRATERM|VAREJO|OUT25
31 - CPVC ULTRATERM;TELEVENDAS;TELEVENDAS;VAREJO;2025-11-01;376,20;TELEVENDAS|31 - CPVC ULTRATERM|VAREJO|NOV25
31 - CPVC ULTRATERM;TELEVENDAS;TELEVENDAS;VAREJO;2025-12-01;502,24;TELEVENDAS|31 - CPVC ULTRATERM|VAREJO|DEZ25
