FAMILIA;REGIONAL;REGIONAL_GESTOR;SEGMENTO;PERIODO;VOL_PREV;ID
00 - TUBOS PVC KRONA;CENTRO OESTE;CO NO;ATACADO;2027-01-01;376113,20;CENTRO OESTE|00 - TUBOS PVC KRONA|ATACADO|JAN27
00 - TUBOS PVC KRONA;CENTRO OESTE;CO NO;ATACADO;2027-02-01;454710,29;CENTRO OESTE|00 - TUBOS PVC KRONA|ATACADO|FEV27
00 - TUBOS PVC KRONA;CENTRO OESTE;CO NO;ATACADO;2027-03-01;454492,28;CENTRO OESTE|00 - TUBOS PVC KRONA|ATACADO|MAR27
00 - TUBOS PVC KRONA;CENTRO OESTE;CO NO;ATACADO;2027-04-01;460564,69;CENTRO OESTE|00 - TUBOS PVC KRONA|ATACADO|ABR27
00 - TUBOS PVC KRONA;CENTRO OESTE;CO NO;ATACADO;2027-05-01;436969,17;CENTRO OESTE|00 - TUBOS PVC KRONA|ATACADO|MAI27
00 - TUBOS PVC KRONA;CENTRO OESTE;CO NO;ATACADO;2027-06-01;483824,85;CENTRO OESTE|00 - TUBOS PVC KRONA|ATACADO|JUN27
00 - TUBOS PVC KRONA;CENTRO OESTE;CO NO;ATACADO;2027-07-01;462446,22;CENTRO OESTE|00 - TUBOS PVC KRONA|ATACADO|JUL27
00 - TUBOS PVC KRONA;CENTRO OESTE;CO NO;ATACADO;2027-08-01;448150,18;CENTRO OESTE|00 - TUBOS PVC KRONA|ATACADO|AGO27
00 - TUBOS PVC KRONA;CENTRO OESTE;CO NO;ATACADO;2027-09-01;516634,16;CENTRO OESTE|00 - TUBOS PVC KRONA|ATACADO|SET27
00 - TUBOS PVC KRONA;CENTRO OESTE;CO NO;ATACADO;2027-10-01;517088,07;CENTRO OESTE|00 - TUBOS PVC KRONA|ATACADO|OUT27
00 - TUBOS PVC KRONA;CENTRO OESTE;CO NO;ATACADO;2027-11-01;495420,24;CENTRO OESTE|00 - TUBOS PVC KRONA|ATACADO|NOV27
00 - TUBOS PVC KRONA;CENTRO OESTE;CO NO;ATACADO;2027-12-01;542872,71;CENTRO OESTE|00 - TUBOS PVC KRONA|ATACADO|DEZ27
00 - TUBOS PVC KRONA;CENTRO OESTE;CO NO;OUTROS;2027-01-01;109,79;CENTRO OESTE|00 - TUBOS PVC KRONA|OUTROS|JAN27
00 - TUBOS PVC KRONA;CENTRO OESTE;CO NO;OUTROS;2027-02-01;126,87;CENTRO OESTE|00 - TUBOS PVC KRONA|OUTROS|FEV27
00 - TUBOS PVC KRONA;CENTRO OESTE;CO NO;OUTROS;2027-03-01;124,45;CENTRO OESTE|00 - TUBOS PVC KRONA|OUTROS|MAR27
00 - TUBOS PVC KRONA;CENTRO OESTE;CO NO;OUTROS;2027-04-01;132,60;CENTRO OESTE|00 - TUBOS PVC KRONA|OUTROS|ABR27
00 - TUBOS PVC KRONA;CENTRO OESTE;CO NO;OUTROS;2027-05-01;99,91;CENTRO OESTE|00 - TUBOS PVC KRONA|OUTROS|MAI27
00 - TUBOS PVC KRONA;CENTRO OESTE;CO NO;OUTROS;2027-06-01;120,47;CENTRO OESTE|00 - TUBOS PVC KRONA|OUTROS|JUN27
00 - TUBOS PVC KRONA;CENTRO OESTE;CO NO;OUTROS;2027-07-01;128,95;CENTRO OESTE|00 - TUBOS PVC KRONA|OUTROS|JUL27
00 - TUBOS PVC KRONA;CENTRO OESTE;CO NO;OUTROS;2027-08-01;112,52;CENTRO OESTE|00 - TUBOS PVC KRONA|OUTROS|AGO27
00 - TUBOS PVC KRONA;CENTRO OESTE;CO NO;OUTROS;2027-09-01;130,62;CENTRO OESTE|00 - TUBOS PVC KRONA|OUTROS|SET27
00 - TUBOS PVC KRONA;CENTRO OESTE;CO NO;OUTROS;2027-10-01;123,77;CENTRO OESTE|00 - TUBOS PVC KRONA|OUTROS|OUT27
00 - TUBOS PVC KRONA;CENTRO OESTE;CO NO;OUTROS;2027-11-01;111,11;CENTRO OESTE|00 - TUBOS PVC KRONA|OUTROS|NOV27
00 - TUBOS PVC KRONA;CENTRO OESTE;CO NO;OUTROS;2027-12-01;120,63;CENTRO OESTE|00 - TUBOS PVC KRONA|OUTROS|DEZ27
00 - TUBOS PVC KRONA;CENTRO OESTE;CO NO;VAREJO;2027-01-01;161697,53;CENTRO OESTE|00 - TUBOS PVC KRONA|VAREJO|JAN27
00 - TUBOS PVC KRONA;CENTRO OESTE;CO NO;VAREJO;2027-02-01;194396,31;CENTRO OESTE|00 - TUBOS PVC KRONA|VAREJO|FEV27
00 - TUBOS PVC KRONA;CENTRO OESTE;CO NO;VAREJO;2027-03-01;194599,24;CENTRO OESTE|00 - TUBOS PVC KRONA|VAREJO|MAR27
00 - TUBOS PVC KRONA;CENTRO OESTE;CO NO;VAREJO;2027-04-01;198287,48;CENTRO OESTE|00 - TUBOS PVC KRONA|VAREJO|ABR27
00 - TUBOS PVC KRONA;CENTRO OESTE;CO NO;VAREJO;2027-05-01;187492,47;CENTRO OESTE|00 - TUBOS PVC KRONA|VAREJO|MAI27
00 - TUBOS PVC KRONA;CENTRO OESTE;CO NO;VAREJO;2027-06-01;202136,09;CENTRO OESTE|00 - TUBOS PVC KRONA|VAREJO|JUN27
00 - TUBOS PVC KRONA;CENTRO OESTE;CO NO;VAREJO;2027-07-01;196107,06;CENTRO OESTE|00 - TUBOS PVC KRONA|VAREJO|JUL27
00 - TUBOS PVC KRONA;CENTRO OESTE;CO NO;VAREJO;2027-08-01;193380,05;CENTRO OESTE|00 - TUBOS PVC KRONA|VAREJO|AGO27
00 - TUBOS PVC KRONA;CENTRO OESTE;CO NO;VAREJO;2027-09-01;214502,48;CENTRO OESTE|00 - TUBOS PVC KRONA|VAREJO|SET27
00 - TUBOS PVC KRONA;CENTRO OESTE;CO NO;VAREJO;2027-10-01;216804,72;CENTRO OESTE|00 - TUBOS PVC KRONA|VAREJO|OUT27
00 - TUBOS PVC KRONA;CENTRO OESTE;CO NO;VAREJO;2027-11-01;209271,87;CENTRO OESTE|00 - TUBOS PVC KRONA|VAREJO|NOV27
00 - TUBOS PVC KRONA;CENTRO OESTE;CO NO;VAREJO;2027-12-01;227460,28;CENTRO OESTE|00 - TUBOS PVC KRONA|VAREJO|DEZ27
00 - TUBOS PVC KRONA;CONSTR CENTRO OESTE;CONSTRUTORA;CONSTRUTORA;2027-01-01;175365,56;CONSTR CENTRO OESTE|00 - TUBOS PVC KRONA|CONSTRUTORA|JAN27
00 - TUBOS PVC KRONA;CONSTR CENTRO OESTE;CONSTRUTORA;CONSTRUTORA;2027-02-01;182378,24;CONSTR CENTRO OESTE|00 - TUBOS PVC KRONA|CONSTRUTORA|FEV27
00 - TUBOS PVC KRONA;CONSTR CENTRO OESTE;CONSTRUTORA;CONSTRUTORA;2027-03-01;183000,97;CONSTR CENTRO OESTE|00 - TUBOS PVC KRONA|CONSTRUTORA|MAR27
00 - TUBOS PVC KRONA;CONSTR CENTRO OESTE;CONSTRUTORA;CONSTRUTORA;2027-04-01;183076,43;CONSTR CENTRO OESTE|00 - TUBOS PVC KRONA|CONSTRUTORA|ABR27
00 - TUBOS PVC KRONA;CONSTR CENTRO OESTE;CONSTRUTORA;CONSTRUTORA;2027-05-01;186018,13;CONSTR CENTRO OESTE|00 - TUBOS PVC KRONA|CONSTRUTORA|MAI27
00 - TUBOS PVC KRONA;CONSTR CENTRO OESTE;CONSTRUTORA;CONSTRUTORA;2027-06-01;190231,66;CONSTR CENTRO OESTE|00 - TUBOS PVC KRONA|CONSTRUTORA|JUN27
00 - TUBOS PVC KRONA;CONSTR CENTRO OESTE;CONSTRUTORA;CONSTRUTORA;2027-07-01;186357,12;CONSTR CENTRO OESTE|00 - TUBOS PVC KRONA|CONSTRUTORA|JUL27
00 - TUBOS PVC KRONA;CONSTR CENTRO OESTE;CONSTRUTORA;CONSTRUTORA;2027-08-01;195704,28;CONSTR CENTRO OESTE|00 - TUBOS PVC KRONA|CONSTRUTORA|AGO27
00 - TUBOS PVC KRONA;CONSTR CENTRO OESTE;CONSTRUTORA;CONSTRUTORA;2027-09-01;197569,92;CONSTR CENTRO OESTE|00 - TUBOS PVC KRONA|CONSTRUTORA|SET27
00 - TUBOS PVC KRONA;CONSTR CENTRO OESTE;CONSTRUTORA;CONSTRUTORA;2027-10-01;202369,56;CONSTR CENTRO OESTE|00 - TUBOS PVC KRONA|CONSTRUTORA|OUT27
00 - TUBOS PVC KRONA;CONSTR CENTRO OESTE;CONSTRUTORA;CONSTRUTORA;2027-11-01;202185,44;CONSTR CENTRO OESTE|00 - TUBOS PVC KRONA|CONSTRUTORA|NOV27
00 - TUBOS PVC KRONA;CONSTR CENTRO OESTE;CONSTRUTORA;CONSTRUTORA;2027-12-01;205217,76;CONSTR CENTRO OESTE|00 - TUBOS PVC KRONA|CONSTRUTORA|DEZ27
00 - TUBOS PVC KRONA;CONSTR CENTRO OESTE;CONSTRUTORA;OUTROS;2027-01-01;6,98;CONSTR CENTRO OESTE|00 - TUBOS PVC KRONA|OUTROS|JAN27
00 - TUBOS PVC KRONA;CONSTR CENTRO OESTE;CONSTRUTORA;OUTROS;2027-02-01;7,04;CONSTR CENTRO OESTE|00 - TUBOS PVC KRONA|OUTROS|FEV27
00 - TUBOS PVC KRONA;CONSTR CENTRO OESTE;CONSTRUTORA;OUTROS;2027-03-01;7,08;CONSTR CENTRO OESTE|00 - TUBOS PVC KRONA|OUTROS|MAR27
00 - TUBOS PVC KRONA;CONSTR CENTRO OESTE;CONSTRUTORA;OUTROS;2027-04-01;7,20;CONSTR CENTRO OESTE|00 - TUBOS PVC KRONA|OUTROS|ABR27
00 - TUBOS PVC KRONA;CONSTR CENTRO OESTE;CONSTRUTORA;OUTROS;2027-05-01;6,70;CONSTR CENTRO OESTE|00 - TUBOS PVC KRONA|OUTROS|MAI27
00 - TUBOS PVC KRONA;CONSTR CENTRO OESTE;CONSTRUTORA;OUTROS;2027-06-01;6,58;CONSTR CENTRO OESTE|00 - TUBOS PVC KRONA|OUTROS|JUN27
00 - TUBOS PVC KRONA;CONSTR CENTRO OESTE;CONSTRUTORA;OUTROS;2027-07-01;5,97;CONSTR CENTRO OESTE|00 - TUBOS PVC KRONA|OUTROS|JUL27
00 - TUBOS PVC KRONA;CONSTR CENTRO OESTE;CONSTRUTORA;OUTROS;2027-08-01;5,82;CONSTR CENTRO OESTE|00 - TUBOS PVC KRONA|OUTROS|AGO27
00 - TUBOS PVC KRONA;CONSTR CENTRO OESTE;CONSTRUTORA;OUTROS;2027-09-01;5,88;CONSTR CENTRO OESTE|00 - TUBOS PVC KRONA|OUTROS|SET27
00 - TUBOS PVC KRONA;CONSTR CENTRO OESTE;CONSTRUTORA;OUTROS;2027-10-01;5,92;CONSTR CENTRO OESTE|00 - TUBOS PVC KRONA|OUTROS|OUT27
00 - TUBOS PVC KRONA;CONSTR CENTRO OESTE;CONSTRUTORA;OUTROS;2027-11-01;5,97;CONSTR CENTRO OESTE|00 - TUBOS PVC KRONA|OUTROS|NOV27
00 - TUBOS PVC KRONA;CONSTR CENTRO OESTE;CONSTRUTORA;OUTROS;2027-12-01;6,01;CONSTR CENTRO OESTE|00 - TUBOS PVC KRONA|OUTROS|DEZ27
00 - TUBOS PVC KRONA;CONSTR NORDESTE;CONSTRUTORA;CONSTRUTORA;2027-01-01;380054,60;CONSTR NORDESTE|00 - TUBOS PVC KRONA|CONSTRUTORA|JAN27
00 - TUBOS PVC KRONA;CONSTR NORDESTE;CONSTRUTORA;CONSTRUTORA;2027-02-01;397655,40;CONSTR NORDESTE|00 - TUBOS PVC KRONA|CONSTRUTORA|FEV27
00 - TUBOS PVC KRONA;CONSTR NORDESTE;CONSTRUTORA;CONSTRUTORA;2027-03-01;413026,25;CONSTR NORDESTE|00 - TUBOS PVC KRONA|CONSTRUTORA|MAR27
00 - TUBOS PVC KRONA;CONSTR NORDESTE;CONSTRUTORA;CONSTRUTORA;2027-04-01;425061,83;CONSTR NORDESTE|00 - TUBOS PVC KRONA|CONSTRUTORA|ABR27
00 - TUBOS PVC KRONA;CONSTR NORDESTE;CONSTRUTORA;CONSTRUTORA;2027-05-01;357892,28;CONSTR NORDESTE|00 - TUBOS PVC KRONA|CONSTRUTORA|MAI27
00 - TUBOS PVC KRONA;CONSTR NORDESTE;CONSTRUTORA;CONSTRUTORA;2027-06-01;360698,54;CONSTR NORDESTE|00 - TUBOS PVC KRONA|CONSTRUTORA|JUN27
00 - TUBOS PVC KRONA;CONSTR NORDESTE;CONSTRUTORA;CONSTRUTORA;2027-07-01;349082,00;CONSTR NORDESTE|00 - TUBOS PVC KRONA|CONSTRUTORA|JUL27
00 - TUBOS PVC KRONA;CONSTR NORDESTE;CONSTRUTORA;CONSTRUTORA;2027-08-01;374370,86;CONSTR NORDESTE|00 - TUBOS PVC KRONA|CONSTRUTORA|AGO27
00 - TUBOS PVC KRONA;CONSTR NORDESTE;CONSTRUTORA;CONSTRUTORA;2027-09-01;368941,49;CONSTR NORDESTE|00 - TUBOS PVC KRONA|CONSTRUTORA|SET27
00 - TUBOS PVC KRONA;CONSTR NORDESTE;CONSTRUTORA;CONSTRUTORA;2027-10-01;372829,04;CONSTR NORDESTE|00 - TUBOS PVC KRONA|CONSTRUTORA|OUT27
00 - TUBOS PVC KRONA;CONSTR NORDESTE;CONSTRUTORA;CONSTRUTORA;2027-11-01;375046,79;CONSTR NORDESTE|00 - TUBOS PVC KRONA|CONSTRUTORA|NOV27
00 - TUBOS PVC KRONA;CONSTR NORDESTE;CONSTRUTORA;CONSTRUTORA;2027-12-01;380055,97;CONSTR NORDESTE|00 - TUBOS PVC KRONA|CONSTRUTORA|DEZ27
00 - TUBOS PVC KRONA;CONSTR NORDESTE;CONSTRUTORA;OUTROS;2027-01-01;129,45;CONSTR NORDESTE|00 - TUBOS PVC KRONA|OUTROS|JAN27
00 - TUBOS PVC KRONA;CONSTR NORDESTE;CONSTRUTORA;OUTROS;2027-02-01;132,73;CONSTR NORDESTE|00 - TUBOS PVC KRONA|OUTROS|FEV27
00 - TUBOS PVC KRONA;CONSTR NORDESTE;CONSTRUTORA;OUTROS;2027-03-01;134,96;CONSTR NORDESTE|00 - TUBOS PVC KRONA|OUTROS|MAR27
00 - TUBOS PVC KRONA;CONSTR NORDESTE;CONSTRUTORA;OUTROS;2027-04-01;136,71;CONSTR NORDESTE|00 - TUBOS PVC KRONA|OUTROS|ABR27
00 - TUBOS PVC KRONA;CONSTR NORDESTE;CONSTRUTORA;OUTROS;2027-05-01;130,44;CONSTR NORDESTE|00 - TUBOS PVC KRONA|OUTROS|MAI27
00 - TUBOS PVC KRONA;CONSTR NORDESTE;CONSTRUTORA;OUTROS;2027-06-01;131,07;CONSTR NORDESTE|00 - TUBOS PVC KRONA|OUTROS|JUN27
00 - TUBOS PVC KRONA;CONSTR NORDESTE;CONSTRUTORA;OUTROS;2027-07-01;130,61;CONSTR NORDESTE|00 - TUBOS PVC KRONA|OUTROS|JUL27
00 - TUBOS PVC KRONA;CONSTR NORDESTE;CONSTRUTORA;OUTROS;2027-08-01;133,40;CONSTR NORDESTE|00 - TUBOS PVC KRONA|OUTROS|AGO27
00 - TUBOS PVC KRONA;CONSTR NORDESTE;CONSTRUTORA;OUTROS;2027-09-01;133,77;CONSTR NORDESTE|00 - TUBOS PVC KRONA|OUTROS|SET27
00 - TUBOS PVC KRONA;CONSTR NORDESTE;CONSTRUTORA;OUTROS;2027-10-01;134,31;CONSTR NORDESTE|00 - TUBOS PVC KRONA|OUTROS|OUT27
00 - TUBOS PVC KRONA;CONSTR NORDESTE;CONSTRUTORA;OUTROS;2027-11-01;135,51;CONSTR NORDESTE|00 - TUBOS PVC KRONA|OUTROS|NOV27
00 - TUBOS PVC KRONA;CONSTR NORDESTE;CONSTRUTORA;OUTROS;2027-12-01;135,75;CONSTR NORDESTE|00 - TUBOS PVC KRONA|OUTROS|DEZ27
00 - TUBOS PVC KRONA;CONSTR NORTE;CONSTRUTORA;CONSTRUTORA;2027-01-01;11671,15;CONSTR NORTE|00 - TUBOS PVC KRONA|CONSTRUTORA|JAN27
00 - TUBOS PVC KRONA;CONSTR NORTE;CONSTRUTORA;CONSTRUTORA;2027-02-01;9897,36;CONSTR NORTE|00 - TUBOS PVC KRONA|CONSTRUTORA|FEV27
00 - TUBOS PVC KRONA;CONSTR NORTE;CONSTRUTORA;CONSTRUTORA;2027-03-01;11530,72;CONSTR NORTE|00 - TUBOS PVC KRONA|CONSTRUTORA|MAR27
00 - TUBOS PVC KRONA;CONSTR NORTE;CONSTRUTORA;CONSTRUTORA;2027-04-01;12548,33;CONSTR NORTE|00 - TUBOS PVC KRONA|CONSTRUTORA|ABR27
00 - TUBOS PVC KRONA;CONSTR NORTE;CONSTRUTORA;CONSTRUTORA;2027-05-01;11616,73;CONSTR NORTE|00 - TUBOS PVC KRONA|CONSTRUTORA|MAI27
00 - TUBOS PVC KRONA;CONSTR NORTE;CONSTRUTORA;CONSTRUTORA;2027-06-01;13846,04;CONSTR NORTE|00 - TUBOS PVC KRONA|CONSTRUTORA|JUN27
00 - TUBOS PVC KRONA;CONSTR NORTE;CONSTRUTORA;CONSTRUTORA;2027-07-01;12993,56;CONSTR NORTE|00 - TUBOS PVC KRONA|CONSTRUTORA|JUL27
00 - TUBOS PVC KRONA;CONSTR NORTE;CONSTRUTORA;CONSTRUTORA;2027-08-01;10412,85;CONSTR NORTE|00 - TUBOS PVC KRONA|CONSTRUTORA|AGO27
00 - TUBOS PVC KRONA;CONSTR NORTE;CONSTRUTORA;CONSTRUTORA;2027-09-01;12667,93;CONSTR NORTE|00 - TUBOS PVC KRONA|CONSTRUTORA|SET27
00 - TUBOS PVC KRONA;CONSTR NORTE;CONSTRUTORA;CONSTRUTORA;2027-10-01;15327,10;CONSTR NORTE|00 - TUBOS PVC KRONA|CONSTRUTORA|OUT27
00 - TUBOS PVC KRONA;CONSTR NORTE;CONSTRUTORA;CONSTRUTORA;2027-11-01;12450,35;CONSTR NORTE|00 - TUBOS PVC KRONA|CONSTRUTORA|NOV27
00 - TUBOS PVC KRONA;CONSTR NORTE;CONSTRUTORA;CONSTRUTORA;2027-12-01;18918,62;CONSTR NORTE|00 - TUBOS PVC KRONA|CONSTRUTORA|DEZ27
00 - TUBOS PVC KRONA;CONSTR SAO PAULO;CONSTRUTORA;CONSTRUTORA;2027-01-01;109864,71;CONSTR SAO PAULO|00 - TUBOS PVC KRONA|CONSTRUTORA|JAN27
00 - TUBOS PVC KRONA;CONSTR SAO PAULO;CONSTRUTORA;CONSTRUTORA;2027-02-01;149377,61;CONSTR SAO PAULO|00 - TUBOS PVC KRONA|CONSTRUTORA|FEV27
00 - TUBOS PVC KRONA;CONSTR SAO PAULO;CONSTRUTORA;CONSTRUTORA;2027-03-01;137146,14;CONSTR SAO PAULO|00 - TUBOS PVC KRONA|CONSTRUTORA|MAR27
00 - TUBOS PVC KRONA;CONSTR SAO PAULO;CONSTRUTORA;CONSTRUTORA;2027-04-01;142283,99;CONSTR SAO PAULO|00 - TUBOS PVC KRONA|CONSTRUTORA|ABR27
00 - TUBOS PVC KRONA;CONSTR SAO PAULO;CONSTRUTORA;CONSTRUTORA;2027-05-01;136950,39;CONSTR SAO PAULO|00 - TUBOS PVC KRONA|CONSTRUTORA|MAI27
00 - TUBOS PVC KRONA;CONSTR SAO PAULO;CONSTRUTORA;CONSTRUTORA;2027-06-01;140953,57;CONSTR SAO PAULO|00 - TUBOS PVC KRONA|CONSTRUTORA|JUN27
00 - TUBOS PVC KRONA;CONSTR SAO PAULO;CONSTRUTORA;CONSTRUTORA;2027-07-01;132634,09;CONSTR SAO PAULO|00 - TUBOS PVC KRONA|CONSTRUTORA|JUL27
00 - TUBOS PVC KRONA;CONSTR SAO PAULO;CONSTRUTORA;CONSTRUTORA;2027-08-01;148954,32;CONSTR SAO PAULO|00 - TUBOS PVC KRONA|CONSTRUTORA|AGO27
00 - TUBOS PVC KRONA;CONSTR SAO PAULO;CONSTRUTORA;CONSTRUTORA;2027-09-01;138563,00;CONSTR SAO PAULO|00 - TUBOS PVC KRONA|CONSTRUTORA|SET27
00 - TUBOS PVC KRONA;CONSTR SAO PAULO;CONSTRUTORA;CONSTRUTORA;2027-10-01;143783,39;CONSTR SAO PAULO|00 - TUBOS PVC KRONA|CONSTRUTORA|OUT27
00 - TUBOS PVC KRONA;CONSTR SAO PAULO;CONSTRUTORA;CONSTRUTORA;2027-11-01;135945,88;CONSTR SAO PAULO|00 - TUBOS PVC KRONA|CONSTRUTORA|NOV27
00 - TUBOS PVC KRONA;CONSTR SAO PAULO;CONSTRUTORA;CONSTRUTORA;2027-12-01;156117,24;CONSTR SAO PAULO|00 - TUBOS PVC KRONA|CONSTRUTORA|DEZ27
00 - TUBOS PVC KRONA;CONSTR SAO PAULO;CONSTRUTORA;OUTROS;2027-01-01;27,12;CONSTR SAO PAULO|00 - TUBOS PVC KRONA|OUTROS|JAN27
00 - TUBOS PVC KRONA;CONSTR SAO PAULO;CONSTRUTORA;OUTROS;2027-02-01;35,90;CONSTR SAO PAULO|00 - TUBOS PVC KRONA|OUTROS|FEV27
00 - TUBOS PVC KRONA;CONSTR SAO PAULO;CONSTRUTORA;OUTROS;2027-03-01;32,68;CONSTR SAO PAULO|00 - TUBOS PVC KRONA|OUTROS|MAR27
00 - TUBOS PVC KRONA;CONSTR SAO PAULO;CONSTRUTORA;OUTROS;2027-04-01;33,55;CONSTR SAO PAULO|00 - TUBOS PVC KRONA|OUTROS|ABR27
00 - TUBOS PVC KRONA;CONSTR SAO PAULO;CONSTRUTORA;OUTROS;2027-05-01;31,64;CONSTR SAO PAULO|00 - TUBOS PVC KRONA|OUTROS|MAI27
00 - TUBOS PVC KRONA;CONSTR SAO PAULO;CONSTRUTORA;OUTROS;2027-06-01;32,11;CONSTR SAO PAULO|00 - TUBOS PVC KRONA|OUTROS|JUN27
00 - TUBOS PVC KRONA;CONSTR SAO PAULO;CONSTRUTORA;OUTROS;2027-07-01;30,40;CONSTR SAO PAULO|00 - TUBOS PVC KRONA|OUTROS|JUL27
00 - TUBOS PVC KRONA;CONSTR SAO PAULO;CONSTRUTORA;OUTROS;2027-08-01;34,06;CONSTR SAO PAULO|00 - TUBOS PVC KRONA|OUTROS|AGO27
00 - TUBOS PVC KRONA;CONSTR SAO PAULO;CONSTRUTORA;OUTROS;2027-09-01;31,87;CONSTR SAO PAULO|00 - TUBOS PVC KRONA|OUTROS|SET27
00 - TUBOS PVC KRONA;CONSTR SAO PAULO;CONSTRUTORA;OUTROS;2027-10-01;33,59;CONSTR SAO PAULO|00 - TUBOS PVC KRONA|OUTROS|OUT27
00 - TUBOS PVC KRONA;CONSTR SAO PAULO;CONSTRUTORA;OUTROS;2027-11-01;31,29;CONSTR SAO PAULO|00 - TUBOS PVC KRONA|OUTROS|NOV27
00 - TUBOS PVC KRONA;CONSTR SAO PAULO;CONSTRUTORA;OUTROS;2027-12-01;34,78;CONSTR SAO PAULO|00 - TUBOS PVC KRONA|OUTROS|DEZ27
00 - TUBOS PVC KRONA;CONSTR SAO PAULO;CONSTRUTORA;VAREJO;2027-01-01;9,90;CONSTR SAO PAULO|00 - TUBOS PVC KRONA|VAREJO|JAN27
00 - TUBOS PVC KRONA;CONSTR SAO PAULO;CONSTRUTORA;VAREJO;2027-02-01;14,70;CONSTR SAO PAULO|00 - TUBOS PVC KRONA|VAREJO|FEV27
00 - TUBOS PVC KRONA;CONSTR SAO PAULO;CONSTRUTORA;VAREJO;2027-03-01;12,85;CONSTR SAO PAULO|00 - TUBOS PVC KRONA|VAREJO|MAR27
00 - TUBOS PVC KRONA;CONSTR SAO PAULO;CONSTRUTORA;VAREJO;2027-04-01;13,20;CONSTR SAO PAULO|00 - TUBOS PVC KRONA|VAREJO|ABR27
00 - TUBOS PVC KRONA;CONSTR SAO PAULO;CONSTRUTORA;VAREJO;2027-05-01;12,37;CONSTR SAO PAULO|00 - TUBOS PVC KRONA|VAREJO|MAI27
00 - TUBOS PVC KRONA;CONSTR SAO PAULO;CONSTRUTORA;VAREJO;2027-06-01;12,70;CONSTR SAO PAULO|00 - TUBOS PVC KRONA|VAREJO|JUN27
00 - TUBOS PVC KRONA;CONSTR SAO PAULO;CONSTRUTORA;VAREJO;2027-07-01;11,92;CONSTR SAO PAULO|00 - TUBOS PVC KRONA|VAREJO|JUL27
00 - TUBOS PVC KRONA;CONSTR SAO PAULO;CONSTRUTORA;VAREJO;2027-08-01;13,83;CONSTR SAO PAULO|00 - TUBOS PVC KRONA|VAREJO|AGO27
00 - TUBOS PVC KRONA;CONSTR SAO PAULO;CONSTRUTORA;VAREJO;2027-09-01;12,51;CONSTR SAO PAULO|00 - TUBOS PVC KRONA|VAREJO|SET27
00 - TUBOS PVC KRONA;CONSTR SAO PAULO;CONSTRUTORA;VAREJO;2027-10-01;13,58;CONSTR SAO PAULO|00 - TUBOS PVC KRONA|VAREJO|OUT27
00 - TUBOS PVC KRONA;CONSTR SAO PAULO;CONSTRUTORA;VAREJO;2027-11-01;12,06;CONSTR SAO PAULO|00 - TUBOS PVC KRONA|VAREJO|NOV27
00 - TUBOS PVC KRONA;CONSTR SAO PAULO;CONSTRUTORA;VAREJO;2027-12-01;13,97;CONSTR SAO PAULO|00 - TUBOS PVC KRONA|VAREJO|DEZ27
00 - TUBOS PVC KRONA;CONSTR SUDESTE;CONSTRUTORA;CONSTRUTORA;2027-01-01;38353,10;CONSTR SUDESTE|00 - TUBOS PVC KRONA|CONSTRUTORA|JAN27
00 - TUBOS PVC KRONA;CONSTR SUDESTE;CONSTRUTORA;CONSTRUTORA;2027-02-01;59037,05;CONSTR SUDESTE|00 - TUBOS PVC KRONA|CONSTRUTORA|FEV27
00 - TUBOS PVC KRONA;CONSTR SUDESTE;CONSTRUTORA;CONSTRUTORA;2027-03-01;55733,49;CONSTR SUDESTE|00 - TUBOS PVC KRONA|CONSTRUTORA|MAR27
00 - TUBOS PVC KRONA;CONSTR SUDESTE;CONSTRUTORA;CONSTRUTORA;2027-04-01;54705,50;CONSTR SUDESTE|00 - TUBOS PVC KRONA|CONSTRUTORA|ABR27
00 - TUBOS PVC KRONA;CONSTR SUDESTE;CONSTRUTORA;CONSTRUTORA;2027-05-01;47231,25;CONSTR SUDESTE|00 - TUBOS PVC KRONA|CONSTRUTORA|MAI27
00 - TUBOS PVC KRONA;CONSTR SUDESTE;CONSTRUTORA;CONSTRUTORA;2027-06-01;45463,54;CONSTR SUDESTE|00 - TUBOS PVC KRONA|CONSTRUTORA|JUN27
00 - TUBOS PVC KRONA;CONSTR SUDESTE;CONSTRUTORA;CONSTRUTORA;2027-07-01;46857,79;CONSTR SUDESTE|00 - TUBOS PVC KRONA|CONSTRUTORA|JUL27
00 - TUBOS PVC KRONA;CONSTR SUDESTE;CONSTRUTORA;CONSTRUTORA;2027-08-01;49251,93;CONSTR SUDESTE|00 - TUBOS PVC KRONA|CONSTRUTORA|AGO27
00 - TUBOS PVC KRONA;CONSTR SUDESTE;CONSTRUTORA;CONSTRUTORA;2027-09-01;46836,08;CONSTR SUDESTE|00 - TUBOS PVC KRONA|CONSTRUTORA|SET27
00 - TUBOS PVC KRONA;CONSTR SUDESTE;CONSTRUTORA;CONSTRUTORA;2027-10-01;56263,37;CONSTR SUDESTE|00 - TUBOS PVC KRONA|CONSTRUTORA|OUT27
00 - TUBOS PVC KRONA;CONSTR SUDESTE;CONSTRUTORA;CONSTRUTORA;2027-11-01;45825,63;CONSTR SUDESTE|00 - TUBOS PVC KRONA|CONSTRUTORA|NOV27
00 - TUBOS PVC KRONA;CONSTR SUDESTE;CONSTRUTORA;CONSTRUTORA;2027-12-01;45906,12;CONSTR SUDESTE|00 - TUBOS PVC KRONA|CONSTRUTORA|DEZ27
00 - TUBOS PVC KRONA;CONSTR SUL;CONSTRUTORA;CONSTRUTORA;2027-01-01;200738,09;CONSTR SUL|00 - TUBOS PVC KRONA|CONSTRUTORA|JAN27
00 - TUBOS PVC KRONA;CONSTR SUL;CONSTRUTORA;CONSTRUTORA;2027-02-01;196002,40;CONSTR SUL|00 - TUBOS PVC KRONA|CONSTRUTORA|FEV27
00 - TUBOS PVC KRONA;CONSTR SUL;CONSTRUTORA;CONSTRUTORA;2027-03-01;207273,79;CONSTR SUL|00 - TUBOS PVC KRONA|CONSTRUTORA|MAR27
00 - TUBOS PVC KRONA;CONSTR SUL;CONSTRUTORA;CONSTRUTORA;2027-04-01;209077,68;CONSTR SUL|00 - TUBOS PVC KRONA|CONSTRUTORA|ABR27
00 - TUBOS PVC KRONA;CONSTR SUL;CONSTRUTORA;CONSTRUTORA;2027-05-01;181444,86;CONSTR SUL|00 - TUBOS PVC KRONA|CONSTRUTORA|MAI27
00 - TUBOS PVC KRONA;CONSTR SUL;CONSTRUTORA;CONSTRUTORA;2027-06-01;197295,24;CONSTR SUL|00 - TUBOS PVC KRONA|CONSTRUTORA|JUN27
00 - TUBOS PVC KRONA;CONSTR SUL;CONSTRUTORA;CONSTRUTORA;2027-07-01;208412,59;CONSTR SUL|00 - TUBOS PVC KRONA|CONSTRUTORA|JUL27
00 - TUBOS PVC KRONA;CONSTR SUL;CONSTRUTORA;CONSTRUTORA;2027-08-01;202417,67;CONSTR SUL|00 - TUBOS PVC KRONA|CONSTRUTORA|AGO27
00 - TUBOS PVC KRONA;CONSTR SUL;CONSTRUTORA;CONSTRUTORA;2027-09-01;190577,66;CONSTR SUL|00 - TUBOS PVC KRONA|CONSTRUTORA|SET27
00 - TUBOS PVC KRONA;CONSTR SUL;CONSTRUTORA;CONSTRUTORA;2027-10-01;200539,87;CONSTR SUL|00 - TUBOS PVC KRONA|CONSTRUTORA|OUT27
00 - TUBOS PVC KRONA;CONSTR SUL;CONSTRUTORA;CONSTRUTORA;2027-11-01;207511,63;CONSTR SUL|00 - TUBOS PVC KRONA|CONSTRUTORA|NOV27
00 - TUBOS PVC KRONA;CONSTR SUL;CONSTRUTORA;CONSTRUTORA;2027-12-01;201137,74;CONSTR SUL|00 - TUBOS PVC KRONA|CONSTRUTORA|DEZ27
00 - TUBOS PVC KRONA;CONSTR SUL;CONSTRUTORA;OUTROS;2027-01-01;5,49;CONSTR SUL|00 - TUBOS PVC KRONA|OUTROS|JAN27
00 - TUBOS PVC KRONA;CONSTR SUL;CONSTRUTORA;OUTROS;2027-02-01;5,51;CONSTR SUL|00 - TUBOS PVC KRONA|OUTROS|FEV27
00 - TUBOS PVC KRONA;CONSTR SUL;CONSTRUTORA;OUTROS;2027-03-01;6,19;CONSTR SUL|00 - TUBOS PVC KRONA|OUTROS|MAR27
00 - TUBOS PVC KRONA;CONSTR SUL;CONSTRUTORA;OUTROS;2027-04-01;6,28;CONSTR SUL|00 - TUBOS PVC KRONA|OUTROS|ABR27
00 - TUBOS PVC KRONA;CONSTR SUL;CONSTRUTORA;OUTROS;2027-05-01;5,31;CONSTR SUL|00 - TUBOS PVC KRONA|OUTROS|MAI27
00 - TUBOS PVC KRONA;CONSTR SUL;CONSTRUTORA;OUTROS;2027-06-01;5,33;CONSTR SUL|00 - TUBOS PVC KRONA|OUTROS|JUN27
00 - TUBOS PVC KRONA;CONSTR SUL;CONSTRUTORA;OUTROS;2027-07-01;5,43;CONSTR SUL|00 - TUBOS PVC KRONA|OUTROS|JUL27
00 - TUBOS PVC KRONA;CONSTR SUL;CONSTRUTORA;OUTROS;2027-08-01;5,14;CONSTR SUL|00 - TUBOS PVC KRONA|OUTROS|AGO27
00 - TUBOS PVC KRONA;CONSTR SUL;CONSTRUTORA;OUTROS;2027-09-01;5,11;CONSTR SUL|00 - TUBOS PVC KRONA|OUTROS|SET27
00 - TUBOS PVC KRONA;CONSTR SUL;CONSTRUTORA;OUTROS;2027-10-01;5,13;CONSTR SUL|00 - TUBOS PVC KRONA|OUTROS|OUT27
00 - TUBOS PVC KRONA;CONSTR SUL;CONSTRUTORA;OUTROS;2027-11-01;5,04;CONSTR SUL|00 - TUBOS PVC KRONA|OUTROS|NOV27
00 - TUBOS PVC KRONA;CONSTR SUL;CONSTRUTORA;OUTROS;2027-12-01;5,11;CONSTR SUL|00 - TUBOS PVC KRONA|OUTROS|DEZ27
00 - TUBOS PVC KRONA;CONSTR SUL;CONSTRUTORA;VAREJO;2027-01-01;5,43;CONSTR SUL|00 - TUBOS PVC KRONA|VAREJO|JAN27
00 - TUBOS PVC KRONA;CONSTR SUL;CONSTRUTORA;VAREJO;2027-02-01;5,43;CONSTR SUL|00 - TUBOS PVC KRONA|VAREJO|FEV27
00 - TUBOS PVC KRONA;CONSTR SUL;CONSTRUTORA;VAREJO;2027-03-01;5,70;CONSTR SUL|00 - TUBOS PVC KRONA|VAREJO|MAR27
00 - TUBOS PVC KRONA;CONSTR SUL;CONSTRUTORA;VAREJO;2027-04-01;5,78;CONSTR SUL|00 - TUBOS PVC KRONA|VAREJO|ABR27
00 - TUBOS PVC KRONA;CONSTR SUL;CONSTRUTORA;VAREJO;2027-05-01;5,38;CONSTR SUL|00 - TUBOS PVC KRONA|VAREJO|MAI27
00 - TUBOS PVC KRONA;CONSTR SUL;CONSTRUTORA;VAREJO;2027-06-01;5,41;CONSTR SUL|00 - TUBOS PVC KRONA|VAREJO|JUN27
00 - TUBOS PVC KRONA;CONSTR SUL;CONSTRUTORA;VAREJO;2027-07-01;5,43;CONSTR SUL|00 - TUBOS PVC KRONA|VAREJO|JUL27
00 - TUBOS PVC KRONA;CONSTR SUL;CONSTRUTORA;VAREJO;2027-08-01;5,45;CONSTR SUL|00 - TUBOS PVC KRONA|VAREJO|AGO27
00 - TUBOS PVC KRONA;CONSTR SUL;CONSTRUTORA;VAREJO;2027-09-01;5,45;CONSTR SUL|00 - TUBOS PVC KRONA|VAREJO|SET27
00 - TUBOS PVC KRONA;CONSTR SUL;CONSTRUTORA;VAREJO;2027-10-01;5,47;CONSTR SUL|00 - TUBOS PVC KRONA|VAREJO|OUT27
00 - TUBOS PVC KRONA;CONSTR SUL;CONSTRUTORA;VAREJO;2027-11-01;5,45;CONSTR SUL|00 - TUBOS PVC KRONA|VAREJO|NOV27
00 - TUBOS PVC KRONA;CONSTR SUL;CONSTRUTORA;VAREJO;2027-12-01;5,49;CONSTR SUL|00 - TUBOS PVC KRONA|VAREJO|DEZ27
00 - TUBOS PVC KRONA;EXPORTACAO;EXPORTACAO;EXPORTACAO;2027-01-01;11695,34;EXPORTACAO|00 - TUBOS PVC KRONA|EXPORTACAO|JAN27
00 - TUBOS PVC KRONA;EXPORTACAO;EXPORTACAO;EXPORTACAO;2027-02-01;11571,41;EXPORTACAO|00 - TUBOS PVC KRONA|EXPORTACAO|FEV27
00 - TUBOS PVC KRONA;EXPORTACAO;EXPORTACAO;EXPORTACAO;2027-03-01;13494,82;EXPORTACAO|00 - TUBOS PVC KRONA|EXPORTACAO|MAR27
00 - TUBOS PVC KRONA;EXPORTACAO;EXPORTACAO;EXPORTACAO;2027-04-01;12518,45;EXPORTACAO|00 - TUBOS PVC KRONA|EXPORTACAO|ABR27
00 - TUBOS PVC KRONA;EXPORTACAO;EXPORTACAO;EXPORTACAO;2027-05-01;12798,00;EXPORTACAO|00 - TUBOS PVC KRONA|EXPORTACAO|MAI27
00 - TUBOS PVC KRONA;EXPORTACAO;EXPORTACAO;EXPORTACAO;2027-06-01;12421,60;EXPORTACAO|00 - TUBOS PVC KRONA|EXPORTACAO|JUN27
00 - TUBOS PVC KRONA;EXPORTACAO;EXPORTACAO;EXPORTACAO;2027-07-01;12432,74;EXPORTACAO|00 - TUBOS PVC KRONA|EXPORTACAO|JUL27
00 - TUBOS PVC KRONA;EXPORTACAO;EXPORTACAO;EXPORTACAO;2027-08-01;13751,16;EXPORTACAO|00 - TUBOS PVC KRONA|EXPORTACAO|AGO27
00 - TUBOS PVC KRONA;EXPORTACAO;EXPORTACAO;EXPORTACAO;2027-09-01;13339,44;EXPORTACAO|00 - TUBOS PVC KRONA|EXPORTACAO|SET27
00 - TUBOS PVC KRONA;EXPORTACAO;EXPORTACAO;EXPORTACAO;2027-10-01;13152,19;EXPORTACAO|00 - TUBOS PVC KRONA|EXPORTACAO|OUT27
00 - TUBOS PVC KRONA;EXPORTACAO;EXPORTACAO;EXPORTACAO;2027-11-01;13485,90;EXPORTACAO|00 - TUBOS PVC KRONA|EXPORTACAO|NOV27
00 - TUBOS PVC KRONA;EXPORTACAO;EXPORTACAO;EXPORTACAO;2027-12-01;13645,79;EXPORTACAO|00 - TUBOS PVC KRONA|EXPORTACAO|DEZ27
00 - TUBOS PVC KRONA;IRRIGACAO 1;IRRIGACAO;IRRIGACAO;2027-01-01;7144,17;IRRIGACAO 1|00 - TUBOS PVC KRONA|IRRIGACAO|JAN27
00 - TUBOS PVC KRONA;IRRIGACAO 1;IRRIGACAO;IRRIGACAO;2027-02-01;7104,87;IRRIGACAO 1|00 - TUBOS PVC KRONA|IRRIGACAO|FEV27
00 - TUBOS PVC KRONA;IRRIGACAO 1;IRRIGACAO;IRRIGACAO;2027-03-01;7833,09;IRRIGACAO 1|00 - TUBOS PVC KRONA|IRRIGACAO|MAR27
00 - TUBOS PVC KRONA;IRRIGACAO 1;IRRIGACAO;IRRIGACAO;2027-04-01;6749,85;IRRIGACAO 1|00 - TUBOS PVC KRONA|IRRIGACAO|ABR27
00 - TUBOS PVC KRONA;IRRIGACAO 1;IRRIGACAO;IRRIGACAO;2027-05-01;7423,59;IRRIGACAO 1|00 - TUBOS PVC KRONA|IRRIGACAO|MAI27
00 - TUBOS PVC KRONA;IRRIGACAO 1;IRRIGACAO;IRRIGACAO;2027-06-01;7338,99;IRRIGACAO 1|00 - TUBOS PVC KRONA|IRRIGACAO|JUN27
00 - TUBOS PVC KRONA;IRRIGACAO 1;IRRIGACAO;IRRIGACAO;2027-07-01;6788,89;IRRIGACAO 1|00 - TUBOS PVC KRONA|IRRIGACAO|JUL27
00 - TUBOS PVC KRONA;IRRIGACAO 1;IRRIGACAO;IRRIGACAO;2027-08-01;6813,53;IRRIGACAO 1|00 - TUBOS PVC KRONA|IRRIGACAO|AGO27
00 - TUBOS PVC KRONA;IRRIGACAO 1;IRRIGACAO;IRRIGACAO;2027-09-01;7103,28;IRRIGACAO 1|00 - TUBOS PVC KRONA|IRRIGACAO|SET27
00 - TUBOS PVC KRONA;IRRIGACAO 1;IRRIGACAO;IRRIGACAO;2027-10-01;9488,69;IRRIGACAO 1|00 - TUBOS PVC KRONA|IRRIGACAO|OUT27
00 - TUBOS PVC KRONA;IRRIGACAO 1;IRRIGACAO;IRRIGACAO;2027-11-01;10509,78;IRRIGACAO 1|00 - TUBOS PVC KRONA|IRRIGACAO|NOV27
00 - TUBOS PVC KRONA;IRRIGACAO 1;IRRIGACAO;IRRIGACAO;2027-12-01;12186,68;IRRIGACAO 1|00 - TUBOS PVC KRONA|IRRIGACAO|DEZ27
00 - TUBOS PVC KRONA;IRRIGACAO 2;IRRIGACAO;IRRIGACAO;2027-01-01;4139,06;IRRIGACAO 2|00 - TUBOS PVC KRONA|IRRIGACAO|JAN27
00 - TUBOS PVC KRONA;IRRIGACAO 2;IRRIGACAO;IRRIGACAO;2027-02-01;3950,18;IRRIGACAO 2|00 - TUBOS PVC KRONA|IRRIGACAO|FEV27
00 - TUBOS PVC KRONA;IRRIGACAO 2;IRRIGACAO;IRRIGACAO;2027-03-01;4992,07;IRRIGACAO 2|00 - TUBOS PVC KRONA|IRRIGACAO|MAR27
00 - TUBOS PVC KRONA;IRRIGACAO 2;IRRIGACAO;IRRIGACAO;2027-04-01;4693,94;IRRIGACAO 2|00 - TUBOS PVC KRONA|IRRIGACAO|ABR27
00 - TUBOS PVC KRONA;IRRIGACAO 2;IRRIGACAO;IRRIGACAO;2027-05-01;3883,20;IRRIGACAO 2|00 - TUBOS PVC KRONA|IRRIGACAO|MAI27
00 - TUBOS PVC KRONA;IRRIGACAO 2;IRRIGACAO;IRRIGACAO;2027-06-01;4685,18;IRRIGACAO 2|00 - TUBOS PVC KRONA|IRRIGACAO|JUN27
00 - TUBOS PVC KRONA;IRRIGACAO 2;IRRIGACAO;IRRIGACAO;2027-07-01;4275,67;IRRIGACAO 2|00 - TUBOS PVC KRONA|IRRIGACAO|JUL27
00 - TUBOS PVC KRONA;IRRIGACAO 2;IRRIGACAO;IRRIGACAO;2027-08-01;4486,28;IRRIGACAO 2|00 - TUBOS PVC KRONA|IRRIGACAO|AGO27
00 - TUBOS PVC KRONA;IRRIGACAO 2;IRRIGACAO;IRRIGACAO;2027-09-01;4169,91;IRRIGACAO 2|00 - TUBOS PVC KRONA|IRRIGACAO|SET27
00 - TUBOS PVC KRONA;IRRIGACAO 2;IRRIGACAO;IRRIGACAO;2027-10-01;4416,30;IRRIGACAO 2|00 - TUBOS PVC KRONA|IRRIGACAO|OUT27
00 - TUBOS PVC KRONA;IRRIGACAO 2;IRRIGACAO;IRRIGACAO;2027-11-01;4393,64;IRRIGACAO 2|00 - TUBOS PVC KRONA|IRRIGACAO|NOV27
00 - TUBOS PVC KRONA;IRRIGACAO 2;IRRIGACAO;IRRIGACAO;2027-12-01;4405,69;IRRIGACAO 2|00 - TUBOS PVC KRONA|IRRIGACAO|DEZ27
00 - TUBOS PVC KRONA;IRRIGACAO 2;IRRIGACAO;VAREJO;2027-01-01;195,40;IRRIGACAO 2|00 - TUBOS PVC KRONA|VAREJO|JAN27
00 - TUBOS PVC KRONA;IRRIGACAO 2;IRRIGACAO;VAREJO;2027-02-01;195,56;IRRIGACAO 2|00 - TUBOS PVC KRONA|VAREJO|FEV27
00 - TUBOS PVC KRONA;IRRIGACAO 2;IRRIGACAO;VAREJO;2027-03-01;219,68;IRRIGACAO 2|00 - TUBOS PVC KRONA|VAREJO|MAR27
00 - TUBOS PVC KRONA;IRRIGACAO 2;IRRIGACAO;VAREJO;2027-04-01;204,98;IRRIGACAO 2|00 - TUBOS PVC KRONA|VAREJO|ABR27
00 - TUBOS PVC KRONA;IRRIGACAO 2;IRRIGACAO;VAREJO;2027-05-01;173,77;IRRIGACAO 2|00 - TUBOS PVC KRONA|VAREJO|MAI27
00 - TUBOS PVC KRONA;IRRIGACAO 2;IRRIGACAO;VAREJO;2027-06-01;191,59;IRRIGACAO 2|00 - TUBOS PVC KRONA|VAREJO|JUN27
00 - TUBOS PVC KRONA;IRRIGACAO 2;IRRIGACAO;VAREJO;2027-07-01;190,00;IRRIGACAO 2|00 - TUBOS PVC KRONA|VAREJO|JUL27
00 - TUBOS PVC KRONA;IRRIGACAO 2;IRRIGACAO;VAREJO;2027-08-01;175,62;IRRIGACAO 2|00 - TUBOS PVC KRONA|VAREJO|AGO27
00 - TUBOS PVC KRONA;IRRIGACAO 2;IRRIGACAO;VAREJO;2027-09-01;172,60;IRRIGACAO 2|00 - TUBOS PVC KRONA|VAREJO|SET27
00 - TUBOS PVC KRONA;IRRIGACAO 2;IRRIGACAO;VAREJO;2027-10-01;172,40;IRRIGACAO 2|00 - TUBOS PVC KRONA|VAREJO|OUT27
00 - TUBOS PVC KRONA;IRRIGACAO 2;IRRIGACAO;VAREJO;2027-11-01;186,18;IRRIGACAO 2|00 - TUBOS PVC KRONA|VAREJO|NOV27
00 - TUBOS PVC KRONA;IRRIGACAO 2;IRRIGACAO;VAREJO;2027-12-01;171,93;IRRIGACAO 2|00 - TUBOS PVC KRONA|VAREJO|DEZ27
00 - TUBOS PVC KRONA;MINAS GERAIS;MINAS RJ/ES;ATACADO;2027-01-01;383058,59;MINAS GERAIS|00 - TUBOS PVC KRONA|ATACADO|JAN27
00 - TUBOS PVC KRONA;MINAS GERAIS;MINAS RJ/ES;ATACADO;2027-02-01;357443,76;MINAS GERAIS|00 - TUBOS PVC KRONA|ATACADO|FEV27
00 - TUBOS PVC KRONA;MINAS GERAIS;MINAS RJ/ES;ATACADO;2027-03-01;385128,16;MINAS GERAIS|00 - TUBOS PVC KRONA|ATACADO|MAR27
00 - TUBOS PVC KRONA;MINAS GERAIS;MINAS RJ/ES;ATACADO;2027-04-01;378781,17;MINAS GERAIS|00 - TUBOS PVC KRONA|ATACADO|ABR27
00 - TUBOS PVC KRONA;MINAS GERAIS;MINAS RJ/ES;ATACADO;2027-05-01;313753,82;MINAS GERAIS|00 - TUBOS PVC KRONA|ATACADO|MAI27
00 - TUBOS PVC KRONA;MINAS GERAIS;MINAS RJ/ES;ATACADO;2027-06-01;332178,02;MINAS GERAIS|00 - TUBOS PVC KRONA|ATACADO|JUN27
00 - TUBOS PVC KRONA;MINAS GERAIS;MINAS RJ/ES;ATACADO;2027-07-01;337051,41;MINAS GERAIS|00 - TUBOS PVC KRONA|ATACADO|JUL27
00 - TUBOS PVC KRONA;MINAS GERAIS;MINAS RJ/ES;ATACADO;2027-08-01;350888,29;MINAS GERAIS|00 - TUBOS PVC KRONA|ATACADO|AGO27
00 - TUBOS PVC KRONA;MINAS GERAIS;MINAS RJ/ES;ATACADO;2027-09-01;358299,32;MINAS GERAIS|00 - TUBOS PVC KRONA|ATACADO|SET27
00 - TUBOS PVC KRONA;MINAS GERAIS;MINAS RJ/ES;ATACADO;2027-10-01;403159,62;MINAS GERAIS|00 - TUBOS PVC KRONA|ATACADO|OUT27
00 - TUBOS PVC KRONA;MINAS GERAIS;MINAS RJ/ES;ATACADO;2027-11-01;363043,52;MINAS GERAIS|00 - TUBOS PVC KRONA|ATACADO|NOV27
00 - TUBOS PVC KRONA;MINAS GERAIS;MINAS RJ/ES;ATACADO;2027-12-01;389919,11;MINAS GERAIS|00 - TUBOS PVC KRONA|ATACADO|DEZ27
00 - TUBOS PVC KRONA;MINAS GERAIS;MINAS RJ/ES;OUTROS;2027-01-01;128,18;MINAS GERAIS|00 - TUBOS PVC KRONA|OUTROS|JAN27
00 - TUBOS PVC KRONA;MINAS GERAIS;MINAS RJ/ES;OUTROS;2027-02-01;197,65;MINAS GERAIS|00 - TUBOS PVC KRONA|OUTROS|FEV27
00 - TUBOS PVC KRONA;MINAS GERAIS;MINAS RJ/ES;OUTROS;2027-03-01;194,19;MINAS GERAIS|00 - TUBOS PVC KRONA|OUTROS|MAR27
00 - TUBOS PVC KRONA;MINAS GERAIS;MINAS RJ/ES;OUTROS;2027-04-01;188,06;MINAS GERAIS|00 - TUBOS PVC KRONA|OUTROS|ABR27
00 - TUBOS PVC KRONA;MINAS GERAIS;MINAS RJ/ES;OUTROS;2027-05-01;171,49;MINAS GERAIS|00 - TUBOS PVC KRONA|OUTROS|MAI27
00 - TUBOS PVC KRONA;MINAS GERAIS;MINAS RJ/ES;OUTROS;2027-06-01;194,38;MINAS GERAIS|00 - TUBOS PVC KRONA|OUTROS|JUN27
00 - TUBOS PVC KRONA;MINAS GERAIS;MINAS RJ/ES;OUTROS;2027-07-01;184,99;MINAS GERAIS|00 - TUBOS PVC KRONA|OUTROS|JUL27
00 - TUBOS PVC KRONA;MINAS GERAIS;MINAS RJ/ES;OUTROS;2027-08-01;172,82;MINAS GERAIS|00 - TUBOS PVC KRONA|OUTROS|AGO27
00 - TUBOS PVC KRONA;MINAS GERAIS;MINAS RJ/ES;OUTROS;2027-09-01;184,50;MINAS GERAIS|00 - TUBOS PVC KRONA|OUTROS|SET27
00 - TUBOS PVC KRONA;MINAS GERAIS;MINAS RJ/ES;OUTROS;2027-10-01;243,54;MINAS GERAIS|00 - TUBOS PVC KRONA|OUTROS|OUT27
00 - TUBOS PVC KRONA;MINAS GERAIS;MINAS RJ/ES;OUTROS;2027-11-01;198,50;MINAS GERAIS|00 - TUBOS PVC KRONA|OUTROS|NOV27
00 - TUBOS PVC KRONA;MINAS GERAIS;MINAS RJ/ES;OUTROS;2027-12-01;206,69;MINAS GERAIS|00 - TUBOS PVC KRONA|OUTROS|DEZ27
00 - TUBOS PVC KRONA;MINAS GERAIS;MINAS RJ/ES;VAREJO;2027-01-01;163785,64;MINAS GERAIS|00 - TUBOS PVC KRONA|VAREJO|JAN27
00 - TUBOS PVC KRONA;MINAS GERAIS;MINAS RJ/ES;VAREJO;2027-02-01;185364,88;MINAS GERAIS|00 - TUBOS PVC KRONA|VAREJO|FEV27
00 - TUBOS PVC KRONA;MINAS GERAIS;MINAS RJ/ES;VAREJO;2027-03-01;182803,59;MINAS GERAIS|00 - TUBOS PVC KRONA|VAREJO|MAR27
00 - TUBOS PVC KRONA;MINAS GERAIS;MINAS RJ/ES;VAREJO;2027-04-01;181485,12;MINAS GERAIS|00 - TUBOS PVC KRONA|VAREJO|ABR27
00 - TUBOS PVC KRONA;MINAS GERAIS;MINAS RJ/ES;VAREJO;2027-05-01;170528,86;MINAS GERAIS|00 - TUBOS PVC KRONA|VAREJO|MAI27
00 - TUBOS PVC KRONA;MINAS GERAIS;MINAS RJ/ES;VAREJO;2027-06-01;179314,39;MINAS GERAIS|00 - TUBOS PVC KRONA|VAREJO|JUN27
00 - TUBOS PVC KRONA;MINAS GERAIS;MINAS RJ/ES;VAREJO;2027-07-01;176104,95;MINAS GERAIS|00 - TUBOS PVC KRONA|VAREJO|JUL27
00 - TUBOS PVC KRONA;MINAS GERAIS;MINAS RJ/ES;VAREJO;2027-08-01;171015,69;MINAS GERAIS|00 - TUBOS PVC KRONA|VAREJO|AGO27
00 - TUBOS PVC KRONA;MINAS GERAIS;MINAS RJ/ES;VAREJO;2027-09-01;174014,53;MINAS GERAIS|00 - TUBOS PVC KRONA|VAREJO|SET27
00 - TUBOS PVC KRONA;MINAS GERAIS;MINAS RJ/ES;VAREJO;2027-10-01;190240,36;MINAS GERAIS|00 - TUBOS PVC KRONA|VAREJO|OUT27
00 - TUBOS PVC KRONA;MINAS GERAIS;MINAS RJ/ES;VAREJO;2027-11-01;178507,97;MINAS GERAIS|00 - TUBOS PVC KRONA|VAREJO|NOV27
00 - TUBOS PVC KRONA;MINAS GERAIS;MINAS RJ/ES;VAREJO;2027-12-01;180960,07;MINAS GERAIS|00 - TUBOS PVC KRONA|VAREJO|DEZ27
00 - TUBOS PVC KRONA;NORDESTE 1;NORDESTE;ATACADO;2027-01-01;116244,05;NORDESTE 1|00 - TUBOS PVC KRONA|ATACADO|JAN27
00 - TUBOS PVC KRONA;NORDESTE 1;NORDESTE;ATACADO;2027-02-01;123137,31;NORDESTE 1|00 - TUBOS PVC KRONA|ATACADO|FEV27
00 - TUBOS PVC KRONA;NORDESTE 1;NORDESTE;ATACADO;2027-03-01;167379,58;NORDESTE 1|00 - TUBOS PVC KRONA|ATACADO|MAR27
00 - TUBOS PVC KRONA;NORDESTE 1;NORDESTE;ATACADO;2027-04-01;165425,65;NORDESTE 1|00 - TUBOS PVC KRONA|ATACADO|ABR27
00 - TUBOS PVC KRONA;NORDESTE 1;NORDESTE;ATACADO;2027-05-01;128789,44;NORDESTE 1|00 - TUBOS PVC KRONA|ATACADO|MAI27
00 - TUBOS PVC KRONA;NORDESTE 1;NORDESTE;ATACADO;2027-06-01;147779,73;NORDESTE 1|00 - TUBOS PVC KRONA|ATACADO|JUN27
00 - TUBOS PVC KRONA;NORDESTE 1;NORDESTE;ATACADO;2027-07-01;110758,13;NORDESTE 1|00 - TUBOS PVC KRONA|ATACADO|JUL27
00 - TUBOS PVC KRONA;NORDESTE 1;NORDESTE;ATACADO;2027-08-01;118788,82;NORDESTE 1|00 - TUBOS PVC KRONA|ATACADO|AGO27
00 - TUBOS PVC KRONA;NORDESTE 1;NORDESTE;ATACADO;2027-09-01;134975,76;NORDESTE 1|00 - TUBOS PVC KRONA|ATACADO|SET27
00 - TUBOS PVC KRONA;NORDESTE 1;NORDESTE;ATACADO;2027-10-01;134509,14;NORDESTE 1|00 - TUBOS PVC KRONA|ATACADO|OUT27
00 - TUBOS PVC KRONA;NORDESTE 1;NORDESTE;ATACADO;2027-11-01;136053,79;NORDESTE 1|00 - TUBOS PVC KRONA|ATACADO|NOV27
00 - TUBOS PVC KRONA;NORDESTE 1;NORDESTE;ATACADO;2027-12-01;268959,50;NORDESTE 1|00 - TUBOS PVC KRONA|ATACADO|DEZ27
00 - TUBOS PVC KRONA;NORDESTE 1;NORDESTE;OUTROS;2027-01-01;842,81;NORDESTE 1|00 - TUBOS PVC KRONA|OUTROS|JAN27
00 - TUBOS PVC KRONA;NORDESTE 1;NORDESTE;OUTROS;2027-02-01;909,78;NORDESTE 1|00 - TUBOS PVC KRONA|OUTROS|FEV27
00 - TUBOS PVC KRONA;NORDESTE 1;NORDESTE;OUTROS;2027-03-01;1006,32;NORDESTE 1|00 - TUBOS PVC KRONA|OUTROS|MAR27
00 - TUBOS PVC KRONA;NORDESTE 1;NORDESTE;OUTROS;2027-04-01;992,53;NORDESTE 1|00 - TUBOS PVC KRONA|OUTROS|ABR27
00 - TUBOS PVC KRONA;NORDESTE 1;NORDESTE;OUTROS;2027-05-01;802,68;NORDESTE 1|00 - TUBOS PVC KRONA|OUTROS|MAI27
00 - TUBOS PVC KRONA;NORDESTE 1;NORDESTE;OUTROS;2027-06-01;972,49;NORDESTE 1|00 - TUBOS PVC KRONA|OUTROS|JUN27
00 - TUBOS PVC KRONA;NORDESTE 1;NORDESTE;OUTROS;2027-07-01;731,61;NORDESTE 1|00 - TUBOS PVC KRONA|OUTROS|JUL27
00 - TUBOS PVC KRONA;NORDESTE 1;NORDESTE;OUTROS;2027-08-01;787,45;NORDESTE 1|00 - TUBOS PVC KRONA|OUTROS|AGO27
00 - TUBOS PVC KRONA;NORDESTE 1;NORDESTE;OUTROS;2027-09-01;947,42;NORDESTE 1|00 - TUBOS PVC KRONA|OUTROS|SET27
00 - TUBOS PVC KRONA;NORDESTE 1;NORDESTE;OUTROS;2027-10-01;952,68;NORDESTE 1|00 - TUBOS PVC KRONA|OUTROS|OUT27
00 - TUBOS PVC KRONA;NORDESTE 1;NORDESTE;OUTROS;2027-11-01;1041,14;NORDESTE 1|00 - TUBOS PVC KRONA|OUTROS|NOV27
00 - TUBOS PVC KRONA;NORDESTE 1;NORDESTE;OUTROS;2027-12-01;1717,11;NORDESTE 1|00 - TUBOS PVC KRONA|OUTROS|DEZ27
00 - TUBOS PVC KRONA;NORDESTE 1;NORDESTE;VAREJO;2027-01-01;99882,02;NORDESTE 1|00 - TUBOS PVC KRONA|VAREJO|JAN27
00 - TUBOS PVC KRONA;NORDESTE 1;NORDESTE;VAREJO;2027-02-01;105064,53;NORDESTE 1|00 - TUBOS PVC KRONA|VAREJO|FEV27
00 - TUBOS PVC KRONA;NORDESTE 1;NORDESTE;VAREJO;2027-03-01;132540,22;NORDESTE 1|00 - TUBOS PVC KRONA|VAREJO|MAR27
00 - TUBOS PVC KRONA;NORDESTE 1;NORDESTE;VAREJO;2027-04-01;132359,93;NORDESTE 1|00 - TUBOS PVC KRONA|VAREJO|ABR27
00 - TUBOS PVC KRONA;NORDESTE 1;NORDESTE;VAREJO;2027-05-01;106077,31;NORDESTE 1|00 - TUBOS PVC KRONA|VAREJO|MAI27
00 - TUBOS PVC KRONA;NORDESTE 1;NORDESTE;VAREJO;2027-06-01;121373,38;NORDESTE 1|00 - TUBOS PVC KRONA|VAREJO|JUN27
00 - TUBOS PVC KRONA;NORDESTE 1;NORDESTE;VAREJO;2027-07-01;94525,30;NORDESTE 1|00 - TUBOS PVC KRONA|VAREJO|JUL27
00 - TUBOS PVC KRONA;NORDESTE 1;NORDESTE;VAREJO;2027-08-01;101106,05;NORDESTE 1|00 - TUBOS PVC KRONA|VAREJO|AGO27
00 - TUBOS PVC KRONA;NORDESTE 1;NORDESTE;VAREJO;2027-09-01;113822,95;NORDESTE 1|00 - TUBOS PVC KRONA|VAREJO|SET27
00 - TUBOS PVC KRONA;NORDESTE 1;NORDESTE;VAREJO;2027-10-01;112957,44;NORDESTE 1|00 - TUBOS PVC KRONA|VAREJO|OUT27
00 - TUBOS PVC KRONA;NORDESTE 1;NORDESTE;VAREJO;2027-11-01;114716,55;NORDESTE 1|00 - TUBOS PVC KRONA|VAREJO|NOV27
00 - TUBOS PVC KRONA;NORDESTE 1;NORDESTE;VAREJO;2027-12-01;199484,33;NORDESTE 1|00 - TUBOS PVC KRONA|VAREJO|DEZ27
00 - TUBOS PVC KRONA;NORDESTE 2;NORDESTE;ATACADO;2027-01-01;456162,62;NORDESTE 2|00 - TUBOS PVC KRONA|ATACADO|JAN27
00 - TUBOS PVC KRONA;NORDESTE 2;NORDESTE;ATACADO;2027-02-01;556444,85;NORDESTE 2|00 - TUBOS PVC KRONA|ATACADO|FEV27
00 - TUBOS PVC KRONA;NORDESTE 2;NORDESTE;ATACADO;2027-03-01;575024,94;NORDESTE 2|00 - TUBOS PVC KRONA|ATACADO|MAR27
00 - TUBOS PVC KRONA;NORDESTE 2;NORDESTE;ATACADO;2027-04-01;582145,44;NORDESTE 2|00 - TUBOS PVC KRONA|ATACADO|ABR27
00 - TUBOS PVC KRONA;NORDESTE 2;NORDESTE;ATACADO;2027-05-01;541518,54;NORDESTE 2|00 - TUBOS PVC KRONA|ATACADO|MAI27
00 - TUBOS PVC KRONA;NORDESTE 2;NORDESTE;ATACADO;2027-06-01;627488,26;NORDESTE 2|00 - TUBOS PVC KRONA|ATACADO|JUN27
00 - TUBOS PVC KRONA;NORDESTE 2;NORDESTE;ATACADO;2027-07-01;543967,90;NORDESTE 2|00 - TUBOS PVC KRONA|ATACADO|JUL27
00 - TUBOS PVC KRONA;NORDESTE 2;NORDESTE;ATACADO;2027-08-01;622826,40;NORDESTE 2|00 - TUBOS PVC KRONA|ATACADO|AGO27
00 - TUBOS PVC KRONA;NORDESTE 2;NORDESTE;ATACADO;2027-09-01;620229,42;NORDESTE 2|00 - TUBOS PVC KRONA|ATACADO|SET27
00 - TUBOS PVC KRONA;NORDESTE 2;NORDESTE;ATACADO;2027-10-01;622781,04;NORDESTE 2|00 - TUBOS PVC KRONA|ATACADO|OUT27
00 - TUBOS PVC KRONA;NORDESTE 2;NORDESTE;ATACADO;2027-11-01;642383,92;NORDESTE 2|00 - TUBOS PVC KRONA|ATACADO|NOV27
00 - TUBOS PVC KRONA;NORDESTE 2;NORDESTE;ATACADO;2027-12-01;626136,08;NORDESTE 2|00 - TUBOS PVC KRONA|ATACADO|DEZ27
00 - TUBOS PVC KRONA;NORDESTE 2;NORDESTE;OUTROS;2027-01-01;291,03;NORDESTE 2|00 - TUBOS PVC KRONA|OUTROS|JAN27
00 - TUBOS PVC KRONA;NORDESTE 2;NORDESTE;OUTROS;2027-02-01;324,52;NORDESTE 2|00 - TUBOS PVC KRONA|OUTROS|FEV27
00 - TUBOS PVC KRONA;NORDESTE 2;NORDESTE;OUTROS;2027-03-01;333,37;NORDESTE 2|00 - TUBOS PVC KRONA|OUTROS|MAR27
00 - TUBOS PVC KRONA;NORDESTE 2;NORDESTE;OUTROS;2027-04-01;343,11;NORDESTE 2|00 - TUBOS PVC KRONA|OUTROS|ABR27
00 - TUBOS PVC KRONA;NORDESTE 2;NORDESTE;OUTROS;2027-05-01;321,42;NORDESTE 2|00 - TUBOS PVC KRONA|OUTROS|MAI27
00 - TUBOS PVC KRONA;NORDESTE 2;NORDESTE;OUTROS;2027-06-01;366,88;NORDESTE 2|00 - TUBOS PVC KRONA|OUTROS|JUN27
00 - TUBOS PVC KRONA;NORDESTE 2;NORDESTE;OUTROS;2027-07-01;308,76;NORDESTE 2|00 - TUBOS PVC KRONA|OUTROS|JUL27
00 - TUBOS PVC KRONA;NORDESTE 2;NORDESTE;OUTROS;2027-08-01;339,90;NORDESTE 2|00 - TUBOS PVC KRONA|OUTROS|AGO27
00 - TUBOS PVC KRONA;NORDESTE 2;NORDESTE;OUTROS;2027-09-01;337,97;NORDESTE 2|00 - TUBOS PVC KRONA|OUTROS|SET27
00 - TUBOS PVC KRONA;NORDESTE 2;NORDESTE;OUTROS;2027-10-01;336,61;NORDESTE 2|00 - TUBOS PVC KRONA|OUTROS|OUT27
00 - TUBOS PVC KRONA;NORDESTE 2;NORDESTE;OUTROS;2027-11-01;346,95;NORDESTE 2|00 - TUBOS PVC KRONA|OUTROS|NOV27
00 - TUBOS PVC KRONA;NORDESTE 2;NORDESTE;OUTROS;2027-12-01;340,79;NORDESTE 2|00 - TUBOS PVC KRONA|OUTROS|DEZ27
00 - TUBOS PVC KRONA;NORDESTE 2;NORDESTE;VAREJO;2027-01-01;159540,76;NORDESTE 2|00 - TUBOS PVC KRONA|VAREJO|JAN27
00 - TUBOS PVC KRONA;NORDESTE 2;NORDESTE;VAREJO;2027-02-01;191499,20;NORDESTE 2|00 - TUBOS PVC KRONA|VAREJO|FEV27
00 - TUBOS PVC KRONA;NORDESTE 2;NORDESTE;VAREJO;2027-03-01;197222,19;NORDESTE 2|00 - TUBOS PVC KRONA|VAREJO|MAR27
00 - TUBOS PVC KRONA;NORDESTE 2;NORDESTE;VAREJO;2027-04-01;200229,15;NORDESTE 2|00 - TUBOS PVC KRONA|VAREJO|ABR27
00 - TUBOS PVC KRONA;NORDESTE 2;NORDESTE;VAREJO;2027-05-01;185773,09;NORDESTE 2|00 - TUBOS PVC KRONA|VAREJO|MAI27
00 - TUBOS PVC KRONA;NORDESTE 2;NORDESTE;VAREJO;2027-06-01;215058,60;NORDESTE 2|00 - TUBOS PVC KRONA|VAREJO|JUN27
00 - TUBOS PVC KRONA;NORDESTE 2;NORDESTE;VAREJO;2027-07-01;185885,33;NORDESTE 2|00 - TUBOS PVC KRONA|VAREJO|JUL27
00 - TUBOS PVC KRONA;NORDESTE 2;NORDESTE;VAREJO;2027-08-01;210328,25;NORDESTE 2|00 - TUBOS PVC KRONA|VAREJO|AGO27
00 - TUBOS PVC KRONA;NORDESTE 2;NORDESTE;VAREJO;2027-09-01;209279,42;NORDESTE 2|00 - TUBOS PVC KRONA|VAREJO|SET27
00 - TUBOS PVC KRONA;NORDESTE 2;NORDESTE;VAREJO;2027-10-01;210448,89;NORDESTE 2|00 - TUBOS PVC KRONA|VAREJO|OUT27
00 - TUBOS PVC KRONA;NORDESTE 2;NORDESTE;VAREJO;2027-11-01;217108,43;NORDESTE 2|00 - TUBOS PVC KRONA|VAREJO|NOV27
00 - TUBOS PVC KRONA;NORDESTE 2;NORDESTE;VAREJO;2027-12-01;211982,89;NORDESTE 2|00 - TUBOS PVC KRONA|VAREJO|DEZ27
00 - TUBOS PVC KRONA;NORDESTE 3;NORDESTE;ATACADO;2027-01-01;489584,24;NORDESTE 3|00 - TUBOS PVC KRONA|ATACADO|JAN27
00 - TUBOS PVC KRONA;NORDESTE 3;NORDESTE;ATACADO;2027-02-01;487663,31;NORDESTE 3|00 - TUBOS PVC KRONA|ATACADO|FEV27
00 - TUBOS PVC KRONA;NORDESTE 3;NORDESTE;ATACADO;2027-03-01;532505,81;NORDESTE 3|00 - TUBOS PVC KRONA|ATACADO|MAR27
00 - TUBOS PVC KRONA;NORDESTE 3;NORDESTE;ATACADO;2027-04-01;518950,74;NORDESTE 3|00 - TUBOS PVC KRONA|ATACADO|ABR27
00 - TUBOS PVC KRONA;NORDESTE 3;NORDESTE;ATACADO;2027-05-01;449203,85;NORDESTE 3|00 - TUBOS PVC KRONA|ATACADO|MAI27
00 - TUBOS PVC KRONA;NORDESTE 3;NORDESTE;ATACADO;2027-06-01;460700,51;NORDESTE 3|00 - TUBOS PVC KRONA|ATACADO|JUN27
00 - TUBOS PVC KRONA;NORDESTE 3;NORDESTE;ATACADO;2027-07-01;507113,36;NORDESTE 3|00 - TUBOS PVC KRONA|ATACADO|JUL27
00 - TUBOS PVC KRONA;NORDESTE 3;NORDESTE;ATACADO;2027-08-01;512429,71;NORDESTE 3|00 - TUBOS PVC KRONA|ATACADO|AGO27
00 - TUBOS PVC KRONA;NORDESTE 3;NORDESTE;ATACADO;2027-09-01;515296,21;NORDESTE 3|00 - TUBOS PVC KRONA|ATACADO|SET27
00 - TUBOS PVC KRONA;NORDESTE 3;NORDESTE;ATACADO;2027-10-01;529950,52;NORDESTE 3|00 - TUBOS PVC KRONA|ATACADO|OUT27
00 - TUBOS PVC KRONA;NORDESTE 3;NORDESTE;ATACADO;2027-11-01;532101,94;NORDESTE 3|00 - TUBOS PVC KRONA|ATACADO|NOV27
00 - TUBOS PVC KRONA;NORDESTE 3;NORDESTE;ATACADO;2027-12-01;579644,17;NORDESTE 3|00 - TUBOS PVC KRONA|ATACADO|DEZ27
00 - TUBOS PVC KRONA;NORDESTE 3;NORDESTE;OUTROS;2027-01-01;322,88;NORDESTE 3|00 - TUBOS PVC KRONA|OUTROS|JAN27
00 - TUBOS PVC KRONA;NORDESTE 3;NORDESTE;OUTROS;2027-02-01;362,15;NORDESTE 3|00 - TUBOS PVC KRONA|OUTROS|FEV27
00 - TUBOS PVC KRONA;NORDESTE 3;NORDESTE;OUTROS;2027-03-01;409,41;NORDESTE 3|00 - TUBOS PVC KRONA|OUTROS|MAR27
00 - TUBOS PVC KRONA;NORDESTE 3;NORDESTE;OUTROS;2027-04-01;391,83;NORDESTE 3|00 - TUBOS PVC KRONA|OUTROS|ABR27
00 - TUBOS PVC KRONA;NORDESTE 3;NORDESTE;OUTROS;2027-05-01;351,59;NORDESTE 3|00 - TUBOS PVC KRONA|OUTROS|MAI27
00 - TUBOS PVC KRONA;NORDESTE 3;NORDESTE;OUTROS;2027-06-01;370,48;NORDESTE 3|00 - TUBOS PVC KRONA|OUTROS|JUN27
00 - TUBOS PVC KRONA;NORDESTE 3;NORDESTE;OUTROS;2027-07-01;377,21;NORDESTE 3|00 - TUBOS PVC KRONA|OUTROS|JUL27
00 - TUBOS PVC KRONA;NORDESTE 3;NORDESTE;OUTROS;2027-08-01;416,30;NORDESTE 3|00 - TUBOS PVC KRONA|OUTROS|AGO27
00 - TUBOS PVC KRONA;NORDESTE 3;NORDESTE;OUTROS;2027-09-01;428,75;NORDESTE 3|00 - TUBOS PVC KRONA|OUTROS|SET27
00 - TUBOS PVC KRONA;NORDESTE 3;NORDESTE;OUTROS;2027-10-01;419,30;NORDESTE 3|00 - TUBOS PVC KRONA|OUTROS|OUT27
00 - TUBOS PVC KRONA;NORDESTE 3;NORDESTE;OUTROS;2027-11-01;436,04;NORDESTE 3|00 - TUBOS PVC KRONA|OUTROS|NOV27
00 - TUBOS PVC KRONA;NORDESTE 3;NORDESTE;OUTROS;2027-12-01;509,12;NORDESTE 3|00 - TUBOS PVC KRONA|OUTROS|DEZ27
00 - TUBOS PVC KRONA;NORDESTE 3;NORDESTE;VAREJO;2027-01-01;337666,74;NORDESTE 3|00 - TUBOS PVC KRONA|VAREJO|JAN27
00 - TUBOS PVC KRONA;NORDESTE 3;NORDESTE;VAREJO;2027-02-01;340679,32;NORDESTE 3|00 - TUBOS PVC KRONA|VAREJO|FEV27
00 - TUBOS PVC KRONA;NORDESTE 3;NORDESTE;VAREJO;2027-03-01;376299,18;NORDESTE 3|00 - TUBOS PVC KRONA|VAREJO|MAR27
00 - TUBOS PVC KRONA;NORDESTE 3;NORDESTE;VAREJO;2027-04-01;364704,03;NORDESTE 3|00 - TUBOS PVC KRONA|VAREJO|ABR27
00 - TUBOS PVC KRONA;NORDESTE 3;NORDESTE;VAREJO;2027-05-01;311590,64;NORDESTE 3|00 - TUBOS PVC KRONA|VAREJO|MAI27
00 - TUBOS PVC KRONA;NORDESTE 3;NORDESTE;VAREJO;2027-06-01;320269,08;NORDESTE 3|00 - TUBOS PVC KRONA|VAREJO|JUN27
00 - TUBOS PVC KRONA;NORDESTE 3;NORDESTE;VAREJO;2027-07-01;353718,40;NORDESTE 3|00 - TUBOS PVC KRONA|VAREJO|JUL27
00 - TUBOS PVC KRONA;NORDESTE 3;NORDESTE;VAREJO;2027-08-01;361680,41;NORDESTE 3|00 - TUBOS PVC KRONA|VAREJO|AGO27
00 - TUBOS PVC KRONA;NORDESTE 3;NORDESTE;VAREJO;2027-09-01;364381,49;NORDESTE 3|00 - TUBOS PVC KRONA|VAREJO|SET27
00 - TUBOS PVC KRONA;NORDESTE 3;NORDESTE;VAREJO;2027-10-01;374209,47;NORDESTE 3|00 - TUBOS PVC KRONA|VAREJO|OUT27
00 - TUBOS PVC KRONA;NORDESTE 3;NORDESTE;VAREJO;2027-11-01;376984,62;NORDESTE 3|00 - TUBOS PVC KRONA|VAREJO|NOV27
00 - TUBOS PVC KRONA;NORDESTE 3;NORDESTE;VAREJO;2027-12-01;416660,76;NORDESTE 3|00 - TUBOS PVC KRONA|VAREJO|DEZ27
00 - TUBOS PVC KRONA;NORTE;CO NO;ATACADO;2027-01-01;200377,07;NORTE|00 - TUBOS PVC KRONA|ATACADO|JAN27
00 - TUBOS PVC KRONA;NORTE;CO NO;ATACADO;2027-02-01;215091,85;NORTE|00 - TUBOS PVC KRONA|ATACADO|FEV27
00 - TUBOS PVC KRONA;NORTE;CO NO;ATACADO;2027-03-01;217327,02;NORTE|00 - TUBOS PVC KRONA|ATACADO|MAR27
00 - TUBOS PVC KRONA;NORTE;CO NO;ATACADO;2027-04-01;224214,63;NORTE|00 - TUBOS PVC KRONA|ATACADO|ABR27
00 - TUBOS PVC KRONA;NORTE;CO NO;ATACADO;2027-05-01;207896,72;NORTE|00 - TUBOS PVC KRONA|ATACADO|MAI27
00 - TUBOS PVC KRONA;NORTE;CO NO;ATACADO;2027-06-01;203691,36;NORTE|00 - TUBOS PVC KRONA|ATACADO|JUN27
00 - TUBOS PVC KRONA;NORTE;CO NO;ATACADO;2027-07-01;193536,58;NORTE|00 - TUBOS PVC KRONA|ATACADO|JUL27
00 - TUBOS PVC KRONA;NORTE;CO NO;ATACADO;2027-08-01;189626,11;NORTE|00 - TUBOS PVC KRONA|ATACADO|AGO27
00 - TUBOS PVC KRONA;NORTE;CO NO;ATACADO;2027-09-01;194409,17;NORTE|00 - TUBOS PVC KRONA|ATACADO|SET27
00 - TUBOS PVC KRONA;NORTE;CO NO;ATACADO;2027-10-01;201406,03;NORTE|00 - TUBOS PVC KRONA|ATACADO|OUT27
00 - TUBOS PVC KRONA;NORTE;CO NO;ATACADO;2027-11-01;199542,89;NORTE|00 - TUBOS PVC KRONA|ATACADO|NOV27
00 - TUBOS PVC KRONA;NORTE;CO NO;ATACADO;2027-12-01;202093,06;NORTE|00 - TUBOS PVC KRONA|ATACADO|DEZ27
00 - TUBOS PVC KRONA;NORTE;CO NO;VAREJO;2027-01-01;166252,69;NORTE|00 - TUBOS PVC KRONA|VAREJO|JAN27
00 - TUBOS PVC KRONA;NORTE;CO NO;VAREJO;2027-02-01;178388,55;NORTE|00 - TUBOS PVC KRONA|VAREJO|FEV27
00 - TUBOS PVC KRONA;NORTE;CO NO;VAREJO;2027-03-01;179932,45;NORTE|00 - TUBOS PVC KRONA|VAREJO|MAR27
00 - TUBOS PVC KRONA;NORTE;CO NO;VAREJO;2027-04-01;185606,92;NORTE|00 - TUBOS PVC KRONA|VAREJO|ABR27
00 - TUBOS PVC KRONA;NORTE;CO NO;VAREJO;2027-05-01;171997,58;NORTE|00 - TUBOS PVC KRONA|VAREJO|MAI27
00 - TUBOS PVC KRONA;NORTE;CO NO;VAREJO;2027-06-01;168397,24;NORTE|00 - TUBOS PVC KRONA|VAREJO|JUN27
00 - TUBOS PVC KRONA;NORTE;CO NO;VAREJO;2027-07-01;160452,44;NORTE|00 - TUBOS PVC KRONA|VAREJO|JUL27
00 - TUBOS PVC KRONA;NORTE;CO NO;VAREJO;2027-08-01;157719,18;NORTE|00 - TUBOS PVC KRONA|VAREJO|AGO27
00 - TUBOS PVC KRONA;NORTE;CO NO;VAREJO;2027-09-01;161474,10;NORTE|00 - TUBOS PVC KRONA|VAREJO|SET27
00 - TUBOS PVC KRONA;NORTE;CO NO;VAREJO;2027-10-01;169023,36;NORTE|00 - TUBOS PVC KRONA|VAREJO|OUT27
00 - TUBOS PVC KRONA;NORTE;CO NO;VAREJO;2027-11-01;166011,28;NORTE|00 - TUBOS PVC KRONA|VAREJO|NOV27
00 - TUBOS PVC KRONA;NORTE;CO NO;VAREJO;2027-12-01;168308,19;NORTE|00 - TUBOS PVC KRONA|VAREJO|DEZ27
00 - TUBOS PVC KRONA;PARANA;SUL;ATACADO;2027-01-01;21129,51;PARANA|00 - TUBOS PVC KRONA|ATACADO|JAN27
00 - TUBOS PVC KRONA;PARANA;SUL;ATACADO;2027-02-01;24991,89;PARANA|00 - TUBOS PVC KRONA|ATACADO|FEV27
00 - TUBOS PVC KRONA;PARANA;SUL;ATACADO;2027-03-01;26584,30;PARANA|00 - TUBOS PVC KRONA|ATACADO|MAR27
00 - TUBOS PVC KRONA;PARANA;SUL;ATACADO;2027-04-01;25430,34;PARANA|00 - TUBOS PVC KRONA|ATACADO|ABR27
00 - TUBOS PVC KRONA;PARANA;SUL;ATACADO;2027-05-01;23534,32;PARANA|00 - TUBOS PVC KRONA|ATACADO|MAI27
00 - TUBOS PVC KRONA;PARANA;SUL;ATACADO;2027-06-01;23702,25;PARANA|00 - TUBOS PVC KRONA|ATACADO|JUN27
00 - TUBOS PVC KRONA;PARANA;SUL;ATACADO;2027-07-01;23270,45;PARANA|00 - TUBOS PVC KRONA|ATACADO|JUL27
00 - TUBOS PVC KRONA;PARANA;SUL;ATACADO;2027-08-01;25805,96;PARANA|00 - TUBOS PVC KRONA|ATACADO|AGO27
00 - TUBOS PVC KRONA;PARANA;SUL;ATACADO;2027-09-01;26242,13;PARANA|00 - TUBOS PVC KRONA|ATACADO|SET27
00 - TUBOS PVC KRONA;PARANA;SUL;ATACADO;2027-10-01;25761,05;PARANA|00 - TUBOS PVC KRONA|ATACADO|OUT27
00 - TUBOS PVC KRONA;PARANA;SUL;ATACADO;2027-11-01;26747,18;PARANA|00 - TUBOS PVC KRONA|ATACADO|NOV27
00 - TUBOS PVC KRONA;PARANA;SUL;ATACADO;2027-12-01;27723,89;PARANA|00 - TUBOS PVC KRONA|ATACADO|DEZ27
00 - TUBOS PVC KRONA;PARANA;SUL;IRRIGACAO;2027-01-01;5,34;PARANA|00 - TUBOS PVC KRONA|IRRIGACAO|JAN27
00 - TUBOS PVC KRONA;PARANA;SUL;IRRIGACAO;2027-02-01;5,77;PARANA|00 - TUBOS PVC KRONA|IRRIGACAO|FEV27
00 - TUBOS PVC KRONA;PARANA;SUL;IRRIGACAO;2027-03-01;6,11;PARANA|00 - TUBOS PVC KRONA|IRRIGACAO|MAR27
00 - TUBOS PVC KRONA;PARANA;SUL;IRRIGACAO;2027-04-01;6,05;PARANA|00 - TUBOS PVC KRONA|IRRIGACAO|ABR27
00 - TUBOS PVC KRONA;PARANA;SUL;IRRIGACAO;2027-05-01;6,01;PARANA|00 - TUBOS PVC KRONA|IRRIGACAO|MAI27
00 - TUBOS PVC KRONA;PARANA;SUL;IRRIGACAO;2027-06-01;5,64;PARANA|00 - TUBOS PVC KRONA|IRRIGACAO|JUN27
00 - TUBOS PVC KRONA;PARANA;SUL;IRRIGACAO;2027-07-01;5,29;PARANA|00 - TUBOS PVC KRONA|IRRIGACAO|JUL27
00 - TUBOS PVC KRONA;PARANA;SUL;IRRIGACAO;2027-08-01;5,77;PARANA|00 - TUBOS PVC KRONA|IRRIGACAO|AGO27
00 - TUBOS PVC KRONA;PARANA;SUL;IRRIGACAO;2027-09-01;5,81;PARANA|00 - TUBOS PVC KRONA|IRRIGACAO|SET27
00 - TUBOS PVC KRONA;PARANA;SUL;IRRIGACAO;2027-10-01;5,72;PARANA|00 - TUBOS PVC KRONA|IRRIGACAO|OUT27
00 - TUBOS PVC KRONA;PARANA;SUL;IRRIGACAO;2027-11-01;5,76;PARANA|00 - TUBOS PVC KRONA|IRRIGACAO|NOV27
00 - TUBOS PVC KRONA;PARANA;SUL;IRRIGACAO;2027-12-01;5,86;PARANA|00 - TUBOS PVC KRONA|IRRIGACAO|DEZ27
00 - TUBOS PVC KRONA;PARANA;SUL;OUTROS;2027-01-01;593,27;PARANA|00 - TUBOS PVC KRONA|OUTROS|JAN27
00 - TUBOS PVC KRONA;PARANA;SUL;OUTROS;2027-02-01;647,00;PARANA|00 - TUBOS PVC KRONA|OUTROS|FEV27
00 - TUBOS PVC KRONA;PARANA;SUL;OUTROS;2027-03-01;691,60;PARANA|00 - TUBOS PVC KRONA|OUTROS|MAR27
00 - TUBOS PVC KRONA;PARANA;SUL;OUTROS;2027-04-01;649,95;PARANA|00 - TUBOS PVC KRONA|OUTROS|ABR27
00 - TUBOS PVC KRONA;PARANA;SUL;OUTROS;2027-05-01;620,95;PARANA|00 - TUBOS PVC KRONA|OUTROS|MAI27
00 - TUBOS PVC KRONA;PARANA;SUL;OUTROS;2027-06-01;596,36;PARANA|00 - TUBOS PVC KRONA|OUTROS|JUN27
00 - TUBOS PVC KRONA;PARANA;SUL;OUTROS;2027-07-01;625,37;PARANA|00 - TUBOS PVC KRONA|OUTROS|JUL27
00 - TUBOS PVC KRONA;PARANA;SUL;OUTROS;2027-08-01;699,80;PARANA|00 - TUBOS PVC KRONA|OUTROS|AGO27
00 - TUBOS PVC KRONA;PARANA;SUL;OUTROS;2027-09-01;708,31;PARANA|00 - TUBOS PVC KRONA|OUTROS|SET27
00 - TUBOS PVC KRONA;PARANA;SUL;OUTROS;2027-10-01;709,28;PARANA|00 - TUBOS PVC KRONA|OUTROS|OUT27
00 - TUBOS PVC KRONA;PARANA;SUL;OUTROS;2027-11-01;722,55;PARANA|00 - TUBOS PVC KRONA|OUTROS|NOV27
00 - TUBOS PVC KRONA;PARANA;SUL;OUTROS;2027-12-01;728,16;PARANA|00 - TUBOS PVC KRONA|OUTROS|DEZ27
00 - TUBOS PVC KRONA;PARANA;SUL;VAREJO;2027-01-01;108306,98;PARANA|00 - TUBOS PVC KRONA|VAREJO|JAN27
00 - TUBOS PVC KRONA;PARANA;SUL;VAREJO;2027-02-01;125970,39;PARANA|00 - TUBOS PVC KRONA|VAREJO|FEV27
00 - TUBOS PVC KRONA;PARANA;SUL;VAREJO;2027-03-01;135349,20;PARANA|00 - TUBOS PVC KRONA|VAREJO|MAR27
00 - TUBOS PVC KRONA;PARANA;SUL;VAREJO;2027-04-01;128982,73;PARANA|00 - TUBOS PVC KRONA|VAREJO|ABR27
00 - TUBOS PVC KRONA;PARANA;SUL;VAREJO;2027-05-01;120109,56;PARANA|00 - TUBOS PVC KRONA|VAREJO|MAI27
00 - TUBOS PVC KRONA;PARANA;SUL;VAREJO;2027-06-01;120717,48;PARANA|00 - TUBOS PVC KRONA|VAREJO|JUN27
00 - TUBOS PVC KRONA;PARANA;SUL;VAREJO;2027-07-01;119329,12;PARANA|00 - TUBOS PVC KRONA|VAREJO|JUL27
00 - TUBOS PVC KRONA;PARANA;SUL;VAREJO;2027-08-01;133629,69;PARANA|00 - TUBOS PVC KRONA|VAREJO|AGO27
00 - TUBOS PVC KRONA;PARANA;SUL;VAREJO;2027-09-01;135168,31;PARANA|00 - TUBOS PVC KRONA|VAREJO|SET27
00 - TUBOS PVC KRONA;PARANA;SUL;VAREJO;2027-10-01;133308,00;PARANA|00 - TUBOS PVC KRONA|VAREJO|OUT27
00 - TUBOS PVC KRONA;PARANA;SUL;VAREJO;2027-11-01;137566,12;PARANA|00 - TUBOS PVC KRONA|VAREJO|NOV27
00 - TUBOS PVC KRONA;PARANA;SUL;VAREJO;2027-12-01;142543,11;PARANA|00 - TUBOS PVC KRONA|VAREJO|DEZ27
00 - TUBOS PVC KRONA;RIO GRANDE DO SUL;SUL;ATACADO;2027-01-01;138259,10;RIO GRANDE DO SUL|00 - TUBOS PVC KRONA|ATACADO|JAN27
00 - TUBOS PVC KRONA;RIO GRANDE DO SUL;SUL;ATACADO;2027-02-01;135745,70;RIO GRANDE DO SUL|00 - TUBOS PVC KRONA|ATACADO|FEV27
00 - TUBOS PVC KRONA;RIO GRANDE DO SUL;SUL;ATACADO;2027-03-01;122612,63;RIO GRANDE DO SUL|00 - TUBOS PVC KRONA|ATACADO|MAR27
00 - TUBOS PVC KRONA;RIO GRANDE DO SUL;SUL;ATACADO;2027-04-01;156889,06;RIO GRANDE DO SUL|00 - TUBOS PVC KRONA|ATACADO|ABR27
00 - TUBOS PVC KRONA;RIO GRANDE DO SUL;SUL;ATACADO;2027-05-01;114958,38;RIO GRANDE DO SUL|00 - TUBOS PVC KRONA|ATACADO|MAI27
00 - TUBOS PVC KRONA;RIO GRANDE DO SUL;SUL;ATACADO;2027-06-01;144618,65;RIO GRANDE DO SUL|00 - TUBOS PVC KRONA|ATACADO|JUN27
00 - TUBOS PVC KRONA;RIO GRANDE DO SUL;SUL;ATACADO;2027-07-01;151844,52;RIO GRANDE DO SUL|00 - TUBOS PVC KRONA|ATACADO|JUL27
00 - TUBOS PVC KRONA;RIO GRANDE DO SUL;SUL;ATACADO;2027-08-01;142424,55;RIO GRANDE DO SUL|00 - TUBOS PVC KRONA|ATACADO|AGO27
00 - TUBOS PVC KRONA;RIO GRANDE DO SUL;SUL;ATACADO;2027-09-01;129694,64;RIO GRANDE DO SUL|00 - TUBOS PVC KRONA|ATACADO|SET27
00 - TUBOS PVC KRONA;RIO GRANDE DO SUL;SUL;ATACADO;2027-10-01;141058,21;RIO GRANDE DO SUL|00 - TUBOS PVC KRONA|ATACADO|OUT27
00 - TUBOS PVC KRONA;RIO GRANDE DO SUL;SUL;ATACADO;2027-11-01;122653,45;RIO GRANDE DO SUL|00 - TUBOS PVC KRONA|ATACADO|NOV27
00 - TUBOS PVC KRONA;RIO GRANDE DO SUL;SUL;ATACADO;2027-12-01;140635,43;RIO GRANDE DO SUL|00 - TUBOS PVC KRONA|ATACADO|DEZ27
00 - TUBOS PVC KRONA;RIO GRANDE DO SUL;SUL;OUTROS;2027-01-01;3216,88;RIO GRANDE DO SUL|00 - TUBOS PVC KRONA|OUTROS|JAN27
00 - TUBOS PVC KRONA;RIO GRANDE DO SUL;SUL;OUTROS;2027-02-01;3060,77;RIO GRANDE DO SUL|00 - TUBOS PVC KRONA|OUTROS|FEV27
00 - TUBOS PVC KRONA;RIO GRANDE DO SUL;SUL;OUTROS;2027-03-01;2906,41;RIO GRANDE DO SUL|00 - TUBOS PVC KRONA|OUTROS|MAR27
00 - TUBOS PVC KRONA;RIO GRANDE DO SUL;SUL;OUTROS;2027-04-01;3584,32;RIO GRANDE DO SUL|00 - TUBOS PVC KRONA|OUTROS|ABR27
00 - TUBOS PVC KRONA;RIO GRANDE DO SUL;SUL;OUTROS;2027-05-01;2570,01;RIO GRANDE DO SUL|00 - TUBOS PVC KRONA|OUTROS|MAI27
00 - TUBOS PVC KRONA;RIO GRANDE DO SUL;SUL;OUTROS;2027-06-01;3355,12;RIO GRANDE DO SUL|00 - TUBOS PVC KRONA|OUTROS|JUN27
00 - TUBOS PVC KRONA;RIO GRANDE DO SUL;SUL;OUTROS;2027-07-01;3447,51;RIO GRANDE DO SUL|00 - TUBOS PVC KRONA|OUTROS|JUL27
00 - TUBOS PVC KRONA;RIO GRANDE DO SUL;SUL;OUTROS;2027-08-01;3057,05;RIO GRANDE DO SUL|00 - TUBOS PVC KRONA|OUTROS|AGO27
00 - TUBOS PVC KRONA;RIO GRANDE DO SUL;SUL;OUTROS;2027-09-01;2895,05;RIO GRANDE DO SUL|00 - TUBOS PVC KRONA|OUTROS|SET27
00 - TUBOS PVC KRONA;RIO GRANDE DO SUL;SUL;OUTROS;2027-10-01;3283,80;RIO GRANDE DO SUL|00 - TUBOS PVC KRONA|OUTROS|OUT27
00 - TUBOS PVC KRONA;RIO GRANDE DO SUL;SUL;OUTROS;2027-11-01;2671,27;RIO GRANDE DO SUL|00 - TUBOS PVC KRONA|OUTROS|NOV27
00 - TUBOS PVC KRONA;RIO GRANDE DO SUL;SUL;OUTROS;2027-12-01;3538,26;RIO GRANDE DO SUL|00 - TUBOS PVC KRONA|OUTROS|DEZ27
00 - TUBOS PVC KRONA;RIO GRANDE DO SUL;SUL;VAREJO;2027-01-01;132871,77;RIO GRANDE DO SUL|00 - TUBOS PVC KRONA|VAREJO|JAN27
00 - TUBOS PVC KRONA;RIO GRANDE DO SUL;SUL;VAREJO;2027-02-01;128970,91;RIO GRANDE DO SUL|00 - TUBOS PVC KRONA|VAREJO|FEV27
00 - TUBOS PVC KRONA;RIO GRANDE DO SUL;SUL;VAREJO;2027-03-01;118622,40;RIO GRANDE DO SUL|00 - TUBOS PVC KRONA|VAREJO|MAR27
00 - TUBOS PVC KRONA;RIO GRANDE DO SUL;SUL;VAREJO;2027-04-01;146775,15;RIO GRANDE DO SUL|00 - TUBOS PVC KRONA|VAREJO|ABR27
00 - TUBOS PVC KRONA;RIO GRANDE DO SUL;SUL;VAREJO;2027-05-01;111031,07;RIO GRANDE DO SUL|00 - TUBOS PVC KRONA|VAREJO|MAI27
00 - TUBOS PVC KRONA;RIO GRANDE DO SUL;SUL;VAREJO;2027-06-01;135536,59;RIO GRANDE DO SUL|00 - TUBOS PVC KRONA|VAREJO|JUN27
00 - TUBOS PVC KRONA;RIO GRANDE DO SUL;SUL;VAREJO;2027-07-01;142137,09;RIO GRANDE DO SUL|00 - TUBOS PVC KRONA|VAREJO|JUL27
00 - TUBOS PVC KRONA;RIO GRANDE DO SUL;SUL;VAREJO;2027-08-01;132742,32;RIO GRANDE DO SUL|00 - TUBOS PVC KRONA|VAREJO|AGO27
00 - TUBOS PVC KRONA;RIO GRANDE DO SUL;SUL;VAREJO;2027-09-01;122422,84;RIO GRANDE DO SUL|00 - TUBOS PVC KRONA|VAREJO|SET27
00 - TUBOS PVC KRONA;RIO GRANDE DO SUL;SUL;VAREJO;2027-10-01;132331,43;RIO GRANDE DO SUL|00 - TUBOS PVC KRONA|VAREJO|OUT27
00 - TUBOS PVC KRONA;RIO GRANDE DO SUL;SUL;VAREJO;2027-11-01;117533,70;RIO GRANDE DO SUL|00 - TUBOS PVC KRONA|VAREJO|NOV27
00 - TUBOS PVC KRONA;RIO GRANDE DO SUL;SUL;VAREJO;2027-12-01;130029,98;RIO GRANDE DO SUL|00 - TUBOS PVC KRONA|VAREJO|DEZ27
00 - TUBOS PVC KRONA;RJ/ES;MINAS RJ/ES;ATACADO;2027-01-01;196508,48;RJ/ES|00 - TUBOS PVC KRONA|ATACADO|JAN27
00 - TUBOS PVC KRONA;RJ/ES;MINAS RJ/ES;ATACADO;2027-02-01;220758,08;RJ/ES|00 - TUBOS PVC KRONA|ATACADO|FEV27
00 - TUBOS PVC KRONA;RJ/ES;MINAS RJ/ES;ATACADO;2027-03-01;226894,30;RJ/ES|00 - TUBOS PVC KRONA|ATACADO|MAR27
00 - TUBOS PVC KRONA;RJ/ES;MINAS RJ/ES;ATACADO;2027-04-01;232122,00;RJ/ES|00 - TUBOS PVC KRONA|ATACADO|ABR27
00 - TUBOS PVC KRONA;RJ/ES;MINAS RJ/ES;ATACADO;2027-05-01;196749,19;RJ/ES|00 - TUBOS PVC KRONA|ATACADO|MAI27
00 - TUBOS PVC KRONA;RJ/ES;MINAS RJ/ES;ATACADO;2027-06-01;200256,69;RJ/ES|00 - TUBOS PVC KRONA|ATACADO|JUN27
00 - TUBOS PVC KRONA;RJ/ES;MINAS RJ/ES;ATACADO;2027-07-01;204719,38;RJ/ES|00 - TUBOS PVC KRONA|ATACADO|JUL27
00 - TUBOS PVC KRONA;RJ/ES;MINAS RJ/ES;ATACADO;2027-08-01;205499,96;RJ/ES|00 - TUBOS PVC KRONA|ATACADO|AGO27
00 - TUBOS PVC KRONA;RJ/ES;MINAS RJ/ES;ATACADO;2027-09-01;203948,14;RJ/ES|00 - TUBOS PVC KRONA|ATACADO|SET27
00 - TUBOS PVC KRONA;RJ/ES;MINAS RJ/ES;ATACADO;2027-10-01;213577,09;RJ/ES|00 - TUBOS PVC KRONA|ATACADO|OUT27
00 - TUBOS PVC KRONA;RJ/ES;MINAS RJ/ES;ATACADO;2027-11-01;191992,80;RJ/ES|00 - TUBOS PVC KRONA|ATACADO|NOV27
00 - TUBOS PVC KRONA;RJ/ES;MINAS RJ/ES;ATACADO;2027-12-01;227245,20;RJ/ES|00 - TUBOS PVC KRONA|ATACADO|DEZ27
00 - TUBOS PVC KRONA;RJ/ES;MINAS RJ/ES;OUTROS;2027-01-01;3091,61;RJ/ES|00 - TUBOS PVC KRONA|OUTROS|JAN27
00 - TUBOS PVC KRONA;RJ/ES;MINAS RJ/ES;OUTROS;2027-02-01;3532,33;RJ/ES|00 - TUBOS PVC KRONA|OUTROS|FEV27
00 - TUBOS PVC KRONA;RJ/ES;MINAS RJ/ES;OUTROS;2027-03-01;3630,45;RJ/ES|00 - TUBOS PVC KRONA|OUTROS|MAR27
00 - TUBOS PVC KRONA;RJ/ES;MINAS RJ/ES;OUTROS;2027-04-01;3710,38;RJ/ES|00 - TUBOS PVC KRONA|OUTROS|ABR27
00 - TUBOS PVC KRONA;RJ/ES;MINAS RJ/ES;OUTROS;2027-05-01;3109,61;RJ/ES|00 - TUBOS PVC KRONA|OUTROS|MAI27
00 - TUBOS PVC KRONA;RJ/ES;MINAS RJ/ES;OUTROS;2027-06-01;3240,89;RJ/ES|00 - TUBOS PVC KRONA|OUTROS|JUN27
00 - TUBOS PVC KRONA;RJ/ES;MINAS RJ/ES;OUTROS;2027-07-01;3280,96;RJ/ES|00 - TUBOS PVC KRONA|OUTROS|JUL27
00 - TUBOS PVC KRONA;RJ/ES;MINAS RJ/ES;OUTROS;2027-08-01;3345,77;RJ/ES|00 - TUBOS PVC KRONA|OUTROS|AGO27
00 - TUBOS PVC KRONA;RJ/ES;MINAS RJ/ES;OUTROS;2027-09-01;3278,62;RJ/ES|00 - TUBOS PVC KRONA|OUTROS|SET27
00 - TUBOS PVC KRONA;RJ/ES;MINAS RJ/ES;OUTROS;2027-10-01;3502,94;RJ/ES|00 - TUBOS PVC KRONA|OUTROS|OUT27
00 - TUBOS PVC KRONA;RJ/ES;MINAS RJ/ES;OUTROS;2027-11-01;3054,26;RJ/ES|00 - TUBOS PVC KRONA|OUTROS|NOV27
00 - TUBOS PVC KRONA;RJ/ES;MINAS RJ/ES;OUTROS;2027-12-01;3697,76;RJ/ES|00 - TUBOS PVC KRONA|OUTROS|DEZ27
00 - TUBOS PVC KRONA;RJ/ES;MINAS RJ/ES;VAREJO;2027-01-01;87342,94;RJ/ES|00 - TUBOS PVC KRONA|VAREJO|JAN27
00 - TUBOS PVC KRONA;RJ/ES;MINAS RJ/ES;VAREJO;2027-02-01;99628,41;RJ/ES|00 - TUBOS PVC KRONA|VAREJO|FEV27
00 - TUBOS PVC KRONA;RJ/ES;MINAS RJ/ES;VAREJO;2027-03-01;101561,29;RJ/ES|00 - TUBOS PVC KRONA|VAREJO|MAR27
00 - TUBOS PVC KRONA;RJ/ES;MINAS RJ/ES;VAREJO;2027-04-01;103990,59;RJ/ES|00 - TUBOS PVC KRONA|VAREJO|ABR27
00 - TUBOS PVC KRONA;RJ/ES;MINAS RJ/ES;VAREJO;2027-05-01;91377,65;RJ/ES|00 - TUBOS PVC KRONA|VAREJO|MAI27
00 - TUBOS PVC KRONA;RJ/ES;MINAS RJ/ES;VAREJO;2027-06-01;93747,75;RJ/ES|00 - TUBOS PVC KRONA|VAREJO|JUN27
00 - TUBOS PVC KRONA;RJ/ES;MINAS RJ/ES;VAREJO;2027-07-01;95437,05;RJ/ES|00 - TUBOS PVC KRONA|VAREJO|JUL27
00 - TUBOS PVC KRONA;RJ/ES;MINAS RJ/ES;VAREJO;2027-08-01;92908,74;RJ/ES|00 - TUBOS PVC KRONA|VAREJO|AGO27
00 - TUBOS PVC KRONA;RJ/ES;MINAS RJ/ES;VAREJO;2027-09-01;93043,90;RJ/ES|00 - TUBOS PVC KRONA|VAREJO|SET27
00 - TUBOS PVC KRONA;RJ/ES;MINAS RJ/ES;VAREJO;2027-10-01;96981,54;RJ/ES|00 - TUBOS PVC KRONA|VAREJO|OUT27
00 - TUBOS PVC KRONA;RJ/ES;MINAS RJ/ES;VAREJO;2027-11-01;87732,81;RJ/ES|00 - TUBOS PVC KRONA|VAREJO|NOV27
00 - TUBOS PVC KRONA;RJ/ES;MINAS RJ/ES;VAREJO;2027-12-01;100649,74;RJ/ES|00 - TUBOS PVC KRONA|VAREJO|DEZ27
00 - TUBOS PVC KRONA;SANTA CATARINA 01;SUL;ATACADO;2027-01-01;27091,99;SANTA CATARINA 01|00 - TUBOS PVC KRONA|ATACADO|JAN27
00 - TUBOS PVC KRONA;SANTA CATARINA 01;SUL;ATACADO;2027-02-01;33869,86;SANTA CATARINA 01|00 - TUBOS PVC KRONA|ATACADO|FEV27
00 - TUBOS PVC KRONA;SANTA CATARINA 01;SUL;ATACADO;2027-03-01;33749,02;SANTA CATARINA 01|00 - TUBOS PVC KRONA|ATACADO|MAR27
00 - TUBOS PVC KRONA;SANTA CATARINA 01;SUL;ATACADO;2027-04-01;32782,86;SANTA CATARINA 01|00 - TUBOS PVC KRONA|ATACADO|ABR27
00 - TUBOS PVC KRONA;SANTA CATARINA 01;SUL;ATACADO;2027-05-01;32507,66;SANTA CATARINA 01|00 - TUBOS PVC KRONA|ATACADO|MAI27
00 - TUBOS PVC KRONA;SANTA CATARINA 01;SUL;ATACADO;2027-06-01;31722,89;SANTA CATARINA 01|00 - TUBOS PVC KRONA|ATACADO|JUN27
00 - TUBOS PVC KRONA;SANTA CATARINA 01;SUL;ATACADO;2027-07-01;28327,99;SANTA CATARINA 01|00 - TUBOS PVC KRONA|ATACADO|JUL27
00 - TUBOS PVC KRONA;SANTA CATARINA 01;SUL;ATACADO;2027-08-01;33863,89;SANTA CATARINA 01|00 - TUBOS PVC KRONA|ATACADO|AGO27
00 - TUBOS PVC KRONA;SANTA CATARINA 01;SUL;ATACADO;2027-09-01;35097,95;SANTA CATARINA 01|00 - TUBOS PVC KRONA|ATACADO|SET27
00 - TUBOS PVC KRONA;SANTA CATARINA 01;SUL;ATACADO;2027-10-01;34814,15;SANTA CATARINA 01|00 - TUBOS PVC KRONA|ATACADO|OUT27
00 - TUBOS PVC KRONA;SANTA CATARINA 01;SUL;ATACADO;2027-11-01;35087,19;SANTA CATARINA 01|00 - TUBOS PVC KRONA|ATACADO|NOV27
00 - TUBOS PVC KRONA;SANTA CATARINA 01;SUL;ATACADO;2027-12-01;35252,02;SANTA CATARINA 01|00 - TUBOS PVC KRONA|ATACADO|DEZ27
00 - TUBOS PVC KRONA;SANTA CATARINA 01;SUL;OUTROS;2027-01-01;616,60;SANTA CATARINA 01|00 - TUBOS PVC KRONA|OUTROS|JAN27
00 - TUBOS PVC KRONA;SANTA CATARINA 01;SUL;OUTROS;2027-02-01;758,38;SANTA CATARINA 01|00 - TUBOS PVC KRONA|OUTROS|FEV27
00 - TUBOS PVC KRONA;SANTA CATARINA 01;SUL;OUTROS;2027-03-01;762,27;SANTA CATARINA 01|00 - TUBOS PVC KRONA|OUTROS|MAR27
00 - TUBOS PVC KRONA;SANTA CATARINA 01;SUL;OUTROS;2027-04-01;753,10;SANTA CATARINA 01|00 - TUBOS PVC KRONA|OUTROS|ABR27
00 - TUBOS PVC KRONA;SANTA CATARINA 01;SUL;OUTROS;2027-05-01;756,33;SANTA CATARINA 01|00 - TUBOS PVC KRONA|OUTROS|MAI27
00 - TUBOS PVC KRONA;SANTA CATARINA 01;SUL;OUTROS;2027-06-01;693,48;SANTA CATARINA 01|00 - TUBOS PVC KRONA|OUTROS|JUN27
00 - TUBOS PVC KRONA;SANTA CATARINA 01;SUL;OUTROS;2027-07-01;596,83;SANTA CATARINA 01|00 - TUBOS PVC KRONA|OUTROS|JUL27
00 - TUBOS PVC KRONA;SANTA CATARINA 01;SUL;OUTROS;2027-08-01;719,14;SANTA CATARINA 01|00 - TUBOS PVC KRONA|OUTROS|AGO27
00 - TUBOS PVC KRONA;SANTA CATARINA 01;SUL;OUTROS;2027-09-01;737,18;SANTA CATARINA 01|00 - TUBOS PVC KRONA|OUTROS|SET27
00 - TUBOS PVC KRONA;SANTA CATARINA 01;SUL;OUTROS;2027-10-01;747,38;SANTA CATARINA 01|00 - TUBOS PVC KRONA|OUTROS|OUT27
00 - TUBOS PVC KRONA;SANTA CATARINA 01;SUL;OUTROS;2027-11-01;749,97;SANTA CATARINA 01|00 - TUBOS PVC KRONA|OUTROS|NOV27
00 - TUBOS PVC KRONA;SANTA CATARINA 01;SUL;OUTROS;2027-12-01;767,41;SANTA CATARINA 01|00 - TUBOS PVC KRONA|OUTROS|DEZ27
00 - TUBOS PVC KRONA;SANTA CATARINA 01;SUL;VAREJO;2027-01-01;75447,07;SANTA CATARINA 01|00 - TUBOS PVC KRONA|VAREJO|JAN27
00 - TUBOS PVC KRONA;SANTA CATARINA 01;SUL;VAREJO;2027-02-01;94655,26;SANTA CATARINA 01|00 - TUBOS PVC KRONA|VAREJO|FEV27
00 - TUBOS PVC KRONA;SANTA CATARINA 01;SUL;VAREJO;2027-03-01;94307,35;SANTA CATARINA 01|00 - TUBOS PVC KRONA|VAREJO|MAR27
00 - TUBOS PVC KRONA;SANTA CATARINA 01;SUL;VAREJO;2027-04-01;90523,89;SANTA CATARINA 01|00 - TUBOS PVC KRONA|VAREJO|ABR27
00 - TUBOS PVC KRONA;SANTA CATARINA 01;SUL;VAREJO;2027-05-01;91149,59;SANTA CATARINA 01|00 - TUBOS PVC KRONA|VAREJO|MAI27
00 - TUBOS PVC KRONA;SANTA CATARINA 01;SUL;VAREJO;2027-06-01;88384,25;SANTA CATARINA 01|00 - TUBOS PVC KRONA|VAREJO|JUN27
00 - TUBOS PVC KRONA;SANTA CATARINA 01;SUL;VAREJO;2027-07-01;78821,79;SANTA CATARINA 01|00 - TUBOS PVC KRONA|VAREJO|JUL27
00 - TUBOS PVC KRONA;SANTA CATARINA 01;SUL;VAREJO;2027-08-01;94597,94;SANTA CATARINA 01|00 - TUBOS PVC KRONA|VAREJO|AGO27
00 - TUBOS PVC KRONA;SANTA CATARINA 01;SUL;VAREJO;2027-09-01;96790,94;SANTA CATARINA 01|00 - TUBOS PVC KRONA|VAREJO|SET27
00 - TUBOS PVC KRONA;SANTA CATARINA 01;SUL;VAREJO;2027-10-01;97341,29;SANTA CATARINA 01|00 - TUBOS PVC KRONA|VAREJO|OUT27
00 - TUBOS PVC KRONA;SANTA CATARINA 01;SUL;VAREJO;2027-11-01;98036,16;SANTA CATARINA 01|00 - TUBOS PVC KRONA|VAREJO|NOV27
00 - TUBOS PVC KRONA;SANTA CATARINA 01;SUL;VAREJO;2027-12-01;98393,20;SANTA CATARINA 01|00 - TUBOS PVC KRONA|VAREJO|DEZ27
00 - TUBOS PVC KRONA;SANTA CATARINA 02;SUL;ATACADO;2027-01-01;56748,49;SANTA CATARINA 02|00 - TUBOS PVC KRONA|ATACADO|JAN27
00 - TUBOS PVC KRONA;SANTA CATARINA 02;SUL;ATACADO;2027-02-01;60891,77;SANTA CATARINA 02|00 - TUBOS PVC KRONA|ATACADO|FEV27
00 - TUBOS PVC KRONA;SANTA CATARINA 02;SUL;ATACADO;2027-03-01;63978,50;SANTA CATARINA 02|00 - TUBOS PVC KRONA|ATACADO|MAR27
00 - TUBOS PVC KRONA;SANTA CATARINA 02;SUL;ATACADO;2027-04-01;64365,33;SANTA CATARINA 02|00 - TUBOS PVC KRONA|ATACADO|ABR27
00 - TUBOS PVC KRONA;SANTA CATARINA 02;SUL;ATACADO;2027-05-01;62030,63;SANTA CATARINA 02|00 - TUBOS PVC KRONA|ATACADO|MAI27
00 - TUBOS PVC KRONA;SANTA CATARINA 02;SUL;ATACADO;2027-06-01;55756,93;SANTA CATARINA 02|00 - TUBOS PVC KRONA|ATACADO|JUN27
00 - TUBOS PVC KRONA;SANTA CATARINA 02;SUL;ATACADO;2027-07-01;48958,58;SANTA CATARINA 02|00 - TUBOS PVC KRONA|ATACADO|JUL27
00 - TUBOS PVC KRONA;SANTA CATARINA 02;SUL;ATACADO;2027-08-01;53482,00;SANTA CATARINA 02|00 - TUBOS PVC KRONA|ATACADO|AGO27
00 - TUBOS PVC KRONA;SANTA CATARINA 02;SUL;ATACADO;2027-09-01;53807,19;SANTA CATARINA 02|00 - TUBOS PVC KRONA|ATACADO|SET27
00 - TUBOS PVC KRONA;SANTA CATARINA 02;SUL;ATACADO;2027-10-01;53720,83;SANTA CATARINA 02|00 - TUBOS PVC KRONA|ATACADO|OUT27
00 - TUBOS PVC KRONA;SANTA CATARINA 02;SUL;ATACADO;2027-11-01;53946,75;SANTA CATARINA 02|00 - TUBOS PVC KRONA|ATACADO|NOV27
00 - TUBOS PVC KRONA;SANTA CATARINA 02;SUL;ATACADO;2027-12-01;57368,35;SANTA CATARINA 02|00 - TUBOS PVC KRONA|ATACADO|DEZ27
00 - TUBOS PVC KRONA;SANTA CATARINA 02;SUL;OUTROS;2027-01-01;4243,18;SANTA CATARINA 02|00 - TUBOS PVC KRONA|OUTROS|JAN27
00 - TUBOS PVC KRONA;SANTA CATARINA 02;SUL;OUTROS;2027-02-01;3946,42;SANTA CATARINA 02|00 - TUBOS PVC KRONA|OUTROS|FEV27
00 - TUBOS PVC KRONA;SANTA CATARINA 02;SUL;OUTROS;2027-03-01;4318,24;SANTA CATARINA 02|00 - TUBOS PVC KRONA|OUTROS|MAR27
00 - TUBOS PVC KRONA;SANTA CATARINA 02;SUL;OUTROS;2027-04-01;4508,26;SANTA CATARINA 02|00 - TUBOS PVC KRONA|OUTROS|ABR27
00 - TUBOS PVC KRONA;SANTA CATARINA 02;SUL;OUTROS;2027-05-01;3640,81;SANTA CATARINA 02|00 - TUBOS PVC KRONA|OUTROS|MAI27
00 - TUBOS PVC KRONA;SANTA CATARINA 02;SUL;OUTROS;2027-06-01;3757,72;SANTA CATARINA 02|00 - TUBOS PVC KRONA|OUTROS|JUN27
00 - TUBOS PVC KRONA;SANTA CATARINA 02;SUL;OUTROS;2027-07-01;3914,33;SANTA CATARINA 02|00 - TUBOS PVC KRONA|OUTROS|JUL27
00 - TUBOS PVC KRONA;SANTA CATARINA 02;SUL;OUTROS;2027-08-01;3547,37;SANTA CATARINA 02|00 - TUBOS PVC KRONA|OUTROS|AGO27
00 - TUBOS PVC KRONA;SANTA CATARINA 02;SUL;OUTROS;2027-09-01;3657,92;SANTA CATARINA 02|00 - TUBOS PVC KRONA|OUTROS|SET27
00 - TUBOS PVC KRONA;SANTA CATARINA 02;SUL;OUTROS;2027-10-01;3953,64;SANTA CATARINA 02|00 - TUBOS PVC KRONA|OUTROS|OUT27
00 - TUBOS PVC KRONA;SANTA CATARINA 02;SUL;OUTROS;2027-11-01;3355,10;SANTA CATARINA 02|00 - TUBOS PVC KRONA|OUTROS|NOV27
00 - TUBOS PVC KRONA;SANTA CATARINA 02;SUL;OUTROS;2027-12-01;3461,31;SANTA CATARINA 02|00 - TUBOS PVC KRONA|OUTROS|DEZ27
00 - TUBOS PVC KRONA;SANTA CATARINA 02;SUL;VAREJO;2027-01-01;133607,60;SANTA CATARINA 02|00 - TUBOS PVC KRONA|VAREJO|JAN27
00 - TUBOS PVC KRONA;SANTA CATARINA 02;SUL;VAREJO;2027-02-01;143451,33;SANTA CATARINA 02|00 - TUBOS PVC KRONA|VAREJO|FEV27
00 - TUBOS PVC KRONA;SANTA CATARINA 02;SUL;VAREJO;2027-03-01;150601,48;SANTA CATARINA 02|00 - TUBOS PVC KRONA|VAREJO|MAR27
00 - TUBOS PVC KRONA;SANTA CATARINA 02;SUL;VAREJO;2027-04-01;152265,13;SANTA CATARINA 02|00 - TUBOS PVC KRONA|VAREJO|ABR27
00 - TUBOS PVC KRONA;SANTA CATARINA 02;SUL;VAREJO;2027-05-01;146939,68;SANTA CATARINA 02|00 - TUBOS PVC KRONA|VAREJO|MAI27
00 - TUBOS PVC KRONA;SANTA CATARINA 02;SUL;VAREJO;2027-06-01;131645,71;SANTA CATARINA 02|00 - TUBOS PVC KRONA|VAREJO|JUN27
00 - TUBOS PVC KRONA;SANTA CATARINA 02;SUL;VAREJO;2027-07-01;116312,71;SANTA CATARINA 02|00 - TUBOS PVC KRONA|VAREJO|JUL27
00 - TUBOS PVC KRONA;SANTA CATARINA 02;SUL;VAREJO;2027-08-01;126727,85;SANTA CATARINA 02|00 - TUBOS PVC KRONA|VAREJO|AGO27
00 - TUBOS PVC KRONA;SANTA CATARINA 02;SUL;VAREJO;2027-09-01;127724,05;SANTA CATARINA 02|00 - TUBOS PVC KRONA|VAREJO|SET27
00 - TUBOS PVC KRONA;SANTA CATARINA 02;SUL;VAREJO;2027-10-01;127828,36;SANTA CATARINA 02|00 - TUBOS PVC KRONA|VAREJO|OUT27
00 - TUBOS PVC KRONA;SANTA CATARINA 02;SUL;VAREJO;2027-11-01;128651,18;SANTA CATARINA 02|00 - TUBOS PVC KRONA|VAREJO|NOV27
00 - TUBOS PVC KRONA;SANTA CATARINA 02;SUL;VAREJO;2027-12-01;136358,12;SANTA CATARINA 02|00 - TUBOS PVC KRONA|VAREJO|DEZ27
00 - TUBOS PVC KRONA;SAO PAULO CAPITAL;SP;ATACADO;2027-01-01;9061,86;SAO PAULO CAPITAL|00 - TUBOS PVC KRONA|ATACADO|JAN27
00 - TUBOS PVC KRONA;SAO PAULO CAPITAL;SP;ATACADO;2027-02-01;10146,68;SAO PAULO CAPITAL|00 - TUBOS PVC KRONA|ATACADO|FEV27
00 - TUBOS PVC KRONA;SAO PAULO CAPITAL;SP;ATACADO;2027-03-01;10235,75;SAO PAULO CAPITAL|00 - TUBOS PVC KRONA|ATACADO|MAR27
00 - TUBOS PVC KRONA;SAO PAULO CAPITAL;SP;ATACADO;2027-04-01;11555,69;SAO PAULO CAPITAL|00 - TUBOS PVC KRONA|ATACADO|ABR27
00 - TUBOS PVC KRONA;SAO PAULO CAPITAL;SP;ATACADO;2027-05-01;9167,07;SAO PAULO CAPITAL|00 - TUBOS PVC KRONA|ATACADO|MAI27
00 - TUBOS PVC KRONA;SAO PAULO CAPITAL;SP;ATACADO;2027-06-01;10030,14;SAO PAULO CAPITAL|00 - TUBOS PVC KRONA|ATACADO|JUN27
00 - TUBOS PVC KRONA;SAO PAULO CAPITAL;SP;ATACADO;2027-07-01;9513,86;SAO PAULO CAPITAL|00 - TUBOS PVC KRONA|ATACADO|JUL27
00 - TUBOS PVC KRONA;SAO PAULO CAPITAL;SP;ATACADO;2027-08-01;9649,75;SAO PAULO CAPITAL|00 - TUBOS PVC KRONA|ATACADO|AGO27
00 - TUBOS PVC KRONA;SAO PAULO CAPITAL;SP;ATACADO;2027-09-01;10720,60;SAO PAULO CAPITAL|00 - TUBOS PVC KRONA|ATACADO|SET27
00 - TUBOS PVC KRONA;SAO PAULO CAPITAL;SP;ATACADO;2027-10-01;10472,71;SAO PAULO CAPITAL|00 - TUBOS PVC KRONA|ATACADO|OUT27
00 - TUBOS PVC KRONA;SAO PAULO CAPITAL;SP;ATACADO;2027-11-01;8278,82;SAO PAULO CAPITAL|00 - TUBOS PVC KRONA|ATACADO|NOV27
00 - TUBOS PVC KRONA;SAO PAULO CAPITAL;SP;ATACADO;2027-12-01;10385,72;SAO PAULO CAPITAL|00 - TUBOS PVC KRONA|ATACADO|DEZ27
00 - TUBOS PVC KRONA;SAO PAULO CAPITAL;SP;OUTROS;2027-01-01;300,69;SAO PAULO CAPITAL|00 - TUBOS PVC KRONA|OUTROS|JAN27
00 - TUBOS PVC KRONA;SAO PAULO CAPITAL;SP;OUTROS;2027-02-01;360,68;SAO PAULO CAPITAL|00 - TUBOS PVC KRONA|OUTROS|FEV27
00 - TUBOS PVC KRONA;SAO PAULO CAPITAL;SP;OUTROS;2027-03-01;364,02;SAO PAULO CAPITAL|00 - TUBOS PVC KRONA|OUTROS|MAR27
00 - TUBOS PVC KRONA;SAO PAULO CAPITAL;SP;OUTROS;2027-04-01;390,97;SAO PAULO CAPITAL|00 - TUBOS PVC KRONA|OUTROS|ABR27
00 - TUBOS PVC KRONA;SAO PAULO CAPITAL;SP;OUTROS;2027-05-01;342,78;SAO PAULO CAPITAL|00 - TUBOS PVC KRONA|OUTROS|MAI27
00 - TUBOS PVC KRONA;SAO PAULO CAPITAL;SP;OUTROS;2027-06-01;400,16;SAO PAULO CAPITAL|00 - TUBOS PVC KRONA|OUTROS|JUN27
00 - TUBOS PVC KRONA;SAO PAULO CAPITAL;SP;OUTROS;2027-07-01;323,30;SAO PAULO CAPITAL|00 - TUBOS PVC KRONA|OUTROS|JUL27
00 - TUBOS PVC KRONA;SAO PAULO CAPITAL;SP;OUTROS;2027-08-01;357,97;SAO PAULO CAPITAL|00 - TUBOS PVC KRONA|OUTROS|AGO27
00 - TUBOS PVC KRONA;SAO PAULO CAPITAL;SP;OUTROS;2027-09-01;421,68;SAO PAULO CAPITAL|00 - TUBOS PVC KRONA|OUTROS|SET27
00 - TUBOS PVC KRONA;SAO PAULO CAPITAL;SP;OUTROS;2027-10-01;368,18;SAO PAULO CAPITAL|00 - TUBOS PVC KRONA|OUTROS|OUT27
00 - TUBOS PVC KRONA;SAO PAULO CAPITAL;SP;OUTROS;2027-11-01;300,28;SAO PAULO CAPITAL|00 - TUBOS PVC KRONA|OUTROS|NOV27
00 - TUBOS PVC KRONA;SAO PAULO CAPITAL;SP;OUTROS;2027-12-01;397,93;SAO PAULO CAPITAL|00 - TUBOS PVC KRONA|OUTROS|DEZ27
00 - TUBOS PVC KRONA;SAO PAULO CAPITAL;SP;VAREJO;2027-01-01;118998,49;SAO PAULO CAPITAL|00 - TUBOS PVC KRONA|VAREJO|JAN27
00 - TUBOS PVC KRONA;SAO PAULO CAPITAL;SP;VAREJO;2027-02-01;144439,91;SAO PAULO CAPITAL|00 - TUBOS PVC KRONA|VAREJO|FEV27
00 - TUBOS PVC KRONA;SAO PAULO CAPITAL;SP;VAREJO;2027-03-01;144090,54;SAO PAULO CAPITAL|00 - TUBOS PVC KRONA|VAREJO|MAR27
00 - TUBOS PVC KRONA;SAO PAULO CAPITAL;SP;VAREJO;2027-04-01;161057,37;SAO PAULO CAPITAL|00 - TUBOS PVC KRONA|VAREJO|ABR27
00 - TUBOS PVC KRONA;SAO PAULO CAPITAL;SP;VAREJO;2027-05-01;132814,69;SAO PAULO CAPITAL|00 - TUBOS PVC KRONA|VAREJO|MAI27
00 - TUBOS PVC KRONA;SAO PAULO CAPITAL;SP;VAREJO;2027-06-01;139020,28;SAO PAULO CAPITAL|00 - TUBOS PVC KRONA|VAREJO|JUN27
00 - TUBOS PVC KRONA;SAO PAULO CAPITAL;SP;VAREJO;2027-07-01;130910,63;SAO PAULO CAPITAL|00 - TUBOS PVC KRONA|VAREJO|JUL27
00 - TUBOS PVC KRONA;SAO PAULO CAPITAL;SP;VAREJO;2027-08-01;136544,99;SAO PAULO CAPITAL|00 - TUBOS PVC KRONA|VAREJO|AGO27
00 - TUBOS PVC KRONA;SAO PAULO CAPITAL;SP;VAREJO;2027-09-01;155350,97;SAO PAULO CAPITAL|00 - TUBOS PVC KRONA|VAREJO|SET27
00 - TUBOS PVC KRONA;SAO PAULO CAPITAL;SP;VAREJO;2027-10-01;143176,41;SAO PAULO CAPITAL|00 - TUBOS PVC KRONA|VAREJO|OUT27
00 - TUBOS PVC KRONA;SAO PAULO CAPITAL;SP;VAREJO;2027-11-01;117834,57;SAO PAULO CAPITAL|00 - TUBOS PVC KRONA|VAREJO|NOV27
00 - TUBOS PVC KRONA;SAO PAULO CAPITAL;SP;VAREJO;2027-12-01;145719,25;SAO PAULO CAPITAL|00 - TUBOS PVC KRONA|VAREJO|DEZ27
00 - TUBOS PVC KRONA;SAO PAULO CAPITAL 2;SP;ATACADO;2027-01-01;358889,02;SAO PAULO CAPITAL 2|00 - TUBOS PVC KRONA|ATACADO|JAN27
00 - TUBOS PVC KRONA;SAO PAULO CAPITAL 2;SP;ATACADO;2027-02-01;331309,17;SAO PAULO CAPITAL 2|00 - TUBOS PVC KRONA|ATACADO|FEV27
00 - TUBOS PVC KRONA;SAO PAULO CAPITAL 2;SP;ATACADO;2027-03-01;130829,63;SAO PAULO CAPITAL 2|00 - TUBOS PVC KRONA|ATACADO|MAR27
00 - TUBOS PVC KRONA;SAO PAULO CAPITAL 2;SP;ATACADO;2027-04-01;630628,24;SAO PAULO CAPITAL 2|00 - TUBOS PVC KRONA|ATACADO|ABR27
00 - TUBOS PVC KRONA;SAO PAULO CAPITAL 2;SP;ATACADO;2027-05-01;41202,25;SAO PAULO CAPITAL 2|00 - TUBOS PVC KRONA|ATACADO|MAI27
00 - TUBOS PVC KRONA;SAO PAULO CAPITAL 2;SP;ATACADO;2027-06-01;180219,84;SAO PAULO CAPITAL 2|00 - TUBOS PVC KRONA|ATACADO|JUN27
00 - TUBOS PVC KRONA;SAO PAULO CAPITAL 2;SP;ATACADO;2027-07-01;489727,27;SAO PAULO CAPITAL 2|00 - TUBOS PVC KRONA|ATACADO|JUL27
00 - TUBOS PVC KRONA;SAO PAULO CAPITAL 2;SP;ATACADO;2027-08-01;200403,82;SAO PAULO CAPITAL 2|00 - TUBOS PVC KRONA|ATACADO|AGO27
00 - TUBOS PVC KRONA;SAO PAULO CAPITAL 2;SP;ATACADO;2027-09-01;303587,25;SAO PAULO CAPITAL 2|00 - TUBOS PVC KRONA|ATACADO|SET27
00 - TUBOS PVC KRONA;SAO PAULO CAPITAL 2;SP;ATACADO;2027-10-01;456518,37;SAO PAULO CAPITAL 2|00 - TUBOS PVC KRONA|ATACADO|OUT27
00 - TUBOS PVC KRONA;SAO PAULO CAPITAL 2;SP;ATACADO;2027-11-01;201150,42;SAO PAULO CAPITAL 2|00 - TUBOS PVC KRONA|ATACADO|NOV27
00 - TUBOS PVC KRONA;SAO PAULO CAPITAL 2;SP;ATACADO;2027-12-01;143284,64;SAO PAULO CAPITAL 2|00 - TUBOS PVC KRONA|ATACADO|DEZ27
00 - TUBOS PVC KRONA;SAO PAULO INTERIOR;SP;ATACADO;2027-01-01;142552,50;SAO PAULO INTERIOR|00 - TUBOS PVC KRONA|ATACADO|JAN27
00 - TUBOS PVC KRONA;SAO PAULO INTERIOR;SP;ATACADO;2027-02-01;100760,49;SAO PAULO INTERIOR|00 - TUBOS PVC KRONA|ATACADO|FEV27
00 - TUBOS PVC KRONA;SAO PAULO INTERIOR;SP;ATACADO;2027-03-01;97904,49;SAO PAULO INTERIOR|00 - TUBOS PVC KRONA|ATACADO|MAR27
00 - TUBOS PVC KRONA;SAO PAULO INTERIOR;SP;ATACADO;2027-04-01;159797,86;SAO PAULO INTERIOR|00 - TUBOS PVC KRONA|ATACADO|ABR27
00 - TUBOS PVC KRONA;SAO PAULO INTERIOR;SP;ATACADO;2027-05-01;46955,66;SAO PAULO INTERIOR|00 - TUBOS PVC KRONA|ATACADO|MAI27
00 - TUBOS PVC KRONA;SAO PAULO INTERIOR;SP;ATACADO;2027-06-01;91725,68;SAO PAULO INTERIOR|00 - TUBOS PVC KRONA|ATACADO|JUN27
00 - TUBOS PVC KRONA;SAO PAULO INTERIOR;SP;ATACADO;2027-07-01;149621,44;SAO PAULO INTERIOR|00 - TUBOS PVC KRONA|ATACADO|JUL27
00 - TUBOS PVC KRONA;SAO PAULO INTERIOR;SP;ATACADO;2027-08-01;83341,95;SAO PAULO INTERIOR|00 - TUBOS PVC KRONA|ATACADO|AGO27
00 - TUBOS PVC KRONA;SAO PAULO INTERIOR;SP;ATACADO;2027-09-01;92031,74;SAO PAULO INTERIOR|00 - TUBOS PVC KRONA|ATACADO|SET27
00 - TUBOS PVC KRONA;SAO PAULO INTERIOR;SP;ATACADO;2027-10-01;126864,10;SAO PAULO INTERIOR|00 - TUBOS PVC KRONA|ATACADO|OUT27
00 - TUBOS PVC KRONA;SAO PAULO INTERIOR;SP;ATACADO;2027-11-01;79554,26;SAO PAULO INTERIOR|00 - TUBOS PVC KRONA|ATACADO|NOV27
00 - TUBOS PVC KRONA;SAO PAULO INTERIOR;SP;ATACADO;2027-12-01;75817,79;SAO PAULO INTERIOR|00 - TUBOS PVC KRONA|ATACADO|DEZ27
00 - TUBOS PVC KRONA;SAO PAULO INTERIOR;SP;OUTROS;2027-01-01;1702,71;SAO PAULO INTERIOR|00 - TUBOS PVC KRONA|OUTROS|JAN27
00 - TUBOS PVC KRONA;SAO PAULO INTERIOR;SP;OUTROS;2027-02-01;1367,80;SAO PAULO INTERIOR|00 - TUBOS PVC KRONA|OUTROS|FEV27
00 - TUBOS PVC KRONA;SAO PAULO INTERIOR;SP;OUTROS;2027-03-01;1422,65;SAO PAULO INTERIOR|00 - TUBOS PVC KRONA|OUTROS|MAR27
00 - TUBOS PVC KRONA;SAO PAULO INTERIOR;SP;OUTROS;2027-04-01;1808,88;SAO PAULO INTERIOR|00 - TUBOS PVC KRONA|OUTROS|ABR27
00 - TUBOS PVC KRONA;SAO PAULO INTERIOR;SP;OUTROS;2027-05-01;896,85;SAO PAULO INTERIOR|00 - TUBOS PVC KRONA|OUTROS|MAI27
00 - TUBOS PVC KRONA;SAO PAULO INTERIOR;SP;OUTROS;2027-06-01;1271,77;SAO PAULO INTERIOR|00 - TUBOS PVC KRONA|OUTROS|JUN27
00 - TUBOS PVC KRONA;SAO PAULO INTERIOR;SP;OUTROS;2027-07-01;1642,14;SAO PAULO INTERIOR|00 - TUBOS PVC KRONA|OUTROS|JUL27
00 - TUBOS PVC KRONA;SAO PAULO INTERIOR;SP;OUTROS;2027-08-01;1166,95;SAO PAULO INTERIOR|00 - TUBOS PVC KRONA|OUTROS|AGO27
00 - TUBOS PVC KRONA;SAO PAULO INTERIOR;SP;OUTROS;2027-09-01;1228,62;SAO PAULO INTERIOR|00 - TUBOS PVC KRONA|OUTROS|SET27
00 - TUBOS PVC KRONA;SAO PAULO INTERIOR;SP;OUTROS;2027-10-01;1541,08;SAO PAULO INTERIOR|00 - TUBOS PVC KRONA|OUTROS|OUT27
00 - TUBOS PVC KRONA;SAO PAULO INTERIOR;SP;OUTROS;2027-11-01;1136,58;SAO PAULO INTERIOR|00 - TUBOS PVC KRONA|OUTROS|NOV27
00 - TUBOS PVC KRONA;SAO PAULO INTERIOR;SP;OUTROS;2027-12-01;1170,82;SAO PAULO INTERIOR|00 - TUBOS PVC KRONA|OUTROS|DEZ27
00 - TUBOS PVC KRONA;SAO PAULO INTERIOR;SP;VAREJO;2027-01-01;154180,40;SAO PAULO INTERIOR|00 - TUBOS PVC KRONA|VAREJO|JAN27
00 - TUBOS PVC KRONA;SAO PAULO INTERIOR;SP;VAREJO;2027-02-01;111694,53;SAO PAULO INTERIOR|00 - TUBOS PVC KRONA|VAREJO|FEV27
00 - TUBOS PVC KRONA;SAO PAULO INTERIOR;SP;VAREJO;2027-03-01;109696,43;SAO PAULO INTERIOR|00 - TUBOS PVC KRONA|VAREJO|MAR27
00 - TUBOS PVC KRONA;SAO PAULO INTERIOR;SP;VAREJO;2027-04-01;172947,44;SAO PAULO INTERIOR|00 - TUBOS PVC KRONA|VAREJO|ABR27
00 - TUBOS PVC KRONA;SAO PAULO INTERIOR;SP;VAREJO;2027-05-01;55273,86;SAO PAULO INTERIOR|00 - TUBOS PVC KRONA|VAREJO|MAI27
00 - TUBOS PVC KRONA;SAO PAULO INTERIOR;SP;VAREJO;2027-06-01;102046,59;SAO PAULO INTERIOR|00 - TUBOS PVC KRONA|VAREJO|JUN27
00 - TUBOS PVC KRONA;SAO PAULO INTERIOR;SP;VAREJO;2027-07-01;160262,41;SAO PAULO INTERIOR|00 - TUBOS PVC KRONA|VAREJO|JUL27
00 - TUBOS PVC KRONA;SAO PAULO INTERIOR;SP;VAREJO;2027-08-01;92513,78;SAO PAULO INTERIOR|00 - TUBOS PVC KRONA|VAREJO|AGO27
00 - TUBOS PVC KRONA;SAO PAULO INTERIOR;SP;VAREJO;2027-09-01;101858,71;SAO PAULO INTERIOR|00 - TUBOS PVC KRONA|VAREJO|SET27
00 - TUBOS PVC KRONA;SAO PAULO INTERIOR;SP;VAREJO;2027-10-01;137601,75;SAO PAULO INTERIOR|00 - TUBOS PVC KRONA|VAREJO|OUT27
00 - TUBOS PVC KRONA;SAO PAULO INTERIOR;SP;VAREJO;2027-11-01;88383,84;SAO PAULO INTERIOR|00 - TUBOS PVC KRONA|VAREJO|NOV27
00 - TUBOS PVC KRONA;SAO PAULO INTERIOR;SP;VAREJO;2027-12-01;87348,76;SAO PAULO INTERIOR|00 - TUBOS PVC KRONA|VAREJO|DEZ27
00 - TUBOS PVC KRONA;TELEVENDAS;TELEVENDAS;ATACADO;2027-01-01;92,80;TELEVENDAS|00 - TUBOS PVC KRONA|ATACADO|JAN27
00 - TUBOS PVC KRONA;TELEVENDAS;TELEVENDAS;ATACADO;2027-02-01;102,43;TELEVENDAS|00 - TUBOS PVC KRONA|ATACADO|FEV27
00 - TUBOS PVC KRONA;TELEVENDAS;TELEVENDAS;ATACADO;2027-03-01;102,00;TELEVENDAS|00 - TUBOS PVC KRONA|ATACADO|MAR27
00 - TUBOS PVC KRONA;TELEVENDAS;TELEVENDAS;ATACADO;2027-04-01;104,45;TELEVENDAS|00 - TUBOS PVC KRONA|ATACADO|ABR27
00 - TUBOS PVC KRONA;TELEVENDAS;TELEVENDAS;ATACADO;2027-05-01;97,18;TELEVENDAS|00 - TUBOS PVC KRONA|ATACADO|MAI27
00 - TUBOS PVC KRONA;TELEVENDAS;TELEVENDAS;ATACADO;2027-06-01;97,53;TELEVENDAS|00 - TUBOS PVC KRONA|ATACADO|JUN27
00 - TUBOS PVC KRONA;TELEVENDAS;TELEVENDAS;ATACADO;2027-07-01;99,00;TELEVENDAS|00 - TUBOS PVC KRONA|ATACADO|JUL27
00 - TUBOS PVC KRONA;TELEVENDAS;TELEVENDAS;ATACADO;2027-08-01;98,38;TELEVENDAS|00 - TUBOS PVC KRONA|ATACADO|AGO27
00 - TUBOS PVC KRONA;TELEVENDAS;TELEVENDAS;ATACADO;2027-09-01;102,25;TELEVENDAS|00 - TUBOS PVC KRONA|ATACADO|SET27
00 - TUBOS PVC KRONA;TELEVENDAS;TELEVENDAS;ATACADO;2027-10-01;97,46;TELEVENDAS|00 - TUBOS PVC KRONA|ATACADO|OUT27
00 - TUBOS PVC KRONA;TELEVENDAS;TELEVENDAS;ATACADO;2027-11-01;95,56;TELEVENDAS|00 - TUBOS PVC KRONA|ATACADO|NOV27
00 - TUBOS PVC KRONA;TELEVENDAS;TELEVENDAS;ATACADO;2027-12-01;101,28;TELEVENDAS|00 - TUBOS PVC KRONA|ATACADO|DEZ27
00 - TUBOS PVC KRONA;TELEVENDAS;TELEVENDAS;IRRIGACAO;2027-01-01;51,64;TELEVENDAS|00 - TUBOS PVC KRONA|IRRIGACAO|JAN27
00 - TUBOS PVC KRONA;TELEVENDAS;TELEVENDAS;IRRIGACAO;2027-02-01;65,53;TELEVENDAS|00 - TUBOS PVC KRONA|IRRIGACAO|FEV27
00 - TUBOS PVC KRONA;TELEVENDAS;TELEVENDAS;IRRIGACAO;2027-03-01;63,88;TELEVENDAS|00 - TUBOS PVC KRONA|IRRIGACAO|MAR27
00 - TUBOS PVC KRONA;TELEVENDAS;TELEVENDAS;IRRIGACAO;2027-04-01;65,50;TELEVENDAS|00 - TUBOS PVC KRONA|IRRIGACAO|ABR27
00 - TUBOS PVC KRONA;TELEVENDAS;TELEVENDAS;IRRIGACAO;2027-05-01;56,82;TELEVENDAS|00 - TUBOS PVC KRONA|IRRIGACAO|MAI27
00 - TUBOS PVC KRONA;TELEVENDAS;TELEVENDAS;IRRIGACAO;2027-06-01;55,91;TELEVENDAS|00 - TUBOS PVC KRONA|IRRIGACAO|JUN27
00 - TUBOS PVC KRONA;TELEVENDAS;TELEVENDAS;IRRIGACAO;2027-07-01;57,56;TELEVENDAS|00 - TUBOS PVC KRONA|IRRIGACAO|JUL27
00 - TUBOS PVC KRONA;TELEVENDAS;TELEVENDAS;IRRIGACAO;2027-08-01;57,96;TELEVENDAS|00 - TUBOS PVC KRONA|IRRIGACAO|AGO27
00 - TUBOS PVC KRONA;TELEVENDAS;TELEVENDAS;IRRIGACAO;2027-09-01;62,92;TELEVENDAS|00 - TUBOS PVC KRONA|IRRIGACAO|SET27
00 - TUBOS PVC KRONA;TELEVENDAS;TELEVENDAS;IRRIGACAO;2027-10-01;55,56;TELEVENDAS|00 - TUBOS PVC KRONA|IRRIGACAO|OUT27
00 - TUBOS PVC KRONA;TELEVENDAS;TELEVENDAS;IRRIGACAO;2027-11-01;50,59;TELEVENDAS|00 - TUBOS PVC KRONA|IRRIGACAO|NOV27
00 - TUBOS PVC KRONA;TELEVENDAS;TELEVENDAS;IRRIGACAO;2027-12-01;59,72;TELEVENDAS|00 - TUBOS PVC KRONA|IRRIGACAO|DEZ27
00 - TUBOS PVC KRONA;TELEVENDAS;TELEVENDAS;OUTROS;2027-01-01;2506,53;TELEVENDAS|00 - TUBOS PVC KRONA|OUTROS|JAN27
00 - TUBOS PVC KRONA;TELEVENDAS;TELEVENDAS;OUTROS;2027-02-01;3074,80;TELEVENDAS|00 - TUBOS PVC KRONA|OUTROS|FEV27
00 - TUBOS PVC KRONA;TELEVENDAS;TELEVENDAS;OUTROS;2027-03-01;3058,95;TELEVENDAS|00 - TUBOS PVC KRONA|OUTROS|MAR27
00 - TUBOS PVC KRONA;TELEVENDAS;TELEVENDAS;OUTROS;2027-04-01;3175,38;TELEVENDAS|00 - TUBOS PVC KRONA|OUTROS|ABR27
00 - TUBOS PVC KRONA;TELEVENDAS;TELEVENDAS;OUTROS;2027-05-01;2750,83;TELEVENDAS|00 - TUBOS PVC KRONA|OUTROS|MAI27
00 - TUBOS PVC KRONA;TELEVENDAS;TELEVENDAS;OUTROS;2027-06-01;2729,73;TELEVENDAS|00 - TUBOS PVC KRONA|OUTROS|JUN27
00 - TUBOS PVC KRONA;TELEVENDAS;TELEVENDAS;OUTROS;2027-07-01;2793,34;TELEVENDAS|00 - TUBOS PVC KRONA|OUTROS|JUL27
00 - TUBOS PVC KRONA;TELEVENDAS;TELEVENDAS;OUTROS;2027-08-01;2819,54;TELEVENDAS|00 - TUBOS PVC KRONA|OUTROS|AGO27
00 - TUBOS PVC KRONA;TELEVENDAS;TELEVENDAS;OUTROS;2027-09-01;2967,85;TELEVENDAS|00 - TUBOS PVC KRONA|OUTROS|SET27
00 - TUBOS PVC KRONA;TELEVENDAS;TELEVENDAS;OUTROS;2027-10-01;2726,36;TELEVENDAS|00 - TUBOS PVC KRONA|OUTROS|OUT27
00 - TUBOS PVC KRONA;TELEVENDAS;TELEVENDAS;OUTROS;2027-11-01;2608,84;TELEVENDAS|00 - TUBOS PVC KRONA|OUTROS|NOV27
00 - TUBOS PVC KRONA;TELEVENDAS;TELEVENDAS;OUTROS;2027-12-01;2845,24;TELEVENDAS|00 - TUBOS PVC KRONA|OUTROS|DEZ27
00 - TUBOS PVC KRONA;TELEVENDAS;TELEVENDAS;VAREJO;2027-01-01;83430,63;TELEVENDAS|00 - TUBOS PVC KRONA|VAREJO|JAN27
00 - TUBOS PVC KRONA;TELEVENDAS;TELEVENDAS;VAREJO;2027-02-01;97200,88;TELEVENDAS|00 - TUBOS PVC KRONA|VAREJO|FEV27
00 - TUBOS PVC KRONA;TELEVENDAS;TELEVENDAS;VAREJO;2027-03-01;96993,28;TELEVENDAS|00 - TUBOS PVC KRONA|VAREJO|MAR27
00 - TUBOS PVC KRONA;TELEVENDAS;TELEVENDAS;VAREJO;2027-04-01;98941,21;TELEVENDAS|00 - TUBOS PVC KRONA|VAREJO|ABR27
00 - TUBOS PVC KRONA;TELEVENDAS;TELEVENDAS;VAREJO;2027-05-01;90159,91;TELEVENDAS|00 - TUBOS PVC KRONA|VAREJO|MAI27
00 - TUBOS PVC KRONA;TELEVENDAS;TELEVENDAS;VAREJO;2027-06-01;89389,28;TELEVENDAS|00 - TUBOS PVC KRONA|VAREJO|JUN27
00 - TUBOS PVC KRONA;TELEVENDAS;TELEVENDAS;VAREJO;2027-07-01;89577,91;TELEVENDAS|00 - TUBOS PVC KRONA|VAREJO|JUL27
00 - TUBOS PVC KRONA;TELEVENDAS;TELEVENDAS;VAREJO;2027-08-01;90140,28;TELEVENDAS|00 - TUBOS PVC KRONA|VAREJO|AGO27
00 - TUBOS PVC KRONA;TELEVENDAS;TELEVENDAS;VAREJO;2027-09-01;91853,16;TELEVENDAS|00 - TUBOS PVC KRONA|VAREJO|SET27
00 - TUBOS PVC KRONA;TELEVENDAS;TELEVENDAS;VAREJO;2027-10-01;90002,59;TELEVENDAS|00 - TUBOS PVC KRONA|VAREJO|OUT27
00 - TUBOS PVC KRONA;TELEVENDAS;TELEVENDAS;VAREJO;2027-11-01;86545,13;TELEVENDAS|00 - TUBOS PVC KRONA|VAREJO|NOV27
00 - TUBOS PVC KRONA;TELEVENDAS;TELEVENDAS;VAREJO;2027-12-01;92191,19;TELEVENDAS|00 - TUBOS PVC KRONA|VAREJO|DEZ27
01 - TUBOS ELETRODUTOS KRONA;CENTRO OESTE;CO NO;ATACADO;2027-01-01;6273,03;CENTRO OESTE|01 - TUBOS ELETRODUTOS KRONA|ATACADO|JAN27
01 - TUBOS ELETRODUTOS KRONA;CENTRO OESTE;CO NO;ATACADO;2027-02-01;7089,96;CENTRO OESTE|01 - TUBOS ELETRODUTOS KRONA|ATACADO|FEV27
01 - TUBOS ELETRODUTOS KRONA;CENTRO OESTE;CO NO;ATACADO;2027-03-01;6750,06;CENTRO OESTE|01 - TUBOS ELETRODUTOS KRONA|ATACADO|MAR27
01 - TUBOS ELETRODUTOS KRONA;CENTRO OESTE;CO NO;ATACADO;2027-04-01;7044,51;CENTRO OESTE|01 - TUBOS ELETRODUTOS KRONA|ATACADO|ABR27
01 - TUBOS ELETRODUTOS KRONA;CENTRO OESTE;CO NO;ATACADO;2027-05-01;6126,57;CENTRO OESTE|01 - TUBOS ELETRODUTOS KRONA|ATACADO|MAI27
01 - TUBOS ELETRODUTOS KRONA;CENTRO OESTE;CO NO;ATACADO;2027-06-01;7179,11;CENTRO OESTE|01 - TUBOS ELETRODUTOS KRONA|ATACADO|JUN27
01 - TUBOS ELETRODUTOS KRONA;CENTRO OESTE;CO NO;ATACADO;2027-07-01;7122,84;CENTRO OESTE|01 - TUBOS ELETRODUTOS KRONA|ATACADO|JUL27
01 - TUBOS ELETRODUTOS KRONA;CENTRO OESTE;CO NO;ATACADO;2027-08-01;6395,06;CENTRO OESTE|01 - TUBOS ELETRODUTOS KRONA|ATACADO|AGO27
01 - TUBOS ELETRODUTOS KRONA;CENTRO OESTE;CO NO;ATACADO;2027-09-01;6927,65;CENTRO OESTE|01 - TUBOS ELETRODUTOS KRONA|ATACADO|SET27
01 - TUBOS ELETRODUTOS KRONA;CENTRO OESTE;CO NO;ATACADO;2027-10-01;7238,65;CENTRO OESTE|01 - TUBOS ELETRODUTOS KRONA|ATACADO|OUT27
01 - TUBOS ELETRODUTOS KRONA;CENTRO OESTE;CO NO;ATACADO;2027-11-01;7326,69;CENTRO OESTE|01 - TUBOS ELETRODUTOS KRONA|ATACADO|NOV27
01 - TUBOS ELETRODUTOS KRONA;CENTRO OESTE;CO NO;ATACADO;2027-12-01;7658,09;CENTRO OESTE|01 - TUBOS ELETRODUTOS KRONA|ATACADO|DEZ27
01 - TUBOS ELETRODUTOS KRONA;CENTRO OESTE;CO NO;VAREJO;2027-01-01;881,85;CENTRO OESTE|01 - TUBOS ELETRODUTOS KRONA|VAREJO|JAN27
01 - TUBOS ELETRODUTOS KRONA;CENTRO OESTE;CO NO;VAREJO;2027-02-01;996,58;CENTRO OESTE|01 - TUBOS ELETRODUTOS KRONA|VAREJO|FEV27
01 - TUBOS ELETRODUTOS KRONA;CENTRO OESTE;CO NO;VAREJO;2027-03-01;1008,78;CENTRO OESTE|01 - TUBOS ELETRODUTOS KRONA|VAREJO|MAR27
01 - TUBOS ELETRODUTOS KRONA;CENTRO OESTE;CO NO;VAREJO;2027-04-01;1027,22;CENTRO OESTE|01 - TUBOS ELETRODUTOS KRONA|VAREJO|ABR27
01 - TUBOS ELETRODUTOS KRONA;CENTRO OESTE;CO NO;VAREJO;2027-05-01;869,09;CENTRO OESTE|01 - TUBOS ELETRODUTOS KRONA|VAREJO|MAI27
01 - TUBOS ELETRODUTOS KRONA;CENTRO OESTE;CO NO;VAREJO;2027-06-01;1028,20;CENTRO OESTE|01 - TUBOS ELETRODUTOS KRONA|VAREJO|JUN27
01 - TUBOS ELETRODUTOS KRONA;CENTRO OESTE;CO NO;VAREJO;2027-07-01;979,16;CENTRO OESTE|01 - TUBOS ELETRODUTOS KRONA|VAREJO|JUL27
01 - TUBOS ELETRODUTOS KRONA;CENTRO OESTE;CO NO;VAREJO;2027-08-01;916,08;CENTRO OESTE|01 - TUBOS ELETRODUTOS KRONA|VAREJO|AGO27
01 - TUBOS ELETRODUTOS KRONA;CENTRO OESTE;CO NO;VAREJO;2027-09-01;974,67;CENTRO OESTE|01 - TUBOS ELETRODUTOS KRONA|VAREJO|SET27
01 - TUBOS ELETRODUTOS KRONA;CENTRO OESTE;CO NO;VAREJO;2027-10-01;1028,29;CENTRO OESTE|01 - TUBOS ELETRODUTOS KRONA|VAREJO|OUT27
01 - TUBOS ELETRODUTOS KRONA;CENTRO OESTE;CO NO;VAREJO;2027-11-01;1015,11;CENTRO OESTE|01 - TUBOS ELETRODUTOS KRONA|VAREJO|NOV27
01 - TUBOS ELETRODUTOS KRONA;CENTRO OESTE;CO NO;VAREJO;2027-12-01;1096,05;CENTRO OESTE|01 - TUBOS ELETRODUTOS KRONA|VAREJO|DEZ27
01 - TUBOS ELETRODUTOS KRONA;CONSTR CENTRO OESTE;CONSTRUTORA;CONSTRUTORA;2027-01-01;1089,73;CONSTR CENTRO OESTE|01 - TUBOS ELETRODUTOS KRONA|CONSTRUTORA|JAN27
01 - TUBOS ELETRODUTOS KRONA;CONSTR CENTRO OESTE;CONSTRUTORA;CONSTRUTORA;2027-02-01;1168,39;CONSTR CENTRO OESTE|01 - TUBOS ELETRODUTOS KRONA|CONSTRUTORA|FEV27
01 - TUBOS ELETRODUTOS KRONA;CONSTR CENTRO OESTE;CONSTRUTORA;CONSTRUTORA;2027-03-01;597,94;CONSTR CENTRO OESTE|01 - TUBOS ELETRODUTOS KRONA|CONSTRUTORA|MAR27
01 - TUBOS ELETRODUTOS KRONA;CONSTR CENTRO OESTE;CONSTRUTORA;CONSTRUTORA;2027-04-01;651,37;CONSTR CENTRO OESTE|01 - TUBOS ELETRODUTOS KRONA|CONSTRUTORA|ABR27
01 - TUBOS ELETRODUTOS KRONA;CONSTR CENTRO OESTE;CONSTRUTORA;CONSTRUTORA;2027-05-01;527,46;CONSTR CENTRO OESTE|01 - TUBOS ELETRODUTOS KRONA|CONSTRUTORA|MAI27
01 - TUBOS ELETRODUTOS KRONA;CONSTR CENTRO OESTE;CONSTRUTORA;CONSTRUTORA;2027-06-01;996,18;CONSTR CENTRO OESTE|01 - TUBOS ELETRODUTOS KRONA|CONSTRUTORA|JUN27
01 - TUBOS ELETRODUTOS KRONA;CONSTR CENTRO OESTE;CONSTRUTORA;CONSTRUTORA;2027-07-01;597,32;CONSTR CENTRO OESTE|01 - TUBOS ELETRODUTOS KRONA|CONSTRUTORA|JUL27
01 - TUBOS ELETRODUTOS KRONA;CONSTR CENTRO OESTE;CONSTRUTORA;CONSTRUTORA;2027-08-01;515,71;CONSTR CENTRO OESTE|01 - TUBOS ELETRODUTOS KRONA|CONSTRUTORA|AGO27
01 - TUBOS ELETRODUTOS KRONA;CONSTR CENTRO OESTE;CONSTRUTORA;CONSTRUTORA;2027-09-01;909,42;CONSTR CENTRO OESTE|01 - TUBOS ELETRODUTOS KRONA|CONSTRUTORA|SET27
01 - TUBOS ELETRODUTOS KRONA;CONSTR CENTRO OESTE;CONSTRUTORA;CONSTRUTORA;2027-10-01;965,07;CONSTR CENTRO OESTE|01 - TUBOS ELETRODUTOS KRONA|CONSTRUTORA|OUT27
01 - TUBOS ELETRODUTOS KRONA;CONSTR CENTRO OESTE;CONSTRUTORA;CONSTRUTORA;2027-11-01;696,67;CONSTR CENTRO OESTE|01 - TUBOS ELETRODUTOS KRONA|CONSTRUTORA|NOV27
01 - TUBOS ELETRODUTOS KRONA;CONSTR CENTRO OESTE;CONSTRUTORA;CONSTRUTORA;2027-12-01;1005,20;CONSTR CENTRO OESTE|01 - TUBOS ELETRODUTOS KRONA|CONSTRUTORA|DEZ27
01 - TUBOS ELETRODUTOS KRONA;CONSTR NORDESTE;CONSTRUTORA;CONSTRUTORA;2027-01-01;35460,33;CONSTR NORDESTE|01 - TUBOS ELETRODUTOS KRONA|CONSTRUTORA|JAN27
01 - TUBOS ELETRODUTOS KRONA;CONSTR NORDESTE;CONSTRUTORA;CONSTRUTORA;2027-02-01;38241,83;CONSTR NORDESTE|01 - TUBOS ELETRODUTOS KRONA|CONSTRUTORA|FEV27
01 - TUBOS ELETRODUTOS KRONA;CONSTR NORDESTE;CONSTRUTORA;CONSTRUTORA;2027-03-01;40289,41;CONSTR NORDESTE|01 - TUBOS ELETRODUTOS KRONA|CONSTRUTORA|MAR27
01 - TUBOS ELETRODUTOS KRONA;CONSTR NORDESTE;CONSTRUTORA;CONSTRUTORA;2027-04-01;39287,58;CONSTR NORDESTE|01 - TUBOS ELETRODUTOS KRONA|CONSTRUTORA|ABR27
01 - TUBOS ELETRODUTOS KRONA;CONSTR NORDESTE;CONSTRUTORA;CONSTRUTORA;2027-05-01;34236,96;CONSTR NORDESTE|01 - TUBOS ELETRODUTOS KRONA|CONSTRUTORA|MAI27
01 - TUBOS ELETRODUTOS KRONA;CONSTR NORDESTE;CONSTRUTORA;CONSTRUTORA;2027-06-01;34150,55;CONSTR NORDESTE|01 - TUBOS ELETRODUTOS KRONA|CONSTRUTORA|JUN27
01 - TUBOS ELETRODUTOS KRONA;CONSTR NORDESTE;CONSTRUTORA;CONSTRUTORA;2027-07-01;34207,65;CONSTR NORDESTE|01 - TUBOS ELETRODUTOS KRONA|CONSTRUTORA|JUL27
01 - TUBOS ELETRODUTOS KRONA;CONSTR NORDESTE;CONSTRUTORA;CONSTRUTORA;2027-08-01;36077,29;CONSTR NORDESTE|01 - TUBOS ELETRODUTOS KRONA|CONSTRUTORA|AGO27
01 - TUBOS ELETRODUTOS KRONA;CONSTR NORDESTE;CONSTRUTORA;CONSTRUTORA;2027-09-01;37929,98;CONSTR NORDESTE|01 - TUBOS ELETRODUTOS KRONA|CONSTRUTORA|SET27
01 - TUBOS ELETRODUTOS KRONA;CONSTR NORDESTE;CONSTRUTORA;CONSTRUTORA;2027-10-01;34278,13;CONSTR NORDESTE|01 - TUBOS ELETRODUTOS KRONA|CONSTRUTORA|OUT27
01 - TUBOS ELETRODUTOS KRONA;CONSTR NORDESTE;CONSTRUTORA;CONSTRUTORA;2027-11-01;33281,02;CONSTR NORDESTE|01 - TUBOS ELETRODUTOS KRONA|CONSTRUTORA|NOV27
01 - TUBOS ELETRODUTOS KRONA;CONSTR NORDESTE;CONSTRUTORA;CONSTRUTORA;2027-12-01;31508,99;CONSTR NORDESTE|01 - TUBOS ELETRODUTOS KRONA|CONSTRUTORA|DEZ27
01 - TUBOS ELETRODUTOS KRONA;CONSTR NORTE;CONSTRUTORA;CONSTRUTORA;2027-01-01;642,44;CONSTR NORTE|01 - TUBOS ELETRODUTOS KRONA|CONSTRUTORA|JAN27
01 - TUBOS ELETRODUTOS KRONA;CONSTR NORTE;CONSTRUTORA;CONSTRUTORA;2027-02-01;275,11;CONSTR NORTE|01 - TUBOS ELETRODUTOS KRONA|CONSTRUTORA|FEV27
01 - TUBOS ELETRODUTOS KRONA;CONSTR NORTE;CONSTRUTORA;CONSTRUTORA;2027-03-01;1017,76;CONSTR NORTE|01 - TUBOS ELETRODUTOS KRONA|CONSTRUTORA|MAR27
01 - TUBOS ELETRODUTOS KRONA;CONSTR NORTE;CONSTRUTORA;CONSTRUTORA;2027-04-01;499,69;CONSTR NORTE|01 - TUBOS ELETRODUTOS KRONA|CONSTRUTORA|ABR27
01 - TUBOS ELETRODUTOS KRONA;CONSTR NORTE;CONSTRUTORA;CONSTRUTORA;2027-05-01;133,60;CONSTR NORTE|01 - TUBOS ELETRODUTOS KRONA|CONSTRUTORA|MAI27
01 - TUBOS ELETRODUTOS KRONA;CONSTR NORTE;CONSTRUTORA;CONSTRUTORA;2027-06-01;278,53;CONSTR NORTE|01 - TUBOS ELETRODUTOS KRONA|CONSTRUTORA|JUN27
01 - TUBOS ELETRODUTOS KRONA;CONSTR NORTE;CONSTRUTORA;CONSTRUTORA;2027-07-01;341,44;CONSTR NORTE|01 - TUBOS ELETRODUTOS KRONA|CONSTRUTORA|JUL27
01 - TUBOS ELETRODUTOS KRONA;CONSTR NORTE;CONSTRUTORA;CONSTRUTORA;2027-08-01;288,64;CONSTR NORTE|01 - TUBOS ELETRODUTOS KRONA|CONSTRUTORA|AGO27
01 - TUBOS ELETRODUTOS KRONA;CONSTR NORTE;CONSTRUTORA;CONSTRUTORA;2027-09-01;362,28;CONSTR NORTE|01 - TUBOS ELETRODUTOS KRONA|CONSTRUTORA|SET27
01 - TUBOS ELETRODUTOS KRONA;CONSTR NORTE;CONSTRUTORA;CONSTRUTORA;2027-10-01;680,57;CONSTR NORTE|01 - TUBOS ELETRODUTOS KRONA|CONSTRUTORA|OUT27
01 - TUBOS ELETRODUTOS KRONA;CONSTR NORTE;CONSTRUTORA;CONSTRUTORA;2027-11-01;209,89;CONSTR NORTE|01 - TUBOS ELETRODUTOS KRONA|CONSTRUTORA|NOV27
01 - TUBOS ELETRODUTOS KRONA;CONSTR NORTE;CONSTRUTORA;CONSTRUTORA;2027-12-01;245,52;CONSTR NORTE|01 - TUBOS ELETRODUTOS KRONA|CONSTRUTORA|DEZ27
01 - TUBOS ELETRODUTOS KRONA;CONSTR SAO PAULO;CONSTRUTORA;CONSTRUTORA;2027-01-01;1425,22;CONSTR SAO PAULO|01 - TUBOS ELETRODUTOS KRONA|CONSTRUTORA|JAN27
01 - TUBOS ELETRODUTOS KRONA;CONSTR SAO PAULO;CONSTRUTORA;CONSTRUTORA;2027-02-01;1192,04;CONSTR SAO PAULO|01 - TUBOS ELETRODUTOS KRONA|CONSTRUTORA|FEV27
01 - TUBOS ELETRODUTOS KRONA;CONSTR SAO PAULO;CONSTRUTORA;CONSTRUTORA;2027-03-01;930,55;CONSTR SAO PAULO|01 - TUBOS ELETRODUTOS KRONA|CONSTRUTORA|MAR27
01 - TUBOS ELETRODUTOS KRONA;CONSTR SAO PAULO;CONSTRUTORA;CONSTRUTORA;2027-04-01;972,39;CONSTR SAO PAULO|01 - TUBOS ELETRODUTOS KRONA|CONSTRUTORA|ABR27
01 - TUBOS ELETRODUTOS KRONA;CONSTR SAO PAULO;CONSTRUTORA;CONSTRUTORA;2027-05-01;907,20;CONSTR SAO PAULO|01 - TUBOS ELETRODUTOS KRONA|CONSTRUTORA|MAI27
01 - TUBOS ELETRODUTOS KRONA;CONSTR SAO PAULO;CONSTRUTORA;CONSTRUTORA;2027-06-01;923,85;CONSTR SAO PAULO|01 - TUBOS ELETRODUTOS KRONA|CONSTRUTORA|JUN27
01 - TUBOS ELETRODUTOS KRONA;CONSTR SAO PAULO;CONSTRUTORA;CONSTRUTORA;2027-07-01;889,45;CONSTR SAO PAULO|01 - TUBOS ELETRODUTOS KRONA|CONSTRUTORA|JUL27
01 - TUBOS ELETRODUTOS KRONA;CONSTR SAO PAULO;CONSTRUTORA;CONSTRUTORA;2027-08-01;940,19;CONSTR SAO PAULO|01 - TUBOS ELETRODUTOS KRONA|CONSTRUTORA|AGO27
01 - TUBOS ELETRODUTOS KRONA;CONSTR SAO PAULO;CONSTRUTORA;CONSTRUTORA;2027-09-01;1643,65;CONSTR SAO PAULO|01 - TUBOS ELETRODUTOS KRONA|CONSTRUTORA|SET27
01 - TUBOS ELETRODUTOS KRONA;CONSTR SAO PAULO;CONSTRUTORA;CONSTRUTORA;2027-10-01;2028,58;CONSTR SAO PAULO|01 - TUBOS ELETRODUTOS KRONA|CONSTRUTORA|OUT27
01 - TUBOS ELETRODUTOS KRONA;CONSTR SAO PAULO;CONSTRUTORA;CONSTRUTORA;2027-11-01;2074,99;CONSTR SAO PAULO|01 - TUBOS ELETRODUTOS KRONA|CONSTRUTORA|NOV27
01 - TUBOS ELETRODUTOS KRONA;CONSTR SAO PAULO;CONSTRUTORA;CONSTRUTORA;2027-12-01;1522,48;CONSTR SAO PAULO|01 - TUBOS ELETRODUTOS KRONA|CONSTRUTORA|DEZ27
01 - TUBOS ELETRODUTOS KRONA;CONSTR SUDESTE;CONSTRUTORA;CONSTRUTORA;2027-01-01;3757,10;CONSTR SUDESTE|01 - TUBOS ELETRODUTOS KRONA|CONSTRUTORA|JAN27
01 - TUBOS ELETRODUTOS KRONA;CONSTR SUDESTE;CONSTRUTORA;CONSTRUTORA;2027-02-01;3881,87;CONSTR SUDESTE|01 - TUBOS ELETRODUTOS KRONA|CONSTRUTORA|FEV27
01 - TUBOS ELETRODUTOS KRONA;CONSTR SUDESTE;CONSTRUTORA;CONSTRUTORA;2027-03-01;3762,53;CONSTR SUDESTE|01 - TUBOS ELETRODUTOS KRONA|CONSTRUTORA|MAR27
01 - TUBOS ELETRODUTOS KRONA;CONSTR SUDESTE;CONSTRUTORA;CONSTRUTORA;2027-04-01;3816,78;CONSTR SUDESTE|01 - TUBOS ELETRODUTOS KRONA|CONSTRUTORA|ABR27
01 - TUBOS ELETRODUTOS KRONA;CONSTR SUDESTE;CONSTRUTORA;CONSTRUTORA;2027-05-01;3834,07;CONSTR SUDESTE|01 - TUBOS ELETRODUTOS KRONA|CONSTRUTORA|MAI27
01 - TUBOS ELETRODUTOS KRONA;CONSTR SUDESTE;CONSTRUTORA;CONSTRUTORA;2027-06-01;3818,89;CONSTR SUDESTE|01 - TUBOS ELETRODUTOS KRONA|CONSTRUTORA|JUN27
01 - TUBOS ELETRODUTOS KRONA;CONSTR SUDESTE;CONSTRUTORA;CONSTRUTORA;2027-07-01;3743,64;CONSTR SUDESTE|01 - TUBOS ELETRODUTOS KRONA|CONSTRUTORA|JUL27
01 - TUBOS ELETRODUTOS KRONA;CONSTR SUDESTE;CONSTRUTORA;CONSTRUTORA;2027-08-01;3783,31;CONSTR SUDESTE|01 - TUBOS ELETRODUTOS KRONA|CONSTRUTORA|AGO27
01 - TUBOS ELETRODUTOS KRONA;CONSTR SUDESTE;CONSTRUTORA;CONSTRUTORA;2027-09-01;3777,68;CONSTR SUDESTE|01 - TUBOS ELETRODUTOS KRONA|CONSTRUTORA|SET27
01 - TUBOS ELETRODUTOS KRONA;CONSTR SUDESTE;CONSTRUTORA;CONSTRUTORA;2027-10-01;3823,99;CONSTR SUDESTE|01 - TUBOS ELETRODUTOS KRONA|CONSTRUTORA|OUT27
01 - TUBOS ELETRODUTOS KRONA;CONSTR SUDESTE;CONSTRUTORA;CONSTRUTORA;2027-11-01;3899,21;CONSTR SUDESTE|01 - TUBOS ELETRODUTOS KRONA|CONSTRUTORA|NOV27
01 - TUBOS ELETRODUTOS KRONA;CONSTR SUDESTE;CONSTRUTORA;CONSTRUTORA;2027-12-01;3793,75;CONSTR SUDESTE|01 - TUBOS ELETRODUTOS KRONA|CONSTRUTORA|DEZ27
01 - TUBOS ELETRODUTOS KRONA;CONSTR SUL;CONSTRUTORA;CONSTRUTORA;2027-01-01;7465,38;CONSTR SUL|01 - TUBOS ELETRODUTOS KRONA|CONSTRUTORA|JAN27
01 - TUBOS ELETRODUTOS KRONA;CONSTR SUL;CONSTRUTORA;CONSTRUTORA;2027-02-01;7875,54;CONSTR SUL|01 - TUBOS ELETRODUTOS KRONA|CONSTRUTORA|FEV27
01 - TUBOS ELETRODUTOS KRONA;CONSTR SUL;CONSTRUTORA;CONSTRUTORA;2027-03-01;7359,28;CONSTR SUL|01 - TUBOS ELETRODUTOS KRONA|CONSTRUTORA|MAR27
01 - TUBOS ELETRODUTOS KRONA;CONSTR SUL;CONSTRUTORA;CONSTRUTORA;2027-04-01;7770,95;CONSTR SUL|01 - TUBOS ELETRODUTOS KRONA|CONSTRUTORA|ABR27
01 - TUBOS ELETRODUTOS KRONA;CONSTR SUL;CONSTRUTORA;CONSTRUTORA;2027-05-01;6074,01;CONSTR SUL|01 - TUBOS ELETRODUTOS KRONA|CONSTRUTORA|MAI27
01 - TUBOS ELETRODUTOS KRONA;CONSTR SUL;CONSTRUTORA;CONSTRUTORA;2027-06-01;6212,00;CONSTR SUL|01 - TUBOS ELETRODUTOS KRONA|CONSTRUTORA|JUN27
01 - TUBOS ELETRODUTOS KRONA;CONSTR SUL;CONSTRUTORA;CONSTRUTORA;2027-07-01;6647,61;CONSTR SUL|01 - TUBOS ELETRODUTOS KRONA|CONSTRUTORA|JUL27
01 - TUBOS ELETRODUTOS KRONA;CONSTR SUL;CONSTRUTORA;CONSTRUTORA;2027-08-01;6307,03;CONSTR SUL|01 - TUBOS ELETRODUTOS KRONA|CONSTRUTORA|AGO27
01 - TUBOS ELETRODUTOS KRONA;CONSTR SUL;CONSTRUTORA;CONSTRUTORA;2027-09-01;6231,18;CONSTR SUL|01 - TUBOS ELETRODUTOS KRONA|CONSTRUTORA|SET27
01 - TUBOS ELETRODUTOS KRONA;CONSTR SUL;CONSTRUTORA;CONSTRUTORA;2027-10-01;6239,62;CONSTR SUL|01 - TUBOS ELETRODUTOS KRONA|CONSTRUTORA|OUT27
01 - TUBOS ELETRODUTOS KRONA;CONSTR SUL;CONSTRUTORA;CONSTRUTORA;2027-11-01;6450,27;CONSTR SUL|01 - TUBOS ELETRODUTOS KRONA|CONSTRUTORA|NOV27
01 - TUBOS ELETRODUTOS KRONA;CONSTR SUL;CONSTRUTORA;CONSTRUTORA;2027-12-01;6207,99;CONSTR SUL|01 - TUBOS ELETRODUTOS KRONA|CONSTRUTORA|DEZ27
01 - TUBOS ELETRODUTOS KRONA;EXPORTACAO;EXPORTACAO;EXPORTACAO;2027-01-01;59,42;EXPORTACAO|01 - TUBOS ELETRODUTOS KRONA|EXPORTACAO|JAN27
01 - TUBOS ELETRODUTOS KRONA;EXPORTACAO;EXPORTACAO;EXPORTACAO;2027-02-01;59,42;EXPORTACAO|01 - TUBOS ELETRODUTOS KRONA|EXPORTACAO|FEV27
01 - TUBOS ELETRODUTOS KRONA;EXPORTACAO;EXPORTACAO;EXPORTACAO;2027-03-01;59,42;EXPORTACAO|01 - TUBOS ELETRODUTOS KRONA|EXPORTACAO|MAR27
01 - TUBOS ELETRODUTOS KRONA;EXPORTACAO;EXPORTACAO;EXPORTACAO;2027-04-01;59,42;EXPORTACAO|01 - TUBOS ELETRODUTOS KRONA|EXPORTACAO|ABR27
01 - TUBOS ELETRODUTOS KRONA;EXPORTACAO;EXPORTACAO;EXPORTACAO;2027-05-01;59,42;EXPORTACAO|01 - TUBOS ELETRODUTOS KRONA|EXPORTACAO|MAI27
01 - TUBOS ELETRODUTOS KRONA;EXPORTACAO;EXPORTACAO;EXPORTACAO;2027-06-01;59,42;EXPORTACAO|01 - TUBOS ELETRODUTOS KRONA|EXPORTACAO|JUN27
01 - TUBOS ELETRODUTOS KRONA;EXPORTACAO;EXPORTACAO;EXPORTACAO;2027-07-01;59,42;EXPORTACAO|01 - TUBOS ELETRODUTOS KRONA|EXPORTACAO|JUL27
01 - TUBOS ELETRODUTOS KRONA;EXPORTACAO;EXPORTACAO;EXPORTACAO;2027-08-01;59,42;EXPORTACAO|01 - TUBOS ELETRODUTOS KRONA|EXPORTACAO|AGO27
01 - TUBOS ELETRODUTOS KRONA;EXPORTACAO;EXPORTACAO;EXPORTACAO;2027-09-01;59,42;EXPORTACAO|01 - TUBOS ELETRODUTOS KRONA|EXPORTACAO|SET27
01 - TUBOS ELETRODUTOS KRONA;EXPORTACAO;EXPORTACAO;EXPORTACAO;2027-10-01;59,42;EXPORTACAO|01 - TUBOS ELETRODUTOS KRONA|EXPORTACAO|OUT27
01 - TUBOS ELETRODUTOS KRONA;EXPORTACAO;EXPORTACAO;EXPORTACAO;2027-11-01;59,42;EXPORTACAO|01 - TUBOS ELETRODUTOS KRONA|EXPORTACAO|NOV27
01 - TUBOS ELETRODUTOS KRONA;EXPORTACAO;EXPORTACAO;EXPORTACAO;2027-12-01;59,42;EXPORTACAO|01 - TUBOS ELETRODUTOS KRONA|EXPORTACAO|DEZ27
01 - TUBOS ELETRODUTOS KRONA;IRRIGACAO 1;IRRIGACAO;IRRIGACAO;2027-01-01;31,51;IRRIGACAO 1|01 - TUBOS ELETRODUTOS KRONA|IRRIGACAO|JAN27
01 - TUBOS ELETRODUTOS KRONA;IRRIGACAO 1;IRRIGACAO;IRRIGACAO;2027-02-01;31,51;IRRIGACAO 1|01 - TUBOS ELETRODUTOS KRONA|IRRIGACAO|FEV27
01 - TUBOS ELETRODUTOS KRONA;IRRIGACAO 1;IRRIGACAO;IRRIGACAO;2027-03-01;31,51;IRRIGACAO 1|01 - TUBOS ELETRODUTOS KRONA|IRRIGACAO|MAR27
01 - TUBOS ELETRODUTOS KRONA;IRRIGACAO 1;IRRIGACAO;IRRIGACAO;2027-04-01;31,51;IRRIGACAO 1|01 - TUBOS ELETRODUTOS KRONA|IRRIGACAO|ABR27
01 - TUBOS ELETRODUTOS KRONA;IRRIGACAO 1;IRRIGACAO;IRRIGACAO;2027-05-01;31,51;IRRIGACAO 1|01 - TUBOS ELETRODUTOS KRONA|IRRIGACAO|MAI27
01 - TUBOS ELETRODUTOS KRONA;IRRIGACAO 1;IRRIGACAO;IRRIGACAO;2027-06-01;31,51;IRRIGACAO 1|01 - TUBOS ELETRODUTOS KRONA|IRRIGACAO|JUN27
01 - TUBOS ELETRODUTOS KRONA;IRRIGACAO 1;IRRIGACAO;IRRIGACAO;2027-07-01;31,51;IRRIGACAO 1|01 - TUBOS ELETRODUTOS KRONA|IRRIGACAO|JUL27
01 - TUBOS ELETRODUTOS KRONA;IRRIGACAO 1;IRRIGACAO;IRRIGACAO;2027-08-01;31,51;IRRIGACAO 1|01 - TUBOS ELETRODUTOS KRONA|IRRIGACAO|AGO27
01 - TUBOS ELETRODUTOS KRONA;IRRIGACAO 1;IRRIGACAO;IRRIGACAO;2027-09-01;31,51;IRRIGACAO 1|01 - TUBOS ELETRODUTOS KRONA|IRRIGACAO|SET27
01 - TUBOS ELETRODUTOS KRONA;IRRIGACAO 1;IRRIGACAO;IRRIGACAO;2027-10-01;31,51;IRRIGACAO 1|01 - TUBOS ELETRODUTOS KRONA|IRRIGACAO|OUT27
01 - TUBOS ELETRODUTOS KRONA;IRRIGACAO 1;IRRIGACAO;IRRIGACAO;2027-11-01;31,51;IRRIGACAO 1|01 - TUBOS ELETRODUTOS KRONA|IRRIGACAO|NOV27
01 - TUBOS ELETRODUTOS KRONA;IRRIGACAO 1;IRRIGACAO;IRRIGACAO;2027-12-01;31,51;IRRIGACAO 1|01 - TUBOS ELETRODUTOS KRONA|IRRIGACAO|DEZ27
01 - TUBOS ELETRODUTOS KRONA;IRRIGACAO 2;IRRIGACAO;IRRIGACAO;2027-01-01;140,36;IRRIGACAO 2|01 - TUBOS ELETRODUTOS KRONA|IRRIGACAO|JAN27
01 - TUBOS ELETRODUTOS KRONA;IRRIGACAO 2;IRRIGACAO;IRRIGACAO;2027-02-01;122,52;IRRIGACAO 2|01 - TUBOS ELETRODUTOS KRONA|IRRIGACAO|FEV27
01 - TUBOS ELETRODUTOS KRONA;IRRIGACAO 2;IRRIGACAO;IRRIGACAO;2027-03-01;65,10;IRRIGACAO 2|01 - TUBOS ELETRODUTOS KRONA|IRRIGACAO|MAR27
01 - TUBOS ELETRODUTOS KRONA;IRRIGACAO 2;IRRIGACAO;IRRIGACAO;2027-04-01;101,43;IRRIGACAO 2|01 - TUBOS ELETRODUTOS KRONA|IRRIGACAO|ABR27
01 - TUBOS ELETRODUTOS KRONA;IRRIGACAO 2;IRRIGACAO;IRRIGACAO;2027-05-01;59,21;IRRIGACAO 2|01 - TUBOS ELETRODUTOS KRONA|IRRIGACAO|MAI27
01 - TUBOS ELETRODUTOS KRONA;IRRIGACAO 2;IRRIGACAO;IRRIGACAO;2027-06-01;57,48;IRRIGACAO 2|01 - TUBOS ELETRODUTOS KRONA|IRRIGACAO|JUN27
01 - TUBOS ELETRODUTOS KRONA;IRRIGACAO 2;IRRIGACAO;IRRIGACAO;2027-07-01;55,74;IRRIGACAO 2|01 - TUBOS ELETRODUTOS KRONA|IRRIGACAO|JUL27
01 - TUBOS ELETRODUTOS KRONA;IRRIGACAO 2;IRRIGACAO;IRRIGACAO;2027-08-01;54,01;IRRIGACAO 2|01 - TUBOS ELETRODUTOS KRONA|IRRIGACAO|AGO27
01 - TUBOS ELETRODUTOS KRONA;IRRIGACAO 2;IRRIGACAO;IRRIGACAO;2027-09-01;52,28;IRRIGACAO 2|01 - TUBOS ELETRODUTOS KRONA|IRRIGACAO|SET27
01 - TUBOS ELETRODUTOS KRONA;IRRIGACAO 2;IRRIGACAO;IRRIGACAO;2027-10-01;50,54;IRRIGACAO 2|01 - TUBOS ELETRODUTOS KRONA|IRRIGACAO|OUT27
01 - TUBOS ELETRODUTOS KRONA;IRRIGACAO 2;IRRIGACAO;IRRIGACAO;2027-11-01;48,82;IRRIGACAO 2|01 - TUBOS ELETRODUTOS KRONA|IRRIGACAO|NOV27
01 - TUBOS ELETRODUTOS KRONA;IRRIGACAO 2;IRRIGACAO;IRRIGACAO;2027-12-01;134,82;IRRIGACAO 2|01 - TUBOS ELETRODUTOS KRONA|IRRIGACAO|DEZ27
01 - TUBOS ELETRODUTOS KRONA;MINAS GERAIS;MINAS RJ/ES;ATACADO;2027-01-01;6053,66;MINAS GERAIS|01 - TUBOS ELETRODUTOS KRONA|ATACADO|JAN27
01 - TUBOS ELETRODUTOS KRONA;MINAS GERAIS;MINAS RJ/ES;ATACADO;2027-02-01;6808,57;MINAS GERAIS|01 - TUBOS ELETRODUTOS KRONA|ATACADO|FEV27
01 - TUBOS ELETRODUTOS KRONA;MINAS GERAIS;MINAS RJ/ES;ATACADO;2027-03-01;5116,49;MINAS GERAIS|01 - TUBOS ELETRODUTOS KRONA|ATACADO|MAR27
01 - TUBOS ELETRODUTOS KRONA;MINAS GERAIS;MINAS RJ/ES;ATACADO;2027-04-01;7496,87;MINAS GERAIS|01 - TUBOS ELETRODUTOS KRONA|ATACADO|ABR27
01 - TUBOS ELETRODUTOS KRONA;MINAS GERAIS;MINAS RJ/ES;ATACADO;2027-05-01;4325,71;MINAS GERAIS|01 - TUBOS ELETRODUTOS KRONA|ATACADO|MAI27
01 - TUBOS ELETRODUTOS KRONA;MINAS GERAIS;MINAS RJ/ES;ATACADO;2027-06-01;11508,33;MINAS GERAIS|01 - TUBOS ELETRODUTOS KRONA|ATACADO|JUN27
01 - TUBOS ELETRODUTOS KRONA;MINAS GERAIS;MINAS RJ/ES;ATACADO;2027-07-01;6947,37;MINAS GERAIS|01 - TUBOS ELETRODUTOS KRONA|ATACADO|JUL27
01 - TUBOS ELETRODUTOS KRONA;MINAS GERAIS;MINAS RJ/ES;ATACADO;2027-08-01;6149,14;MINAS GERAIS|01 - TUBOS ELETRODUTOS KRONA|ATACADO|AGO27
01 - TUBOS ELETRODUTOS KRONA;MINAS GERAIS;MINAS RJ/ES;ATACADO;2027-09-01;8294,11;MINAS GERAIS|01 - TUBOS ELETRODUTOS KRONA|ATACADO|SET27
01 - TUBOS ELETRODUTOS KRONA;MINAS GERAIS;MINAS RJ/ES;ATACADO;2027-10-01;8481,56;MINAS GERAIS|01 - TUBOS ELETRODUTOS KRONA|ATACADO|OUT27
01 - TUBOS ELETRODUTOS KRONA;MINAS GERAIS;MINAS RJ/ES;ATACADO;2027-11-01;6472,59;MINAS GERAIS|01 - TUBOS ELETRODUTOS KRONA|ATACADO|NOV27
01 - TUBOS ELETRODUTOS KRONA;MINAS GERAIS;MINAS RJ/ES;ATACADO;2027-12-01;13790,20;MINAS GERAIS|01 - TUBOS ELETRODUTOS KRONA|ATACADO|DEZ27
01 - TUBOS ELETRODUTOS KRONA;MINAS GERAIS;MINAS RJ/ES;VAREJO;2027-01-01;2453,59;MINAS GERAIS|01 - TUBOS ELETRODUTOS KRONA|VAREJO|JAN27
01 - TUBOS ELETRODUTOS KRONA;MINAS GERAIS;MINAS RJ/ES;VAREJO;2027-02-01;2287,08;MINAS GERAIS|01 - TUBOS ELETRODUTOS KRONA|VAREJO|FEV27
01 - TUBOS ELETRODUTOS KRONA;MINAS GERAIS;MINAS RJ/ES;VAREJO;2027-03-01;1890,82;MINAS GERAIS|01 - TUBOS ELETRODUTOS KRONA|VAREJO|MAR27
01 - TUBOS ELETRODUTOS KRONA;MINAS GERAIS;MINAS RJ/ES;VAREJO;2027-04-01;2807,25;MINAS GERAIS|01 - TUBOS ELETRODUTOS KRONA|VAREJO|ABR27
01 - TUBOS ELETRODUTOS KRONA;MINAS GERAIS;MINAS RJ/ES;VAREJO;2027-05-01;1598,05;MINAS GERAIS|01 - TUBOS ELETRODUTOS KRONA|VAREJO|MAI27
01 - TUBOS ELETRODUTOS KRONA;MINAS GERAIS;MINAS RJ/ES;VAREJO;2027-06-01;3422,59;MINAS GERAIS|01 - TUBOS ELETRODUTOS KRONA|VAREJO|JUN27
01 - TUBOS ELETRODUTOS KRONA;MINAS GERAIS;MINAS RJ/ES;VAREJO;2027-07-01;2374,89;MINAS GERAIS|01 - TUBOS ELETRODUTOS KRONA|VAREJO|JUL27
01 - TUBOS ELETRODUTOS KRONA;MINAS GERAIS;MINAS RJ/ES;VAREJO;2027-08-01;2453,38;MINAS GERAIS|01 - TUBOS ELETRODUTOS KRONA|VAREJO|AGO27
01 - TUBOS ELETRODUTOS KRONA;MINAS GERAIS;MINAS RJ/ES;VAREJO;2027-09-01;2669,00;MINAS GERAIS|01 - TUBOS ELETRODUTOS KRONA|VAREJO|SET27
01 - TUBOS ELETRODUTOS KRONA;MINAS GERAIS;MINAS RJ/ES;VAREJO;2027-10-01;2992,60;MINAS GERAIS|01 - TUBOS ELETRODUTOS KRONA|VAREJO|OUT27
01 - TUBOS ELETRODUTOS KRONA;MINAS GERAIS;MINAS RJ/ES;VAREJO;2027-11-01;2474,23;MINAS GERAIS|01 - TUBOS ELETRODUTOS KRONA|VAREJO|NOV27
01 - TUBOS ELETRODUTOS KRONA;MINAS GERAIS;MINAS RJ/ES;VAREJO;2027-12-01;3991,03;MINAS GERAIS|01 - TUBOS ELETRODUTOS KRONA|VAREJO|DEZ27
01 - TUBOS ELETRODUTOS KRONA;NORDESTE 1;NORDESTE;ATACADO;2027-01-01;4750,58;NORDESTE 1|01 - TUBOS ELETRODUTOS KRONA|ATACADO|JAN27
01 - TUBOS ELETRODUTOS KRONA;NORDESTE 1;NORDESTE;ATACADO;2027-02-01;5578,72;NORDESTE 1|01 - TUBOS ELETRODUTOS KRONA|ATACADO|FEV27
01 - TUBOS ELETRODUTOS KRONA;NORDESTE 1;NORDESTE;ATACADO;2027-03-01;6319,41;NORDESTE 1|01 - TUBOS ELETRODUTOS KRONA|ATACADO|MAR27
01 - TUBOS ELETRODUTOS KRONA;NORDESTE 1;NORDESTE;ATACADO;2027-04-01;6154,65;NORDESTE 1|01 - TUBOS ELETRODUTOS KRONA|ATACADO|ABR27
01 - TUBOS ELETRODUTOS KRONA;NORDESTE 1;NORDESTE;ATACADO;2027-05-01;5337,65;NORDESTE 1|01 - TUBOS ELETRODUTOS KRONA|ATACADO|MAI27
01 - TUBOS ELETRODUTOS KRONA;NORDESTE 1;NORDESTE;ATACADO;2027-06-01;6035,81;NORDESTE 1|01 - TUBOS ELETRODUTOS KRONA|ATACADO|JUN27
01 - TUBOS ELETRODUTOS KRONA;NORDESTE 1;NORDESTE;ATACADO;2027-07-01;5083,15;NORDESTE 1|01 - TUBOS ELETRODUTOS KRONA|ATACADO|JUL27
01 - TUBOS ELETRODUTOS KRONA;NORDESTE 1;NORDESTE;ATACADO;2027-08-01;6093,15;NORDESTE 1|01 - TUBOS ELETRODUTOS KRONA|ATACADO|AGO27
01 - TUBOS ELETRODUTOS KRONA;NORDESTE 1;NORDESTE;ATACADO;2027-09-01;6025,14;NORDESTE 1|01 - TUBOS ELETRODUTOS KRONA|ATACADO|SET27
01 - TUBOS ELETRODUTOS KRONA;NORDESTE 1;NORDESTE;ATACADO;2027-10-01;6151,39;NORDESTE 1|01 - TUBOS ELETRODUTOS KRONA|ATACADO|OUT27
01 - TUBOS ELETRODUTOS KRONA;NORDESTE 1;NORDESTE;ATACADO;2027-11-01;6704,19;NORDESTE 1|01 - TUBOS ELETRODUTOS KRONA|ATACADO|NOV27
01 - TUBOS ELETRODUTOS KRONA;NORDESTE 1;NORDESTE;ATACADO;2027-12-01;8158,04;NORDESTE 1|01 - TUBOS ELETRODUTOS KRONA|ATACADO|DEZ27
01 - TUBOS ELETRODUTOS KRONA;NORDESTE 1;NORDESTE;OUTROS;2027-01-01;11,02;NORDESTE 1|01 - TUBOS ELETRODUTOS KRONA|OUTROS|JAN27
01 - TUBOS ELETRODUTOS KRONA;NORDESTE 1;NORDESTE;OUTROS;2027-02-01;11,97;NORDESTE 1|01 - TUBOS ELETRODUTOS KRONA|OUTROS|FEV27
01 - TUBOS ELETRODUTOS KRONA;NORDESTE 1;NORDESTE;OUTROS;2027-03-01;13,75;NORDESTE 1|01 - TUBOS ELETRODUTOS KRONA|OUTROS|MAR27
01 - TUBOS ELETRODUTOS KRONA;NORDESTE 1;NORDESTE;OUTROS;2027-04-01;13,49;NORDESTE 1|01 - TUBOS ELETRODUTOS KRONA|OUTROS|ABR27
01 - TUBOS ELETRODUTOS KRONA;NORDESTE 1;NORDESTE;OUTROS;2027-05-01;12,27;NORDESTE 1|01 - TUBOS ELETRODUTOS KRONA|OUTROS|MAI27
01 - TUBOS ELETRODUTOS KRONA;NORDESTE 1;NORDESTE;OUTROS;2027-06-01;15,09;NORDESTE 1|01 - TUBOS ELETRODUTOS KRONA|OUTROS|JUN27
01 - TUBOS ELETRODUTOS KRONA;NORDESTE 1;NORDESTE;OUTROS;2027-07-01;10,84;NORDESTE 1|01 - TUBOS ELETRODUTOS KRONA|OUTROS|JUL27
01 - TUBOS ELETRODUTOS KRONA;NORDESTE 1;NORDESTE;OUTROS;2027-08-01;12,81;NORDESTE 1|01 - TUBOS ELETRODUTOS KRONA|OUTROS|AGO27
01 - TUBOS ELETRODUTOS KRONA;NORDESTE 1;NORDESTE;OUTROS;2027-09-01;12,89;NORDESTE 1|01 - TUBOS ELETRODUTOS KRONA|OUTROS|SET27
01 - TUBOS ELETRODUTOS KRONA;NORDESTE 1;NORDESTE;OUTROS;2027-10-01;13,15;NORDESTE 1|01 - TUBOS ELETRODUTOS KRONA|OUTROS|OUT27
01 - TUBOS ELETRODUTOS KRONA;NORDESTE 1;NORDESTE;OUTROS;2027-11-01;13,24;NORDESTE 1|01 - TUBOS ELETRODUTOS KRONA|OUTROS|NOV27
01 - TUBOS ELETRODUTOS KRONA;NORDESTE 1;NORDESTE;OUTROS;2027-12-01;16,12;NORDESTE 1|01 - TUBOS ELETRODUTOS KRONA|OUTROS|DEZ27
01 - TUBOS ELETRODUTOS KRONA;NORDESTE 1;NORDESTE;VAREJO;2027-01-01;6493,46;NORDESTE 1|01 - TUBOS ELETRODUTOS KRONA|VAREJO|JAN27
01 - TUBOS ELETRODUTOS KRONA;NORDESTE 1;NORDESTE;VAREJO;2027-02-01;7575,59;NORDESTE 1|01 - TUBOS ELETRODUTOS KRONA|VAREJO|FEV27
01 - TUBOS ELETRODUTOS KRONA;NORDESTE 1;NORDESTE;VAREJO;2027-03-01;8627,95;NORDESTE 1|01 - TUBOS ELETRODUTOS KRONA|VAREJO|MAR27
01 - TUBOS ELETRODUTOS KRONA;NORDESTE 1;NORDESTE;VAREJO;2027-04-01;8439,83;NORDESTE 1|01 - TUBOS ELETRODUTOS KRONA|VAREJO|ABR27
01 - TUBOS ELETRODUTOS KRONA;NORDESTE 1;NORDESTE;VAREJO;2027-05-01;7311,10;NORDESTE 1|01 - TUBOS ELETRODUTOS KRONA|VAREJO|MAI27
01 - TUBOS ELETRODUTOS KRONA;NORDESTE 1;NORDESTE;VAREJO;2027-06-01;8253,44;NORDESTE 1|01 - TUBOS ELETRODUTOS KRONA|VAREJO|JUN27
01 - TUBOS ELETRODUTOS KRONA;NORDESTE 1;NORDESTE;VAREJO;2027-07-01;6861,13;NORDESTE 1|01 - TUBOS ELETRODUTOS KRONA|VAREJO|JUL27
01 - TUBOS ELETRODUTOS KRONA;NORDESTE 1;NORDESTE;VAREJO;2027-08-01;8336,13;NORDESTE 1|01 - TUBOS ELETRODUTOS KRONA|VAREJO|AGO27
01 - TUBOS ELETRODUTOS KRONA;NORDESTE 1;NORDESTE;VAREJO;2027-09-01;8205,58;NORDESTE 1|01 - TUBOS ELETRODUTOS KRONA|VAREJO|SET27
01 - TUBOS ELETRODUTOS KRONA;NORDESTE 1;NORDESTE;VAREJO;2027-10-01;8302,60;NORDESTE 1|01 - TUBOS ELETRODUTOS KRONA|VAREJO|OUT27
01 - TUBOS ELETRODUTOS KRONA;NORDESTE 1;NORDESTE;VAREJO;2027-11-01;8881,94;NORDESTE 1|01 - TUBOS ELETRODUTOS KRONA|VAREJO|NOV27
01 - TUBOS ELETRODUTOS KRONA;NORDESTE 1;NORDESTE;VAREJO;2027-12-01;11185,14;NORDESTE 1|01 - TUBOS ELETRODUTOS KRONA|VAREJO|DEZ27
01 - TUBOS ELETRODUTOS KRONA;NORDESTE 2;NORDESTE;ATACADO;2027-01-01;17717,93;NORDESTE 2|01 - TUBOS ELETRODUTOS KRONA|ATACADO|JAN27
01 - TUBOS ELETRODUTOS KRONA;NORDESTE 2;NORDESTE;ATACADO;2027-02-01;17898,67;NORDESTE 2|01 - TUBOS ELETRODUTOS KRONA|ATACADO|FEV27
01 - TUBOS ELETRODUTOS KRONA;NORDESTE 2;NORDESTE;ATACADO;2027-03-01;18397,23;NORDESTE 2|01 - TUBOS ELETRODUTOS KRONA|ATACADO|MAR27
01 - TUBOS ELETRODUTOS KRONA;NORDESTE 2;NORDESTE;ATACADO;2027-04-01;18553,03;NORDESTE 2|01 - TUBOS ELETRODUTOS KRONA|ATACADO|ABR27
01 - TUBOS ELETRODUTOS KRONA;NORDESTE 2;NORDESTE;ATACADO;2027-05-01;17913,02;NORDESTE 2|01 - TUBOS ELETRODUTOS KRONA|ATACADO|MAI27
01 - TUBOS ELETRODUTOS KRONA;NORDESTE 2;NORDESTE;ATACADO;2027-06-01;17967,80;NORDESTE 2|01 - TUBOS ELETRODUTOS KRONA|ATACADO|JUN27
01 - TUBOS ELETRODUTOS KRONA;NORDESTE 2;NORDESTE;ATACADO;2027-07-01;17798,29;NORDESTE 2|01 - TUBOS ELETRODUTOS KRONA|ATACADO|JUL27
01 - TUBOS ELETRODUTOS KRONA;NORDESTE 2;NORDESTE;ATACADO;2027-08-01;18064,40;NORDESTE 2|01 - TUBOS ELETRODUTOS KRONA|ATACADO|AGO27
01 - TUBOS ELETRODUTOS KRONA;NORDESTE 2;NORDESTE;ATACADO;2027-09-01;18443,59;NORDESTE 2|01 - TUBOS ELETRODUTOS KRONA|ATACADO|SET27
01 - TUBOS ELETRODUTOS KRONA;NORDESTE 2;NORDESTE;ATACADO;2027-10-01;18623,35;NORDESTE 2|01 - TUBOS ELETRODUTOS KRONA|ATACADO|OUT27
01 - TUBOS ELETRODUTOS KRONA;NORDESTE 2;NORDESTE;ATACADO;2027-11-01;18914,68;NORDESTE 2|01 - TUBOS ELETRODUTOS KRONA|ATACADO|NOV27
01 - TUBOS ELETRODUTOS KRONA;NORDESTE 2;NORDESTE;ATACADO;2027-12-01;19311,19;NORDESTE 2|01 - TUBOS ELETRODUTOS KRONA|ATACADO|DEZ27
01 - TUBOS ELETRODUTOS KRONA;NORDESTE 2;NORDESTE;OUTROS;2027-01-01;23,92;NORDESTE 2|01 - TUBOS ELETRODUTOS KRONA|OUTROS|JAN27
01 - TUBOS ELETRODUTOS KRONA;NORDESTE 2;NORDESTE;OUTROS;2027-02-01;24,13;NORDESTE 2|01 - TUBOS ELETRODUTOS KRONA|OUTROS|FEV27
01 - TUBOS ELETRODUTOS KRONA;NORDESTE 2;NORDESTE;OUTROS;2027-03-01;24,50;NORDESTE 2|01 - TUBOS ELETRODUTOS KRONA|OUTROS|MAR27
01 - TUBOS ELETRODUTOS KRONA;NORDESTE 2;NORDESTE;OUTROS;2027-04-01;24,65;NORDESTE 2|01 - TUBOS ELETRODUTOS KRONA|OUTROS|ABR27
01 - TUBOS ELETRODUTOS KRONA;NORDESTE 2;NORDESTE;OUTROS;2027-05-01;24,67;NORDESTE 2|01 - TUBOS ELETRODUTOS KRONA|OUTROS|MAI27
01 - TUBOS ELETRODUTOS KRONA;NORDESTE 2;NORDESTE;OUTROS;2027-06-01;24,95;NORDESTE 2|01 - TUBOS ELETRODUTOS KRONA|OUTROS|JUN27
01 - TUBOS ELETRODUTOS KRONA;NORDESTE 2;NORDESTE;OUTROS;2027-07-01;24,77;NORDESTE 2|01 - TUBOS ELETRODUTOS KRONA|OUTROS|JUL27
01 - TUBOS ELETRODUTOS KRONA;NORDESTE 2;NORDESTE;OUTROS;2027-08-01;25,04;NORDESTE 2|01 - TUBOS ELETRODUTOS KRONA|OUTROS|AGO27
01 - TUBOS ELETRODUTOS KRONA;NORDESTE 2;NORDESTE;OUTROS;2027-09-01;25,50;NORDESTE 2|01 - TUBOS ELETRODUTOS KRONA|OUTROS|SET27
01 - TUBOS ELETRODUTOS KRONA;NORDESTE 2;NORDESTE;OUTROS;2027-10-01;25,77;NORDESTE 2|01 - TUBOS ELETRODUTOS KRONA|OUTROS|OUT27
01 - TUBOS ELETRODUTOS KRONA;NORDESTE 2;NORDESTE;OUTROS;2027-11-01;25,99;NORDESTE 2|01 - TUBOS ELETRODUTOS KRONA|OUTROS|NOV27
01 - TUBOS ELETRODUTOS KRONA;NORDESTE 2;NORDESTE;OUTROS;2027-12-01;26,46;NORDESTE 2|01 - TUBOS ELETRODUTOS KRONA|OUTROS|DEZ27
01 - TUBOS ELETRODUTOS KRONA;NORDESTE 2;NORDESTE;VAREJO;2027-01-01;25759,42;NORDESTE 2|01 - TUBOS ELETRODUTOS KRONA|VAREJO|JAN27
01 - TUBOS ELETRODUTOS KRONA;NORDESTE 2;NORDESTE;VAREJO;2027-02-01;25917,31;NORDESTE 2|01 - TUBOS ELETRODUTOS KRONA|VAREJO|FEV27
01 - TUBOS ELETRODUTOS KRONA;NORDESTE 2;NORDESTE;VAREJO;2027-03-01;26615,63;NORDESTE 2|01 - TUBOS ELETRODUTOS KRONA|VAREJO|MAR27
01 - TUBOS ELETRODUTOS KRONA;NORDESTE 2;NORDESTE;VAREJO;2027-04-01;27094,73;NORDESTE 2|01 - TUBOS ELETRODUTOS KRONA|VAREJO|ABR27
01 - TUBOS ELETRODUTOS KRONA;NORDESTE 2;NORDESTE;VAREJO;2027-05-01;25790,12;NORDESTE 2|01 - TUBOS ELETRODUTOS KRONA|VAREJO|MAI27
01 - TUBOS ELETRODUTOS KRONA;NORDESTE 2;NORDESTE;VAREJO;2027-06-01;25935,06;NORDESTE 2|01 - TUBOS ELETRODUTOS KRONA|VAREJO|JUN27
01 - TUBOS ELETRODUTOS KRONA;NORDESTE 2;NORDESTE;VAREJO;2027-07-01;25585,89;NORDESTE 2|01 - TUBOS ELETRODUTOS KRONA|VAREJO|JUL27
01 - TUBOS ELETRODUTOS KRONA;NORDESTE 2;NORDESTE;VAREJO;2027-08-01;26028,58;NORDESTE 2|01 - TUBOS ELETRODUTOS KRONA|VAREJO|AGO27
01 - TUBOS ELETRODUTOS KRONA;NORDESTE 2;NORDESTE;VAREJO;2027-09-01;26797,34;NORDESTE 2|01 - TUBOS ELETRODUTOS KRONA|VAREJO|SET27
01 - TUBOS ELETRODUTOS KRONA;NORDESTE 2;NORDESTE;VAREJO;2027-10-01;27072,87;NORDESTE 2|01 - TUBOS ELETRODUTOS KRONA|VAREJO|OUT27
01 - TUBOS ELETRODUTOS KRONA;NORDESTE 2;NORDESTE;VAREJO;2027-11-01;27401,14;NORDESTE 2|01 - TUBOS ELETRODUTOS KRONA|VAREJO|NOV27
01 - TUBOS ELETRODUTOS KRONA;NORDESTE 2;NORDESTE;VAREJO;2027-12-01;28245,69;NORDESTE 2|01 - TUBOS ELETRODUTOS KRONA|VAREJO|DEZ27
01 - TUBOS ELETRODUTOS KRONA;NORDESTE 3;NORDESTE;ATACADO;2027-01-01;15896,02;NORDESTE 3|01 - TUBOS ELETRODUTOS KRONA|ATACADO|JAN27
01 - TUBOS ELETRODUTOS KRONA;NORDESTE 3;NORDESTE;ATACADO;2027-02-01;16987,42;NORDESTE 3|01 - TUBOS ELETRODUTOS KRONA|ATACADO|FEV27
01 - TUBOS ELETRODUTOS KRONA;NORDESTE 3;NORDESTE;ATACADO;2027-03-01;18057,68;NORDESTE 3|01 - TUBOS ELETRODUTOS KRONA|ATACADO|MAR27
01 - TUBOS ELETRODUTOS KRONA;NORDESTE 3;NORDESTE;ATACADO;2027-04-01;19820,05;NORDESTE 3|01 - TUBOS ELETRODUTOS KRONA|ATACADO|ABR27
01 - TUBOS ELETRODUTOS KRONA;NORDESTE 3;NORDESTE;ATACADO;2027-05-01;15906,47;NORDESTE 3|01 - TUBOS ELETRODUTOS KRONA|ATACADO|MAI27
01 - TUBOS ELETRODUTOS KRONA;NORDESTE 3;NORDESTE;ATACADO;2027-06-01;17223,01;NORDESTE 3|01 - TUBOS ELETRODUTOS KRONA|ATACADO|JUN27
01 - TUBOS ELETRODUTOS KRONA;NORDESTE 3;NORDESTE;ATACADO;2027-07-01;18363,55;NORDESTE 3|01 - TUBOS ELETRODUTOS KRONA|ATACADO|JUL27
01 - TUBOS ELETRODUTOS KRONA;NORDESTE 3;NORDESTE;ATACADO;2027-08-01;18732,21;NORDESTE 3|01 - TUBOS ELETRODUTOS KRONA|ATACADO|AGO27
01 - TUBOS ELETRODUTOS KRONA;NORDESTE 3;NORDESTE;ATACADO;2027-09-01;16576,55;NORDESTE 3|01 - TUBOS ELETRODUTOS KRONA|ATACADO|SET27
01 - TUBOS ELETRODUTOS KRONA;NORDESTE 3;NORDESTE;ATACADO;2027-10-01;17560,21;NORDESTE 3|01 - TUBOS ELETRODUTOS KRONA|ATACADO|OUT27
01 - TUBOS ELETRODUTOS KRONA;NORDESTE 3;NORDESTE;ATACADO;2027-11-01;18349,09;NORDESTE 3|01 - TUBOS ELETRODUTOS KRONA|ATACADO|NOV27
01 - TUBOS ELETRODUTOS KRONA;NORDESTE 3;NORDESTE;ATACADO;2027-12-01;18511,70;NORDESTE 3|01 - TUBOS ELETRODUTOS KRONA|ATACADO|DEZ27
01 - TUBOS ELETRODUTOS KRONA;NORDESTE 3;NORDESTE;OUTROS;2027-01-01;13,11;NORDESTE 3|01 - TUBOS ELETRODUTOS KRONA|OUTROS|JAN27
01 - TUBOS ELETRODUTOS KRONA;NORDESTE 3;NORDESTE;OUTROS;2027-02-01;19,25;NORDESTE 3|01 - TUBOS ELETRODUTOS KRONA|OUTROS|FEV27
01 - TUBOS ELETRODUTOS KRONA;NORDESTE 3;NORDESTE;OUTROS;2027-03-01;23,33;NORDESTE 3|01 - TUBOS ELETRODUTOS KRONA|OUTROS|MAR27
01 - TUBOS ELETRODUTOS KRONA;NORDESTE 3;NORDESTE;OUTROS;2027-04-01;22,75;NORDESTE 3|01 - TUBOS ELETRODUTOS KRONA|OUTROS|ABR27
01 - TUBOS ELETRODUTOS KRONA;NORDESTE 3;NORDESTE;OUTROS;2027-05-01;18,63;NORDESTE 3|01 - TUBOS ELETRODUTOS KRONA|OUTROS|MAI27
01 - TUBOS ELETRODUTOS KRONA;NORDESTE 3;NORDESTE;OUTROS;2027-06-01;19,81;NORDESTE 3|01 - TUBOS ELETRODUTOS KRONA|OUTROS|JUN27
01 - TUBOS ELETRODUTOS KRONA;NORDESTE 3;NORDESTE;OUTROS;2027-07-01;19,85;NORDESTE 3|01 - TUBOS ELETRODUTOS KRONA|OUTROS|JUL27
01 - TUBOS ELETRODUTOS KRONA;NORDESTE 3;NORDESTE;OUTROS;2027-08-01;19,19;NORDESTE 3|01 - TUBOS ELETRODUTOS KRONA|OUTROS|AGO27
01 - TUBOS ELETRODUTOS KRONA;NORDESTE 3;NORDESTE;OUTROS;2027-09-01;19,03;NORDESTE 3|01 - TUBOS ELETRODUTOS KRONA|OUTROS|SET27
01 - TUBOS ELETRODUTOS KRONA;NORDESTE 3;NORDESTE;OUTROS;2027-10-01;16,03;NORDESTE 3|01 - TUBOS ELETRODUTOS KRONA|OUTROS|OUT27
01 - TUBOS ELETRODUTOS KRONA;NORDESTE 3;NORDESTE;OUTROS;2027-11-01;16,23;NORDESTE 3|01 - TUBOS ELETRODUTOS KRONA|OUTROS|NOV27
01 - TUBOS ELETRODUTOS KRONA;NORDESTE 3;NORDESTE;OUTROS;2027-12-01;18,45;NORDESTE 3|01 - TUBOS ELETRODUTOS KRONA|OUTROS|DEZ27
01 - TUBOS ELETRODUTOS KRONA;NORDESTE 3;NORDESTE;VAREJO;2027-01-01;19103,23;NORDESTE 3|01 - TUBOS ELETRODUTOS KRONA|VAREJO|JAN27
01 - TUBOS ELETRODUTOS KRONA;NORDESTE 3;NORDESTE;VAREJO;2027-02-01;19534,66;NORDESTE 3|01 - TUBOS ELETRODUTOS KRONA|VAREJO|FEV27
01 - TUBOS ELETRODUTOS KRONA;NORDESTE 3;NORDESTE;VAREJO;2027-03-01;20723,28;NORDESTE 3|01 - TUBOS ELETRODUTOS KRONA|VAREJO|MAR27
01 - TUBOS ELETRODUTOS KRONA;NORDESTE 3;NORDESTE;VAREJO;2027-04-01;24254,80;NORDESTE 3|01 - TUBOS ELETRODUTOS KRONA|VAREJO|ABR27
01 - TUBOS ELETRODUTOS KRONA;NORDESTE 3;NORDESTE;VAREJO;2027-05-01;17456,49;NORDESTE 3|01 - TUBOS ELETRODUTOS KRONA|VAREJO|MAI27
01 - TUBOS ELETRODUTOS KRONA;NORDESTE 3;NORDESTE;VAREJO;2027-06-01;20035,60;NORDESTE 3|01 - TUBOS ELETRODUTOS KRONA|VAREJO|JUN27
01 - TUBOS ELETRODUTOS KRONA;NORDESTE 3;NORDESTE;VAREJO;2027-07-01;21953,95;NORDESTE 3|01 - TUBOS ELETRODUTOS KRONA|VAREJO|JUL27
01 - TUBOS ELETRODUTOS KRONA;NORDESTE 3;NORDESTE;VAREJO;2027-08-01;23687,01;NORDESTE 3|01 - TUBOS ELETRODUTOS KRONA|VAREJO|AGO27
01 - TUBOS ELETRODUTOS KRONA;NORDESTE 3;NORDESTE;VAREJO;2027-09-01;19197,88;NORDESTE 3|01 - TUBOS ELETRODUTOS KRONA|VAREJO|SET27
01 - TUBOS ELETRODUTOS KRONA;NORDESTE 3;NORDESTE;VAREJO;2027-10-01;21515,73;NORDESTE 3|01 - TUBOS ELETRODUTOS KRONA|VAREJO|OUT27
01 - TUBOS ELETRODUTOS KRONA;NORDESTE 3;NORDESTE;VAREJO;2027-11-01;22617,59;NORDESTE 3|01 - TUBOS ELETRODUTOS KRONA|VAREJO|NOV27
01 - TUBOS ELETRODUTOS KRONA;NORDESTE 3;NORDESTE;VAREJO;2027-12-01;23392,64;NORDESTE 3|01 - TUBOS ELETRODUTOS KRONA|VAREJO|DEZ27
01 - TUBOS ELETRODUTOS KRONA;NORTE;CO NO;ATACADO;2027-01-01;3811,83;NORTE|01 - TUBOS ELETRODUTOS KRONA|ATACADO|JAN27
01 - TUBOS ELETRODUTOS KRONA;NORTE;CO NO;ATACADO;2027-02-01;4597,30;NORTE|01 - TUBOS ELETRODUTOS KRONA|ATACADO|FEV27
01 - TUBOS ELETRODUTOS KRONA;NORTE;CO NO;ATACADO;2027-03-01;4271,15;NORTE|01 - TUBOS ELETRODUTOS KRONA|ATACADO|MAR27
01 - TUBOS ELETRODUTOS KRONA;NORTE;CO NO;ATACADO;2027-04-01;4753,20;NORTE|01 - TUBOS ELETRODUTOS KRONA|ATACADO|ABR27
01 - TUBOS ELETRODUTOS KRONA;NORTE;CO NO;ATACADO;2027-05-01;4187,81;NORTE|01 - TUBOS ELETRODUTOS KRONA|ATACADO|MAI27
01 - TUBOS ELETRODUTOS KRONA;NORTE;CO NO;ATACADO;2027-06-01;4355,85;NORTE|01 - TUBOS ELETRODUTOS KRONA|ATACADO|JUN27
01 - TUBOS ELETRODUTOS KRONA;NORTE;CO NO;ATACADO;2027-07-01;4314,59;NORTE|01 - TUBOS ELETRODUTOS KRONA|ATACADO|JUL27
01 - TUBOS ELETRODUTOS KRONA;NORTE;CO NO;ATACADO;2027-08-01;4238,72;NORTE|01 - TUBOS ELETRODUTOS KRONA|ATACADO|AGO27
01 - TUBOS ELETRODUTOS KRONA;NORTE;CO NO;ATACADO;2027-09-01;4132,81;NORTE|01 - TUBOS ELETRODUTOS KRONA|ATACADO|SET27
01 - TUBOS ELETRODUTOS KRONA;NORTE;CO NO;ATACADO;2027-10-01;4494,68;NORTE|01 - TUBOS ELETRODUTOS KRONA|ATACADO|OUT27
01 - TUBOS ELETRODUTOS KRONA;NORTE;CO NO;ATACADO;2027-11-01;3848,80;NORTE|01 - TUBOS ELETRODUTOS KRONA|ATACADO|NOV27
01 - TUBOS ELETRODUTOS KRONA;NORTE;CO NO;ATACADO;2027-12-01;4336,68;NORTE|01 - TUBOS ELETRODUTOS KRONA|ATACADO|DEZ27
01 - TUBOS ELETRODUTOS KRONA;NORTE;CO NO;VAREJO;2027-01-01;5126,43;NORTE|01 - TUBOS ELETRODUTOS KRONA|VAREJO|JAN27
01 - TUBOS ELETRODUTOS KRONA;NORTE;CO NO;VAREJO;2027-02-01;6236,24;NORTE|01 - TUBOS ELETRODUTOS KRONA|VAREJO|FEV27
01 - TUBOS ELETRODUTOS KRONA;NORTE;CO NO;VAREJO;2027-03-01;5655,95;NORTE|01 - TUBOS ELETRODUTOS KRONA|VAREJO|MAR27
01 - TUBOS ELETRODUTOS KRONA;NORTE;CO NO;VAREJO;2027-04-01;6440,09;NORTE|01 - TUBOS ELETRODUTOS KRONA|VAREJO|ABR27
01 - TUBOS ELETRODUTOS KRONA;NORTE;CO NO;VAREJO;2027-05-01;5577,30;NORTE|01 - TUBOS ELETRODUTOS KRONA|VAREJO|MAI27
01 - TUBOS ELETRODUTOS KRONA;NORTE;CO NO;VAREJO;2027-06-01;5810,49;NORTE|01 - TUBOS ELETRODUTOS KRONA|VAREJO|JUN27
01 - TUBOS ELETRODUTOS KRONA;NORTE;CO NO;VAREJO;2027-07-01;5768,62;NORTE|01 - TUBOS ELETRODUTOS KRONA|VAREJO|JUL27
01 - TUBOS ELETRODUTOS KRONA;NORTE;CO NO;VAREJO;2027-08-01;5665,20;NORTE|01 - TUBOS ELETRODUTOS KRONA|VAREJO|AGO27
01 - TUBOS ELETRODUTOS KRONA;NORTE;CO NO;VAREJO;2027-09-01;5494,72;NORTE|01 - TUBOS ELETRODUTOS KRONA|VAREJO|SET27
01 - TUBOS ELETRODUTOS KRONA;NORTE;CO NO;VAREJO;2027-10-01;6027,67;NORTE|01 - TUBOS ELETRODUTOS KRONA|VAREJO|OUT27
01 - TUBOS ELETRODUTOS KRONA;NORTE;CO NO;VAREJO;2027-11-01;4914,49;NORTE|01 - TUBOS ELETRODUTOS KRONA|VAREJO|NOV27
01 - TUBOS ELETRODUTOS KRONA;NORTE;CO NO;VAREJO;2027-12-01;5770,12;NORTE|01 - TUBOS ELETRODUTOS KRONA|VAREJO|DEZ27
01 - TUBOS ELETRODUTOS KRONA;PARANA;SUL;ATACADO;2027-01-01;14,02;PARANA|01 - TUBOS ELETRODUTOS KRONA|ATACADO|JAN27
01 - TUBOS ELETRODUTOS KRONA;PARANA;SUL;ATACADO;2027-02-01;17,21;PARANA|01 - TUBOS ELETRODUTOS KRONA|ATACADO|FEV27
01 - TUBOS ELETRODUTOS KRONA;PARANA;SUL;ATACADO;2027-03-01;17,34;PARANA|01 - TUBOS ELETRODUTOS KRONA|ATACADO|MAR27
01 - TUBOS ELETRODUTOS KRONA;PARANA;SUL;ATACADO;2027-04-01;18,00;PARANA|01 - TUBOS ELETRODUTOS KRONA|ATACADO|ABR27
01 - TUBOS ELETRODUTOS KRONA;PARANA;SUL;ATACADO;2027-05-01;17,35;PARANA|01 - TUBOS ELETRODUTOS KRONA|ATACADO|MAI27
01 - TUBOS ELETRODUTOS KRONA;PARANA;SUL;ATACADO;2027-06-01;17,46;PARANA|01 - TUBOS ELETRODUTOS KRONA|ATACADO|JUN27
01 - TUBOS ELETRODUTOS KRONA;PARANA;SUL;ATACADO;2027-07-01;17,85;PARANA|01 - TUBOS ELETRODUTOS KRONA|ATACADO|JUL27
01 - TUBOS ELETRODUTOS KRONA;PARANA;SUL;ATACADO;2027-08-01;14,25;PARANA|01 - TUBOS ELETRODUTOS KRONA|ATACADO|AGO27
01 - TUBOS ELETRODUTOS KRONA;PARANA;SUL;ATACADO;2027-09-01;16,11;PARANA|01 - TUBOS ELETRODUTOS KRONA|ATACADO|SET27
01 - TUBOS ELETRODUTOS KRONA;PARANA;SUL;ATACADO;2027-10-01;14,83;PARANA|01 - TUBOS ELETRODUTOS KRONA|ATACADO|OUT27
01 - TUBOS ELETRODUTOS KRONA;PARANA;SUL;ATACADO;2027-11-01;14,60;PARANA|01 - TUBOS ELETRODUTOS KRONA|ATACADO|NOV27
01 - TUBOS ELETRODUTOS KRONA;PARANA;SUL;ATACADO;2027-12-01;34,82;PARANA|01 - TUBOS ELETRODUTOS KRONA|ATACADO|DEZ27
01 - TUBOS ELETRODUTOS KRONA;PARANA;SUL;OUTROS;2027-01-01;0,00;PARANA|01 - TUBOS ELETRODUTOS KRONA|OUTROS|JAN27
01 - TUBOS ELETRODUTOS KRONA;PARANA;SUL;OUTROS;2027-02-01;21,14;PARANA|01 - TUBOS ELETRODUTOS KRONA|OUTROS|FEV27
01 - TUBOS ELETRODUTOS KRONA;PARANA;SUL;OUTROS;2027-03-01;17,93;PARANA|01 - TUBOS ELETRODUTOS KRONA|OUTROS|MAR27
01 - TUBOS ELETRODUTOS KRONA;PARANA;SUL;OUTROS;2027-04-01;19,56;PARANA|01 - TUBOS ELETRODUTOS KRONA|OUTROS|ABR27
01 - TUBOS ELETRODUTOS KRONA;PARANA;SUL;OUTROS;2027-05-01;22,42;PARANA|01 - TUBOS ELETRODUTOS KRONA|OUTROS|MAI27
01 - TUBOS ELETRODUTOS KRONA;PARANA;SUL;OUTROS;2027-06-01;19,15;PARANA|01 - TUBOS ELETRODUTOS KRONA|OUTROS|JUN27
01 - TUBOS ELETRODUTOS KRONA;PARANA;SUL;OUTROS;2027-07-01;20,48;PARANA|01 - TUBOS ELETRODUTOS KRONA|OUTROS|JUL27
01 - TUBOS ELETRODUTOS KRONA;PARANA;SUL;OUTROS;2027-08-01;1,10;PARANA|01 - TUBOS ELETRODUTOS KRONA|OUTROS|AGO27
01 - TUBOS ELETRODUTOS KRONA;PARANA;SUL;OUTROS;2027-09-01;5,03;PARANA|01 - TUBOS ELETRODUTOS KRONA|OUTROS|SET27
01 - TUBOS ELETRODUTOS KRONA;PARANA;SUL;OUTROS;2027-10-01;0,00;PARANA|01 - TUBOS ELETRODUTOS KRONA|OUTROS|OUT27
01 - TUBOS ELETRODUTOS KRONA;PARANA;SUL;OUTROS;2027-11-01;5,20;PARANA|01 - TUBOS ELETRODUTOS KRONA|OUTROS|NOV27
01 - TUBOS ELETRODUTOS KRONA;PARANA;SUL;OUTROS;2027-12-01;106,20;PARANA|01 - TUBOS ELETRODUTOS KRONA|OUTROS|DEZ27
01 - TUBOS ELETRODUTOS KRONA;PARANA;SUL;VAREJO;2027-01-01;443,49;PARANA|01 - TUBOS ELETRODUTOS KRONA|VAREJO|JAN27
01 - TUBOS ELETRODUTOS KRONA;PARANA;SUL;VAREJO;2027-02-01;374,25;PARANA|01 - TUBOS ELETRODUTOS KRONA|VAREJO|FEV27
01 - TUBOS ELETRODUTOS KRONA;PARANA;SUL;VAREJO;2027-03-01;439,54;PARANA|01 - TUBOS ELETRODUTOS KRONA|VAREJO|MAR27
01 - TUBOS ELETRODUTOS KRONA;PARANA;SUL;VAREJO;2027-04-01;470,33;PARANA|01 - TUBOS ELETRODUTOS KRONA|VAREJO|ABR27
01 - TUBOS ELETRODUTOS KRONA;PARANA;SUL;VAREJO;2027-05-01;365,01;PARANA|01 - TUBOS ELETRODUTOS KRONA|VAREJO|MAI27
01 - TUBOS ELETRODUTOS KRONA;PARANA;SUL;VAREJO;2027-06-01;429,93;PARANA|01 - TUBOS ELETRODUTOS KRONA|VAREJO|JUN27
01 - TUBOS ELETRODUTOS KRONA;PARANA;SUL;VAREJO;2027-07-01;444,15;PARANA|01 - TUBOS ELETRODUTOS KRONA|VAREJO|JUL27
01 - TUBOS ELETRODUTOS KRONA;PARANA;SUL;VAREJO;2027-08-01;453,01;PARANA|01 - TUBOS ELETRODUTOS KRONA|VAREJO|AGO27
01 - TUBOS ELETRODUTOS KRONA;PARANA;SUL;VAREJO;2027-09-01;552,97;PARANA|01 - TUBOS ELETRODUTOS KRONA|VAREJO|SET27
01 - TUBOS ELETRODUTOS KRONA;PARANA;SUL;VAREJO;2027-10-01;523,56;PARANA|01 - TUBOS ELETRODUTOS KRONA|VAREJO|OUT27
01 - TUBOS ELETRODUTOS KRONA;PARANA;SUL;VAREJO;2027-11-01;419,06;PARANA|01 - TUBOS ELETRODUTOS KRONA|VAREJO|NOV27
01 - TUBOS ELETRODUTOS KRONA;PARANA;SUL;VAREJO;2027-12-01;521,86;PARANA|01 - TUBOS ELETRODUTOS KRONA|VAREJO|DEZ27
01 - TUBOS ELETRODUTOS KRONA;RIO GRANDE DO SUL;SUL;ATACADO;2027-01-01;361,42;RIO GRANDE DO SUL|01 - TUBOS ELETRODUTOS KRONA|ATACADO|JAN27
01 - TUBOS ELETRODUTOS KRONA;RIO GRANDE DO SUL;SUL;ATACADO;2027-02-01;326,03;RIO GRANDE DO SUL|01 - TUBOS ELETRODUTOS KRONA|ATACADO|FEV27
01 - TUBOS ELETRODUTOS KRONA;RIO GRANDE DO SUL;SUL;ATACADO;2027-03-01;296,88;RIO GRANDE DO SUL|01 - TUBOS ELETRODUTOS KRONA|ATACADO|MAR27
01 - TUBOS ELETRODUTOS KRONA;RIO GRANDE DO SUL;SUL;ATACADO;2027-04-01;360,27;RIO GRANDE DO SUL|01 - TUBOS ELETRODUTOS KRONA|ATACADO|ABR27
01 - TUBOS ELETRODUTOS KRONA;RIO GRANDE DO SUL;SUL;ATACADO;2027-05-01;370,12;RIO GRANDE DO SUL|01 - TUBOS ELETRODUTOS KRONA|ATACADO|MAI27
01 - TUBOS ELETRODUTOS KRONA;RIO GRANDE DO SUL;SUL;ATACADO;2027-06-01;624,60;RIO GRANDE DO SUL|01 - TUBOS ELETRODUTOS KRONA|ATACADO|JUN27
01 - TUBOS ELETRODUTOS KRONA;RIO GRANDE DO SUL;SUL;ATACADO;2027-07-01;598,57;RIO GRANDE DO SUL|01 - TUBOS ELETRODUTOS KRONA|ATACADO|JUL27
01 - TUBOS ELETRODUTOS KRONA;RIO GRANDE DO SUL;SUL;ATACADO;2027-08-01;532,37;RIO GRANDE DO SUL|01 - TUBOS ELETRODUTOS KRONA|ATACADO|AGO27
01 - TUBOS ELETRODUTOS KRONA;RIO GRANDE DO SUL;SUL;ATACADO;2027-09-01;575,64;RIO GRANDE DO SUL|01 - TUBOS ELETRODUTOS KRONA|ATACADO|SET27
01 - TUBOS ELETRODUTOS KRONA;RIO GRANDE DO SUL;SUL;ATACADO;2027-10-01;578,01;RIO GRANDE DO SUL|01 - TUBOS ELETRODUTOS KRONA|ATACADO|OUT27
01 - TUBOS ELETRODUTOS KRONA;RIO GRANDE DO SUL;SUL;ATACADO;2027-11-01;572,66;RIO GRANDE DO SUL|01 - TUBOS ELETRODUTOS KRONA|ATACADO|NOV27
01 - TUBOS ELETRODUTOS KRONA;RIO GRANDE DO SUL;SUL;ATACADO;2027-12-01;297,49;RIO GRANDE DO SUL|01 - TUBOS ELETRODUTOS KRONA|ATACADO|DEZ27
01 - TUBOS ELETRODUTOS KRONA;RIO GRANDE DO SUL;SUL;OUTROS;2027-01-01;186,43;RIO GRANDE DO SUL|01 - TUBOS ELETRODUTOS KRONA|OUTROS|JAN27
01 - TUBOS ELETRODUTOS KRONA;RIO GRANDE DO SUL;SUL;OUTROS;2027-02-01;181,92;RIO GRANDE DO SUL|01 - TUBOS ELETRODUTOS KRONA|OUTROS|FEV27
01 - TUBOS ELETRODUTOS KRONA;RIO GRANDE DO SUL;SUL;OUTROS;2027-03-01;136,22;RIO GRANDE DO SUL|01 - TUBOS ELETRODUTOS KRONA|OUTROS|MAR27
01 - TUBOS ELETRODUTOS KRONA;RIO GRANDE DO SUL;SUL;OUTROS;2027-04-01;109,54;RIO GRANDE DO SUL|01 - TUBOS ELETRODUTOS KRONA|OUTROS|ABR27
01 - TUBOS ELETRODUTOS KRONA;RIO GRANDE DO SUL;SUL;OUTROS;2027-05-01;107,85;RIO GRANDE DO SUL|01 - TUBOS ELETRODUTOS KRONA|OUTROS|MAI27
01 - TUBOS ELETRODUTOS KRONA;RIO GRANDE DO SUL;SUL;OUTROS;2027-06-01;136,01;RIO GRANDE DO SUL|01 - TUBOS ELETRODUTOS KRONA|OUTROS|JUN27
01 - TUBOS ELETRODUTOS KRONA;RIO GRANDE DO SUL;SUL;OUTROS;2027-07-01;136,73;RIO GRANDE DO SUL|01 - TUBOS ELETRODUTOS KRONA|OUTROS|JUL27
01 - TUBOS ELETRODUTOS KRONA;RIO GRANDE DO SUL;SUL;OUTROS;2027-08-01;117,97;RIO GRANDE DO SUL|01 - TUBOS ELETRODUTOS KRONA|OUTROS|AGO27
01 - TUBOS ELETRODUTOS KRONA;RIO GRANDE DO SUL;SUL;OUTROS;2027-09-01;114,63;RIO GRANDE DO SUL|01 - TUBOS ELETRODUTOS KRONA|OUTROS|SET27
01 - TUBOS ELETRODUTOS KRONA;RIO GRANDE DO SUL;SUL;OUTROS;2027-10-01;116,41;RIO GRANDE DO SUL|01 - TUBOS ELETRODUTOS KRONA|OUTROS|OUT27
01 - TUBOS ELETRODUTOS KRONA;RIO GRANDE DO SUL;SUL;OUTROS;2027-11-01;175,06;RIO GRANDE DO SUL|01 - TUBOS ELETRODUTOS KRONA|OUTROS|NOV27
01 - TUBOS ELETRODUTOS KRONA;RIO GRANDE DO SUL;SUL;OUTROS;2027-12-01;106,16;RIO GRANDE DO SUL|01 - TUBOS ELETRODUTOS KRONA|OUTROS|DEZ27
01 - TUBOS ELETRODUTOS KRONA;RIO GRANDE DO SUL;SUL;VAREJO;2027-01-01;2178,69;RIO GRANDE DO SUL|01 - TUBOS ELETRODUTOS KRONA|VAREJO|JAN27
01 - TUBOS ELETRODUTOS KRONA;RIO GRANDE DO SUL;SUL;VAREJO;2027-02-01;1972,67;RIO GRANDE DO SUL|01 - TUBOS ELETRODUTOS KRONA|VAREJO|FEV27
01 - TUBOS ELETRODUTOS KRONA;RIO GRANDE DO SUL;SUL;VAREJO;2027-03-01;1718,80;RIO GRANDE DO SUL|01 - TUBOS ELETRODUTOS KRONA|VAREJO|MAR27
01 - TUBOS ELETRODUTOS KRONA;RIO GRANDE DO SUL;SUL;VAREJO;2027-04-01;2102,01;RIO GRANDE DO SUL|01 - TUBOS ELETRODUTOS KRONA|VAREJO|ABR27
01 - TUBOS ELETRODUTOS KRONA;RIO GRANDE DO SUL;SUL;VAREJO;2027-05-01;2175,63;RIO GRANDE DO SUL|01 - TUBOS ELETRODUTOS KRONA|VAREJO|MAI27
01 - TUBOS ELETRODUTOS KRONA;RIO GRANDE DO SUL;SUL;VAREJO;2027-06-01;3786,74;RIO GRANDE DO SUL|01 - TUBOS ELETRODUTOS KRONA|VAREJO|JUN27
01 - TUBOS ELETRODUTOS KRONA;RIO GRANDE DO SUL;SUL;VAREJO;2027-07-01;3671,07;RIO GRANDE DO SUL|01 - TUBOS ELETRODUTOS KRONA|VAREJO|JUL27
01 - TUBOS ELETRODUTOS KRONA;RIO GRANDE DO SUL;SUL;VAREJO;2027-08-01;3264,40;RIO GRANDE DO SUL|01 - TUBOS ELETRODUTOS KRONA|VAREJO|AGO27
01 - TUBOS ELETRODUTOS KRONA;RIO GRANDE DO SUL;SUL;VAREJO;2027-09-01;3569,93;RIO GRANDE DO SUL|01 - TUBOS ELETRODUTOS KRONA|VAREJO|SET27
01 - TUBOS ELETRODUTOS KRONA;RIO GRANDE DO SUL;SUL;VAREJO;2027-10-01;3576,21;RIO GRANDE DO SUL|01 - TUBOS ELETRODUTOS KRONA|VAREJO|OUT27
01 - TUBOS ELETRODUTOS KRONA;RIO GRANDE DO SUL;SUL;VAREJO;2027-11-01;3562,85;RIO GRANDE DO SUL|01 - TUBOS ELETRODUTOS KRONA|VAREJO|NOV27
01 - TUBOS ELETRODUTOS KRONA;RIO GRANDE DO SUL;SUL;VAREJO;2027-12-01;1673,59;RIO GRANDE DO SUL|01 - TUBOS ELETRODUTOS KRONA|VAREJO|DEZ27
01 - TUBOS ELETRODUTOS KRONA;RJ/ES;MINAS RJ/ES;ATACADO;2027-01-01;1092,58;RJ/ES|01 - TUBOS ELETRODUTOS KRONA|ATACADO|JAN27
01 - TUBOS ELETRODUTOS KRONA;RJ/ES;MINAS RJ/ES;ATACADO;2027-02-01;1142,31;RJ/ES|01 - TUBOS ELETRODUTOS KRONA|ATACADO|FEV27
01 - TUBOS ELETRODUTOS KRONA;RJ/ES;MINAS RJ/ES;ATACADO;2027-03-01;1200,26;RJ/ES|01 - TUBOS ELETRODUTOS KRONA|ATACADO|MAR27
01 - TUBOS ELETRODUTOS KRONA;RJ/ES;MINAS RJ/ES;ATACADO;2027-04-01;1159,59;RJ/ES|01 - TUBOS ELETRODUTOS KRONA|ATACADO|ABR27
01 - TUBOS ELETRODUTOS KRONA;RJ/ES;MINAS RJ/ES;ATACADO;2027-05-01;1156,51;RJ/ES|01 - TUBOS ELETRODUTOS KRONA|ATACADO|MAI27
01 - TUBOS ELETRODUTOS KRONA;RJ/ES;MINAS RJ/ES;ATACADO;2027-06-01;1023,89;RJ/ES|01 - TUBOS ELETRODUTOS KRONA|ATACADO|JUN27
01 - TUBOS ELETRODUTOS KRONA;RJ/ES;MINAS RJ/ES;ATACADO;2027-07-01;1017,35;RJ/ES|01 - TUBOS ELETRODUTOS KRONA|ATACADO|JUL27
01 - TUBOS ELETRODUTOS KRONA;RJ/ES;MINAS RJ/ES;ATACADO;2027-08-01;1029,84;RJ/ES|01 - TUBOS ELETRODUTOS KRONA|ATACADO|AGO27
01 - TUBOS ELETRODUTOS KRONA;RJ/ES;MINAS RJ/ES;ATACADO;2027-09-01;1036,95;RJ/ES|01 - TUBOS ELETRODUTOS KRONA|ATACADO|SET27
01 - TUBOS ELETRODUTOS KRONA;RJ/ES;MINAS RJ/ES;ATACADO;2027-10-01;1048,08;RJ/ES|01 - TUBOS ELETRODUTOS KRONA|ATACADO|OUT27
01 - TUBOS ELETRODUTOS KRONA;RJ/ES;MINAS RJ/ES;ATACADO;2027-11-01;1050,83;RJ/ES|01 - TUBOS ELETRODUTOS KRONA|ATACADO|NOV27
01 - TUBOS ELETRODUTOS KRONA;RJ/ES;MINAS RJ/ES;ATACADO;2027-12-01;1074,50;RJ/ES|01 - TUBOS ELETRODUTOS KRONA|ATACADO|DEZ27
01 - TUBOS ELETRODUTOS KRONA;RJ/ES;MINAS RJ/ES;OUTROS;2027-01-01;42,23;RJ/ES|01 - TUBOS ELETRODUTOS KRONA|OUTROS|JAN27
01 - TUBOS ELETRODUTOS KRONA;RJ/ES;MINAS RJ/ES;OUTROS;2027-02-01;44,45;RJ/ES|01 - TUBOS ELETRODUTOS KRONA|OUTROS|FEV27
01 - TUBOS ELETRODUTOS KRONA;RJ/ES;MINAS RJ/ES;OUTROS;2027-03-01;47,44;RJ/ES|01 - TUBOS ELETRODUTOS KRONA|OUTROS|MAR27
01 - TUBOS ELETRODUTOS KRONA;RJ/ES;MINAS RJ/ES;OUTROS;2027-04-01;45,35;RJ/ES|01 - TUBOS ELETRODUTOS KRONA|OUTROS|ABR27
01 - TUBOS ELETRODUTOS KRONA;RJ/ES;MINAS RJ/ES;OUTROS;2027-05-01;45,46;RJ/ES|01 - TUBOS ELETRODUTOS KRONA|OUTROS|MAI27
01 - TUBOS ELETRODUTOS KRONA;RJ/ES;MINAS RJ/ES;OUTROS;2027-06-01;38,26;RJ/ES|01 - TUBOS ELETRODUTOS KRONA|OUTROS|JUN27
01 - TUBOS ELETRODUTOS KRONA;RJ/ES;MINAS RJ/ES;OUTROS;2027-07-01;37,74;RJ/ES|01 - TUBOS ELETRODUTOS KRONA|OUTROS|JUL27
01 - TUBOS ELETRODUTOS KRONA;RJ/ES;MINAS RJ/ES;OUTROS;2027-08-01;38,20;RJ/ES|01 - TUBOS ELETRODUTOS KRONA|OUTROS|AGO27
01 - TUBOS ELETRODUTOS KRONA;RJ/ES;MINAS RJ/ES;OUTROS;2027-09-01;38,53;RJ/ES|01 - TUBOS ELETRODUTOS KRONA|OUTROS|SET27
01 - TUBOS ELETRODUTOS KRONA;RJ/ES;MINAS RJ/ES;OUTROS;2027-10-01;39,04;RJ/ES|01 - TUBOS ELETRODUTOS KRONA|OUTROS|OUT27
01 - TUBOS ELETRODUTOS KRONA;RJ/ES;MINAS RJ/ES;OUTROS;2027-11-01;39,26;RJ/ES|01 - TUBOS ELETRODUTOS KRONA|OUTROS|NOV27
01 - TUBOS ELETRODUTOS KRONA;RJ/ES;MINAS RJ/ES;OUTROS;2027-12-01;40,24;RJ/ES|01 - TUBOS ELETRODUTOS KRONA|OUTROS|DEZ27
01 - TUBOS ELETRODUTOS KRONA;RJ/ES;MINAS RJ/ES;VAREJO;2027-01-01;2480,32;RJ/ES|01 - TUBOS ELETRODUTOS KRONA|VAREJO|JAN27
01 - TUBOS ELETRODUTOS KRONA;RJ/ES;MINAS RJ/ES;VAREJO;2027-02-01;2586,35;RJ/ES|01 - TUBOS ELETRODUTOS KRONA|VAREJO|FEV27
01 - TUBOS ELETRODUTOS KRONA;RJ/ES;MINAS RJ/ES;VAREJO;2027-03-01;2651,93;RJ/ES|01 - TUBOS ELETRODUTOS KRONA|VAREJO|MAR27
01 - TUBOS ELETRODUTOS KRONA;RJ/ES;MINAS RJ/ES;VAREJO;2027-04-01;2543,99;RJ/ES|01 - TUBOS ELETRODUTOS KRONA|VAREJO|ABR27
01 - TUBOS ELETRODUTOS KRONA;RJ/ES;MINAS RJ/ES;VAREJO;2027-05-01;2519,36;RJ/ES|01 - TUBOS ELETRODUTOS KRONA|VAREJO|MAI27
01 - TUBOS ELETRODUTOS KRONA;RJ/ES;MINAS RJ/ES;VAREJO;2027-06-01;2279,97;RJ/ES|01 - TUBOS ELETRODUTOS KRONA|VAREJO|JUN27
01 - TUBOS ELETRODUTOS KRONA;RJ/ES;MINAS RJ/ES;VAREJO;2027-07-01;2524,40;RJ/ES|01 - TUBOS ELETRODUTOS KRONA|VAREJO|JUL27
01 - TUBOS ELETRODUTOS KRONA;RJ/ES;MINAS RJ/ES;VAREJO;2027-08-01;2340,48;RJ/ES|01 - TUBOS ELETRODUTOS KRONA|VAREJO|AGO27
01 - TUBOS ELETRODUTOS KRONA;RJ/ES;MINAS RJ/ES;VAREJO;2027-09-01;2341,34;RJ/ES|01 - TUBOS ELETRODUTOS KRONA|VAREJO|SET27
01 - TUBOS ELETRODUTOS KRONA;RJ/ES;MINAS RJ/ES;VAREJO;2027-10-01;2386,43;RJ/ES|01 - TUBOS ELETRODUTOS KRONA|VAREJO|OUT27
01 - TUBOS ELETRODUTOS KRONA;RJ/ES;MINAS RJ/ES;VAREJO;2027-11-01;2425,98;RJ/ES|01 - TUBOS ELETRODUTOS KRONA|VAREJO|NOV27
01 - TUBOS ELETRODUTOS KRONA;RJ/ES;MINAS RJ/ES;VAREJO;2027-12-01;2421,96;RJ/ES|01 - TUBOS ELETRODUTOS KRONA|VAREJO|DEZ27
01 - TUBOS ELETRODUTOS KRONA;SANTA CATARINA 01;SUL;ATACADO;2027-01-01;9,55;SANTA CATARINA 01|01 - TUBOS ELETRODUTOS KRONA|ATACADO|JAN27
01 - TUBOS ELETRODUTOS KRONA;SANTA CATARINA 01;SUL;ATACADO;2027-02-01;32,65;SANTA CATARINA 01|01 - TUBOS ELETRODUTOS KRONA|ATACADO|FEV27
01 - TUBOS ELETRODUTOS KRONA;SANTA CATARINA 01;SUL;ATACADO;2027-03-01;27,01;SANTA CATARINA 01|01 - TUBOS ELETRODUTOS KRONA|ATACADO|MAR27
01 - TUBOS ELETRODUTOS KRONA;SANTA CATARINA 01;SUL;ATACADO;2027-04-01;21,88;SANTA CATARINA 01|01 - TUBOS ELETRODUTOS KRONA|ATACADO|ABR27
01 - TUBOS ELETRODUTOS KRONA;SANTA CATARINA 01;SUL;ATACADO;2027-05-01;31,14;SANTA CATARINA 01|01 - TUBOS ELETRODUTOS KRONA|ATACADO|MAI27
01 - TUBOS ELETRODUTOS KRONA;SANTA CATARINA 01;SUL;ATACADO;2027-06-01;10,93;SANTA CATARINA 01|01 - TUBOS ELETRODUTOS KRONA|ATACADO|JUN27
01 - TUBOS ELETRODUTOS KRONA;SANTA CATARINA 01;SUL;ATACADO;2027-07-01;8,37;SANTA CATARINA 01|01 - TUBOS ELETRODUTOS KRONA|ATACADO|JUL27
01 - TUBOS ELETRODUTOS KRONA;SANTA CATARINA 01;SUL;ATACADO;2027-08-01;7,07;SANTA CATARINA 01|01 - TUBOS ELETRODUTOS KRONA|ATACADO|AGO27
01 - TUBOS ELETRODUTOS KRONA;SANTA CATARINA 01;SUL;ATACADO;2027-09-01;7,07;SANTA CATARINA 01|01 - TUBOS ELETRODUTOS KRONA|ATACADO|SET27
01 - TUBOS ELETRODUTOS KRONA;SANTA CATARINA 01;SUL;ATACADO;2027-10-01;12,22;SANTA CATARINA 01|01 - TUBOS ELETRODUTOS KRONA|ATACADO|OUT27
01 - TUBOS ELETRODUTOS KRONA;SANTA CATARINA 01;SUL;ATACADO;2027-11-01;38,29;SANTA CATARINA 01|01 - TUBOS ELETRODUTOS KRONA|ATACADO|NOV27
01 - TUBOS ELETRODUTOS KRONA;SANTA CATARINA 01;SUL;ATACADO;2027-12-01;0,00;SANTA CATARINA 01|01 - TUBOS ELETRODUTOS KRONA|ATACADO|DEZ27
01 - TUBOS ELETRODUTOS KRONA;SANTA CATARINA 01;SUL;OUTROS;2027-01-01;0,00;SANTA CATARINA 01|01 - TUBOS ELETRODUTOS KRONA|OUTROS|JAN27
01 - TUBOS ELETRODUTOS KRONA;SANTA CATARINA 01;SUL;OUTROS;2027-02-01;0,00;SANTA CATARINA 01|01 - TUBOS ELETRODUTOS KRONA|OUTROS|FEV27
01 - TUBOS ELETRODUTOS KRONA;SANTA CATARINA 01;SUL;OUTROS;2027-03-01;0,00;SANTA CATARINA 01|01 - TUBOS ELETRODUTOS KRONA|OUTROS|MAR27
01 - TUBOS ELETRODUTOS KRONA;SANTA CATARINA 01;SUL;OUTROS;2027-04-01;0,00;SANTA CATARINA 01|01 - TUBOS ELETRODUTOS KRONA|OUTROS|ABR27
01 - TUBOS ELETRODUTOS KRONA;SANTA CATARINA 01;SUL;OUTROS;2027-05-01;0,00;SANTA CATARINA 01|01 - TUBOS ELETRODUTOS KRONA|OUTROS|MAI27
01 - TUBOS ELETRODUTOS KRONA;SANTA CATARINA 01;SUL;OUTROS;2027-06-01;0,00;SANTA CATARINA 01|01 - TUBOS ELETRODUTOS KRONA|OUTROS|JUN27
01 - TUBOS ELETRODUTOS KRONA;SANTA CATARINA 01;SUL;OUTROS;2027-07-01;0,00;SANTA CATARINA 01|01 - TUBOS ELETRODUTOS KRONA|OUTROS|JUL27
01 - TUBOS ELETRODUTOS KRONA;SANTA CATARINA 01;SUL;OUTROS;2027-08-01;0,00;SANTA CATARINA 01|01 - TUBOS ELETRODUTOS KRONA|OUTROS|AGO27
01 - TUBOS ELETRODUTOS KRONA;SANTA CATARINA 01;SUL;OUTROS;2027-09-01;0,00;SANTA CATARINA 01|01 - TUBOS ELETRODUTOS KRONA|OUTROS|SET27
01 - TUBOS ELETRODUTOS KRONA;SANTA CATARINA 01;SUL;OUTROS;2027-10-01;0,00;SANTA CATARINA 01|01 - TUBOS ELETRODUTOS KRONA|OUTROS|OUT27
01 - TUBOS ELETRODUTOS KRONA;SANTA CATARINA 01;SUL;OUTROS;2027-11-01;0,00;SANTA CATARINA 01|01 - TUBOS ELETRODUTOS KRONA|OUTROS|NOV27
01 - TUBOS ELETRODUTOS KRONA;SANTA CATARINA 01;SUL;OUTROS;2027-12-01;0,00;SANTA CATARINA 01|01 - TUBOS ELETRODUTOS KRONA|OUTROS|DEZ27
01 - TUBOS ELETRODUTOS KRONA;SANTA CATARINA 01;SUL;VAREJO;2027-01-01;431,87;SANTA CATARINA 01|01 - TUBOS ELETRODUTOS KRONA|VAREJO|JAN27
01 - TUBOS ELETRODUTOS KRONA;SANTA CATARINA 01;SUL;VAREJO;2027-02-01;487,73;SANTA CATARINA 01|01 - TUBOS ELETRODUTOS KRONA|VAREJO|FEV27
01 - TUBOS ELETRODUTOS KRONA;SANTA CATARINA 01;SUL;VAREJO;2027-03-01;429,29;SANTA CATARINA 01|01 - TUBOS ELETRODUTOS KRONA|VAREJO|MAR27
01 - TUBOS ELETRODUTOS KRONA;SANTA CATARINA 01;SUL;VAREJO;2027-04-01;399,42;SANTA CATARINA 01|01 - TUBOS ELETRODUTOS KRONA|VAREJO|ABR27
01 - TUBOS ELETRODUTOS KRONA;SANTA CATARINA 01;SUL;VAREJO;2027-05-01;422,19;SANTA CATARINA 01|01 - TUBOS ELETRODUTOS KRONA|VAREJO|MAI27
01 - TUBOS ELETRODUTOS KRONA;SANTA CATARINA 01;SUL;VAREJO;2027-06-01;482,05;SANTA CATARINA 01|01 - TUBOS ELETRODUTOS KRONA|VAREJO|JUN27
01 - TUBOS ELETRODUTOS KRONA;SANTA CATARINA 01;SUL;VAREJO;2027-07-01;493,16;SANTA CATARINA 01|01 - TUBOS ELETRODUTOS KRONA|VAREJO|JUL27
01 - TUBOS ELETRODUTOS KRONA;SANTA CATARINA 01;SUL;VAREJO;2027-08-01;360,16;SANTA CATARINA 01|01 - TUBOS ELETRODUTOS KRONA|VAREJO|AGO27
01 - TUBOS ELETRODUTOS KRONA;SANTA CATARINA 01;SUL;VAREJO;2027-09-01;494,98;SANTA CATARINA 01|01 - TUBOS ELETRODUTOS KRONA|VAREJO|SET27
01 - TUBOS ELETRODUTOS KRONA;SANTA CATARINA 01;SUL;VAREJO;2027-10-01;356,05;SANTA CATARINA 01|01 - TUBOS ELETRODUTOS KRONA|VAREJO|OUT27
01 - TUBOS ELETRODUTOS KRONA;SANTA CATARINA 01;SUL;VAREJO;2027-11-01;481,92;SANTA CATARINA 01|01 - TUBOS ELETRODUTOS KRONA|VAREJO|NOV27
01 - TUBOS ELETRODUTOS KRONA;SANTA CATARINA 01;SUL;VAREJO;2027-12-01;411,68;SANTA CATARINA 01|01 - TUBOS ELETRODUTOS KRONA|VAREJO|DEZ27
01 - TUBOS ELETRODUTOS KRONA;SANTA CATARINA 02;SUL;ATACADO;2027-01-01;238,44;SANTA CATARINA 02|01 - TUBOS ELETRODUTOS KRONA|ATACADO|JAN27
01 - TUBOS ELETRODUTOS KRONA;SANTA CATARINA 02;SUL;ATACADO;2027-02-01;182,90;SANTA CATARINA 02|01 - TUBOS ELETRODUTOS KRONA|ATACADO|FEV27
01 - TUBOS ELETRODUTOS KRONA;SANTA CATARINA 02;SUL;ATACADO;2027-03-01;179,25;SANTA CATARINA 02|01 - TUBOS ELETRODUTOS KRONA|ATACADO|MAR27
01 - TUBOS ELETRODUTOS KRONA;SANTA CATARINA 02;SUL;ATACADO;2027-04-01;191,85;SANTA CATARINA 02|01 - TUBOS ELETRODUTOS KRONA|ATACADO|ABR27
01 - TUBOS ELETRODUTOS KRONA;SANTA CATARINA 02;SUL;ATACADO;2027-05-01;177,91;SANTA CATARINA 02|01 - TUBOS ELETRODUTOS KRONA|ATACADO|MAI27
01 - TUBOS ELETRODUTOS KRONA;SANTA CATARINA 02;SUL;ATACADO;2027-06-01;188,27;SANTA CATARINA 02|01 - TUBOS ELETRODUTOS KRONA|ATACADO|JUN27
01 - TUBOS ELETRODUTOS KRONA;SANTA CATARINA 02;SUL;ATACADO;2027-07-01;217,28;SANTA CATARINA 02|01 - TUBOS ELETRODUTOS KRONA|ATACADO|JUL27
01 - TUBOS ELETRODUTOS KRONA;SANTA CATARINA 02;SUL;ATACADO;2027-08-01;182,80;SANTA CATARINA 02|01 - TUBOS ELETRODUTOS KRONA|ATACADO|AGO27
01 - TUBOS ELETRODUTOS KRONA;SANTA CATARINA 02;SUL;ATACADO;2027-09-01;210,61;SANTA CATARINA 02|01 - TUBOS ELETRODUTOS KRONA|ATACADO|SET27
01 - TUBOS ELETRODUTOS KRONA;SANTA CATARINA 02;SUL;ATACADO;2027-10-01;197,13;SANTA CATARINA 02|01 - TUBOS ELETRODUTOS KRONA|ATACADO|OUT27
01 - TUBOS ELETRODUTOS KRONA;SANTA CATARINA 02;SUL;ATACADO;2027-11-01;257,06;SANTA CATARINA 02|01 - TUBOS ELETRODUTOS KRONA|ATACADO|NOV27
01 - TUBOS ELETRODUTOS KRONA;SANTA CATARINA 02;SUL;ATACADO;2027-12-01;221,68;SANTA CATARINA 02|01 - TUBOS ELETRODUTOS KRONA|ATACADO|DEZ27
01 - TUBOS ELETRODUTOS KRONA;SANTA CATARINA 02;SUL;VAREJO;2027-01-01;562,54;SANTA CATARINA 02|01 - TUBOS ELETRODUTOS KRONA|VAREJO|JAN27
01 - TUBOS ELETRODUTOS KRONA;SANTA CATARINA 02;SUL;VAREJO;2027-02-01;441,76;SANTA CATARINA 02|01 - TUBOS ELETRODUTOS KRONA|VAREJO|FEV27
01 - TUBOS ELETRODUTOS KRONA;SANTA CATARINA 02;SUL;VAREJO;2027-03-01;433,84;SANTA CATARINA 02|01 - TUBOS ELETRODUTOS KRONA|VAREJO|MAR27
01 - TUBOS ELETRODUTOS KRONA;SANTA CATARINA 02;SUL;VAREJO;2027-04-01;456,66;SANTA CATARINA 02|01 - TUBOS ELETRODUTOS KRONA|VAREJO|ABR27
01 - TUBOS ELETRODUTOS KRONA;SANTA CATARINA 02;SUL;VAREJO;2027-05-01;427,41;SANTA CATARINA 02|01 - TUBOS ELETRODUTOS KRONA|VAREJO|MAI27
01 - TUBOS ELETRODUTOS KRONA;SANTA CATARINA 02;SUL;VAREJO;2027-06-01;459,89;SANTA CATARINA 02|01 - TUBOS ELETRODUTOS KRONA|VAREJO|JUN27
01 - TUBOS ELETRODUTOS KRONA;SANTA CATARINA 02;SUL;VAREJO;2027-07-01;547,76;SANTA CATARINA 02|01 - TUBOS ELETRODUTOS KRONA|VAREJO|JUL27
01 - TUBOS ELETRODUTOS KRONA;SANTA CATARINA 02;SUL;VAREJO;2027-08-01;464,56;SANTA CATARINA 02|01 - TUBOS ELETRODUTOS KRONA|VAREJO|AGO27
01 - TUBOS ELETRODUTOS KRONA;SANTA CATARINA 02;SUL;VAREJO;2027-09-01;539,65;SANTA CATARINA 02|01 - TUBOS ELETRODUTOS KRONA|VAREJO|SET27
01 - TUBOS ELETRODUTOS KRONA;SANTA CATARINA 02;SUL;VAREJO;2027-10-01;509,55;SANTA CATARINA 02|01 - TUBOS ELETRODUTOS KRONA|VAREJO|OUT27
01 - TUBOS ELETRODUTOS KRONA;SANTA CATARINA 02;SUL;VAREJO;2027-11-01;632,07;SANTA CATARINA 02|01 - TUBOS ELETRODUTOS KRONA|VAREJO|NOV27
01 - TUBOS ELETRODUTOS KRONA;SANTA CATARINA 02;SUL;VAREJO;2027-12-01;570,82;SANTA CATARINA 02|01 - TUBOS ELETRODUTOS KRONA|VAREJO|DEZ27
01 - TUBOS ELETRODUTOS KRONA;SAO PAULO CAPITAL;SP;ATACADO;2027-01-01;5,57;SAO PAULO CAPITAL|01 - TUBOS ELETRODUTOS KRONA|ATACADO|JAN27
01 - TUBOS ELETRODUTOS KRONA;SAO PAULO CAPITAL;SP;ATACADO;2027-02-01;9,00;SAO PAULO CAPITAL|01 - TUBOS ELETRODUTOS KRONA|ATACADO|FEV27
01 - TUBOS ELETRODUTOS KRONA;SAO PAULO CAPITAL;SP;ATACADO;2027-03-01;10,50;SAO PAULO CAPITAL|01 - TUBOS ELETRODUTOS KRONA|ATACADO|MAR27
01 - TUBOS ELETRODUTOS KRONA;SAO PAULO CAPITAL;SP;ATACADO;2027-04-01;8,25;SAO PAULO CAPITAL|01 - TUBOS ELETRODUTOS KRONA|ATACADO|ABR27
01 - TUBOS ELETRODUTOS KRONA;SAO PAULO CAPITAL;SP;ATACADO;2027-05-01;8,28;SAO PAULO CAPITAL|01 - TUBOS ELETRODUTOS KRONA|ATACADO|MAI27
01 - TUBOS ELETRODUTOS KRONA;SAO PAULO CAPITAL;SP;ATACADO;2027-06-01;8,02;SAO PAULO CAPITAL|01 - TUBOS ELETRODUTOS KRONA|ATACADO|JUN27
01 - TUBOS ELETRODUTOS KRONA;SAO PAULO CAPITAL;SP;ATACADO;2027-07-01;8,72;SAO PAULO CAPITAL|01 - TUBOS ELETRODUTOS KRONA|ATACADO|JUL27
01 - TUBOS ELETRODUTOS KRONA;SAO PAULO CAPITAL;SP;ATACADO;2027-08-01;8,14;SAO PAULO CAPITAL|01 - TUBOS ELETRODUTOS KRONA|ATACADO|AGO27
01 - TUBOS ELETRODUTOS KRONA;SAO PAULO CAPITAL;SP;ATACADO;2027-09-01;10,71;SAO PAULO CAPITAL|01 - TUBOS ELETRODUTOS KRONA|ATACADO|SET27
01 - TUBOS ELETRODUTOS KRONA;SAO PAULO CAPITAL;SP;ATACADO;2027-10-01;7,31;SAO PAULO CAPITAL|01 - TUBOS ELETRODUTOS KRONA|ATACADO|OUT27
01 - TUBOS ELETRODUTOS KRONA;SAO PAULO CAPITAL;SP;ATACADO;2027-11-01;7,36;SAO PAULO CAPITAL|01 - TUBOS ELETRODUTOS KRONA|ATACADO|NOV27
01 - TUBOS ELETRODUTOS KRONA;SAO PAULO CAPITAL;SP;ATACADO;2027-12-01;5,93;SAO PAULO CAPITAL|01 - TUBOS ELETRODUTOS KRONA|ATACADO|DEZ27
01 - TUBOS ELETRODUTOS KRONA;SAO PAULO CAPITAL;SP;OUTROS;2027-01-01;39,39;SAO PAULO CAPITAL|01 - TUBOS ELETRODUTOS KRONA|OUTROS|JAN27
01 - TUBOS ELETRODUTOS KRONA;SAO PAULO CAPITAL;SP;OUTROS;2027-02-01;40,01;SAO PAULO CAPITAL|01 - TUBOS ELETRODUTOS KRONA|OUTROS|FEV27
01 - TUBOS ELETRODUTOS KRONA;SAO PAULO CAPITAL;SP;OUTROS;2027-03-01;40,63;SAO PAULO CAPITAL|01 - TUBOS ELETRODUTOS KRONA|OUTROS|MAR27
01 - TUBOS ELETRODUTOS KRONA;SAO PAULO CAPITAL;SP;OUTROS;2027-04-01;41,26;SAO PAULO CAPITAL|01 - TUBOS ELETRODUTOS KRONA|OUTROS|ABR27
01 - TUBOS ELETRODUTOS KRONA;SAO PAULO CAPITAL;SP;OUTROS;2027-05-01;41,88;SAO PAULO CAPITAL|01 - TUBOS ELETRODUTOS KRONA|OUTROS|MAI27
01 - TUBOS ELETRODUTOS KRONA;SAO PAULO CAPITAL;SP;OUTROS;2027-06-01;42,50;SAO PAULO CAPITAL|01 - TUBOS ELETRODUTOS KRONA|OUTROS|JUN27
01 - TUBOS ELETRODUTOS KRONA;SAO PAULO CAPITAL;SP;OUTROS;2027-07-01;43,12;SAO PAULO CAPITAL|01 - TUBOS ELETRODUTOS KRONA|OUTROS|JUL27
01 - TUBOS ELETRODUTOS KRONA;SAO PAULO CAPITAL;SP;OUTROS;2027-08-01;43,74;SAO PAULO CAPITAL|01 - TUBOS ELETRODUTOS KRONA|OUTROS|AGO27
01 - TUBOS ELETRODUTOS KRONA;SAO PAULO CAPITAL;SP;OUTROS;2027-09-01;44,36;SAO PAULO CAPITAL|01 - TUBOS ELETRODUTOS KRONA|OUTROS|SET27
01 - TUBOS ELETRODUTOS KRONA;SAO PAULO CAPITAL;SP;OUTROS;2027-10-01;44,97;SAO PAULO CAPITAL|01 - TUBOS ELETRODUTOS KRONA|OUTROS|OUT27
01 - TUBOS ELETRODUTOS KRONA;SAO PAULO CAPITAL;SP;OUTROS;2027-11-01;45,60;SAO PAULO CAPITAL|01 - TUBOS ELETRODUTOS KRONA|OUTROS|NOV27
01 - TUBOS ELETRODUTOS KRONA;SAO PAULO CAPITAL;SP;OUTROS;2027-12-01;46,22;SAO PAULO CAPITAL|01 - TUBOS ELETRODUTOS KRONA|OUTROS|DEZ27
01 - TUBOS ELETRODUTOS KRONA;SAO PAULO CAPITAL;SP;VAREJO;2027-01-01;379,69;SAO PAULO CAPITAL|01 - TUBOS ELETRODUTOS KRONA|VAREJO|JAN27
01 - TUBOS ELETRODUTOS KRONA;SAO PAULO CAPITAL;SP;VAREJO;2027-02-01;627,01;SAO PAULO CAPITAL|01 - TUBOS ELETRODUTOS KRONA|VAREJO|FEV27
01 - TUBOS ELETRODUTOS KRONA;SAO PAULO CAPITAL;SP;VAREJO;2027-03-01;711,74;SAO PAULO CAPITAL|01 - TUBOS ELETRODUTOS KRONA|VAREJO|MAR27
01 - TUBOS ELETRODUTOS KRONA;SAO PAULO CAPITAL;SP;VAREJO;2027-04-01;574,45;SAO PAULO CAPITAL|01 - TUBOS ELETRODUTOS KRONA|VAREJO|ABR27
01 - TUBOS ELETRODUTOS KRONA;SAO PAULO CAPITAL;SP;VAREJO;2027-05-01;571,73;SAO PAULO CAPITAL|01 - TUBOS ELETRODUTOS KRONA|VAREJO|MAI27
01 - TUBOS ELETRODUTOS KRONA;SAO PAULO CAPITAL;SP;VAREJO;2027-06-01;547,56;SAO PAULO CAPITAL|01 - TUBOS ELETRODUTOS KRONA|VAREJO|JUN27
01 - TUBOS ELETRODUTOS KRONA;SAO PAULO CAPITAL;SP;VAREJO;2027-07-01;583,83;SAO PAULO CAPITAL|01 - TUBOS ELETRODUTOS KRONA|VAREJO|JUL27
01 - TUBOS ELETRODUTOS KRONA;SAO PAULO CAPITAL;SP;VAREJO;2027-08-01;555,49;SAO PAULO CAPITAL|01 - TUBOS ELETRODUTOS KRONA|VAREJO|AGO27
01 - TUBOS ELETRODUTOS KRONA;SAO PAULO CAPITAL;SP;VAREJO;2027-09-01;696,07;SAO PAULO CAPITAL|01 - TUBOS ELETRODUTOS KRONA|VAREJO|SET27
01 - TUBOS ELETRODUTOS KRONA;SAO PAULO CAPITAL;SP;VAREJO;2027-10-01;495,77;SAO PAULO CAPITAL|01 - TUBOS ELETRODUTOS KRONA|VAREJO|OUT27
01 - TUBOS ELETRODUTOS KRONA;SAO PAULO CAPITAL;SP;VAREJO;2027-11-01;496,85;SAO PAULO CAPITAL|01 - TUBOS ELETRODUTOS KRONA|VAREJO|NOV27
01 - TUBOS ELETRODUTOS KRONA;SAO PAULO CAPITAL;SP;VAREJO;2027-12-01;428,96;SAO PAULO CAPITAL|01 - TUBOS ELETRODUTOS KRONA|VAREJO|DEZ27
01 - TUBOS ELETRODUTOS KRONA;SAO PAULO CAPITAL 2;SP;ATACADO;2027-01-01;162,36;SAO PAULO CAPITAL 2|01 - TUBOS ELETRODUTOS KRONA|ATACADO|JAN27
01 - TUBOS ELETRODUTOS KRONA;SAO PAULO CAPITAL 2;SP;ATACADO;2027-02-01;189,54;SAO PAULO CAPITAL 2|01 - TUBOS ELETRODUTOS KRONA|ATACADO|FEV27
01 - TUBOS ELETRODUTOS KRONA;SAO PAULO CAPITAL 2;SP;ATACADO;2027-03-01;189,54;SAO PAULO CAPITAL 2|01 - TUBOS ELETRODUTOS KRONA|ATACADO|MAR27
01 - TUBOS ELETRODUTOS KRONA;SAO PAULO CAPITAL 2;SP;ATACADO;2027-04-01;74,65;SAO PAULO CAPITAL 2|01 - TUBOS ELETRODUTOS KRONA|ATACADO|ABR27
01 - TUBOS ELETRODUTOS KRONA;SAO PAULO CAPITAL 2;SP;ATACADO;2027-05-01;16,29;SAO PAULO CAPITAL 2|01 - TUBOS ELETRODUTOS KRONA|ATACADO|MAI27
01 - TUBOS ELETRODUTOS KRONA;SAO PAULO CAPITAL 2;SP;ATACADO;2027-06-01;17,25;SAO PAULO CAPITAL 2|01 - TUBOS ELETRODUTOS KRONA|ATACADO|JUN27
01 - TUBOS ELETRODUTOS KRONA;SAO PAULO CAPITAL 2;SP;ATACADO;2027-07-01;17,25;SAO PAULO CAPITAL 2|01 - TUBOS ELETRODUTOS KRONA|ATACADO|JUL27
01 - TUBOS ELETRODUTOS KRONA;SAO PAULO CAPITAL 2;SP;ATACADO;2027-08-01;17,25;SAO PAULO CAPITAL 2|01 - TUBOS ELETRODUTOS KRONA|ATACADO|AGO27
01 - TUBOS ELETRODUTOS KRONA;SAO PAULO CAPITAL 2;SP;ATACADO;2027-09-01;17,25;SAO PAULO CAPITAL 2|01 - TUBOS ELETRODUTOS KRONA|ATACADO|SET27
01 - TUBOS ELETRODUTOS KRONA;SAO PAULO CAPITAL 2;SP;ATACADO;2027-10-01;42,19;SAO PAULO CAPITAL 2|01 - TUBOS ELETRODUTOS KRONA|ATACADO|OUT27
01 - TUBOS ELETRODUTOS KRONA;SAO PAULO CAPITAL 2;SP;ATACADO;2027-11-01;61,64;SAO PAULO CAPITAL 2|01 - TUBOS ELETRODUTOS KRONA|ATACADO|NOV27
01 - TUBOS ELETRODUTOS KRONA;SAO PAULO CAPITAL 2;SP;ATACADO;2027-12-01;27,64;SAO PAULO CAPITAL 2|01 - TUBOS ELETRODUTOS KRONA|ATACADO|DEZ27
01 - TUBOS ELETRODUTOS KRONA;SAO PAULO INTERIOR;SP;VAREJO;2027-01-01;186,56;SAO PAULO INTERIOR|01 - TUBOS ELETRODUTOS KRONA|VAREJO|JAN27
01 - TUBOS ELETRODUTOS KRONA;SAO PAULO INTERIOR;SP;VAREJO;2027-02-01;240,04;SAO PAULO INTERIOR|01 - TUBOS ELETRODUTOS KRONA|VAREJO|FEV27
01 - TUBOS ELETRODUTOS KRONA;SAO PAULO INTERIOR;SP;VAREJO;2027-03-01;243,24;SAO PAULO INTERIOR|01 - TUBOS ELETRODUTOS KRONA|VAREJO|MAR27
01 - TUBOS ELETRODUTOS KRONA;SAO PAULO INTERIOR;SP;VAREJO;2027-04-01;174,01;SAO PAULO INTERIOR|01 - TUBOS ELETRODUTOS KRONA|VAREJO|ABR27
01 - TUBOS ELETRODUTOS KRONA;SAO PAULO INTERIOR;SP;VAREJO;2027-05-01;170,39;SAO PAULO INTERIOR|01 - TUBOS ELETRODUTOS KRONA|VAREJO|MAI27
01 - TUBOS ELETRODUTOS KRONA;SAO PAULO INTERIOR;SP;VAREJO;2027-06-01;210,58;SAO PAULO INTERIOR|01 - TUBOS ELETRODUTOS KRONA|VAREJO|JUN27
01 - TUBOS ELETRODUTOS KRONA;SAO PAULO INTERIOR;SP;VAREJO;2027-07-01;153,29;SAO PAULO INTERIOR|01 - TUBOS ELETRODUTOS KRONA|VAREJO|JUL27
01 - TUBOS ELETRODUTOS KRONA;SAO PAULO INTERIOR;SP;VAREJO;2027-08-01;90,44;SAO PAULO INTERIOR|01 - TUBOS ELETRODUTOS KRONA|VAREJO|AGO27
01 - TUBOS ELETRODUTOS KRONA;SAO PAULO INTERIOR;SP;VAREJO;2027-09-01;143,00;SAO PAULO INTERIOR|01 - TUBOS ELETRODUTOS KRONA|VAREJO|SET27
01 - TUBOS ELETRODUTOS KRONA;SAO PAULO INTERIOR;SP;VAREJO;2027-10-01;236,17;SAO PAULO INTERIOR|01 - TUBOS ELETRODUTOS KRONA|VAREJO|OUT27
01 - TUBOS ELETRODUTOS KRONA;SAO PAULO INTERIOR;SP;VAREJO;2027-11-01;184,25;SAO PAULO INTERIOR|01 - TUBOS ELETRODUTOS KRONA|VAREJO|NOV27
01 - TUBOS ELETRODUTOS KRONA;SAO PAULO INTERIOR;SP;VAREJO;2027-12-01;103,43;SAO PAULO INTERIOR|01 - TUBOS ELETRODUTOS KRONA|VAREJO|DEZ27
01 - TUBOS ELETRODUTOS KRONA;TELEVENDAS;TELEVENDAS;ATACADO;2027-01-01;11,50;TELEVENDAS|01 - TUBOS ELETRODUTOS KRONA|ATACADO|JAN27
01 - TUBOS ELETRODUTOS KRONA;TELEVENDAS;TELEVENDAS;ATACADO;2027-02-01;11,42;TELEVENDAS|01 - TUBOS ELETRODUTOS KRONA|ATACADO|FEV27
01 - TUBOS ELETRODUTOS KRONA;TELEVENDAS;TELEVENDAS;ATACADO;2027-03-01;11,35;TELEVENDAS|01 - TUBOS ELETRODUTOS KRONA|ATACADO|MAR27
01 - TUBOS ELETRODUTOS KRONA;TELEVENDAS;TELEVENDAS;ATACADO;2027-04-01;11,27;TELEVENDAS|01 - TUBOS ELETRODUTOS KRONA|ATACADO|ABR27
01 - TUBOS ELETRODUTOS KRONA;TELEVENDAS;TELEVENDAS;ATACADO;2027-05-01;11,20;TELEVENDAS|01 - TUBOS ELETRODUTOS KRONA|ATACADO|MAI27
01 - TUBOS ELETRODUTOS KRONA;TELEVENDAS;TELEVENDAS;ATACADO;2027-06-01;11,12;TELEVENDAS|01 - TUBOS ELETRODUTOS KRONA|ATACADO|JUN27
01 - TUBOS ELETRODUTOS KRONA;TELEVENDAS;TELEVENDAS;ATACADO;2027-07-01;11,05;TELEVENDAS|01 - TUBOS ELETRODUTOS KRONA|ATACADO|JUL27
01 - TUBOS ELETRODUTOS KRONA;TELEVENDAS;TELEVENDAS;ATACADO;2027-08-01;10,98;TELEVENDAS|01 - TUBOS ELETRODUTOS KRONA|ATACADO|AGO27
01 - TUBOS ELETRODUTOS KRONA;TELEVENDAS;TELEVENDAS;ATACADO;2027-09-01;10,90;TELEVENDAS|01 - TUBOS ELETRODUTOS KRONA|ATACADO|SET27
01 - TUBOS ELETRODUTOS KRONA;TELEVENDAS;TELEVENDAS;ATACADO;2027-10-01;10,83;TELEVENDAS|01 - TUBOS ELETRODUTOS KRONA|ATACADO|OUT27
01 - TUBOS ELETRODUTOS KRONA;TELEVENDAS;TELEVENDAS;ATACADO;2027-11-01;10,75;TELEVENDAS|01 - TUBOS ELETRODUTOS KRONA|ATACADO|NOV27
01 - TUBOS ELETRODUTOS KRONA;TELEVENDAS;TELEVENDAS;ATACADO;2027-12-01;10,68;TELEVENDAS|01 - TUBOS ELETRODUTOS KRONA|ATACADO|DEZ27
01 - TUBOS ELETRODUTOS KRONA;TELEVENDAS;TELEVENDAS;IRRIGACAO;2027-01-01;1,92;TELEVENDAS|01 - TUBOS ELETRODUTOS KRONA|IRRIGACAO|JAN27
01 - TUBOS ELETRODUTOS KRONA;TELEVENDAS;TELEVENDAS;IRRIGACAO;2027-02-01;1,92;TELEVENDAS|01 - TUBOS ELETRODUTOS KRONA|IRRIGACAO|FEV27
01 - TUBOS ELETRODUTOS KRONA;TELEVENDAS;TELEVENDAS;IRRIGACAO;2027-03-01;1,77;TELEVENDAS|01 - TUBOS ELETRODUTOS KRONA|IRRIGACAO|MAR27
01 - TUBOS ELETRODUTOS KRONA;TELEVENDAS;TELEVENDAS;IRRIGACAO;2027-04-01;1,75;TELEVENDAS|01 - TUBOS ELETRODUTOS KRONA|IRRIGACAO|ABR27
01 - TUBOS ELETRODUTOS KRONA;TELEVENDAS;TELEVENDAS;IRRIGACAO;2027-05-01;1,73;TELEVENDAS|01 - TUBOS ELETRODUTOS KRONA|IRRIGACAO|MAI27
01 - TUBOS ELETRODUTOS KRONA;TELEVENDAS;TELEVENDAS;IRRIGACAO;2027-06-01;1,78;TELEVENDAS|01 - TUBOS ELETRODUTOS KRONA|IRRIGACAO|JUN27
01 - TUBOS ELETRODUTOS KRONA;TELEVENDAS;TELEVENDAS;IRRIGACAO;2027-07-01;1,72;TELEVENDAS|01 - TUBOS ELETRODUTOS KRONA|IRRIGACAO|JUL27
01 - TUBOS ELETRODUTOS KRONA;TELEVENDAS;TELEVENDAS;IRRIGACAO;2027-08-01;1,73;TELEVENDAS|01 - TUBOS ELETRODUTOS KRONA|IRRIGACAO|AGO27
01 - TUBOS ELETRODUTOS KRONA;TELEVENDAS;TELEVENDAS;IRRIGACAO;2027-09-01;1,72;TELEVENDAS|01 - TUBOS ELETRODUTOS KRONA|IRRIGACAO|SET27
01 - TUBOS ELETRODUTOS KRONA;TELEVENDAS;TELEVENDAS;IRRIGACAO;2027-10-01;1,69;TELEVENDAS|01 - TUBOS ELETRODUTOS KRONA|IRRIGACAO|OUT27
01 - TUBOS ELETRODUTOS KRONA;TELEVENDAS;TELEVENDAS;IRRIGACAO;2027-11-01;1,66;TELEVENDAS|01 - TUBOS ELETRODUTOS KRONA|IRRIGACAO|NOV27
01 - TUBOS ELETRODUTOS KRONA;TELEVENDAS;TELEVENDAS;IRRIGACAO;2027-12-01;1,68;TELEVENDAS|01 - TUBOS ELETRODUTOS KRONA|IRRIGACAO|DEZ27
01 - TUBOS ELETRODUTOS KRONA;TELEVENDAS;TELEVENDAS;OUTROS;2027-01-01;38,84;TELEVENDAS|01 - TUBOS ELETRODUTOS KRONA|OUTROS|JAN27
01 - TUBOS ELETRODUTOS KRONA;TELEVENDAS;TELEVENDAS;OUTROS;2027-02-01;38,40;TELEVENDAS|01 - TUBOS ELETRODUTOS KRONA|OUTROS|FEV27
01 - TUBOS ELETRODUTOS KRONA;TELEVENDAS;TELEVENDAS;OUTROS;2027-03-01;37,97;TELEVENDAS|01 - TUBOS ELETRODUTOS KRONA|OUTROS|MAR27
01 - TUBOS ELETRODUTOS KRONA;TELEVENDAS;TELEVENDAS;OUTROS;2027-04-01;37,54;TELEVENDAS|01 - TUBOS ELETRODUTOS KRONA|OUTROS|ABR27
01 - TUBOS ELETRODUTOS KRONA;TELEVENDAS;TELEVENDAS;OUTROS;2027-05-01;37,11;TELEVENDAS|01 - TUBOS ELETRODUTOS KRONA|OUTROS|MAI27
01 - TUBOS ELETRODUTOS KRONA;TELEVENDAS;TELEVENDAS;OUTROS;2027-06-01;36,68;TELEVENDAS|01 - TUBOS ELETRODUTOS KRONA|OUTROS|JUN27
01 - TUBOS ELETRODUTOS KRONA;TELEVENDAS;TELEVENDAS;OUTROS;2027-07-01;36,25;TELEVENDAS|01 - TUBOS ELETRODUTOS KRONA|OUTROS|JUL27
01 - TUBOS ELETRODUTOS KRONA;TELEVENDAS;TELEVENDAS;OUTROS;2027-08-01;35,82;TELEVENDAS|01 - TUBOS ELETRODUTOS KRONA|OUTROS|AGO27
01 - TUBOS ELETRODUTOS KRONA;TELEVENDAS;TELEVENDAS;OUTROS;2027-09-01;35,39;TELEVENDAS|01 - TUBOS ELETRODUTOS KRONA|OUTROS|SET27
01 - TUBOS ELETRODUTOS KRONA;TELEVENDAS;TELEVENDAS;OUTROS;2027-10-01;34,96;TELEVENDAS|01 - TUBOS ELETRODUTOS KRONA|OUTROS|OUT27
01 - TUBOS ELETRODUTOS KRONA;TELEVENDAS;TELEVENDAS;OUTROS;2027-11-01;34,53;TELEVENDAS|01 - TUBOS ELETRODUTOS KRONA|OUTROS|NOV27
01 - TUBOS ELETRODUTOS KRONA;TELEVENDAS;TELEVENDAS;OUTROS;2027-12-01;34,10;TELEVENDAS|01 - TUBOS ELETRODUTOS KRONA|OUTROS|DEZ27
01 - TUBOS ELETRODUTOS KRONA;TELEVENDAS;TELEVENDAS;VAREJO;2027-01-01;2060,56;TELEVENDAS|01 - TUBOS ELETRODUTOS KRONA|VAREJO|JAN27
01 - TUBOS ELETRODUTOS KRONA;TELEVENDAS;TELEVENDAS;VAREJO;2027-02-01;2025,42;TELEVENDAS|01 - TUBOS ELETRODUTOS KRONA|VAREJO|FEV27
01 - TUBOS ELETRODUTOS KRONA;TELEVENDAS;TELEVENDAS;VAREJO;2027-03-01;1925,98;TELEVENDAS|01 - TUBOS ELETRODUTOS KRONA|VAREJO|MAR27
01 - TUBOS ELETRODUTOS KRONA;TELEVENDAS;TELEVENDAS;VAREJO;2027-04-01;1927,81;TELEVENDAS|01 - TUBOS ELETRODUTOS KRONA|VAREJO|ABR27
01 - TUBOS ELETRODUTOS KRONA;TELEVENDAS;TELEVENDAS;VAREJO;2027-05-01;1917,54;TELEVENDAS|01 - TUBOS ELETRODUTOS KRONA|VAREJO|MAI27
01 - TUBOS ELETRODUTOS KRONA;TELEVENDAS;TELEVENDAS;VAREJO;2027-06-01;1932,99;TELEVENDAS|01 - TUBOS ELETRODUTOS KRONA|VAREJO|JUN27
01 - TUBOS ELETRODUTOS KRONA;TELEVENDAS;TELEVENDAS;VAREJO;2027-07-01;1881,28;TELEVENDAS|01 - TUBOS ELETRODUTOS KRONA|VAREJO|JUL27
01 - TUBOS ELETRODUTOS KRONA;TELEVENDAS;TELEVENDAS;VAREJO;2027-08-01;1867,97;TELEVENDAS|01 - TUBOS ELETRODUTOS KRONA|VAREJO|AGO27
01 - TUBOS ELETRODUTOS KRONA;TELEVENDAS;TELEVENDAS;VAREJO;2027-09-01;1993,01;TELEVENDAS|01 - TUBOS ELETRODUTOS KRONA|VAREJO|SET27
01 - TUBOS ELETRODUTOS KRONA;TELEVENDAS;TELEVENDAS;VAREJO;2027-10-01;1988,21;TELEVENDAS|01 - TUBOS ELETRODUTOS KRONA|VAREJO|OUT27
01 - TUBOS ELETRODUTOS KRONA;TELEVENDAS;TELEVENDAS;VAREJO;2027-11-01;1932,82;TELEVENDAS|01 - TUBOS ELETRODUTOS KRONA|VAREJO|NOV27
01 - TUBOS ELETRODUTOS KRONA;TELEVENDAS;TELEVENDAS;VAREJO;2027-12-01;1924,66;TELEVENDAS|01 - TUBOS ELETRODUTOS KRONA|VAREJO|DEZ27
02 - CONEXOES KRONA;CENTRO OESTE;CO NO;ATACADO;2027-01-01;86202,27;CENTRO OESTE|02 - CONEXOES KRONA|ATACADO|JAN27
02 - CONEXOES KRONA;CENTRO OESTE;CO NO;ATACADO;2027-02-01;112979,05;CENTRO OESTE|02 - CONEXOES KRONA|ATACADO|FEV27
02 - CONEXOES KRONA;CENTRO OESTE;CO NO;ATACADO;2027-03-01;108006,50;CENTRO OESTE|02 - CONEXOES KRONA|ATACADO|MAR27
02 - CONEXOES KRONA;CENTRO OESTE;CO NO;ATACADO;2027-04-01;114017,86;CENTRO OESTE|02 - CONEXOES KRONA|ATACADO|ABR27
02 - CONEXOES KRONA;CENTRO OESTE;CO NO;ATACADO;2027-05-01;93005,79;CENTRO OESTE|02 - CONEXOES KRONA|ATACADO|MAI27
02 - CONEXOES KRONA;CENTRO OESTE;CO NO;ATACADO;2027-06-01;118764,08;CENTRO OESTE|02 - CONEXOES KRONA|ATACADO|JUN27
02 - CONEXOES KRONA;CENTRO OESTE;CO NO;ATACADO;2027-07-01;115028,87;CENTRO OESTE|02 - CONEXOES KRONA|ATACADO|JUL27
02 - CONEXOES KRONA;CENTRO OESTE;CO NO;ATACADO;2027-08-01;94755,58;CENTRO OESTE|02 - CONEXOES KRONA|ATACADO|AGO27
02 - CONEXOES KRONA;CENTRO OESTE;CO NO;ATACADO;2027-09-01;104523,05;CENTRO OESTE|02 - CONEXOES KRONA|ATACADO|SET27
02 - CONEXOES KRONA;CENTRO OESTE;CO NO;ATACADO;2027-10-01;112799,07;CENTRO OESTE|02 - CONEXOES KRONA|ATACADO|OUT27
02 - CONEXOES KRONA;CENTRO OESTE;CO NO;ATACADO;2027-11-01;101128,01;CENTRO OESTE|02 - CONEXOES KRONA|ATACADO|NOV27
02 - CONEXOES KRONA;CENTRO OESTE;CO NO;ATACADO;2027-12-01;120859,55;CENTRO OESTE|02 - CONEXOES KRONA|ATACADO|DEZ27
02 - CONEXOES KRONA;CENTRO OESTE;CO NO;OUTROS;2027-01-01;196,46;CENTRO OESTE|02 - CONEXOES KRONA|OUTROS|JAN27
02 - CONEXOES KRONA;CENTRO OESTE;CO NO;OUTROS;2027-02-01;235,16;CENTRO OESTE|02 - CONEXOES KRONA|OUTROS|FEV27
02 - CONEXOES KRONA;CENTRO OESTE;CO NO;OUTROS;2027-03-01;238,92;CENTRO OESTE|02 - CONEXOES KRONA|OUTROS|MAR27
02 - CONEXOES KRONA;CENTRO OESTE;CO NO;OUTROS;2027-04-01;242,55;CENTRO OESTE|02 - CONEXOES KRONA|OUTROS|ABR27
02 - CONEXOES KRONA;CENTRO OESTE;CO NO;OUTROS;2027-05-01;219,71;CENTRO OESTE|02 - CONEXOES KRONA|OUTROS|MAI27
02 - CONEXOES KRONA;CENTRO OESTE;CO NO;OUTROS;2027-06-01;245,49;CENTRO OESTE|02 - CONEXOES KRONA|OUTROS|JUN27
02 - CONEXOES KRONA;CENTRO OESTE;CO NO;OUTROS;2027-07-01;236,12;CENTRO OESTE|02 - CONEXOES KRONA|OUTROS|JUL27
02 - CONEXOES KRONA;CENTRO OESTE;CO NO;OUTROS;2027-08-01;217,99;CENTRO OESTE|02 - CONEXOES KRONA|OUTROS|AGO27
02 - CONEXOES KRONA;CENTRO OESTE;CO NO;OUTROS;2027-09-01;231,39;CENTRO OESTE|02 - CONEXOES KRONA|OUTROS|SET27
02 - CONEXOES KRONA;CENTRO OESTE;CO NO;OUTROS;2027-10-01;237,43;CENTRO OESTE|02 - CONEXOES KRONA|OUTROS|OUT27
02 - CONEXOES KRONA;CENTRO OESTE;CO NO;OUTROS;2027-11-01;232,56;CENTRO OESTE|02 - CONEXOES KRONA|OUTROS|NOV27
02 - CONEXOES KRONA;CENTRO OESTE;CO NO;OUTROS;2027-12-01;266,48;CENTRO OESTE|02 - CONEXOES KRONA|OUTROS|DEZ27
02 - CONEXOES KRONA;CENTRO OESTE;CO NO;VAREJO;2027-01-01;39813,25;CENTRO OESTE|02 - CONEXOES KRONA|VAREJO|JAN27
02 - CONEXOES KRONA;CENTRO OESTE;CO NO;VAREJO;2027-02-01;53289,81;CENTRO OESTE|02 - CONEXOES KRONA|VAREJO|FEV27
02 - CONEXOES KRONA;CENTRO OESTE;CO NO;VAREJO;2027-03-01;51951,55;CENTRO OESTE|02 - CONEXOES KRONA|VAREJO|MAR27
02 - CONEXOES KRONA;CENTRO OESTE;CO NO;VAREJO;2027-04-01;54068,57;CENTRO OESTE|02 - CONEXOES KRONA|VAREJO|ABR27
02 - CONEXOES KRONA;CENTRO OESTE;CO NO;VAREJO;2027-05-01;44925,08;CENTRO OESTE|02 - CONEXOES KRONA|VAREJO|MAI27
02 - CONEXOES KRONA;CENTRO OESTE;CO NO;VAREJO;2027-06-01;55582,03;CENTRO OESTE|02 - CONEXOES KRONA|VAREJO|JUN27
02 - CONEXOES KRONA;CENTRO OESTE;CO NO;VAREJO;2027-07-01;54044,62;CENTRO OESTE|02 - CONEXOES KRONA|VAREJO|JUL27
02 - CONEXOES KRONA;CENTRO OESTE;CO NO;VAREJO;2027-08-01;45905,77;CENTRO OESTE|02 - CONEXOES KRONA|VAREJO|AGO27
02 - CONEXOES KRONA;CENTRO OESTE;CO NO;VAREJO;2027-09-01;49828,06;CENTRO OESTE|02 - CONEXOES KRONA|VAREJO|SET27
02 - CONEXOES KRONA;CENTRO OESTE;CO NO;VAREJO;2027-10-01;53471,55;CENTRO OESTE|02 - CONEXOES KRONA|VAREJO|OUT27
02 - CONEXOES KRONA;CENTRO OESTE;CO NO;VAREJO;2027-11-01;48860,43;CENTRO OESTE|02 - CONEXOES KRONA|VAREJO|NOV27
02 - CONEXOES KRONA;CENTRO OESTE;CO NO;VAREJO;2027-12-01;57836,86;CENTRO OESTE|02 - CONEXOES KRONA|VAREJO|DEZ27
02 - CONEXOES KRONA;CONSTR CENTRO OESTE;CONSTRUTORA;CONSTRUTORA;2027-01-01;38630,36;CONSTR CENTRO OESTE|02 - CONEXOES KRONA|CONSTRUTORA|JAN27
02 - CONEXOES KRONA;CONSTR CENTRO OESTE;CONSTRUTORA;CONSTRUTORA;2027-02-01;39548,38;CONSTR CENTRO OESTE|02 - CONEXOES KRONA|CONSTRUTORA|FEV27
02 - CONEXOES KRONA;CONSTR CENTRO OESTE;CONSTRUTORA;CONSTRUTORA;2027-03-01;39986,93;CONSTR CENTRO OESTE|02 - CONEXOES KRONA|CONSTRUTORA|MAR27
02 - CONEXOES KRONA;CONSTR CENTRO OESTE;CONSTRUTORA;CONSTRUTORA;2027-04-01;40105,20;CONSTR CENTRO OESTE|02 - CONEXOES KRONA|CONSTRUTORA|ABR27
02 - CONEXOES KRONA;CONSTR CENTRO OESTE;CONSTRUTORA;CONSTRUTORA;2027-05-01;36204,17;CONSTR CENTRO OESTE|02 - CONEXOES KRONA|CONSTRUTORA|MAI27
02 - CONEXOES KRONA;CONSTR CENTRO OESTE;CONSTRUTORA;CONSTRUTORA;2027-06-01;41512,82;CONSTR CENTRO OESTE|02 - CONEXOES KRONA|CONSTRUTORA|JUN27
02 - CONEXOES KRONA;CONSTR CENTRO OESTE;CONSTRUTORA;CONSTRUTORA;2027-07-01;38071,38;CONSTR CENTRO OESTE|02 - CONEXOES KRONA|CONSTRUTORA|JUL27
02 - CONEXOES KRONA;CONSTR CENTRO OESTE;CONSTRUTORA;CONSTRUTORA;2027-08-01;41403,82;CONSTR CENTRO OESTE|02 - CONEXOES KRONA|CONSTRUTORA|AGO27
02 - CONEXOES KRONA;CONSTR CENTRO OESTE;CONSTRUTORA;CONSTRUTORA;2027-09-01;41839,37;CONSTR CENTRO OESTE|02 - CONEXOES KRONA|CONSTRUTORA|SET27
02 - CONEXOES KRONA;CONSTR CENTRO OESTE;CONSTRUTORA;CONSTRUTORA;2027-10-01;43569,86;CONSTR CENTRO OESTE|02 - CONEXOES KRONA|CONSTRUTORA|OUT27
02 - CONEXOES KRONA;CONSTR CENTRO OESTE;CONSTRUTORA;CONSTRUTORA;2027-11-01;41493,52;CONSTR CENTRO OESTE|02 - CONEXOES KRONA|CONSTRUTORA|NOV27
02 - CONEXOES KRONA;CONSTR CENTRO OESTE;CONSTRUTORA;CONSTRUTORA;2027-12-01;43701,53;CONSTR CENTRO OESTE|02 - CONEXOES KRONA|CONSTRUTORA|DEZ27
02 - CONEXOES KRONA;CONSTR CENTRO OESTE;CONSTRUTORA;OUTROS;2027-01-01;68,43;CONSTR CENTRO OESTE|02 - CONEXOES KRONA|OUTROS|JAN27
02 - CONEXOES KRONA;CONSTR CENTRO OESTE;CONSTRUTORA;OUTROS;2027-02-01;38,69;CONSTR CENTRO OESTE|02 - CONEXOES KRONA|OUTROS|FEV27
02 - CONEXOES KRONA;CONSTR CENTRO OESTE;CONSTRUTORA;OUTROS;2027-03-01;38,22;CONSTR CENTRO OESTE|02 - CONEXOES KRONA|OUTROS|MAR27
02 - CONEXOES KRONA;CONSTR CENTRO OESTE;CONSTRUTORA;OUTROS;2027-04-01;38,44;CONSTR CENTRO OESTE|02 - CONEXOES KRONA|OUTROS|ABR27
02 - CONEXOES KRONA;CONSTR CENTRO OESTE;CONSTRUTORA;OUTROS;2027-05-01;56,27;CONSTR CENTRO OESTE|02 - CONEXOES KRONA|OUTROS|MAI27
02 - CONEXOES KRONA;CONSTR CENTRO OESTE;CONSTRUTORA;OUTROS;2027-06-01;49,90;CONSTR CENTRO OESTE|02 - CONEXOES KRONA|OUTROS|JUN27
02 - CONEXOES KRONA;CONSTR CENTRO OESTE;CONSTRUTORA;OUTROS;2027-07-01;45,64;CONSTR CENTRO OESTE|02 - CONEXOES KRONA|OUTROS|JUL27
02 - CONEXOES KRONA;CONSTR CENTRO OESTE;CONSTRUTORA;OUTROS;2027-08-01;53,82;CONSTR CENTRO OESTE|02 - CONEXOES KRONA|OUTROS|AGO27
02 - CONEXOES KRONA;CONSTR CENTRO OESTE;CONSTRUTORA;OUTROS;2027-09-01;54,19;CONSTR CENTRO OESTE|02 - CONEXOES KRONA|OUTROS|SET27
02 - CONEXOES KRONA;CONSTR CENTRO OESTE;CONSTRUTORA;OUTROS;2027-10-01;53,88;CONSTR CENTRO OESTE|02 - CONEXOES KRONA|OUTROS|OUT27
02 - CONEXOES KRONA;CONSTR CENTRO OESTE;CONSTRUTORA;OUTROS;2027-11-01;54,01;CONSTR CENTRO OESTE|02 - CONEXOES KRONA|OUTROS|NOV27
02 - CONEXOES KRONA;CONSTR CENTRO OESTE;CONSTRUTORA;OUTROS;2027-12-01;53,92;CONSTR CENTRO OESTE|02 - CONEXOES KRONA|OUTROS|DEZ27
02 - CONEXOES KRONA;CONSTR CENTRO OESTE;CONSTRUTORA;VAREJO;2027-01-01;8,15;CONSTR CENTRO OESTE|02 - CONEXOES KRONA|VAREJO|JAN27
02 - CONEXOES KRONA;CONSTR CENTRO OESTE;CONSTRUTORA;VAREJO;2027-02-01;5,99;CONSTR CENTRO OESTE|02 - CONEXOES KRONA|VAREJO|FEV27
02 - CONEXOES KRONA;CONSTR CENTRO OESTE;CONSTRUTORA;VAREJO;2027-03-01;5,38;CONSTR CENTRO OESTE|02 - CONEXOES KRONA|VAREJO|MAR27
02 - CONEXOES KRONA;CONSTR CENTRO OESTE;CONSTRUTORA;VAREJO;2027-04-01;6,51;CONSTR CENTRO OESTE|02 - CONEXOES KRONA|VAREJO|ABR27
02 - CONEXOES KRONA;CONSTR CENTRO OESTE;CONSTRUTORA;VAREJO;2027-05-01;5,39;CONSTR CENTRO OESTE|02 - CONEXOES KRONA|VAREJO|MAI27
02 - CONEXOES KRONA;CONSTR CENTRO OESTE;CONSTRUTORA;VAREJO;2027-06-01;7,34;CONSTR CENTRO OESTE|02 - CONEXOES KRONA|VAREJO|JUN27
02 - CONEXOES KRONA;CONSTR CENTRO OESTE;CONSTRUTORA;VAREJO;2027-07-01;5,64;CONSTR CENTRO OESTE|02 - CONEXOES KRONA|VAREJO|JUL27
02 - CONEXOES KRONA;CONSTR CENTRO OESTE;CONSTRUTORA;VAREJO;2027-08-01;4,82;CONSTR CENTRO OESTE|02 - CONEXOES KRONA|VAREJO|AGO27
02 - CONEXOES KRONA;CONSTR CENTRO OESTE;CONSTRUTORA;VAREJO;2027-09-01;5,90;CONSTR CENTRO OESTE|02 - CONEXOES KRONA|VAREJO|SET27
02 - CONEXOES KRONA;CONSTR CENTRO OESTE;CONSTRUTORA;VAREJO;2027-10-01;5,56;CONSTR CENTRO OESTE|02 - CONEXOES KRONA|VAREJO|OUT27
02 - CONEXOES KRONA;CONSTR CENTRO OESTE;CONSTRUTORA;VAREJO;2027-11-01;6,39;CONSTR CENTRO OESTE|02 - CONEXOES KRONA|VAREJO|NOV27
02 - CONEXOES KRONA;CONSTR CENTRO OESTE;CONSTRUTORA;VAREJO;2027-12-01;6,02;CONSTR CENTRO OESTE|02 - CONEXOES KRONA|VAREJO|DEZ27
02 - CONEXOES KRONA;CONSTR NORDESTE;CONSTRUTORA;CONSTRUTORA;2027-01-01;73013,78;CONSTR NORDESTE|02 - CONEXOES KRONA|CONSTRUTORA|JAN27
02 - CONEXOES KRONA;CONSTR NORDESTE;CONSTRUTORA;CONSTRUTORA;2027-02-01;76315,94;CONSTR NORDESTE|02 - CONEXOES KRONA|CONSTRUTORA|FEV27
02 - CONEXOES KRONA;CONSTR NORDESTE;CONSTRUTORA;CONSTRUTORA;2027-03-01;80654,53;CONSTR NORDESTE|02 - CONEXOES KRONA|CONSTRUTORA|MAR27
02 - CONEXOES KRONA;CONSTR NORDESTE;CONSTRUTORA;CONSTRUTORA;2027-04-01;80183,28;CONSTR NORDESTE|02 - CONEXOES KRONA|CONSTRUTORA|ABR27
02 - CONEXOES KRONA;CONSTR NORDESTE;CONSTRUTORA;CONSTRUTORA;2027-05-01;73062,90;CONSTR NORDESTE|02 - CONEXOES KRONA|CONSTRUTORA|MAI27
02 - CONEXOES KRONA;CONSTR NORDESTE;CONSTRUTORA;CONSTRUTORA;2027-06-01;76265,63;CONSTR NORDESTE|02 - CONEXOES KRONA|CONSTRUTORA|JUN27
02 - CONEXOES KRONA;CONSTR NORDESTE;CONSTRUTORA;CONSTRUTORA;2027-07-01;75807,27;CONSTR NORDESTE|02 - CONEXOES KRONA|CONSTRUTORA|JUL27
02 - CONEXOES KRONA;CONSTR NORDESTE;CONSTRUTORA;CONSTRUTORA;2027-08-01;76725,87;CONSTR NORDESTE|02 - CONEXOES KRONA|CONSTRUTORA|AGO27
02 - CONEXOES KRONA;CONSTR NORDESTE;CONSTRUTORA;CONSTRUTORA;2027-09-01;75336,70;CONSTR NORDESTE|02 - CONEXOES KRONA|CONSTRUTORA|SET27
02 - CONEXOES KRONA;CONSTR NORDESTE;CONSTRUTORA;CONSTRUTORA;2027-10-01;77332,81;CONSTR NORDESTE|02 - CONEXOES KRONA|CONSTRUTORA|OUT27
02 - CONEXOES KRONA;CONSTR NORDESTE;CONSTRUTORA;CONSTRUTORA;2027-11-01;78068,36;CONSTR NORDESTE|02 - CONEXOES KRONA|CONSTRUTORA|NOV27
02 - CONEXOES KRONA;CONSTR NORDESTE;CONSTRUTORA;CONSTRUTORA;2027-12-01;79274,27;CONSTR NORDESTE|02 - CONEXOES KRONA|CONSTRUTORA|DEZ27
02 - CONEXOES KRONA;CONSTR NORDESTE;CONSTRUTORA;OUTROS;2027-01-01;19,69;CONSTR NORDESTE|02 - CONEXOES KRONA|OUTROS|JAN27
02 - CONEXOES KRONA;CONSTR NORDESTE;CONSTRUTORA;OUTROS;2027-02-01;18,40;CONSTR NORDESTE|02 - CONEXOES KRONA|OUTROS|FEV27
02 - CONEXOES KRONA;CONSTR NORDESTE;CONSTRUTORA;OUTROS;2027-03-01;18,62;CONSTR NORDESTE|02 - CONEXOES KRONA|OUTROS|MAR27
02 - CONEXOES KRONA;CONSTR NORDESTE;CONSTRUTORA;OUTROS;2027-04-01;19,15;CONSTR NORDESTE|02 - CONEXOES KRONA|OUTROS|ABR27
02 - CONEXOES KRONA;CONSTR NORDESTE;CONSTRUTORA;OUTROS;2027-05-01;16,41;CONSTR NORDESTE|02 - CONEXOES KRONA|OUTROS|MAI27
02 - CONEXOES KRONA;CONSTR NORDESTE;CONSTRUTORA;OUTROS;2027-06-01;17,62;CONSTR NORDESTE|02 - CONEXOES KRONA|OUTROS|JUN27
02 - CONEXOES KRONA;CONSTR NORDESTE;CONSTRUTORA;OUTROS;2027-07-01;17,60;CONSTR NORDESTE|02 - CONEXOES KRONA|OUTROS|JUL27
02 - CONEXOES KRONA;CONSTR NORDESTE;CONSTRUTORA;OUTROS;2027-08-01;17,69;CONSTR NORDESTE|02 - CONEXOES KRONA|OUTROS|AGO27
02 - CONEXOES KRONA;CONSTR NORDESTE;CONSTRUTORA;OUTROS;2027-09-01;17,20;CONSTR NORDESTE|02 - CONEXOES KRONA|OUTROS|SET27
02 - CONEXOES KRONA;CONSTR NORDESTE;CONSTRUTORA;OUTROS;2027-10-01;18,44;CONSTR NORDESTE|02 - CONEXOES KRONA|OUTROS|OUT27
02 - CONEXOES KRONA;CONSTR NORDESTE;CONSTRUTORA;OUTROS;2027-11-01;20,19;CONSTR NORDESTE|02 - CONEXOES KRONA|OUTROS|NOV27
02 - CONEXOES KRONA;CONSTR NORDESTE;CONSTRUTORA;OUTROS;2027-12-01;20,35;CONSTR NORDESTE|02 - CONEXOES KRONA|OUTROS|DEZ27
02 - CONEXOES KRONA;CONSTR NORTE;CONSTRUTORA;CONSTRUTORA;2027-01-01;2935,88;CONSTR NORTE|02 - CONEXOES KRONA|CONSTRUTORA|JAN27
02 - CONEXOES KRONA;CONSTR NORTE;CONSTRUTORA;CONSTRUTORA;2027-02-01;2995,28;CONSTR NORTE|02 - CONEXOES KRONA|CONSTRUTORA|FEV27
02 - CONEXOES KRONA;CONSTR NORTE;CONSTRUTORA;CONSTRUTORA;2027-03-01;2876,94;CONSTR NORTE|02 - CONEXOES KRONA|CONSTRUTORA|MAR27
02 - CONEXOES KRONA;CONSTR NORTE;CONSTRUTORA;CONSTRUTORA;2027-04-01;2716,22;CONSTR NORTE|02 - CONEXOES KRONA|CONSTRUTORA|ABR27
02 - CONEXOES KRONA;CONSTR NORTE;CONSTRUTORA;CONSTRUTORA;2027-05-01;2774,06;CONSTR NORTE|02 - CONEXOES KRONA|CONSTRUTORA|MAI27
02 - CONEXOES KRONA;CONSTR NORTE;CONSTRUTORA;CONSTRUTORA;2027-06-01;3215,26;CONSTR NORTE|02 - CONEXOES KRONA|CONSTRUTORA|JUN27
02 - CONEXOES KRONA;CONSTR NORTE;CONSTRUTORA;CONSTRUTORA;2027-07-01;2764,22;CONSTR NORTE|02 - CONEXOES KRONA|CONSTRUTORA|JUL27
02 - CONEXOES KRONA;CONSTR NORTE;CONSTRUTORA;CONSTRUTORA;2027-08-01;2264,46;CONSTR NORTE|02 - CONEXOES KRONA|CONSTRUTORA|AGO27
02 - CONEXOES KRONA;CONSTR NORTE;CONSTRUTORA;CONSTRUTORA;2027-09-01;2306,09;CONSTR NORTE|02 - CONEXOES KRONA|CONSTRUTORA|SET27
02 - CONEXOES KRONA;CONSTR NORTE;CONSTRUTORA;CONSTRUTORA;2027-10-01;2277,08;CONSTR NORTE|02 - CONEXOES KRONA|CONSTRUTORA|OUT27
02 - CONEXOES KRONA;CONSTR NORTE;CONSTRUTORA;CONSTRUTORA;2027-11-01;2102,30;CONSTR NORTE|02 - CONEXOES KRONA|CONSTRUTORA|NOV27
02 - CONEXOES KRONA;CONSTR NORTE;CONSTRUTORA;CONSTRUTORA;2027-12-01;2275,43;CONSTR NORTE|02 - CONEXOES KRONA|CONSTRUTORA|DEZ27
02 - CONEXOES KRONA;CONSTR SAO PAULO;CONSTRUTORA;CONSTRUTORA;2027-01-01;25068,89;CONSTR SAO PAULO|02 - CONEXOES KRONA|CONSTRUTORA|JAN27
02 - CONEXOES KRONA;CONSTR SAO PAULO;CONSTRUTORA;CONSTRUTORA;2027-02-01;28773,71;CONSTR SAO PAULO|02 - CONEXOES KRONA|CONSTRUTORA|FEV27
02 - CONEXOES KRONA;CONSTR SAO PAULO;CONSTRUTORA;CONSTRUTORA;2027-03-01;26939,55;CONSTR SAO PAULO|02 - CONEXOES KRONA|CONSTRUTORA|MAR27
02 - CONEXOES KRONA;CONSTR SAO PAULO;CONSTRUTORA;CONSTRUTORA;2027-04-01;28844,14;CONSTR SAO PAULO|02 - CONEXOES KRONA|CONSTRUTORA|ABR27
02 - CONEXOES KRONA;CONSTR SAO PAULO;CONSTRUTORA;CONSTRUTORA;2027-05-01;25625,39;CONSTR SAO PAULO|02 - CONEXOES KRONA|CONSTRUTORA|MAI27
02 - CONEXOES KRONA;CONSTR SAO PAULO;CONSTRUTORA;CONSTRUTORA;2027-06-01;28750,21;CONSTR SAO PAULO|02 - CONEXOES KRONA|CONSTRUTORA|JUN27
02 - CONEXOES KRONA;CONSTR SAO PAULO;CONSTRUTORA;CONSTRUTORA;2027-07-01;26821,19;CONSTR SAO PAULO|02 - CONEXOES KRONA|CONSTRUTORA|JUL27
02 - CONEXOES KRONA;CONSTR SAO PAULO;CONSTRUTORA;CONSTRUTORA;2027-08-01;28605,80;CONSTR SAO PAULO|02 - CONEXOES KRONA|CONSTRUTORA|AGO27
02 - CONEXOES KRONA;CONSTR SAO PAULO;CONSTRUTORA;CONSTRUTORA;2027-09-01;27626,49;CONSTR SAO PAULO|02 - CONEXOES KRONA|CONSTRUTORA|SET27
02 - CONEXOES KRONA;CONSTR SAO PAULO;CONSTRUTORA;CONSTRUTORA;2027-10-01;29715,86;CONSTR SAO PAULO|02 - CONEXOES KRONA|CONSTRUTORA|OUT27
02 - CONEXOES KRONA;CONSTR SAO PAULO;CONSTRUTORA;CONSTRUTORA;2027-11-01;27869,59;CONSTR SAO PAULO|02 - CONEXOES KRONA|CONSTRUTORA|NOV27
02 - CONEXOES KRONA;CONSTR SAO PAULO;CONSTRUTORA;CONSTRUTORA;2027-12-01;32561,76;CONSTR SAO PAULO|02 - CONEXOES KRONA|CONSTRUTORA|DEZ27
02 - CONEXOES KRONA;CONSTR SAO PAULO;CONSTRUTORA;OUTROS;2027-01-01;13,69;CONSTR SAO PAULO|02 - CONEXOES KRONA|OUTROS|JAN27
02 - CONEXOES KRONA;CONSTR SAO PAULO;CONSTRUTORA;OUTROS;2027-02-01;14,08;CONSTR SAO PAULO|02 - CONEXOES KRONA|OUTROS|FEV27
02 - CONEXOES KRONA;CONSTR SAO PAULO;CONSTRUTORA;OUTROS;2027-03-01;13,22;CONSTR SAO PAULO|02 - CONEXOES KRONA|OUTROS|MAR27
02 - CONEXOES KRONA;CONSTR SAO PAULO;CONSTRUTORA;OUTROS;2027-04-01;14,83;CONSTR SAO PAULO|02 - CONEXOES KRONA|OUTROS|ABR27
02 - CONEXOES KRONA;CONSTR SAO PAULO;CONSTRUTORA;OUTROS;2027-05-01;12,81;CONSTR SAO PAULO|02 - CONEXOES KRONA|OUTROS|MAI27
02 - CONEXOES KRONA;CONSTR SAO PAULO;CONSTRUTORA;OUTROS;2027-06-01;13,22;CONSTR SAO PAULO|02 - CONEXOES KRONA|OUTROS|JUN27
02 - CONEXOES KRONA;CONSTR SAO PAULO;CONSTRUTORA;OUTROS;2027-07-01;12,17;CONSTR SAO PAULO|02 - CONEXOES KRONA|OUTROS|JUL27
02 - CONEXOES KRONA;CONSTR SAO PAULO;CONSTRUTORA;OUTROS;2027-08-01;13,17;CONSTR SAO PAULO|02 - CONEXOES KRONA|OUTROS|AGO27
02 - CONEXOES KRONA;CONSTR SAO PAULO;CONSTRUTORA;OUTROS;2027-09-01;12,87;CONSTR SAO PAULO|02 - CONEXOES KRONA|OUTROS|SET27
02 - CONEXOES KRONA;CONSTR SAO PAULO;CONSTRUTORA;OUTROS;2027-10-01;12,95;CONSTR SAO PAULO|02 - CONEXOES KRONA|OUTROS|OUT27
02 - CONEXOES KRONA;CONSTR SAO PAULO;CONSTRUTORA;OUTROS;2027-11-01;12,64;CONSTR SAO PAULO|02 - CONEXOES KRONA|OUTROS|NOV27
02 - CONEXOES KRONA;CONSTR SAO PAULO;CONSTRUTORA;OUTROS;2027-12-01;13,16;CONSTR SAO PAULO|02 - CONEXOES KRONA|OUTROS|DEZ27
02 - CONEXOES KRONA;CONSTR SAO PAULO;CONSTRUTORA;VAREJO;2027-01-01;3,44;CONSTR SAO PAULO|02 - CONEXOES KRONA|VAREJO|JAN27
02 - CONEXOES KRONA;CONSTR SAO PAULO;CONSTRUTORA;VAREJO;2027-02-01;4,70;CONSTR SAO PAULO|02 - CONEXOES KRONA|VAREJO|FEV27
02 - CONEXOES KRONA;CONSTR SAO PAULO;CONSTRUTORA;VAREJO;2027-03-01;3,96;CONSTR SAO PAULO|02 - CONEXOES KRONA|VAREJO|MAR27
02 - CONEXOES KRONA;CONSTR SAO PAULO;CONSTRUTORA;VAREJO;2027-04-01;4,03;CONSTR SAO PAULO|02 - CONEXOES KRONA|VAREJO|ABR27
02 - CONEXOES KRONA;CONSTR SAO PAULO;CONSTRUTORA;VAREJO;2027-05-01;3,45;CONSTR SAO PAULO|02 - CONEXOES KRONA|VAREJO|MAI27
02 - CONEXOES KRONA;CONSTR SAO PAULO;CONSTRUTORA;VAREJO;2027-06-01;4,07;CONSTR SAO PAULO|02 - CONEXOES KRONA|VAREJO|JUN27
02 - CONEXOES KRONA;CONSTR SAO PAULO;CONSTRUTORA;VAREJO;2027-07-01;3,87;CONSTR SAO PAULO|02 - CONEXOES KRONA|VAREJO|JUL27
02 - CONEXOES KRONA;CONSTR SAO PAULO;CONSTRUTORA;VAREJO;2027-08-01;4,12;CONSTR SAO PAULO|02 - CONEXOES KRONA|VAREJO|AGO27
02 - CONEXOES KRONA;CONSTR SAO PAULO;CONSTRUTORA;VAREJO;2027-09-01;4,05;CONSTR SAO PAULO|02 - CONEXOES KRONA|VAREJO|SET27
02 - CONEXOES KRONA;CONSTR SAO PAULO;CONSTRUTORA;VAREJO;2027-10-01;3,81;CONSTR SAO PAULO|02 - CONEXOES KRONA|VAREJO|OUT27
02 - CONEXOES KRONA;CONSTR SAO PAULO;CONSTRUTORA;VAREJO;2027-11-01;3,95;CONSTR SAO PAULO|02 - CONEXOES KRONA|VAREJO|NOV27
02 - CONEXOES KRONA;CONSTR SAO PAULO;CONSTRUTORA;VAREJO;2027-12-01;4,18;CONSTR SAO PAULO|02 - CONEXOES KRONA|VAREJO|DEZ27
02 - CONEXOES KRONA;CONSTR SUDESTE;CONSTRUTORA;CONSTRUTORA;2027-01-01;11284,31;CONSTR SUDESTE|02 - CONEXOES KRONA|CONSTRUTORA|JAN27
02 - CONEXOES KRONA;CONSTR SUDESTE;CONSTRUTORA;CONSTRUTORA;2027-02-01;13283,82;CONSTR SUDESTE|02 - CONEXOES KRONA|CONSTRUTORA|FEV27
02 - CONEXOES KRONA;CONSTR SUDESTE;CONSTRUTORA;CONSTRUTORA;2027-03-01;12788,14;CONSTR SUDESTE|02 - CONEXOES KRONA|CONSTRUTORA|MAR27
02 - CONEXOES KRONA;CONSTR SUDESTE;CONSTRUTORA;CONSTRUTORA;2027-04-01;13661,21;CONSTR SUDESTE|02 - CONEXOES KRONA|CONSTRUTORA|ABR27
02 - CONEXOES KRONA;CONSTR SUDESTE;CONSTRUTORA;CONSTRUTORA;2027-05-01;11889,77;CONSTR SUDESTE|02 - CONEXOES KRONA|CONSTRUTORA|MAI27
02 - CONEXOES KRONA;CONSTR SUDESTE;CONSTRUTORA;CONSTRUTORA;2027-06-01;12346,64;CONSTR SUDESTE|02 - CONEXOES KRONA|CONSTRUTORA|JUN27
02 - CONEXOES KRONA;CONSTR SUDESTE;CONSTRUTORA;CONSTRUTORA;2027-07-01;12515,85;CONSTR SUDESTE|02 - CONEXOES KRONA|CONSTRUTORA|JUL27
02 - CONEXOES KRONA;CONSTR SUDESTE;CONSTRUTORA;CONSTRUTORA;2027-08-01;11099,74;CONSTR SUDESTE|02 - CONEXOES KRONA|CONSTRUTORA|AGO27
02 - CONEXOES KRONA;CONSTR SUDESTE;CONSTRUTORA;CONSTRUTORA;2027-09-01;11057,93;CONSTR SUDESTE|02 - CONEXOES KRONA|CONSTRUTORA|SET27
02 - CONEXOES KRONA;CONSTR SUDESTE;CONSTRUTORA;CONSTRUTORA;2027-10-01;13552,14;CONSTR SUDESTE|02 - CONEXOES KRONA|CONSTRUTORA|OUT27
02 - CONEXOES KRONA;CONSTR SUDESTE;CONSTRUTORA;CONSTRUTORA;2027-11-01;10657,74;CONSTR SUDESTE|02 - CONEXOES KRONA|CONSTRUTORA|NOV27
02 - CONEXOES KRONA;CONSTR SUDESTE;CONSTRUTORA;CONSTRUTORA;2027-12-01;11644,44;CONSTR SUDESTE|02 - CONEXOES KRONA|CONSTRUTORA|DEZ27
02 - CONEXOES KRONA;CONSTR SUL;CONSTRUTORA;CONSTRUTORA;2027-01-01;49297,51;CONSTR SUL|02 - CONEXOES KRONA|CONSTRUTORA|JAN27
02 - CONEXOES KRONA;CONSTR SUL;CONSTRUTORA;CONSTRUTORA;2027-02-01;49183,60;CONSTR SUL|02 - CONEXOES KRONA|CONSTRUTORA|FEV27
02 - CONEXOES KRONA;CONSTR SUL;CONSTRUTORA;CONSTRUTORA;2027-03-01;50188,07;CONSTR SUL|02 - CONEXOES KRONA|CONSTRUTORA|MAR27
02 - CONEXOES KRONA;CONSTR SUL;CONSTRUTORA;CONSTRUTORA;2027-04-01;51234,38;CONSTR SUL|02 - CONEXOES KRONA|CONSTRUTORA|ABR27
02 - CONEXOES KRONA;CONSTR SUL;CONSTRUTORA;CONSTRUTORA;2027-05-01;46490,62;CONSTR SUL|02 - CONEXOES KRONA|CONSTRUTORA|MAI27
02 - CONEXOES KRONA;CONSTR SUL;CONSTRUTORA;CONSTRUTORA;2027-06-01;48647,57;CONSTR SUL|02 - CONEXOES KRONA|CONSTRUTORA|JUN27
02 - CONEXOES KRONA;CONSTR SUL;CONSTRUTORA;CONSTRUTORA;2027-07-01;50237,29;CONSTR SUL|02 - CONEXOES KRONA|CONSTRUTORA|JUL27
02 - CONEXOES KRONA;CONSTR SUL;CONSTRUTORA;CONSTRUTORA;2027-08-01;50360,15;CONSTR SUL|02 - CONEXOES KRONA|CONSTRUTORA|AGO27
02 - CONEXOES KRONA;CONSTR SUL;CONSTRUTORA;CONSTRUTORA;2027-09-01;49128,37;CONSTR SUL|02 - CONEXOES KRONA|CONSTRUTORA|SET27
02 - CONEXOES KRONA;CONSTR SUL;CONSTRUTORA;CONSTRUTORA;2027-10-01;49935,52;CONSTR SUL|02 - CONEXOES KRONA|CONSTRUTORA|OUT27
02 - CONEXOES KRONA;CONSTR SUL;CONSTRUTORA;CONSTRUTORA;2027-11-01;50532,92;CONSTR SUL|02 - CONEXOES KRONA|CONSTRUTORA|NOV27
02 - CONEXOES KRONA;CONSTR SUL;CONSTRUTORA;CONSTRUTORA;2027-12-01;50009,11;CONSTR SUL|02 - CONEXOES KRONA|CONSTRUTORA|DEZ27
02 - CONEXOES KRONA;CONSTR SUL;CONSTRUTORA;OUTROS;2027-01-01;7,14;CONSTR SUL|02 - CONEXOES KRONA|OUTROS|JAN27
02 - CONEXOES KRONA;CONSTR SUL;CONSTRUTORA;OUTROS;2027-02-01;5,16;CONSTR SUL|02 - CONEXOES KRONA|OUTROS|FEV27
02 - CONEXOES KRONA;CONSTR SUL;CONSTRUTORA;OUTROS;2027-03-01;6,34;CONSTR SUL|02 - CONEXOES KRONA|OUTROS|MAR27
02 - CONEXOES KRONA;CONSTR SUL;CONSTRUTORA;OUTROS;2027-04-01;5,30;CONSTR SUL|02 - CONEXOES KRONA|OUTROS|ABR27
02 - CONEXOES KRONA;CONSTR SUL;CONSTRUTORA;OUTROS;2027-05-01;4,03;CONSTR SUL|02 - CONEXOES KRONA|OUTROS|MAI27
02 - CONEXOES KRONA;CONSTR SUL;CONSTRUTORA;OUTROS;2027-06-01;5,43;CONSTR SUL|02 - CONEXOES KRONA|OUTROS|JUN27
02 - CONEXOES KRONA;CONSTR SUL;CONSTRUTORA;OUTROS;2027-07-01;5,34;CONSTR SUL|02 - CONEXOES KRONA|OUTROS|JUL27
02 - CONEXOES KRONA;CONSTR SUL;CONSTRUTORA;OUTROS;2027-08-01;5,66;CONSTR SUL|02 - CONEXOES KRONA|OUTROS|AGO27
02 - CONEXOES KRONA;CONSTR SUL;CONSTRUTORA;OUTROS;2027-09-01;5,25;CONSTR SUL|02 - CONEXOES KRONA|OUTROS|SET27
02 - CONEXOES KRONA;CONSTR SUL;CONSTRUTORA;OUTROS;2027-10-01;5,44;CONSTR SUL|02 - CONEXOES KRONA|OUTROS|OUT27
02 - CONEXOES KRONA;CONSTR SUL;CONSTRUTORA;OUTROS;2027-11-01;6,03;CONSTR SUL|02 - CONEXOES KRONA|OUTROS|NOV27
02 - CONEXOES KRONA;CONSTR SUL;CONSTRUTORA;OUTROS;2027-12-01;6,41;CONSTR SUL|02 - CONEXOES KRONA|OUTROS|DEZ27
02 - CONEXOES KRONA;CONSTR SUL;CONSTRUTORA;VAREJO;2027-01-01;1,30;CONSTR SUL|02 - CONEXOES KRONA|VAREJO|JAN27
02 - CONEXOES KRONA;CONSTR SUL;CONSTRUTORA;VAREJO;2027-02-01;1,33;CONSTR SUL|02 - CONEXOES KRONA|VAREJO|FEV27
02 - CONEXOES KRONA;CONSTR SUL;CONSTRUTORA;VAREJO;2027-03-01;1,33;CONSTR SUL|02 - CONEXOES KRONA|VAREJO|MAR27
02 - CONEXOES KRONA;CONSTR SUL;CONSTRUTORA;VAREJO;2027-04-01;1,32;CONSTR SUL|02 - CONEXOES KRONA|VAREJO|ABR27
02 - CONEXOES KRONA;CONSTR SUL;CONSTRUTORA;VAREJO;2027-05-01;1,35;CONSTR SUL|02 - CONEXOES KRONA|VAREJO|MAI27
02 - CONEXOES KRONA;CONSTR SUL;CONSTRUTORA;VAREJO;2027-06-01;1,19;CONSTR SUL|02 - CONEXOES KRONA|VAREJO|JUN27
02 - CONEXOES KRONA;CONSTR SUL;CONSTRUTORA;VAREJO;2027-07-01;1,34;CONSTR SUL|02 - CONEXOES KRONA|VAREJO|JUL27
02 - CONEXOES KRONA;CONSTR SUL;CONSTRUTORA;VAREJO;2027-08-01;1,22;CONSTR SUL|02 - CONEXOES KRONA|VAREJO|AGO27
02 - CONEXOES KRONA;CONSTR SUL;CONSTRUTORA;VAREJO;2027-09-01;1,22;CONSTR SUL|02 - CONEXOES KRONA|VAREJO|SET27
02 - CONEXOES KRONA;CONSTR SUL;CONSTRUTORA;VAREJO;2027-10-01;1,26;CONSTR SUL|02 - CONEXOES KRONA|VAREJO|OUT27
02 - CONEXOES KRONA;CONSTR SUL;CONSTRUTORA;VAREJO;2027-11-01;1,22;CONSTR SUL|02 - CONEXOES KRONA|VAREJO|NOV27
02 - CONEXOES KRONA;CONSTR SUL;CONSTRUTORA;VAREJO;2027-12-01;1,27;CONSTR SUL|02 - CONEXOES KRONA|VAREJO|DEZ27
02 - CONEXOES KRONA;EXPORTACAO;EXPORTACAO;EXPORTACAO;2027-01-01;39885,58;EXPORTACAO|02 - CONEXOES KRONA|EXPORTACAO|JAN27
02 - CONEXOES KRONA;EXPORTACAO;EXPORTACAO;EXPORTACAO;2027-02-01;36929,66;EXPORTACAO|02 - CONEXOES KRONA|EXPORTACAO|FEV27
02 - CONEXOES KRONA;EXPORTACAO;EXPORTACAO;EXPORTACAO;2027-03-01;44911,11;EXPORTACAO|02 - CONEXOES KRONA|EXPORTACAO|MAR27
02 - CONEXOES KRONA;EXPORTACAO;EXPORTACAO;EXPORTACAO;2027-04-01;39958,83;EXPORTACAO|02 - CONEXOES KRONA|EXPORTACAO|ABR27
02 - CONEXOES KRONA;EXPORTACAO;EXPORTACAO;EXPORTACAO;2027-05-01;41879,18;EXPORTACAO|02 - CONEXOES KRONA|EXPORTACAO|MAI27
02 - CONEXOES KRONA;EXPORTACAO;EXPORTACAO;EXPORTACAO;2027-06-01;39880,78;EXPORTACAO|02 - CONEXOES KRONA|EXPORTACAO|JUN27
02 - CONEXOES KRONA;EXPORTACAO;EXPORTACAO;EXPORTACAO;2027-07-01;41011,58;EXPORTACAO|02 - CONEXOES KRONA|EXPORTACAO|JUL27
02 - CONEXOES KRONA;EXPORTACAO;EXPORTACAO;EXPORTACAO;2027-08-01;35553,90;EXPORTACAO|02 - CONEXOES KRONA|EXPORTACAO|AGO27
02 - CONEXOES KRONA;EXPORTACAO;EXPORTACAO;EXPORTACAO;2027-09-01;38893,66;EXPORTACAO|02 - CONEXOES KRONA|EXPORTACAO|SET27
02 - CONEXOES KRONA;EXPORTACAO;EXPORTACAO;EXPORTACAO;2027-10-01;36930,85;EXPORTACAO|02 - CONEXOES KRONA|EXPORTACAO|OUT27
02 - CONEXOES KRONA;EXPORTACAO;EXPORTACAO;EXPORTACAO;2027-11-01;39276,15;EXPORTACAO|02 - CONEXOES KRONA|EXPORTACAO|NOV27
02 - CONEXOES KRONA;EXPORTACAO;EXPORTACAO;EXPORTACAO;2027-12-01;36021,87;EXPORTACAO|02 - CONEXOES KRONA|EXPORTACAO|DEZ27
02 - CONEXOES KRONA;EXPORTACAO;EXPORTACAO;VAREJO;2027-01-01;1856,06;EXPORTACAO|02 - CONEXOES KRONA|VAREJO|JAN27
02 - CONEXOES KRONA;EXPORTACAO;EXPORTACAO;VAREJO;2027-02-01;1831,00;EXPORTACAO|02 - CONEXOES KRONA|VAREJO|FEV27
02 - CONEXOES KRONA;EXPORTACAO;EXPORTACAO;VAREJO;2027-03-01;2028,77;EXPORTACAO|02 - CONEXOES KRONA|VAREJO|MAR27
02 - CONEXOES KRONA;EXPORTACAO;EXPORTACAO;VAREJO;2027-04-01;1929,30;EXPORTACAO|02 - CONEXOES KRONA|VAREJO|ABR27
02 - CONEXOES KRONA;EXPORTACAO;EXPORTACAO;VAREJO;2027-05-01;2001,52;EXPORTACAO|02 - CONEXOES KRONA|VAREJO|MAI27
02 - CONEXOES KRONA;EXPORTACAO;EXPORTACAO;VAREJO;2027-06-01;2011,08;EXPORTACAO|02 - CONEXOES KRONA|VAREJO|JUN27
02 - CONEXOES KRONA;EXPORTACAO;EXPORTACAO;VAREJO;2027-07-01;2092,10;EXPORTACAO|02 - CONEXOES KRONA|VAREJO|JUL27
02 - CONEXOES KRONA;EXPORTACAO;EXPORTACAO;VAREJO;2027-08-01;1755,40;EXPORTACAO|02 - CONEXOES KRONA|VAREJO|AGO27
02 - CONEXOES KRONA;EXPORTACAO;EXPORTACAO;VAREJO;2027-09-01;1841,91;EXPORTACAO|02 - CONEXOES KRONA|VAREJO|SET27
02 - CONEXOES KRONA;EXPORTACAO;EXPORTACAO;VAREJO;2027-10-01;1806,51;EXPORTACAO|02 - CONEXOES KRONA|VAREJO|OUT27
02 - CONEXOES KRONA;EXPORTACAO;EXPORTACAO;VAREJO;2027-11-01;1898,00;EXPORTACAO|02 - CONEXOES KRONA|VAREJO|NOV27
02 - CONEXOES KRONA;EXPORTACAO;EXPORTACAO;VAREJO;2027-12-01;1836,18;EXPORTACAO|02 - CONEXOES KRONA|VAREJO|DEZ27
02 - CONEXOES KRONA;IRRIGACAO 1;IRRIGACAO;IRRIGACAO;2027-01-01;4849,12;IRRIGACAO 1|02 - CONEXOES KRONA|IRRIGACAO|JAN27
02 - CONEXOES KRONA;IRRIGACAO 1;IRRIGACAO;IRRIGACAO;2027-02-01;4649,34;IRRIGACAO 1|02 - CONEXOES KRONA|IRRIGACAO|FEV27
02 - CONEXOES KRONA;IRRIGACAO 1;IRRIGACAO;IRRIGACAO;2027-03-01;4640,80;IRRIGACAO 1|02 - CONEXOES KRONA|IRRIGACAO|MAR27
02 - CONEXOES KRONA;IRRIGACAO 1;IRRIGACAO;IRRIGACAO;2027-04-01;4516,24;IRRIGACAO 1|02 - CONEXOES KRONA|IRRIGACAO|ABR27
02 - CONEXOES KRONA;IRRIGACAO 1;IRRIGACAO;IRRIGACAO;2027-05-01;4558,32;IRRIGACAO 1|02 - CONEXOES KRONA|IRRIGACAO|MAI27
02 - CONEXOES KRONA;IRRIGACAO 1;IRRIGACAO;IRRIGACAO;2027-06-01;4362,04;IRRIGACAO 1|02 - CONEXOES KRONA|IRRIGACAO|JUN27
02 - CONEXOES KRONA;IRRIGACAO 1;IRRIGACAO;IRRIGACAO;2027-07-01;4215,95;IRRIGACAO 1|02 - CONEXOES KRONA|IRRIGACAO|JUL27
02 - CONEXOES KRONA;IRRIGACAO 1;IRRIGACAO;IRRIGACAO;2027-08-01;4432,23;IRRIGACAO 1|02 - CONEXOES KRONA|IRRIGACAO|AGO27
02 - CONEXOES KRONA;IRRIGACAO 1;IRRIGACAO;IRRIGACAO;2027-09-01;4736,92;IRRIGACAO 1|02 - CONEXOES KRONA|IRRIGACAO|SET27
02 - CONEXOES KRONA;IRRIGACAO 1;IRRIGACAO;IRRIGACAO;2027-10-01;4598,78;IRRIGACAO 1|02 - CONEXOES KRONA|IRRIGACAO|OUT27
02 - CONEXOES KRONA;IRRIGACAO 1;IRRIGACAO;IRRIGACAO;2027-11-01;4565,79;IRRIGACAO 1|02 - CONEXOES KRONA|IRRIGACAO|NOV27
02 - CONEXOES KRONA;IRRIGACAO 1;IRRIGACAO;IRRIGACAO;2027-12-01;4375,15;IRRIGACAO 1|02 - CONEXOES KRONA|IRRIGACAO|DEZ27
02 - CONEXOES KRONA;IRRIGACAO 1;IRRIGACAO;VAREJO;2027-01-01;44,63;IRRIGACAO 1|02 - CONEXOES KRONA|VAREJO|JAN27
02 - CONEXOES KRONA;IRRIGACAO 1;IRRIGACAO;VAREJO;2027-02-01;46,77;IRRIGACAO 1|02 - CONEXOES KRONA|VAREJO|FEV27
02 - CONEXOES KRONA;IRRIGACAO 1;IRRIGACAO;VAREJO;2027-03-01;44,71;IRRIGACAO 1|02 - CONEXOES KRONA|VAREJO|MAR27
02 - CONEXOES KRONA;IRRIGACAO 1;IRRIGACAO;VAREJO;2027-04-01;41,72;IRRIGACAO 1|02 - CONEXOES KRONA|VAREJO|ABR27
02 - CONEXOES KRONA;IRRIGACAO 1;IRRIGACAO;VAREJO;2027-05-01;44,88;IRRIGACAO 1|02 - CONEXOES KRONA|VAREJO|MAI27
02 - CONEXOES KRONA;IRRIGACAO 1;IRRIGACAO;VAREJO;2027-06-01;43,62;IRRIGACAO 1|02 - CONEXOES KRONA|VAREJO|JUN27
02 - CONEXOES KRONA;IRRIGACAO 1;IRRIGACAO;VAREJO;2027-07-01;42,93;IRRIGACAO 1|02 - CONEXOES KRONA|VAREJO|JUL27
02 - CONEXOES KRONA;IRRIGACAO 1;IRRIGACAO;VAREJO;2027-08-01;40,80;IRRIGACAO 1|02 - CONEXOES KRONA|VAREJO|AGO27
02 - CONEXOES KRONA;IRRIGACAO 1;IRRIGACAO;VAREJO;2027-09-01;46,26;IRRIGACAO 1|02 - CONEXOES KRONA|VAREJO|SET27
02 - CONEXOES KRONA;IRRIGACAO 1;IRRIGACAO;VAREJO;2027-10-01;47,19;IRRIGACAO 1|02 - CONEXOES KRONA|VAREJO|OUT27
02 - CONEXOES KRONA;IRRIGACAO 1;IRRIGACAO;VAREJO;2027-11-01;42,54;IRRIGACAO 1|02 - CONEXOES KRONA|VAREJO|NOV27
02 - CONEXOES KRONA;IRRIGACAO 1;IRRIGACAO;VAREJO;2027-12-01;42,70;IRRIGACAO 1|02 - CONEXOES KRONA|VAREJO|DEZ27
02 - CONEXOES KRONA;IRRIGACAO 2;IRRIGACAO;IRRIGACAO;2027-01-01;3287,40;IRRIGACAO 2|02 - CONEXOES KRONA|IRRIGACAO|JAN27
02 - CONEXOES KRONA;IRRIGACAO 2;IRRIGACAO;IRRIGACAO;2027-02-01;3741,72;IRRIGACAO 2|02 - CONEXOES KRONA|IRRIGACAO|FEV27
02 - CONEXOES KRONA;IRRIGACAO 2;IRRIGACAO;IRRIGACAO;2027-03-01;3239,73;IRRIGACAO 2|02 - CONEXOES KRONA|IRRIGACAO|MAR27
02 - CONEXOES KRONA;IRRIGACAO 2;IRRIGACAO;IRRIGACAO;2027-04-01;3296,72;IRRIGACAO 2|02 - CONEXOES KRONA|IRRIGACAO|ABR27
02 - CONEXOES KRONA;IRRIGACAO 2;IRRIGACAO;IRRIGACAO;2027-05-01;3040,07;IRRIGACAO 2|02 - CONEXOES KRONA|IRRIGACAO|MAI27
02 - CONEXOES KRONA;IRRIGACAO 2;IRRIGACAO;IRRIGACAO;2027-06-01;3242,08;IRRIGACAO 2|02 - CONEXOES KRONA|IRRIGACAO|JUN27
02 - CONEXOES KRONA;IRRIGACAO 2;IRRIGACAO;IRRIGACAO;2027-07-01;3222,52;IRRIGACAO 2|02 - CONEXOES KRONA|IRRIGACAO|JUL27
02 - CONEXOES KRONA;IRRIGACAO 2;IRRIGACAO;IRRIGACAO;2027-08-01;3241,06;IRRIGACAO 2|02 - CONEXOES KRONA|IRRIGACAO|AGO27
02 - CONEXOES KRONA;IRRIGACAO 2;IRRIGACAO;IRRIGACAO;2027-09-01;3328,25;IRRIGACAO 2|02 - CONEXOES KRONA|IRRIGACAO|SET27
02 - CONEXOES KRONA;IRRIGACAO 2;IRRIGACAO;IRRIGACAO;2027-10-01;3559,44;IRRIGACAO 2|02 - CONEXOES KRONA|IRRIGACAO|OUT27
02 - CONEXOES KRONA;IRRIGACAO 2;IRRIGACAO;IRRIGACAO;2027-11-01;3356,40;IRRIGACAO 2|02 - CONEXOES KRONA|IRRIGACAO|NOV27
02 - CONEXOES KRONA;IRRIGACAO 2;IRRIGACAO;IRRIGACAO;2027-12-01;3339,51;IRRIGACAO 2|02 - CONEXOES KRONA|IRRIGACAO|DEZ27
02 - CONEXOES KRONA;IRRIGACAO 2;IRRIGACAO;VAREJO;2027-01-01;56,75;IRRIGACAO 2|02 - CONEXOES KRONA|VAREJO|JAN27
02 - CONEXOES KRONA;IRRIGACAO 2;IRRIGACAO;VAREJO;2027-02-01;60,71;IRRIGACAO 2|02 - CONEXOES KRONA|VAREJO|FEV27
02 - CONEXOES KRONA;IRRIGACAO 2;IRRIGACAO;VAREJO;2027-03-01;56,18;IRRIGACAO 2|02 - CONEXOES KRONA|VAREJO|MAR27
02 - CONEXOES KRONA;IRRIGACAO 2;IRRIGACAO;VAREJO;2027-04-01;57,33;IRRIGACAO 2|02 - CONEXOES KRONA|VAREJO|ABR27
02 - CONEXOES KRONA;IRRIGACAO 2;IRRIGACAO;VAREJO;2027-05-01;50,23;IRRIGACAO 2|02 - CONEXOES KRONA|VAREJO|MAI27
02 - CONEXOES KRONA;IRRIGACAO 2;IRRIGACAO;VAREJO;2027-06-01;53,13;IRRIGACAO 2|02 - CONEXOES KRONA|VAREJO|JUN27
02 - CONEXOES KRONA;IRRIGACAO 2;IRRIGACAO;VAREJO;2027-07-01;54,42;IRRIGACAO 2|02 - CONEXOES KRONA|VAREJO|JUL27
02 - CONEXOES KRONA;IRRIGACAO 2;IRRIGACAO;VAREJO;2027-08-01;53,03;IRRIGACAO 2|02 - CONEXOES KRONA|VAREJO|AGO27
02 - CONEXOES KRONA;IRRIGACAO 2;IRRIGACAO;VAREJO;2027-09-01;56,29;IRRIGACAO 2|02 - CONEXOES KRONA|VAREJO|SET27
02 - CONEXOES KRONA;IRRIGACAO 2;IRRIGACAO;VAREJO;2027-10-01;59,23;IRRIGACAO 2|02 - CONEXOES KRONA|VAREJO|OUT27
02 - CONEXOES KRONA;IRRIGACAO 2;IRRIGACAO;VAREJO;2027-11-01;56,24;IRRIGACAO 2|02 - CONEXOES KRONA|VAREJO|NOV27
02 - CONEXOES KRONA;IRRIGACAO 2;IRRIGACAO;VAREJO;2027-12-01;58,53;IRRIGACAO 2|02 - CONEXOES KRONA|VAREJO|DEZ27
02 - CONEXOES KRONA;MINAS GERAIS;MINAS RJ/ES;ATACADO;2027-01-01;188546,66;MINAS GERAIS|02 - CONEXOES KRONA|ATACADO|JAN27
02 - CONEXOES KRONA;MINAS GERAIS;MINAS RJ/ES;ATACADO;2027-02-01;191449,15;MINAS GERAIS|02 - CONEXOES KRONA|ATACADO|FEV27
02 - CONEXOES KRONA;MINAS GERAIS;MINAS RJ/ES;ATACADO;2027-03-01;205605,57;MINAS GERAIS|02 - CONEXOES KRONA|ATACADO|MAR27
02 - CONEXOES KRONA;MINAS GERAIS;MINAS RJ/ES;ATACADO;2027-04-01;201307,71;MINAS GERAIS|02 - CONEXOES KRONA|ATACADO|ABR27
02 - CONEXOES KRONA;MINAS GERAIS;MINAS RJ/ES;ATACADO;2027-05-01;150297,78;MINAS GERAIS|02 - CONEXOES KRONA|ATACADO|MAI27
02 - CONEXOES KRONA;MINAS GERAIS;MINAS RJ/ES;ATACADO;2027-06-01;190436,00;MINAS GERAIS|02 - CONEXOES KRONA|ATACADO|JUN27
02 - CONEXOES KRONA;MINAS GERAIS;MINAS RJ/ES;ATACADO;2027-07-01;185719,22;MINAS GERAIS|02 - CONEXOES KRONA|ATACADO|JUL27
02 - CONEXOES KRONA;MINAS GERAIS;MINAS RJ/ES;ATACADO;2027-08-01;190188,44;MINAS GERAIS|02 - CONEXOES KRONA|ATACADO|AGO27
02 - CONEXOES KRONA;MINAS GERAIS;MINAS RJ/ES;ATACADO;2027-09-01;201515,76;MINAS GERAIS|02 - CONEXOES KRONA|ATACADO|SET27
02 - CONEXOES KRONA;MINAS GERAIS;MINAS RJ/ES;ATACADO;2027-10-01;229411,08;MINAS GERAIS|02 - CONEXOES KRONA|ATACADO|OUT27
02 - CONEXOES KRONA;MINAS GERAIS;MINAS RJ/ES;ATACADO;2027-11-01;215831,03;MINAS GERAIS|02 - CONEXOES KRONA|ATACADO|NOV27
02 - CONEXOES KRONA;MINAS GERAIS;MINAS RJ/ES;ATACADO;2027-12-01;235177,35;MINAS GERAIS|02 - CONEXOES KRONA|ATACADO|DEZ27
02 - CONEXOES KRONA;MINAS GERAIS;MINAS RJ/ES;OUTROS;2027-01-01;179,11;MINAS GERAIS|02 - CONEXOES KRONA|OUTROS|JAN27
02 - CONEXOES KRONA;MINAS GERAIS;MINAS RJ/ES;OUTROS;2027-02-01;437,70;MINAS GERAIS|02 - CONEXOES KRONA|OUTROS|FEV27
02 - CONEXOES KRONA;MINAS GERAIS;MINAS RJ/ES;OUTROS;2027-03-01;442,60;MINAS GERAIS|02 - CONEXOES KRONA|OUTROS|MAR27
02 - CONEXOES KRONA;MINAS GERAIS;MINAS RJ/ES;OUTROS;2027-04-01;740,19;MINAS GERAIS|02 - CONEXOES KRONA|OUTROS|ABR27
02 - CONEXOES KRONA;MINAS GERAIS;MINAS RJ/ES;OUTROS;2027-05-01;332,43;MINAS GERAIS|02 - CONEXOES KRONA|OUTROS|MAI27
02 - CONEXOES KRONA;MINAS GERAIS;MINAS RJ/ES;OUTROS;2027-06-01;351,26;MINAS GERAIS|02 - CONEXOES KRONA|OUTROS|JUN27
02 - CONEXOES KRONA;MINAS GERAIS;MINAS RJ/ES;OUTROS;2027-07-01;345,57;MINAS GERAIS|02 - CONEXOES KRONA|OUTROS|JUL27
02 - CONEXOES KRONA;MINAS GERAIS;MINAS RJ/ES;OUTROS;2027-08-01;484,52;MINAS GERAIS|02 - CONEXOES KRONA|OUTROS|AGO27
02 - CONEXOES KRONA;MINAS GERAIS;MINAS RJ/ES;OUTROS;2027-09-01;493,36;MINAS GERAIS|02 - CONEXOES KRONA|OUTROS|SET27
02 - CONEXOES KRONA;MINAS GERAIS;MINAS RJ/ES;OUTROS;2027-10-01;515,46;MINAS GERAIS|02 - CONEXOES KRONA|OUTROS|OUT27
02 - CONEXOES KRONA;MINAS GERAIS;MINAS RJ/ES;OUTROS;2027-11-01;513,64;MINAS GERAIS|02 - CONEXOES KRONA|OUTROS|NOV27
02 - CONEXOES KRONA;MINAS GERAIS;MINAS RJ/ES;OUTROS;2027-12-01;535,84;MINAS GERAIS|02 - CONEXOES KRONA|OUTROS|DEZ27
02 - CONEXOES KRONA;MINAS GERAIS;MINAS RJ/ES;VAREJO;2027-01-01;47981,54;MINAS GERAIS|02 - CONEXOES KRONA|VAREJO|JAN27
02 - CONEXOES KRONA;MINAS GERAIS;MINAS RJ/ES;VAREJO;2027-02-01;49023,41;MINAS GERAIS|02 - CONEXOES KRONA|VAREJO|FEV27
02 - CONEXOES KRONA;MINAS GERAIS;MINAS RJ/ES;VAREJO;2027-03-01;52053,26;MINAS GERAIS|02 - CONEXOES KRONA|VAREJO|MAR27
02 - CONEXOES KRONA;MINAS GERAIS;MINAS RJ/ES;VAREJO;2027-04-01;52260,41;MINAS GERAIS|02 - CONEXOES KRONA|VAREJO|ABR27
02 - CONEXOES KRONA;MINAS GERAIS;MINAS RJ/ES;VAREJO;2027-05-01;39546,31;MINAS GERAIS|02 - CONEXOES KRONA|VAREJO|MAI27
02 - CONEXOES KRONA;MINAS GERAIS;MINAS RJ/ES;VAREJO;2027-06-01;48502,25;MINAS GERAIS|02 - CONEXOES KRONA|VAREJO|JUN27
02 - CONEXOES KRONA;MINAS GERAIS;MINAS RJ/ES;VAREJO;2027-07-01;47738,22;MINAS GERAIS|02 - CONEXOES KRONA|VAREJO|JUL27
02 - CONEXOES KRONA;MINAS GERAIS;MINAS RJ/ES;VAREJO;2027-08-01;48646,30;MINAS GERAIS|02 - CONEXOES KRONA|VAREJO|AGO27
02 - CONEXOES KRONA;MINAS GERAIS;MINAS RJ/ES;VAREJO;2027-09-01;51426,39;MINAS GERAIS|02 - CONEXOES KRONA|VAREJO|SET27
02 - CONEXOES KRONA;MINAS GERAIS;MINAS RJ/ES;VAREJO;2027-10-01;58397,54;MINAS GERAIS|02 - CONEXOES KRONA|VAREJO|OUT27
02 - CONEXOES KRONA;MINAS GERAIS;MINAS RJ/ES;VAREJO;2027-11-01;54951,66;MINAS GERAIS|02 - CONEXOES KRONA|VAREJO|NOV27
02 - CONEXOES KRONA;MINAS GERAIS;MINAS RJ/ES;VAREJO;2027-12-01;60626,90;MINAS GERAIS|02 - CONEXOES KRONA|VAREJO|DEZ27
02 - CONEXOES KRONA;NORDESTE 1;NORDESTE;ATACADO;2027-01-01;29837,06;NORDESTE 1|02 - CONEXOES KRONA|ATACADO|JAN27
02 - CONEXOES KRONA;NORDESTE 1;NORDESTE;ATACADO;2027-02-01;30808,16;NORDESTE 1|02 - CONEXOES KRONA|ATACADO|FEV27
02 - CONEXOES KRONA;NORDESTE 1;NORDESTE;ATACADO;2027-03-01;32023,82;NORDESTE 1|02 - CONEXOES KRONA|ATACADO|MAR27
02 - CONEXOES KRONA;NORDESTE 1;NORDESTE;ATACADO;2027-04-01;33216,77;NORDESTE 1|02 - CONEXOES KRONA|ATACADO|ABR27
02 - CONEXOES KRONA;NORDESTE 1;NORDESTE;ATACADO;2027-05-01;25611,25;NORDESTE 1|02 - CONEXOES KRONA|ATACADO|MAI27
02 - CONEXOES KRONA;NORDESTE 1;NORDESTE;ATACADO;2027-06-01;29627,95;NORDESTE 1|02 - CONEXOES KRONA|ATACADO|JUN27
02 - CONEXOES KRONA;NORDESTE 1;NORDESTE;ATACADO;2027-07-01;26129,98;NORDESTE 1|02 - CONEXOES KRONA|ATACADO|JUL27
02 - CONEXOES KRONA;NORDESTE 1;NORDESTE;ATACADO;2027-08-01;27455,86;NORDESTE 1|02 - CONEXOES KRONA|ATACADO|AGO27
02 - CONEXOES KRONA;NORDESTE 1;NORDESTE;ATACADO;2027-09-01;28021,39;NORDESTE 1|02 - CONEXOES KRONA|ATACADO|SET27
02 - CONEXOES KRONA;NORDESTE 1;NORDESTE;ATACADO;2027-10-01;31910,35;NORDESTE 1|02 - CONEXOES KRONA|ATACADO|OUT27
02 - CONEXOES KRONA;NORDESTE 1;NORDESTE;ATACADO;2027-11-01;33008,65;NORDESTE 1|02 - CONEXOES KRONA|ATACADO|NOV27
02 - CONEXOES KRONA;NORDESTE 1;NORDESTE;ATACADO;2027-12-01;38351,29;NORDESTE 1|02 - CONEXOES KRONA|ATACADO|DEZ27
02 - CONEXOES KRONA;NORDESTE 1;NORDESTE;OUTROS;2027-01-01;259,58;NORDESTE 1|02 - CONEXOES KRONA|OUTROS|JAN27
02 - CONEXOES KRONA;NORDESTE 1;NORDESTE;OUTROS;2027-02-01;253,46;NORDESTE 1|02 - CONEXOES KRONA|OUTROS|FEV27
02 - CONEXOES KRONA;NORDESTE 1;NORDESTE;OUTROS;2027-03-01;253,13;NORDESTE 1|02 - CONEXOES KRONA|OUTROS|MAR27
02 - CONEXOES KRONA;NORDESTE 1;NORDESTE;OUTROS;2027-04-01;254,24;NORDESTE 1|02 - CONEXOES KRONA|OUTROS|ABR27
02 - CONEXOES KRONA;NORDESTE 1;NORDESTE;OUTROS;2027-05-01;238,71;NORDESTE 1|02 - CONEXOES KRONA|OUTROS|MAI27
02 - CONEXOES KRONA;NORDESTE 1;NORDESTE;OUTROS;2027-06-01;246,22;NORDESTE 1|02 - CONEXOES KRONA|OUTROS|JUN27
02 - CONEXOES KRONA;NORDESTE 1;NORDESTE;OUTROS;2027-07-01;239,01;NORDESTE 1|02 - CONEXOES KRONA|OUTROS|JUL27
02 - CONEXOES KRONA;NORDESTE 1;NORDESTE;OUTROS;2027-08-01;240,15;NORDESTE 1|02 - CONEXOES KRONA|OUTROS|AGO27
02 - CONEXOES KRONA;NORDESTE 1;NORDESTE;OUTROS;2027-09-01;243,89;NORDESTE 1|02 - CONEXOES KRONA|OUTROS|SET27
02 - CONEXOES KRONA;NORDESTE 1;NORDESTE;OUTROS;2027-10-01;252,69;NORDESTE 1|02 - CONEXOES KRONA|OUTROS|OUT27
02 - CONEXOES KRONA;NORDESTE 1;NORDESTE;OUTROS;2027-11-01;258,97;NORDESTE 1|02 - CONEXOES KRONA|OUTROS|NOV27
02 - CONEXOES KRONA;NORDESTE 1;NORDESTE;OUTROS;2027-12-01;273,53;NORDESTE 1|02 - CONEXOES KRONA|OUTROS|DEZ27
02 - CONEXOES KRONA;NORDESTE 1;NORDESTE;VAREJO;2027-01-01;28205,50;NORDESTE 1|02 - CONEXOES KRONA|VAREJO|JAN27
02 - CONEXOES KRONA;NORDESTE 1;NORDESTE;VAREJO;2027-02-01;30069,82;NORDESTE 1|02 - CONEXOES KRONA|VAREJO|FEV27
02 - CONEXOES KRONA;NORDESTE 1;NORDESTE;VAREJO;2027-03-01;31108,34;NORDESTE 1|02 - CONEXOES KRONA|VAREJO|MAR27
02 - CONEXOES KRONA;NORDESTE 1;NORDESTE;VAREJO;2027-04-01;31701,94;NORDESTE 1|02 - CONEXOES KRONA|VAREJO|ABR27
02 - CONEXOES KRONA;NORDESTE 1;NORDESTE;VAREJO;2027-05-01;25799,68;NORDESTE 1|02 - CONEXOES KRONA|VAREJO|MAI27
02 - CONEXOES KRONA;NORDESTE 1;NORDESTE;VAREJO;2027-06-01;29379,84;NORDESTE 1|02 - CONEXOES KRONA|VAREJO|JUN27
02 - CONEXOES KRONA;NORDESTE 1;NORDESTE;VAREJO;2027-07-01;25848,45;NORDESTE 1|02 - CONEXOES KRONA|VAREJO|JUL27
02 - CONEXOES KRONA;NORDESTE 1;NORDESTE;VAREJO;2027-08-01;27340,67;NORDESTE 1|02 - CONEXOES KRONA|VAREJO|AGO27
02 - CONEXOES KRONA;NORDESTE 1;NORDESTE;VAREJO;2027-09-01;28383,66;NORDESTE 1|02 - CONEXOES KRONA|VAREJO|SET27
02 - CONEXOES KRONA;NORDESTE 1;NORDESTE;VAREJO;2027-10-01;30964,58;NORDESTE 1|02 - CONEXOES KRONA|VAREJO|OUT27
02 - CONEXOES KRONA;NORDESTE 1;NORDESTE;VAREJO;2027-11-01;32481,13;NORDESTE 1|02 - CONEXOES KRONA|VAREJO|NOV27
02 - CONEXOES KRONA;NORDESTE 1;NORDESTE;VAREJO;2027-12-01;37050,62;NORDESTE 1|02 - CONEXOES KRONA|VAREJO|DEZ27
02 - CONEXOES KRONA;NORDESTE 2;NORDESTE;ATACADO;2027-01-01;116936,80;NORDESTE 2|02 - CONEXOES KRONA|ATACADO|JAN27
02 - CONEXOES KRONA;NORDESTE 2;NORDESTE;ATACADO;2027-02-01;119235,71;NORDESTE 2|02 - CONEXOES KRONA|ATACADO|FEV27
02 - CONEXOES KRONA;NORDESTE 2;NORDESTE;ATACADO;2027-03-01;122099,66;NORDESTE 2|02 - CONEXOES KRONA|ATACADO|MAR27
02 - CONEXOES KRONA;NORDESTE 2;NORDESTE;ATACADO;2027-04-01;126185,46;NORDESTE 2|02 - CONEXOES KRONA|ATACADO|ABR27
02 - CONEXOES KRONA;NORDESTE 2;NORDESTE;ATACADO;2027-05-01;115041,32;NORDESTE 2|02 - CONEXOES KRONA|ATACADO|MAI27
02 - CONEXOES KRONA;NORDESTE 2;NORDESTE;ATACADO;2027-06-01;128536,47;NORDESTE 2|02 - CONEXOES KRONA|ATACADO|JUN27
02 - CONEXOES KRONA;NORDESTE 2;NORDESTE;ATACADO;2027-07-01;118728,07;NORDESTE 2|02 - CONEXOES KRONA|ATACADO|JUL27
02 - CONEXOES KRONA;NORDESTE 2;NORDESTE;ATACADO;2027-08-01;123962,41;NORDESTE 2|02 - CONEXOES KRONA|ATACADO|AGO27
02 - CONEXOES KRONA;NORDESTE 2;NORDESTE;ATACADO;2027-09-01;120106,14;NORDESTE 2|02 - CONEXOES KRONA|ATACADO|SET27
02 - CONEXOES KRONA;NORDESTE 2;NORDESTE;ATACADO;2027-10-01;125330,78;NORDESTE 2|02 - CONEXOES KRONA|ATACADO|OUT27
02 - CONEXOES KRONA;NORDESTE 2;NORDESTE;ATACADO;2027-11-01;123162,58;NORDESTE 2|02 - CONEXOES KRONA|ATACADO|NOV27
02 - CONEXOES KRONA;NORDESTE 2;NORDESTE;ATACADO;2027-12-01;126712,48;NORDESTE 2|02 - CONEXOES KRONA|ATACADO|DEZ27
02 - CONEXOES KRONA;NORDESTE 2;NORDESTE;OUTROS;2027-01-01;89,69;NORDESTE 2|02 - CONEXOES KRONA|OUTROS|JAN27
02 - CONEXOES KRONA;NORDESTE 2;NORDESTE;OUTROS;2027-02-01;87,08;NORDESTE 2|02 - CONEXOES KRONA|OUTROS|FEV27
02 - CONEXOES KRONA;NORDESTE 2;NORDESTE;OUTROS;2027-03-01;86,73;NORDESTE 2|02 - CONEXOES KRONA|OUTROS|MAR27
02 - CONEXOES KRONA;NORDESTE 2;NORDESTE;OUTROS;2027-04-01;94,74;NORDESTE 2|02 - CONEXOES KRONA|OUTROS|ABR27
02 - CONEXOES KRONA;NORDESTE 2;NORDESTE;OUTROS;2027-05-01;79,70;NORDESTE 2|02 - CONEXOES KRONA|OUTROS|MAI27
02 - CONEXOES KRONA;NORDESTE 2;NORDESTE;OUTROS;2027-06-01;94,78;NORDESTE 2|02 - CONEXOES KRONA|OUTROS|JUN27
02 - CONEXOES KRONA;NORDESTE 2;NORDESTE;OUTROS;2027-07-01;86,92;NORDESTE 2|02 - CONEXOES KRONA|OUTROS|JUL27
02 - CONEXOES KRONA;NORDESTE 2;NORDESTE;OUTROS;2027-08-01;102,79;NORDESTE 2|02 - CONEXOES KRONA|OUTROS|AGO27
02 - CONEXOES KRONA;NORDESTE 2;NORDESTE;OUTROS;2027-09-01;91,13;NORDESTE 2|02 - CONEXOES KRONA|OUTROS|SET27
02 - CONEXOES KRONA;NORDESTE 2;NORDESTE;OUTROS;2027-10-01;103,98;NORDESTE 2|02 - CONEXOES KRONA|OUTROS|OUT27
02 - CONEXOES KRONA;NORDESTE 2;NORDESTE;OUTROS;2027-11-01;93,67;NORDESTE 2|02 - CONEXOES KRONA|OUTROS|NOV27
02 - CONEXOES KRONA;NORDESTE 2;NORDESTE;OUTROS;2027-12-01;96,49;NORDESTE 2|02 - CONEXOES KRONA|OUTROS|DEZ27
02 - CONEXOES KRONA;NORDESTE 2;NORDESTE;VAREJO;2027-01-01;52921,07;NORDESTE 2|02 - CONEXOES KRONA|VAREJO|JAN27
02 - CONEXOES KRONA;NORDESTE 2;NORDESTE;VAREJO;2027-02-01;53740,11;NORDESTE 2|02 - CONEXOES KRONA|VAREJO|FEV27
02 - CONEXOES KRONA;NORDESTE 2;NORDESTE;VAREJO;2027-03-01;54942,56;NORDESTE 2|02 - CONEXOES KRONA|VAREJO|MAR27
02 - CONEXOES KRONA;NORDESTE 2;NORDESTE;VAREJO;2027-04-01;56401,88;NORDESTE 2|02 - CONEXOES KRONA|VAREJO|ABR27
02 - CONEXOES KRONA;NORDESTE 2;NORDESTE;VAREJO;2027-05-01;51797,47;NORDESTE 2|02 - CONEXOES KRONA|VAREJO|MAI27
02 - CONEXOES KRONA;NORDESTE 2;NORDESTE;VAREJO;2027-06-01;57334,92;NORDESTE 2|02 - CONEXOES KRONA|VAREJO|JUN27
02 - CONEXOES KRONA;NORDESTE 2;NORDESTE;VAREJO;2027-07-01;53465,88;NORDESTE 2|02 - CONEXOES KRONA|VAREJO|JUL27
02 - CONEXOES KRONA;NORDESTE 2;NORDESTE;VAREJO;2027-08-01;55948,24;NORDESTE 2|02 - CONEXOES KRONA|VAREJO|AGO27
02 - CONEXOES KRONA;NORDESTE 2;NORDESTE;VAREJO;2027-09-01;54375,09;NORDESTE 2|02 - CONEXOES KRONA|VAREJO|SET27
02 - CONEXOES KRONA;NORDESTE 2;NORDESTE;VAREJO;2027-10-01;56505,88;NORDESTE 2|02 - CONEXOES KRONA|VAREJO|OUT27
02 - CONEXOES KRONA;NORDESTE 2;NORDESTE;VAREJO;2027-11-01;55598,47;NORDESTE 2|02 - CONEXOES KRONA|VAREJO|NOV27
02 - CONEXOES KRONA;NORDESTE 2;NORDESTE;VAREJO;2027-12-01;57095,61;NORDESTE 2|02 - CONEXOES KRONA|VAREJO|DEZ27
02 - CONEXOES KRONA;NORDESTE 3;NORDESTE;ATACADO;2027-01-01;83456,94;NORDESTE 3|02 - CONEXOES KRONA|ATACADO|JAN27
02 - CONEXOES KRONA;NORDESTE 3;NORDESTE;ATACADO;2027-02-01;86084,18;NORDESTE 3|02 - CONEXOES KRONA|ATACADO|FEV27
02 - CONEXOES KRONA;NORDESTE 3;NORDESTE;ATACADO;2027-03-01;96172,98;NORDESTE 3|02 - CONEXOES KRONA|ATACADO|MAR27
02 - CONEXOES KRONA;NORDESTE 3;NORDESTE;ATACADO;2027-04-01;97668,19;NORDESTE 3|02 - CONEXOES KRONA|ATACADO|ABR27
02 - CONEXOES KRONA;NORDESTE 3;NORDESTE;ATACADO;2027-05-01;82674,45;NORDESTE 3|02 - CONEXOES KRONA|ATACADO|MAI27
02 - CONEXOES KRONA;NORDESTE 3;NORDESTE;ATACADO;2027-06-01;86441,30;NORDESTE 3|02 - CONEXOES KRONA|ATACADO|JUN27
02 - CONEXOES KRONA;NORDESTE 3;NORDESTE;ATACADO;2027-07-01;94483,77;NORDESTE 3|02 - CONEXOES KRONA|ATACADO|JUL27
02 - CONEXOES KRONA;NORDESTE 3;NORDESTE;ATACADO;2027-08-01;93218,99;NORDESTE 3|02 - CONEXOES KRONA|ATACADO|AGO27
02 - CONEXOES KRONA;NORDESTE 3;NORDESTE;ATACADO;2027-09-01;93829,72;NORDESTE 3|02 - CONEXOES KRONA|ATACADO|SET27
02 - CONEXOES KRONA;NORDESTE 3;NORDESTE;ATACADO;2027-10-01;94712,80;NORDESTE 3|02 - CONEXOES KRONA|ATACADO|OUT27
02 - CONEXOES KRONA;NORDESTE 3;NORDESTE;ATACADO;2027-11-01;94231,56;NORDESTE 3|02 - CONEXOES KRONA|ATACADO|NOV27
02 - CONEXOES KRONA;NORDESTE 3;NORDESTE;ATACADO;2027-12-01;98310,18;NORDESTE 3|02 - CONEXOES KRONA|ATACADO|DEZ27
02 - CONEXOES KRONA;NORDESTE 3;NORDESTE;OUTROS;2027-01-01;65,05;NORDESTE 3|02 - CONEXOES KRONA|OUTROS|JAN27
02 - CONEXOES KRONA;NORDESTE 3;NORDESTE;OUTROS;2027-02-01;65,10;NORDESTE 3|02 - CONEXOES KRONA|OUTROS|FEV27
02 - CONEXOES KRONA;NORDESTE 3;NORDESTE;OUTROS;2027-03-01;74,07;NORDESTE 3|02 - CONEXOES KRONA|OUTROS|MAR27
02 - CONEXOES KRONA;NORDESTE 3;NORDESTE;OUTROS;2027-04-01;78,31;NORDESTE 3|02 - CONEXOES KRONA|OUTROS|ABR27
02 - CONEXOES KRONA;NORDESTE 3;NORDESTE;OUTROS;2027-05-01;56,83;NORDESTE 3|02 - CONEXOES KRONA|OUTROS|MAI27
02 - CONEXOES KRONA;NORDESTE 3;NORDESTE;OUTROS;2027-06-01;63,91;NORDESTE 3|02 - CONEXOES KRONA|OUTROS|JUN27
02 - CONEXOES KRONA;NORDESTE 3;NORDESTE;OUTROS;2027-07-01;71,74;NORDESTE 3|02 - CONEXOES KRONA|OUTROS|JUL27
02 - CONEXOES KRONA;NORDESTE 3;NORDESTE;OUTROS;2027-08-01;70,55;NORDESTE 3|02 - CONEXOES KRONA|OUTROS|AGO27
02 - CONEXOES KRONA;NORDESTE 3;NORDESTE;OUTROS;2027-09-01;69,38;NORDESTE 3|02 - CONEXOES KRONA|OUTROS|SET27
02 - CONEXOES KRONA;NORDESTE 3;NORDESTE;OUTROS;2027-10-01;73,40;NORDESTE 3|02 - CONEXOES KRONA|OUTROS|OUT27
02 - CONEXOES KRONA;NORDESTE 3;NORDESTE;OUTROS;2027-11-01;72,30;NORDESTE 3|02 - CONEXOES KRONA|OUTROS|NOV27
02 - CONEXOES KRONA;NORDESTE 3;NORDESTE;OUTROS;2027-12-01;73,87;NORDESTE 3|02 - CONEXOES KRONA|OUTROS|DEZ27
02 - CONEXOES KRONA;NORDESTE 3;NORDESTE;VAREJO;2027-01-01;61934,74;NORDESTE 3|02 - CONEXOES KRONA|VAREJO|JAN27
02 - CONEXOES KRONA;NORDESTE 3;NORDESTE;VAREJO;2027-02-01;63711,49;NORDESTE 3|02 - CONEXOES KRONA|VAREJO|FEV27
02 - CONEXOES KRONA;NORDESTE 3;NORDESTE;VAREJO;2027-03-01;72324,53;NORDESTE 3|02 - CONEXOES KRONA|VAREJO|MAR27
02 - CONEXOES KRONA;NORDESTE 3;NORDESTE;VAREJO;2027-04-01;73899,77;NORDESTE 3|02 - CONEXOES KRONA|VAREJO|ABR27
02 - CONEXOES KRONA;NORDESTE 3;NORDESTE;VAREJO;2027-05-01;61993,72;NORDESTE 3|02 - CONEXOES KRONA|VAREJO|MAI27
02 - CONEXOES KRONA;NORDESTE 3;NORDESTE;VAREJO;2027-06-01;65064,32;NORDESTE 3|02 - CONEXOES KRONA|VAREJO|JUN27
02 - CONEXOES KRONA;NORDESTE 3;NORDESTE;VAREJO;2027-07-01;71248,27;NORDESTE 3|02 - CONEXOES KRONA|VAREJO|JUL27
02 - CONEXOES KRONA;NORDESTE 3;NORDESTE;VAREJO;2027-08-01;70146,22;NORDESTE 3|02 - CONEXOES KRONA|VAREJO|AGO27
02 - CONEXOES KRONA;NORDESTE 3;NORDESTE;VAREJO;2027-09-01;70631,67;NORDESTE 3|02 - CONEXOES KRONA|VAREJO|SET27
02 - CONEXOES KRONA;NORDESTE 3;NORDESTE;VAREJO;2027-10-01;71227,49;NORDESTE 3|02 - CONEXOES KRONA|VAREJO|OUT27
02 - CONEXOES KRONA;NORDESTE 3;NORDESTE;VAREJO;2027-11-01;71040,72;NORDESTE 3|02 - CONEXOES KRONA|VAREJO|NOV27
02 - CONEXOES KRONA;NORDESTE 3;NORDESTE;VAREJO;2027-12-01;74249,36;NORDESTE 3|02 - CONEXOES KRONA|VAREJO|DEZ27
02 - CONEXOES KRONA;NORTE;CO NO;ATACADO;2027-01-01;45391,19;NORTE|02 - CONEXOES KRONA|ATACADO|JAN27
02 - CONEXOES KRONA;NORTE;CO NO;ATACADO;2027-02-01;48329,50;NORTE|02 - CONEXOES KRONA|ATACADO|FEV27
02 - CONEXOES KRONA;NORTE;CO NO;ATACADO;2027-03-01;45707,36;NORTE|02 - CONEXOES KRONA|ATACADO|MAR27
02 - CONEXOES KRONA;NORTE;CO NO;ATACADO;2027-04-01;48183,14;NORTE|02 - CONEXOES KRONA|ATACADO|ABR27
02 - CONEXOES KRONA;NORTE;CO NO;ATACADO;2027-05-01;45617,64;NORTE|02 - CONEXOES KRONA|ATACADO|MAI27
02 - CONEXOES KRONA;NORTE;CO NO;ATACADO;2027-06-01;47739,62;NORTE|02 - CONEXOES KRONA|ATACADO|JUN27
02 - CONEXOES KRONA;NORTE;CO NO;ATACADO;2027-07-01;46530,69;NORTE|02 - CONEXOES KRONA|ATACADO|JUL27
02 - CONEXOES KRONA;NORTE;CO NO;ATACADO;2027-08-01;46575,57;NORTE|02 - CONEXOES KRONA|ATACADO|AGO27
02 - CONEXOES KRONA;NORTE;CO NO;ATACADO;2027-09-01;48099,99;NORTE|02 - CONEXOES KRONA|ATACADO|SET27
02 - CONEXOES KRONA;NORTE;CO NO;ATACADO;2027-10-01;49216,02;NORTE|02 - CONEXOES KRONA|ATACADO|OUT27
02 - CONEXOES KRONA;NORTE;CO NO;ATACADO;2027-11-01;46360,99;NORTE|02 - CONEXOES KRONA|ATACADO|NOV27
02 - CONEXOES KRONA;NORTE;CO NO;ATACADO;2027-12-01;49696,14;NORTE|02 - CONEXOES KRONA|ATACADO|DEZ27
02 - CONEXOES KRONA;NORTE;CO NO;VAREJO;2027-01-01;58860,06;NORTE|02 - CONEXOES KRONA|VAREJO|JAN27
02 - CONEXOES KRONA;NORTE;CO NO;VAREJO;2027-02-01;63080,15;NORTE|02 - CONEXOES KRONA|VAREJO|FEV27
02 - CONEXOES KRONA;NORTE;CO NO;VAREJO;2027-03-01;60127,78;NORTE|02 - CONEXOES KRONA|VAREJO|MAR27
02 - CONEXOES KRONA;NORTE;CO NO;VAREJO;2027-04-01;63350,67;NORTE|02 - CONEXOES KRONA|VAREJO|ABR27
02 - CONEXOES KRONA;NORTE;CO NO;VAREJO;2027-05-01;60168,26;NORTE|02 - CONEXOES KRONA|VAREJO|MAI27
02 - CONEXOES KRONA;NORTE;CO NO;VAREJO;2027-06-01;62083,51;NORTE|02 - CONEXOES KRONA|VAREJO|JUN27
02 - CONEXOES KRONA;NORTE;CO NO;VAREJO;2027-07-01;60776,83;NORTE|02 - CONEXOES KRONA|VAREJO|JUL27
02 - CONEXOES KRONA;NORTE;CO NO;VAREJO;2027-08-01;60632,28;NORTE|02 - CONEXOES KRONA|VAREJO|AGO27
02 - CONEXOES KRONA;NORTE;CO NO;VAREJO;2027-09-01;62635,26;NORTE|02 - CONEXOES KRONA|VAREJO|SET27
02 - CONEXOES KRONA;NORTE;CO NO;VAREJO;2027-10-01;63498,41;NORTE|02 - CONEXOES KRONA|VAREJO|OUT27
02 - CONEXOES KRONA;NORTE;CO NO;VAREJO;2027-11-01;60284,26;NORTE|02 - CONEXOES KRONA|VAREJO|NOV27
02 - CONEXOES KRONA;NORTE;CO NO;VAREJO;2027-12-01;64149,95;NORTE|02 - CONEXOES KRONA|VAREJO|DEZ27
02 - CONEXOES KRONA;PARANA;SUL;ATACADO;2027-01-01;11309,59;PARANA|02 - CONEXOES KRONA|ATACADO|JAN27
02 - CONEXOES KRONA;PARANA;SUL;ATACADO;2027-02-01;12842,29;PARANA|02 - CONEXOES KRONA|ATACADO|FEV27
02 - CONEXOES KRONA;PARANA;SUL;ATACADO;2027-03-01;13272,44;PARANA|02 - CONEXOES KRONA|ATACADO|MAR27
02 - CONEXOES KRONA;PARANA;SUL;ATACADO;2027-04-01;13518,92;PARANA|02 - CONEXOES KRONA|ATACADO|ABR27
02 - CONEXOES KRONA;PARANA;SUL;ATACADO;2027-05-01;10974,31;PARANA|02 - CONEXOES KRONA|ATACADO|MAI27
02 - CONEXOES KRONA;PARANA;SUL;ATACADO;2027-06-01;12120,28;PARANA|02 - CONEXOES KRONA|ATACADO|JUN27
02 - CONEXOES KRONA;PARANA;SUL;ATACADO;2027-07-01;12658,14;PARANA|02 - CONEXOES KRONA|ATACADO|JUL27
02 - CONEXOES KRONA;PARANA;SUL;ATACADO;2027-08-01;11570,82;PARANA|02 - CONEXOES KRONA|ATACADO|AGO27
02 - CONEXOES KRONA;PARANA;SUL;ATACADO;2027-09-01;12282,97;PARANA|02 - CONEXOES KRONA|ATACADO|SET27
02 - CONEXOES KRONA;PARANA;SUL;ATACADO;2027-10-01;11356,61;PARANA|02 - CONEXOES KRONA|ATACADO|OUT27
02 - CONEXOES KRONA;PARANA;SUL;ATACADO;2027-11-01;12179,12;PARANA|02 - CONEXOES KRONA|ATACADO|NOV27
02 - CONEXOES KRONA;PARANA;SUL;ATACADO;2027-12-01;11792,78;PARANA|02 - CONEXOES KRONA|ATACADO|DEZ27
02 - CONEXOES KRONA;PARANA;SUL;IRRIGACAO;2027-01-01;10,19;PARANA|02 - CONEXOES KRONA|IRRIGACAO|JAN27
02 - CONEXOES KRONA;PARANA;SUL;IRRIGACAO;2027-02-01;14,15;PARANA|02 - CONEXOES KRONA|IRRIGACAO|FEV27
02 - CONEXOES KRONA;PARANA;SUL;IRRIGACAO;2027-03-01;14,42;PARANA|02 - CONEXOES KRONA|IRRIGACAO|MAR27
02 - CONEXOES KRONA;PARANA;SUL;IRRIGACAO;2027-04-01;14,61;PARANA|02 - CONEXOES KRONA|IRRIGACAO|ABR27
02 - CONEXOES KRONA;PARANA;SUL;IRRIGACAO;2027-05-01;11,69;PARANA|02 - CONEXOES KRONA|IRRIGACAO|MAI27
02 - CONEXOES KRONA;PARANA;SUL;IRRIGACAO;2027-06-01;12,34;PARANA|02 - CONEXOES KRONA|IRRIGACAO|JUN27
02 - CONEXOES KRONA;PARANA;SUL;IRRIGACAO;2027-07-01;12,57;PARANA|02 - CONEXOES KRONA|IRRIGACAO|JUL27
02 - CONEXOES KRONA;PARANA;SUL;IRRIGACAO;2027-08-01;11,34;PARANA|02 - CONEXOES KRONA|IRRIGACAO|AGO27
02 - CONEXOES KRONA;PARANA;SUL;IRRIGACAO;2027-09-01;12,19;PARANA|02 - CONEXOES KRONA|IRRIGACAO|SET27
02 - CONEXOES KRONA;PARANA;SUL;IRRIGACAO;2027-10-01;11,74;PARANA|02 - CONEXOES KRONA|IRRIGACAO|OUT27
02 - CONEXOES KRONA;PARANA;SUL;IRRIGACAO;2027-11-01;14,01;PARANA|02 - CONEXOES KRONA|IRRIGACAO|NOV27
02 - CONEXOES KRONA;PARANA;SUL;IRRIGACAO;2027-12-01;12,51;PARANA|02 - CONEXOES KRONA|IRRIGACAO|DEZ27
02 - CONEXOES KRONA;PARANA;SUL;OUTROS;2027-01-01;345,35;PARANA|02 - CONEXOES KRONA|OUTROS|JAN27
02 - CONEXOES KRONA;PARANA;SUL;OUTROS;2027-02-01;381,63;PARANA|02 - CONEXOES KRONA|OUTROS|FEV27
02 - CONEXOES KRONA;PARANA;SUL;OUTROS;2027-03-01;382,72;PARANA|02 - CONEXOES KRONA|OUTROS|MAR27
02 - CONEXOES KRONA;PARANA;SUL;OUTROS;2027-04-01;387,52;PARANA|02 - CONEXOES KRONA|OUTROS|ABR27
02 - CONEXOES KRONA;PARANA;SUL;OUTROS;2027-05-01;323,14;PARANA|02 - CONEXOES KRONA|OUTROS|MAI27
02 - CONEXOES KRONA;PARANA;SUL;OUTROS;2027-06-01;347,37;PARANA|02 - CONEXOES KRONA|OUTROS|JUN27
02 - CONEXOES KRONA;PARANA;SUL;OUTROS;2027-07-01;328,74;PARANA|02 - CONEXOES KRONA|OUTROS|JUL27
02 - CONEXOES KRONA;PARANA;SUL;OUTROS;2027-08-01;298,27;PARANA|02 - CONEXOES KRONA|OUTROS|AGO27
02 - CONEXOES KRONA;PARANA;SUL;OUTROS;2027-09-01;327,04;PARANA|02 - CONEXOES KRONA|OUTROS|SET27
02 - CONEXOES KRONA;PARANA;SUL;OUTROS;2027-10-01;306,62;PARANA|02 - CONEXOES KRONA|OUTROS|OUT27
02 - CONEXOES KRONA;PARANA;SUL;OUTROS;2027-11-01;337,27;PARANA|02 - CONEXOES KRONA|OUTROS|NOV27
02 - CONEXOES KRONA;PARANA;SUL;OUTROS;2027-12-01;317,99;PARANA|02 - CONEXOES KRONA|OUTROS|DEZ27
02 - CONEXOES KRONA;PARANA;SUL;VAREJO;2027-01-01;25851,99;PARANA|02 - CONEXOES KRONA|VAREJO|JAN27
02 - CONEXOES KRONA;PARANA;SUL;VAREJO;2027-02-01;28150,65;PARANA|02 - CONEXOES KRONA|VAREJO|FEV27
02 - CONEXOES KRONA;PARANA;SUL;VAREJO;2027-03-01;29540,83;PARANA|02 - CONEXOES KRONA|VAREJO|MAR27
02 - CONEXOES KRONA;PARANA;SUL;VAREJO;2027-04-01;29970,16;PARANA|02 - CONEXOES KRONA|VAREJO|ABR27
02 - CONEXOES KRONA;PARANA;SUL;VAREJO;2027-05-01;23278,55;PARANA|02 - CONEXOES KRONA|VAREJO|MAI27
02 - CONEXOES KRONA;PARANA;SUL;VAREJO;2027-06-01;25449,66;PARANA|02 - CONEXOES KRONA|VAREJO|JUN27
02 - CONEXOES KRONA;PARANA;SUL;VAREJO;2027-07-01;26826,78;PARANA|02 - CONEXOES KRONA|VAREJO|JUL27
02 - CONEXOES KRONA;PARANA;SUL;VAREJO;2027-08-01;24858,78;PARANA|02 - CONEXOES KRONA|VAREJO|AGO27
02 - CONEXOES KRONA;PARANA;SUL;VAREJO;2027-09-01;26146,48;PARANA|02 - CONEXOES KRONA|VAREJO|SET27
02 - CONEXOES KRONA;PARANA;SUL;VAREJO;2027-10-01;24659,55;PARANA|02 - CONEXOES KRONA|VAREJO|OUT27
02 - CONEXOES KRONA;PARANA;SUL;VAREJO;2027-11-01;26063,48;PARANA|02 - CONEXOES KRONA|VAREJO|NOV27
02 - CONEXOES KRONA;PARANA;SUL;VAREJO;2027-12-01;25523,22;PARANA|02 - CONEXOES KRONA|VAREJO|DEZ27
02 - CONEXOES KRONA;RIO GRANDE DO SUL;SUL;ATACADO;2027-01-01;40294,12;RIO GRANDE DO SUL|02 - CONEXOES KRONA|ATACADO|JAN27
02 - CONEXOES KRONA;RIO GRANDE DO SUL;SUL;ATACADO;2027-02-01;44543,69;RIO GRANDE DO SUL|02 - CONEXOES KRONA|ATACADO|FEV27
02 - CONEXOES KRONA;RIO GRANDE DO SUL;SUL;ATACADO;2027-03-01;42218,58;RIO GRANDE DO SUL|02 - CONEXOES KRONA|ATACADO|MAR27
02 - CONEXOES KRONA;RIO GRANDE DO SUL;SUL;ATACADO;2027-04-01;47688,34;RIO GRANDE DO SUL|02 - CONEXOES KRONA|ATACADO|ABR27
02 - CONEXOES KRONA;RIO GRANDE DO SUL;SUL;ATACADO;2027-05-01;38241,47;RIO GRANDE DO SUL|02 - CONEXOES KRONA|ATACADO|MAI27
02 - CONEXOES KRONA;RIO GRANDE DO SUL;SUL;ATACADO;2027-06-01;44639,43;RIO GRANDE DO SUL|02 - CONEXOES KRONA|ATACADO|JUN27
02 - CONEXOES KRONA;RIO GRANDE DO SUL;SUL;ATACADO;2027-07-01;44144,40;RIO GRANDE DO SUL|02 - CONEXOES KRONA|ATACADO|JUL27
02 - CONEXOES KRONA;RIO GRANDE DO SUL;SUL;ATACADO;2027-08-01;41525,53;RIO GRANDE DO SUL|02 - CONEXOES KRONA|ATACADO|AGO27
02 - CONEXOES KRONA;RIO GRANDE DO SUL;SUL;ATACADO;2027-09-01;39502,73;RIO GRANDE DO SUL|02 - CONEXOES KRONA|ATACADO|SET27
02 - CONEXOES KRONA;RIO GRANDE DO SUL;SUL;ATACADO;2027-10-01;43478,30;RIO GRANDE DO SUL|02 - CONEXOES KRONA|ATACADO|OUT27
02 - CONEXOES KRONA;RIO GRANDE DO SUL;SUL;ATACADO;2027-11-01;38895,37;RIO GRANDE DO SUL|02 - CONEXOES KRONA|ATACADO|NOV27
02 - CONEXOES KRONA;RIO GRANDE DO SUL;SUL;ATACADO;2027-12-01;43739,08;RIO GRANDE DO SUL|02 - CONEXOES KRONA|ATACADO|DEZ27
02 - CONEXOES KRONA;RIO GRANDE DO SUL;SUL;OUTROS;2027-01-01;1730,63;RIO GRANDE DO SUL|02 - CONEXOES KRONA|OUTROS|JAN27
02 - CONEXOES KRONA;RIO GRANDE DO SUL;SUL;OUTROS;2027-02-01;2021,98;RIO GRANDE DO SUL|02 - CONEXOES KRONA|OUTROS|FEV27
02 - CONEXOES KRONA;RIO GRANDE DO SUL;SUL;OUTROS;2027-03-01;1826,72;RIO GRANDE DO SUL|02 - CONEXOES KRONA|OUTROS|MAR27
02 - CONEXOES KRONA;RIO GRANDE DO SUL;SUL;OUTROS;2027-04-01;2221,47;RIO GRANDE DO SUL|02 - CONEXOES KRONA|OUTROS|ABR27
02 - CONEXOES KRONA;RIO GRANDE DO SUL;SUL;OUTROS;2027-05-01;1393,02;RIO GRANDE DO SUL|02 - CONEXOES KRONA|OUTROS|MAI27
02 - CONEXOES KRONA;RIO GRANDE DO SUL;SUL;OUTROS;2027-06-01;1901,45;RIO GRANDE DO SUL|02 - CONEXOES KRONA|OUTROS|JUN27
02 - CONEXOES KRONA;RIO GRANDE DO SUL;SUL;OUTROS;2027-07-01;1751,58;RIO GRANDE DO SUL|02 - CONEXOES KRONA|OUTROS|JUL27
02 - CONEXOES KRONA;RIO GRANDE DO SUL;SUL;OUTROS;2027-08-01;1450,87;RIO GRANDE DO SUL|02 - CONEXOES KRONA|OUTROS|AGO27
02 - CONEXOES KRONA;RIO GRANDE DO SUL;SUL;OUTROS;2027-09-01;1375,82;RIO GRANDE DO SUL|02 - CONEXOES KRONA|OUTROS|SET27
02 - CONEXOES KRONA;RIO GRANDE DO SUL;SUL;OUTROS;2027-10-01;1678,92;RIO GRANDE DO SUL|02 - CONEXOES KRONA|OUTROS|OUT27
02 - CONEXOES KRONA;RIO GRANDE DO SUL;SUL;OUTROS;2027-11-01;1358,29;RIO GRANDE DO SUL|02 - CONEXOES KRONA|OUTROS|NOV27
02 - CONEXOES KRONA;RIO GRANDE DO SUL;SUL;OUTROS;2027-12-01;1844,52;RIO GRANDE DO SUL|02 - CONEXOES KRONA|OUTROS|DEZ27
02 - CONEXOES KRONA;RIO GRANDE DO SUL;SUL;VAREJO;2027-01-01;28664,19;RIO GRANDE DO SUL|02 - CONEXOES KRONA|VAREJO|JAN27
02 - CONEXOES KRONA;RIO GRANDE DO SUL;SUL;VAREJO;2027-02-01;31977,38;RIO GRANDE DO SUL|02 - CONEXOES KRONA|VAREJO|FEV27
02 - CONEXOES KRONA;RIO GRANDE DO SUL;SUL;VAREJO;2027-03-01;30878,90;RIO GRANDE DO SUL|02 - CONEXOES KRONA|VAREJO|MAR27
02 - CONEXOES KRONA;RIO GRANDE DO SUL;SUL;VAREJO;2027-04-01;33704,95;RIO GRANDE DO SUL|02 - CONEXOES KRONA|VAREJO|ABR27
02 - CONEXOES KRONA;RIO GRANDE DO SUL;SUL;VAREJO;2027-05-01;27761,36;RIO GRANDE DO SUL|02 - CONEXOES KRONA|VAREJO|MAI27
02 - CONEXOES KRONA;RIO GRANDE DO SUL;SUL;VAREJO;2027-06-01;31394,82;RIO GRANDE DO SUL|02 - CONEXOES KRONA|VAREJO|JUN27
02 - CONEXOES KRONA;RIO GRANDE DO SUL;SUL;VAREJO;2027-07-01;30990,58;RIO GRANDE DO SUL|02 - CONEXOES KRONA|VAREJO|JUL27
02 - CONEXOES KRONA;RIO GRANDE DO SUL;SUL;VAREJO;2027-08-01;30202,75;RIO GRANDE DO SUL|02 - CONEXOES KRONA|VAREJO|AGO27
02 - CONEXOES KRONA;RIO GRANDE DO SUL;SUL;VAREJO;2027-09-01;29014,08;RIO GRANDE DO SUL|02 - CONEXOES KRONA|VAREJO|SET27
02 - CONEXOES KRONA;RIO GRANDE DO SUL;SUL;VAREJO;2027-10-01;31518,37;RIO GRANDE DO SUL|02 - CONEXOES KRONA|VAREJO|OUT27
02 - CONEXOES KRONA;RIO GRANDE DO SUL;SUL;VAREJO;2027-11-01;28567,23;RIO GRANDE DO SUL|02 - CONEXOES KRONA|VAREJO|NOV27
02 - CONEXOES KRONA;RIO GRANDE DO SUL;SUL;VAREJO;2027-12-01;31882,09;RIO GRANDE DO SUL|02 - CONEXOES KRONA|VAREJO|DEZ27
02 - CONEXOES KRONA;RJ/ES;MINAS RJ/ES;ATACADO;2027-01-01;56849,20;RJ/ES|02 - CONEXOES KRONA|ATACADO|JAN27
02 - CONEXOES KRONA;RJ/ES;MINAS RJ/ES;ATACADO;2027-02-01;69128,20;RJ/ES|02 - CONEXOES KRONA|ATACADO|FEV27
02 - CONEXOES KRONA;RJ/ES;MINAS RJ/ES;ATACADO;2027-03-01;67718,34;RJ/ES|02 - CONEXOES KRONA|ATACADO|MAR27
02 - CONEXOES KRONA;RJ/ES;MINAS RJ/ES;ATACADO;2027-04-01;72110,19;RJ/ES|02 - CONEXOES KRONA|ATACADO|ABR27
02 - CONEXOES KRONA;RJ/ES;MINAS RJ/ES;ATACADO;2027-05-01;48300,08;RJ/ES|02 - CONEXOES KRONA|ATACADO|MAI27
02 - CONEXOES KRONA;RJ/ES;MINAS RJ/ES;ATACADO;2027-06-01;59868,83;RJ/ES|02 - CONEXOES KRONA|ATACADO|JUN27
02 - CONEXOES KRONA;RJ/ES;MINAS RJ/ES;ATACADO;2027-07-01;55971,11;RJ/ES|02 - CONEXOES KRONA|ATACADO|JUL27
02 - CONEXOES KRONA;RJ/ES;MINAS RJ/ES;ATACADO;2027-08-01;54703,67;RJ/ES|02 - CONEXOES KRONA|ATACADO|AGO27
02 - CONEXOES KRONA;RJ/ES;MINAS RJ/ES;ATACADO;2027-09-01;50627,52;RJ/ES|02 - CONEXOES KRONA|ATACADO|SET27
02 - CONEXOES KRONA;RJ/ES;MINAS RJ/ES;ATACADO;2027-10-01;61353,52;RJ/ES|02 - CONEXOES KRONA|ATACADO|OUT27
02 - CONEXOES KRONA;RJ/ES;MINAS RJ/ES;ATACADO;2027-11-01;50638,44;RJ/ES|02 - CONEXOES KRONA|ATACADO|NOV27
02 - CONEXOES KRONA;RJ/ES;MINAS RJ/ES;ATACADO;2027-12-01;57419,77;RJ/ES|02 - CONEXOES KRONA|ATACADO|DEZ27
02 - CONEXOES KRONA;RJ/ES;MINAS RJ/ES;OUTROS;2027-01-01;727,31;RJ/ES|02 - CONEXOES KRONA|OUTROS|JAN27
02 - CONEXOES KRONA;RJ/ES;MINAS RJ/ES;OUTROS;2027-02-01;844,01;RJ/ES|02 - CONEXOES KRONA|OUTROS|FEV27
02 - CONEXOES KRONA;RJ/ES;MINAS RJ/ES;OUTROS;2027-03-01;832,68;RJ/ES|02 - CONEXOES KRONA|OUTROS|MAR27
02 - CONEXOES KRONA;RJ/ES;MINAS RJ/ES;OUTROS;2027-04-01;918,72;RJ/ES|02 - CONEXOES KRONA|OUTROS|ABR27
02 - CONEXOES KRONA;RJ/ES;MINAS RJ/ES;OUTROS;2027-05-01;640,57;RJ/ES|02 - CONEXOES KRONA|OUTROS|MAI27
02 - CONEXOES KRONA;RJ/ES;MINAS RJ/ES;OUTROS;2027-06-01;798,76;RJ/ES|02 - CONEXOES KRONA|OUTROS|JUN27
02 - CONEXOES KRONA;RJ/ES;MINAS RJ/ES;OUTROS;2027-07-01;764,37;RJ/ES|02 - CONEXOES KRONA|OUTROS|JUL27
02 - CONEXOES KRONA;RJ/ES;MINAS RJ/ES;OUTROS;2027-08-01;737,48;RJ/ES|02 - CONEXOES KRONA|OUTROS|AGO27
02 - CONEXOES KRONA;RJ/ES;MINAS RJ/ES;OUTROS;2027-09-01;674,76;RJ/ES|02 - CONEXOES KRONA|OUTROS|SET27
02 - CONEXOES KRONA;RJ/ES;MINAS RJ/ES;OUTROS;2027-10-01;828,96;RJ/ES|02 - CONEXOES KRONA|OUTROS|OUT27
02 - CONEXOES KRONA;RJ/ES;MINAS RJ/ES;OUTROS;2027-11-01;675,81;RJ/ES|02 - CONEXOES KRONA|OUTROS|NOV27
02 - CONEXOES KRONA;RJ/ES;MINAS RJ/ES;OUTROS;2027-12-01;754,16;RJ/ES|02 - CONEXOES KRONA|OUTROS|DEZ27
02 - CONEXOES KRONA;RJ/ES;MINAS RJ/ES;VAREJO;2027-01-01;20758,36;RJ/ES|02 - CONEXOES KRONA|VAREJO|JAN27
02 - CONEXOES KRONA;RJ/ES;MINAS RJ/ES;VAREJO;2027-02-01;24695,18;RJ/ES|02 - CONEXOES KRONA|VAREJO|FEV27
02 - CONEXOES KRONA;RJ/ES;MINAS RJ/ES;VAREJO;2027-03-01;24326,79;RJ/ES|02 - CONEXOES KRONA|VAREJO|MAR27
02 - CONEXOES KRONA;RJ/ES;MINAS RJ/ES;VAREJO;2027-04-01;26772,16;RJ/ES|02 - CONEXOES KRONA|VAREJO|ABR27
02 - CONEXOES KRONA;RJ/ES;MINAS RJ/ES;VAREJO;2027-05-01;19140,18;RJ/ES|02 - CONEXOES KRONA|VAREJO|MAI27
02 - CONEXOES KRONA;RJ/ES;MINAS RJ/ES;VAREJO;2027-06-01;22911,65;RJ/ES|02 - CONEXOES KRONA|VAREJO|JUN27
02 - CONEXOES KRONA;RJ/ES;MINAS RJ/ES;VAREJO;2027-07-01;22259,57;RJ/ES|02 - CONEXOES KRONA|VAREJO|JUL27
02 - CONEXOES KRONA;RJ/ES;MINAS RJ/ES;VAREJO;2027-08-01;21583,35;RJ/ES|02 - CONEXOES KRONA|VAREJO|AGO27
02 - CONEXOES KRONA;RJ/ES;MINAS RJ/ES;VAREJO;2027-09-01;20177,90;RJ/ES|02 - CONEXOES KRONA|VAREJO|SET27
02 - CONEXOES KRONA;RJ/ES;MINAS RJ/ES;VAREJO;2027-10-01;24202,62;RJ/ES|02 - CONEXOES KRONA|VAREJO|OUT27
02 - CONEXOES KRONA;RJ/ES;MINAS RJ/ES;VAREJO;2027-11-01;19955,97;RJ/ES|02 - CONEXOES KRONA|VAREJO|NOV27
02 - CONEXOES KRONA;RJ/ES;MINAS RJ/ES;VAREJO;2027-12-01;22363,76;RJ/ES|02 - CONEXOES KRONA|VAREJO|DEZ27
02 - CONEXOES KRONA;SANTA CATARINA 01;SUL;ATACADO;2027-01-01;12464,87;SANTA CATARINA 01|02 - CONEXOES KRONA|ATACADO|JAN27
02 - CONEXOES KRONA;SANTA CATARINA 01;SUL;ATACADO;2027-02-01;12892,57;SANTA CATARINA 01|02 - CONEXOES KRONA|ATACADO|FEV27
02 - CONEXOES KRONA;SANTA CATARINA 01;SUL;ATACADO;2027-03-01;12836,58;SANTA CATARINA 01|02 - CONEXOES KRONA|ATACADO|MAR27
02 - CONEXOES KRONA;SANTA CATARINA 01;SUL;ATACADO;2027-04-01;13174,43;SANTA CATARINA 01|02 - CONEXOES KRONA|ATACADO|ABR27
02 - CONEXOES KRONA;SANTA CATARINA 01;SUL;ATACADO;2027-05-01;12263,38;SANTA CATARINA 01|02 - CONEXOES KRONA|ATACADO|MAI27
02 - CONEXOES KRONA;SANTA CATARINA 01;SUL;ATACADO;2027-06-01;12741,33;SANTA CATARINA 01|02 - CONEXOES KRONA|ATACADO|JUN27
02 - CONEXOES KRONA;SANTA CATARINA 01;SUL;ATACADO;2027-07-01;12786,60;SANTA CATARINA 01|02 - CONEXOES KRONA|ATACADO|JUL27
02 - CONEXOES KRONA;SANTA CATARINA 01;SUL;ATACADO;2027-08-01;12495,48;SANTA CATARINA 01|02 - CONEXOES KRONA|ATACADO|AGO27
02 - CONEXOES KRONA;SANTA CATARINA 01;SUL;ATACADO;2027-09-01;12743,61;SANTA CATARINA 01|02 - CONEXOES KRONA|ATACADO|SET27
02 - CONEXOES KRONA;SANTA CATARINA 01;SUL;ATACADO;2027-10-01;12874,28;SANTA CATARINA 01|02 - CONEXOES KRONA|ATACADO|OUT27
02 - CONEXOES KRONA;SANTA CATARINA 01;SUL;ATACADO;2027-11-01;12530,11;SANTA CATARINA 01|02 - CONEXOES KRONA|ATACADO|NOV27
02 - CONEXOES KRONA;SANTA CATARINA 01;SUL;ATACADO;2027-12-01;12813,97;SANTA CATARINA 01|02 - CONEXOES KRONA|ATACADO|DEZ27
02 - CONEXOES KRONA;SANTA CATARINA 01;SUL;OUTROS;2027-01-01;385,92;SANTA CATARINA 01|02 - CONEXOES KRONA|OUTROS|JAN27
02 - CONEXOES KRONA;SANTA CATARINA 01;SUL;OUTROS;2027-02-01;398,34;SANTA CATARINA 01|02 - CONEXOES KRONA|OUTROS|FEV27
02 - CONEXOES KRONA;SANTA CATARINA 01;SUL;OUTROS;2027-03-01;401,87;SANTA CATARINA 01|02 - CONEXOES KRONA|OUTROS|MAR27
02 - CONEXOES KRONA;SANTA CATARINA 01;SUL;OUTROS;2027-04-01;412,56;SANTA CATARINA 01|02 - CONEXOES KRONA|OUTROS|ABR27
02 - CONEXOES KRONA;SANTA CATARINA 01;SUL;OUTROS;2027-05-01;358,73;SANTA CATARINA 01|02 - CONEXOES KRONA|OUTROS|MAI27
02 - CONEXOES KRONA;SANTA CATARINA 01;SUL;OUTROS;2027-06-01;380,62;SANTA CATARINA 01|02 - CONEXOES KRONA|OUTROS|JUN27
02 - CONEXOES KRONA;SANTA CATARINA 01;SUL;OUTROS;2027-07-01;383,33;SANTA CATARINA 01|02 - CONEXOES KRONA|OUTROS|JUL27
02 - CONEXOES KRONA;SANTA CATARINA 01;SUL;OUTROS;2027-08-01;366,55;SANTA CATARINA 01|02 - CONEXOES KRONA|OUTROS|AGO27
02 - CONEXOES KRONA;SANTA CATARINA 01;SUL;OUTROS;2027-09-01;379,53;SANTA CATARINA 01|02 - CONEXOES KRONA|OUTROS|SET27
02 - CONEXOES KRONA;SANTA CATARINA 01;SUL;OUTROS;2027-10-01;392,50;SANTA CATARINA 01|02 - CONEXOES KRONA|OUTROS|OUT27
02 - CONEXOES KRONA;SANTA CATARINA 01;SUL;OUTROS;2027-11-01;378,85;SANTA CATARINA 01|02 - CONEXOES KRONA|OUTROS|NOV27
02 - CONEXOES KRONA;SANTA CATARINA 01;SUL;OUTROS;2027-12-01;392,58;SANTA CATARINA 01|02 - CONEXOES KRONA|OUTROS|DEZ27
02 - CONEXOES KRONA;SANTA CATARINA 01;SUL;VAREJO;2027-01-01;25402,62;SANTA CATARINA 01|02 - CONEXOES KRONA|VAREJO|JAN27
02 - CONEXOES KRONA;SANTA CATARINA 01;SUL;VAREJO;2027-02-01;26435,77;SANTA CATARINA 01|02 - CONEXOES KRONA|VAREJO|FEV27
02 - CONEXOES KRONA;SANTA CATARINA 01;SUL;VAREJO;2027-03-01;26353,15;SANTA CATARINA 01|02 - CONEXOES KRONA|VAREJO|MAR27
02 - CONEXOES KRONA;SANTA CATARINA 01;SUL;VAREJO;2027-04-01;26816,80;SANTA CATARINA 01|02 - CONEXOES KRONA|VAREJO|ABR27
02 - CONEXOES KRONA;SANTA CATARINA 01;SUL;VAREJO;2027-05-01;24933,41;SANTA CATARINA 01|02 - CONEXOES KRONA|VAREJO|MAI27
02 - CONEXOES KRONA;SANTA CATARINA 01;SUL;VAREJO;2027-06-01;25815,07;SANTA CATARINA 01|02 - CONEXOES KRONA|VAREJO|JUN27
02 - CONEXOES KRONA;SANTA CATARINA 01;SUL;VAREJO;2027-07-01;25740,46;SANTA CATARINA 01|02 - CONEXOES KRONA|VAREJO|JUL27
02 - CONEXOES KRONA;SANTA CATARINA 01;SUL;VAREJO;2027-08-01;25433,04;SANTA CATARINA 01|02 - CONEXOES KRONA|VAREJO|AGO27
02 - CONEXOES KRONA;SANTA CATARINA 01;SUL;VAREJO;2027-09-01;26009,65;SANTA CATARINA 01|02 - CONEXOES KRONA|VAREJO|SET27
02 - CONEXOES KRONA;SANTA CATARINA 01;SUL;VAREJO;2027-10-01;26209,74;SANTA CATARINA 01|02 - CONEXOES KRONA|VAREJO|OUT27
02 - CONEXOES KRONA;SANTA CATARINA 01;SUL;VAREJO;2027-11-01;25594,95;SANTA CATARINA 01|02 - CONEXOES KRONA|VAREJO|NOV27
02 - CONEXOES KRONA;SANTA CATARINA 01;SUL;VAREJO;2027-12-01;26056,61;SANTA CATARINA 01|02 - CONEXOES KRONA|VAREJO|DEZ27
02 - CONEXOES KRONA;SANTA CATARINA 02;SUL;ATACADO;2027-01-01;18026,40;SANTA CATARINA 02|02 - CONEXOES KRONA|ATACADO|JAN27
02 - CONEXOES KRONA;SANTA CATARINA 02;SUL;ATACADO;2027-02-01;18402,19;SANTA CATARINA 02|02 - CONEXOES KRONA|ATACADO|FEV27
02 - CONEXOES KRONA;SANTA CATARINA 02;SUL;ATACADO;2027-03-01;19115,36;SANTA CATARINA 02|02 - CONEXOES KRONA|ATACADO|MAR27
02 - CONEXOES KRONA;SANTA CATARINA 02;SUL;ATACADO;2027-04-01;19295,37;SANTA CATARINA 02|02 - CONEXOES KRONA|ATACADO|ABR27
02 - CONEXOES KRONA;SANTA CATARINA 02;SUL;ATACADO;2027-05-01;17309,06;SANTA CATARINA 02|02 - CONEXOES KRONA|ATACADO|MAI27
02 - CONEXOES KRONA;SANTA CATARINA 02;SUL;ATACADO;2027-06-01;17093,77;SANTA CATARINA 02|02 - CONEXOES KRONA|ATACADO|JUN27
02 - CONEXOES KRONA;SANTA CATARINA 02;SUL;ATACADO;2027-07-01;17196,05;SANTA CATARINA 02|02 - CONEXOES KRONA|ATACADO|JUL27
02 - CONEXOES KRONA;SANTA CATARINA 02;SUL;ATACADO;2027-08-01;16444,78;SANTA CATARINA 02|02 - CONEXOES KRONA|ATACADO|AGO27
02 - CONEXOES KRONA;SANTA CATARINA 02;SUL;ATACADO;2027-09-01;16588,65;SANTA CATARINA 02|02 - CONEXOES KRONA|ATACADO|SET27
02 - CONEXOES KRONA;SANTA CATARINA 02;SUL;ATACADO;2027-10-01;16951,87;SANTA CATARINA 02|02 - CONEXOES KRONA|ATACADO|OUT27
02 - CONEXOES KRONA;SANTA CATARINA 02;SUL;ATACADO;2027-11-01;17276,65;SANTA CATARINA 02|02 - CONEXOES KRONA|ATACADO|NOV27
02 - CONEXOES KRONA;SANTA CATARINA 02;SUL;ATACADO;2027-12-01;18180,34;SANTA CATARINA 02|02 - CONEXOES KRONA|ATACADO|DEZ27
02 - CONEXOES KRONA;SANTA CATARINA 02;SUL;OUTROS;2027-01-01;504,77;SANTA CATARINA 02|02 - CONEXOES KRONA|OUTROS|JAN27
02 - CONEXOES KRONA;SANTA CATARINA 02;SUL;OUTROS;2027-02-01;514,58;SANTA CATARINA 02|02 - CONEXOES KRONA|OUTROS|FEV27
02 - CONEXOES KRONA;SANTA CATARINA 02;SUL;OUTROS;2027-03-01;604,79;SANTA CATARINA 02|02 - CONEXOES KRONA|OUTROS|MAR27
02 - CONEXOES KRONA;SANTA CATARINA 02;SUL;OUTROS;2027-04-01;576,08;SANTA CATARINA 02|02 - CONEXOES KRONA|OUTROS|ABR27
02 - CONEXOES KRONA;SANTA CATARINA 02;SUL;OUTROS;2027-05-01;542,03;SANTA CATARINA 02|02 - CONEXOES KRONA|OUTROS|MAI27
02 - CONEXOES KRONA;SANTA CATARINA 02;SUL;OUTROS;2027-06-01;469,99;SANTA CATARINA 02|02 - CONEXOES KRONA|OUTROS|JUN27
02 - CONEXOES KRONA;SANTA CATARINA 02;SUL;OUTROS;2027-07-01;474,81;SANTA CATARINA 02|02 - CONEXOES KRONA|OUTROS|JUL27
02 - CONEXOES KRONA;SANTA CATARINA 02;SUL;OUTROS;2027-08-01;448,45;SANTA CATARINA 02|02 - CONEXOES KRONA|OUTROS|AGO27
02 - CONEXOES KRONA;SANTA CATARINA 02;SUL;OUTROS;2027-09-01;482,04;SANTA CATARINA 02|02 - CONEXOES KRONA|OUTROS|SET27
02 - CONEXOES KRONA;SANTA CATARINA 02;SUL;OUTROS;2027-10-01;494,00;SANTA CATARINA 02|02 - CONEXOES KRONA|OUTROS|OUT27
02 - CONEXOES KRONA;SANTA CATARINA 02;SUL;OUTROS;2027-11-01;500,00;SANTA CATARINA 02|02 - CONEXOES KRONA|OUTROS|NOV27
02 - CONEXOES KRONA;SANTA CATARINA 02;SUL;OUTROS;2027-12-01;525,67;SANTA CATARINA 02|02 - CONEXOES KRONA|OUTROS|DEZ27
02 - CONEXOES KRONA;SANTA CATARINA 02;SUL;VAREJO;2027-01-01;31488,32;SANTA CATARINA 02|02 - CONEXOES KRONA|VAREJO|JAN27
02 - CONEXOES KRONA;SANTA CATARINA 02;SUL;VAREJO;2027-02-01;32804,64;SANTA CATARINA 02|02 - CONEXOES KRONA|VAREJO|FEV27
02 - CONEXOES KRONA;SANTA CATARINA 02;SUL;VAREJO;2027-03-01;35461,98;SANTA CATARINA 02|02 - CONEXOES KRONA|VAREJO|MAR27
02 - CONEXOES KRONA;SANTA CATARINA 02;SUL;VAREJO;2027-04-01;35256,38;SANTA CATARINA 02|02 - CONEXOES KRONA|VAREJO|ABR27
02 - CONEXOES KRONA;SANTA CATARINA 02;SUL;VAREJO;2027-05-01;32531,59;SANTA CATARINA 02|02 - CONEXOES KRONA|VAREJO|MAI27
02 - CONEXOES KRONA;SANTA CATARINA 02;SUL;VAREJO;2027-06-01;30649,62;SANTA CATARINA 02|02 - CONEXOES KRONA|VAREJO|JUN27
02 - CONEXOES KRONA;SANTA CATARINA 02;SUL;VAREJO;2027-07-01;30927,34;SANTA CATARINA 02|02 - CONEXOES KRONA|VAREJO|JUL27
02 - CONEXOES KRONA;SANTA CATARINA 02;SUL;VAREJO;2027-08-01;30036,61;SANTA CATARINA 02|02 - CONEXOES KRONA|VAREJO|AGO27
02 - CONEXOES KRONA;SANTA CATARINA 02;SUL;VAREJO;2027-09-01;30995,18;SANTA CATARINA 02|02 - CONEXOES KRONA|VAREJO|SET27
02 - CONEXOES KRONA;SANTA CATARINA 02;SUL;VAREJO;2027-10-01;31244,29;SANTA CATARINA 02|02 - CONEXOES KRONA|VAREJO|OUT27
02 - CONEXOES KRONA;SANTA CATARINA 02;SUL;VAREJO;2027-11-01;32242,04;SANTA CATARINA 02|02 - CONEXOES KRONA|VAREJO|NOV27
02 - CONEXOES KRONA;SANTA CATARINA 02;SUL;VAREJO;2027-12-01;33933,66;SANTA CATARINA 02|02 - CONEXOES KRONA|VAREJO|DEZ27
02 - CONEXOES KRONA;SAO PAULO CAPITAL;SP;ATACADO;2027-01-01;4175,77;SAO PAULO CAPITAL|02 - CONEXOES KRONA|ATACADO|JAN27
02 - CONEXOES KRONA;SAO PAULO CAPITAL;SP;ATACADO;2027-02-01;4558,09;SAO PAULO CAPITAL|02 - CONEXOES KRONA|ATACADO|FEV27
02 - CONEXOES KRONA;SAO PAULO CAPITAL;SP;ATACADO;2027-03-01;4336,81;SAO PAULO CAPITAL|02 - CONEXOES KRONA|ATACADO|MAR27
02 - CONEXOES KRONA;SAO PAULO CAPITAL;SP;ATACADO;2027-04-01;4718,17;SAO PAULO CAPITAL|02 - CONEXOES KRONA|ATACADO|ABR27
02 - CONEXOES KRONA;SAO PAULO CAPITAL;SP;ATACADO;2027-05-01;3970,86;SAO PAULO CAPITAL|02 - CONEXOES KRONA|ATACADO|MAI27
02 - CONEXOES KRONA;SAO PAULO CAPITAL;SP;ATACADO;2027-06-01;4452,69;SAO PAULO CAPITAL|02 - CONEXOES KRONA|ATACADO|JUN27
02 - CONEXOES KRONA;SAO PAULO CAPITAL;SP;ATACADO;2027-07-01;4427,12;SAO PAULO CAPITAL|02 - CONEXOES KRONA|ATACADO|JUL27
02 - CONEXOES KRONA;SAO PAULO CAPITAL;SP;ATACADO;2027-08-01;4400,09;SAO PAULO CAPITAL|02 - CONEXOES KRONA|ATACADO|AGO27
02 - CONEXOES KRONA;SAO PAULO CAPITAL;SP;ATACADO;2027-09-01;4752,34;SAO PAULO CAPITAL|02 - CONEXOES KRONA|ATACADO|SET27
02 - CONEXOES KRONA;SAO PAULO CAPITAL;SP;ATACADO;2027-10-01;4746,39;SAO PAULO CAPITAL|02 - CONEXOES KRONA|ATACADO|OUT27
02 - CONEXOES KRONA;SAO PAULO CAPITAL;SP;ATACADO;2027-11-01;4063,03;SAO PAULO CAPITAL|02 - CONEXOES KRONA|ATACADO|NOV27
02 - CONEXOES KRONA;SAO PAULO CAPITAL;SP;ATACADO;2027-12-01;4613,72;SAO PAULO CAPITAL|02 - CONEXOES KRONA|ATACADO|DEZ27
02 - CONEXOES KRONA;SAO PAULO CAPITAL;SP;OUTROS;2027-01-01;201,61;SAO PAULO CAPITAL|02 - CONEXOES KRONA|OUTROS|JAN27
02 - CONEXOES KRONA;SAO PAULO CAPITAL;SP;OUTROS;2027-02-01;214,27;SAO PAULO CAPITAL|02 - CONEXOES KRONA|OUTROS|FEV27
02 - CONEXOES KRONA;SAO PAULO CAPITAL;SP;OUTROS;2027-03-01;159,44;SAO PAULO CAPITAL|02 - CONEXOES KRONA|OUTROS|MAR27
02 - CONEXOES KRONA;SAO PAULO CAPITAL;SP;OUTROS;2027-04-01;168,43;SAO PAULO CAPITAL|02 - CONEXOES KRONA|OUTROS|ABR27
02 - CONEXOES KRONA;SAO PAULO CAPITAL;SP;OUTROS;2027-05-01;152,96;SAO PAULO CAPITAL|02 - CONEXOES KRONA|OUTROS|MAI27
02 - CONEXOES KRONA;SAO PAULO CAPITAL;SP;OUTROS;2027-06-01;158,33;SAO PAULO CAPITAL|02 - CONEXOES KRONA|OUTROS|JUN27
02 - CONEXOES KRONA;SAO PAULO CAPITAL;SP;OUTROS;2027-07-01;147,18;SAO PAULO CAPITAL|02 - CONEXOES KRONA|OUTROS|JUL27
02 - CONEXOES KRONA;SAO PAULO CAPITAL;SP;OUTROS;2027-08-01;148,03;SAO PAULO CAPITAL|02 - CONEXOES KRONA|OUTROS|AGO27
02 - CONEXOES KRONA;SAO PAULO CAPITAL;SP;OUTROS;2027-09-01;166,25;SAO PAULO CAPITAL|02 - CONEXOES KRONA|OUTROS|SET27
02 - CONEXOES KRONA;SAO PAULO CAPITAL;SP;OUTROS;2027-10-01;154,26;SAO PAULO CAPITAL|02 - CONEXOES KRONA|OUTROS|OUT27
02 - CONEXOES KRONA;SAO PAULO CAPITAL;SP;OUTROS;2027-11-01;149,73;SAO PAULO CAPITAL|02 - CONEXOES KRONA|OUTROS|NOV27
02 - CONEXOES KRONA;SAO PAULO CAPITAL;SP;OUTROS;2027-12-01;153,22;SAO PAULO CAPITAL|02 - CONEXOES KRONA|OUTROS|DEZ27
02 - CONEXOES KRONA;SAO PAULO CAPITAL;SP;VAREJO;2027-01-01;41569,21;SAO PAULO CAPITAL|02 - CONEXOES KRONA|VAREJO|JAN27
02 - CONEXOES KRONA;SAO PAULO CAPITAL;SP;VAREJO;2027-02-01;44584,52;SAO PAULO CAPITAL|02 - CONEXOES KRONA|VAREJO|FEV27
02 - CONEXOES KRONA;SAO PAULO CAPITAL;SP;VAREJO;2027-03-01;43833,83;SAO PAULO CAPITAL|02 - CONEXOES KRONA|VAREJO|MAR27
02 - CONEXOES KRONA;SAO PAULO CAPITAL;SP;VAREJO;2027-04-01;46960,76;SAO PAULO CAPITAL|02 - CONEXOES KRONA|VAREJO|ABR27
02 - CONEXOES KRONA;SAO PAULO CAPITAL;SP;VAREJO;2027-05-01;40950,56;SAO PAULO CAPITAL|02 - CONEXOES KRONA|VAREJO|MAI27
02 - CONEXOES KRONA;SAO PAULO CAPITAL;SP;VAREJO;2027-06-01;44316,54;SAO PAULO CAPITAL|02 - CONEXOES KRONA|VAREJO|JUN27
02 - CONEXOES KRONA;SAO PAULO CAPITAL;SP;VAREJO;2027-07-01;44134,42;SAO PAULO CAPITAL|02 - CONEXOES KRONA|VAREJO|JUL27
02 - CONEXOES KRONA;SAO PAULO CAPITAL;SP;VAREJO;2027-08-01;43944,00;SAO PAULO CAPITAL|02 - CONEXOES KRONA|VAREJO|AGO27
02 - CONEXOES KRONA;SAO PAULO CAPITAL;SP;VAREJO;2027-09-01;47539,31;SAO PAULO CAPITAL|02 - CONEXOES KRONA|VAREJO|SET27
02 - CONEXOES KRONA;SAO PAULO CAPITAL;SP;VAREJO;2027-10-01;46509,18;SAO PAULO CAPITAL|02 - CONEXOES KRONA|VAREJO|OUT27
02 - CONEXOES KRONA;SAO PAULO CAPITAL;SP;VAREJO;2027-11-01;41640,54;SAO PAULO CAPITAL|02 - CONEXOES KRONA|VAREJO|NOV27
02 - CONEXOES KRONA;SAO PAULO CAPITAL;SP;VAREJO;2027-12-01;46994,87;SAO PAULO CAPITAL|02 - CONEXOES KRONA|VAREJO|DEZ27
02 - CONEXOES KRONA;SAO PAULO CAPITAL 2;SP;ATACADO;2027-01-01;104125,07;SAO PAULO CAPITAL 2|02 - CONEXOES KRONA|ATACADO|JAN27
02 - CONEXOES KRONA;SAO PAULO CAPITAL 2;SP;ATACADO;2027-02-01;91541,83;SAO PAULO CAPITAL 2|02 - CONEXOES KRONA|ATACADO|FEV27
02 - CONEXOES KRONA;SAO PAULO CAPITAL 2;SP;ATACADO;2027-03-01;55588,16;SAO PAULO CAPITAL 2|02 - CONEXOES KRONA|ATACADO|MAR27
02 - CONEXOES KRONA;SAO PAULO CAPITAL 2;SP;ATACADO;2027-04-01;164997,05;SAO PAULO CAPITAL 2|02 - CONEXOES KRONA|ATACADO|ABR27
02 - CONEXOES KRONA;SAO PAULO CAPITAL 2;SP;ATACADO;2027-05-01;21963,69;SAO PAULO CAPITAL 2|02 - CONEXOES KRONA|ATACADO|MAI27
02 - CONEXOES KRONA;SAO PAULO CAPITAL 2;SP;ATACADO;2027-06-01;53001,91;SAO PAULO CAPITAL 2|02 - CONEXOES KRONA|ATACADO|JUN27
02 - CONEXOES KRONA;SAO PAULO CAPITAL 2;SP;ATACADO;2027-07-01;143559,97;SAO PAULO CAPITAL 2|02 - CONEXOES KRONA|ATACADO|JUL27
02 - CONEXOES KRONA;SAO PAULO CAPITAL 2;SP;ATACADO;2027-08-01;82751,82;SAO PAULO CAPITAL 2|02 - CONEXOES KRONA|ATACADO|AGO27
02 - CONEXOES KRONA;SAO PAULO CAPITAL 2;SP;ATACADO;2027-09-01;56644,01;SAO PAULO CAPITAL 2|02 - CONEXOES KRONA|ATACADO|SET27
02 - CONEXOES KRONA;SAO PAULO CAPITAL 2;SP;ATACADO;2027-10-01;123674,77;SAO PAULO CAPITAL 2|02 - CONEXOES KRONA|ATACADO|OUT27
02 - CONEXOES KRONA;SAO PAULO CAPITAL 2;SP;ATACADO;2027-11-01;58080,93;SAO PAULO CAPITAL 2|02 - CONEXOES KRONA|ATACADO|NOV27
02 - CONEXOES KRONA;SAO PAULO CAPITAL 2;SP;ATACADO;2027-12-01;70601,18;SAO PAULO CAPITAL 2|02 - CONEXOES KRONA|ATACADO|DEZ27
02 - CONEXOES KRONA;SAO PAULO INTERIOR;SP;ATACADO;2027-01-01;22978,79;SAO PAULO INTERIOR|02 - CONEXOES KRONA|ATACADO|JAN27
02 - CONEXOES KRONA;SAO PAULO INTERIOR;SP;ATACADO;2027-02-01;24196,69;SAO PAULO INTERIOR|02 - CONEXOES KRONA|ATACADO|FEV27
02 - CONEXOES KRONA;SAO PAULO INTERIOR;SP;ATACADO;2027-03-01;27527,19;SAO PAULO INTERIOR|02 - CONEXOES KRONA|ATACADO|MAR27
02 - CONEXOES KRONA;SAO PAULO INTERIOR;SP;ATACADO;2027-04-01;28222,97;SAO PAULO INTERIOR|02 - CONEXOES KRONA|ATACADO|ABR27
02 - CONEXOES KRONA;SAO PAULO INTERIOR;SP;ATACADO;2027-05-01;14609,50;SAO PAULO INTERIOR|02 - CONEXOES KRONA|ATACADO|MAI27
02 - CONEXOES KRONA;SAO PAULO INTERIOR;SP;ATACADO;2027-06-01;20553,91;SAO PAULO INTERIOR|02 - CONEXOES KRONA|ATACADO|JUN27
02 - CONEXOES KRONA;SAO PAULO INTERIOR;SP;ATACADO;2027-07-01;26369,00;SAO PAULO INTERIOR|02 - CONEXOES KRONA|ATACADO|JUL27
02 - CONEXOES KRONA;SAO PAULO INTERIOR;SP;ATACADO;2027-08-01;17999,98;SAO PAULO INTERIOR|02 - CONEXOES KRONA|ATACADO|AGO27
02 - CONEXOES KRONA;SAO PAULO INTERIOR;SP;ATACADO;2027-09-01;21442,63;SAO PAULO INTERIOR|02 - CONEXOES KRONA|ATACADO|SET27
02 - CONEXOES KRONA;SAO PAULO INTERIOR;SP;ATACADO;2027-10-01;25657,74;SAO PAULO INTERIOR|02 - CONEXOES KRONA|ATACADO|OUT27
02 - CONEXOES KRONA;SAO PAULO INTERIOR;SP;ATACADO;2027-11-01;17853,40;SAO PAULO INTERIOR|02 - CONEXOES KRONA|ATACADO|NOV27
02 - CONEXOES KRONA;SAO PAULO INTERIOR;SP;ATACADO;2027-12-01;33269,70;SAO PAULO INTERIOR|02 - CONEXOES KRONA|ATACADO|DEZ27
02 - CONEXOES KRONA;SAO PAULO INTERIOR;SP;OUTROS;2027-01-01;1427,76;SAO PAULO INTERIOR|02 - CONEXOES KRONA|OUTROS|JAN27
02 - CONEXOES KRONA;SAO PAULO INTERIOR;SP;OUTROS;2027-02-01;1441,01;SAO PAULO INTERIOR|02 - CONEXOES KRONA|OUTROS|FEV27
02 - CONEXOES KRONA;SAO PAULO INTERIOR;SP;OUTROS;2027-03-01;1559,24;SAO PAULO INTERIOR|02 - CONEXOES KRONA|OUTROS|MAR27
02 - CONEXOES KRONA;SAO PAULO INTERIOR;SP;OUTROS;2027-04-01;1568,80;SAO PAULO INTERIOR|02 - CONEXOES KRONA|OUTROS|ABR27
02 - CONEXOES KRONA;SAO PAULO INTERIOR;SP;OUTROS;2027-05-01;1065,87;SAO PAULO INTERIOR|02 - CONEXOES KRONA|OUTROS|MAI27
02 - CONEXOES KRONA;SAO PAULO INTERIOR;SP;OUTROS;2027-06-01;1262,39;SAO PAULO INTERIOR|02 - CONEXOES KRONA|OUTROS|JUN27
02 - CONEXOES KRONA;SAO PAULO INTERIOR;SP;OUTROS;2027-07-01;1418,88;SAO PAULO INTERIOR|02 - CONEXOES KRONA|OUTROS|JUL27
02 - CONEXOES KRONA;SAO PAULO INTERIOR;SP;OUTROS;2027-08-01;1202,48;SAO PAULO INTERIOR|02 - CONEXOES KRONA|OUTROS|AGO27
02 - CONEXOES KRONA;SAO PAULO INTERIOR;SP;OUTROS;2027-09-01;1339,28;SAO PAULO INTERIOR|02 - CONEXOES KRONA|OUTROS|SET27
02 - CONEXOES KRONA;SAO PAULO INTERIOR;SP;OUTROS;2027-10-01;1499,55;SAO PAULO INTERIOR|02 - CONEXOES KRONA|OUTROS|OUT27
02 - CONEXOES KRONA;SAO PAULO INTERIOR;SP;OUTROS;2027-11-01;1204,04;SAO PAULO INTERIOR|02 - CONEXOES KRONA|OUTROS|NOV27
02 - CONEXOES KRONA;SAO PAULO INTERIOR;SP;OUTROS;2027-12-01;1746,59;SAO PAULO INTERIOR|02 - CONEXOES KRONA|OUTROS|DEZ27
02 - CONEXOES KRONA;SAO PAULO INTERIOR;SP;VAREJO;2027-01-01;27220,20;SAO PAULO INTERIOR|02 - CONEXOES KRONA|VAREJO|JAN27
02 - CONEXOES KRONA;SAO PAULO INTERIOR;SP;VAREJO;2027-02-01;29300,49;SAO PAULO INTERIOR|02 - CONEXOES KRONA|VAREJO|FEV27
02 - CONEXOES KRONA;SAO PAULO INTERIOR;SP;VAREJO;2027-03-01;32118,47;SAO PAULO INTERIOR|02 - CONEXOES KRONA|VAREJO|MAR27
02 - CONEXOES KRONA;SAO PAULO INTERIOR;SP;VAREJO;2027-04-01;32772,11;SAO PAULO INTERIOR|02 - CONEXOES KRONA|VAREJO|ABR27
02 - CONEXOES KRONA;SAO PAULO INTERIOR;SP;VAREJO;2027-05-01;19356,64;SAO PAULO INTERIOR|02 - CONEXOES KRONA|VAREJO|MAI27
02 - CONEXOES KRONA;SAO PAULO INTERIOR;SP;VAREJO;2027-06-01;25199,35;SAO PAULO INTERIOR|02 - CONEXOES KRONA|VAREJO|JUN27
02 - CONEXOES KRONA;SAO PAULO INTERIOR;SP;VAREJO;2027-07-01;30152,95;SAO PAULO INTERIOR|02 - CONEXOES KRONA|VAREJO|JUL27
02 - CONEXOES KRONA;SAO PAULO INTERIOR;SP;VAREJO;2027-08-01;22625,87;SAO PAULO INTERIOR|02 - CONEXOES KRONA|VAREJO|AGO27
02 - CONEXOES KRONA;SAO PAULO INTERIOR;SP;VAREJO;2027-09-01;26027,08;SAO PAULO INTERIOR|02 - CONEXOES KRONA|VAREJO|SET27
02 - CONEXOES KRONA;SAO PAULO INTERIOR;SP;VAREJO;2027-10-01;29868,38;SAO PAULO INTERIOR|02 - CONEXOES KRONA|VAREJO|OUT27
02 - CONEXOES KRONA;SAO PAULO INTERIOR;SP;VAREJO;2027-11-01;23017,40;SAO PAULO INTERIOR|02 - CONEXOES KRONA|VAREJO|NOV27
02 - CONEXOES KRONA;SAO PAULO INTERIOR;SP;VAREJO;2027-12-01;37656,72;SAO PAULO INTERIOR|02 - CONEXOES KRONA|VAREJO|DEZ27
02 - CONEXOES KRONA;TELEVENDAS;TELEVENDAS;ATACADO;2027-01-01;304,38;TELEVENDAS|02 - CONEXOES KRONA|ATACADO|JAN27
02 - CONEXOES KRONA;TELEVENDAS;TELEVENDAS;ATACADO;2027-02-01;330,77;TELEVENDAS|02 - CONEXOES KRONA|ATACADO|FEV27
02 - CONEXOES KRONA;TELEVENDAS;TELEVENDAS;ATACADO;2027-03-01;320,23;TELEVENDAS|02 - CONEXOES KRONA|ATACADO|MAR27
02 - CONEXOES KRONA;TELEVENDAS;TELEVENDAS;ATACADO;2027-04-01;313,14;TELEVENDAS|02 - CONEXOES KRONA|ATACADO|ABR27
02 - CONEXOES KRONA;TELEVENDAS;TELEVENDAS;ATACADO;2027-05-01;307,49;TELEVENDAS|02 - CONEXOES KRONA|ATACADO|MAI27
02 - CONEXOES KRONA;TELEVENDAS;TELEVENDAS;ATACADO;2027-06-01;307,51;TELEVENDAS|02 - CONEXOES KRONA|ATACADO|JUN27
02 - CONEXOES KRONA;TELEVENDAS;TELEVENDAS;ATACADO;2027-07-01;297,07;TELEVENDAS|02 - CONEXOES KRONA|ATACADO|JUL27
02 - CONEXOES KRONA;TELEVENDAS;TELEVENDAS;ATACADO;2027-08-01;300,03;TELEVENDAS|02 - CONEXOES KRONA|ATACADO|AGO27
02 - CONEXOES KRONA;TELEVENDAS;TELEVENDAS;ATACADO;2027-09-01;303,26;TELEVENDAS|02 - CONEXOES KRONA|ATACADO|SET27
02 - CONEXOES KRONA;TELEVENDAS;TELEVENDAS;ATACADO;2027-10-01;304,70;TELEVENDAS|02 - CONEXOES KRONA|ATACADO|OUT27
02 - CONEXOES KRONA;TELEVENDAS;TELEVENDAS;ATACADO;2027-11-01;303,97;TELEVENDAS|02 - CONEXOES KRONA|ATACADO|NOV27
02 - CONEXOES KRONA;TELEVENDAS;TELEVENDAS;ATACADO;2027-12-01;324,02;TELEVENDAS|02 - CONEXOES KRONA|ATACADO|DEZ27
02 - CONEXOES KRONA;TELEVENDAS;TELEVENDAS;IRRIGACAO;2027-01-01;50,04;TELEVENDAS|02 - CONEXOES KRONA|IRRIGACAO|JAN27
02 - CONEXOES KRONA;TELEVENDAS;TELEVENDAS;IRRIGACAO;2027-02-01;51,04;TELEVENDAS|02 - CONEXOES KRONA|IRRIGACAO|FEV27
02 - CONEXOES KRONA;TELEVENDAS;TELEVENDAS;IRRIGACAO;2027-03-01;49,26;TELEVENDAS|02 - CONEXOES KRONA|IRRIGACAO|MAR27
02 - CONEXOES KRONA;TELEVENDAS;TELEVENDAS;IRRIGACAO;2027-04-01;49,48;TELEVENDAS|02 - CONEXOES KRONA|IRRIGACAO|ABR27
02 - CONEXOES KRONA;TELEVENDAS;TELEVENDAS;IRRIGACAO;2027-05-01;47,44;TELEVENDAS|02 - CONEXOES KRONA|IRRIGACAO|MAI27
02 - CONEXOES KRONA;TELEVENDAS;TELEVENDAS;IRRIGACAO;2027-06-01;48,19;TELEVENDAS|02 - CONEXOES KRONA|IRRIGACAO|JUN27
02 - CONEXOES KRONA;TELEVENDAS;TELEVENDAS;IRRIGACAO;2027-07-01;47,14;TELEVENDAS|02 - CONEXOES KRONA|IRRIGACAO|JUL27
02 - CONEXOES KRONA;TELEVENDAS;TELEVENDAS;IRRIGACAO;2027-08-01;46,30;TELEVENDAS|02 - CONEXOES KRONA|IRRIGACAO|AGO27
02 - CONEXOES KRONA;TELEVENDAS;TELEVENDAS;IRRIGACAO;2027-09-01;47,12;TELEVENDAS|02 - CONEXOES KRONA|IRRIGACAO|SET27
02 - CONEXOES KRONA;TELEVENDAS;TELEVENDAS;IRRIGACAO;2027-10-01;47,49;TELEVENDAS|02 - CONEXOES KRONA|IRRIGACAO|OUT27
02 - CONEXOES KRONA;TELEVENDAS;TELEVENDAS;IRRIGACAO;2027-11-01;48,10;TELEVENDAS|02 - CONEXOES KRONA|IRRIGACAO|NOV27
02 - CONEXOES KRONA;TELEVENDAS;TELEVENDAS;IRRIGACAO;2027-12-01;53,26;TELEVENDAS|02 - CONEXOES KRONA|IRRIGACAO|DEZ27
02 - CONEXOES KRONA;TELEVENDAS;TELEVENDAS;OUTROS;2027-01-01;1520,67;TELEVENDAS|02 - CONEXOES KRONA|OUTROS|JAN27
02 - CONEXOES KRONA;TELEVENDAS;TELEVENDAS;OUTROS;2027-02-01;1607,83;TELEVENDAS|02 - CONEXOES KRONA|OUTROS|FEV27
02 - CONEXOES KRONA;TELEVENDAS;TELEVENDAS;OUTROS;2027-03-01;1539,75;TELEVENDAS|02 - CONEXOES KRONA|OUTROS|MAR27
02 - CONEXOES KRONA;TELEVENDAS;TELEVENDAS;OUTROS;2027-04-01;1566,05;TELEVENDAS|02 - CONEXOES KRONA|OUTROS|ABR27
02 - CONEXOES KRONA;TELEVENDAS;TELEVENDAS;OUTROS;2027-05-01;1488,44;TELEVENDAS|02 - CONEXOES KRONA|OUTROS|MAI27
02 - CONEXOES KRONA;TELEVENDAS;TELEVENDAS;OUTROS;2027-06-01;1560,36;TELEVENDAS|02 - CONEXOES KRONA|OUTROS|JUN27
02 - CONEXOES KRONA;TELEVENDAS;TELEVENDAS;OUTROS;2027-07-01;1446,69;TELEVENDAS|02 - CONEXOES KRONA|OUTROS|JUL27
02 - CONEXOES KRONA;TELEVENDAS;TELEVENDAS;OUTROS;2027-08-01;1598,79;TELEVENDAS|02 - CONEXOES KRONA|OUTROS|AGO27
02 - CONEXOES KRONA;TELEVENDAS;TELEVENDAS;OUTROS;2027-09-01;1660,18;TELEVENDAS|02 - CONEXOES KRONA|OUTROS|SET27
02 - CONEXOES KRONA;TELEVENDAS;TELEVENDAS;OUTROS;2027-10-01;1666,79;TELEVENDAS|02 - CONEXOES KRONA|OUTROS|OUT27
02 - CONEXOES KRONA;TELEVENDAS;TELEVENDAS;OUTROS;2027-11-01;1850,56;TELEVENDAS|02 - CONEXOES KRONA|OUTROS|NOV27
02 - CONEXOES KRONA;TELEVENDAS;TELEVENDAS;OUTROS;2027-12-01;1805,86;TELEVENDAS|02 - CONEXOES KRONA|OUTROS|DEZ27
02 - CONEXOES KRONA;TELEVENDAS;TELEVENDAS;VAREJO;2027-01-01;24141,48;TELEVENDAS|02 - CONEXOES KRONA|VAREJO|JAN27
02 - CONEXOES KRONA;TELEVENDAS;TELEVENDAS;VAREJO;2027-02-01;25629,19;TELEVENDAS|02 - CONEXOES KRONA|VAREJO|FEV27
02 - CONEXOES KRONA;TELEVENDAS;TELEVENDAS;VAREJO;2027-03-01;25569,43;TELEVENDAS|02 - CONEXOES KRONA|VAREJO|MAR27
02 - CONEXOES KRONA;TELEVENDAS;TELEVENDAS;VAREJO;2027-04-01;25788,99;TELEVENDAS|02 - CONEXOES KRONA|VAREJO|ABR27
02 - CONEXOES KRONA;TELEVENDAS;TELEVENDAS;VAREJO;2027-05-01;24913,11;TELEVENDAS|02 - CONEXOES KRONA|VAREJO|MAI27
02 - CONEXOES KRONA;TELEVENDAS;TELEVENDAS;VAREJO;2027-06-01;25505,76;TELEVENDAS|02 - CONEXOES KRONA|VAREJO|JUN27
02 - CONEXOES KRONA;TELEVENDAS;TELEVENDAS;VAREJO;2027-07-01;24827,70;TELEVENDAS|02 - CONEXOES KRONA|VAREJO|JUL27
02 - CONEXOES KRONA;TELEVENDAS;TELEVENDAS;VAREJO;2027-08-01;24571,01;TELEVENDAS|02 - CONEXOES KRONA|VAREJO|AGO27
02 - CONEXOES KRONA;TELEVENDAS;TELEVENDAS;VAREJO;2027-09-01;25176,99;TELEVENDAS|02 - CONEXOES KRONA|VAREJO|SET27
02 - CONEXOES KRONA;TELEVENDAS;TELEVENDAS;VAREJO;2027-10-01;25173,22;TELEVENDAS|02 - CONEXOES KRONA|VAREJO|OUT27
02 - CONEXOES KRONA;TELEVENDAS;TELEVENDAS;VAREJO;2027-11-01;25319,22;TELEVENDAS|02 - CONEXOES KRONA|VAREJO|NOV27
02 - CONEXOES KRONA;TELEVENDAS;TELEVENDAS;VAREJO;2027-12-01;26778,98;TELEVENDAS|02 - CONEXOES KRONA|VAREJO|DEZ27
03 - ACESSORIOS KRONA;CENTRO OESTE;CO NO;ATACADO;2027-01-01;29739,73;CENTRO OESTE|03 - ACESSORIOS KRONA|ATACADO|JAN27
03 - ACESSORIOS KRONA;CENTRO OESTE;CO NO;ATACADO;2027-02-01;27046,35;CENTRO OESTE|03 - ACESSORIOS KRONA|ATACADO|FEV27
03 - ACESSORIOS KRONA;CENTRO OESTE;CO NO;ATACADO;2027-03-01;19467,47;CENTRO OESTE|03 - ACESSORIOS KRONA|ATACADO|MAR27
03 - ACESSORIOS KRONA;CENTRO OESTE;CO NO;ATACADO;2027-04-01;32240,94;CENTRO OESTE|03 - ACESSORIOS KRONA|ATACADO|ABR27
03 - ACESSORIOS KRONA;CENTRO OESTE;CO NO;ATACADO;2027-05-01;17038,61;CENTRO OESTE|03 - ACESSORIOS KRONA|ATACADO|MAI27
03 - ACESSORIOS KRONA;CENTRO OESTE;CO NO;ATACADO;2027-06-01;38184,43;CENTRO OESTE|03 - ACESSORIOS KRONA|ATACADO|JUN27
03 - ACESSORIOS KRONA;CENTRO OESTE;CO NO;ATACADO;2027-07-01;37483,32;CENTRO OESTE|03 - ACESSORIOS KRONA|ATACADO|JUL27
03 - ACESSORIOS KRONA;CENTRO OESTE;CO NO;ATACADO;2027-08-01;23762,69;CENTRO OESTE|03 - ACESSORIOS KRONA|ATACADO|AGO27
03 - ACESSORIOS KRONA;CENTRO OESTE;CO NO;ATACADO;2027-09-01;28016,79;CENTRO OESTE|03 - ACESSORIOS KRONA|ATACADO|SET27
03 - ACESSORIOS KRONA;CENTRO OESTE;CO NO;ATACADO;2027-10-01;39635,63;CENTRO OESTE|03 - ACESSORIOS KRONA|ATACADO|OUT27
03 - ACESSORIOS KRONA;CENTRO OESTE;CO NO;ATACADO;2027-11-01;29761,22;CENTRO OESTE|03 - ACESSORIOS KRONA|ATACADO|NOV27
03 - ACESSORIOS KRONA;CENTRO OESTE;CO NO;ATACADO;2027-12-01;20791,71;CENTRO OESTE|03 - ACESSORIOS KRONA|ATACADO|DEZ27
03 - ACESSORIOS KRONA;CENTRO OESTE;CO NO;OUTROS;2027-01-01;106,57;CENTRO OESTE|03 - ACESSORIOS KRONA|OUTROS|JAN27
03 - ACESSORIOS KRONA;CENTRO OESTE;CO NO;OUTROS;2027-02-01;86,03;CENTRO OESTE|03 - ACESSORIOS KRONA|OUTROS|FEV27
03 - ACESSORIOS KRONA;CENTRO OESTE;CO NO;OUTROS;2027-03-01;57,55;CENTRO OESTE|03 - ACESSORIOS KRONA|OUTROS|MAR27
03 - ACESSORIOS KRONA;CENTRO OESTE;CO NO;OUTROS;2027-04-01;105,40;CENTRO OESTE|03 - ACESSORIOS KRONA|OUTROS|ABR27
03 - ACESSORIOS KRONA;CENTRO OESTE;CO NO;OUTROS;2027-05-01;49,22;CENTRO OESTE|03 - ACESSORIOS KRONA|OUTROS|MAI27
03 - ACESSORIOS KRONA;CENTRO OESTE;CO NO;OUTROS;2027-06-01;82,28;CENTRO OESTE|03 - ACESSORIOS KRONA|OUTROS|JUN27
03 - ACESSORIOS KRONA;CENTRO OESTE;CO NO;OUTROS;2027-07-01;93,65;CENTRO OESTE|03 - ACESSORIOS KRONA|OUTROS|JUL27
03 - ACESSORIOS KRONA;CENTRO OESTE;CO NO;OUTROS;2027-08-01;65,31;CENTRO OESTE|03 - ACESSORIOS KRONA|OUTROS|AGO27
03 - ACESSORIOS KRONA;CENTRO OESTE;CO NO;OUTROS;2027-09-01;69,06;CENTRO OESTE|03 - ACESSORIOS KRONA|OUTROS|SET27
03 - ACESSORIOS KRONA;CENTRO OESTE;CO NO;OUTROS;2027-10-01;136,31;CENTRO OESTE|03 - ACESSORIOS KRONA|OUTROS|OUT27
03 - ACESSORIOS KRONA;CENTRO OESTE;CO NO;OUTROS;2027-11-01;91,76;CENTRO OESTE|03 - ACESSORIOS KRONA|OUTROS|NOV27
03 - ACESSORIOS KRONA;CENTRO OESTE;CO NO;OUTROS;2027-12-01;61,36;CENTRO OESTE|03 - ACESSORIOS KRONA|OUTROS|DEZ27
03 - ACESSORIOS KRONA;CENTRO OESTE;CO NO;VAREJO;2027-01-01;5891,68;CENTRO OESTE|03 - ACESSORIOS KRONA|VAREJO|JAN27
03 - ACESSORIOS KRONA;CENTRO OESTE;CO NO;VAREJO;2027-02-01;5639,46;CENTRO OESTE|03 - ACESSORIOS KRONA|VAREJO|FEV27
03 - ACESSORIOS KRONA;CENTRO OESTE;CO NO;VAREJO;2027-03-01;4271,99;CENTRO OESTE|03 - ACESSORIOS KRONA|VAREJO|MAR27
03 - ACESSORIOS KRONA;CENTRO OESTE;CO NO;VAREJO;2027-04-01;6572,18;CENTRO OESTE|03 - ACESSORIOS KRONA|VAREJO|ABR27
03 - ACESSORIOS KRONA;CENTRO OESTE;CO NO;VAREJO;2027-05-01;3613,83;CENTRO OESTE|03 - ACESSORIOS KRONA|VAREJO|MAI27
03 - ACESSORIOS KRONA;CENTRO OESTE;CO NO;VAREJO;2027-06-01;7031,88;CENTRO OESTE|03 - ACESSORIOS KRONA|VAREJO|JUN27
03 - ACESSORIOS KRONA;CENTRO OESTE;CO NO;VAREJO;2027-07-01;6794,77;CENTRO OESTE|03 - ACESSORIOS KRONA|VAREJO|JUL27
03 - ACESSORIOS KRONA;CENTRO OESTE;CO NO;VAREJO;2027-08-01;4386,01;CENTRO OESTE|03 - ACESSORIOS KRONA|VAREJO|AGO27
03 - ACESSORIOS KRONA;CENTRO OESTE;CO NO;VAREJO;2027-09-01;5122,47;CENTRO OESTE|03 - ACESSORIOS KRONA|VAREJO|SET27
03 - ACESSORIOS KRONA;CENTRO OESTE;CO NO;VAREJO;2027-10-01;6991,46;CENTRO OESTE|03 - ACESSORIOS KRONA|VAREJO|OUT27
03 - ACESSORIOS KRONA;CENTRO OESTE;CO NO;VAREJO;2027-11-01;5269,93;CENTRO OESTE|03 - ACESSORIOS KRONA|VAREJO|NOV27
03 - ACESSORIOS KRONA;CENTRO OESTE;CO NO;VAREJO;2027-12-01;4042,95;CENTRO OESTE|03 - ACESSORIOS KRONA|VAREJO|DEZ27
03 - ACESSORIOS KRONA;CONSTR CENTRO OESTE;CONSTRUTORA;CONSTRUTORA;2027-01-01;570,10;CONSTR CENTRO OESTE|03 - ACESSORIOS KRONA|CONSTRUTORA|JAN27
03 - ACESSORIOS KRONA;CONSTR CENTRO OESTE;CONSTRUTORA;CONSTRUTORA;2027-02-01;577,02;CONSTR CENTRO OESTE|03 - ACESSORIOS KRONA|CONSTRUTORA|FEV27
03 - ACESSORIOS KRONA;CONSTR CENTRO OESTE;CONSTRUTORA;CONSTRUTORA;2027-03-01;573,93;CONSTR CENTRO OESTE|03 - ACESSORIOS KRONA|CONSTRUTORA|MAR27
03 - ACESSORIOS KRONA;CONSTR CENTRO OESTE;CONSTRUTORA;CONSTRUTORA;2027-04-01;582,34;CONSTR CENTRO OESTE|03 - ACESSORIOS KRONA|CONSTRUTORA|ABR27
03 - ACESSORIOS KRONA;CONSTR CENTRO OESTE;CONSTRUTORA;CONSTRUTORA;2027-05-01;590,83;CONSTR CENTRO OESTE|03 - ACESSORIOS KRONA|CONSTRUTORA|MAI27
03 - ACESSORIOS KRONA;CONSTR CENTRO OESTE;CONSTRUTORA;CONSTRUTORA;2027-06-01;578,50;CONSTR CENTRO OESTE|03 - ACESSORIOS KRONA|CONSTRUTORA|JUN27
03 - ACESSORIOS KRONA;CONSTR CENTRO OESTE;CONSTRUTORA;CONSTRUTORA;2027-07-01;586,48;CONSTR CENTRO OESTE|03 - ACESSORIOS KRONA|CONSTRUTORA|JUL27
03 - ACESSORIOS KRONA;CONSTR CENTRO OESTE;CONSTRUTORA;CONSTRUTORA;2027-08-01;610,14;CONSTR CENTRO OESTE|03 - ACESSORIOS KRONA|CONSTRUTORA|AGO27
03 - ACESSORIOS KRONA;CONSTR CENTRO OESTE;CONSTRUTORA;CONSTRUTORA;2027-09-01;623,76;CONSTR CENTRO OESTE|03 - ACESSORIOS KRONA|CONSTRUTORA|SET27
03 - ACESSORIOS KRONA;CONSTR CENTRO OESTE;CONSTRUTORA;CONSTRUTORA;2027-10-01;642,14;CONSTR CENTRO OESTE|03 - ACESSORIOS KRONA|CONSTRUTORA|OUT27
03 - ACESSORIOS KRONA;CONSTR CENTRO OESTE;CONSTRUTORA;CONSTRUTORA;2027-11-01;659,04;CONSTR CENTRO OESTE|03 - ACESSORIOS KRONA|CONSTRUTORA|NOV27
03 - ACESSORIOS KRONA;CONSTR CENTRO OESTE;CONSTRUTORA;CONSTRUTORA;2027-12-01;648,05;CONSTR CENTRO OESTE|03 - ACESSORIOS KRONA|CONSTRUTORA|DEZ27
03 - ACESSORIOS KRONA;CONSTR NORDESTE;CONSTRUTORA;CONSTRUTORA;2027-01-01;4030,76;CONSTR NORDESTE|03 - ACESSORIOS KRONA|CONSTRUTORA|JAN27
03 - ACESSORIOS KRONA;CONSTR NORDESTE;CONSTRUTORA;CONSTRUTORA;2027-02-01;4125,10;CONSTR NORDESTE|03 - ACESSORIOS KRONA|CONSTRUTORA|FEV27
03 - ACESSORIOS KRONA;CONSTR NORDESTE;CONSTRUTORA;CONSTRUTORA;2027-03-01;4289,26;CONSTR NORDESTE|03 - ACESSORIOS KRONA|CONSTRUTORA|MAR27
03 - ACESSORIOS KRONA;CONSTR NORDESTE;CONSTRUTORA;CONSTRUTORA;2027-04-01;4324,20;CONSTR NORDESTE|03 - ACESSORIOS KRONA|CONSTRUTORA|ABR27
03 - ACESSORIOS KRONA;CONSTR NORDESTE;CONSTRUTORA;CONSTRUTORA;2027-05-01;4144,55;CONSTR NORDESTE|03 - ACESSORIOS KRONA|CONSTRUTORA|MAI27
03 - ACESSORIOS KRONA;CONSTR NORDESTE;CONSTRUTORA;CONSTRUTORA;2027-06-01;4141,74;CONSTR NORDESTE|03 - ACESSORIOS KRONA|CONSTRUTORA|JUN27
03 - ACESSORIOS KRONA;CONSTR NORDESTE;CONSTRUTORA;CONSTRUTORA;2027-07-01;4120,63;CONSTR NORDESTE|03 - ACESSORIOS KRONA|CONSTRUTORA|JUL27
03 - ACESSORIOS KRONA;CONSTR NORDESTE;CONSTRUTORA;CONSTRUTORA;2027-08-01;4356,48;CONSTR NORDESTE|03 - ACESSORIOS KRONA|CONSTRUTORA|AGO27
03 - ACESSORIOS KRONA;CONSTR NORDESTE;CONSTRUTORA;CONSTRUTORA;2027-09-01;4421,77;CONSTR NORDESTE|03 - ACESSORIOS KRONA|CONSTRUTORA|SET27
03 - ACESSORIOS KRONA;CONSTR NORDESTE;CONSTRUTORA;CONSTRUTORA;2027-10-01;4439,89;CONSTR NORDESTE|03 - ACESSORIOS KRONA|CONSTRUTORA|OUT27
03 - ACESSORIOS KRONA;CONSTR NORDESTE;CONSTRUTORA;CONSTRUTORA;2027-11-01;4474,18;CONSTR NORDESTE|03 - ACESSORIOS KRONA|CONSTRUTORA|NOV27
03 - ACESSORIOS KRONA;CONSTR NORDESTE;CONSTRUTORA;CONSTRUTORA;2027-12-01;4604,72;CONSTR NORDESTE|03 - ACESSORIOS KRONA|CONSTRUTORA|DEZ27
03 - ACESSORIOS KRONA;CONSTR NORDESTE;CONSTRUTORA;OUTROS;2027-01-01;0,63;CONSTR NORDESTE|03 - ACESSORIOS KRONA|OUTROS|JAN27
03 - ACESSORIOS KRONA;CONSTR NORDESTE;CONSTRUTORA;OUTROS;2027-02-01;0,45;CONSTR NORDESTE|03 - ACESSORIOS KRONA|OUTROS|FEV27
03 - ACESSORIOS KRONA;CONSTR NORDESTE;CONSTRUTORA;OUTROS;2027-03-01;0,51;CONSTR NORDESTE|03 - ACESSORIOS KRONA|OUTROS|MAR27
03 - ACESSORIOS KRONA;CONSTR NORDESTE;CONSTRUTORA;OUTROS;2027-04-01;0,46;CONSTR NORDESTE|03 - ACESSORIOS KRONA|OUTROS|ABR27
03 - ACESSORIOS KRONA;CONSTR NORDESTE;CONSTRUTORA;OUTROS;2027-05-01;0,36;CONSTR NORDESTE|03 - ACESSORIOS KRONA|OUTROS|MAI27
03 - ACESSORIOS KRONA;CONSTR NORDESTE;CONSTRUTORA;OUTROS;2027-06-01;0,39;CONSTR NORDESTE|03 - ACESSORIOS KRONA|OUTROS|JUN27
03 - ACESSORIOS KRONA;CONSTR NORDESTE;CONSTRUTORA;OUTROS;2027-07-01;0,44;CONSTR NORDESTE|03 - ACESSORIOS KRONA|OUTROS|JUL27
03 - ACESSORIOS KRONA;CONSTR NORDESTE;CONSTRUTORA;OUTROS;2027-08-01;0,39;CONSTR NORDESTE|03 - ACESSORIOS KRONA|OUTROS|AGO27
03 - ACESSORIOS KRONA;CONSTR NORDESTE;CONSTRUTORA;OUTROS;2027-09-01;0,56;CONSTR NORDESTE|03 - ACESSORIOS KRONA|OUTROS|SET27
03 - ACESSORIOS KRONA;CONSTR NORDESTE;CONSTRUTORA;OUTROS;2027-10-01;0,42;CONSTR NORDESTE|03 - ACESSORIOS KRONA|OUTROS|OUT27
03 - ACESSORIOS KRONA;CONSTR NORDESTE;CONSTRUTORA;OUTROS;2027-11-01;0,76;CONSTR NORDESTE|03 - ACESSORIOS KRONA|OUTROS|NOV27
03 - ACESSORIOS KRONA;CONSTR NORDESTE;CONSTRUTORA;OUTROS;2027-12-01;0,64;CONSTR NORDESTE|03 - ACESSORIOS KRONA|OUTROS|DEZ27
03 - ACESSORIOS KRONA;CONSTR NORTE;CONSTRUTORA;CONSTRUTORA;2027-01-01;44,30;CONSTR NORTE|03 - ACESSORIOS KRONA|CONSTRUTORA|JAN27
03 - ACESSORIOS KRONA;CONSTR NORTE;CONSTRUTORA;CONSTRUTORA;2027-02-01;64,41;CONSTR NORTE|03 - ACESSORIOS KRONA|CONSTRUTORA|FEV27
03 - ACESSORIOS KRONA;CONSTR NORTE;CONSTRUTORA;CONSTRUTORA;2027-03-01;129,74;CONSTR NORTE|03 - ACESSORIOS KRONA|CONSTRUTORA|MAR27
03 - ACESSORIOS KRONA;CONSTR NORTE;CONSTRUTORA;CONSTRUTORA;2027-04-01;171,41;CONSTR NORTE|03 - ACESSORIOS KRONA|CONSTRUTORA|ABR27
03 - ACESSORIOS KRONA;CONSTR NORTE;CONSTRUTORA;CONSTRUTORA;2027-05-01;55,43;CONSTR NORTE|03 - ACESSORIOS KRONA|CONSTRUTORA|MAI27
03 - ACESSORIOS KRONA;CONSTR NORTE;CONSTRUTORA;CONSTRUTORA;2027-06-01;70,82;CONSTR NORTE|03 - ACESSORIOS KRONA|CONSTRUTORA|JUN27
03 - ACESSORIOS KRONA;CONSTR NORTE;CONSTRUTORA;CONSTRUTORA;2027-07-01;60,35;CONSTR NORTE|03 - ACESSORIOS KRONA|CONSTRUTORA|JUL27
03 - ACESSORIOS KRONA;CONSTR NORTE;CONSTRUTORA;CONSTRUTORA;2027-08-01;30,06;CONSTR NORTE|03 - ACESSORIOS KRONA|CONSTRUTORA|AGO27
03 - ACESSORIOS KRONA;CONSTR NORTE;CONSTRUTORA;CONSTRUTORA;2027-09-01;50,38;CONSTR NORTE|03 - ACESSORIOS KRONA|CONSTRUTORA|SET27
03 - ACESSORIOS KRONA;CONSTR NORTE;CONSTRUTORA;CONSTRUTORA;2027-10-01;162,86;CONSTR NORTE|03 - ACESSORIOS KRONA|CONSTRUTORA|OUT27
03 - ACESSORIOS KRONA;CONSTR NORTE;CONSTRUTORA;CONSTRUTORA;2027-11-01;34,74;CONSTR NORTE|03 - ACESSORIOS KRONA|CONSTRUTORA|NOV27
03 - ACESSORIOS KRONA;CONSTR NORTE;CONSTRUTORA;CONSTRUTORA;2027-12-01;33,31;CONSTR NORTE|03 - ACESSORIOS KRONA|CONSTRUTORA|DEZ27
03 - ACESSORIOS KRONA;CONSTR SAO PAULO;CONSTRUTORA;CONSTRUTORA;2027-01-01;473,05;CONSTR SAO PAULO|03 - ACESSORIOS KRONA|CONSTRUTORA|JAN27
03 - ACESSORIOS KRONA;CONSTR SAO PAULO;CONSTRUTORA;CONSTRUTORA;2027-02-01;599,74;CONSTR SAO PAULO|03 - ACESSORIOS KRONA|CONSTRUTORA|FEV27
03 - ACESSORIOS KRONA;CONSTR SAO PAULO;CONSTRUTORA;CONSTRUTORA;2027-03-01;489,64;CONSTR SAO PAULO|03 - ACESSORIOS KRONA|CONSTRUTORA|MAR27
03 - ACESSORIOS KRONA;CONSTR SAO PAULO;CONSTRUTORA;CONSTRUTORA;2027-04-01;440,55;CONSTR SAO PAULO|03 - ACESSORIOS KRONA|CONSTRUTORA|ABR27
03 - ACESSORIOS KRONA;CONSTR SAO PAULO;CONSTRUTORA;CONSTRUTORA;2027-05-01;449,29;CONSTR SAO PAULO|03 - ACESSORIOS KRONA|CONSTRUTORA|MAI27
03 - ACESSORIOS KRONA;CONSTR SAO PAULO;CONSTRUTORA;CONSTRUTORA;2027-06-01;663,48;CONSTR SAO PAULO|03 - ACESSORIOS KRONA|CONSTRUTORA|JUN27
03 - ACESSORIOS KRONA;CONSTR SAO PAULO;CONSTRUTORA;CONSTRUTORA;2027-07-01;647,86;CONSTR SAO PAULO|03 - ACESSORIOS KRONA|CONSTRUTORA|JUL27
03 - ACESSORIOS KRONA;CONSTR SAO PAULO;CONSTRUTORA;CONSTRUTORA;2027-08-01;486,94;CONSTR SAO PAULO|03 - ACESSORIOS KRONA|CONSTRUTORA|AGO27
03 - ACESSORIOS KRONA;CONSTR SAO PAULO;CONSTRUTORA;CONSTRUTORA;2027-09-01;900,99;CONSTR SAO PAULO|03 - ACESSORIOS KRONA|CONSTRUTORA|SET27
03 - ACESSORIOS KRONA;CONSTR SAO PAULO;CONSTRUTORA;CONSTRUTORA;2027-10-01;1097,13;CONSTR SAO PAULO|03 - ACESSORIOS KRONA|CONSTRUTORA|OUT27
03 - ACESSORIOS KRONA;CONSTR SAO PAULO;CONSTRUTORA;CONSTRUTORA;2027-11-01;628,58;CONSTR SAO PAULO|03 - ACESSORIOS KRONA|CONSTRUTORA|NOV27
03 - ACESSORIOS KRONA;CONSTR SAO PAULO;CONSTRUTORA;CONSTRUTORA;2027-12-01;503,63;CONSTR SAO PAULO|03 - ACESSORIOS KRONA|CONSTRUTORA|DEZ27
03 - ACESSORIOS KRONA;CONSTR SAO PAULO;CONSTRUTORA;VAREJO;2027-01-01;0,28;CONSTR SAO PAULO|03 - ACESSORIOS KRONA|VAREJO|JAN27
03 - ACESSORIOS KRONA;CONSTR SAO PAULO;CONSTRUTORA;VAREJO;2027-02-01;0,28;CONSTR SAO PAULO|03 - ACESSORIOS KRONA|VAREJO|FEV27
03 - ACESSORIOS KRONA;CONSTR SAO PAULO;CONSTRUTORA;VAREJO;2027-03-01;0,27;CONSTR SAO PAULO|03 - ACESSORIOS KRONA|VAREJO|MAR27
03 - ACESSORIOS KRONA;CONSTR SAO PAULO;CONSTRUTORA;VAREJO;2027-04-01;0,27;CONSTR SAO PAULO|03 - ACESSORIOS KRONA|VAREJO|ABR27
03 - ACESSORIOS KRONA;CONSTR SAO PAULO;CONSTRUTORA;VAREJO;2027-05-01;0,26;CONSTR SAO PAULO|03 - ACESSORIOS KRONA|VAREJO|MAI27
03 - ACESSORIOS KRONA;CONSTR SAO PAULO;CONSTRUTORA;VAREJO;2027-06-01;0,28;CONSTR SAO PAULO|03 - ACESSORIOS KRONA|VAREJO|JUN27
03 - ACESSORIOS KRONA;CONSTR SAO PAULO;CONSTRUTORA;VAREJO;2027-07-01;0,28;CONSTR SAO PAULO|03 - ACESSORIOS KRONA|VAREJO|JUL27
03 - ACESSORIOS KRONA;CONSTR SAO PAULO;CONSTRUTORA;VAREJO;2027-08-01;0,29;CONSTR SAO PAULO|03 - ACESSORIOS KRONA|VAREJO|AGO27
03 - ACESSORIOS KRONA;CONSTR SAO PAULO;CONSTRUTORA;VAREJO;2027-09-01;0,27;CONSTR SAO PAULO|03 - ACESSORIOS KRONA|VAREJO|SET27
03 - ACESSORIOS KRONA;CONSTR SAO PAULO;CONSTRUTORA;VAREJO;2027-10-01;0,29;CONSTR SAO PAULO|03 - ACESSORIOS KRONA|VAREJO|OUT27
03 - ACESSORIOS KRONA;CONSTR SAO PAULO;CONSTRUTORA;VAREJO;2027-11-01;0,26;CONSTR SAO PAULO|03 - ACESSORIOS KRONA|VAREJO|NOV27
03 - ACESSORIOS KRONA;CONSTR SAO PAULO;CONSTRUTORA;VAREJO;2027-12-01;0,25;CONSTR SAO PAULO|03 - ACESSORIOS KRONA|VAREJO|DEZ27
03 - ACESSORIOS KRONA;CONSTR SUDESTE;CONSTRUTORA;CONSTRUTORA;2027-01-01;412,67;CONSTR SUDESTE|03 - ACESSORIOS KRONA|CONSTRUTORA|JAN27
03 - ACESSORIOS KRONA;CONSTR SUDESTE;CONSTRUTORA;CONSTRUTORA;2027-02-01;417,46;CONSTR SUDESTE|03 - ACESSORIOS KRONA|CONSTRUTORA|FEV27
03 - ACESSORIOS KRONA;CONSTR SUDESTE;CONSTRUTORA;CONSTRUTORA;2027-03-01;532,15;CONSTR SUDESTE|03 - ACESSORIOS KRONA|CONSTRUTORA|MAR27
03 - ACESSORIOS KRONA;CONSTR SUDESTE;CONSTRUTORA;CONSTRUTORA;2027-04-01;426,18;CONSTR SUDESTE|03 - ACESSORIOS KRONA|CONSTRUTORA|ABR27
03 - ACESSORIOS KRONA;CONSTR SUDESTE;CONSTRUTORA;CONSTRUTORA;2027-05-01;369,00;CONSTR SUDESTE|03 - ACESSORIOS KRONA|CONSTRUTORA|MAI27
03 - ACESSORIOS KRONA;CONSTR SUDESTE;CONSTRUTORA;CONSTRUTORA;2027-06-01;383,56;CONSTR SUDESTE|03 - ACESSORIOS KRONA|CONSTRUTORA|JUN27
03 - ACESSORIOS KRONA;CONSTR SUDESTE;CONSTRUTORA;CONSTRUTORA;2027-07-01;531,50;CONSTR SUDESTE|03 - ACESSORIOS KRONA|CONSTRUTORA|JUL27
03 - ACESSORIOS KRONA;CONSTR SUDESTE;CONSTRUTORA;CONSTRUTORA;2027-08-01;424,79;CONSTR SUDESTE|03 - ACESSORIOS KRONA|CONSTRUTORA|AGO27
03 - ACESSORIOS KRONA;CONSTR SUDESTE;CONSTRUTORA;CONSTRUTORA;2027-09-01;421,90;CONSTR SUDESTE|03 - ACESSORIOS KRONA|CONSTRUTORA|SET27
03 - ACESSORIOS KRONA;CONSTR SUDESTE;CONSTRUTORA;CONSTRUTORA;2027-10-01;449,70;CONSTR SUDESTE|03 - ACESSORIOS KRONA|CONSTRUTORA|OUT27
03 - ACESSORIOS KRONA;CONSTR SUDESTE;CONSTRUTORA;CONSTRUTORA;2027-11-01;420,90;CONSTR SUDESTE|03 - ACESSORIOS KRONA|CONSTRUTORA|NOV27
03 - ACESSORIOS KRONA;CONSTR SUDESTE;CONSTRUTORA;CONSTRUTORA;2027-12-01;403,38;CONSTR SUDESTE|03 - ACESSORIOS KRONA|CONSTRUTORA|DEZ27
03 - ACESSORIOS KRONA;CONSTR SUL;CONSTRUTORA;CONSTRUTORA;2027-01-01;946,36;CONSTR SUL|03 - ACESSORIOS KRONA|CONSTRUTORA|JAN27
03 - ACESSORIOS KRONA;CONSTR SUL;CONSTRUTORA;CONSTRUTORA;2027-02-01;1065,29;CONSTR SUL|03 - ACESSORIOS KRONA|CONSTRUTORA|FEV27
03 - ACESSORIOS KRONA;CONSTR SUL;CONSTRUTORA;CONSTRUTORA;2027-03-01;1131,73;CONSTR SUL|03 - ACESSORIOS KRONA|CONSTRUTORA|MAR27
03 - ACESSORIOS KRONA;CONSTR SUL;CONSTRUTORA;CONSTRUTORA;2027-04-01;1071,59;CONSTR SUL|03 - ACESSORIOS KRONA|CONSTRUTORA|ABR27
03 - ACESSORIOS KRONA;CONSTR SUL;CONSTRUTORA;CONSTRUTORA;2027-05-01;811,32;CONSTR SUL|03 - ACESSORIOS KRONA|CONSTRUTORA|MAI27
03 - ACESSORIOS KRONA;CONSTR SUL;CONSTRUTORA;CONSTRUTORA;2027-06-01;970,69;CONSTR SUL|03 - ACESSORIOS KRONA|CONSTRUTORA|JUN27
03 - ACESSORIOS KRONA;CONSTR SUL;CONSTRUTORA;CONSTRUTORA;2027-07-01;1096,50;CONSTR SUL|03 - ACESSORIOS KRONA|CONSTRUTORA|JUL27
03 - ACESSORIOS KRONA;CONSTR SUL;CONSTRUTORA;CONSTRUTORA;2027-08-01;975,85;CONSTR SUL|03 - ACESSORIOS KRONA|CONSTRUTORA|AGO27
03 - ACESSORIOS KRONA;CONSTR SUL;CONSTRUTORA;CONSTRUTORA;2027-09-01;926,72;CONSTR SUL|03 - ACESSORIOS KRONA|CONSTRUTORA|SET27
03 - ACESSORIOS KRONA;CONSTR SUL;CONSTRUTORA;CONSTRUTORA;2027-10-01;996,34;CONSTR SUL|03 - ACESSORIOS KRONA|CONSTRUTORA|OUT27
03 - ACESSORIOS KRONA;CONSTR SUL;CONSTRUTORA;CONSTRUTORA;2027-11-01;1072,69;CONSTR SUL|03 - ACESSORIOS KRONA|CONSTRUTORA|NOV27
03 - ACESSORIOS KRONA;CONSTR SUL;CONSTRUTORA;CONSTRUTORA;2027-12-01;974,49;CONSTR SUL|03 - ACESSORIOS KRONA|CONSTRUTORA|DEZ27
03 - ACESSORIOS KRONA;CONSTR SUL;CONSTRUTORA;OUTROS;2027-01-01;0,10;CONSTR SUL|03 - ACESSORIOS KRONA|OUTROS|JAN27
03 - ACESSORIOS KRONA;CONSTR SUL;CONSTRUTORA;OUTROS;2027-02-01;0,11;CONSTR SUL|03 - ACESSORIOS KRONA|OUTROS|FEV27
03 - ACESSORIOS KRONA;CONSTR SUL;CONSTRUTORA;OUTROS;2027-03-01;0,07;CONSTR SUL|03 - ACESSORIOS KRONA|OUTROS|MAR27
03 - ACESSORIOS KRONA;CONSTR SUL;CONSTRUTORA;OUTROS;2027-04-01;0,11;CONSTR SUL|03 - ACESSORIOS KRONA|OUTROS|ABR27
03 - ACESSORIOS KRONA;CONSTR SUL;CONSTRUTORA;OUTROS;2027-05-01;0,06;CONSTR SUL|03 - ACESSORIOS KRONA|OUTROS|MAI27
03 - ACESSORIOS KRONA;CONSTR SUL;CONSTRUTORA;OUTROS;2027-06-01;0,13;CONSTR SUL|03 - ACESSORIOS KRONA|OUTROS|JUN27
03 - ACESSORIOS KRONA;CONSTR SUL;CONSTRUTORA;OUTROS;2027-07-01;0,11;CONSTR SUL|03 - ACESSORIOS KRONA|OUTROS|JUL27
03 - ACESSORIOS KRONA;CONSTR SUL;CONSTRUTORA;OUTROS;2027-08-01;0,11;CONSTR SUL|03 - ACESSORIOS KRONA|OUTROS|AGO27
03 - ACESSORIOS KRONA;CONSTR SUL;CONSTRUTORA;OUTROS;2027-09-01;0,12;CONSTR SUL|03 - ACESSORIOS KRONA|OUTROS|SET27
03 - ACESSORIOS KRONA;CONSTR SUL;CONSTRUTORA;OUTROS;2027-10-01;0,09;CONSTR SUL|03 - ACESSORIOS KRONA|OUTROS|OUT27
03 - ACESSORIOS KRONA;CONSTR SUL;CONSTRUTORA;OUTROS;2027-11-01;0,09;CONSTR SUL|03 - ACESSORIOS KRONA|OUTROS|NOV27
03 - ACESSORIOS KRONA;CONSTR SUL;CONSTRUTORA;OUTROS;2027-12-01;0,13;CONSTR SUL|03 - ACESSORIOS KRONA|OUTROS|DEZ27
03 - ACESSORIOS KRONA;CONSTR SUL;CONSTRUTORA;VAREJO;2027-01-01;0,96;CONSTR SUL|03 - ACESSORIOS KRONA|VAREJO|JAN27
03 - ACESSORIOS KRONA;CONSTR SUL;CONSTRUTORA;VAREJO;2027-02-01;1,05;CONSTR SUL|03 - ACESSORIOS KRONA|VAREJO|FEV27
03 - ACESSORIOS KRONA;CONSTR SUL;CONSTRUTORA;VAREJO;2027-03-01;0,66;CONSTR SUL|03 - ACESSORIOS KRONA|VAREJO|MAR27
03 - ACESSORIOS KRONA;CONSTR SUL;CONSTRUTORA;VAREJO;2027-04-01;0,64;CONSTR SUL|03 - ACESSORIOS KRONA|VAREJO|ABR27
03 - ACESSORIOS KRONA;CONSTR SUL;CONSTRUTORA;VAREJO;2027-05-01;0,89;CONSTR SUL|03 - ACESSORIOS KRONA|VAREJO|MAI27
03 - ACESSORIOS KRONA;CONSTR SUL;CONSTRUTORA;VAREJO;2027-06-01;0,64;CONSTR SUL|03 - ACESSORIOS KRONA|VAREJO|JUN27
03 - ACESSORIOS KRONA;CONSTR SUL;CONSTRUTORA;VAREJO;2027-07-01;1,14;CONSTR SUL|03 - ACESSORIOS KRONA|VAREJO|JUL27
03 - ACESSORIOS KRONA;CONSTR SUL;CONSTRUTORA;VAREJO;2027-08-01;0,74;CONSTR SUL|03 - ACESSORIOS KRONA|VAREJO|AGO27
03 - ACESSORIOS KRONA;CONSTR SUL;CONSTRUTORA;VAREJO;2027-09-01;0,86;CONSTR SUL|03 - ACESSORIOS KRONA|VAREJO|SET27
03 - ACESSORIOS KRONA;CONSTR SUL;CONSTRUTORA;VAREJO;2027-10-01;0,67;CONSTR SUL|03 - ACESSORIOS KRONA|VAREJO|OUT27
03 - ACESSORIOS KRONA;CONSTR SUL;CONSTRUTORA;VAREJO;2027-11-01;1,13;CONSTR SUL|03 - ACESSORIOS KRONA|VAREJO|NOV27
03 - ACESSORIOS KRONA;CONSTR SUL;CONSTRUTORA;VAREJO;2027-12-01;0,85;CONSTR SUL|03 - ACESSORIOS KRONA|VAREJO|DEZ27
03 - ACESSORIOS KRONA;EXPORTACAO;EXPORTACAO;EXPORTACAO;2027-01-01;12738,16;EXPORTACAO|03 - ACESSORIOS KRONA|EXPORTACAO|JAN27
03 - ACESSORIOS KRONA;EXPORTACAO;EXPORTACAO;EXPORTACAO;2027-02-01;9214,78;EXPORTACAO|03 - ACESSORIOS KRONA|EXPORTACAO|FEV27
03 - ACESSORIOS KRONA;EXPORTACAO;EXPORTACAO;EXPORTACAO;2027-03-01;13133,62;EXPORTACAO|03 - ACESSORIOS KRONA|EXPORTACAO|MAR27
03 - ACESSORIOS KRONA;EXPORTACAO;EXPORTACAO;EXPORTACAO;2027-04-01;13312,53;EXPORTACAO|03 - ACESSORIOS KRONA|EXPORTACAO|ABR27
03 - ACESSORIOS KRONA;EXPORTACAO;EXPORTACAO;EXPORTACAO;2027-05-01;11592,63;EXPORTACAO|03 - ACESSORIOS KRONA|EXPORTACAO|MAI27
03 - ACESSORIOS KRONA;EXPORTACAO;EXPORTACAO;EXPORTACAO;2027-06-01;11398,88;EXPORTACAO|03 - ACESSORIOS KRONA|EXPORTACAO|JUN27
03 - ACESSORIOS KRONA;EXPORTACAO;EXPORTACAO;EXPORTACAO;2027-07-01;14558,36;EXPORTACAO|03 - ACESSORIOS KRONA|EXPORTACAO|JUL27
03 - ACESSORIOS KRONA;EXPORTACAO;EXPORTACAO;EXPORTACAO;2027-08-01;11127,71;EXPORTACAO|03 - ACESSORIOS KRONA|EXPORTACAO|AGO27
03 - ACESSORIOS KRONA;EXPORTACAO;EXPORTACAO;EXPORTACAO;2027-09-01;16801,59;EXPORTACAO|03 - ACESSORIOS KRONA|EXPORTACAO|SET27
03 - ACESSORIOS KRONA;EXPORTACAO;EXPORTACAO;EXPORTACAO;2027-10-01;11213,21;EXPORTACAO|03 - ACESSORIOS KRONA|EXPORTACAO|OUT27
03 - ACESSORIOS KRONA;EXPORTACAO;EXPORTACAO;EXPORTACAO;2027-11-01;12481,55;EXPORTACAO|03 - ACESSORIOS KRONA|EXPORTACAO|NOV27
03 - ACESSORIOS KRONA;EXPORTACAO;EXPORTACAO;EXPORTACAO;2027-12-01;13337,76;EXPORTACAO|03 - ACESSORIOS KRONA|EXPORTACAO|DEZ27
03 - ACESSORIOS KRONA;EXPORTACAO;EXPORTACAO;VAREJO;2027-01-01;549,97;EXPORTACAO|03 - ACESSORIOS KRONA|VAREJO|JAN27
03 - ACESSORIOS KRONA;EXPORTACAO;EXPORTACAO;VAREJO;2027-02-01;410,53;EXPORTACAO|03 - ACESSORIOS KRONA|VAREJO|FEV27
03 - ACESSORIOS KRONA;EXPORTACAO;EXPORTACAO;VAREJO;2027-03-01;508,39;EXPORTACAO|03 - ACESSORIOS KRONA|VAREJO|MAR27
03 - ACESSORIOS KRONA;EXPORTACAO;EXPORTACAO;VAREJO;2027-04-01;529,61;EXPORTACAO|03 - ACESSORIOS KRONA|VAREJO|ABR27
03 - ACESSORIOS KRONA;EXPORTACAO;EXPORTACAO;VAREJO;2027-05-01;466,23;EXPORTACAO|03 - ACESSORIOS KRONA|VAREJO|MAI27
03 - ACESSORIOS KRONA;EXPORTACAO;EXPORTACAO;VAREJO;2027-06-01;512,40;EXPORTACAO|03 - ACESSORIOS KRONA|VAREJO|JUN27
03 - ACESSORIOS KRONA;EXPORTACAO;EXPORTACAO;VAREJO;2027-07-01;595,83;EXPORTACAO|03 - ACESSORIOS KRONA|VAREJO|JUL27
03 - ACESSORIOS KRONA;EXPORTACAO;EXPORTACAO;VAREJO;2027-08-01;448,45;EXPORTACAO|03 - ACESSORIOS KRONA|VAREJO|AGO27
03 - ACESSORIOS KRONA;EXPORTACAO;EXPORTACAO;VAREJO;2027-09-01;786,77;EXPORTACAO|03 - ACESSORIOS KRONA|VAREJO|SET27
03 - ACESSORIOS KRONA;EXPORTACAO;EXPORTACAO;VAREJO;2027-10-01;504,43;EXPORTACAO|03 - ACESSORIOS KRONA|VAREJO|OUT27
03 - ACESSORIOS KRONA;EXPORTACAO;EXPORTACAO;VAREJO;2027-11-01;525,42;EXPORTACAO|03 - ACESSORIOS KRONA|VAREJO|NOV27
03 - ACESSORIOS KRONA;EXPORTACAO;EXPORTACAO;VAREJO;2027-12-01;562,59;EXPORTACAO|03 - ACESSORIOS KRONA|VAREJO|DEZ27
03 - ACESSORIOS KRONA;IRRIGACAO 1;IRRIGACAO;IRRIGACAO;2027-01-01;108,96;IRRIGACAO 1|03 - ACESSORIOS KRONA|IRRIGACAO|JAN27
03 - ACESSORIOS KRONA;IRRIGACAO 1;IRRIGACAO;IRRIGACAO;2027-02-01;101,08;IRRIGACAO 1|03 - ACESSORIOS KRONA|IRRIGACAO|FEV27
03 - ACESSORIOS KRONA;IRRIGACAO 1;IRRIGACAO;IRRIGACAO;2027-03-01;89,40;IRRIGACAO 1|03 - ACESSORIOS KRONA|IRRIGACAO|MAR27
03 - ACESSORIOS KRONA;IRRIGACAO 1;IRRIGACAO;IRRIGACAO;2027-04-01;81,01;IRRIGACAO 1|03 - ACESSORIOS KRONA|IRRIGACAO|ABR27
03 - ACESSORIOS KRONA;IRRIGACAO 1;IRRIGACAO;IRRIGACAO;2027-05-01;85,40;IRRIGACAO 1|03 - ACESSORIOS KRONA|IRRIGACAO|MAI27
03 - ACESSORIOS KRONA;IRRIGACAO 1;IRRIGACAO;IRRIGACAO;2027-06-01;104,22;IRRIGACAO 1|03 - ACESSORIOS KRONA|IRRIGACAO|JUN27
03 - ACESSORIOS KRONA;IRRIGACAO 1;IRRIGACAO;IRRIGACAO;2027-07-01;81,10;IRRIGACAO 1|03 - ACESSORIOS KRONA|IRRIGACAO|JUL27
03 - ACESSORIOS KRONA;IRRIGACAO 1;IRRIGACAO;IRRIGACAO;2027-08-01;88,21;IRRIGACAO 1|03 - ACESSORIOS KRONA|IRRIGACAO|AGO27
03 - ACESSORIOS KRONA;IRRIGACAO 1;IRRIGACAO;IRRIGACAO;2027-09-01;101,54;IRRIGACAO 1|03 - ACESSORIOS KRONA|IRRIGACAO|SET27
03 - ACESSORIOS KRONA;IRRIGACAO 1;IRRIGACAO;IRRIGACAO;2027-10-01;122,59;IRRIGACAO 1|03 - ACESSORIOS KRONA|IRRIGACAO|OUT27
03 - ACESSORIOS KRONA;IRRIGACAO 1;IRRIGACAO;IRRIGACAO;2027-11-01;80,38;IRRIGACAO 1|03 - ACESSORIOS KRONA|IRRIGACAO|NOV27
03 - ACESSORIOS KRONA;IRRIGACAO 1;IRRIGACAO;IRRIGACAO;2027-12-01;73,94;IRRIGACAO 1|03 - ACESSORIOS KRONA|IRRIGACAO|DEZ27
03 - ACESSORIOS KRONA;IRRIGACAO 2;IRRIGACAO;IRRIGACAO;2027-01-01;85,48;IRRIGACAO 2|03 - ACESSORIOS KRONA|IRRIGACAO|JAN27
03 - ACESSORIOS KRONA;IRRIGACAO 2;IRRIGACAO;IRRIGACAO;2027-02-01;63,94;IRRIGACAO 2|03 - ACESSORIOS KRONA|IRRIGACAO|FEV27
03 - ACESSORIOS KRONA;IRRIGACAO 2;IRRIGACAO;IRRIGACAO;2027-03-01;56,53;IRRIGACAO 2|03 - ACESSORIOS KRONA|IRRIGACAO|MAR27
03 - ACESSORIOS KRONA;IRRIGACAO 2;IRRIGACAO;IRRIGACAO;2027-04-01;54,61;IRRIGACAO 2|03 - ACESSORIOS KRONA|IRRIGACAO|ABR27
03 - ACESSORIOS KRONA;IRRIGACAO 2;IRRIGACAO;IRRIGACAO;2027-05-01;47,97;IRRIGACAO 2|03 - ACESSORIOS KRONA|IRRIGACAO|MAI27
03 - ACESSORIOS KRONA;IRRIGACAO 2;IRRIGACAO;IRRIGACAO;2027-06-01;45,59;IRRIGACAO 2|03 - ACESSORIOS KRONA|IRRIGACAO|JUN27
03 - ACESSORIOS KRONA;IRRIGACAO 2;IRRIGACAO;IRRIGACAO;2027-07-01;46,96;IRRIGACAO 2|03 - ACESSORIOS KRONA|IRRIGACAO|JUL27
03 - ACESSORIOS KRONA;IRRIGACAO 2;IRRIGACAO;IRRIGACAO;2027-08-01;46,09;IRRIGACAO 2|03 - ACESSORIOS KRONA|IRRIGACAO|AGO27
03 - ACESSORIOS KRONA;IRRIGACAO 2;IRRIGACAO;IRRIGACAO;2027-09-01;51,29;IRRIGACAO 2|03 - ACESSORIOS KRONA|IRRIGACAO|SET27
03 - ACESSORIOS KRONA;IRRIGACAO 2;IRRIGACAO;IRRIGACAO;2027-10-01;48,00;IRRIGACAO 2|03 - ACESSORIOS KRONA|IRRIGACAO|OUT27
03 - ACESSORIOS KRONA;IRRIGACAO 2;IRRIGACAO;IRRIGACAO;2027-11-01;50,41;IRRIGACAO 2|03 - ACESSORIOS KRONA|IRRIGACAO|NOV27
03 - ACESSORIOS KRONA;IRRIGACAO 2;IRRIGACAO;IRRIGACAO;2027-12-01;53,26;IRRIGACAO 2|03 - ACESSORIOS KRONA|IRRIGACAO|DEZ27
03 - ACESSORIOS KRONA;MINAS GERAIS;MINAS RJ/ES;ATACADO;2027-01-01;52653,09;MINAS GERAIS|03 - ACESSORIOS KRONA|ATACADO|JAN27
03 - ACESSORIOS KRONA;MINAS GERAIS;MINAS RJ/ES;ATACADO;2027-02-01;51870,17;MINAS GERAIS|03 - ACESSORIOS KRONA|ATACADO|FEV27
03 - ACESSORIOS KRONA;MINAS GERAIS;MINAS RJ/ES;ATACADO;2027-03-01;57675,60;MINAS GERAIS|03 - ACESSORIOS KRONA|ATACADO|MAR27
03 - ACESSORIOS KRONA;MINAS GERAIS;MINAS RJ/ES;ATACADO;2027-04-01;54758,14;MINAS GERAIS|03 - ACESSORIOS KRONA|ATACADO|ABR27
03 - ACESSORIOS KRONA;MINAS GERAIS;MINAS RJ/ES;ATACADO;2027-05-01;51238,30;MINAS GERAIS|03 - ACESSORIOS KRONA|ATACADO|MAI27
03 - ACESSORIOS KRONA;MINAS GERAIS;MINAS RJ/ES;ATACADO;2027-06-01;51037,50;MINAS GERAIS|03 - ACESSORIOS KRONA|ATACADO|JUN27
03 - ACESSORIOS KRONA;MINAS GERAIS;MINAS RJ/ES;ATACADO;2027-07-01;52408,83;MINAS GERAIS|03 - ACESSORIOS KRONA|ATACADO|JUL27
03 - ACESSORIOS KRONA;MINAS GERAIS;MINAS RJ/ES;ATACADO;2027-08-01;52278,19;MINAS GERAIS|03 - ACESSORIOS KRONA|ATACADO|AGO27
03 - ACESSORIOS KRONA;MINAS GERAIS;MINAS RJ/ES;ATACADO;2027-09-01;52422,02;MINAS GERAIS|03 - ACESSORIOS KRONA|ATACADO|SET27
03 - ACESSORIOS KRONA;MINAS GERAIS;MINAS RJ/ES;ATACADO;2027-10-01;52643,33;MINAS GERAIS|03 - ACESSORIOS KRONA|ATACADO|OUT27
03 - ACESSORIOS KRONA;MINAS GERAIS;MINAS RJ/ES;ATACADO;2027-11-01;51711,28;MINAS GERAIS|03 - ACESSORIOS KRONA|ATACADO|NOV27
03 - ACESSORIOS KRONA;MINAS GERAIS;MINAS RJ/ES;ATACADO;2027-12-01;53255,36;MINAS GERAIS|03 - ACESSORIOS KRONA|ATACADO|DEZ27
03 - ACESSORIOS KRONA;MINAS GERAIS;MINAS RJ/ES;OUTROS;2027-01-01;109,70;MINAS GERAIS|03 - ACESSORIOS KRONA|OUTROS|JAN27
03 - ACESSORIOS KRONA;MINAS GERAIS;MINAS RJ/ES;OUTROS;2027-02-01;106,35;MINAS GERAIS|03 - ACESSORIOS KRONA|OUTROS|FEV27
03 - ACESSORIOS KRONA;MINAS GERAIS;MINAS RJ/ES;OUTROS;2027-03-01;145,66;MINAS GERAIS|03 - ACESSORIOS KRONA|OUTROS|MAR27
03 - ACESSORIOS KRONA;MINAS GERAIS;MINAS RJ/ES;OUTROS;2027-04-01;128,89;MINAS GERAIS|03 - ACESSORIOS KRONA|OUTROS|ABR27
03 - ACESSORIOS KRONA;MINAS GERAIS;MINAS RJ/ES;OUTROS;2027-05-01;115,15;MINAS GERAIS|03 - ACESSORIOS KRONA|OUTROS|MAI27
03 - ACESSORIOS KRONA;MINAS GERAIS;MINAS RJ/ES;OUTROS;2027-06-01;106,58;MINAS GERAIS|03 - ACESSORIOS KRONA|OUTROS|JUN27
03 - ACESSORIOS KRONA;MINAS GERAIS;MINAS RJ/ES;OUTROS;2027-07-01;116,31;MINAS GERAIS|03 - ACESSORIOS KRONA|OUTROS|JUL27
03 - ACESSORIOS KRONA;MINAS GERAIS;MINAS RJ/ES;OUTROS;2027-08-01;124,17;MINAS GERAIS|03 - ACESSORIOS KRONA|OUTROS|AGO27
03 - ACESSORIOS KRONA;MINAS GERAIS;MINAS RJ/ES;OUTROS;2027-09-01;124,97;MINAS GERAIS|03 - ACESSORIOS KRONA|OUTROS|SET27
03 - ACESSORIOS KRONA;MINAS GERAIS;MINAS RJ/ES;OUTROS;2027-10-01;120,13;MINAS GERAIS|03 - ACESSORIOS KRONA|OUTROS|OUT27
03 - ACESSORIOS KRONA;MINAS GERAIS;MINAS RJ/ES;OUTROS;2027-11-01;117,01;MINAS GERAIS|03 - ACESSORIOS KRONA|OUTROS|NOV27
03 - ACESSORIOS KRONA;MINAS GERAIS;MINAS RJ/ES;OUTROS;2027-12-01;116,29;MINAS GERAIS|03 - ACESSORIOS KRONA|OUTROS|DEZ27
03 - ACESSORIOS KRONA;MINAS GERAIS;MINAS RJ/ES;VAREJO;2027-01-01;4244,26;MINAS GERAIS|03 - ACESSORIOS KRONA|VAREJO|JAN27
03 - ACESSORIOS KRONA;MINAS GERAIS;MINAS RJ/ES;VAREJO;2027-02-01;4192,15;MINAS GERAIS|03 - ACESSORIOS KRONA|VAREJO|FEV27
03 - ACESSORIOS KRONA;MINAS GERAIS;MINAS RJ/ES;VAREJO;2027-03-01;4641,42;MINAS GERAIS|03 - ACESSORIOS KRONA|VAREJO|MAR27
03 - ACESSORIOS KRONA;MINAS GERAIS;MINAS RJ/ES;VAREJO;2027-04-01;4456,01;MINAS GERAIS|03 - ACESSORIOS KRONA|VAREJO|ABR27
03 - ACESSORIOS KRONA;MINAS GERAIS;MINAS RJ/ES;VAREJO;2027-05-01;4193,66;MINAS GERAIS|03 - ACESSORIOS KRONA|VAREJO|MAI27
03 - ACESSORIOS KRONA;MINAS GERAIS;MINAS RJ/ES;VAREJO;2027-06-01;4174,16;MINAS GERAIS|03 - ACESSORIOS KRONA|VAREJO|JUN27
03 - ACESSORIOS KRONA;MINAS GERAIS;MINAS RJ/ES;VAREJO;2027-07-01;4300,22;MINAS GERAIS|03 - ACESSORIOS KRONA|VAREJO|JUL27
03 - ACESSORIOS KRONA;MINAS GERAIS;MINAS RJ/ES;VAREJO;2027-08-01;4287,67;MINAS GERAIS|03 - ACESSORIOS KRONA|VAREJO|AGO27
03 - ACESSORIOS KRONA;MINAS GERAIS;MINAS RJ/ES;VAREJO;2027-09-01;4318,96;MINAS GERAIS|03 - ACESSORIOS KRONA|VAREJO|SET27
03 - ACESSORIOS KRONA;MINAS GERAIS;MINAS RJ/ES;VAREJO;2027-10-01;4348,32;MINAS GERAIS|03 - ACESSORIOS KRONA|VAREJO|OUT27
03 - ACESSORIOS KRONA;MINAS GERAIS;MINAS RJ/ES;VAREJO;2027-11-01;4293,76;MINAS GERAIS|03 - ACESSORIOS KRONA|VAREJO|NOV27
03 - ACESSORIOS KRONA;MINAS GERAIS;MINAS RJ/ES;VAREJO;2027-12-01;4422,60;MINAS GERAIS|03 - ACESSORIOS KRONA|VAREJO|DEZ27
03 - ACESSORIOS KRONA;NORDESTE 1;NORDESTE;ATACADO;2027-01-01;5057,72;NORDESTE 1|03 - ACESSORIOS KRONA|ATACADO|JAN27
03 - ACESSORIOS KRONA;NORDESTE 1;NORDESTE;ATACADO;2027-02-01;5499,29;NORDESTE 1|03 - ACESSORIOS KRONA|ATACADO|FEV27
03 - ACESSORIOS KRONA;NORDESTE 1;NORDESTE;ATACADO;2027-03-01;5161,12;NORDESTE 1|03 - ACESSORIOS KRONA|ATACADO|MAR27
03 - ACESSORIOS KRONA;NORDESTE 1;NORDESTE;ATACADO;2027-04-01;5436,81;NORDESTE 1|03 - ACESSORIOS KRONA|ATACADO|ABR27
03 - ACESSORIOS KRONA;NORDESTE 1;NORDESTE;ATACADO;2027-05-01;4638,15;NORDESTE 1|03 - ACESSORIOS KRONA|ATACADO|MAI27
03 - ACESSORIOS KRONA;NORDESTE 1;NORDESTE;ATACADO;2027-06-01;4717,33;NORDESTE 1|03 - ACESSORIOS KRONA|ATACADO|JUN27
03 - ACESSORIOS KRONA;NORDESTE 1;NORDESTE;ATACADO;2027-07-01;4519,00;NORDESTE 1|03 - ACESSORIOS KRONA|ATACADO|JUL27
03 - ACESSORIOS KRONA;NORDESTE 1;NORDESTE;ATACADO;2027-08-01;4443,13;NORDESTE 1|03 - ACESSORIOS KRONA|ATACADO|AGO27
03 - ACESSORIOS KRONA;NORDESTE 1;NORDESTE;ATACADO;2027-09-01;4361,49;NORDESTE 1|03 - ACESSORIOS KRONA|ATACADO|SET27
03 - ACESSORIOS KRONA;NORDESTE 1;NORDESTE;ATACADO;2027-10-01;4360,18;NORDESTE 1|03 - ACESSORIOS KRONA|ATACADO|OUT27
03 - ACESSORIOS KRONA;NORDESTE 1;NORDESTE;ATACADO;2027-11-01;4802,52;NORDESTE 1|03 - ACESSORIOS KRONA|ATACADO|NOV27
03 - ACESSORIOS KRONA;NORDESTE 1;NORDESTE;ATACADO;2027-12-01;4456,28;NORDESTE 1|03 - ACESSORIOS KRONA|ATACADO|DEZ27
03 - ACESSORIOS KRONA;NORDESTE 1;NORDESTE;OUTROS;2027-01-01;38,45;NORDESTE 1|03 - ACESSORIOS KRONA|OUTROS|JAN27
03 - ACESSORIOS KRONA;NORDESTE 1;NORDESTE;OUTROS;2027-02-01;38,34;NORDESTE 1|03 - ACESSORIOS KRONA|OUTROS|FEV27
03 - ACESSORIOS KRONA;NORDESTE 1;NORDESTE;OUTROS;2027-03-01;37,68;NORDESTE 1|03 - ACESSORIOS KRONA|OUTROS|MAR27
03 - ACESSORIOS KRONA;NORDESTE 1;NORDESTE;OUTROS;2027-04-01;37,86;NORDESTE 1|03 - ACESSORIOS KRONA|OUTROS|ABR27
03 - ACESSORIOS KRONA;NORDESTE 1;NORDESTE;OUTROS;2027-05-01;35,69;NORDESTE 1|03 - ACESSORIOS KRONA|OUTROS|MAI27
03 - ACESSORIOS KRONA;NORDESTE 1;NORDESTE;OUTROS;2027-06-01;35,53;NORDESTE 1|03 - ACESSORIOS KRONA|OUTROS|JUN27
03 - ACESSORIOS KRONA;NORDESTE 1;NORDESTE;OUTROS;2027-07-01;36,00;NORDESTE 1|03 - ACESSORIOS KRONA|OUTROS|JUL27
03 - ACESSORIOS KRONA;NORDESTE 1;NORDESTE;OUTROS;2027-08-01;35,69;NORDESTE 1|03 - ACESSORIOS KRONA|OUTROS|AGO27
03 - ACESSORIOS KRONA;NORDESTE 1;NORDESTE;OUTROS;2027-09-01;35,20;NORDESTE 1|03 - ACESSORIOS KRONA|OUTROS|SET27
03 - ACESSORIOS KRONA;NORDESTE 1;NORDESTE;OUTROS;2027-10-01;35,57;NORDESTE 1|03 - ACESSORIOS KRONA|OUTROS|OUT27
03 - ACESSORIOS KRONA;NORDESTE 1;NORDESTE;OUTROS;2027-11-01;34,27;NORDESTE 1|03 - ACESSORIOS KRONA|OUTROS|NOV27
03 - ACESSORIOS KRONA;NORDESTE 1;NORDESTE;OUTROS;2027-12-01;34,96;NORDESTE 1|03 - ACESSORIOS KRONA|OUTROS|DEZ27
03 - ACESSORIOS KRONA;NORDESTE 1;NORDESTE;VAREJO;2027-01-01;5571,35;NORDESTE 1|03 - ACESSORIOS KRONA|VAREJO|JAN27
03 - ACESSORIOS KRONA;NORDESTE 1;NORDESTE;VAREJO;2027-02-01;5858,84;NORDESTE 1|03 - ACESSORIOS KRONA|VAREJO|FEV27
03 - ACESSORIOS KRONA;NORDESTE 1;NORDESTE;VAREJO;2027-03-01;5590,15;NORDESTE 1|03 - ACESSORIOS KRONA|VAREJO|MAR27
03 - ACESSORIOS KRONA;NORDESTE 1;NORDESTE;VAREJO;2027-04-01;5900,85;NORDESTE 1|03 - ACESSORIOS KRONA|VAREJO|ABR27
03 - ACESSORIOS KRONA;NORDESTE 1;NORDESTE;VAREJO;2027-05-01;4909,19;NORDESTE 1|03 - ACESSORIOS KRONA|VAREJO|MAI27
03 - ACESSORIOS KRONA;NORDESTE 1;NORDESTE;VAREJO;2027-06-01;5049,19;NORDESTE 1|03 - ACESSORIOS KRONA|VAREJO|JUN27
03 - ACESSORIOS KRONA;NORDESTE 1;NORDESTE;VAREJO;2027-07-01;5017,02;NORDESTE 1|03 - ACESSORIOS KRONA|VAREJO|JUL27
03 - ACESSORIOS KRONA;NORDESTE 1;NORDESTE;VAREJO;2027-08-01;4973,20;NORDESTE 1|03 - ACESSORIOS KRONA|VAREJO|AGO27
03 - ACESSORIOS KRONA;NORDESTE 1;NORDESTE;VAREJO;2027-09-01;4879,77;NORDESTE 1|03 - ACESSORIOS KRONA|VAREJO|SET27
03 - ACESSORIOS KRONA;NORDESTE 1;NORDESTE;VAREJO;2027-10-01;5011,63;NORDESTE 1|03 - ACESSORIOS KRONA|VAREJO|OUT27
03 - ACESSORIOS KRONA;NORDESTE 1;NORDESTE;VAREJO;2027-11-01;5032,61;NORDESTE 1|03 - ACESSORIOS KRONA|VAREJO|NOV27
03 - ACESSORIOS KRONA;NORDESTE 1;NORDESTE;VAREJO;2027-12-01;5043,78;NORDESTE 1|03 - ACESSORIOS KRONA|VAREJO|DEZ27
03 - ACESSORIOS KRONA;NORDESTE 2;NORDESTE;ATACADO;2027-01-01;18245,16;NORDESTE 2|03 - ACESSORIOS KRONA|ATACADO|JAN27
03 - ACESSORIOS KRONA;NORDESTE 2;NORDESTE;ATACADO;2027-02-01;17411,62;NORDESTE 2|03 - ACESSORIOS KRONA|ATACADO|FEV27
03 - ACESSORIOS KRONA;NORDESTE 2;NORDESTE;ATACADO;2027-03-01;18324,26;NORDESTE 2|03 - ACESSORIOS KRONA|ATACADO|MAR27
03 - ACESSORIOS KRONA;NORDESTE 2;NORDESTE;ATACADO;2027-04-01;18824,03;NORDESTE 2|03 - ACESSORIOS KRONA|ATACADO|ABR27
03 - ACESSORIOS KRONA;NORDESTE 2;NORDESTE;ATACADO;2027-05-01;16713,66;NORDESTE 2|03 - ACESSORIOS KRONA|ATACADO|MAI27
03 - ACESSORIOS KRONA;NORDESTE 2;NORDESTE;ATACADO;2027-06-01;18016,99;NORDESTE 2|03 - ACESSORIOS KRONA|ATACADO|JUN27
03 - ACESSORIOS KRONA;NORDESTE 2;NORDESTE;ATACADO;2027-07-01;18163,46;NORDESTE 2|03 - ACESSORIOS KRONA|ATACADO|JUL27
03 - ACESSORIOS KRONA;NORDESTE 2;NORDESTE;ATACADO;2027-08-01;18800,80;NORDESTE 2|03 - ACESSORIOS KRONA|ATACADO|AGO27
03 - ACESSORIOS KRONA;NORDESTE 2;NORDESTE;ATACADO;2027-09-01;17558,17;NORDESTE 2|03 - ACESSORIOS KRONA|ATACADO|SET27
03 - ACESSORIOS KRONA;NORDESTE 2;NORDESTE;ATACADO;2027-10-01;18590,78;NORDESTE 2|03 - ACESSORIOS KRONA|ATACADO|OUT27
03 - ACESSORIOS KRONA;NORDESTE 2;NORDESTE;ATACADO;2027-11-01;18340,59;NORDESTE 2|03 - ACESSORIOS KRONA|ATACADO|NOV27
03 - ACESSORIOS KRONA;NORDESTE 2;NORDESTE;ATACADO;2027-12-01;19118,99;NORDESTE 2|03 - ACESSORIOS KRONA|ATACADO|DEZ27
03 - ACESSORIOS KRONA;NORDESTE 2;NORDESTE;VAREJO;2027-01-01;9761,27;NORDESTE 2|03 - ACESSORIOS KRONA|VAREJO|JAN27
03 - ACESSORIOS KRONA;NORDESTE 2;NORDESTE;VAREJO;2027-02-01;9359,23;NORDESTE 2|03 - ACESSORIOS KRONA|VAREJO|FEV27
03 - ACESSORIOS KRONA;NORDESTE 2;NORDESTE;VAREJO;2027-03-01;9732,37;NORDESTE 2|03 - ACESSORIOS KRONA|VAREJO|MAR27
03 - ACESSORIOS KRONA;NORDESTE 2;NORDESTE;VAREJO;2027-04-01;9936,07;NORDESTE 2|03 - ACESSORIOS KRONA|VAREJO|ABR27
03 - ACESSORIOS KRONA;NORDESTE 2;NORDESTE;VAREJO;2027-05-01;8987,75;NORDESTE 2|03 - ACESSORIOS KRONA|VAREJO|MAI27
03 - ACESSORIOS KRONA;NORDESTE 2;NORDESTE;VAREJO;2027-06-01;9551,42;NORDESTE 2|03 - ACESSORIOS KRONA|VAREJO|JUN27
03 - ACESSORIOS KRONA;NORDESTE 2;NORDESTE;VAREJO;2027-07-01;9573,13;NORDESTE 2|03 - ACESSORIOS KRONA|VAREJO|JUL27
03 - ACESSORIOS KRONA;NORDESTE 2;NORDESTE;VAREJO;2027-08-01;9878,45;NORDESTE 2|03 - ACESSORIOS KRONA|VAREJO|AGO27
03 - ACESSORIOS KRONA;NORDESTE 2;NORDESTE;VAREJO;2027-09-01;9349,01;NORDESTE 2|03 - ACESSORIOS KRONA|VAREJO|SET27
03 - ACESSORIOS KRONA;NORDESTE 2;NORDESTE;VAREJO;2027-10-01;9782,34;NORDESTE 2|03 - ACESSORIOS KRONA|VAREJO|OUT27
03 - ACESSORIOS KRONA;NORDESTE 2;NORDESTE;VAREJO;2027-11-01;9664,04;NORDESTE 2|03 - ACESSORIOS KRONA|VAREJO|NOV27
03 - ACESSORIOS KRONA;NORDESTE 2;NORDESTE;VAREJO;2027-12-01;10012,75;NORDESTE 2|03 - ACESSORIOS KRONA|VAREJO|DEZ27
03 - ACESSORIOS KRONA;NORDESTE 3;NORDESTE;ATACADO;2027-01-01;14118,15;NORDESTE 3|03 - ACESSORIOS KRONA|ATACADO|JAN27
03 - ACESSORIOS KRONA;NORDESTE 3;NORDESTE;ATACADO;2027-02-01;13644,85;NORDESTE 3|03 - ACESSORIOS KRONA|ATACADO|FEV27
03 - ACESSORIOS KRONA;NORDESTE 3;NORDESTE;ATACADO;2027-03-01;17396,81;NORDESTE 3|03 - ACESSORIOS KRONA|ATACADO|MAR27
03 - ACESSORIOS KRONA;NORDESTE 3;NORDESTE;ATACADO;2027-04-01;17500,12;NORDESTE 3|03 - ACESSORIOS KRONA|ATACADO|ABR27
03 - ACESSORIOS KRONA;NORDESTE 3;NORDESTE;ATACADO;2027-05-01;15887,86;NORDESTE 3|03 - ACESSORIOS KRONA|ATACADO|MAI27
03 - ACESSORIOS KRONA;NORDESTE 3;NORDESTE;ATACADO;2027-06-01;16457,53;NORDESTE 3|03 - ACESSORIOS KRONA|ATACADO|JUN27
03 - ACESSORIOS KRONA;NORDESTE 3;NORDESTE;ATACADO;2027-07-01;17213,87;NORDESTE 3|03 - ACESSORIOS KRONA|ATACADO|JUL27
03 - ACESSORIOS KRONA;NORDESTE 3;NORDESTE;ATACADO;2027-08-01;17623,94;NORDESTE 3|03 - ACESSORIOS KRONA|ATACADO|AGO27
03 - ACESSORIOS KRONA;NORDESTE 3;NORDESTE;ATACADO;2027-09-01;17460,01;NORDESTE 3|03 - ACESSORIOS KRONA|ATACADO|SET27
03 - ACESSORIOS KRONA;NORDESTE 3;NORDESTE;ATACADO;2027-10-01;15930,17;NORDESTE 3|03 - ACESSORIOS KRONA|ATACADO|OUT27
03 - ACESSORIOS KRONA;NORDESTE 3;NORDESTE;ATACADO;2027-11-01;16596,55;NORDESTE 3|03 - ACESSORIOS KRONA|ATACADO|NOV27
03 - ACESSORIOS KRONA;NORDESTE 3;NORDESTE;ATACADO;2027-12-01;16896,78;NORDESTE 3|03 - ACESSORIOS KRONA|ATACADO|DEZ27
03 - ACESSORIOS KRONA;NORDESTE 3;NORDESTE;OUTROS;2027-01-01;20,72;NORDESTE 3|03 - ACESSORIOS KRONA|OUTROS|JAN27
03 - ACESSORIOS KRONA;NORDESTE 3;NORDESTE;OUTROS;2027-02-01;20,35;NORDESTE 3|03 - ACESSORIOS KRONA|OUTROS|FEV27
03 - ACESSORIOS KRONA;NORDESTE 3;NORDESTE;OUTROS;2027-03-01;20,74;NORDESTE 3|03 - ACESSORIOS KRONA|OUTROS|MAR27
03 - ACESSORIOS KRONA;NORDESTE 3;NORDESTE;OUTROS;2027-04-01;21,04;NORDESTE 3|03 - ACESSORIOS KRONA|OUTROS|ABR27
03 - ACESSORIOS KRONA;NORDESTE 3;NORDESTE;OUTROS;2027-05-01;21,10;NORDESTE 3|03 - ACESSORIOS KRONA|OUTROS|MAI27
03 - ACESSORIOS KRONA;NORDESTE 3;NORDESTE;OUTROS;2027-06-01;21,40;NORDESTE 3|03 - ACESSORIOS KRONA|OUTROS|JUN27
03 - ACESSORIOS KRONA;NORDESTE 3;NORDESTE;OUTROS;2027-07-01;21,75;NORDESTE 3|03 - ACESSORIOS KRONA|OUTROS|JUL27
03 - ACESSORIOS KRONA;NORDESTE 3;NORDESTE;OUTROS;2027-08-01;21,86;NORDESTE 3|03 - ACESSORIOS KRONA|OUTROS|AGO27
03 - ACESSORIOS KRONA;NORDESTE 3;NORDESTE;OUTROS;2027-09-01;22,21;NORDESTE 3|03 - ACESSORIOS KRONA|OUTROS|SET27
03 - ACESSORIOS KRONA;NORDESTE 3;NORDESTE;OUTROS;2027-10-01;22,58;NORDESTE 3|03 - ACESSORIOS KRONA|OUTROS|OUT27
03 - ACESSORIOS KRONA;NORDESTE 3;NORDESTE;OUTROS;2027-11-01;22,92;NORDESTE 3|03 - ACESSORIOS KRONA|OUTROS|NOV27
03 - ACESSORIOS KRONA;NORDESTE 3;NORDESTE;OUTROS;2027-12-01;23,10;NORDESTE 3|03 - ACESSORIOS KRONA|OUTROS|DEZ27
03 - ACESSORIOS KRONA;NORDESTE 3;NORDESTE;VAREJO;2027-01-01;9588,61;NORDESTE 3|03 - ACESSORIOS KRONA|VAREJO|JAN27
03 - ACESSORIOS KRONA;NORDESTE 3;NORDESTE;VAREJO;2027-02-01;9237,10;NORDESTE 3|03 - ACESSORIOS KRONA|VAREJO|FEV27
03 - ACESSORIOS KRONA;NORDESTE 3;NORDESTE;VAREJO;2027-03-01;11858,77;NORDESTE 3|03 - ACESSORIOS KRONA|VAREJO|MAR27
03 - ACESSORIOS KRONA;NORDESTE 3;NORDESTE;VAREJO;2027-04-01;12011,30;NORDESTE 3|03 - ACESSORIOS KRONA|VAREJO|ABR27
03 - ACESSORIOS KRONA;NORDESTE 3;NORDESTE;VAREJO;2027-05-01;10777,55;NORDESTE 3|03 - ACESSORIOS KRONA|VAREJO|MAI27
03 - ACESSORIOS KRONA;NORDESTE 3;NORDESTE;VAREJO;2027-06-01;11269,58;NORDESTE 3|03 - ACESSORIOS KRONA|VAREJO|JUN27
03 - ACESSORIOS KRONA;NORDESTE 3;NORDESTE;VAREJO;2027-07-01;11802,56;NORDESTE 3|03 - ACESSORIOS KRONA|VAREJO|JUL27
03 - ACESSORIOS KRONA;NORDESTE 3;NORDESTE;VAREJO;2027-08-01;12120,75;NORDESTE 3|03 - ACESSORIOS KRONA|VAREJO|AGO27
03 - ACESSORIOS KRONA;NORDESTE 3;NORDESTE;VAREJO;2027-09-01;11896,00;NORDESTE 3|03 - ACESSORIOS KRONA|VAREJO|SET27
03 - ACESSORIOS KRONA;NORDESTE 3;NORDESTE;VAREJO;2027-10-01;10975,89;NORDESTE 3|03 - ACESSORIOS KRONA|VAREJO|OUT27
03 - ACESSORIOS KRONA;NORDESTE 3;NORDESTE;VAREJO;2027-11-01;11451,72;NORDESTE 3|03 - ACESSORIOS KRONA|VAREJO|NOV27
03 - ACESSORIOS KRONA;NORDESTE 3;NORDESTE;VAREJO;2027-12-01;11614,36;NORDESTE 3|03 - ACESSORIOS KRONA|VAREJO|DEZ27
03 - ACESSORIOS KRONA;NORTE;CO NO;ATACADO;2027-01-01;6188,57;NORTE|03 - ACESSORIOS KRONA|ATACADO|JAN27
03 - ACESSORIOS KRONA;NORTE;CO NO;ATACADO;2027-02-01;6096,77;NORTE|03 - ACESSORIOS KRONA|ATACADO|FEV27
03 - ACESSORIOS KRONA;NORTE;CO NO;ATACADO;2027-03-01;5657,70;NORTE|03 - ACESSORIOS KRONA|ATACADO|MAR27
03 - ACESSORIOS KRONA;NORTE;CO NO;ATACADO;2027-04-01;6675,73;NORTE|03 - ACESSORIOS KRONA|ATACADO|ABR27
03 - ACESSORIOS KRONA;NORTE;CO NO;ATACADO;2027-05-01;5742,49;NORTE|03 - ACESSORIOS KRONA|ATACADO|MAI27
03 - ACESSORIOS KRONA;NORTE;CO NO;ATACADO;2027-06-01;6159,06;NORTE|03 - ACESSORIOS KRONA|ATACADO|JUN27
03 - ACESSORIOS KRONA;NORTE;CO NO;ATACADO;2027-07-01;5819,21;NORTE|03 - ACESSORIOS KRONA|ATACADO|JUL27
03 - ACESSORIOS KRONA;NORTE;CO NO;ATACADO;2027-08-01;6247,45;NORTE|03 - ACESSORIOS KRONA|ATACADO|AGO27
03 - ACESSORIOS KRONA;NORTE;CO NO;ATACADO;2027-09-01;6253,66;NORTE|03 - ACESSORIOS KRONA|ATACADO|SET27
03 - ACESSORIOS KRONA;NORTE;CO NO;ATACADO;2027-10-01;6548,10;NORTE|03 - ACESSORIOS KRONA|ATACADO|OUT27
03 - ACESSORIOS KRONA;NORTE;CO NO;ATACADO;2027-11-01;5899,88;NORTE|03 - ACESSORIOS KRONA|ATACADO|NOV27
03 - ACESSORIOS KRONA;NORTE;CO NO;ATACADO;2027-12-01;6023,74;NORTE|03 - ACESSORIOS KRONA|ATACADO|DEZ27
03 - ACESSORIOS KRONA;NORTE;CO NO;VAREJO;2027-01-01;9538,74;NORTE|03 - ACESSORIOS KRONA|VAREJO|JAN27
03 - ACESSORIOS KRONA;NORTE;CO NO;VAREJO;2027-02-01;9519,72;NORTE|03 - ACESSORIOS KRONA|VAREJO|FEV27
03 - ACESSORIOS KRONA;NORTE;CO NO;VAREJO;2027-03-01;9017,29;NORTE|03 - ACESSORIOS KRONA|VAREJO|MAR27
03 - ACESSORIOS KRONA;NORTE;CO NO;VAREJO;2027-04-01;10087,54;NORTE|03 - ACESSORIOS KRONA|VAREJO|ABR27
03 - ACESSORIOS KRONA;NORTE;CO NO;VAREJO;2027-05-01;9012,03;NORTE|03 - ACESSORIOS KRONA|VAREJO|MAI27
03 - ACESSORIOS KRONA;NORTE;CO NO;VAREJO;2027-06-01;9449,39;NORTE|03 - ACESSORIOS KRONA|VAREJO|JUN27
03 - ACESSORIOS KRONA;NORTE;CO NO;VAREJO;2027-07-01;8997,29;NORTE|03 - ACESSORIOS KRONA|VAREJO|JUL27
03 - ACESSORIOS KRONA;NORTE;CO NO;VAREJO;2027-08-01;9531,23;NORTE|03 - ACESSORIOS KRONA|VAREJO|AGO27
03 - ACESSORIOS KRONA;NORTE;CO NO;VAREJO;2027-09-01;9535,12;NORTE|03 - ACESSORIOS KRONA|VAREJO|SET27
03 - ACESSORIOS KRONA;NORTE;CO NO;VAREJO;2027-10-01;9955,06;NORTE|03 - ACESSORIOS KRONA|VAREJO|OUT27
03 - ACESSORIOS KRONA;NORTE;CO NO;VAREJO;2027-11-01;9008,98;NORTE|03 - ACESSORIOS KRONA|VAREJO|NOV27
03 - ACESSORIOS KRONA;NORTE;CO NO;VAREJO;2027-12-01;9241,13;NORTE|03 - ACESSORIOS KRONA|VAREJO|DEZ27
03 - ACESSORIOS KRONA;PARANA;SUL;ATACADO;2027-01-01;4076,94;PARANA|03 - ACESSORIOS KRONA|ATACADO|JAN27
03 - ACESSORIOS KRONA;PARANA;SUL;ATACADO;2027-02-01;4006,90;PARANA|03 - ACESSORIOS KRONA|ATACADO|FEV27
03 - ACESSORIOS KRONA;PARANA;SUL;ATACADO;2027-03-01;3760,61;PARANA|03 - ACESSORIOS KRONA|ATACADO|MAR27
03 - ACESSORIOS KRONA;PARANA;SUL;ATACADO;2027-04-01;3961,78;PARANA|03 - ACESSORIOS KRONA|ATACADO|ABR27
03 - ACESSORIOS KRONA;PARANA;SUL;ATACADO;2027-05-01;3262,14;PARANA|03 - ACESSORIOS KRONA|ATACADO|MAI27
03 - ACESSORIOS KRONA;PARANA;SUL;ATACADO;2027-06-01;4788,15;PARANA|03 - ACESSORIOS KRONA|ATACADO|JUN27
03 - ACESSORIOS KRONA;PARANA;SUL;ATACADO;2027-07-01;4276,38;PARANA|03 - ACESSORIOS KRONA|ATACADO|JUL27
03 - ACESSORIOS KRONA;PARANA;SUL;ATACADO;2027-08-01;4295,36;PARANA|03 - ACESSORIOS KRONA|ATACADO|AGO27
03 - ACESSORIOS KRONA;PARANA;SUL;ATACADO;2027-09-01;4405,44;PARANA|03 - ACESSORIOS KRONA|ATACADO|SET27
03 - ACESSORIOS KRONA;PARANA;SUL;ATACADO;2027-10-01;3748,33;PARANA|03 - ACESSORIOS KRONA|ATACADO|OUT27
03 - ACESSORIOS KRONA;PARANA;SUL;ATACADO;2027-11-01;4929,27;PARANA|03 - ACESSORIOS KRONA|ATACADO|NOV27
03 - ACESSORIOS KRONA;PARANA;SUL;ATACADO;2027-12-01;4024,02;PARANA|03 - ACESSORIOS KRONA|ATACADO|DEZ27
03 - ACESSORIOS KRONA;PARANA;SUL;IRRIGACAO;2027-01-01;0,11;PARANA|03 - ACESSORIOS KRONA|IRRIGACAO|JAN27
03 - ACESSORIOS KRONA;PARANA;SUL;IRRIGACAO;2027-02-01;0,10;PARANA|03 - ACESSORIOS KRONA|IRRIGACAO|FEV27
03 - ACESSORIOS KRONA;PARANA;SUL;IRRIGACAO;2027-03-01;0,08;PARANA|03 - ACESSORIOS KRONA|IRRIGACAO|MAR27
03 - ACESSORIOS KRONA;PARANA;SUL;IRRIGACAO;2027-04-01;0,09;PARANA|03 - ACESSORIOS KRONA|IRRIGACAO|ABR27
03 - ACESSORIOS KRONA;PARANA;SUL;IRRIGACAO;2027-05-01;0,06;PARANA|03 - ACESSORIOS KRONA|IRRIGACAO|MAI27
03 - ACESSORIOS KRONA;PARANA;SUL;IRRIGACAO;2027-06-01;0,20;PARANA|03 - ACESSORIOS KRONA|IRRIGACAO|JUN27
03 - ACESSORIOS KRONA;PARANA;SUL;IRRIGACAO;2027-07-01;0,11;PARANA|03 - ACESSORIOS KRONA|IRRIGACAO|JUL27
03 - ACESSORIOS KRONA;PARANA;SUL;IRRIGACAO;2027-08-01;0,14;PARANA|03 - ACESSORIOS KRONA|IRRIGACAO|AGO27
03 - ACESSORIOS KRONA;PARANA;SUL;IRRIGACAO;2027-09-01;0,15;PARANA|03 - ACESSORIOS KRONA|IRRIGACAO|SET27
03 - ACESSORIOS KRONA;PARANA;SUL;IRRIGACAO;2027-10-01;0,09;PARANA|03 - ACESSORIOS KRONA|IRRIGACAO|OUT27
03 - ACESSORIOS KRONA;PARANA;SUL;IRRIGACAO;2027-11-01;0,17;PARANA|03 - ACESSORIOS KRONA|IRRIGACAO|NOV27
03 - ACESSORIOS KRONA;PARANA;SUL;IRRIGACAO;2027-12-01;0,10;PARANA|03 - ACESSORIOS KRONA|IRRIGACAO|DEZ27
03 - ACESSORIOS KRONA;PARANA;SUL;OUTROS;2027-01-01;67,15;PARANA|03 - ACESSORIOS KRONA|OUTROS|JAN27
03 - ACESSORIOS KRONA;PARANA;SUL;OUTROS;2027-02-01;68,27;PARANA|03 - ACESSORIOS KRONA|OUTROS|FEV27
03 - ACESSORIOS KRONA;PARANA;SUL;OUTROS;2027-03-01;54,69;PARANA|03 - ACESSORIOS KRONA|OUTROS|MAR27
03 - ACESSORIOS KRONA;PARANA;SUL;OUTROS;2027-04-01;55,91;PARANA|03 - ACESSORIOS KRONA|OUTROS|ABR27
03 - ACESSORIOS KRONA;PARANA;SUL;OUTROS;2027-05-01;52,42;PARANA|03 - ACESSORIOS KRONA|OUTROS|MAI27
03 - ACESSORIOS KRONA;PARANA;SUL;OUTROS;2027-06-01;123,23;PARANA|03 - ACESSORIOS KRONA|OUTROS|JUN27
03 - ACESSORIOS KRONA;PARANA;SUL;OUTROS;2027-07-01;42,51;PARANA|03 - ACESSORIOS KRONA|OUTROS|JUL27
03 - ACESSORIOS KRONA;PARANA;SUL;OUTROS;2027-08-01;32,08;PARANA|03 - ACESSORIOS KRONA|OUTROS|AGO27
03 - ACESSORIOS KRONA;PARANA;SUL;OUTROS;2027-09-01;30,91;PARANA|03 - ACESSORIOS KRONA|OUTROS|SET27
03 - ACESSORIOS KRONA;PARANA;SUL;OUTROS;2027-10-01;28,24;PARANA|03 - ACESSORIOS KRONA|OUTROS|OUT27
03 - ACESSORIOS KRONA;PARANA;SUL;OUTROS;2027-11-01;33,92;PARANA|03 - ACESSORIOS KRONA|OUTROS|NOV27
03 - ACESSORIOS KRONA;PARANA;SUL;OUTROS;2027-12-01;27,86;PARANA|03 - ACESSORIOS KRONA|OUTROS|DEZ27
03 - ACESSORIOS KRONA;PARANA;SUL;VAREJO;2027-01-01;3168,19;PARANA|03 - ACESSORIOS KRONA|VAREJO|JAN27
03 - ACESSORIOS KRONA;PARANA;SUL;VAREJO;2027-02-01;2866,15;PARANA|03 - ACESSORIOS KRONA|VAREJO|FEV27
03 - ACESSORIOS KRONA;PARANA;SUL;VAREJO;2027-03-01;2882,84;PARANA|03 - ACESSORIOS KRONA|VAREJO|MAR27
03 - ACESSORIOS KRONA;PARANA;SUL;VAREJO;2027-04-01;3005,37;PARANA|03 - ACESSORIOS KRONA|VAREJO|ABR27
03 - ACESSORIOS KRONA;PARANA;SUL;VAREJO;2027-05-01;2590,93;PARANA|03 - ACESSORIOS KRONA|VAREJO|MAI27
03 - ACESSORIOS KRONA;PARANA;SUL;VAREJO;2027-06-01;3560,29;PARANA|03 - ACESSORIOS KRONA|VAREJO|JUN27
03 - ACESSORIOS KRONA;PARANA;SUL;VAREJO;2027-07-01;3285,39;PARANA|03 - ACESSORIOS KRONA|VAREJO|JUL27
03 - ACESSORIOS KRONA;PARANA;SUL;VAREJO;2027-08-01;3229,45;PARANA|03 - ACESSORIOS KRONA|VAREJO|AGO27
03 - ACESSORIOS KRONA;PARANA;SUL;VAREJO;2027-09-01;3272,50;PARANA|03 - ACESSORIOS KRONA|VAREJO|SET27
03 - ACESSORIOS KRONA;PARANA;SUL;VAREJO;2027-10-01;2944,97;PARANA|03 - ACESSORIOS KRONA|VAREJO|OUT27
03 - ACESSORIOS KRONA;PARANA;SUL;VAREJO;2027-11-01;3660,69;PARANA|03 - ACESSORIOS KRONA|VAREJO|NOV27
03 - ACESSORIOS KRONA;PARANA;SUL;VAREJO;2027-12-01;3000,89;PARANA|03 - ACESSORIOS KRONA|VAREJO|DEZ27
03 - ACESSORIOS KRONA;RIO GRANDE DO SUL;SUL;ATACADO;2027-01-01;7801,17;RIO GRANDE DO SUL|03 - ACESSORIOS KRONA|ATACADO|JAN27
03 - ACESSORIOS KRONA;RIO GRANDE DO SUL;SUL;ATACADO;2027-02-01;7605,43;RIO GRANDE DO SUL|03 - ACESSORIOS KRONA|ATACADO|FEV27
03 - ACESSORIOS KRONA;RIO GRANDE DO SUL;SUL;ATACADO;2027-03-01;6331,19;RIO GRANDE DO SUL|03 - ACESSORIOS KRONA|ATACADO|MAR27
03 - ACESSORIOS KRONA;RIO GRANDE DO SUL;SUL;ATACADO;2027-04-01;7388,80;RIO GRANDE DO SUL|03 - ACESSORIOS KRONA|ATACADO|ABR27
03 - ACESSORIOS KRONA;RIO GRANDE DO SUL;SUL;ATACADO;2027-05-01;6587,86;RIO GRANDE DO SUL|03 - ACESSORIOS KRONA|ATACADO|MAI27
03 - ACESSORIOS KRONA;RIO GRANDE DO SUL;SUL;ATACADO;2027-06-01;7374,93;RIO GRANDE DO SUL|03 - ACESSORIOS KRONA|ATACADO|JUN27
03 - ACESSORIOS KRONA;RIO GRANDE DO SUL;SUL;ATACADO;2027-07-01;8421,90;RIO GRANDE DO SUL|03 - ACESSORIOS KRONA|ATACADO|JUL27
03 - ACESSORIOS KRONA;RIO GRANDE DO SUL;SUL;ATACADO;2027-08-01;8409,79;RIO GRANDE DO SUL|03 - ACESSORIOS KRONA|ATACADO|AGO27
03 - ACESSORIOS KRONA;RIO GRANDE DO SUL;SUL;ATACADO;2027-09-01;6652,07;RIO GRANDE DO SUL|03 - ACESSORIOS KRONA|ATACADO|SET27
03 - ACESSORIOS KRONA;RIO GRANDE DO SUL;SUL;ATACADO;2027-10-01;7771,57;RIO GRANDE DO SUL|03 - ACESSORIOS KRONA|ATACADO|OUT27
03 - ACESSORIOS KRONA;RIO GRANDE DO SUL;SUL;ATACADO;2027-11-01;7724,16;RIO GRANDE DO SUL|03 - ACESSORIOS KRONA|ATACADO|NOV27
03 - ACESSORIOS KRONA;RIO GRANDE DO SUL;SUL;ATACADO;2027-12-01;7741,44;RIO GRANDE DO SUL|03 - ACESSORIOS KRONA|ATACADO|DEZ27
03 - ACESSORIOS KRONA;RIO GRANDE DO SUL;SUL;OUTROS;2027-01-01;302,82;RIO GRANDE DO SUL|03 - ACESSORIOS KRONA|OUTROS|JAN27
03 - ACESSORIOS KRONA;RIO GRANDE DO SUL;SUL;OUTROS;2027-02-01;202,51;RIO GRANDE DO SUL|03 - ACESSORIOS KRONA|OUTROS|FEV27
03 - ACESSORIOS KRONA;RIO GRANDE DO SUL;SUL;OUTROS;2027-03-01;102,18;RIO GRANDE DO SUL|03 - ACESSORIOS KRONA|OUTROS|MAR27
03 - ACESSORIOS KRONA;RIO GRANDE DO SUL;SUL;OUTROS;2027-04-01;124,11;RIO GRANDE DO SUL|03 - ACESSORIOS KRONA|OUTROS|ABR27
03 - ACESSORIOS KRONA;RIO GRANDE DO SUL;SUL;OUTROS;2027-05-01;163,24;RIO GRANDE DO SUL|03 - ACESSORIOS KRONA|OUTROS|MAI27
03 - ACESSORIOS KRONA;RIO GRANDE DO SUL;SUL;OUTROS;2027-06-01;114,68;RIO GRANDE DO SUL|03 - ACESSORIOS KRONA|OUTROS|JUN27
03 - ACESSORIOS KRONA;RIO GRANDE DO SUL;SUL;OUTROS;2027-07-01;151,76;RIO GRANDE DO SUL|03 - ACESSORIOS KRONA|OUTROS|JUL27
03 - ACESSORIOS KRONA;RIO GRANDE DO SUL;SUL;OUTROS;2027-08-01;155,19;RIO GRANDE DO SUL|03 - ACESSORIOS KRONA|OUTROS|AGO27
03 - ACESSORIOS KRONA;RIO GRANDE DO SUL;SUL;OUTROS;2027-09-01;109,30;RIO GRANDE DO SUL|03 - ACESSORIOS KRONA|OUTROS|SET27
03 - ACESSORIOS KRONA;RIO GRANDE DO SUL;SUL;OUTROS;2027-10-01;170,71;RIO GRANDE DO SUL|03 - ACESSORIOS KRONA|OUTROS|OUT27
03 - ACESSORIOS KRONA;RIO GRANDE DO SUL;SUL;OUTROS;2027-11-01;209,93;RIO GRANDE DO SUL|03 - ACESSORIOS KRONA|OUTROS|NOV27
03 - ACESSORIOS KRONA;RIO GRANDE DO SUL;SUL;OUTROS;2027-12-01;88,70;RIO GRANDE DO SUL|03 - ACESSORIOS KRONA|OUTROS|DEZ27
03 - ACESSORIOS KRONA;RIO GRANDE DO SUL;SUL;VAREJO;2027-01-01;2880,42;RIO GRANDE DO SUL|03 - ACESSORIOS KRONA|VAREJO|JAN27
03 - ACESSORIOS KRONA;RIO GRANDE DO SUL;SUL;VAREJO;2027-02-01;2782,09;RIO GRANDE DO SUL|03 - ACESSORIOS KRONA|VAREJO|FEV27
03 - ACESSORIOS KRONA;RIO GRANDE DO SUL;SUL;VAREJO;2027-03-01;2454,30;RIO GRANDE DO SUL|03 - ACESSORIOS KRONA|VAREJO|MAR27
03 - ACESSORIOS KRONA;RIO GRANDE DO SUL;SUL;VAREJO;2027-04-01;2694,94;RIO GRANDE DO SUL|03 - ACESSORIOS KRONA|VAREJO|ABR27
03 - ACESSORIOS KRONA;RIO GRANDE DO SUL;SUL;VAREJO;2027-05-01;2457,35;RIO GRANDE DO SUL|03 - ACESSORIOS KRONA|VAREJO|MAI27
03 - ACESSORIOS KRONA;RIO GRANDE DO SUL;SUL;VAREJO;2027-06-01;2743,94;RIO GRANDE DO SUL|03 - ACESSORIOS KRONA|VAREJO|JUN27
03 - ACESSORIOS KRONA;RIO GRANDE DO SUL;SUL;VAREJO;2027-07-01;2925,24;RIO GRANDE DO SUL|03 - ACESSORIOS KRONA|VAREJO|JUL27
03 - ACESSORIOS KRONA;RIO GRANDE DO SUL;SUL;VAREJO;2027-08-01;2898,70;RIO GRANDE DO SUL|03 - ACESSORIOS KRONA|VAREJO|AGO27
03 - ACESSORIOS KRONA;RIO GRANDE DO SUL;SUL;VAREJO;2027-09-01;2517,71;RIO GRANDE DO SUL|03 - ACESSORIOS KRONA|VAREJO|SET27
03 - ACESSORIOS KRONA;RIO GRANDE DO SUL;SUL;VAREJO;2027-10-01;2859,74;RIO GRANDE DO SUL|03 - ACESSORIOS KRONA|VAREJO|OUT27
03 - ACESSORIOS KRONA;RIO GRANDE DO SUL;SUL;VAREJO;2027-11-01;2796,19;RIO GRANDE DO SUL|03 - ACESSORIOS KRONA|VAREJO|NOV27
03 - ACESSORIOS KRONA;RIO GRANDE DO SUL;SUL;VAREJO;2027-12-01;2781,01;RIO GRANDE DO SUL|03 - ACESSORIOS KRONA|VAREJO|DEZ27
03 - ACESSORIOS KRONA;RJ/ES;MINAS RJ/ES;ATACADO;2027-01-01;21098,02;RJ/ES|03 - ACESSORIOS KRONA|ATACADO|JAN27
03 - ACESSORIOS KRONA;RJ/ES;MINAS RJ/ES;ATACADO;2027-02-01;24945,42;RJ/ES|03 - ACESSORIOS KRONA|ATACADO|FEV27
03 - ACESSORIOS KRONA;RJ/ES;MINAS RJ/ES;ATACADO;2027-03-01;24982,68;RJ/ES|03 - ACESSORIOS KRONA|ATACADO|MAR27
03 - ACESSORIOS KRONA;RJ/ES;MINAS RJ/ES;ATACADO;2027-04-01;24926,86;RJ/ES|03 - ACESSORIOS KRONA|ATACADO|ABR27
03 - ACESSORIOS KRONA;RJ/ES;MINAS RJ/ES;ATACADO;2027-05-01;20253,75;RJ/ES|03 - ACESSORIOS KRONA|ATACADO|MAI27
03 - ACESSORIOS KRONA;RJ/ES;MINAS RJ/ES;ATACADO;2027-06-01;24974,46;RJ/ES|03 - ACESSORIOS KRONA|ATACADO|JUN27
03 - ACESSORIOS KRONA;RJ/ES;MINAS RJ/ES;ATACADO;2027-07-01;24927,79;RJ/ES|03 - ACESSORIOS KRONA|ATACADO|JUL27
03 - ACESSORIOS KRONA;RJ/ES;MINAS RJ/ES;ATACADO;2027-08-01;11368,20;RJ/ES|03 - ACESSORIOS KRONA|ATACADO|AGO27
03 - ACESSORIOS KRONA;RJ/ES;MINAS RJ/ES;ATACADO;2027-09-01;11209,29;RJ/ES|03 - ACESSORIOS KRONA|ATACADO|SET27
03 - ACESSORIOS KRONA;RJ/ES;MINAS RJ/ES;ATACADO;2027-10-01;13732,09;RJ/ES|03 - ACESSORIOS KRONA|ATACADO|OUT27
03 - ACESSORIOS KRONA;RJ/ES;MINAS RJ/ES;ATACADO;2027-11-01;12347,80;RJ/ES|03 - ACESSORIOS KRONA|ATACADO|NOV27
03 - ACESSORIOS KRONA;RJ/ES;MINAS RJ/ES;ATACADO;2027-12-01;12123,42;RJ/ES|03 - ACESSORIOS KRONA|ATACADO|DEZ27
03 - ACESSORIOS KRONA;RJ/ES;MINAS RJ/ES;OUTROS;2027-01-01;20,12;RJ/ES|03 - ACESSORIOS KRONA|OUTROS|JAN27
03 - ACESSORIOS KRONA;RJ/ES;MINAS RJ/ES;OUTROS;2027-02-01;28,12;RJ/ES|03 - ACESSORIOS KRONA|OUTROS|FEV27
03 - ACESSORIOS KRONA;RJ/ES;MINAS RJ/ES;OUTROS;2027-03-01;26,70;RJ/ES|03 - ACESSORIOS KRONA|OUTROS|MAR27
03 - ACESSORIOS KRONA;RJ/ES;MINAS RJ/ES;OUTROS;2027-04-01;25,24;RJ/ES|03 - ACESSORIOS KRONA|OUTROS|ABR27
03 - ACESSORIOS KRONA;RJ/ES;MINAS RJ/ES;OUTROS;2027-05-01;18,04;RJ/ES|03 - ACESSORIOS KRONA|OUTROS|MAI27
03 - ACESSORIOS KRONA;RJ/ES;MINAS RJ/ES;OUTROS;2027-06-01;22,43;RJ/ES|03 - ACESSORIOS KRONA|OUTROS|JUN27
03 - ACESSORIOS KRONA;RJ/ES;MINAS RJ/ES;OUTROS;2027-07-01;24,25;RJ/ES|03 - ACESSORIOS KRONA|OUTROS|JUL27
03 - ACESSORIOS KRONA;RJ/ES;MINAS RJ/ES;OUTROS;2027-08-01;15,03;RJ/ES|03 - ACESSORIOS KRONA|OUTROS|AGO27
03 - ACESSORIOS KRONA;RJ/ES;MINAS RJ/ES;OUTROS;2027-09-01;14,87;RJ/ES|03 - ACESSORIOS KRONA|OUTROS|SET27
03 - ACESSORIOS KRONA;RJ/ES;MINAS RJ/ES;OUTROS;2027-10-01;18,10;RJ/ES|03 - ACESSORIOS KRONA|OUTROS|OUT27
03 - ACESSORIOS KRONA;RJ/ES;MINAS RJ/ES;OUTROS;2027-11-01;17,50;RJ/ES|03 - ACESSORIOS KRONA|OUTROS|NOV27
03 - ACESSORIOS KRONA;RJ/ES;MINAS RJ/ES;OUTROS;2027-12-01;16,18;RJ/ES|03 - ACESSORIOS KRONA|OUTROS|DEZ27
03 - ACESSORIOS KRONA;RJ/ES;MINAS RJ/ES;VAREJO;2027-01-01;3300,68;RJ/ES|03 - ACESSORIOS KRONA|VAREJO|JAN27
03 - ACESSORIOS KRONA;RJ/ES;MINAS RJ/ES;VAREJO;2027-02-01;3851,06;RJ/ES|03 - ACESSORIOS KRONA|VAREJO|FEV27
03 - ACESSORIOS KRONA;RJ/ES;MINAS RJ/ES;VAREJO;2027-03-01;3839,82;RJ/ES|03 - ACESSORIOS KRONA|VAREJO|MAR27
03 - ACESSORIOS KRONA;RJ/ES;MINAS RJ/ES;VAREJO;2027-04-01;3828,47;RJ/ES|03 - ACESSORIOS KRONA|VAREJO|ABR27
03 - ACESSORIOS KRONA;RJ/ES;MINAS RJ/ES;VAREJO;2027-05-01;3237,48;RJ/ES|03 - ACESSORIOS KRONA|VAREJO|MAI27
03 - ACESSORIOS KRONA;RJ/ES;MINAS RJ/ES;VAREJO;2027-06-01;3829,44;RJ/ES|03 - ACESSORIOS KRONA|VAREJO|JUN27
03 - ACESSORIOS KRONA;RJ/ES;MINAS RJ/ES;VAREJO;2027-07-01;3835,75;RJ/ES|03 - ACESSORIOS KRONA|VAREJO|JUL27
03 - ACESSORIOS KRONA;RJ/ES;MINAS RJ/ES;VAREJO;2027-08-01;2090,90;RJ/ES|03 - ACESSORIOS KRONA|VAREJO|AGO27
03 - ACESSORIOS KRONA;RJ/ES;MINAS RJ/ES;VAREJO;2027-09-01;2096,30;RJ/ES|03 - ACESSORIOS KRONA|VAREJO|SET27
03 - ACESSORIOS KRONA;RJ/ES;MINAS RJ/ES;VAREJO;2027-10-01;2418,59;RJ/ES|03 - ACESSORIOS KRONA|VAREJO|OUT27
03 - ACESSORIOS KRONA;RJ/ES;MINAS RJ/ES;VAREJO;2027-11-01;2223,96;RJ/ES|03 - ACESSORIOS KRONA|VAREJO|NOV27
03 - ACESSORIOS KRONA;RJ/ES;MINAS RJ/ES;VAREJO;2027-12-01;2238,07;RJ/ES|03 - ACESSORIOS KRONA|VAREJO|DEZ27
03 - ACESSORIOS KRONA;SANTA CATARINA 01;SUL;ATACADO;2027-01-01;1595,95;SANTA CATARINA 01|03 - ACESSORIOS KRONA|ATACADO|JAN27
03 - ACESSORIOS KRONA;SANTA CATARINA 01;SUL;ATACADO;2027-02-01;1594,27;SANTA CATARINA 01|03 - ACESSORIOS KRONA|ATACADO|FEV27
03 - ACESSORIOS KRONA;SANTA CATARINA 01;SUL;ATACADO;2027-03-01;1573,37;SANTA CATARINA 01|03 - ACESSORIOS KRONA|ATACADO|MAR27
03 - ACESSORIOS KRONA;SANTA CATARINA 01;SUL;ATACADO;2027-04-01;1553,67;SANTA CATARINA 01|03 - ACESSORIOS KRONA|ATACADO|ABR27
03 - ACESSORIOS KRONA;SANTA CATARINA 01;SUL;ATACADO;2027-05-01;1548,84;SANTA CATARINA 01|03 - ACESSORIOS KRONA|ATACADO|MAI27
03 - ACESSORIOS KRONA;SANTA CATARINA 01;SUL;ATACADO;2027-06-01;1607,38;SANTA CATARINA 01|03 - ACESSORIOS KRONA|ATACADO|JUN27
03 - ACESSORIOS KRONA;SANTA CATARINA 01;SUL;ATACADO;2027-07-01;1674,06;SANTA CATARINA 01|03 - ACESSORIOS KRONA|ATACADO|JUL27
03 - ACESSORIOS KRONA;SANTA CATARINA 01;SUL;ATACADO;2027-08-01;1632,95;SANTA CATARINA 01|03 - ACESSORIOS KRONA|ATACADO|AGO27
03 - ACESSORIOS KRONA;SANTA CATARINA 01;SUL;ATACADO;2027-09-01;1634,59;SANTA CATARINA 01|03 - ACESSORIOS KRONA|ATACADO|SET27
03 - ACESSORIOS KRONA;SANTA CATARINA 01;SUL;ATACADO;2027-10-01;1654,41;SANTA CATARINA 01|03 - ACESSORIOS KRONA|ATACADO|OUT27
03 - ACESSORIOS KRONA;SANTA CATARINA 01;SUL;ATACADO;2027-11-01;1615,58;SANTA CATARINA 01|03 - ACESSORIOS KRONA|ATACADO|NOV27
03 - ACESSORIOS KRONA;SANTA CATARINA 01;SUL;ATACADO;2027-12-01;1584,27;SANTA CATARINA 01|03 - ACESSORIOS KRONA|ATACADO|DEZ27
03 - ACESSORIOS KRONA;SANTA CATARINA 01;SUL;OUTROS;2027-01-01;40,26;SANTA CATARINA 01|03 - ACESSORIOS KRONA|OUTROS|JAN27
03 - ACESSORIOS KRONA;SANTA CATARINA 01;SUL;OUTROS;2027-02-01;35,14;SANTA CATARINA 01|03 - ACESSORIOS KRONA|OUTROS|FEV27
03 - ACESSORIOS KRONA;SANTA CATARINA 01;SUL;OUTROS;2027-03-01;34,82;SANTA CATARINA 01|03 - ACESSORIOS KRONA|OUTROS|MAR27
03 - ACESSORIOS KRONA;SANTA CATARINA 01;SUL;OUTROS;2027-04-01;35,75;SANTA CATARINA 01|03 - ACESSORIOS KRONA|OUTROS|ABR27
03 - ACESSORIOS KRONA;SANTA CATARINA 01;SUL;OUTROS;2027-05-01;37,18;SANTA CATARINA 01|03 - ACESSORIOS KRONA|OUTROS|MAI27
03 - ACESSORIOS KRONA;SANTA CATARINA 01;SUL;OUTROS;2027-06-01;38,66;SANTA CATARINA 01|03 - ACESSORIOS KRONA|OUTROS|JUN27
03 - ACESSORIOS KRONA;SANTA CATARINA 01;SUL;OUTROS;2027-07-01;43,58;SANTA CATARINA 01|03 - ACESSORIOS KRONA|OUTROS|JUL27
03 - ACESSORIOS KRONA;SANTA CATARINA 01;SUL;OUTROS;2027-08-01;38,43;SANTA CATARINA 01|03 - ACESSORIOS KRONA|OUTROS|AGO27
03 - ACESSORIOS KRONA;SANTA CATARINA 01;SUL;OUTROS;2027-09-01;39,87;SANTA CATARINA 01|03 - ACESSORIOS KRONA|OUTROS|SET27
03 - ACESSORIOS KRONA;SANTA CATARINA 01;SUL;OUTROS;2027-10-01;37,91;SANTA CATARINA 01|03 - ACESSORIOS KRONA|OUTROS|OUT27
03 - ACESSORIOS KRONA;SANTA CATARINA 01;SUL;OUTROS;2027-11-01;35,93;SANTA CATARINA 01|03 - ACESSORIOS KRONA|OUTROS|NOV27
03 - ACESSORIOS KRONA;SANTA CATARINA 01;SUL;OUTROS;2027-12-01;35,64;SANTA CATARINA 01|03 - ACESSORIOS KRONA|OUTROS|DEZ27
03 - ACESSORIOS KRONA;SANTA CATARINA 01;SUL;VAREJO;2027-01-01;1939,35;SANTA CATARINA 01|03 - ACESSORIOS KRONA|VAREJO|JAN27
03 - ACESSORIOS KRONA;SANTA CATARINA 01;SUL;VAREJO;2027-02-01;1716,36;SANTA CATARINA 01|03 - ACESSORIOS KRONA|VAREJO|FEV27
03 - ACESSORIOS KRONA;SANTA CATARINA 01;SUL;VAREJO;2027-03-01;1681,95;SANTA CATARINA 01|03 - ACESSORIOS KRONA|VAREJO|MAR27
03 - ACESSORIOS KRONA;SANTA CATARINA 01;SUL;VAREJO;2027-04-01;1730,31;SANTA CATARINA 01|03 - ACESSORIOS KRONA|VAREJO|ABR27
03 - ACESSORIOS KRONA;SANTA CATARINA 01;SUL;VAREJO;2027-05-01;1766,85;SANTA CATARINA 01|03 - ACESSORIOS KRONA|VAREJO|MAI27
03 - ACESSORIOS KRONA;SANTA CATARINA 01;SUL;VAREJO;2027-06-01;1784,72;SANTA CATARINA 01|03 - ACESSORIOS KRONA|VAREJO|JUN27
03 - ACESSORIOS KRONA;SANTA CATARINA 01;SUL;VAREJO;2027-07-01;2013,50;SANTA CATARINA 01|03 - ACESSORIOS KRONA|VAREJO|JUL27
03 - ACESSORIOS KRONA;SANTA CATARINA 01;SUL;VAREJO;2027-08-01;1850,62;SANTA CATARINA 01|03 - ACESSORIOS KRONA|VAREJO|AGO27
03 - ACESSORIOS KRONA;SANTA CATARINA 01;SUL;VAREJO;2027-09-01;1913,42;SANTA CATARINA 01|03 - ACESSORIOS KRONA|VAREJO|SET27
03 - ACESSORIOS KRONA;SANTA CATARINA 01;SUL;VAREJO;2027-10-01;1826,32;SANTA CATARINA 01|03 - ACESSORIOS KRONA|VAREJO|OUT27
03 - ACESSORIOS KRONA;SANTA CATARINA 01;SUL;VAREJO;2027-11-01;1764,24;SANTA CATARINA 01|03 - ACESSORIOS KRONA|VAREJO|NOV27
03 - ACESSORIOS KRONA;SANTA CATARINA 01;SUL;VAREJO;2027-12-01;1758,46;SANTA CATARINA 01|03 - ACESSORIOS KRONA|VAREJO|DEZ27
03 - ACESSORIOS KRONA;SANTA CATARINA 02;SUL;ATACADO;2027-01-01;801,63;SANTA CATARINA 02|03 - ACESSORIOS KRONA|ATACADO|JAN27
03 - ACESSORIOS KRONA;SANTA CATARINA 02;SUL;ATACADO;2027-02-01;765,75;SANTA CATARINA 02|03 - ACESSORIOS KRONA|ATACADO|FEV27
03 - ACESSORIOS KRONA;SANTA CATARINA 02;SUL;ATACADO;2027-03-01;745,74;SANTA CATARINA 02|03 - ACESSORIOS KRONA|ATACADO|MAR27
03 - ACESSORIOS KRONA;SANTA CATARINA 02;SUL;ATACADO;2027-04-01;714,58;SANTA CATARINA 02|03 - ACESSORIOS KRONA|ATACADO|ABR27
03 - ACESSORIOS KRONA;SANTA CATARINA 02;SUL;ATACADO;2027-05-01;707,51;SANTA CATARINA 02|03 - ACESSORIOS KRONA|ATACADO|MAI27
03 - ACESSORIOS KRONA;SANTA CATARINA 02;SUL;ATACADO;2027-06-01;700,33;SANTA CATARINA 02|03 - ACESSORIOS KRONA|ATACADO|JUN27
03 - ACESSORIOS KRONA;SANTA CATARINA 02;SUL;ATACADO;2027-07-01;723,05;SANTA CATARINA 02|03 - ACESSORIOS KRONA|ATACADO|JUL27
03 - ACESSORIOS KRONA;SANTA CATARINA 02;SUL;ATACADO;2027-08-01;670,72;SANTA CATARINA 02|03 - ACESSORIOS KRONA|ATACADO|AGO27
03 - ACESSORIOS KRONA;SANTA CATARINA 02;SUL;ATACADO;2027-09-01;662,56;SANTA CATARINA 02|03 - ACESSORIOS KRONA|ATACADO|SET27
03 - ACESSORIOS KRONA;SANTA CATARINA 02;SUL;ATACADO;2027-10-01;671,93;SANTA CATARINA 02|03 - ACESSORIOS KRONA|ATACADO|OUT27
03 - ACESSORIOS KRONA;SANTA CATARINA 02;SUL;ATACADO;2027-11-01;678,31;SANTA CATARINA 02|03 - ACESSORIOS KRONA|ATACADO|NOV27
03 - ACESSORIOS KRONA;SANTA CATARINA 02;SUL;ATACADO;2027-12-01;695,73;SANTA CATARINA 02|03 - ACESSORIOS KRONA|ATACADO|DEZ27
03 - ACESSORIOS KRONA;SANTA CATARINA 02;SUL;OUTROS;2027-01-01;58,37;SANTA CATARINA 02|03 - ACESSORIOS KRONA|OUTROS|JAN27
03 - ACESSORIOS KRONA;SANTA CATARINA 02;SUL;OUTROS;2027-02-01;53,16;SANTA CATARINA 02|03 - ACESSORIOS KRONA|OUTROS|FEV27
03 - ACESSORIOS KRONA;SANTA CATARINA 02;SUL;OUTROS;2027-03-01;49,97;SANTA CATARINA 02|03 - ACESSORIOS KRONA|OUTROS|MAR27
03 - ACESSORIOS KRONA;SANTA CATARINA 02;SUL;OUTROS;2027-04-01;44,16;SANTA CATARINA 02|03 - ACESSORIOS KRONA|OUTROS|ABR27
03 - ACESSORIOS KRONA;SANTA CATARINA 02;SUL;OUTROS;2027-05-01;43,74;SANTA CATARINA 02|03 - ACESSORIOS KRONA|OUTROS|MAI27
03 - ACESSORIOS KRONA;SANTA CATARINA 02;SUL;OUTROS;2027-06-01;42,81;SANTA CATARINA 02|03 - ACESSORIOS KRONA|OUTROS|JUN27
03 - ACESSORIOS KRONA;SANTA CATARINA 02;SUL;OUTROS;2027-07-01;43,95;SANTA CATARINA 02|03 - ACESSORIOS KRONA|OUTROS|JUL27
03 - ACESSORIOS KRONA;SANTA CATARINA 02;SUL;OUTROS;2027-08-01;40,72;SANTA CATARINA 02|03 - ACESSORIOS KRONA|OUTROS|AGO27
03 - ACESSORIOS KRONA;SANTA CATARINA 02;SUL;OUTROS;2027-09-01;40,40;SANTA CATARINA 02|03 - ACESSORIOS KRONA|OUTROS|SET27
03 - ACESSORIOS KRONA;SANTA CATARINA 02;SUL;OUTROS;2027-10-01;43,16;SANTA CATARINA 02|03 - ACESSORIOS KRONA|OUTROS|OUT27
03 - ACESSORIOS KRONA;SANTA CATARINA 02;SUL;OUTROS;2027-11-01;41,93;SANTA CATARINA 02|03 - ACESSORIOS KRONA|OUTROS|NOV27
03 - ACESSORIOS KRONA;SANTA CATARINA 02;SUL;OUTROS;2027-12-01;44,85;SANTA CATARINA 02|03 - ACESSORIOS KRONA|OUTROS|DEZ27
03 - ACESSORIOS KRONA;SANTA CATARINA 02;SUL;VAREJO;2027-01-01;2748,61;SANTA CATARINA 02|03 - ACESSORIOS KRONA|VAREJO|JAN27
03 - ACESSORIOS KRONA;SANTA CATARINA 02;SUL;VAREJO;2027-02-01;2607,80;SANTA CATARINA 02|03 - ACESSORIOS KRONA|VAREJO|FEV27
03 - ACESSORIOS KRONA;SANTA CATARINA 02;SUL;VAREJO;2027-03-01;2573,78;SANTA CATARINA 02|03 - ACESSORIOS KRONA|VAREJO|MAR27
03 - ACESSORIOS KRONA;SANTA CATARINA 02;SUL;VAREJO;2027-04-01;2422,37;SANTA CATARINA 02|03 - ACESSORIOS KRONA|VAREJO|ABR27
03 - ACESSORIOS KRONA;SANTA CATARINA 02;SUL;VAREJO;2027-05-01;2389,42;SANTA CATARINA 02|03 - ACESSORIOS KRONA|VAREJO|MAI27
03 - ACESSORIOS KRONA;SANTA CATARINA 02;SUL;VAREJO;2027-06-01;2371,71;SANTA CATARINA 02|03 - ACESSORIOS KRONA|VAREJO|JUN27
03 - ACESSORIOS KRONA;SANTA CATARINA 02;SUL;VAREJO;2027-07-01;2456,53;SANTA CATARINA 02|03 - ACESSORIOS KRONA|VAREJO|JUL27
03 - ACESSORIOS KRONA;SANTA CATARINA 02;SUL;VAREJO;2027-08-01;2253,68;SANTA CATARINA 02|03 - ACESSORIOS KRONA|VAREJO|AGO27
03 - ACESSORIOS KRONA;SANTA CATARINA 02;SUL;VAREJO;2027-09-01;2239,74;SANTA CATARINA 02|03 - ACESSORIOS KRONA|VAREJO|SET27
03 - ACESSORIOS KRONA;SANTA CATARINA 02;SUL;VAREJO;2027-10-01;2238,42;SANTA CATARINA 02|03 - ACESSORIOS KRONA|VAREJO|OUT27
03 - ACESSORIOS KRONA;SANTA CATARINA 02;SUL;VAREJO;2027-11-01;2263,23;SANTA CATARINA 02|03 - ACESSORIOS KRONA|VAREJO|NOV27
03 - ACESSORIOS KRONA;SANTA CATARINA 02;SUL;VAREJO;2027-12-01;2247,49;SANTA CATARINA 02|03 - ACESSORIOS KRONA|VAREJO|DEZ27
03 - ACESSORIOS KRONA;SAO PAULO CAPITAL;SP;ATACADO;2027-01-01;742,36;SAO PAULO CAPITAL|03 - ACESSORIOS KRONA|ATACADO|JAN27
03 - ACESSORIOS KRONA;SAO PAULO CAPITAL;SP;ATACADO;2027-02-01;572,65;SAO PAULO CAPITAL|03 - ACESSORIOS KRONA|ATACADO|FEV27
03 - ACESSORIOS KRONA;SAO PAULO CAPITAL;SP;ATACADO;2027-03-01;756,87;SAO PAULO CAPITAL|03 - ACESSORIOS KRONA|ATACADO|MAR27
03 - ACESSORIOS KRONA;SAO PAULO CAPITAL;SP;ATACADO;2027-04-01;625,95;SAO PAULO CAPITAL|03 - ACESSORIOS KRONA|ATACADO|ABR27
03 - ACESSORIOS KRONA;SAO PAULO CAPITAL;SP;ATACADO;2027-05-01;530,26;SAO PAULO CAPITAL|03 - ACESSORIOS KRONA|ATACADO|MAI27
03 - ACESSORIOS KRONA;SAO PAULO CAPITAL;SP;ATACADO;2027-06-01;611,85;SAO PAULO CAPITAL|03 - ACESSORIOS KRONA|ATACADO|JUN27
03 - ACESSORIOS KRONA;SAO PAULO CAPITAL;SP;ATACADO;2027-07-01;614,30;SAO PAULO CAPITAL|03 - ACESSORIOS KRONA|ATACADO|JUL27
03 - ACESSORIOS KRONA;SAO PAULO CAPITAL;SP;ATACADO;2027-08-01;747,42;SAO PAULO CAPITAL|03 - ACESSORIOS KRONA|ATACADO|AGO27
03 - ACESSORIOS KRONA;SAO PAULO CAPITAL;SP;ATACADO;2027-09-01;638,68;SAO PAULO CAPITAL|03 - ACESSORIOS KRONA|ATACADO|SET27
03 - ACESSORIOS KRONA;SAO PAULO CAPITAL;SP;ATACADO;2027-10-01;608,34;SAO PAULO CAPITAL|03 - ACESSORIOS KRONA|ATACADO|OUT27
03 - ACESSORIOS KRONA;SAO PAULO CAPITAL;SP;ATACADO;2027-11-01;597,07;SAO PAULO CAPITAL|03 - ACESSORIOS KRONA|ATACADO|NOV27
03 - ACESSORIOS KRONA;SAO PAULO CAPITAL;SP;ATACADO;2027-12-01;605,00;SAO PAULO CAPITAL|03 - ACESSORIOS KRONA|ATACADO|DEZ27
03 - ACESSORIOS KRONA;SAO PAULO CAPITAL;SP;OUTROS;2027-01-01;360,37;SAO PAULO CAPITAL|03 - ACESSORIOS KRONA|OUTROS|JAN27
03 - ACESSORIOS KRONA;SAO PAULO CAPITAL;SP;OUTROS;2027-02-01;525,64;SAO PAULO CAPITAL|03 - ACESSORIOS KRONA|OUTROS|FEV27
03 - ACESSORIOS KRONA;SAO PAULO CAPITAL;SP;OUTROS;2027-03-01;525,19;SAO PAULO CAPITAL|03 - ACESSORIOS KRONA|OUTROS|MAR27
03 - ACESSORIOS KRONA;SAO PAULO CAPITAL;SP;OUTROS;2027-04-01;524,58;SAO PAULO CAPITAL|03 - ACESSORIOS KRONA|OUTROS|ABR27
03 - ACESSORIOS KRONA;SAO PAULO CAPITAL;SP;OUTROS;2027-05-01;511,95;SAO PAULO CAPITAL|03 - ACESSORIOS KRONA|OUTROS|MAI27
03 - ACESSORIOS KRONA;SAO PAULO CAPITAL;SP;OUTROS;2027-06-01;482,75;SAO PAULO CAPITAL|03 - ACESSORIOS KRONA|OUTROS|JUN27
03 - ACESSORIOS KRONA;SAO PAULO CAPITAL;SP;OUTROS;2027-07-01;430,03;SAO PAULO CAPITAL|03 - ACESSORIOS KRONA|OUTROS|JUL27
03 - ACESSORIOS KRONA;SAO PAULO CAPITAL;SP;OUTROS;2027-08-01;539,51;SAO PAULO CAPITAL|03 - ACESSORIOS KRONA|OUTROS|AGO27
03 - ACESSORIOS KRONA;SAO PAULO CAPITAL;SP;OUTROS;2027-09-01;603,05;SAO PAULO CAPITAL|03 - ACESSORIOS KRONA|OUTROS|SET27
03 - ACESSORIOS KRONA;SAO PAULO CAPITAL;SP;OUTROS;2027-10-01;619,61;SAO PAULO CAPITAL|03 - ACESSORIOS KRONA|OUTROS|OUT27
03 - ACESSORIOS KRONA;SAO PAULO CAPITAL;SP;OUTROS;2027-11-01;216,66;SAO PAULO CAPITAL|03 - ACESSORIOS KRONA|OUTROS|NOV27
03 - ACESSORIOS KRONA;SAO PAULO CAPITAL;SP;OUTROS;2027-12-01;1183,89;SAO PAULO CAPITAL|03 - ACESSORIOS KRONA|OUTROS|DEZ27
03 - ACESSORIOS KRONA;SAO PAULO CAPITAL;SP;VAREJO;2027-01-01;7056,11;SAO PAULO CAPITAL|03 - ACESSORIOS KRONA|VAREJO|JAN27
03 - ACESSORIOS KRONA;SAO PAULO CAPITAL;SP;VAREJO;2027-02-01;7691,03;SAO PAULO CAPITAL|03 - ACESSORIOS KRONA|VAREJO|FEV27
03 - ACESSORIOS KRONA;SAO PAULO CAPITAL;SP;VAREJO;2027-03-01;7915,55;SAO PAULO CAPITAL|03 - ACESSORIOS KRONA|VAREJO|MAR27
03 - ACESSORIOS KRONA;SAO PAULO CAPITAL;SP;VAREJO;2027-04-01;7263,97;SAO PAULO CAPITAL|03 - ACESSORIOS KRONA|VAREJO|ABR27
03 - ACESSORIOS KRONA;SAO PAULO CAPITAL;SP;VAREJO;2027-05-01;7992,14;SAO PAULO CAPITAL|03 - ACESSORIOS KRONA|VAREJO|MAI27
03 - ACESSORIOS KRONA;SAO PAULO CAPITAL;SP;VAREJO;2027-06-01;6457,87;SAO PAULO CAPITAL|03 - ACESSORIOS KRONA|VAREJO|JUN27
03 - ACESSORIOS KRONA;SAO PAULO CAPITAL;SP;VAREJO;2027-07-01;5856,34;SAO PAULO CAPITAL|03 - ACESSORIOS KRONA|VAREJO|JUL27
03 - ACESSORIOS KRONA;SAO PAULO CAPITAL;SP;VAREJO;2027-08-01;6598,32;SAO PAULO CAPITAL|03 - ACESSORIOS KRONA|VAREJO|AGO27
03 - ACESSORIOS KRONA;SAO PAULO CAPITAL;SP;VAREJO;2027-09-01;6495,63;SAO PAULO CAPITAL|03 - ACESSORIOS KRONA|VAREJO|SET27
03 - ACESSORIOS KRONA;SAO PAULO CAPITAL;SP;VAREJO;2027-10-01;6171,15;SAO PAULO CAPITAL|03 - ACESSORIOS KRONA|VAREJO|OUT27
03 - ACESSORIOS KRONA;SAO PAULO CAPITAL;SP;VAREJO;2027-11-01;6169,90;SAO PAULO CAPITAL|03 - ACESSORIOS KRONA|VAREJO|NOV27
03 - ACESSORIOS KRONA;SAO PAULO CAPITAL;SP;VAREJO;2027-12-01;7352,19;SAO PAULO CAPITAL|03 - ACESSORIOS KRONA|VAREJO|DEZ27
03 - ACESSORIOS KRONA;SAO PAULO CAPITAL 2;SP;ATACADO;2027-01-01;10737,68;SAO PAULO CAPITAL 2|03 - ACESSORIOS KRONA|ATACADO|JAN27
03 - ACESSORIOS KRONA;SAO PAULO CAPITAL 2;SP;ATACADO;2027-02-01;12984,46;SAO PAULO CAPITAL 2|03 - ACESSORIOS KRONA|ATACADO|FEV27
03 - ACESSORIOS KRONA;SAO PAULO CAPITAL 2;SP;ATACADO;2027-03-01;9320,25;SAO PAULO CAPITAL 2|03 - ACESSORIOS KRONA|ATACADO|MAR27
03 - ACESSORIOS KRONA;SAO PAULO CAPITAL 2;SP;ATACADO;2027-04-01;18299,10;SAO PAULO CAPITAL 2|03 - ACESSORIOS KRONA|ATACADO|ABR27
03 - ACESSORIOS KRONA;SAO PAULO CAPITAL 2;SP;ATACADO;2027-05-01;5647,41;SAO PAULO CAPITAL 2|03 - ACESSORIOS KRONA|ATACADO|MAI27
03 - ACESSORIOS KRONA;SAO PAULO CAPITAL 2;SP;ATACADO;2027-06-01;9551,93;SAO PAULO CAPITAL 2|03 - ACESSORIOS KRONA|ATACADO|JUN27
03 - ACESSORIOS KRONA;SAO PAULO CAPITAL 2;SP;ATACADO;2027-07-01;14531,42;SAO PAULO CAPITAL 2|03 - ACESSORIOS KRONA|ATACADO|JUL27
03 - ACESSORIOS KRONA;SAO PAULO CAPITAL 2;SP;ATACADO;2027-08-01;13263,63;SAO PAULO CAPITAL 2|03 - ACESSORIOS KRONA|ATACADO|AGO27
03 - ACESSORIOS KRONA;SAO PAULO CAPITAL 2;SP;ATACADO;2027-09-01;9265,93;SAO PAULO CAPITAL 2|03 - ACESSORIOS KRONA|ATACADO|SET27
03 - ACESSORIOS KRONA;SAO PAULO CAPITAL 2;SP;ATACADO;2027-10-01;14843,48;SAO PAULO CAPITAL 2|03 - ACESSORIOS KRONA|ATACADO|OUT27
03 - ACESSORIOS KRONA;SAO PAULO CAPITAL 2;SP;ATACADO;2027-11-01;9060,99;SAO PAULO CAPITAL 2|03 - ACESSORIOS KRONA|ATACADO|NOV27
03 - ACESSORIOS KRONA;SAO PAULO CAPITAL 2;SP;ATACADO;2027-12-01;11003,91;SAO PAULO CAPITAL 2|03 - ACESSORIOS KRONA|ATACADO|DEZ27
03 - ACESSORIOS KRONA;SAO PAULO INTERIOR;SP;ATACADO;2027-01-01;4302,92;SAO PAULO INTERIOR|03 - ACESSORIOS KRONA|ATACADO|JAN27
03 - ACESSORIOS KRONA;SAO PAULO INTERIOR;SP;ATACADO;2027-02-01;4771,69;SAO PAULO INTERIOR|03 - ACESSORIOS KRONA|ATACADO|FEV27
03 - ACESSORIOS KRONA;SAO PAULO INTERIOR;SP;ATACADO;2027-03-01;3314,08;SAO PAULO INTERIOR|03 - ACESSORIOS KRONA|ATACADO|MAR27
03 - ACESSORIOS KRONA;SAO PAULO INTERIOR;SP;ATACADO;2027-04-01;4577,49;SAO PAULO INTERIOR|03 - ACESSORIOS KRONA|ATACADO|ABR27
03 - ACESSORIOS KRONA;SAO PAULO INTERIOR;SP;ATACADO;2027-05-01;2810,33;SAO PAULO INTERIOR|03 - ACESSORIOS KRONA|ATACADO|MAI27
03 - ACESSORIOS KRONA;SAO PAULO INTERIOR;SP;ATACADO;2027-06-01;3633,99;SAO PAULO INTERIOR|03 - ACESSORIOS KRONA|ATACADO|JUN27
03 - ACESSORIOS KRONA;SAO PAULO INTERIOR;SP;ATACADO;2027-07-01;4868,59;SAO PAULO INTERIOR|03 - ACESSORIOS KRONA|ATACADO|JUL27
03 - ACESSORIOS KRONA;SAO PAULO INTERIOR;SP;ATACADO;2027-08-01;3253,51;SAO PAULO INTERIOR|03 - ACESSORIOS KRONA|ATACADO|AGO27
03 - ACESSORIOS KRONA;SAO PAULO INTERIOR;SP;ATACADO;2027-09-01;3535,82;SAO PAULO INTERIOR|03 - ACESSORIOS KRONA|ATACADO|SET27
03 - ACESSORIOS KRONA;SAO PAULO INTERIOR;SP;ATACADO;2027-10-01;3945,21;SAO PAULO INTERIOR|03 - ACESSORIOS KRONA|ATACADO|OUT27
03 - ACESSORIOS KRONA;SAO PAULO INTERIOR;SP;ATACADO;2027-11-01;3210,43;SAO PAULO INTERIOR|03 - ACESSORIOS KRONA|ATACADO|NOV27
03 - ACESSORIOS KRONA;SAO PAULO INTERIOR;SP;ATACADO;2027-12-01;4018,98;SAO PAULO INTERIOR|03 - ACESSORIOS KRONA|ATACADO|DEZ27
03 - ACESSORIOS KRONA;SAO PAULO INTERIOR;SP;OUTROS;2027-01-01;16,95;SAO PAULO INTERIOR|03 - ACESSORIOS KRONA|OUTROS|JAN27
03 - ACESSORIOS KRONA;SAO PAULO INTERIOR;SP;OUTROS;2027-02-01;17,30;SAO PAULO INTERIOR|03 - ACESSORIOS KRONA|OUTROS|FEV27
03 - ACESSORIOS KRONA;SAO PAULO INTERIOR;SP;OUTROS;2027-03-01;18,13;SAO PAULO INTERIOR|03 - ACESSORIOS KRONA|OUTROS|MAR27
03 - ACESSORIOS KRONA;SAO PAULO INTERIOR;SP;OUTROS;2027-04-01;18,15;SAO PAULO INTERIOR|03 - ACESSORIOS KRONA|OUTROS|ABR27
03 - ACESSORIOS KRONA;SAO PAULO INTERIOR;SP;OUTROS;2027-05-01;17,32;SAO PAULO INTERIOR|03 - ACESSORIOS KRONA|OUTROS|MAI27
03 - ACESSORIOS KRONA;SAO PAULO INTERIOR;SP;OUTROS;2027-06-01;17,45;SAO PAULO INTERIOR|03 - ACESSORIOS KRONA|OUTROS|JUN27
03 - ACESSORIOS KRONA;SAO PAULO INTERIOR;SP;OUTROS;2027-07-01;16,70;SAO PAULO INTERIOR|03 - ACESSORIOS KRONA|OUTROS|JUL27
03 - ACESSORIOS KRONA;SAO PAULO INTERIOR;SP;OUTROS;2027-08-01;16,47;SAO PAULO INTERIOR|03 - ACESSORIOS KRONA|OUTROS|AGO27
03 - ACESSORIOS KRONA;SAO PAULO INTERIOR;SP;OUTROS;2027-09-01;16,76;SAO PAULO INTERIOR|03 - ACESSORIOS KRONA|OUTROS|SET27
03 - ACESSORIOS KRONA;SAO PAULO INTERIOR;SP;OUTROS;2027-10-01;16,72;SAO PAULO INTERIOR|03 - ACESSORIOS KRONA|OUTROS|OUT27
03 - ACESSORIOS KRONA;SAO PAULO INTERIOR;SP;OUTROS;2027-11-01;16,59;SAO PAULO INTERIOR|03 - ACESSORIOS KRONA|OUTROS|NOV27
03 - ACESSORIOS KRONA;SAO PAULO INTERIOR;SP;OUTROS;2027-12-01;17,75;SAO PAULO INTERIOR|03 - ACESSORIOS KRONA|OUTROS|DEZ27
03 - ACESSORIOS KRONA;SAO PAULO INTERIOR;SP;VAREJO;2027-01-01;1827,83;SAO PAULO INTERIOR|03 - ACESSORIOS KRONA|VAREJO|JAN27
03 - ACESSORIOS KRONA;SAO PAULO INTERIOR;SP;VAREJO;2027-02-01;2064,96;SAO PAULO INTERIOR|03 - ACESSORIOS KRONA|VAREJO|FEV27
03 - ACESSORIOS KRONA;SAO PAULO INTERIOR;SP;VAREJO;2027-03-01;1289,76;SAO PAULO INTERIOR|03 - ACESSORIOS KRONA|VAREJO|MAR27
03 - ACESSORIOS KRONA;SAO PAULO INTERIOR;SP;VAREJO;2027-04-01;1935,85;SAO PAULO INTERIOR|03 - ACESSORIOS KRONA|VAREJO|ABR27
03 - ACESSORIOS KRONA;SAO PAULO INTERIOR;SP;VAREJO;2027-05-01;1109,80;SAO PAULO INTERIOR|03 - ACESSORIOS KRONA|VAREJO|MAI27
03 - ACESSORIOS KRONA;SAO PAULO INTERIOR;SP;VAREJO;2027-06-01;1524,95;SAO PAULO INTERIOR|03 - ACESSORIOS KRONA|VAREJO|JUN27
03 - ACESSORIOS KRONA;SAO PAULO INTERIOR;SP;VAREJO;2027-07-01;2112,57;SAO PAULO INTERIOR|03 - ACESSORIOS KRONA|VAREJO|JUL27
03 - ACESSORIOS KRONA;SAO PAULO INTERIOR;SP;VAREJO;2027-08-01;1357,22;SAO PAULO INTERIOR|03 - ACESSORIOS KRONA|VAREJO|AGO27
03 - ACESSORIOS KRONA;SAO PAULO INTERIOR;SP;VAREJO;2027-09-01;1488,10;SAO PAULO INTERIOR|03 - ACESSORIOS KRONA|VAREJO|SET27
03 - ACESSORIOS KRONA;SAO PAULO INTERIOR;SP;VAREJO;2027-10-01;1694,83;SAO PAULO INTERIOR|03 - ACESSORIOS KRONA|VAREJO|OUT27
03 - ACESSORIOS KRONA;SAO PAULO INTERIOR;SP;VAREJO;2027-11-01;1340,16;SAO PAULO INTERIOR|03 - ACESSORIOS KRONA|VAREJO|NOV27
03 - ACESSORIOS KRONA;SAO PAULO INTERIOR;SP;VAREJO;2027-12-01;1655,49;SAO PAULO INTERIOR|03 - ACESSORIOS KRONA|VAREJO|DEZ27
03 - ACESSORIOS KRONA;TELEVENDAS;TELEVENDAS;ATACADO;2027-01-01;78,48;TELEVENDAS|03 - ACESSORIOS KRONA|ATACADO|JAN27
03 - ACESSORIOS KRONA;TELEVENDAS;TELEVENDAS;ATACADO;2027-02-01;94,79;TELEVENDAS|03 - ACESSORIOS KRONA|ATACADO|FEV27
03 - ACESSORIOS KRONA;TELEVENDAS;TELEVENDAS;ATACADO;2027-03-01;90,73;TELEVENDAS|03 - ACESSORIOS KRONA|ATACADO|MAR27
03 - ACESSORIOS KRONA;TELEVENDAS;TELEVENDAS;ATACADO;2027-04-01;90,67;TELEVENDAS|03 - ACESSORIOS KRONA|ATACADO|ABR27
03 - ACESSORIOS KRONA;TELEVENDAS;TELEVENDAS;ATACADO;2027-05-01;92,43;TELEVENDAS|03 - ACESSORIOS KRONA|ATACADO|MAI27
03 - ACESSORIOS KRONA;TELEVENDAS;TELEVENDAS;ATACADO;2027-06-01;93,20;TELEVENDAS|03 - ACESSORIOS KRONA|ATACADO|JUN27
03 - ACESSORIOS KRONA;TELEVENDAS;TELEVENDAS;ATACADO;2027-07-01;90,11;TELEVENDAS|03 - ACESSORIOS KRONA|ATACADO|JUL27
03 - ACESSORIOS KRONA;TELEVENDAS;TELEVENDAS;ATACADO;2027-08-01;92,63;TELEVENDAS|03 - ACESSORIOS KRONA|ATACADO|AGO27
03 - ACESSORIOS KRONA;TELEVENDAS;TELEVENDAS;ATACADO;2027-09-01;96,14;TELEVENDAS|03 - ACESSORIOS KRONA|ATACADO|SET27
03 - ACESSORIOS KRONA;TELEVENDAS;TELEVENDAS;ATACADO;2027-10-01;86,66;TELEVENDAS|03 - ACESSORIOS KRONA|ATACADO|OUT27
03 - ACESSORIOS KRONA;TELEVENDAS;TELEVENDAS;ATACADO;2027-11-01;89,14;TELEVENDAS|03 - ACESSORIOS KRONA|ATACADO|NOV27
03 - ACESSORIOS KRONA;TELEVENDAS;TELEVENDAS;ATACADO;2027-12-01;93,59;TELEVENDAS|03 - ACESSORIOS KRONA|ATACADO|DEZ27
03 - ACESSORIOS KRONA;TELEVENDAS;TELEVENDAS;IRRIGACAO;2027-01-01;0,84;TELEVENDAS|03 - ACESSORIOS KRONA|IRRIGACAO|JAN27
03 - ACESSORIOS KRONA;TELEVENDAS;TELEVENDAS;IRRIGACAO;2027-02-01;1,13;TELEVENDAS|03 - ACESSORIOS KRONA|IRRIGACAO|FEV27
03 - ACESSORIOS KRONA;TELEVENDAS;TELEVENDAS;IRRIGACAO;2027-03-01;1,11;TELEVENDAS|03 - ACESSORIOS KRONA|IRRIGACAO|MAR27
03 - ACESSORIOS KRONA;TELEVENDAS;TELEVENDAS;IRRIGACAO;2027-04-01;1,14;TELEVENDAS|03 - ACESSORIOS KRONA|IRRIGACAO|ABR27
03 - ACESSORIOS KRONA;TELEVENDAS;TELEVENDAS;IRRIGACAO;2027-05-01;1,21;TELEVENDAS|03 - ACESSORIOS KRONA|IRRIGACAO|MAI27
03 - ACESSORIOS KRONA;TELEVENDAS;TELEVENDAS;IRRIGACAO;2027-06-01;1,24;TELEVENDAS|03 - ACESSORIOS KRONA|IRRIGACAO|JUN27
03 - ACESSORIOS KRONA;TELEVENDAS;TELEVENDAS;IRRIGACAO;2027-07-01;1,24;TELEVENDAS|03 - ACESSORIOS KRONA|IRRIGACAO|JUL27
03 - ACESSORIOS KRONA;TELEVENDAS;TELEVENDAS;IRRIGACAO;2027-08-01;1,24;TELEVENDAS|03 - ACESSORIOS KRONA|IRRIGACAO|AGO27
03 - ACESSORIOS KRONA;TELEVENDAS;TELEVENDAS;IRRIGACAO;2027-09-01;1,35;TELEVENDAS|03 - ACESSORIOS KRONA|IRRIGACAO|SET27
03 - ACESSORIOS KRONA;TELEVENDAS;TELEVENDAS;IRRIGACAO;2027-10-01;1,37;TELEVENDAS|03 - ACESSORIOS KRONA|IRRIGACAO|OUT27
03 - ACESSORIOS KRONA;TELEVENDAS;TELEVENDAS;IRRIGACAO;2027-11-01;1,15;TELEVENDAS|03 - ACESSORIOS KRONA|IRRIGACAO|NOV27
03 - ACESSORIOS KRONA;TELEVENDAS;TELEVENDAS;IRRIGACAO;2027-12-01;1,18;TELEVENDAS|03 - ACESSORIOS KRONA|IRRIGACAO|DEZ27
03 - ACESSORIOS KRONA;TELEVENDAS;TELEVENDAS;OUTROS;2027-01-01;143,36;TELEVENDAS|03 - ACESSORIOS KRONA|OUTROS|JAN27
03 - ACESSORIOS KRONA;TELEVENDAS;TELEVENDAS;OUTROS;2027-02-01;94,97;TELEVENDAS|03 - ACESSORIOS KRONA|OUTROS|FEV27
03 - ACESSORIOS KRONA;TELEVENDAS;TELEVENDAS;OUTROS;2027-03-01;115,77;TELEVENDAS|03 - ACESSORIOS KRONA|OUTROS|MAR27
03 - ACESSORIOS KRONA;TELEVENDAS;TELEVENDAS;OUTROS;2027-04-01;76,31;TELEVENDAS|03 - ACESSORIOS KRONA|OUTROS|ABR27
03 - ACESSORIOS KRONA;TELEVENDAS;TELEVENDAS;OUTROS;2027-05-01;121,11;TELEVENDAS|03 - ACESSORIOS KRONA|OUTROS|MAI27
03 - ACESSORIOS KRONA;TELEVENDAS;TELEVENDAS;OUTROS;2027-06-01;111,33;TELEVENDAS|03 - ACESSORIOS KRONA|OUTROS|JUN27
03 - ACESSORIOS KRONA;TELEVENDAS;TELEVENDAS;OUTROS;2027-07-01;79,88;TELEVENDAS|03 - ACESSORIOS KRONA|OUTROS|JUL27
03 - ACESSORIOS KRONA;TELEVENDAS;TELEVENDAS;OUTROS;2027-08-01;174,69;TELEVENDAS|03 - ACESSORIOS KRONA|OUTROS|AGO27
03 - ACESSORIOS KRONA;TELEVENDAS;TELEVENDAS;OUTROS;2027-09-01;78,00;TELEVENDAS|03 - ACESSORIOS KRONA|OUTROS|SET27
03 - ACESSORIOS KRONA;TELEVENDAS;TELEVENDAS;OUTROS;2027-10-01;124,85;TELEVENDAS|03 - ACESSORIOS KRONA|OUTROS|OUT27
03 - ACESSORIOS KRONA;TELEVENDAS;TELEVENDAS;OUTROS;2027-11-01;76,22;TELEVENDAS|03 - ACESSORIOS KRONA|OUTROS|NOV27
03 - ACESSORIOS KRONA;TELEVENDAS;TELEVENDAS;OUTROS;2027-12-01;91,00;TELEVENDAS|03 - ACESSORIOS KRONA|OUTROS|DEZ27
03 - ACESSORIOS KRONA;TELEVENDAS;TELEVENDAS;VAREJO;2027-01-01;3382,76;TELEVENDAS|03 - ACESSORIOS KRONA|VAREJO|JAN27
03 - ACESSORIOS KRONA;TELEVENDAS;TELEVENDAS;VAREJO;2027-02-01;4067,27;TELEVENDAS|03 - ACESSORIOS KRONA|VAREJO|FEV27
03 - ACESSORIOS KRONA;TELEVENDAS;TELEVENDAS;VAREJO;2027-03-01;3870,67;TELEVENDAS|03 - ACESSORIOS KRONA|VAREJO|MAR27
03 - ACESSORIOS KRONA;TELEVENDAS;TELEVENDAS;VAREJO;2027-04-01;3852,66;TELEVENDAS|03 - ACESSORIOS KRONA|VAREJO|ABR27
03 - ACESSORIOS KRONA;TELEVENDAS;TELEVENDAS;VAREJO;2027-05-01;3914,65;TELEVENDAS|03 - ACESSORIOS KRONA|VAREJO|MAI27
03 - ACESSORIOS KRONA;TELEVENDAS;TELEVENDAS;VAREJO;2027-06-01;3964,01;TELEVENDAS|03 - ACESSORIOS KRONA|VAREJO|JUN27
03 - ACESSORIOS KRONA;TELEVENDAS;TELEVENDAS;VAREJO;2027-07-01;3875,64;TELEVENDAS|03 - ACESSORIOS KRONA|VAREJO|JUL27
03 - ACESSORIOS KRONA;TELEVENDAS;TELEVENDAS;VAREJO;2027-08-01;3899,78;TELEVENDAS|03 - ACESSORIOS KRONA|VAREJO|AGO27
03 - ACESSORIOS KRONA;TELEVENDAS;TELEVENDAS;VAREJO;2027-09-01;4072,05;TELEVENDAS|03 - ACESSORIOS KRONA|VAREJO|SET27
03 - ACESSORIOS KRONA;TELEVENDAS;TELEVENDAS;VAREJO;2027-10-01;3779,91;TELEVENDAS|03 - ACESSORIOS KRONA|VAREJO|OUT27
03 - ACESSORIOS KRONA;TELEVENDAS;TELEVENDAS;VAREJO;2027-11-01;3684,31;TELEVENDAS|03 - ACESSORIOS KRONA|VAREJO|NOV27
03 - ACESSORIOS KRONA;TELEVENDAS;TELEVENDAS;VAREJO;2027-12-01;4002,19;TELEVENDAS|03 - ACESSORIOS KRONA|VAREJO|DEZ27
04 - PRODUTOS REVENDA;CENTRO OESTE;CO NO;ATACADO;2027-01-01;4838,89;CENTRO OESTE|04 - PRODUTOS REVENDA|ATACADO|JAN27
04 - PRODUTOS REVENDA;CENTRO OESTE;CO NO;ATACADO;2027-02-01;6796,07;CENTRO OESTE|04 - PRODUTOS REVENDA|ATACADO|FEV27
04 - PRODUTOS REVENDA;CENTRO OESTE;CO NO;ATACADO;2027-03-01;6509,24;CENTRO OESTE|04 - PRODUTOS REVENDA|ATACADO|MAR27
04 - PRODUTOS REVENDA;CENTRO OESTE;CO NO;ATACADO;2027-04-01;6633,70;CENTRO OESTE|04 - PRODUTOS REVENDA|ATACADO|ABR27
04 - PRODUTOS REVENDA;CENTRO OESTE;CO NO;ATACADO;2027-05-01;5648,13;CENTRO OESTE|04 - PRODUTOS REVENDA|ATACADO|MAI27
04 - PRODUTOS REVENDA;CENTRO OESTE;CO NO;ATACADO;2027-06-01;8579,87;CENTRO OESTE|04 - PRODUTOS REVENDA|ATACADO|JUN27
04 - PRODUTOS REVENDA;CENTRO OESTE;CO NO;ATACADO;2027-07-01;6908,81;CENTRO OESTE|04 - PRODUTOS REVENDA|ATACADO|JUL27
04 - PRODUTOS REVENDA;CENTRO OESTE;CO NO;ATACADO;2027-08-01;5424,22;CENTRO OESTE|04 - PRODUTOS REVENDA|ATACADO|AGO27
04 - PRODUTOS REVENDA;CENTRO OESTE;CO NO;ATACADO;2027-09-01;6350,35;CENTRO OESTE|04 - PRODUTOS REVENDA|ATACADO|SET27
04 - PRODUTOS REVENDA;CENTRO OESTE;CO NO;ATACADO;2027-10-01;7368,57;CENTRO OESTE|04 - PRODUTOS REVENDA|ATACADO|OUT27
04 - PRODUTOS REVENDA;CENTRO OESTE;CO NO;ATACADO;2027-11-01;6112,12;CENTRO OESTE|04 - PRODUTOS REVENDA|ATACADO|NOV27
04 - PRODUTOS REVENDA;CENTRO OESTE;CO NO;ATACADO;2027-12-01;8062,29;CENTRO OESTE|04 - PRODUTOS REVENDA|ATACADO|DEZ27
04 - PRODUTOS REVENDA;CENTRO OESTE;CO NO;OUTROS;2027-01-01;6,16;CENTRO OESTE|04 - PRODUTOS REVENDA|OUTROS|JAN27
04 - PRODUTOS REVENDA;CENTRO OESTE;CO NO;OUTROS;2027-02-01;8,17;CENTRO OESTE|04 - PRODUTOS REVENDA|OUTROS|FEV27
04 - PRODUTOS REVENDA;CENTRO OESTE;CO NO;OUTROS;2027-03-01;8,02;CENTRO OESTE|04 - PRODUTOS REVENDA|OUTROS|MAR27
04 - PRODUTOS REVENDA;CENTRO OESTE;CO NO;OUTROS;2027-04-01;7,22;CENTRO OESTE|04 - PRODUTOS REVENDA|OUTROS|ABR27
04 - PRODUTOS REVENDA;CENTRO OESTE;CO NO;OUTROS;2027-05-01;6,86;CENTRO OESTE|04 - PRODUTOS REVENDA|OUTROS|MAI27
04 - PRODUTOS REVENDA;CENTRO OESTE;CO NO;OUTROS;2027-06-01;10,34;CENTRO OESTE|04 - PRODUTOS REVENDA|OUTROS|JUN27
04 - PRODUTOS REVENDA;CENTRO OESTE;CO NO;OUTROS;2027-07-01;8,18;CENTRO OESTE|04 - PRODUTOS REVENDA|OUTROS|JUL27
04 - PRODUTOS REVENDA;CENTRO OESTE;CO NO;OUTROS;2027-08-01;6,37;CENTRO OESTE|04 - PRODUTOS REVENDA|OUTROS|AGO27
04 - PRODUTOS REVENDA;CENTRO OESTE;CO NO;OUTROS;2027-09-01;7,61;CENTRO OESTE|04 - PRODUTOS REVENDA|OUTROS|SET27
04 - PRODUTOS REVENDA;CENTRO OESTE;CO NO;OUTROS;2027-10-01;8,79;CENTRO OESTE|04 - PRODUTOS REVENDA|OUTROS|OUT27
04 - PRODUTOS REVENDA;CENTRO OESTE;CO NO;OUTROS;2027-11-01;7,52;CENTRO OESTE|04 - PRODUTOS REVENDA|OUTROS|NOV27
04 - PRODUTOS REVENDA;CENTRO OESTE;CO NO;OUTROS;2027-12-01;11,13;CENTRO OESTE|04 - PRODUTOS REVENDA|OUTROS|DEZ27
04 - PRODUTOS REVENDA;CENTRO OESTE;CO NO;VAREJO;2027-01-01;2265,66;CENTRO OESTE|04 - PRODUTOS REVENDA|VAREJO|JAN27
04 - PRODUTOS REVENDA;CENTRO OESTE;CO NO;VAREJO;2027-02-01;3329,84;CENTRO OESTE|04 - PRODUTOS REVENDA|VAREJO|FEV27
04 - PRODUTOS REVENDA;CENTRO OESTE;CO NO;VAREJO;2027-03-01;3295,31;CENTRO OESTE|04 - PRODUTOS REVENDA|VAREJO|MAR27
04 - PRODUTOS REVENDA;CENTRO OESTE;CO NO;VAREJO;2027-04-01;3221,29;CENTRO OESTE|04 - PRODUTOS REVENDA|VAREJO|ABR27
04 - PRODUTOS REVENDA;CENTRO OESTE;CO NO;VAREJO;2027-05-01;2916,64;CENTRO OESTE|04 - PRODUTOS REVENDA|VAREJO|MAI27
04 - PRODUTOS REVENDA;CENTRO OESTE;CO NO;VAREJO;2027-06-01;4164,09;CENTRO OESTE|04 - PRODUTOS REVENDA|VAREJO|JUN27
04 - PRODUTOS REVENDA;CENTRO OESTE;CO NO;VAREJO;2027-07-01;3400,45;CENTRO OESTE|04 - PRODUTOS REVENDA|VAREJO|JUL27
04 - PRODUTOS REVENDA;CENTRO OESTE;CO NO;VAREJO;2027-08-01;2802,29;CENTRO OESTE|04 - PRODUTOS REVENDA|VAREJO|AGO27
04 - PRODUTOS REVENDA;CENTRO OESTE;CO NO;VAREJO;2027-09-01;3178,36;CENTRO OESTE|04 - PRODUTOS REVENDA|VAREJO|SET27
04 - PRODUTOS REVENDA;CENTRO OESTE;CO NO;VAREJO;2027-10-01;3533,62;CENTRO OESTE|04 - PRODUTOS REVENDA|VAREJO|OUT27
04 - PRODUTOS REVENDA;CENTRO OESTE;CO NO;VAREJO;2027-11-01;3089,07;CENTRO OESTE|04 - PRODUTOS REVENDA|VAREJO|NOV27
04 - PRODUTOS REVENDA;CENTRO OESTE;CO NO;VAREJO;2027-12-01;4007,44;CENTRO OESTE|04 - PRODUTOS REVENDA|VAREJO|DEZ27
04 - PRODUTOS REVENDA;CONSTR CENTRO OESTE;CONSTRUTORA;CONSTRUTORA;2027-01-01;5918,39;CONSTR CENTRO OESTE|04 - PRODUTOS REVENDA|CONSTRUTORA|JAN27
04 - PRODUTOS REVENDA;CONSTR CENTRO OESTE;CONSTRUTORA;CONSTRUTORA;2027-02-01;5986,32;CONSTR CENTRO OESTE|04 - PRODUTOS REVENDA|CONSTRUTORA|FEV27
04 - PRODUTOS REVENDA;CONSTR CENTRO OESTE;CONSTRUTORA;CONSTRUTORA;2027-03-01;6815,95;CONSTR CENTRO OESTE|04 - PRODUTOS REVENDA|CONSTRUTORA|MAR27
04 - PRODUTOS REVENDA;CONSTR CENTRO OESTE;CONSTRUTORA;CONSTRUTORA;2027-04-01;4947,73;CONSTR CENTRO OESTE|04 - PRODUTOS REVENDA|CONSTRUTORA|ABR27
04 - PRODUTOS REVENDA;CONSTR CENTRO OESTE;CONSTRUTORA;CONSTRUTORA;2027-05-01;3839,07;CONSTR CENTRO OESTE|04 - PRODUTOS REVENDA|CONSTRUTORA|MAI27
04 - PRODUTOS REVENDA;CONSTR CENTRO OESTE;CONSTRUTORA;CONSTRUTORA;2027-06-01;5512,26;CONSTR CENTRO OESTE|04 - PRODUTOS REVENDA|CONSTRUTORA|JUN27
04 - PRODUTOS REVENDA;CONSTR CENTRO OESTE;CONSTRUTORA;CONSTRUTORA;2027-07-01;4873,46;CONSTR CENTRO OESTE|04 - PRODUTOS REVENDA|CONSTRUTORA|JUL27
04 - PRODUTOS REVENDA;CONSTR CENTRO OESTE;CONSTRUTORA;CONSTRUTORA;2027-08-01;5298,64;CONSTR CENTRO OESTE|04 - PRODUTOS REVENDA|CONSTRUTORA|AGO27
04 - PRODUTOS REVENDA;CONSTR CENTRO OESTE;CONSTRUTORA;CONSTRUTORA;2027-09-01;6770,63;CONSTR CENTRO OESTE|04 - PRODUTOS REVENDA|CONSTRUTORA|SET27
04 - PRODUTOS REVENDA;CONSTR CENTRO OESTE;CONSTRUTORA;CONSTRUTORA;2027-10-01;7646,41;CONSTR CENTRO OESTE|04 - PRODUTOS REVENDA|CONSTRUTORA|OUT27
04 - PRODUTOS REVENDA;CONSTR CENTRO OESTE;CONSTRUTORA;CONSTRUTORA;2027-11-01;6931,10;CONSTR CENTRO OESTE|04 - PRODUTOS REVENDA|CONSTRUTORA|NOV27
04 - PRODUTOS REVENDA;CONSTR CENTRO OESTE;CONSTRUTORA;CONSTRUTORA;2027-12-01;8114,66;CONSTR CENTRO OESTE|04 - PRODUTOS REVENDA|CONSTRUTORA|DEZ27
04 - PRODUTOS REVENDA;CONSTR NORDESTE;CONSTRUTORA;CONSTRUTORA;2027-01-01;6761,59;CONSTR NORDESTE|04 - PRODUTOS REVENDA|CONSTRUTORA|JAN27
04 - PRODUTOS REVENDA;CONSTR NORDESTE;CONSTRUTORA;CONSTRUTORA;2027-02-01;7592,30;CONSTR NORDESTE|04 - PRODUTOS REVENDA|CONSTRUTORA|FEV27
04 - PRODUTOS REVENDA;CONSTR NORDESTE;CONSTRUTORA;CONSTRUTORA;2027-03-01;7397,52;CONSTR NORDESTE|04 - PRODUTOS REVENDA|CONSTRUTORA|MAR27
04 - PRODUTOS REVENDA;CONSTR NORDESTE;CONSTRUTORA;CONSTRUTORA;2027-04-01;7404,10;CONSTR NORDESTE|04 - PRODUTOS REVENDA|CONSTRUTORA|ABR27
04 - PRODUTOS REVENDA;CONSTR NORDESTE;CONSTRUTORA;CONSTRUTORA;2027-05-01;6833,73;CONSTR NORDESTE|04 - PRODUTOS REVENDA|CONSTRUTORA|MAI27
04 - PRODUTOS REVENDA;CONSTR NORDESTE;CONSTRUTORA;CONSTRUTORA;2027-06-01;7041,14;CONSTR NORDESTE|04 - PRODUTOS REVENDA|CONSTRUTORA|JUN27
04 - PRODUTOS REVENDA;CONSTR NORDESTE;CONSTRUTORA;CONSTRUTORA;2027-07-01;6942,50;CONSTR NORDESTE|04 - PRODUTOS REVENDA|CONSTRUTORA|JUL27
04 - PRODUTOS REVENDA;CONSTR NORDESTE;CONSTRUTORA;CONSTRUTORA;2027-08-01;7181,72;CONSTR NORDESTE|04 - PRODUTOS REVENDA|CONSTRUTORA|AGO27
04 - PRODUTOS REVENDA;CONSTR NORDESTE;CONSTRUTORA;CONSTRUTORA;2027-09-01;6899,37;CONSTR NORDESTE|04 - PRODUTOS REVENDA|CONSTRUTORA|SET27
04 - PRODUTOS REVENDA;CONSTR NORDESTE;CONSTRUTORA;CONSTRUTORA;2027-10-01;7142,53;CONSTR NORDESTE|04 - PRODUTOS REVENDA|CONSTRUTORA|OUT27
04 - PRODUTOS REVENDA;CONSTR NORDESTE;CONSTRUTORA;CONSTRUTORA;2027-11-01;6996,93;CONSTR NORDESTE|04 - PRODUTOS REVENDA|CONSTRUTORA|NOV27
04 - PRODUTOS REVENDA;CONSTR NORDESTE;CONSTRUTORA;CONSTRUTORA;2027-12-01;6898,04;CONSTR NORDESTE|04 - PRODUTOS REVENDA|CONSTRUTORA|DEZ27
04 - PRODUTOS REVENDA;CONSTR NORDESTE;CONSTRUTORA;OUTROS;2027-01-01;1,17;CONSTR NORDESTE|04 - PRODUTOS REVENDA|OUTROS|JAN27
04 - PRODUTOS REVENDA;CONSTR NORDESTE;CONSTRUTORA;OUTROS;2027-02-01;1,25;CONSTR NORDESTE|04 - PRODUTOS REVENDA|OUTROS|FEV27
04 - PRODUTOS REVENDA;CONSTR NORDESTE;CONSTRUTORA;OUTROS;2027-03-01;1,27;CONSTR NORDESTE|04 - PRODUTOS REVENDA|OUTROS|MAR27
04 - PRODUTOS REVENDA;CONSTR NORDESTE;CONSTRUTORA;OUTROS;2027-04-01;1,26;CONSTR NORDESTE|04 - PRODUTOS REVENDA|OUTROS|ABR27
04 - PRODUTOS REVENDA;CONSTR NORDESTE;CONSTRUTORA;OUTROS;2027-05-01;1,15;CONSTR NORDESTE|04 - PRODUTOS REVENDA|OUTROS|MAI27
04 - PRODUTOS REVENDA;CONSTR NORDESTE;CONSTRUTORA;OUTROS;2027-06-01;1,27;CONSTR NORDESTE|04 - PRODUTOS REVENDA|OUTROS|JUN27
04 - PRODUTOS REVENDA;CONSTR NORDESTE;CONSTRUTORA;OUTROS;2027-07-01;1,26;CONSTR NORDESTE|04 - PRODUTOS REVENDA|OUTROS|JUL27
04 - PRODUTOS REVENDA;CONSTR NORDESTE;CONSTRUTORA;OUTROS;2027-08-01;1,31;CONSTR NORDESTE|04 - PRODUTOS REVENDA|OUTROS|AGO27
04 - PRODUTOS REVENDA;CONSTR NORDESTE;CONSTRUTORA;OUTROS;2027-09-01;1,30;CONSTR NORDESTE|04 - PRODUTOS REVENDA|OUTROS|SET27
04 - PRODUTOS REVENDA;CONSTR NORDESTE;CONSTRUTORA;OUTROS;2027-10-01;1,33;CONSTR NORDESTE|04 - PRODUTOS REVENDA|OUTROS|OUT27
04 - PRODUTOS REVENDA;CONSTR NORDESTE;CONSTRUTORA;OUTROS;2027-11-01;1,35;CONSTR NORDESTE|04 - PRODUTOS REVENDA|OUTROS|NOV27
04 - PRODUTOS REVENDA;CONSTR NORDESTE;CONSTRUTORA;OUTROS;2027-12-01;1,25;CONSTR NORDESTE|04 - PRODUTOS REVENDA|OUTROS|DEZ27
04 - PRODUTOS REVENDA;CONSTR NORTE;CONSTRUTORA;CONSTRUTORA;2027-01-01;386,74;CONSTR NORTE|04 - PRODUTOS REVENDA|CONSTRUTORA|JAN27
04 - PRODUTOS REVENDA;CONSTR NORTE;CONSTRUTORA;CONSTRUTORA;2027-02-01;372,66;CONSTR NORTE|04 - PRODUTOS REVENDA|CONSTRUTORA|FEV27
04 - PRODUTOS REVENDA;CONSTR NORTE;CONSTRUTORA;CONSTRUTORA;2027-03-01;381,64;CONSTR NORTE|04 - PRODUTOS REVENDA|CONSTRUTORA|MAR27
04 - PRODUTOS REVENDA;CONSTR NORTE;CONSTRUTORA;CONSTRUTORA;2027-04-01;413,00;CONSTR NORTE|04 - PRODUTOS REVENDA|CONSTRUTORA|ABR27
04 - PRODUTOS REVENDA;CONSTR NORTE;CONSTRUTORA;CONSTRUTORA;2027-05-01;323,93;CONSTR NORTE|04 - PRODUTOS REVENDA|CONSTRUTORA|MAI27
04 - PRODUTOS REVENDA;CONSTR NORTE;CONSTRUTORA;CONSTRUTORA;2027-06-01;320,08;CONSTR NORTE|04 - PRODUTOS REVENDA|CONSTRUTORA|JUN27
04 - PRODUTOS REVENDA;CONSTR NORTE;CONSTRUTORA;CONSTRUTORA;2027-07-01;302,75;CONSTR NORTE|04 - PRODUTOS REVENDA|CONSTRUTORA|JUL27
04 - PRODUTOS REVENDA;CONSTR NORTE;CONSTRUTORA;CONSTRUTORA;2027-08-01;295,78;CONSTR NORTE|04 - PRODUTOS REVENDA|CONSTRUTORA|AGO27
04 - PRODUTOS REVENDA;CONSTR NORTE;CONSTRUTORA;CONSTRUTORA;2027-09-01;394,24;CONSTR NORTE|04 - PRODUTOS REVENDA|CONSTRUTORA|SET27
04 - PRODUTOS REVENDA;CONSTR NORTE;CONSTRUTORA;CONSTRUTORA;2027-10-01;356,93;CONSTR NORTE|04 - PRODUTOS REVENDA|CONSTRUTORA|OUT27
04 - PRODUTOS REVENDA;CONSTR NORTE;CONSTRUTORA;CONSTRUTORA;2027-11-01;263,89;CONSTR NORTE|04 - PRODUTOS REVENDA|CONSTRUTORA|NOV27
04 - PRODUTOS REVENDA;CONSTR NORTE;CONSTRUTORA;CONSTRUTORA;2027-12-01;330,20;CONSTR NORTE|04 - PRODUTOS REVENDA|CONSTRUTORA|DEZ27
04 - PRODUTOS REVENDA;CONSTR SAO PAULO;CONSTRUTORA;CONSTRUTORA;2027-01-01;4604,31;CONSTR SAO PAULO|04 - PRODUTOS REVENDA|CONSTRUTORA|JAN27
04 - PRODUTOS REVENDA;CONSTR SAO PAULO;CONSTRUTORA;CONSTRUTORA;2027-02-01;4850,30;CONSTR SAO PAULO|04 - PRODUTOS REVENDA|CONSTRUTORA|FEV27
04 - PRODUTOS REVENDA;CONSTR SAO PAULO;CONSTRUTORA;CONSTRUTORA;2027-03-01;4568,10;CONSTR SAO PAULO|04 - PRODUTOS REVENDA|CONSTRUTORA|MAR27
04 - PRODUTOS REVENDA;CONSTR SAO PAULO;CONSTRUTORA;CONSTRUTORA;2027-04-01;4643,01;CONSTR SAO PAULO|04 - PRODUTOS REVENDA|CONSTRUTORA|ABR27
04 - PRODUTOS REVENDA;CONSTR SAO PAULO;CONSTRUTORA;CONSTRUTORA;2027-05-01;4477,80;CONSTR SAO PAULO|04 - PRODUTOS REVENDA|CONSTRUTORA|MAI27
04 - PRODUTOS REVENDA;CONSTR SAO PAULO;CONSTRUTORA;CONSTRUTORA;2027-06-01;5053,72;CONSTR SAO PAULO|04 - PRODUTOS REVENDA|CONSTRUTORA|JUN27
04 - PRODUTOS REVENDA;CONSTR SAO PAULO;CONSTRUTORA;CONSTRUTORA;2027-07-01;4811,16;CONSTR SAO PAULO|04 - PRODUTOS REVENDA|CONSTRUTORA|JUL27
04 - PRODUTOS REVENDA;CONSTR SAO PAULO;CONSTRUTORA;CONSTRUTORA;2027-08-01;5095,75;CONSTR SAO PAULO|04 - PRODUTOS REVENDA|CONSTRUTORA|AGO27
04 - PRODUTOS REVENDA;CONSTR SAO PAULO;CONSTRUTORA;CONSTRUTORA;2027-09-01;4803,03;CONSTR SAO PAULO|04 - PRODUTOS REVENDA|CONSTRUTORA|SET27
04 - PRODUTOS REVENDA;CONSTR SAO PAULO;CONSTRUTORA;CONSTRUTORA;2027-10-01;5068,40;CONSTR SAO PAULO|04 - PRODUTOS REVENDA|CONSTRUTORA|OUT27
04 - PRODUTOS REVENDA;CONSTR SAO PAULO;CONSTRUTORA;CONSTRUTORA;2027-11-01;4838,31;CONSTR SAO PAULO|04 - PRODUTOS REVENDA|CONSTRUTORA|NOV27
04 - PRODUTOS REVENDA;CONSTR SAO PAULO;CONSTRUTORA;CONSTRUTORA;2027-12-01;5388,80;CONSTR SAO PAULO|04 - PRODUTOS REVENDA|CONSTRUTORA|DEZ27
04 - PRODUTOS REVENDA;CONSTR SAO PAULO;CONSTRUTORA;OUTROS;2027-01-01;0,00;CONSTR SAO PAULO|04 - PRODUTOS REVENDA|OUTROS|JAN27
04 - PRODUTOS REVENDA;CONSTR SAO PAULO;CONSTRUTORA;OUTROS;2027-02-01;0,00;CONSTR SAO PAULO|04 - PRODUTOS REVENDA|OUTROS|FEV27
04 - PRODUTOS REVENDA;CONSTR SAO PAULO;CONSTRUTORA;OUTROS;2027-03-01;0,00;CONSTR SAO PAULO|04 - PRODUTOS REVENDA|OUTROS|MAR27
04 - PRODUTOS REVENDA;CONSTR SAO PAULO;CONSTRUTORA;OUTROS;2027-04-01;0,00;CONSTR SAO PAULO|04 - PRODUTOS REVENDA|OUTROS|ABR27
04 - PRODUTOS REVENDA;CONSTR SAO PAULO;CONSTRUTORA;OUTROS;2027-05-01;0,00;CONSTR SAO PAULO|04 - PRODUTOS REVENDA|OUTROS|MAI27
04 - PRODUTOS REVENDA;CONSTR SAO PAULO;CONSTRUTORA;OUTROS;2027-06-01;0,00;CONSTR SAO PAULO|04 - PRODUTOS REVENDA|OUTROS|JUN27
04 - PRODUTOS REVENDA;CONSTR SAO PAULO;CONSTRUTORA;OUTROS;2027-07-01;0,00;CONSTR SAO PAULO|04 - PRODUTOS REVENDA|OUTROS|JUL27
04 - PRODUTOS REVENDA;CONSTR SAO PAULO;CONSTRUTORA;OUTROS;2027-08-01;0,00;CONSTR SAO PAULO|04 - PRODUTOS REVENDA|OUTROS|AGO27
04 - PRODUTOS REVENDA;CONSTR SAO PAULO;CONSTRUTORA;OUTROS;2027-09-01;0,00;CONSTR SAO PAULO|04 - PRODUTOS REVENDA|OUTROS|SET27
04 - PRODUTOS REVENDA;CONSTR SAO PAULO;CONSTRUTORA;OUTROS;2027-10-01;0,00;CONSTR SAO PAULO|04 - PRODUTOS REVENDA|OUTROS|OUT27
04 - PRODUTOS REVENDA;CONSTR SAO PAULO;CONSTRUTORA;OUTROS;2027-11-01;0,00;CONSTR SAO PAULO|04 - PRODUTOS REVENDA|OUTROS|NOV27
04 - PRODUTOS REVENDA;CONSTR SAO PAULO;CONSTRUTORA;OUTROS;2027-12-01;0,00;CONSTR SAO PAULO|04 - PRODUTOS REVENDA|OUTROS|DEZ27
04 - PRODUTOS REVENDA;CONSTR SAO PAULO;CONSTRUTORA;VAREJO;2027-01-01;0,16;CONSTR SAO PAULO|04 - PRODUTOS REVENDA|VAREJO|JAN27
04 - PRODUTOS REVENDA;CONSTR SAO PAULO;CONSTRUTORA;VAREJO;2027-02-01;0,16;CONSTR SAO PAULO|04 - PRODUTOS REVENDA|VAREJO|FEV27
04 - PRODUTOS REVENDA;CONSTR SAO PAULO;CONSTRUTORA;VAREJO;2027-03-01;0,16;CONSTR SAO PAULO|04 - PRODUTOS REVENDA|VAREJO|MAR27
04 - PRODUTOS REVENDA;CONSTR SAO PAULO;CONSTRUTORA;VAREJO;2027-04-01;0,16;CONSTR SAO PAULO|04 - PRODUTOS REVENDA|VAREJO|ABR27
04 - PRODUTOS REVENDA;CONSTR SAO PAULO;CONSTRUTORA;VAREJO;2027-05-01;0,16;CONSTR SAO PAULO|04 - PRODUTOS REVENDA|VAREJO|MAI27
04 - PRODUTOS REVENDA;CONSTR SAO PAULO;CONSTRUTORA;VAREJO;2027-06-01;0,16;CONSTR SAO PAULO|04 - PRODUTOS REVENDA|VAREJO|JUN27
04 - PRODUTOS REVENDA;CONSTR SAO PAULO;CONSTRUTORA;VAREJO;2027-07-01;0,17;CONSTR SAO PAULO|04 - PRODUTOS REVENDA|VAREJO|JUL27
04 - PRODUTOS REVENDA;CONSTR SAO PAULO;CONSTRUTORA;VAREJO;2027-08-01;0,17;CONSTR SAO PAULO|04 - PRODUTOS REVENDA|VAREJO|AGO27
04 - PRODUTOS REVENDA;CONSTR SAO PAULO;CONSTRUTORA;VAREJO;2027-09-01;0,17;CONSTR SAO PAULO|04 - PRODUTOS REVENDA|VAREJO|SET27
04 - PRODUTOS REVENDA;CONSTR SAO PAULO;CONSTRUTORA;VAREJO;2027-10-01;0,17;CONSTR SAO PAULO|04 - PRODUTOS REVENDA|VAREJO|OUT27
04 - PRODUTOS REVENDA;CONSTR SAO PAULO;CONSTRUTORA;VAREJO;2027-11-01;0,17;CONSTR SAO PAULO|04 - PRODUTOS REVENDA|VAREJO|NOV27
04 - PRODUTOS REVENDA;CONSTR SAO PAULO;CONSTRUTORA;VAREJO;2027-12-01;0,17;CONSTR SAO PAULO|04 - PRODUTOS REVENDA|VAREJO|DEZ27
04 - PRODUTOS REVENDA;CONSTR SUDESTE;CONSTRUTORA;CONSTRUTORA;2027-01-01;1267,29;CONSTR SUDESTE|04 - PRODUTOS REVENDA|CONSTRUTORA|JAN27
04 - PRODUTOS REVENDA;CONSTR SUDESTE;CONSTRUTORA;CONSTRUTORA;2027-02-01;1399,59;CONSTR SUDESTE|04 - PRODUTOS REVENDA|CONSTRUTORA|FEV27
04 - PRODUTOS REVENDA;CONSTR SUDESTE;CONSTRUTORA;CONSTRUTORA;2027-03-01;1636,52;CONSTR SUDESTE|04 - PRODUTOS REVENDA|CONSTRUTORA|MAR27
04 - PRODUTOS REVENDA;CONSTR SUDESTE;CONSTRUTORA;CONSTRUTORA;2027-04-01;1905,90;CONSTR SUDESTE|04 - PRODUTOS REVENDA|CONSTRUTORA|ABR27
04 - PRODUTOS REVENDA;CONSTR SUDESTE;CONSTRUTORA;CONSTRUTORA;2027-05-01;1699,70;CONSTR SUDESTE|04 - PRODUTOS REVENDA|CONSTRUTORA|MAI27
04 - PRODUTOS REVENDA;CONSTR SUDESTE;CONSTRUTORA;CONSTRUTORA;2027-06-01;1527,79;CONSTR SUDESTE|04 - PRODUTOS REVENDA|CONSTRUTORA|JUN27
04 - PRODUTOS REVENDA;CONSTR SUDESTE;CONSTRUTORA;CONSTRUTORA;2027-07-01;1547,35;CONSTR SUDESTE|04 - PRODUTOS REVENDA|CONSTRUTORA|JUL27
04 - PRODUTOS REVENDA;CONSTR SUDESTE;CONSTRUTORA;CONSTRUTORA;2027-08-01;1495,42;CONSTR SUDESTE|04 - PRODUTOS REVENDA|CONSTRUTORA|AGO27
04 - PRODUTOS REVENDA;CONSTR SUDESTE;CONSTRUTORA;CONSTRUTORA;2027-09-01;1533,86;CONSTR SUDESTE|04 - PRODUTOS REVENDA|CONSTRUTORA|SET27
04 - PRODUTOS REVENDA;CONSTR SUDESTE;CONSTRUTORA;CONSTRUTORA;2027-10-01;1879,63;CONSTR SUDESTE|04 - PRODUTOS REVENDA|CONSTRUTORA|OUT27
04 - PRODUTOS REVENDA;CONSTR SUDESTE;CONSTRUTORA;CONSTRUTORA;2027-11-01;1561,11;CONSTR SUDESTE|04 - PRODUTOS REVENDA|CONSTRUTORA|NOV27
04 - PRODUTOS REVENDA;CONSTR SUDESTE;CONSTRUTORA;CONSTRUTORA;2027-12-01;1760,29;CONSTR SUDESTE|04 - PRODUTOS REVENDA|CONSTRUTORA|DEZ27
04 - PRODUTOS REVENDA;CONSTR SUL;CONSTRUTORA;CONSTRUTORA;2027-01-01;3788,53;CONSTR SUL|04 - PRODUTOS REVENDA|CONSTRUTORA|JAN27
04 - PRODUTOS REVENDA;CONSTR SUL;CONSTRUTORA;CONSTRUTORA;2027-02-01;3801,89;CONSTR SUL|04 - PRODUTOS REVENDA|CONSTRUTORA|FEV27
04 - PRODUTOS REVENDA;CONSTR SUL;CONSTRUTORA;CONSTRUTORA;2027-03-01;3918,25;CONSTR SUL|04 - PRODUTOS REVENDA|CONSTRUTORA|MAR27
04 - PRODUTOS REVENDA;CONSTR SUL;CONSTRUTORA;CONSTRUTORA;2027-04-01;4084,53;CONSTR SUL|04 - PRODUTOS REVENDA|CONSTRUTORA|ABR27
04 - PRODUTOS REVENDA;CONSTR SUL;CONSTRUTORA;CONSTRUTORA;2027-05-01;3372,74;CONSTR SUL|04 - PRODUTOS REVENDA|CONSTRUTORA|MAI27
04 - PRODUTOS REVENDA;CONSTR SUL;CONSTRUTORA;CONSTRUTORA;2027-06-01;4010,54;CONSTR SUL|04 - PRODUTOS REVENDA|CONSTRUTORA|JUN27
04 - PRODUTOS REVENDA;CONSTR SUL;CONSTRUTORA;CONSTRUTORA;2027-07-01;4521,63;CONSTR SUL|04 - PRODUTOS REVENDA|CONSTRUTORA|JUL27
04 - PRODUTOS REVENDA;CONSTR SUL;CONSTRUTORA;CONSTRUTORA;2027-08-01;4771,37;CONSTR SUL|04 - PRODUTOS REVENDA|CONSTRUTORA|AGO27
04 - PRODUTOS REVENDA;CONSTR SUL;CONSTRUTORA;CONSTRUTORA;2027-09-01;4119,67;CONSTR SUL|04 - PRODUTOS REVENDA|CONSTRUTORA|SET27
04 - PRODUTOS REVENDA;CONSTR SUL;CONSTRUTORA;CONSTRUTORA;2027-10-01;4818,99;CONSTR SUL|04 - PRODUTOS REVENDA|CONSTRUTORA|OUT27
04 - PRODUTOS REVENDA;CONSTR SUL;CONSTRUTORA;CONSTRUTORA;2027-11-01;3949,22;CONSTR SUL|04 - PRODUTOS REVENDA|CONSTRUTORA|NOV27
04 - PRODUTOS REVENDA;CONSTR SUL;CONSTRUTORA;CONSTRUTORA;2027-12-01;4117,23;CONSTR SUL|04 - PRODUTOS REVENDA|CONSTRUTORA|DEZ27
04 - PRODUTOS REVENDA;CONSTR SUL;CONSTRUTORA;OUTROS;2027-01-01;1,74;CONSTR SUL|04 - PRODUTOS REVENDA|OUTROS|JAN27
04 - PRODUTOS REVENDA;CONSTR SUL;CONSTRUTORA;OUTROS;2027-02-01;1,95;CONSTR SUL|04 - PRODUTOS REVENDA|OUTROS|FEV27
04 - PRODUTOS REVENDA;CONSTR SUL;CONSTRUTORA;OUTROS;2027-03-01;1,90;CONSTR SUL|04 - PRODUTOS REVENDA|OUTROS|MAR27
04 - PRODUTOS REVENDA;CONSTR SUL;CONSTRUTORA;OUTROS;2027-04-01;2,00;CONSTR SUL|04 - PRODUTOS REVENDA|OUTROS|ABR27
04 - PRODUTOS REVENDA;CONSTR SUL;CONSTRUTORA;OUTROS;2027-05-01;1,80;CONSTR SUL|04 - PRODUTOS REVENDA|OUTROS|MAI27
04 - PRODUTOS REVENDA;CONSTR SUL;CONSTRUTORA;OUTROS;2027-06-01;2,12;CONSTR SUL|04 - PRODUTOS REVENDA|OUTROS|JUN27
04 - PRODUTOS REVENDA;CONSTR SUL;CONSTRUTORA;OUTROS;2027-07-01;2,13;CONSTR SUL|04 - PRODUTOS REVENDA|OUTROS|JUL27
04 - PRODUTOS REVENDA;CONSTR SUL;CONSTRUTORA;OUTROS;2027-08-01;2,05;CONSTR SUL|04 - PRODUTOS REVENDA|OUTROS|AGO27
04 - PRODUTOS REVENDA;CONSTR SUL;CONSTRUTORA;OUTROS;2027-09-01;1,98;CONSTR SUL|04 - PRODUTOS REVENDA|OUTROS|SET27
04 - PRODUTOS REVENDA;CONSTR SUL;CONSTRUTORA;OUTROS;2027-10-01;2,49;CONSTR SUL|04 - PRODUTOS REVENDA|OUTROS|OUT27
04 - PRODUTOS REVENDA;CONSTR SUL;CONSTRUTORA;OUTROS;2027-11-01;1,82;CONSTR SUL|04 - PRODUTOS REVENDA|OUTROS|NOV27
04 - PRODUTOS REVENDA;CONSTR SUL;CONSTRUTORA;OUTROS;2027-12-01;2,02;CONSTR SUL|04 - PRODUTOS REVENDA|OUTROS|DEZ27
04 - PRODUTOS REVENDA;CONSTR SUL;CONSTRUTORA;VAREJO;2027-01-01;0,09;CONSTR SUL|04 - PRODUTOS REVENDA|VAREJO|JAN27
04 - PRODUTOS REVENDA;CONSTR SUL;CONSTRUTORA;VAREJO;2027-02-01;0,08;CONSTR SUL|04 - PRODUTOS REVENDA|VAREJO|FEV27
04 - PRODUTOS REVENDA;CONSTR SUL;CONSTRUTORA;VAREJO;2027-03-01;0,09;CONSTR SUL|04 - PRODUTOS REVENDA|VAREJO|MAR27
04 - PRODUTOS REVENDA;CONSTR SUL;CONSTRUTORA;VAREJO;2027-04-01;0,08;CONSTR SUL|04 - PRODUTOS REVENDA|VAREJO|ABR27
04 - PRODUTOS REVENDA;CONSTR SUL;CONSTRUTORA;VAREJO;2027-05-01;0,08;CONSTR SUL|04 - PRODUTOS REVENDA|VAREJO|MAI27
04 - PRODUTOS REVENDA;CONSTR SUL;CONSTRUTORA;VAREJO;2027-06-01;0,07;CONSTR SUL|04 - PRODUTOS REVENDA|VAREJO|JUN27
04 - PRODUTOS REVENDA;CONSTR SUL;CONSTRUTORA;VAREJO;2027-07-01;0,07;CONSTR SUL|04 - PRODUTOS REVENDA|VAREJO|JUL27
04 - PRODUTOS REVENDA;CONSTR SUL;CONSTRUTORA;VAREJO;2027-08-01;0,06;CONSTR SUL|04 - PRODUTOS REVENDA|VAREJO|AGO27
04 - PRODUTOS REVENDA;CONSTR SUL;CONSTRUTORA;VAREJO;2027-09-01;0,06;CONSTR SUL|04 - PRODUTOS REVENDA|VAREJO|SET27
04 - PRODUTOS REVENDA;CONSTR SUL;CONSTRUTORA;VAREJO;2027-10-01;0,05;CONSTR SUL|04 - PRODUTOS REVENDA|VAREJO|OUT27
04 - PRODUTOS REVENDA;CONSTR SUL;CONSTRUTORA;VAREJO;2027-11-01;0,06;CONSTR SUL|04 - PRODUTOS REVENDA|VAREJO|NOV27
04 - PRODUTOS REVENDA;CONSTR SUL;CONSTRUTORA;VAREJO;2027-12-01;0,05;CONSTR SUL|04 - PRODUTOS REVENDA|VAREJO|DEZ27
04 - PRODUTOS REVENDA;EXPORTACAO;EXPORTACAO;EXPORTACAO;2027-01-01;568,35;EXPORTACAO|04 - PRODUTOS REVENDA|EXPORTACAO|JAN27
04 - PRODUTOS REVENDA;EXPORTACAO;EXPORTACAO;EXPORTACAO;2027-02-01;132,96;EXPORTACAO|04 - PRODUTOS REVENDA|EXPORTACAO|FEV27
04 - PRODUTOS REVENDA;EXPORTACAO;EXPORTACAO;EXPORTACAO;2027-03-01;281,95;EXPORTACAO|04 - PRODUTOS REVENDA|EXPORTACAO|MAR27
04 - PRODUTOS REVENDA;EXPORTACAO;EXPORTACAO;EXPORTACAO;2027-04-01;202,52;EXPORTACAO|04 - PRODUTOS REVENDA|EXPORTACAO|ABR27
04 - PRODUTOS REVENDA;EXPORTACAO;EXPORTACAO;EXPORTACAO;2027-05-01;360,55;EXPORTACAO|04 - PRODUTOS REVENDA|EXPORTACAO|MAI27
04 - PRODUTOS REVENDA;EXPORTACAO;EXPORTACAO;EXPORTACAO;2027-06-01;401,93;EXPORTACAO|04 - PRODUTOS REVENDA|EXPORTACAO|JUN27
04 - PRODUTOS REVENDA;EXPORTACAO;EXPORTACAO;EXPORTACAO;2027-07-01;280,68;EXPORTACAO|04 - PRODUTOS REVENDA|EXPORTACAO|JUL27
04 - PRODUTOS REVENDA;EXPORTACAO;EXPORTACAO;EXPORTACAO;2027-08-01;198,93;EXPORTACAO|04 - PRODUTOS REVENDA|EXPORTACAO|AGO27
04 - PRODUTOS REVENDA;EXPORTACAO;EXPORTACAO;EXPORTACAO;2027-09-01;580,58;EXPORTACAO|04 - PRODUTOS REVENDA|EXPORTACAO|SET27
04 - PRODUTOS REVENDA;EXPORTACAO;EXPORTACAO;EXPORTACAO;2027-10-01;267,69;EXPORTACAO|04 - PRODUTOS REVENDA|EXPORTACAO|OUT27
04 - PRODUTOS REVENDA;EXPORTACAO;EXPORTACAO;EXPORTACAO;2027-11-01;366,82;EXPORTACAO|04 - PRODUTOS REVENDA|EXPORTACAO|NOV27
04 - PRODUTOS REVENDA;EXPORTACAO;EXPORTACAO;EXPORTACAO;2027-12-01;696,47;EXPORTACAO|04 - PRODUTOS REVENDA|EXPORTACAO|DEZ27
04 - PRODUTOS REVENDA;IRRIGACAO 1;IRRIGACAO;IRRIGACAO;2027-01-01;260,01;IRRIGACAO 1|04 - PRODUTOS REVENDA|IRRIGACAO|JAN27
04 - PRODUTOS REVENDA;IRRIGACAO 1;IRRIGACAO;IRRIGACAO;2027-02-01;305,78;IRRIGACAO 1|04 - PRODUTOS REVENDA|IRRIGACAO|FEV27
04 - PRODUTOS REVENDA;IRRIGACAO 1;IRRIGACAO;IRRIGACAO;2027-03-01;258,00;IRRIGACAO 1|04 - PRODUTOS REVENDA|IRRIGACAO|MAR27
04 - PRODUTOS REVENDA;IRRIGACAO 1;IRRIGACAO;IRRIGACAO;2027-04-01;219,12;IRRIGACAO 1|04 - PRODUTOS REVENDA|IRRIGACAO|ABR27
04 - PRODUTOS REVENDA;IRRIGACAO 1;IRRIGACAO;IRRIGACAO;2027-05-01;212,23;IRRIGACAO 1|04 - PRODUTOS REVENDA|IRRIGACAO|MAI27
04 - PRODUTOS REVENDA;IRRIGACAO 1;IRRIGACAO;IRRIGACAO;2027-06-01;224,04;IRRIGACAO 1|04 - PRODUTOS REVENDA|IRRIGACAO|JUN27
04 - PRODUTOS REVENDA;IRRIGACAO 1;IRRIGACAO;IRRIGACAO;2027-07-01;235,02;IRRIGACAO 1|04 - PRODUTOS REVENDA|IRRIGACAO|JUL27
04 - PRODUTOS REVENDA;IRRIGACAO 1;IRRIGACAO;IRRIGACAO;2027-08-01;228,08;IRRIGACAO 1|04 - PRODUTOS REVENDA|IRRIGACAO|AGO27
04 - PRODUTOS REVENDA;IRRIGACAO 1;IRRIGACAO;IRRIGACAO;2027-09-01;241,41;IRRIGACAO 1|04 - PRODUTOS REVENDA|IRRIGACAO|SET27
04 - PRODUTOS REVENDA;IRRIGACAO 1;IRRIGACAO;IRRIGACAO;2027-10-01;269,84;IRRIGACAO 1|04 - PRODUTOS REVENDA|IRRIGACAO|OUT27
04 - PRODUTOS REVENDA;IRRIGACAO 1;IRRIGACAO;IRRIGACAO;2027-11-01;259,63;IRRIGACAO 1|04 - PRODUTOS REVENDA|IRRIGACAO|NOV27
04 - PRODUTOS REVENDA;IRRIGACAO 1;IRRIGACAO;IRRIGACAO;2027-12-01;273,04;IRRIGACAO 1|04 - PRODUTOS REVENDA|IRRIGACAO|DEZ27
04 - PRODUTOS REVENDA;IRRIGACAO 1;IRRIGACAO;VAREJO;2027-01-01;0,91;IRRIGACAO 1|04 - PRODUTOS REVENDA|VAREJO|JAN27
04 - PRODUTOS REVENDA;IRRIGACAO 1;IRRIGACAO;VAREJO;2027-02-01;4,62;IRRIGACAO 1|04 - PRODUTOS REVENDA|VAREJO|FEV27
04 - PRODUTOS REVENDA;IRRIGACAO 1;IRRIGACAO;VAREJO;2027-03-01;2,29;IRRIGACAO 1|04 - PRODUTOS REVENDA|VAREJO|MAR27
04 - PRODUTOS REVENDA;IRRIGACAO 1;IRRIGACAO;VAREJO;2027-04-01;0,58;IRRIGACAO 1|04 - PRODUTOS REVENDA|VAREJO|ABR27
04 - PRODUTOS REVENDA;IRRIGACAO 1;IRRIGACAO;VAREJO;2027-05-01;1,12;IRRIGACAO 1|04 - PRODUTOS REVENDA|VAREJO|MAI27
04 - PRODUTOS REVENDA;IRRIGACAO 1;IRRIGACAO;VAREJO;2027-06-01;1,04;IRRIGACAO 1|04 - PRODUTOS REVENDA|VAREJO|JUN27
04 - PRODUTOS REVENDA;IRRIGACAO 1;IRRIGACAO;VAREJO;2027-07-01;2,33;IRRIGACAO 1|04 - PRODUTOS REVENDA|VAREJO|JUL27
04 - PRODUTOS REVENDA;IRRIGACAO 1;IRRIGACAO;VAREJO;2027-08-01;1,58;IRRIGACAO 1|04 - PRODUTOS REVENDA|VAREJO|AGO27
04 - PRODUTOS REVENDA;IRRIGACAO 1;IRRIGACAO;VAREJO;2027-09-01;1,39;IRRIGACAO 1|04 - PRODUTOS REVENDA|VAREJO|SET27
04 - PRODUTOS REVENDA;IRRIGACAO 1;IRRIGACAO;VAREJO;2027-10-01;2,31;IRRIGACAO 1|04 - PRODUTOS REVENDA|VAREJO|OUT27
04 - PRODUTOS REVENDA;IRRIGACAO 1;IRRIGACAO;VAREJO;2027-11-01;0,82;IRRIGACAO 1|04 - PRODUTOS REVENDA|VAREJO|NOV27
04 - PRODUTOS REVENDA;IRRIGACAO 1;IRRIGACAO;VAREJO;2027-12-01;3,96;IRRIGACAO 1|04 - PRODUTOS REVENDA|VAREJO|DEZ27
04 - PRODUTOS REVENDA;IRRIGACAO 2;IRRIGACAO;IRRIGACAO;2027-01-01;105,47;IRRIGACAO 2|04 - PRODUTOS REVENDA|IRRIGACAO|JAN27
04 - PRODUTOS REVENDA;IRRIGACAO 2;IRRIGACAO;IRRIGACAO;2027-02-01;111,49;IRRIGACAO 2|04 - PRODUTOS REVENDA|IRRIGACAO|FEV27
04 - PRODUTOS REVENDA;IRRIGACAO 2;IRRIGACAO;IRRIGACAO;2027-03-01;81,07;IRRIGACAO 2|04 - PRODUTOS REVENDA|IRRIGACAO|MAR27
04 - PRODUTOS REVENDA;IRRIGACAO 2;IRRIGACAO;IRRIGACAO;2027-04-01;85,08;IRRIGACAO 2|04 - PRODUTOS REVENDA|IRRIGACAO|ABR27
04 - PRODUTOS REVENDA;IRRIGACAO 2;IRRIGACAO;IRRIGACAO;2027-05-01;87,69;IRRIGACAO 2|04 - PRODUTOS REVENDA|IRRIGACAO|MAI27
04 - PRODUTOS REVENDA;IRRIGACAO 2;IRRIGACAO;IRRIGACAO;2027-06-01;79,74;IRRIGACAO 2|04 - PRODUTOS REVENDA|IRRIGACAO|JUN27
04 - PRODUTOS REVENDA;IRRIGACAO 2;IRRIGACAO;IRRIGACAO;2027-07-01;73,26;IRRIGACAO 2|04 - PRODUTOS REVENDA|IRRIGACAO|JUL27
04 - PRODUTOS REVENDA;IRRIGACAO 2;IRRIGACAO;IRRIGACAO;2027-08-01;72,72;IRRIGACAO 2|04 - PRODUTOS REVENDA|IRRIGACAO|AGO27
04 - PRODUTOS REVENDA;IRRIGACAO 2;IRRIGACAO;IRRIGACAO;2027-09-01;72,93;IRRIGACAO 2|04 - PRODUTOS REVENDA|IRRIGACAO|SET27
04 - PRODUTOS REVENDA;IRRIGACAO 2;IRRIGACAO;IRRIGACAO;2027-10-01;124,95;IRRIGACAO 2|04 - PRODUTOS REVENDA|IRRIGACAO|OUT27
04 - PRODUTOS REVENDA;IRRIGACAO 2;IRRIGACAO;IRRIGACAO;2027-11-01;79,48;IRRIGACAO 2|04 - PRODUTOS REVENDA|IRRIGACAO|NOV27
04 - PRODUTOS REVENDA;IRRIGACAO 2;IRRIGACAO;IRRIGACAO;2027-12-01;164,15;IRRIGACAO 2|04 - PRODUTOS REVENDA|IRRIGACAO|DEZ27
04 - PRODUTOS REVENDA;IRRIGACAO 2;IRRIGACAO;VAREJO;2027-01-01;2,87;IRRIGACAO 2|04 - PRODUTOS REVENDA|VAREJO|JAN27
04 - PRODUTOS REVENDA;IRRIGACAO 2;IRRIGACAO;VAREJO;2027-02-01;2,74;IRRIGACAO 2|04 - PRODUTOS REVENDA|VAREJO|FEV27
04 - PRODUTOS REVENDA;IRRIGACAO 2;IRRIGACAO;VAREJO;2027-03-01;2,17;IRRIGACAO 2|04 - PRODUTOS REVENDA|VAREJO|MAR27
04 - PRODUTOS REVENDA;IRRIGACAO 2;IRRIGACAO;VAREJO;2027-04-01;2,03;IRRIGACAO 2|04 - PRODUTOS REVENDA|VAREJO|ABR27
04 - PRODUTOS REVENDA;IRRIGACAO 2;IRRIGACAO;VAREJO;2027-05-01;2,09;IRRIGACAO 2|04 - PRODUTOS REVENDA|VAREJO|MAI27
04 - PRODUTOS REVENDA;IRRIGACAO 2;IRRIGACAO;VAREJO;2027-06-01;2,17;IRRIGACAO 2|04 - PRODUTOS REVENDA|VAREJO|JUN27
04 - PRODUTOS REVENDA;IRRIGACAO 2;IRRIGACAO;VAREJO;2027-07-01;2,03;IRRIGACAO 2|04 - PRODUTOS REVENDA|VAREJO|JUL27
04 - PRODUTOS REVENDA;IRRIGACAO 2;IRRIGACAO;VAREJO;2027-08-01;1,98;IRRIGACAO 2|04 - PRODUTOS REVENDA|VAREJO|AGO27
04 - PRODUTOS REVENDA;IRRIGACAO 2;IRRIGACAO;VAREJO;2027-09-01;1,99;IRRIGACAO 2|04 - PRODUTOS REVENDA|VAREJO|SET27
04 - PRODUTOS REVENDA;IRRIGACAO 2;IRRIGACAO;VAREJO;2027-10-01;3,28;IRRIGACAO 2|04 - PRODUTOS REVENDA|VAREJO|OUT27
04 - PRODUTOS REVENDA;IRRIGACAO 2;IRRIGACAO;VAREJO;2027-11-01;2,01;IRRIGACAO 2|04 - PRODUTOS REVENDA|VAREJO|NOV27
04 - PRODUTOS REVENDA;IRRIGACAO 2;IRRIGACAO;VAREJO;2027-12-01;4,18;IRRIGACAO 2|04 - PRODUTOS REVENDA|VAREJO|DEZ27
04 - PRODUTOS REVENDA;MINAS GERAIS;MINAS RJ/ES;ATACADO;2027-01-01;12600,78;MINAS GERAIS|04 - PRODUTOS REVENDA|ATACADO|JAN27
04 - PRODUTOS REVENDA;MINAS GERAIS;MINAS RJ/ES;ATACADO;2027-02-01;12805,41;MINAS GERAIS|04 - PRODUTOS REVENDA|ATACADO|FEV27
04 - PRODUTOS REVENDA;MINAS GERAIS;MINAS RJ/ES;ATACADO;2027-03-01;12031,30;MINAS GERAIS|04 - PRODUTOS REVENDA|ATACADO|MAR27
04 - PRODUTOS REVENDA;MINAS GERAIS;MINAS RJ/ES;ATACADO;2027-04-01;12880,11;MINAS GERAIS|04 - PRODUTOS REVENDA|ATACADO|ABR27
04 - PRODUTOS REVENDA;MINAS GERAIS;MINAS RJ/ES;ATACADO;2027-05-01;10355,22;MINAS GERAIS|04 - PRODUTOS REVENDA|ATACADO|MAI27
04 - PRODUTOS REVENDA;MINAS GERAIS;MINAS RJ/ES;ATACADO;2027-06-01;11145,06;MINAS GERAIS|04 - PRODUTOS REVENDA|ATACADO|JUN27
04 - PRODUTOS REVENDA;MINAS GERAIS;MINAS RJ/ES;ATACADO;2027-07-01;12117,90;MINAS GERAIS|04 - PRODUTOS REVENDA|ATACADO|JUL27
04 - PRODUTOS REVENDA;MINAS GERAIS;MINAS RJ/ES;ATACADO;2027-08-01;11579,10;MINAS GERAIS|04 - PRODUTOS REVENDA|ATACADO|AGO27
04 - PRODUTOS REVENDA;MINAS GERAIS;MINAS RJ/ES;ATACADO;2027-09-01;9937,32;MINAS GERAIS|04 - PRODUTOS REVENDA|ATACADO|SET27
04 - PRODUTOS REVENDA;MINAS GERAIS;MINAS RJ/ES;ATACADO;2027-10-01;12574,88;MINAS GERAIS|04 - PRODUTOS REVENDA|ATACADO|OUT27
04 - PRODUTOS REVENDA;MINAS GERAIS;MINAS RJ/ES;ATACADO;2027-11-01;10987,81;MINAS GERAIS|04 - PRODUTOS REVENDA|ATACADO|NOV27
04 - PRODUTOS REVENDA;MINAS GERAIS;MINAS RJ/ES;ATACADO;2027-12-01;10951,21;MINAS GERAIS|04 - PRODUTOS REVENDA|ATACADO|DEZ27
04 - PRODUTOS REVENDA;MINAS GERAIS;MINAS RJ/ES;OUTROS;2027-01-01;6,72;MINAS GERAIS|04 - PRODUTOS REVENDA|OUTROS|JAN27
04 - PRODUTOS REVENDA;MINAS GERAIS;MINAS RJ/ES;OUTROS;2027-02-01;7,14;MINAS GERAIS|04 - PRODUTOS REVENDA|OUTROS|FEV27
04 - PRODUTOS REVENDA;MINAS GERAIS;MINAS RJ/ES;OUTROS;2027-03-01;7,06;MINAS GERAIS|04 - PRODUTOS REVENDA|OUTROS|MAR27
04 - PRODUTOS REVENDA;MINAS GERAIS;MINAS RJ/ES;OUTROS;2027-04-01;7,06;MINAS GERAIS|04 - PRODUTOS REVENDA|OUTROS|ABR27
04 - PRODUTOS REVENDA;MINAS GERAIS;MINAS RJ/ES;OUTROS;2027-05-01;6,32;MINAS GERAIS|04 - PRODUTOS REVENDA|OUTROS|MAI27
04 - PRODUTOS REVENDA;MINAS GERAIS;MINAS RJ/ES;OUTROS;2027-06-01;6,29;MINAS GERAIS|04 - PRODUTOS REVENDA|OUTROS|JUN27
04 - PRODUTOS REVENDA;MINAS GERAIS;MINAS RJ/ES;OUTROS;2027-07-01;6,46;MINAS GERAIS|04 - PRODUTOS REVENDA|OUTROS|JUL27
04 - PRODUTOS REVENDA;MINAS GERAIS;MINAS RJ/ES;OUTROS;2027-08-01;6,38;MINAS GERAIS|04 - PRODUTOS REVENDA|OUTROS|AGO27
04 - PRODUTOS REVENDA;MINAS GERAIS;MINAS RJ/ES;OUTROS;2027-09-01;5,77;MINAS GERAIS|04 - PRODUTOS REVENDA|OUTROS|SET27
04 - PRODUTOS REVENDA;MINAS GERAIS;MINAS RJ/ES;OUTROS;2027-10-01;7,00;MINAS GERAIS|04 - PRODUTOS REVENDA|OUTROS|OUT27
04 - PRODUTOS REVENDA;MINAS GERAIS;MINAS RJ/ES;OUTROS;2027-11-01;6,03;MINAS GERAIS|04 - PRODUTOS REVENDA|OUTROS|NOV27
04 - PRODUTOS REVENDA;MINAS GERAIS;MINAS RJ/ES;OUTROS;2027-12-01;6,63;MINAS GERAIS|04 - PRODUTOS REVENDA|OUTROS|DEZ27
04 - PRODUTOS REVENDA;MINAS GERAIS;MINAS RJ/ES;VAREJO;2027-01-01;3027,16;MINAS GERAIS|04 - PRODUTOS REVENDA|VAREJO|JAN27
04 - PRODUTOS REVENDA;MINAS GERAIS;MINAS RJ/ES;VAREJO;2027-02-01;3157,48;MINAS GERAIS|04 - PRODUTOS REVENDA|VAREJO|FEV27
04 - PRODUTOS REVENDA;MINAS GERAIS;MINAS RJ/ES;VAREJO;2027-03-01;2919,44;MINAS GERAIS|04 - PRODUTOS REVENDA|VAREJO|MAR27
04 - PRODUTOS REVENDA;MINAS GERAIS;MINAS RJ/ES;VAREJO;2027-04-01;3135,28;MINAS GERAIS|04 - PRODUTOS REVENDA|VAREJO|ABR27
04 - PRODUTOS REVENDA;MINAS GERAIS;MINAS RJ/ES;VAREJO;2027-05-01;2662,12;MINAS GERAIS|04 - PRODUTOS REVENDA|VAREJO|MAI27
04 - PRODUTOS REVENDA;MINAS GERAIS;MINAS RJ/ES;VAREJO;2027-06-01;2689,56;MINAS GERAIS|04 - PRODUTOS REVENDA|VAREJO|JUN27
04 - PRODUTOS REVENDA;MINAS GERAIS;MINAS RJ/ES;VAREJO;2027-07-01;2970,62;MINAS GERAIS|04 - PRODUTOS REVENDA|VAREJO|JUL27
04 - PRODUTOS REVENDA;MINAS GERAIS;MINAS RJ/ES;VAREJO;2027-08-01;2889,29;MINAS GERAIS|04 - PRODUTOS REVENDA|VAREJO|AGO27
04 - PRODUTOS REVENDA;MINAS GERAIS;MINAS RJ/ES;VAREJO;2027-09-01;2473,53;MINAS GERAIS|04 - PRODUTOS REVENDA|VAREJO|SET27
04 - PRODUTOS REVENDA;MINAS GERAIS;MINAS RJ/ES;VAREJO;2027-10-01;3111,13;MINAS GERAIS|04 - PRODUTOS REVENDA|VAREJO|OUT27
04 - PRODUTOS REVENDA;MINAS GERAIS;MINAS RJ/ES;VAREJO;2027-11-01;2691,36;MINAS GERAIS|04 - PRODUTOS REVENDA|VAREJO|NOV27
04 - PRODUTOS REVENDA;MINAS GERAIS;MINAS RJ/ES;VAREJO;2027-12-01;2679,86;MINAS GERAIS|04 - PRODUTOS REVENDA|VAREJO|DEZ27
04 - PRODUTOS REVENDA;NORDESTE 1;NORDESTE;ATACADO;2027-01-01;486,35;NORDESTE 1|04 - PRODUTOS REVENDA|ATACADO|JAN27
04 - PRODUTOS REVENDA;NORDESTE 1;NORDESTE;ATACADO;2027-02-01;552,76;NORDESTE 1|04 - PRODUTOS REVENDA|ATACADO|FEV27
04 - PRODUTOS REVENDA;NORDESTE 1;NORDESTE;ATACADO;2027-03-01;567,20;NORDESTE 1|04 - PRODUTOS REVENDA|ATACADO|MAR27
04 - PRODUTOS REVENDA;NORDESTE 1;NORDESTE;ATACADO;2027-04-01;586,88;NORDESTE 1|04 - PRODUTOS REVENDA|ATACADO|ABR27
04 - PRODUTOS REVENDA;NORDESTE 1;NORDESTE;ATACADO;2027-05-01;482,64;NORDESTE 1|04 - PRODUTOS REVENDA|ATACADO|MAI27
04 - PRODUTOS REVENDA;NORDESTE 1;NORDESTE;ATACADO;2027-06-01;617,00;NORDESTE 1|04 - PRODUTOS REVENDA|ATACADO|JUN27
04 - PRODUTOS REVENDA;NORDESTE 1;NORDESTE;ATACADO;2027-07-01;476,97;NORDESTE 1|04 - PRODUTOS REVENDA|ATACADO|JUL27
04 - PRODUTOS REVENDA;NORDESTE 1;NORDESTE;ATACADO;2027-08-01;460,48;NORDESTE 1|04 - PRODUTOS REVENDA|ATACADO|AGO27
04 - PRODUTOS REVENDA;NORDESTE 1;NORDESTE;ATACADO;2027-09-01;478,46;NORDESTE 1|04 - PRODUTOS REVENDA|ATACADO|SET27
04 - PRODUTOS REVENDA;NORDESTE 1;NORDESTE;ATACADO;2027-10-01;488,86;NORDESTE 1|04 - PRODUTOS REVENDA|ATACADO|OUT27
04 - PRODUTOS REVENDA;NORDESTE 1;NORDESTE;ATACADO;2027-11-01;483,83;NORDESTE 1|04 - PRODUTOS REVENDA|ATACADO|NOV27
04 - PRODUTOS REVENDA;NORDESTE 1;NORDESTE;ATACADO;2027-12-01;584,05;NORDESTE 1|04 - PRODUTOS REVENDA|ATACADO|DEZ27
04 - PRODUTOS REVENDA;NORDESTE 1;NORDESTE;OUTROS;2027-01-01;5,73;NORDESTE 1|04 - PRODUTOS REVENDA|OUTROS|JAN27
04 - PRODUTOS REVENDA;NORDESTE 1;NORDESTE;OUTROS;2027-02-01;7,34;NORDESTE 1|04 - PRODUTOS REVENDA|OUTROS|FEV27
04 - PRODUTOS REVENDA;NORDESTE 1;NORDESTE;OUTROS;2027-03-01;7,35;NORDESTE 1|04 - PRODUTOS REVENDA|OUTROS|MAR27
04 - PRODUTOS REVENDA;NORDESTE 1;NORDESTE;OUTROS;2027-04-01;6,70;NORDESTE 1|04 - PRODUTOS REVENDA|OUTROS|ABR27
04 - PRODUTOS REVENDA;NORDESTE 1;NORDESTE;OUTROS;2027-05-01;6,16;NORDESTE 1|04 - PRODUTOS REVENDA|OUTROS|MAI27
04 - PRODUTOS REVENDA;NORDESTE 1;NORDESTE;OUTROS;2027-06-01;7,19;NORDESTE 1|04 - PRODUTOS REVENDA|OUTROS|JUN27
04 - PRODUTOS REVENDA;NORDESTE 1;NORDESTE;OUTROS;2027-07-01;6,65;NORDESTE 1|04 - PRODUTOS REVENDA|OUTROS|JUL27
04 - PRODUTOS REVENDA;NORDESTE 1;NORDESTE;OUTROS;2027-08-01;6,59;NORDESTE 1|04 - PRODUTOS REVENDA|OUTROS|AGO27
04 - PRODUTOS REVENDA;NORDESTE 1;NORDESTE;OUTROS;2027-09-01;6,86;NORDESTE 1|04 - PRODUTOS REVENDA|OUTROS|SET27
04 - PRODUTOS REVENDA;NORDESTE 1;NORDESTE;OUTROS;2027-10-01;6,80;NORDESTE 1|04 - PRODUTOS REVENDA|OUTROS|OUT27
04 - PRODUTOS REVENDA;NORDESTE 1;NORDESTE;OUTROS;2027-11-01;6,75;NORDESTE 1|04 - PRODUTOS REVENDA|OUTROS|NOV27
04 - PRODUTOS REVENDA;NORDESTE 1;NORDESTE;OUTROS;2027-12-01;7,66;NORDESTE 1|04 - PRODUTOS REVENDA|OUTROS|DEZ27
04 - PRODUTOS REVENDA;NORDESTE 1;NORDESTE;VAREJO;2027-01-01;1248,38;NORDESTE 1|04 - PRODUTOS REVENDA|VAREJO|JAN27
04 - PRODUTOS REVENDA;NORDESTE 1;NORDESTE;VAREJO;2027-02-01;1404,55;NORDESTE 1|04 - PRODUTOS REVENDA|VAREJO|FEV27
04 - PRODUTOS REVENDA;NORDESTE 1;NORDESTE;VAREJO;2027-03-01;1443,56;NORDESTE 1|04 - PRODUTOS REVENDA|VAREJO|MAR27
04 - PRODUTOS REVENDA;NORDESTE 1;NORDESTE;VAREJO;2027-04-01;1472,23;NORDESTE 1|04 - PRODUTOS REVENDA|VAREJO|ABR27
04 - PRODUTOS REVENDA;NORDESTE 1;NORDESTE;VAREJO;2027-05-01;1155,71;NORDESTE 1|04 - PRODUTOS REVENDA|VAREJO|MAI27
04 - PRODUTOS REVENDA;NORDESTE 1;NORDESTE;VAREJO;2027-06-01;1452,70;NORDESTE 1|04 - PRODUTOS REVENDA|VAREJO|JUN27
04 - PRODUTOS REVENDA;NORDESTE 1;NORDESTE;VAREJO;2027-07-01;1353,74;NORDESTE 1|04 - PRODUTOS REVENDA|VAREJO|JUL27
04 - PRODUTOS REVENDA;NORDESTE 1;NORDESTE;VAREJO;2027-08-01;1185,28;NORDESTE 1|04 - PRODUTOS REVENDA|VAREJO|AGO27
04 - PRODUTOS REVENDA;NORDESTE 1;NORDESTE;VAREJO;2027-09-01;1240,11;NORDESTE 1|04 - PRODUTOS REVENDA|VAREJO|SET27
04 - PRODUTOS REVENDA;NORDESTE 1;NORDESTE;VAREJO;2027-10-01;1269,39;NORDESTE 1|04 - PRODUTOS REVENDA|VAREJO|OUT27
04 - PRODUTOS REVENDA;NORDESTE 1;NORDESTE;VAREJO;2027-11-01;1195,24;NORDESTE 1|04 - PRODUTOS REVENDA|VAREJO|NOV27
04 - PRODUTOS REVENDA;NORDESTE 1;NORDESTE;VAREJO;2027-12-01;1396,70;NORDESTE 1|04 - PRODUTOS REVENDA|VAREJO|DEZ27
04 - PRODUTOS REVENDA;NORDESTE 2;NORDESTE;ATACADO;2027-01-01;1012,22;NORDESTE 2|04 - PRODUTOS REVENDA|ATACADO|JAN27
04 - PRODUTOS REVENDA;NORDESTE 2;NORDESTE;ATACADO;2027-02-01;1032,64;NORDESTE 2|04 - PRODUTOS REVENDA|ATACADO|FEV27
04 - PRODUTOS REVENDA;NORDESTE 2;NORDESTE;ATACADO;2027-03-01;1049,76;NORDESTE 2|04 - PRODUTOS REVENDA|ATACADO|MAR27
04 - PRODUTOS REVENDA;NORDESTE 2;NORDESTE;ATACADO;2027-04-01;1036,51;NORDESTE 2|04 - PRODUTOS REVENDA|ATACADO|ABR27
04 - PRODUTOS REVENDA;NORDESTE 2;NORDESTE;ATACADO;2027-05-01;916,84;NORDESTE 2|04 - PRODUTOS REVENDA|ATACADO|MAI27
04 - PRODUTOS REVENDA;NORDESTE 2;NORDESTE;ATACADO;2027-06-01;1155,02;NORDESTE 2|04 - PRODUTOS REVENDA|ATACADO|JUN27
04 - PRODUTOS REVENDA;NORDESTE 2;NORDESTE;ATACADO;2027-07-01;975,95;NORDESTE 2|04 - PRODUTOS REVENDA|ATACADO|JUL27
04 - PRODUTOS REVENDA;NORDESTE 2;NORDESTE;ATACADO;2027-08-01;1019,86;NORDESTE 2|04 - PRODUTOS REVENDA|ATACADO|AGO27
04 - PRODUTOS REVENDA;NORDESTE 2;NORDESTE;ATACADO;2027-09-01;991,06;NORDESTE 2|04 - PRODUTOS REVENDA|ATACADO|SET27
04 - PRODUTOS REVENDA;NORDESTE 2;NORDESTE;ATACADO;2027-10-01;1031,87;NORDESTE 2|04 - PRODUTOS REVENDA|ATACADO|OUT27
04 - PRODUTOS REVENDA;NORDESTE 2;NORDESTE;ATACADO;2027-11-01;990,42;NORDESTE 2|04 - PRODUTOS REVENDA|ATACADO|NOV27
04 - PRODUTOS REVENDA;NORDESTE 2;NORDESTE;ATACADO;2027-12-01;985,03;NORDESTE 2|04 - PRODUTOS REVENDA|ATACADO|DEZ27
04 - PRODUTOS REVENDA;NORDESTE 2;NORDESTE;OUTROS;2027-01-01;5,56;NORDESTE 2|04 - PRODUTOS REVENDA|OUTROS|JAN27
04 - PRODUTOS REVENDA;NORDESTE 2;NORDESTE;OUTROS;2027-02-01;6,08;NORDESTE 2|04 - PRODUTOS REVENDA|OUTROS|FEV27
04 - PRODUTOS REVENDA;NORDESTE 2;NORDESTE;OUTROS;2027-03-01;4,60;NORDESTE 2|04 - PRODUTOS REVENDA|OUTROS|MAR27
04 - PRODUTOS REVENDA;NORDESTE 2;NORDESTE;OUTROS;2027-04-01;5,51;NORDESTE 2|04 - PRODUTOS REVENDA|OUTROS|ABR27
04 - PRODUTOS REVENDA;NORDESTE 2;NORDESTE;OUTROS;2027-05-01;4,16;NORDESTE 2|04 - PRODUTOS REVENDA|OUTROS|MAI27
04 - PRODUTOS REVENDA;NORDESTE 2;NORDESTE;OUTROS;2027-06-01;6,32;NORDESTE 2|04 - PRODUTOS REVENDA|OUTROS|JUN27
04 - PRODUTOS REVENDA;NORDESTE 2;NORDESTE;OUTROS;2027-07-01;5,68;NORDESTE 2|04 - PRODUTOS REVENDA|OUTROS|JUL27
04 - PRODUTOS REVENDA;NORDESTE 2;NORDESTE;OUTROS;2027-08-01;6,56;NORDESTE 2|04 - PRODUTOS REVENDA|OUTROS|AGO27
04 - PRODUTOS REVENDA;NORDESTE 2;NORDESTE;OUTROS;2027-09-01;3,59;NORDESTE 2|04 - PRODUTOS REVENDA|OUTROS|SET27
04 - PRODUTOS REVENDA;NORDESTE 2;NORDESTE;OUTROS;2027-10-01;7,55;NORDESTE 2|04 - PRODUTOS REVENDA|OUTROS|OUT27
04 - PRODUTOS REVENDA;NORDESTE 2;NORDESTE;OUTROS;2027-11-01;3,70;NORDESTE 2|04 - PRODUTOS REVENDA|OUTROS|NOV27
04 - PRODUTOS REVENDA;NORDESTE 2;NORDESTE;OUTROS;2027-12-01;4,64;NORDESTE 2|04 - PRODUTOS REVENDA|OUTROS|DEZ27
04 - PRODUTOS REVENDA;NORDESTE 2;NORDESTE;VAREJO;2027-01-01;1839,20;NORDESTE 2|04 - PRODUTOS REVENDA|VAREJO|JAN27
04 - PRODUTOS REVENDA;NORDESTE 2;NORDESTE;VAREJO;2027-02-01;1857,49;NORDESTE 2|04 - PRODUTOS REVENDA|VAREJO|FEV27
04 - PRODUTOS REVENDA;NORDESTE 2;NORDESTE;VAREJO;2027-03-01;1829,50;NORDESTE 2|04 - PRODUTOS REVENDA|VAREJO|MAR27
04 - PRODUTOS REVENDA;NORDESTE 2;NORDESTE;VAREJO;2027-04-01;1860,31;NORDESTE 2|04 - PRODUTOS REVENDA|VAREJO|ABR27
04 - PRODUTOS REVENDA;NORDESTE 2;NORDESTE;VAREJO;2027-05-01;1707,85;NORDESTE 2|04 - PRODUTOS REVENDA|VAREJO|MAI27
04 - PRODUTOS REVENDA;NORDESTE 2;NORDESTE;VAREJO;2027-06-01;1879,10;NORDESTE 2|04 - PRODUTOS REVENDA|VAREJO|JUN27
04 - PRODUTOS REVENDA;NORDESTE 2;NORDESTE;VAREJO;2027-07-01;1734,84;NORDESTE 2|04 - PRODUTOS REVENDA|VAREJO|JUL27
04 - PRODUTOS REVENDA;NORDESTE 2;NORDESTE;VAREJO;2027-08-01;1804,17;NORDESTE 2|04 - PRODUTOS REVENDA|VAREJO|AGO27
04 - PRODUTOS REVENDA;NORDESTE 2;NORDESTE;VAREJO;2027-09-01;1703,47;NORDESTE 2|04 - PRODUTOS REVENDA|VAREJO|SET27
04 - PRODUTOS REVENDA;NORDESTE 2;NORDESTE;VAREJO;2027-10-01;1846,21;NORDESTE 2|04 - PRODUTOS REVENDA|VAREJO|OUT27
04 - PRODUTOS REVENDA;NORDESTE 2;NORDESTE;VAREJO;2027-11-01;1700,57;NORDESTE 2|04 - PRODUTOS REVENDA|VAREJO|NOV27
04 - PRODUTOS REVENDA;NORDESTE 2;NORDESTE;VAREJO;2027-12-01;1710,70;NORDESTE 2|04 - PRODUTOS REVENDA|VAREJO|DEZ27
04 - PRODUTOS REVENDA;NORDESTE 3;NORDESTE;ATACADO;2027-01-01;917,28;NORDESTE 3|04 - PRODUTOS REVENDA|ATACADO|JAN27
04 - PRODUTOS REVENDA;NORDESTE 3;NORDESTE;ATACADO;2027-02-01;986,81;NORDESTE 3|04 - PRODUTOS REVENDA|ATACADO|FEV27
04 - PRODUTOS REVENDA;NORDESTE 3;NORDESTE;ATACADO;2027-03-01;1204,45;NORDESTE 3|04 - PRODUTOS REVENDA|ATACADO|MAR27
04 - PRODUTOS REVENDA;NORDESTE 3;NORDESTE;ATACADO;2027-04-01;1124,07;NORDESTE 3|04 - PRODUTOS REVENDA|ATACADO|ABR27
04 - PRODUTOS REVENDA;NORDESTE 3;NORDESTE;ATACADO;2027-05-01;988,20;NORDESTE 3|04 - PRODUTOS REVENDA|ATACADO|MAI27
04 - PRODUTOS REVENDA;NORDESTE 3;NORDESTE;ATACADO;2027-06-01;1107,44;NORDESTE 3|04 - PRODUTOS REVENDA|ATACADO|JUN27
04 - PRODUTOS REVENDA;NORDESTE 3;NORDESTE;ATACADO;2027-07-01;1214,55;NORDESTE 3|04 - PRODUTOS REVENDA|ATACADO|JUL27
04 - PRODUTOS REVENDA;NORDESTE 3;NORDESTE;ATACADO;2027-08-01;1248,15;NORDESTE 3|04 - PRODUTOS REVENDA|ATACADO|AGO27
04 - PRODUTOS REVENDA;NORDESTE 3;NORDESTE;ATACADO;2027-09-01;1250,54;NORDESTE 3|04 - PRODUTOS REVENDA|ATACADO|SET27
04 - PRODUTOS REVENDA;NORDESTE 3;NORDESTE;ATACADO;2027-10-01;1220,50;NORDESTE 3|04 - PRODUTOS REVENDA|ATACADO|OUT27
04 - PRODUTOS REVENDA;NORDESTE 3;NORDESTE;ATACADO;2027-11-01;1227,14;NORDESTE 3|04 - PRODUTOS REVENDA|ATACADO|NOV27
04 - PRODUTOS REVENDA;NORDESTE 3;NORDESTE;ATACADO;2027-12-01;1327,76;NORDESTE 3|04 - PRODUTOS REVENDA|ATACADO|DEZ27
04 - PRODUTOS REVENDA;NORDESTE 3;NORDESTE;OUTROS;2027-01-01;7,36;NORDESTE 3|04 - PRODUTOS REVENDA|OUTROS|JAN27
04 - PRODUTOS REVENDA;NORDESTE 3;NORDESTE;OUTROS;2027-02-01;8,15;NORDESTE 3|04 - PRODUTOS REVENDA|OUTROS|FEV27
04 - PRODUTOS REVENDA;NORDESTE 3;NORDESTE;OUTROS;2027-03-01;9,34;NORDESTE 3|04 - PRODUTOS REVENDA|OUTROS|MAR27
04 - PRODUTOS REVENDA;NORDESTE 3;NORDESTE;OUTROS;2027-04-01;9,09;NORDESTE 3|04 - PRODUTOS REVENDA|OUTROS|ABR27
04 - PRODUTOS REVENDA;NORDESTE 3;NORDESTE;OUTROS;2027-05-01;8,73;NORDESTE 3|04 - PRODUTOS REVENDA|OUTROS|MAI27
04 - PRODUTOS REVENDA;NORDESTE 3;NORDESTE;OUTROS;2027-06-01;9,53;NORDESTE 3|04 - PRODUTOS REVENDA|OUTROS|JUN27
04 - PRODUTOS REVENDA;NORDESTE 3;NORDESTE;OUTROS;2027-07-01;10,30;NORDESTE 3|04 - PRODUTOS REVENDA|OUTROS|JUL27
04 - PRODUTOS REVENDA;NORDESTE 3;NORDESTE;OUTROS;2027-08-01;11,00;NORDESTE 3|04 - PRODUTOS REVENDA|OUTROS|AGO27
04 - PRODUTOS REVENDA;NORDESTE 3;NORDESTE;OUTROS;2027-09-01;10,79;NORDESTE 3|04 - PRODUTOS REVENDA|OUTROS|SET27
04 - PRODUTOS REVENDA;NORDESTE 3;NORDESTE;OUTROS;2027-10-01;10,49;NORDESTE 3|04 - PRODUTOS REVENDA|OUTROS|OUT27
04 - PRODUTOS REVENDA;NORDESTE 3;NORDESTE;OUTROS;2027-11-01;10,56;NORDESTE 3|04 - PRODUTOS REVENDA|OUTROS|NOV27
04 - PRODUTOS REVENDA;NORDESTE 3;NORDESTE;OUTROS;2027-12-01;12,42;NORDESTE 3|04 - PRODUTOS REVENDA|OUTROS|DEZ27
04 - PRODUTOS REVENDA;NORDESTE 3;NORDESTE;VAREJO;2027-01-01;1735,04;NORDESTE 3|04 - PRODUTOS REVENDA|VAREJO|JAN27
04 - PRODUTOS REVENDA;NORDESTE 3;NORDESTE;VAREJO;2027-02-01;1864,91;NORDESTE 3|04 - PRODUTOS REVENDA|VAREJO|FEV27
04 - PRODUTOS REVENDA;NORDESTE 3;NORDESTE;VAREJO;2027-03-01;2214,36;NORDESTE 3|04 - PRODUTOS REVENDA|VAREJO|MAR27
04 - PRODUTOS REVENDA;NORDESTE 3;NORDESTE;VAREJO;2027-04-01;2131,93;NORDESTE 3|04 - PRODUTOS REVENDA|VAREJO|ABR27
04 - PRODUTOS REVENDA;NORDESTE 3;NORDESTE;VAREJO;2027-05-01;1931,10;NORDESTE 3|04 - PRODUTOS REVENDA|VAREJO|MAI27
04 - PRODUTOS REVENDA;NORDESTE 3;NORDESTE;VAREJO;2027-06-01;2157,03;NORDESTE 3|04 - PRODUTOS REVENDA|VAREJO|JUN27
04 - PRODUTOS REVENDA;NORDESTE 3;NORDESTE;VAREJO;2027-07-01;2335,62;NORDESTE 3|04 - PRODUTOS REVENDA|VAREJO|JUL27
04 - PRODUTOS REVENDA;NORDESTE 3;NORDESTE;VAREJO;2027-08-01;2430,96;NORDESTE 3|04 - PRODUTOS REVENDA|VAREJO|AGO27
04 - PRODUTOS REVENDA;NORDESTE 3;NORDESTE;VAREJO;2027-09-01;2438,54;NORDESTE 3|04 - PRODUTOS REVENDA|VAREJO|SET27
04 - PRODUTOS REVENDA;NORDESTE 3;NORDESTE;VAREJO;2027-10-01;2361,09;NORDESTE 3|04 - PRODUTOS REVENDA|VAREJO|OUT27
04 - PRODUTOS REVENDA;NORDESTE 3;NORDESTE;VAREJO;2027-11-01;2353,93;NORDESTE 3|04 - PRODUTOS REVENDA|VAREJO|NOV27
04 - PRODUTOS REVENDA;NORDESTE 3;NORDESTE;VAREJO;2027-12-01;2543,36;NORDESTE 3|04 - PRODUTOS REVENDA|VAREJO|DEZ27
04 - PRODUTOS REVENDA;NORTE;CO NO;ATACADO;2027-01-01;285,05;NORTE|04 - PRODUTOS REVENDA|ATACADO|JAN27
04 - PRODUTOS REVENDA;NORTE;CO NO;ATACADO;2027-02-01;329,65;NORTE|04 - PRODUTOS REVENDA|ATACADO|FEV27
04 - PRODUTOS REVENDA;NORTE;CO NO;ATACADO;2027-03-01;330,98;NORTE|04 - PRODUTOS REVENDA|ATACADO|MAR27
04 - PRODUTOS REVENDA;NORTE;CO NO;ATACADO;2027-04-01;364,34;NORTE|04 - PRODUTOS REVENDA|ATACADO|ABR27
04 - PRODUTOS REVENDA;NORTE;CO NO;ATACADO;2027-05-01;293,93;NORTE|04 - PRODUTOS REVENDA|ATACADO|MAI27
04 - PRODUTOS REVENDA;NORTE;CO NO;ATACADO;2027-06-01;309,96;NORTE|04 - PRODUTOS REVENDA|ATACADO|JUN27
04 - PRODUTOS REVENDA;NORTE;CO NO;ATACADO;2027-07-01;284,78;NORTE|04 - PRODUTOS REVENDA|ATACADO|JUL27
04 - PRODUTOS REVENDA;NORTE;CO NO;ATACADO;2027-08-01;292,82;NORTE|04 - PRODUTOS REVENDA|ATACADO|AGO27
04 - PRODUTOS REVENDA;NORTE;CO NO;ATACADO;2027-09-01;315,59;NORTE|04 - PRODUTOS REVENDA|ATACADO|SET27
04 - PRODUTOS REVENDA;NORTE;CO NO;ATACADO;2027-10-01;313,82;NORTE|04 - PRODUTOS REVENDA|ATACADO|OUT27
04 - PRODUTOS REVENDA;NORTE;CO NO;ATACADO;2027-11-01;304,33;NORTE|04 - PRODUTOS REVENDA|ATACADO|NOV27
04 - PRODUTOS REVENDA;NORTE;CO NO;ATACADO;2027-12-01;364,25;NORTE|04 - PRODUTOS REVENDA|ATACADO|DEZ27
04 - PRODUTOS REVENDA;NORTE;CO NO;VAREJO;2027-01-01;1578,86;NORTE|04 - PRODUTOS REVENDA|VAREJO|JAN27
04 - PRODUTOS REVENDA;NORTE;CO NO;VAREJO;2027-02-01;1874,36;NORTE|04 - PRODUTOS REVENDA|VAREJO|FEV27
04 - PRODUTOS REVENDA;NORTE;CO NO;VAREJO;2027-03-01;1936,38;NORTE|04 - PRODUTOS REVENDA|VAREJO|MAR27
04 - PRODUTOS REVENDA;NORTE;CO NO;VAREJO;2027-04-01;2034,49;NORTE|04 - PRODUTOS REVENDA|VAREJO|ABR27
04 - PRODUTOS REVENDA;NORTE;CO NO;VAREJO;2027-05-01;1764,49;NORTE|04 - PRODUTOS REVENDA|VAREJO|MAI27
04 - PRODUTOS REVENDA;NORTE;CO NO;VAREJO;2027-06-01;1782,90;NORTE|04 - PRODUTOS REVENDA|VAREJO|JUN27
04 - PRODUTOS REVENDA;NORTE;CO NO;VAREJO;2027-07-01;1728,15;NORTE|04 - PRODUTOS REVENDA|VAREJO|JUL27
04 - PRODUTOS REVENDA;NORTE;CO NO;VAREJO;2027-08-01;1757,58;NORTE|04 - PRODUTOS REVENDA|VAREJO|AGO27
04 - PRODUTOS REVENDA;NORTE;CO NO;VAREJO;2027-09-01;1859,98;NORTE|04 - PRODUTOS REVENDA|VAREJO|SET27
04 - PRODUTOS REVENDA;NORTE;CO NO;VAREJO;2027-10-01;1863,48;NORTE|04 - PRODUTOS REVENDA|VAREJO|OUT27
04 - PRODUTOS REVENDA;NORTE;CO NO;VAREJO;2027-11-01;1816,47;NORTE|04 - PRODUTOS REVENDA|VAREJO|NOV27
04 - PRODUTOS REVENDA;NORTE;CO NO;VAREJO;2027-12-01;2120,59;NORTE|04 - PRODUTOS REVENDA|VAREJO|DEZ27
04 - PRODUTOS REVENDA;PARANA;SUL;ATACADO;2027-01-01;1775,22;PARANA|04 - PRODUTOS REVENDA|ATACADO|JAN27
04 - PRODUTOS REVENDA;PARANA;SUL;ATACADO;2027-02-01;1660,58;PARANA|04 - PRODUTOS REVENDA|ATACADO|FEV27
04 - PRODUTOS REVENDA;PARANA;SUL;ATACADO;2027-03-01;1857,51;PARANA|04 - PRODUTOS REVENDA|ATACADO|MAR27
04 - PRODUTOS REVENDA;PARANA;SUL;ATACADO;2027-04-01;1871,42;PARANA|04 - PRODUTOS REVENDA|ATACADO|ABR27
04 - PRODUTOS REVENDA;PARANA;SUL;ATACADO;2027-05-01;1417,75;PARANA|04 - PRODUTOS REVENDA|ATACADO|MAI27
04 - PRODUTOS REVENDA;PARANA;SUL;ATACADO;2027-06-01;1983,83;PARANA|04 - PRODUTOS REVENDA|ATACADO|JUN27
04 - PRODUTOS REVENDA;PARANA;SUL;ATACADO;2027-07-01;1902,75;PARANA|04 - PRODUTOS REVENDA|ATACADO|JUL27
04 - PRODUTOS REVENDA;PARANA;SUL;ATACADO;2027-08-01;1808,85;PARANA|04 - PRODUTOS REVENDA|ATACADO|AGO27
04 - PRODUTOS REVENDA;PARANA;SUL;ATACADO;2027-09-01;1833,58;PARANA|04 - PRODUTOS REVENDA|ATACADO|SET27
04 - PRODUTOS REVENDA;PARANA;SUL;ATACADO;2027-10-01;1871,06;PARANA|04 - PRODUTOS REVENDA|ATACADO|OUT27
04 - PRODUTOS REVENDA;PARANA;SUL;ATACADO;2027-11-01;2071,37;PARANA|04 - PRODUTOS REVENDA|ATACADO|NOV27
04 - PRODUTOS REVENDA;PARANA;SUL;ATACADO;2027-12-01;1710,68;PARANA|04 - PRODUTOS REVENDA|ATACADO|DEZ27
04 - PRODUTOS REVENDA;PARANA;SUL;IRRIGACAO;2027-01-01;0,62;PARANA|04 - PRODUTOS REVENDA|IRRIGACAO|JAN27
04 - PRODUTOS REVENDA;PARANA;SUL;IRRIGACAO;2027-02-01;0,54;PARANA|04 - PRODUTOS REVENDA|IRRIGACAO|FEV27
04 - PRODUTOS REVENDA;PARANA;SUL;IRRIGACAO;2027-03-01;0,64;PARANA|04 - PRODUTOS REVENDA|IRRIGACAO|MAR27
04 - PRODUTOS REVENDA;PARANA;SUL;IRRIGACAO;2027-04-01;0,62;PARANA|04 - PRODUTOS REVENDA|IRRIGACAO|ABR27
04 - PRODUTOS REVENDA;PARANA;SUL;IRRIGACAO;2027-05-01;0,41;PARANA|04 - PRODUTOS REVENDA|IRRIGACAO|MAI27
04 - PRODUTOS REVENDA;PARANA;SUL;IRRIGACAO;2027-06-01;0,70;PARANA|04 - PRODUTOS REVENDA|IRRIGACAO|JUN27
04 - PRODUTOS REVENDA;PARANA;SUL;IRRIGACAO;2027-07-01;0,65;PARANA|04 - PRODUTOS REVENDA|IRRIGACAO|JUL27
04 - PRODUTOS REVENDA;PARANA;SUL;IRRIGACAO;2027-08-01;0,61;PARANA|04 - PRODUTOS REVENDA|IRRIGACAO|AGO27
04 - PRODUTOS REVENDA;PARANA;SUL;IRRIGACAO;2027-09-01;0,63;PARANA|04 - PRODUTOS REVENDA|IRRIGACAO|SET27
04 - PRODUTOS REVENDA;PARANA;SUL;IRRIGACAO;2027-10-01;0,64;PARANA|04 - PRODUTOS REVENDA|IRRIGACAO|OUT27
04 - PRODUTOS REVENDA;PARANA;SUL;IRRIGACAO;2027-11-01;0,77;PARANA|04 - PRODUTOS REVENDA|IRRIGACAO|NOV27
04 - PRODUTOS REVENDA;PARANA;SUL;IRRIGACAO;2027-12-01;0,53;PARANA|04 - PRODUTOS REVENDA|IRRIGACAO|DEZ27
04 - PRODUTOS REVENDA;PARANA;SUL;OUTROS;2027-01-01;44,20;PARANA|04 - PRODUTOS REVENDA|OUTROS|JAN27
04 - PRODUTOS REVENDA;PARANA;SUL;OUTROS;2027-02-01;43,44;PARANA|04 - PRODUTOS REVENDA|OUTROS|FEV27
04 - PRODUTOS REVENDA;PARANA;SUL;OUTROS;2027-03-01;45,70;PARANA|04 - PRODUTOS REVENDA|OUTROS|MAR27
04 - PRODUTOS REVENDA;PARANA;SUL;OUTROS;2027-04-01;44,75;PARANA|04 - PRODUTOS REVENDA|OUTROS|ABR27
04 - PRODUTOS REVENDA;PARANA;SUL;OUTROS;2027-05-01;38,97;PARANA|04 - PRODUTOS REVENDA|OUTROS|MAI27
04 - PRODUTOS REVENDA;PARANA;SUL;OUTROS;2027-06-01;46,08;PARANA|04 - PRODUTOS REVENDA|OUTROS|JUN27
04 - PRODUTOS REVENDA;PARANA;SUL;OUTROS;2027-07-01;45,50;PARANA|04 - PRODUTOS REVENDA|OUTROS|JUL27
04 - PRODUTOS REVENDA;PARANA;SUL;OUTROS;2027-08-01;43,04;PARANA|04 - PRODUTOS REVENDA|OUTROS|AGO27
04 - PRODUTOS REVENDA;PARANA;SUL;OUTROS;2027-09-01;44,41;PARANA|04 - PRODUTOS REVENDA|OUTROS|SET27
04 - PRODUTOS REVENDA;PARANA;SUL;OUTROS;2027-10-01;43,67;PARANA|04 - PRODUTOS REVENDA|OUTROS|OUT27
04 - PRODUTOS REVENDA;PARANA;SUL;OUTROS;2027-11-01;46,66;PARANA|04 - PRODUTOS REVENDA|OUTROS|NOV27
04 - PRODUTOS REVENDA;PARANA;SUL;OUTROS;2027-12-01;41,81;PARANA|04 - PRODUTOS REVENDA|OUTROS|DEZ27
04 - PRODUTOS REVENDA;PARANA;SUL;VAREJO;2027-01-01;2404,62;PARANA|04 - PRODUTOS REVENDA|VAREJO|JAN27
04 - PRODUTOS REVENDA;PARANA;SUL;VAREJO;2027-02-01;2312,01;PARANA|04 - PRODUTOS REVENDA|VAREJO|FEV27
04 - PRODUTOS REVENDA;PARANA;SUL;VAREJO;2027-03-01;2511,17;PARANA|04 - PRODUTOS REVENDA|VAREJO|MAR27
04 - PRODUTOS REVENDA;PARANA;SUL;VAREJO;2027-04-01;2515,19;PARANA|04 - PRODUTOS REVENDA|VAREJO|ABR27
04 - PRODUTOS REVENDA;PARANA;SUL;VAREJO;2027-05-01;2015,93;PARANA|04 - PRODUTOS REVENDA|VAREJO|MAI27
04 - PRODUTOS REVENDA;PARANA;SUL;VAREJO;2027-06-01;2613,52;PARANA|04 - PRODUTOS REVENDA|VAREJO|JUN27
04 - PRODUTOS REVENDA;PARANA;SUL;VAREJO;2027-07-01;2583,51;PARANA|04 - PRODUTOS REVENDA|VAREJO|JUL27
04 - PRODUTOS REVENDA;PARANA;SUL;VAREJO;2027-08-01;2473,03;PARANA|04 - PRODUTOS REVENDA|VAREJO|AGO27
04 - PRODUTOS REVENDA;PARANA;SUL;VAREJO;2027-09-01;2522,41;PARANA|04 - PRODUTOS REVENDA|VAREJO|SET27
04 - PRODUTOS REVENDA;PARANA;SUL;VAREJO;2027-10-01;2535,72;PARANA|04 - PRODUTOS REVENDA|VAREJO|OUT27
04 - PRODUTOS REVENDA;PARANA;SUL;VAREJO;2027-11-01;2741,13;PARANA|04 - PRODUTOS REVENDA|VAREJO|NOV27
04 - PRODUTOS REVENDA;PARANA;SUL;VAREJO;2027-12-01;2385,77;PARANA|04 - PRODUTOS REVENDA|VAREJO|DEZ27
04 - PRODUTOS REVENDA;RIO GRANDE DO SUL;SUL;ATACADO;2027-01-01;3039,59;RIO GRANDE DO SUL|04 - PRODUTOS REVENDA|ATACADO|JAN27
04 - PRODUTOS REVENDA;RIO GRANDE DO SUL;SUL;ATACADO;2027-02-01;3868,91;RIO GRANDE DO SUL|04 - PRODUTOS REVENDA|ATACADO|FEV27
04 - PRODUTOS REVENDA;RIO GRANDE DO SUL;SUL;ATACADO;2027-03-01;3718,03;RIO GRANDE DO SUL|04 - PRODUTOS REVENDA|ATACADO|MAR27
04 - PRODUTOS REVENDA;RIO GRANDE DO SUL;SUL;ATACADO;2027-04-01;3719,61;RIO GRANDE DO SUL|04 - PRODUTOS REVENDA|ATACADO|ABR27
04 - PRODUTOS REVENDA;RIO GRANDE DO SUL;SUL;ATACADO;2027-05-01;3192,21;RIO GRANDE DO SUL|04 - PRODUTOS REVENDA|ATACADO|MAI27
04 - PRODUTOS REVENDA;RIO GRANDE DO SUL;SUL;ATACADO;2027-06-01;3338,85;RIO GRANDE DO SUL|04 - PRODUTOS REVENDA|ATACADO|JUN27
04 - PRODUTOS REVENDA;RIO GRANDE DO SUL;SUL;ATACADO;2027-07-01;3256,43;RIO GRANDE DO SUL|04 - PRODUTOS REVENDA|ATACADO|JUL27
04 - PRODUTOS REVENDA;RIO GRANDE DO SUL;SUL;ATACADO;2027-08-01;3607,57;RIO GRANDE DO SUL|04 - PRODUTOS REVENDA|ATACADO|AGO27
04 - PRODUTOS REVENDA;RIO GRANDE DO SUL;SUL;ATACADO;2027-09-01;3667,86;RIO GRANDE DO SUL|04 - PRODUTOS REVENDA|ATACADO|SET27
04 - PRODUTOS REVENDA;RIO GRANDE DO SUL;SUL;ATACADO;2027-10-01;3703,19;RIO GRANDE DO SUL|04 - PRODUTOS REVENDA|ATACADO|OUT27
04 - PRODUTOS REVENDA;RIO GRANDE DO SUL;SUL;ATACADO;2027-11-01;3388,97;RIO GRANDE DO SUL|04 - PRODUTOS REVENDA|ATACADO|NOV27
04 - PRODUTOS REVENDA;RIO GRANDE DO SUL;SUL;ATACADO;2027-12-01;4010,36;RIO GRANDE DO SUL|04 - PRODUTOS REVENDA|ATACADO|DEZ27
04 - PRODUTOS REVENDA;RIO GRANDE DO SUL;SUL;OUTROS;2027-01-01;256,29;RIO GRANDE DO SUL|04 - PRODUTOS REVENDA|OUTROS|JAN27
04 - PRODUTOS REVENDA;RIO GRANDE DO SUL;SUL;OUTROS;2027-02-01;264,20;RIO GRANDE DO SUL|04 - PRODUTOS REVENDA|OUTROS|FEV27
04 - PRODUTOS REVENDA;RIO GRANDE DO SUL;SUL;OUTROS;2027-03-01;271,50;RIO GRANDE DO SUL|04 - PRODUTOS REVENDA|OUTROS|MAR27
04 - PRODUTOS REVENDA;RIO GRANDE DO SUL;SUL;OUTROS;2027-04-01;268,26;RIO GRANDE DO SUL|04 - PRODUTOS REVENDA|OUTROS|ABR27
04 - PRODUTOS REVENDA;RIO GRANDE DO SUL;SUL;OUTROS;2027-05-01;262,36;RIO GRANDE DO SUL|04 - PRODUTOS REVENDA|OUTROS|MAI27
04 - PRODUTOS REVENDA;RIO GRANDE DO SUL;SUL;OUTROS;2027-06-01;258,11;RIO GRANDE DO SUL|04 - PRODUTOS REVENDA|OUTROS|JUN27
04 - PRODUTOS REVENDA;RIO GRANDE DO SUL;SUL;OUTROS;2027-07-01;258,54;RIO GRANDE DO SUL|04 - PRODUTOS REVENDA|OUTROS|JUL27
04 - PRODUTOS REVENDA;RIO GRANDE DO SUL;SUL;OUTROS;2027-08-01;265,36;RIO GRANDE DO SUL|04 - PRODUTOS REVENDA|OUTROS|AGO27
04 - PRODUTOS REVENDA;RIO GRANDE DO SUL;SUL;OUTROS;2027-09-01;267,27;RIO GRANDE DO SUL|04 - PRODUTOS REVENDA|OUTROS|SET27
04 - PRODUTOS REVENDA;RIO GRANDE DO SUL;SUL;OUTROS;2027-10-01;270,41;RIO GRANDE DO SUL|04 - PRODUTOS REVENDA|OUTROS|OUT27
04 - PRODUTOS REVENDA;RIO GRANDE DO SUL;SUL;OUTROS;2027-11-01;269,79;RIO GRANDE DO SUL|04 - PRODUTOS REVENDA|OUTROS|NOV27
04 - PRODUTOS REVENDA;RIO GRANDE DO SUL;SUL;OUTROS;2027-12-01;280,42;RIO GRANDE DO SUL|04 - PRODUTOS REVENDA|OUTROS|DEZ27
04 - PRODUTOS REVENDA;RIO GRANDE DO SUL;SUL;VAREJO;2027-01-01;1769,02;RIO GRANDE DO SUL|04 - PRODUTOS REVENDA|VAREJO|JAN27
04 - PRODUTOS REVENDA;RIO GRANDE DO SUL;SUL;VAREJO;2027-02-01;2072,31;RIO GRANDE DO SUL|04 - PRODUTOS REVENDA|VAREJO|FEV27
04 - PRODUTOS REVENDA;RIO GRANDE DO SUL;SUL;VAREJO;2027-03-01;2028,66;RIO GRANDE DO SUL|04 - PRODUTOS REVENDA|VAREJO|MAR27
04 - PRODUTOS REVENDA;RIO GRANDE DO SUL;SUL;VAREJO;2027-04-01;2038,23;RIO GRANDE DO SUL|04 - PRODUTOS REVENDA|VAREJO|ABR27
04 - PRODUTOS REVENDA;RIO GRANDE DO SUL;SUL;VAREJO;2027-05-01;1801,86;RIO GRANDE DO SUL|04 - PRODUTOS REVENDA|VAREJO|MAI27
04 - PRODUTOS REVENDA;RIO GRANDE DO SUL;SUL;VAREJO;2027-06-01;1848,51;RIO GRANDE DO SUL|04 - PRODUTOS REVENDA|VAREJO|JUN27
04 - PRODUTOS REVENDA;RIO GRANDE DO SUL;SUL;VAREJO;2027-07-01;1827,49;RIO GRANDE DO SUL|04 - PRODUTOS REVENDA|VAREJO|JUL27
04 - PRODUTOS REVENDA;RIO GRANDE DO SUL;SUL;VAREJO;2027-08-01;1957,38;RIO GRANDE DO SUL|04 - PRODUTOS REVENDA|VAREJO|AGO27
04 - PRODUTOS REVENDA;RIO GRANDE DO SUL;SUL;VAREJO;2027-09-01;1973,25;RIO GRANDE DO SUL|04 - PRODUTOS REVENDA|VAREJO|SET27
04 - PRODUTOS REVENDA;RIO GRANDE DO SUL;SUL;VAREJO;2027-10-01;2006,93;RIO GRANDE DO SUL|04 - PRODUTOS REVENDA|VAREJO|OUT27
04 - PRODUTOS REVENDA;RIO GRANDE DO SUL;SUL;VAREJO;2027-11-01;1901,74;RIO GRANDE DO SUL|04 - PRODUTOS REVENDA|VAREJO|NOV27
04 - PRODUTOS REVENDA;RIO GRANDE DO SUL;SUL;VAREJO;2027-12-01;2127,69;RIO GRANDE DO SUL|04 - PRODUTOS REVENDA|VAREJO|DEZ27
04 - PRODUTOS REVENDA;RJ/ES;MINAS RJ/ES;ATACADO;2027-01-01;1708,27;RJ/ES|04 - PRODUTOS REVENDA|ATACADO|JAN27
04 - PRODUTOS REVENDA;RJ/ES;MINAS RJ/ES;ATACADO;2027-02-01;1883,92;RJ/ES|04 - PRODUTOS REVENDA|ATACADO|FEV27
04 - PRODUTOS REVENDA;RJ/ES;MINAS RJ/ES;ATACADO;2027-03-01;1645,74;RJ/ES|04 - PRODUTOS REVENDA|ATACADO|MAR27
04 - PRODUTOS REVENDA;RJ/ES;MINAS RJ/ES;ATACADO;2027-04-01;2175,04;RJ/ES|04 - PRODUTOS REVENDA|ATACADO|ABR27
04 - PRODUTOS REVENDA;RJ/ES;MINAS RJ/ES;ATACADO;2027-05-01;1139,33;RJ/ES|04 - PRODUTOS REVENDA|ATACADO|MAI27
04 - PRODUTOS REVENDA;RJ/ES;MINAS RJ/ES;ATACADO;2027-06-01;1594,73;RJ/ES|04 - PRODUTOS REVENDA|ATACADO|JUN27
04 - PRODUTOS REVENDA;RJ/ES;MINAS RJ/ES;ATACADO;2027-07-01;1717,99;RJ/ES|04 - PRODUTOS REVENDA|ATACADO|JUL27
04 - PRODUTOS REVENDA;RJ/ES;MINAS RJ/ES;ATACADO;2027-08-01;1659,83;RJ/ES|04 - PRODUTOS REVENDA|ATACADO|AGO27
04 - PRODUTOS REVENDA;RJ/ES;MINAS RJ/ES;ATACADO;2027-09-01;1469,22;RJ/ES|04 - PRODUTOS REVENDA|ATACADO|SET27
04 - PRODUTOS REVENDA;RJ/ES;MINAS RJ/ES;ATACADO;2027-10-01;1896,01;RJ/ES|04 - PRODUTOS REVENDA|ATACADO|OUT27
04 - PRODUTOS REVENDA;RJ/ES;MINAS RJ/ES;ATACADO;2027-11-01;1684,24;RJ/ES|04 - PRODUTOS REVENDA|ATACADO|NOV27
04 - PRODUTOS REVENDA;RJ/ES;MINAS RJ/ES;ATACADO;2027-12-01;1516,09;RJ/ES|04 - PRODUTOS REVENDA|ATACADO|DEZ27
04 - PRODUTOS REVENDA;RJ/ES;MINAS RJ/ES;OUTROS;2027-01-01;48,87;RJ/ES|04 - PRODUTOS REVENDA|OUTROS|JAN27
04 - PRODUTOS REVENDA;RJ/ES;MINAS RJ/ES;OUTROS;2027-02-01;53,75;RJ/ES|04 - PRODUTOS REVENDA|OUTROS|FEV27
04 - PRODUTOS REVENDA;RJ/ES;MINAS RJ/ES;OUTROS;2027-03-01;42,57;RJ/ES|04 - PRODUTOS REVENDA|OUTROS|MAR27
04 - PRODUTOS REVENDA;RJ/ES;MINAS RJ/ES;OUTROS;2027-04-01;64,04;RJ/ES|04 - PRODUTOS REVENDA|OUTROS|ABR27
04 - PRODUTOS REVENDA;RJ/ES;MINAS RJ/ES;OUTROS;2027-05-01;27,69;RJ/ES|04 - PRODUTOS REVENDA|OUTROS|MAI27
04 - PRODUTOS REVENDA;RJ/ES;MINAS RJ/ES;OUTROS;2027-06-01;46,89;RJ/ES|04 - PRODUTOS REVENDA|OUTROS|JUN27
04 - PRODUTOS REVENDA;RJ/ES;MINAS RJ/ES;OUTROS;2027-07-01;50,94;RJ/ES|04 - PRODUTOS REVENDA|OUTROS|JUL27
04 - PRODUTOS REVENDA;RJ/ES;MINAS RJ/ES;OUTROS;2027-08-01;48,28;RJ/ES|04 - PRODUTOS REVENDA|OUTROS|AGO27
04 - PRODUTOS REVENDA;RJ/ES;MINAS RJ/ES;OUTROS;2027-09-01;41,98;RJ/ES|04 - PRODUTOS REVENDA|OUTROS|SET27
04 - PRODUTOS REVENDA;RJ/ES;MINAS RJ/ES;OUTROS;2027-10-01;60,22;RJ/ES|04 - PRODUTOS REVENDA|OUTROS|OUT27
04 - PRODUTOS REVENDA;RJ/ES;MINAS RJ/ES;OUTROS;2027-11-01;50,98;RJ/ES|04 - PRODUTOS REVENDA|OUTROS|NOV27
04 - PRODUTOS REVENDA;RJ/ES;MINAS RJ/ES;OUTROS;2027-12-01;41,06;RJ/ES|04 - PRODUTOS REVENDA|OUTROS|DEZ27
04 - PRODUTOS REVENDA;RJ/ES;MINAS RJ/ES;VAREJO;2027-01-01;1263,14;RJ/ES|04 - PRODUTOS REVENDA|VAREJO|JAN27
04 - PRODUTOS REVENDA;RJ/ES;MINAS RJ/ES;VAREJO;2027-02-01;1397,41;RJ/ES|04 - PRODUTOS REVENDA|VAREJO|FEV27
04 - PRODUTOS REVENDA;RJ/ES;MINAS RJ/ES;VAREJO;2027-03-01;1211,82;RJ/ES|04 - PRODUTOS REVENDA|VAREJO|MAR27
04 - PRODUTOS REVENDA;RJ/ES;MINAS RJ/ES;VAREJO;2027-04-01;1642,13;RJ/ES|04 - PRODUTOS REVENDA|VAREJO|ABR27
04 - PRODUTOS REVENDA;RJ/ES;MINAS RJ/ES;VAREJO;2027-05-01;804,87;RJ/ES|04 - PRODUTOS REVENDA|VAREJO|MAI27
04 - PRODUTOS REVENDA;RJ/ES;MINAS RJ/ES;VAREJO;2027-06-01;1179,27;RJ/ES|04 - PRODUTOS REVENDA|VAREJO|JUN27
04 - PRODUTOS REVENDA;RJ/ES;MINAS RJ/ES;VAREJO;2027-07-01;1286,35;RJ/ES|04 - PRODUTOS REVENDA|VAREJO|JUL27
04 - PRODUTOS REVENDA;RJ/ES;MINAS RJ/ES;VAREJO;2027-08-01;1226,33;RJ/ES|04 - PRODUTOS REVENDA|VAREJO|AGO27
04 - PRODUTOS REVENDA;RJ/ES;MINAS RJ/ES;VAREJO;2027-09-01;1095,48;RJ/ES|04 - PRODUTOS REVENDA|VAREJO|SET27
04 - PRODUTOS REVENDA;RJ/ES;MINAS RJ/ES;VAREJO;2027-10-01;1454,31;RJ/ES|04 - PRODUTOS REVENDA|VAREJO|OUT27
04 - PRODUTOS REVENDA;RJ/ES;MINAS RJ/ES;VAREJO;2027-11-01;1273,27;RJ/ES|04 - PRODUTOS REVENDA|VAREJO|NOV27
04 - PRODUTOS REVENDA;RJ/ES;MINAS RJ/ES;VAREJO;2027-12-01;1111,94;RJ/ES|04 - PRODUTOS REVENDA|VAREJO|DEZ27
04 - PRODUTOS REVENDA;SANTA CATARINA 01;SUL;ATACADO;2027-01-01;1199,98;SANTA CATARINA 01|04 - PRODUTOS REVENDA|ATACADO|JAN27
04 - PRODUTOS REVENDA;SANTA CATARINA 01;SUL;ATACADO;2027-02-01;1269,28;SANTA CATARINA 01|04 - PRODUTOS REVENDA|ATACADO|FEV27
04 - PRODUTOS REVENDA;SANTA CATARINA 01;SUL;ATACADO;2027-03-01;1286,42;SANTA CATARINA 01|04 - PRODUTOS REVENDA|ATACADO|MAR27
04 - PRODUTOS REVENDA;SANTA CATARINA 01;SUL;ATACADO;2027-04-01;1251,00;SANTA CATARINA 01|04 - PRODUTOS REVENDA|ATACADO|ABR27
04 - PRODUTOS REVENDA;SANTA CATARINA 01;SUL;ATACADO;2027-05-01;1228,04;SANTA CATARINA 01|04 - PRODUTOS REVENDA|ATACADO|MAI27
04 - PRODUTOS REVENDA;SANTA CATARINA 01;SUL;ATACADO;2027-06-01;1235,53;SANTA CATARINA 01|04 - PRODUTOS REVENDA|ATACADO|JUN27
04 - PRODUTOS REVENDA;SANTA CATARINA 01;SUL;ATACADO;2027-07-01;1233,26;SANTA CATARINA 01|04 - PRODUTOS REVENDA|ATACADO|JUL27
04 - PRODUTOS REVENDA;SANTA CATARINA 01;SUL;ATACADO;2027-08-01;1261,19;SANTA CATARINA 01|04 - PRODUTOS REVENDA|ATACADO|AGO27
04 - PRODUTOS REVENDA;SANTA CATARINA 01;SUL;ATACADO;2027-09-01;1265,35;SANTA CATARINA 01|04 - PRODUTOS REVENDA|ATACADO|SET27
04 - PRODUTOS REVENDA;SANTA CATARINA 01;SUL;ATACADO;2027-10-01;1268,41;SANTA CATARINA 01|04 - PRODUTOS REVENDA|ATACADO|OUT27
04 - PRODUTOS REVENDA;SANTA CATARINA 01;SUL;ATACADO;2027-11-01;1265,44;SANTA CATARINA 01|04 - PRODUTOS REVENDA|ATACADO|NOV27
04 - PRODUTOS REVENDA;SANTA CATARINA 01;SUL;ATACADO;2027-12-01;1269,12;SANTA CATARINA 01|04 - PRODUTOS REVENDA|ATACADO|DEZ27
04 - PRODUTOS REVENDA;SANTA CATARINA 01;SUL;OUTROS;2027-01-01;8,56;SANTA CATARINA 01|04 - PRODUTOS REVENDA|OUTROS|JAN27
04 - PRODUTOS REVENDA;SANTA CATARINA 01;SUL;OUTROS;2027-02-01;9,97;SANTA CATARINA 01|04 - PRODUTOS REVENDA|OUTROS|FEV27
04 - PRODUTOS REVENDA;SANTA CATARINA 01;SUL;OUTROS;2027-03-01;10,20;SANTA CATARINA 01|04 - PRODUTOS REVENDA|OUTROS|MAR27
04 - PRODUTOS REVENDA;SANTA CATARINA 01;SUL;OUTROS;2027-04-01;9,78;SANTA CATARINA 01|04 - PRODUTOS REVENDA|OUTROS|ABR27
04 - PRODUTOS REVENDA;SANTA CATARINA 01;SUL;OUTROS;2027-05-01;9,35;SANTA CATARINA 01|04 - PRODUTOS REVENDA|OUTROS|MAI27
04 - PRODUTOS REVENDA;SANTA CATARINA 01;SUL;OUTROS;2027-06-01;9,23;SANTA CATARINA 01|04 - PRODUTOS REVENDA|OUTROS|JUN27
04 - PRODUTOS REVENDA;SANTA CATARINA 01;SUL;OUTROS;2027-07-01;9,34;SANTA CATARINA 01|04 - PRODUTOS REVENDA|OUTROS|JUL27
04 - PRODUTOS REVENDA;SANTA CATARINA 01;SUL;OUTROS;2027-08-01;9,94;SANTA CATARINA 01|04 - PRODUTOS REVENDA|OUTROS|AGO27
04 - PRODUTOS REVENDA;SANTA CATARINA 01;SUL;OUTROS;2027-09-01;10,07;SANTA CATARINA 01|04 - PRODUTOS REVENDA|OUTROS|SET27
04 - PRODUTOS REVENDA;SANTA CATARINA 01;SUL;OUTROS;2027-10-01;9,95;SANTA CATARINA 01|04 - PRODUTOS REVENDA|OUTROS|OUT27
04 - PRODUTOS REVENDA;SANTA CATARINA 01;SUL;OUTROS;2027-11-01;10,05;SANTA CATARINA 01|04 - PRODUTOS REVENDA|OUTROS|NOV27
04 - PRODUTOS REVENDA;SANTA CATARINA 01;SUL;OUTROS;2027-12-01;9,91;SANTA CATARINA 01|04 - PRODUTOS REVENDA|OUTROS|DEZ27
04 - PRODUTOS REVENDA;SANTA CATARINA 01;SUL;VAREJO;2027-01-01;1505,29;SANTA CATARINA 01|04 - PRODUTOS REVENDA|VAREJO|JAN27
04 - PRODUTOS REVENDA;SANTA CATARINA 01;SUL;VAREJO;2027-02-01;1643,90;SANTA CATARINA 01|04 - PRODUTOS REVENDA|VAREJO|FEV27
04 - PRODUTOS REVENDA;SANTA CATARINA 01;SUL;VAREJO;2027-03-01;1657,20;SANTA CATARINA 01|04 - PRODUTOS REVENDA|VAREJO|MAR27
04 - PRODUTOS REVENDA;SANTA CATARINA 01;SUL;VAREJO;2027-04-01;1611,74;SANTA CATARINA 01|04 - PRODUTOS REVENDA|VAREJO|ABR27
04 - PRODUTOS REVENDA;SANTA CATARINA 01;SUL;VAREJO;2027-05-01;1568,45;SANTA CATARINA 01|04 - PRODUTOS REVENDA|VAREJO|MAI27
04 - PRODUTOS REVENDA;SANTA CATARINA 01;SUL;VAREJO;2027-06-01;1575,48;SANTA CATARINA 01|04 - PRODUTOS REVENDA|VAREJO|JUN27
04 - PRODUTOS REVENDA;SANTA CATARINA 01;SUL;VAREJO;2027-07-01;1579,27;SANTA CATARINA 01|04 - PRODUTOS REVENDA|VAREJO|JUL27
04 - PRODUTOS REVENDA;SANTA CATARINA 01;SUL;VAREJO;2027-08-01;1628,42;SANTA CATARINA 01|04 - PRODUTOS REVENDA|VAREJO|AGO27
04 - PRODUTOS REVENDA;SANTA CATARINA 01;SUL;VAREJO;2027-09-01;1635,71;SANTA CATARINA 01|04 - PRODUTOS REVENDA|VAREJO|SET27
04 - PRODUTOS REVENDA;SANTA CATARINA 01;SUL;VAREJO;2027-10-01;1637,10;SANTA CATARINA 01|04 - PRODUTOS REVENDA|VAREJO|OUT27
04 - PRODUTOS REVENDA;SANTA CATARINA 01;SUL;VAREJO;2027-11-01;1633,40;SANTA CATARINA 01|04 - PRODUTOS REVENDA|VAREJO|NOV27
04 - PRODUTOS REVENDA;SANTA CATARINA 01;SUL;VAREJO;2027-12-01;1642,87;SANTA CATARINA 01|04 - PRODUTOS REVENDA|VAREJO|DEZ27
04 - PRODUTOS REVENDA;SANTA CATARINA 02;SUL;ATACADO;2027-01-01;955,54;SANTA CATARINA 02|04 - PRODUTOS REVENDA|ATACADO|JAN27
04 - PRODUTOS REVENDA;SANTA CATARINA 02;SUL;ATACADO;2027-02-01;972,09;SANTA CATARINA 02|04 - PRODUTOS REVENDA|ATACADO|FEV27
04 - PRODUTOS REVENDA;SANTA CATARINA 02;SUL;ATACADO;2027-03-01;1065,47;SANTA CATARINA 02|04 - PRODUTOS REVENDA|ATACADO|MAR27
04 - PRODUTOS REVENDA;SANTA CATARINA 02;SUL;ATACADO;2027-04-01;995,10;SANTA CATARINA 02|04 - PRODUTOS REVENDA|ATACADO|ABR27
04 - PRODUTOS REVENDA;SANTA CATARINA 02;SUL;ATACADO;2027-05-01;1000,56;SANTA CATARINA 02|04 - PRODUTOS REVENDA|ATACADO|MAI27
04 - PRODUTOS REVENDA;SANTA CATARINA 02;SUL;ATACADO;2027-06-01;953,64;SANTA CATARINA 02|04 - PRODUTOS REVENDA|ATACADO|JUN27
04 - PRODUTOS REVENDA;SANTA CATARINA 02;SUL;ATACADO;2027-07-01;933,74;SANTA CATARINA 02|04 - PRODUTOS REVENDA|ATACADO|JUL27
04 - PRODUTOS REVENDA;SANTA CATARINA 02;SUL;ATACADO;2027-08-01;973,63;SANTA CATARINA 02|04 - PRODUTOS REVENDA|ATACADO|AGO27
04 - PRODUTOS REVENDA;SANTA CATARINA 02;SUL;ATACADO;2027-09-01;988,23;SANTA CATARINA 02|04 - PRODUTOS REVENDA|ATACADO|SET27
04 - PRODUTOS REVENDA;SANTA CATARINA 02;SUL;ATACADO;2027-10-01;968,40;SANTA CATARINA 02|04 - PRODUTOS REVENDA|ATACADO|OUT27
04 - PRODUTOS REVENDA;SANTA CATARINA 02;SUL;ATACADO;2027-11-01;981,16;SANTA CATARINA 02|04 - PRODUTOS REVENDA|ATACADO|NOV27
04 - PRODUTOS REVENDA;SANTA CATARINA 02;SUL;ATACADO;2027-12-01;1098,28;SANTA CATARINA 02|04 - PRODUTOS REVENDA|ATACADO|DEZ27
04 - PRODUTOS REVENDA;SANTA CATARINA 02;SUL;OUTROS;2027-01-01;34,95;SANTA CATARINA 02|04 - PRODUTOS REVENDA|OUTROS|JAN27
04 - PRODUTOS REVENDA;SANTA CATARINA 02;SUL;OUTROS;2027-02-01;35,95;SANTA CATARINA 02|04 - PRODUTOS REVENDA|OUTROS|FEV27
04 - PRODUTOS REVENDA;SANTA CATARINA 02;SUL;OUTROS;2027-03-01;38,16;SANTA CATARINA 02|04 - PRODUTOS REVENDA|OUTROS|MAR27
04 - PRODUTOS REVENDA;SANTA CATARINA 02;SUL;OUTROS;2027-04-01;36,36;SANTA CATARINA 02|04 - PRODUTOS REVENDA|OUTROS|ABR27
04 - PRODUTOS REVENDA;SANTA CATARINA 02;SUL;OUTROS;2027-05-01;36,70;SANTA CATARINA 02|04 - PRODUTOS REVENDA|OUTROS|MAI27
04 - PRODUTOS REVENDA;SANTA CATARINA 02;SUL;OUTROS;2027-06-01;35,08;SANTA CATARINA 02|04 - PRODUTOS REVENDA|OUTROS|JUN27
04 - PRODUTOS REVENDA;SANTA CATARINA 02;SUL;OUTROS;2027-07-01;34,33;SANTA CATARINA 02|04 - PRODUTOS REVENDA|OUTROS|JUL27
04 - PRODUTOS REVENDA;SANTA CATARINA 02;SUL;OUTROS;2027-08-01;36,19;SANTA CATARINA 02|04 - PRODUTOS REVENDA|OUTROS|AGO27
04 - PRODUTOS REVENDA;SANTA CATARINA 02;SUL;OUTROS;2027-09-01;36,78;SANTA CATARINA 02|04 - PRODUTOS REVENDA|OUTROS|SET27
04 - PRODUTOS REVENDA;SANTA CATARINA 02;SUL;OUTROS;2027-10-01;36,76;SANTA CATARINA 02|04 - PRODUTOS REVENDA|OUTROS|OUT27
04 - PRODUTOS REVENDA;SANTA CATARINA 02;SUL;OUTROS;2027-11-01;36,56;SANTA CATARINA 02|04 - PRODUTOS REVENDA|OUTROS|NOV27
04 - PRODUTOS REVENDA;SANTA CATARINA 02;SUL;OUTROS;2027-12-01;39,66;SANTA CATARINA 02|04 - PRODUTOS REVENDA|OUTROS|DEZ27
04 - PRODUTOS REVENDA;SANTA CATARINA 02;SUL;VAREJO;2027-01-01;2678,63;SANTA CATARINA 02|04 - PRODUTOS REVENDA|VAREJO|JAN27
04 - PRODUTOS REVENDA;SANTA CATARINA 02;SUL;VAREJO;2027-02-01;2755,43;SANTA CATARINA 02|04 - PRODUTOS REVENDA|VAREJO|FEV27
04 - PRODUTOS REVENDA;SANTA CATARINA 02;SUL;VAREJO;2027-03-01;2982,92;SANTA CATARINA 02|04 - PRODUTOS REVENDA|VAREJO|MAR27
04 - PRODUTOS REVENDA;SANTA CATARINA 02;SUL;VAREJO;2027-04-01;2824,12;SANTA CATARINA 02|04 - PRODUTOS REVENDA|VAREJO|ABR27
04 - PRODUTOS REVENDA;SANTA CATARINA 02;SUL;VAREJO;2027-05-01;2850,06;SANTA CATARINA 02|04 - PRODUTOS REVENDA|VAREJO|MAI27
04 - PRODUTOS REVENDA;SANTA CATARINA 02;SUL;VAREJO;2027-06-01;2711,27;SANTA CATARINA 02|04 - PRODUTOS REVENDA|VAREJO|JUN27
04 - PRODUTOS REVENDA;SANTA CATARINA 02;SUL;VAREJO;2027-07-01;2646,24;SANTA CATARINA 02|04 - PRODUTOS REVENDA|VAREJO|JUL27
04 - PRODUTOS REVENDA;SANTA CATARINA 02;SUL;VAREJO;2027-08-01;2759,85;SANTA CATARINA 02|04 - PRODUTOS REVENDA|VAREJO|AGO27
04 - PRODUTOS REVENDA;SANTA CATARINA 02;SUL;VAREJO;2027-09-01;2808,10;SANTA CATARINA 02|04 - PRODUTOS REVENDA|VAREJO|SET27
04 - PRODUTOS REVENDA;SANTA CATARINA 02;SUL;VAREJO;2027-10-01;2764,90;SANTA CATARINA 02|04 - PRODUTOS REVENDA|VAREJO|OUT27
04 - PRODUTOS REVENDA;SANTA CATARINA 02;SUL;VAREJO;2027-11-01;2803,51;SANTA CATARINA 02|04 - PRODUTOS REVENDA|VAREJO|NOV27
04 - PRODUTOS REVENDA;SANTA CATARINA 02;SUL;VAREJO;2027-12-01;3131,24;SANTA CATARINA 02|04 - PRODUTOS REVENDA|VAREJO|DEZ27
04 - PRODUTOS REVENDA;SAO PAULO CAPITAL;SP;ATACADO;2027-01-01;409,33;SAO PAULO CAPITAL|04 - PRODUTOS REVENDA|ATACADO|JAN27
04 - PRODUTOS REVENDA;SAO PAULO CAPITAL;SP;ATACADO;2027-02-01;443,16;SAO PAULO CAPITAL|04 - PRODUTOS REVENDA|ATACADO|FEV27
04 - PRODUTOS REVENDA;SAO PAULO CAPITAL;SP;ATACADO;2027-03-01;389,85;SAO PAULO CAPITAL|04 - PRODUTOS REVENDA|ATACADO|MAR27
04 - PRODUTOS REVENDA;SAO PAULO CAPITAL;SP;ATACADO;2027-04-01;431,64;SAO PAULO CAPITAL|04 - PRODUTOS REVENDA|ATACADO|ABR27
04 - PRODUTOS REVENDA;SAO PAULO CAPITAL;SP;ATACADO;2027-05-01;283,23;SAO PAULO CAPITAL|04 - PRODUTOS REVENDA|ATACADO|MAI27
04 - PRODUTOS REVENDA;SAO PAULO CAPITAL;SP;ATACADO;2027-06-01;429,00;SAO PAULO CAPITAL|04 - PRODUTOS REVENDA|ATACADO|JUN27
04 - PRODUTOS REVENDA;SAO PAULO CAPITAL;SP;ATACADO;2027-07-01;449,47;SAO PAULO CAPITAL|04 - PRODUTOS REVENDA|ATACADO|JUL27
04 - PRODUTOS REVENDA;SAO PAULO CAPITAL;SP;ATACADO;2027-08-01;402,68;SAO PAULO CAPITAL|04 - PRODUTOS REVENDA|ATACADO|AGO27
04 - PRODUTOS REVENDA;SAO PAULO CAPITAL;SP;ATACADO;2027-09-01;499,46;SAO PAULO CAPITAL|04 - PRODUTOS REVENDA|ATACADO|SET27
04 - PRODUTOS REVENDA;SAO PAULO CAPITAL;SP;ATACADO;2027-10-01;438,80;SAO PAULO CAPITAL|04 - PRODUTOS REVENDA|ATACADO|OUT27
04 - PRODUTOS REVENDA;SAO PAULO CAPITAL;SP;ATACADO;2027-11-01;345,10;SAO PAULO CAPITAL|04 - PRODUTOS REVENDA|ATACADO|NOV27
04 - PRODUTOS REVENDA;SAO PAULO CAPITAL;SP;ATACADO;2027-12-01;404,68;SAO PAULO CAPITAL|04 - PRODUTOS REVENDA|ATACADO|DEZ27
04 - PRODUTOS REVENDA;SAO PAULO CAPITAL;SP;OUTROS;2027-01-01;4,93;SAO PAULO CAPITAL|04 - PRODUTOS REVENDA|OUTROS|JAN27
04 - PRODUTOS REVENDA;SAO PAULO CAPITAL;SP;OUTROS;2027-02-01;10,66;SAO PAULO CAPITAL|04 - PRODUTOS REVENDA|OUTROS|FEV27
04 - PRODUTOS REVENDA;SAO PAULO CAPITAL;SP;OUTROS;2027-03-01;10,85;SAO PAULO CAPITAL|04 - PRODUTOS REVENDA|OUTROS|MAR27
04 - PRODUTOS REVENDA;SAO PAULO CAPITAL;SP;OUTROS;2027-04-01;8,85;SAO PAULO CAPITAL|04 - PRODUTOS REVENDA|OUTROS|ABR27
04 - PRODUTOS REVENDA;SAO PAULO CAPITAL;SP;OUTROS;2027-05-01;8,40;SAO PAULO CAPITAL|04 - PRODUTOS REVENDA|OUTROS|MAI27
04 - PRODUTOS REVENDA;SAO PAULO CAPITAL;SP;OUTROS;2027-06-01;8,02;SAO PAULO CAPITAL|04 - PRODUTOS REVENDA|OUTROS|JUN27
04 - PRODUTOS REVENDA;SAO PAULO CAPITAL;SP;OUTROS;2027-07-01;8,16;SAO PAULO CAPITAL|04 - PRODUTOS REVENDA|OUTROS|JUL27
04 - PRODUTOS REVENDA;SAO PAULO CAPITAL;SP;OUTROS;2027-08-01;7,79;SAO PAULO CAPITAL|04 - PRODUTOS REVENDA|OUTROS|AGO27
04 - PRODUTOS REVENDA;SAO PAULO CAPITAL;SP;OUTROS;2027-09-01;8,28;SAO PAULO CAPITAL|04 - PRODUTOS REVENDA|OUTROS|SET27
04 - PRODUTOS REVENDA;SAO PAULO CAPITAL;SP;OUTROS;2027-10-01;9,07;SAO PAULO CAPITAL|04 - PRODUTOS REVENDA|OUTROS|OUT27
04 - PRODUTOS REVENDA;SAO PAULO CAPITAL;SP;OUTROS;2027-11-01;8,64;SAO PAULO CAPITAL|04 - PRODUTOS REVENDA|OUTROS|NOV27
04 - PRODUTOS REVENDA;SAO PAULO CAPITAL;SP;OUTROS;2027-12-01;13,18;SAO PAULO CAPITAL|04 - PRODUTOS REVENDA|OUTROS|DEZ27
04 - PRODUTOS REVENDA;SAO PAULO CAPITAL;SP;VAREJO;2027-01-01;2913,80;SAO PAULO CAPITAL|04 - PRODUTOS REVENDA|VAREJO|JAN27
04 - PRODUTOS REVENDA;SAO PAULO CAPITAL;SP;VAREJO;2027-02-01;3225,78;SAO PAULO CAPITAL|04 - PRODUTOS REVENDA|VAREJO|FEV27
04 - PRODUTOS REVENDA;SAO PAULO CAPITAL;SP;VAREJO;2027-03-01;2998,01;SAO PAULO CAPITAL|04 - PRODUTOS REVENDA|VAREJO|MAR27
04 - PRODUTOS REVENDA;SAO PAULO CAPITAL;SP;VAREJO;2027-04-01;3163,22;SAO PAULO CAPITAL|04 - PRODUTOS REVENDA|VAREJO|ABR27
04 - PRODUTOS REVENDA;SAO PAULO CAPITAL;SP;VAREJO;2027-05-01;2488,43;SAO PAULO CAPITAL|04 - PRODUTOS REVENDA|VAREJO|MAI27
04 - PRODUTOS REVENDA;SAO PAULO CAPITAL;SP;VAREJO;2027-06-01;3082,61;SAO PAULO CAPITAL|04 - PRODUTOS REVENDA|VAREJO|JUN27
04 - PRODUTOS REVENDA;SAO PAULO CAPITAL;SP;VAREJO;2027-07-01;3246,68;SAO PAULO CAPITAL|04 - PRODUTOS REVENDA|VAREJO|JUL27
04 - PRODUTOS REVENDA;SAO PAULO CAPITAL;SP;VAREJO;2027-08-01;2974,24;SAO PAULO CAPITAL|04 - PRODUTOS REVENDA|VAREJO|AGO27
04 - PRODUTOS REVENDA;SAO PAULO CAPITAL;SP;VAREJO;2027-09-01;3532,72;SAO PAULO CAPITAL|04 - PRODUTOS REVENDA|VAREJO|SET27
04 - PRODUTOS REVENDA;SAO PAULO CAPITAL;SP;VAREJO;2027-10-01;3227,96;SAO PAULO CAPITAL|04 - PRODUTOS REVENDA|VAREJO|OUT27
04 - PRODUTOS REVENDA;SAO PAULO CAPITAL;SP;VAREJO;2027-11-01;2633,96;SAO PAULO CAPITAL|04 - PRODUTOS REVENDA|VAREJO|NOV27
04 - PRODUTOS REVENDA;SAO PAULO CAPITAL;SP;VAREJO;2027-12-01;3117,29;SAO PAULO CAPITAL|04 - PRODUTOS REVENDA|VAREJO|DEZ27
04 - PRODUTOS REVENDA;SAO PAULO CAPITAL 2;SP;ATACADO;2027-01-01;4263,80;SAO PAULO CAPITAL 2|04 - PRODUTOS REVENDA|ATACADO|JAN27
04 - PRODUTOS REVENDA;SAO PAULO CAPITAL 2;SP;ATACADO;2027-02-01;4252,52;SAO PAULO CAPITAL 2|04 - PRODUTOS REVENDA|ATACADO|FEV27
04 - PRODUTOS REVENDA;SAO PAULO CAPITAL 2;SP;ATACADO;2027-03-01;3303,49;SAO PAULO CAPITAL 2|04 - PRODUTOS REVENDA|ATACADO|MAR27
04 - PRODUTOS REVENDA;SAO PAULO CAPITAL 2;SP;ATACADO;2027-04-01;8046,91;SAO PAULO CAPITAL 2|04 - PRODUTOS REVENDA|ATACADO|ABR27
04 - PRODUTOS REVENDA;SAO PAULO CAPITAL 2;SP;ATACADO;2027-05-01;1437,19;SAO PAULO CAPITAL 2|04 - PRODUTOS REVENDA|ATACADO|MAI27
04 - PRODUTOS REVENDA;SAO PAULO CAPITAL 2;SP;ATACADO;2027-06-01;2700,58;SAO PAULO CAPITAL 2|04 - PRODUTOS REVENDA|ATACADO|JUN27
04 - PRODUTOS REVENDA;SAO PAULO CAPITAL 2;SP;ATACADO;2027-07-01;5414,94;SAO PAULO CAPITAL 2|04 - PRODUTOS REVENDA|ATACADO|JUL27
04 - PRODUTOS REVENDA;SAO PAULO CAPITAL 2;SP;ATACADO;2027-08-01;3836,16;SAO PAULO CAPITAL 2|04 - PRODUTOS REVENDA|ATACADO|AGO27
04 - PRODUTOS REVENDA;SAO PAULO CAPITAL 2;SP;ATACADO;2027-09-01;3577,06;SAO PAULO CAPITAL 2|04 - PRODUTOS REVENDA|ATACADO|SET27
04 - PRODUTOS REVENDA;SAO PAULO CAPITAL 2;SP;ATACADO;2027-10-01;4559,73;SAO PAULO CAPITAL 2|04 - PRODUTOS REVENDA|ATACADO|OUT27
04 - PRODUTOS REVENDA;SAO PAULO CAPITAL 2;SP;ATACADO;2027-11-01;3058,59;SAO PAULO CAPITAL 2|04 - PRODUTOS REVENDA|ATACADO|NOV27
04 - PRODUTOS REVENDA;SAO PAULO CAPITAL 2;SP;ATACADO;2027-12-01;4650,17;SAO PAULO CAPITAL 2|04 - PRODUTOS REVENDA|ATACADO|DEZ27
04 - PRODUTOS REVENDA;SAO PAULO INTERIOR;SP;ATACADO;2027-01-01;2142,35;SAO PAULO INTERIOR|04 - PRODUTOS REVENDA|ATACADO|JAN27
04 - PRODUTOS REVENDA;SAO PAULO INTERIOR;SP;ATACADO;2027-02-01;1471,02;SAO PAULO INTERIOR|04 - PRODUTOS REVENDA|ATACADO|FEV27
04 - PRODUTOS REVENDA;SAO PAULO INTERIOR;SP;ATACADO;2027-03-01;1190,68;SAO PAULO INTERIOR|04 - PRODUTOS REVENDA|ATACADO|MAR27
04 - PRODUTOS REVENDA;SAO PAULO INTERIOR;SP;ATACADO;2027-04-01;2207,51;SAO PAULO INTERIOR|04 - PRODUTOS REVENDA|ATACADO|ABR27
04 - PRODUTOS REVENDA;SAO PAULO INTERIOR;SP;ATACADO;2027-05-01;834,16;SAO PAULO INTERIOR|04 - PRODUTOS REVENDA|ATACADO|MAI27
04 - PRODUTOS REVENDA;SAO PAULO INTERIOR;SP;ATACADO;2027-06-01;1366,21;SAO PAULO INTERIOR|04 - PRODUTOS REVENDA|ATACADO|JUN27
04 - PRODUTOS REVENDA;SAO PAULO INTERIOR;SP;ATACADO;2027-07-01;1761,74;SAO PAULO INTERIOR|04 - PRODUTOS REVENDA|ATACADO|JUL27
04 - PRODUTOS REVENDA;SAO PAULO INTERIOR;SP;ATACADO;2027-08-01;1331,40;SAO PAULO INTERIOR|04 - PRODUTOS REVENDA|ATACADO|AGO27
04 - PRODUTOS REVENDA;SAO PAULO INTERIOR;SP;ATACADO;2027-09-01;1381,13;SAO PAULO INTERIOR|04 - PRODUTOS REVENDA|ATACADO|SET27
04 - PRODUTOS REVENDA;SAO PAULO INTERIOR;SP;ATACADO;2027-10-01;1618,74;SAO PAULO INTERIOR|04 - PRODUTOS REVENDA|ATACADO|OUT27
04 - PRODUTOS REVENDA;SAO PAULO INTERIOR;SP;ATACADO;2027-11-01;1236,96;SAO PAULO INTERIOR|04 - PRODUTOS REVENDA|ATACADO|NOV27
04 - PRODUTOS REVENDA;SAO PAULO INTERIOR;SP;ATACADO;2027-12-01;1237,32;SAO PAULO INTERIOR|04 - PRODUTOS REVENDA|ATACADO|DEZ27
04 - PRODUTOS REVENDA;SAO PAULO INTERIOR;SP;OUTROS;2027-01-01;50,08;SAO PAULO INTERIOR|04 - PRODUTOS REVENDA|OUTROS|JAN27
04 - PRODUTOS REVENDA;SAO PAULO INTERIOR;SP;OUTROS;2027-02-01;47,04;SAO PAULO INTERIOR|04 - PRODUTOS REVENDA|OUTROS|FEV27
04 - PRODUTOS REVENDA;SAO PAULO INTERIOR;SP;OUTROS;2027-03-01;53,05;SAO PAULO INTERIOR|04 - PRODUTOS REVENDA|OUTROS|MAR27
04 - PRODUTOS REVENDA;SAO PAULO INTERIOR;SP;OUTROS;2027-04-01;52,42;SAO PAULO INTERIOR|04 - PRODUTOS REVENDA|OUTROS|ABR27
04 - PRODUTOS REVENDA;SAO PAULO INTERIOR;SP;OUTROS;2027-05-01;29,37;SAO PAULO INTERIOR|04 - PRODUTOS REVENDA|OUTROS|MAI27
04 - PRODUTOS REVENDA;SAO PAULO INTERIOR;SP;OUTROS;2027-06-01;37,36;SAO PAULO INTERIOR|04 - PRODUTOS REVENDA|OUTROS|JUN27
04 - PRODUTOS REVENDA;SAO PAULO INTERIOR;SP;OUTROS;2027-07-01;41,64;SAO PAULO INTERIOR|04 - PRODUTOS REVENDA|OUTROS|JUL27
04 - PRODUTOS REVENDA;SAO PAULO INTERIOR;SP;OUTROS;2027-08-01;39,94;SAO PAULO INTERIOR|04 - PRODUTOS REVENDA|OUTROS|AGO27
04 - PRODUTOS REVENDA;SAO PAULO INTERIOR;SP;OUTROS;2027-09-01;40,76;SAO PAULO INTERIOR|04 - PRODUTOS REVENDA|OUTROS|SET27
04 - PRODUTOS REVENDA;SAO PAULO INTERIOR;SP;OUTROS;2027-10-01;40,94;SAO PAULO INTERIOR|04 - PRODUTOS REVENDA|OUTROS|OUT27
04 - PRODUTOS REVENDA;SAO PAULO INTERIOR;SP;OUTROS;2027-11-01;35,06;SAO PAULO INTERIOR|04 - PRODUTOS REVENDA|OUTROS|NOV27
04 - PRODUTOS REVENDA;SAO PAULO INTERIOR;SP;OUTROS;2027-12-01;42,98;SAO PAULO INTERIOR|04 - PRODUTOS REVENDA|OUTROS|DEZ27
04 - PRODUTOS REVENDA;SAO PAULO INTERIOR;SP;VAREJO;2027-01-01;2825,93;SAO PAULO INTERIOR|04 - PRODUTOS REVENDA|VAREJO|JAN27
04 - PRODUTOS REVENDA;SAO PAULO INTERIOR;SP;VAREJO;2027-02-01;2086,30;SAO PAULO INTERIOR|04 - PRODUTOS REVENDA|VAREJO|FEV27
04 - PRODUTOS REVENDA;SAO PAULO INTERIOR;SP;VAREJO;2027-03-01;1845,81;SAO PAULO INTERIOR|04 - PRODUTOS REVENDA|VAREJO|MAR27
04 - PRODUTOS REVENDA;SAO PAULO INTERIOR;SP;VAREJO;2027-04-01;2898,46;SAO PAULO INTERIOR|04 - PRODUTOS REVENDA|VAREJO|ABR27
04 - PRODUTOS REVENDA;SAO PAULO INTERIOR;SP;VAREJO;2027-05-01;1225,29;SAO PAULO INTERIOR|04 - PRODUTOS REVENDA|VAREJO|MAI27
04 - PRODUTOS REVENDA;SAO PAULO INTERIOR;SP;VAREJO;2027-06-01;1869,27;SAO PAULO INTERIOR|04 - PRODUTOS REVENDA|VAREJO|JUN27
04 - PRODUTOS REVENDA;SAO PAULO INTERIOR;SP;VAREJO;2027-07-01;2315,88;SAO PAULO INTERIOR|04 - PRODUTOS REVENDA|VAREJO|JUL27
04 - PRODUTOS REVENDA;SAO PAULO INTERIOR;SP;VAREJO;2027-08-01;1899,18;SAO PAULO INTERIOR|04 - PRODUTOS REVENDA|VAREJO|AGO27
04 - PRODUTOS REVENDA;SAO PAULO INTERIOR;SP;VAREJO;2027-09-01;1951,40;SAO PAULO INTERIOR|04 - PRODUTOS REVENDA|VAREJO|SET27
04 - PRODUTOS REVENDA;SAO PAULO INTERIOR;SP;VAREJO;2027-10-01;2183,68;SAO PAULO INTERIOR|04 - PRODUTOS REVENDA|VAREJO|OUT27
04 - PRODUTOS REVENDA;SAO PAULO INTERIOR;SP;VAREJO;2027-11-01;1767,64;SAO PAULO INTERIOR|04 - PRODUTOS REVENDA|VAREJO|NOV27
04 - PRODUTOS REVENDA;SAO PAULO INTERIOR;SP;VAREJO;2027-12-01;1804,09;SAO PAULO INTERIOR|04 - PRODUTOS REVENDA|VAREJO|DEZ27
04 - PRODUTOS REVENDA;TELEVENDAS;TELEVENDAS;ATACADO;2027-01-01;20,15;TELEVENDAS|04 - PRODUTOS REVENDA|ATACADO|JAN27
04 - PRODUTOS REVENDA;TELEVENDAS;TELEVENDAS;ATACADO;2027-02-01;17,78;TELEVENDAS|04 - PRODUTOS REVENDA|ATACADO|FEV27
04 - PRODUTOS REVENDA;TELEVENDAS;TELEVENDAS;ATACADO;2027-03-01;17,85;TELEVENDAS|04 - PRODUTOS REVENDA|ATACADO|MAR27
04 - PRODUTOS REVENDA;TELEVENDAS;TELEVENDAS;ATACADO;2027-04-01;20,01;TELEVENDAS|04 - PRODUTOS REVENDA|ATACADO|ABR27
04 - PRODUTOS REVENDA;TELEVENDAS;TELEVENDAS;ATACADO;2027-05-01;16,70;TELEVENDAS|04 - PRODUTOS REVENDA|ATACADO|MAI27
04 - PRODUTOS REVENDA;TELEVENDAS;TELEVENDAS;ATACADO;2027-06-01;17,72;TELEVENDAS|04 - PRODUTOS REVENDA|ATACADO|JUN27
04 - PRODUTOS REVENDA;TELEVENDAS;TELEVENDAS;ATACADO;2027-07-01;19,09;TELEVENDAS|04 - PRODUTOS REVENDA|ATACADO|JUL27
04 - PRODUTOS REVENDA;TELEVENDAS;TELEVENDAS;ATACADO;2027-08-01;16,95;TELEVENDAS|04 - PRODUTOS REVENDA|ATACADO|AGO27
04 - PRODUTOS REVENDA;TELEVENDAS;TELEVENDAS;ATACADO;2027-09-01;18,26;TELEVENDAS|04 - PRODUTOS REVENDA|ATACADO|SET27
04 - PRODUTOS REVENDA;TELEVENDAS;TELEVENDAS;ATACADO;2027-10-01;18,35;TELEVENDAS|04 - PRODUTOS REVENDA|ATACADO|OUT27
04 - PRODUTOS REVENDA;TELEVENDAS;TELEVENDAS;ATACADO;2027-11-01;18,64;TELEVENDAS|04 - PRODUTOS REVENDA|ATACADO|NOV27
04 - PRODUTOS REVENDA;TELEVENDAS;TELEVENDAS;ATACADO;2027-12-01;18,64;TELEVENDAS|04 - PRODUTOS REVENDA|ATACADO|DEZ27
04 - PRODUTOS REVENDA;TELEVENDAS;TELEVENDAS;IRRIGACAO;2027-01-01;4,11;TELEVENDAS|04 - PRODUTOS REVENDA|IRRIGACAO|JAN27
04 - PRODUTOS REVENDA;TELEVENDAS;TELEVENDAS;IRRIGACAO;2027-02-01;3,89;TELEVENDAS|04 - PRODUTOS REVENDA|IRRIGACAO|FEV27
04 - PRODUTOS REVENDA;TELEVENDAS;TELEVENDAS;IRRIGACAO;2027-03-01;4,17;TELEVENDAS|04 - PRODUTOS REVENDA|IRRIGACAO|MAR27
04 - PRODUTOS REVENDA;TELEVENDAS;TELEVENDAS;IRRIGACAO;2027-04-01;4,43;TELEVENDAS|04 - PRODUTOS REVENDA|IRRIGACAO|ABR27
04 - PRODUTOS REVENDA;TELEVENDAS;TELEVENDAS;IRRIGACAO;2027-05-01;4,00;TELEVENDAS|04 - PRODUTOS REVENDA|IRRIGACAO|MAI27
04 - PRODUTOS REVENDA;TELEVENDAS;TELEVENDAS;IRRIGACAO;2027-06-01;4,19;TELEVENDAS|04 - PRODUTOS REVENDA|IRRIGACAO|JUN27
04 - PRODUTOS REVENDA;TELEVENDAS;TELEVENDAS;IRRIGACAO;2027-07-01;4,51;TELEVENDAS|04 - PRODUTOS REVENDA|IRRIGACAO|JUL27
04 - PRODUTOS REVENDA;TELEVENDAS;TELEVENDAS;IRRIGACAO;2027-08-01;4,34;TELEVENDAS|04 - PRODUTOS REVENDA|IRRIGACAO|AGO27
04 - PRODUTOS REVENDA;TELEVENDAS;TELEVENDAS;IRRIGACAO;2027-09-01;4,49;TELEVENDAS|04 - PRODUTOS REVENDA|IRRIGACAO|SET27
04 - PRODUTOS REVENDA;TELEVENDAS;TELEVENDAS;IRRIGACAO;2027-10-01;4,51;TELEVENDAS|04 - PRODUTOS REVENDA|IRRIGACAO|OUT27
04 - PRODUTOS REVENDA;TELEVENDAS;TELEVENDAS;IRRIGACAO;2027-11-01;4,51;TELEVENDAS|04 - PRODUTOS REVENDA|IRRIGACAO|NOV27
04 - PRODUTOS REVENDA;TELEVENDAS;TELEVENDAS;IRRIGACAO;2027-12-01;4,85;TELEVENDAS|04 - PRODUTOS REVENDA|IRRIGACAO|DEZ27
04 - PRODUTOS REVENDA;TELEVENDAS;TELEVENDAS;OUTROS;2027-01-01;30,58;TELEVENDAS|04 - PRODUTOS REVENDA|OUTROS|JAN27
04 - PRODUTOS REVENDA;TELEVENDAS;TELEVENDAS;OUTROS;2027-02-01;28,42;TELEVENDAS|04 - PRODUTOS REVENDA|OUTROS|FEV27
04 - PRODUTOS REVENDA;TELEVENDAS;TELEVENDAS;OUTROS;2027-03-01;31,05;TELEVENDAS|04 - PRODUTOS REVENDA|OUTROS|MAR27
04 - PRODUTOS REVENDA;TELEVENDAS;TELEVENDAS;OUTROS;2027-04-01;31,19;TELEVENDAS|04 - PRODUTOS REVENDA|OUTROS|ABR27
04 - PRODUTOS REVENDA;TELEVENDAS;TELEVENDAS;OUTROS;2027-05-01;28,87;TELEVENDAS|04 - PRODUTOS REVENDA|OUTROS|MAI27
04 - PRODUTOS REVENDA;TELEVENDAS;TELEVENDAS;OUTROS;2027-06-01;30,15;TELEVENDAS|04 - PRODUTOS REVENDA|OUTROS|JUN27
04 - PRODUTOS REVENDA;TELEVENDAS;TELEVENDAS;OUTROS;2027-07-01;30,99;TELEVENDAS|04 - PRODUTOS REVENDA|OUTROS|JUL27
04 - PRODUTOS REVENDA;TELEVENDAS;TELEVENDAS;OUTROS;2027-08-01;30,07;TELEVENDAS|04 - PRODUTOS REVENDA|OUTROS|AGO27
04 - PRODUTOS REVENDA;TELEVENDAS;TELEVENDAS;OUTROS;2027-09-01;29,99;TELEVENDAS|04 - PRODUTOS REVENDA|OUTROS|SET27
04 - PRODUTOS REVENDA;TELEVENDAS;TELEVENDAS;OUTROS;2027-10-01;30,99;TELEVENDAS|04 - PRODUTOS REVENDA|OUTROS|OUT27
04 - PRODUTOS REVENDA;TELEVENDAS;TELEVENDAS;OUTROS;2027-11-01;30,70;TELEVENDAS|04 - PRODUTOS REVENDA|OUTROS|NOV27
04 - PRODUTOS REVENDA;TELEVENDAS;TELEVENDAS;OUTROS;2027-12-01;30,21;TELEVENDAS|04 - PRODUTOS REVENDA|OUTROS|DEZ27
04 - PRODUTOS REVENDA;TELEVENDAS;TELEVENDAS;VAREJO;2027-01-01;1833,73;TELEVENDAS|04 - PRODUTOS REVENDA|VAREJO|JAN27
04 - PRODUTOS REVENDA;TELEVENDAS;TELEVENDAS;VAREJO;2027-02-01;1652,86;TELEVENDAS|04 - PRODUTOS REVENDA|VAREJO|FEV27
04 - PRODUTOS REVENDA;TELEVENDAS;TELEVENDAS;VAREJO;2027-03-01;1685,46;TELEVENDAS|04 - PRODUTOS REVENDA|VAREJO|MAR27
04 - PRODUTOS REVENDA;TELEVENDAS;TELEVENDAS;VAREJO;2027-04-01;1838,93;TELEVENDAS|04 - PRODUTOS REVENDA|VAREJO|ABR27
04 - PRODUTOS REVENDA;TELEVENDAS;TELEVENDAS;VAREJO;2027-05-01;1609,59;TELEVENDAS|04 - PRODUTOS REVENDA|VAREJO|MAI27
04 - PRODUTOS REVENDA;TELEVENDAS;TELEVENDAS;VAREJO;2027-06-01;1702,54;TELEVENDAS|04 - PRODUTOS REVENDA|VAREJO|JUN27
04 - PRODUTOS REVENDA;TELEVENDAS;TELEVENDAS;VAREJO;2027-07-01;1801,73;TELEVENDAS|04 - PRODUTOS REVENDA|VAREJO|JUL27
04 - PRODUTOS REVENDA;TELEVENDAS;TELEVENDAS;VAREJO;2027-08-01;1640,06;TELEVENDAS|04 - PRODUTOS REVENDA|VAREJO|AGO27
04 - PRODUTOS REVENDA;TELEVENDAS;TELEVENDAS;VAREJO;2027-09-01;1736,91;TELEVENDAS|04 - PRODUTOS REVENDA|VAREJO|SET27
04 - PRODUTOS REVENDA;TELEVENDAS;TELEVENDAS;VAREJO;2027-10-01;1743,64;TELEVENDAS|04 - PRODUTOS REVENDA|VAREJO|OUT27
04 - PRODUTOS REVENDA;TELEVENDAS;TELEVENDAS;VAREJO;2027-11-01;1757,99;TELEVENDAS|04 - PRODUTOS REVENDA|VAREJO|NOV27
04 - PRODUTOS REVENDA;TELEVENDAS;TELEVENDAS;VAREJO;2027-12-01;1737,79;TELEVENDAS|04 - PRODUTOS REVENDA|VAREJO|DEZ27
29 - PPR;CENTRO OESTE;CO NO;VAREJO;2027-01-01;32,97;CENTRO OESTE|29 - PPR|VAREJO|JAN27
29 - PPR;CENTRO OESTE;CO NO;VAREJO;2027-02-01;32,99;CENTRO OESTE|29 - PPR|VAREJO|FEV27
29 - PPR;CENTRO OESTE;CO NO;VAREJO;2027-03-01;33,02;CENTRO OESTE|29 - PPR|VAREJO|MAR27
29 - PPR;CENTRO OESTE;CO NO;VAREJO;2027-04-01;33,04;CENTRO OESTE|29 - PPR|VAREJO|ABR27
29 - PPR;CENTRO OESTE;CO NO;VAREJO;2027-05-01;33,07;CENTRO OESTE|29 - PPR|VAREJO|MAI27
29 - PPR;CENTRO OESTE;CO NO;VAREJO;2027-06-01;33,10;CENTRO OESTE|29 - PPR|VAREJO|JUN27
29 - PPR;CENTRO OESTE;CO NO;VAREJO;2027-07-01;33,10;CENTRO OESTE|29 - PPR|VAREJO|JUL27
29 - PPR;CENTRO OESTE;CO NO;VAREJO;2027-08-01;33,10;CENTRO OESTE|29 - PPR|VAREJO|AGO27
29 - PPR;CENTRO OESTE;CO NO;VAREJO;2027-09-01;33,10;CENTRO OESTE|29 - PPR|VAREJO|SET27
29 - PPR;CENTRO OESTE;CO NO;VAREJO;2027-10-01;33,10;CENTRO OESTE|29 - PPR|VAREJO|OUT27
29 - PPR;CENTRO OESTE;CO NO;VAREJO;2027-11-01;33,10;CENTRO OESTE|29 - PPR|VAREJO|NOV27
29 - PPR;CENTRO OESTE;CO NO;VAREJO;2027-12-01;33,10;CENTRO OESTE|29 - PPR|VAREJO|DEZ27
29 - PPR;CONSTR CENTRO OESTE;CONSTRUTORA;CONSTRUTORA;2027-01-01;40,41;CONSTR CENTRO OESTE|29 - PPR|CONSTRUTORA|JAN27
29 - PPR;CONSTR CENTRO OESTE;CONSTRUTORA;CONSTRUTORA;2027-02-01;40,41;CONSTR CENTRO OESTE|29 - PPR|CONSTRUTORA|FEV27
29 - PPR;CONSTR CENTRO OESTE;CONSTRUTORA;CONSTRUTORA;2027-03-01;40,41;CONSTR CENTRO OESTE|29 - PPR|CONSTRUTORA|MAR27
29 - PPR;CONSTR CENTRO OESTE;CONSTRUTORA;CONSTRUTORA;2027-04-01;40,41;CONSTR CENTRO OESTE|29 - PPR|CONSTRUTORA|ABR27
29 - PPR;CONSTR CENTRO OESTE;CONSTRUTORA;CONSTRUTORA;2027-05-01;40,41;CONSTR CENTRO OESTE|29 - PPR|CONSTRUTORA|MAI27
29 - PPR;CONSTR CENTRO OESTE;CONSTRUTORA;CONSTRUTORA;2027-06-01;40,41;CONSTR CENTRO OESTE|29 - PPR|CONSTRUTORA|JUN27
29 - PPR;CONSTR CENTRO OESTE;CONSTRUTORA;CONSTRUTORA;2027-07-01;40,41;CONSTR CENTRO OESTE|29 - PPR|CONSTRUTORA|JUL27
29 - PPR;CONSTR CENTRO OESTE;CONSTRUTORA;CONSTRUTORA;2027-08-01;40,41;CONSTR CENTRO OESTE|29 - PPR|CONSTRUTORA|AGO27
29 - PPR;CONSTR CENTRO OESTE;CONSTRUTORA;CONSTRUTORA;2027-09-01;40,41;CONSTR CENTRO OESTE|29 - PPR|CONSTRUTORA|SET27
29 - PPR;CONSTR CENTRO OESTE;CONSTRUTORA;CONSTRUTORA;2027-10-01;40,41;CONSTR CENTRO OESTE|29 - PPR|CONSTRUTORA|OUT27
29 - PPR;CONSTR CENTRO OESTE;CONSTRUTORA;CONSTRUTORA;2027-11-01;40,41;CONSTR CENTRO OESTE|29 - PPR|CONSTRUTORA|NOV27
29 - PPR;CONSTR CENTRO OESTE;CONSTRUTORA;CONSTRUTORA;2027-12-01;40,41;CONSTR CENTRO OESTE|29 - PPR|CONSTRUTORA|DEZ27
29 - PPR;CONSTR NORDESTE;CONSTRUTORA;CONSTRUTORA;2027-01-01;6215,87;CONSTR NORDESTE|29 - PPR|CONSTRUTORA|JAN27
29 - PPR;CONSTR NORDESTE;CONSTRUTORA;CONSTRUTORA;2027-02-01;6329,39;CONSTR NORDESTE|29 - PPR|CONSTRUTORA|FEV27
29 - PPR;CONSTR NORDESTE;CONSTRUTORA;CONSTRUTORA;2027-03-01;6483,25;CONSTR NORDESTE|29 - PPR|CONSTRUTORA|MAR27
29 - PPR;CONSTR NORDESTE;CONSTRUTORA;CONSTRUTORA;2027-04-01;6270,16;CONSTR NORDESTE|29 - PPR|CONSTRUTORA|ABR27
29 - PPR;CONSTR NORDESTE;CONSTRUTORA;CONSTRUTORA;2027-05-01;6356,21;CONSTR NORDESTE|29 - PPR|CONSTRUTORA|MAI27
29 - PPR;CONSTR NORDESTE;CONSTRUTORA;CONSTRUTORA;2027-06-01;6500,18;CONSTR NORDESTE|29 - PPR|CONSTRUTORA|JUN27
29 - PPR;CONSTR NORDESTE;CONSTRUTORA;CONSTRUTORA;2027-07-01;6535,66;CONSTR NORDESTE|29 - PPR|CONSTRUTORA|JUL27
29 - PPR;CONSTR NORDESTE;CONSTRUTORA;CONSTRUTORA;2027-08-01;6716,68;CONSTR NORDESTE|29 - PPR|CONSTRUTORA|AGO27
29 - PPR;CONSTR NORDESTE;CONSTRUTORA;CONSTRUTORA;2027-09-01;6880,52;CONSTR NORDESTE|29 - PPR|CONSTRUTORA|SET27
29 - PPR;CONSTR NORDESTE;CONSTRUTORA;CONSTRUTORA;2027-10-01;6898,23;CONSTR NORDESTE|29 - PPR|CONSTRUTORA|OUT27
29 - PPR;CONSTR NORDESTE;CONSTRUTORA;CONSTRUTORA;2027-11-01;7096,44;CONSTR NORDESTE|29 - PPR|CONSTRUTORA|NOV27
29 - PPR;CONSTR NORDESTE;CONSTRUTORA;CONSTRUTORA;2027-12-01;7390,43;CONSTR NORDESTE|29 - PPR|CONSTRUTORA|DEZ27
29 - PPR;CONSTR NORDESTE;CONSTRUTORA;OUTROS;2027-01-01;20,77;CONSTR NORDESTE|29 - PPR|OUTROS|JAN27
29 - PPR;CONSTR NORDESTE;CONSTRUTORA;OUTROS;2027-02-01;23,31;CONSTR NORDESTE|29 - PPR|OUTROS|FEV27
29 - PPR;CONSTR NORDESTE;CONSTRUTORA;OUTROS;2027-03-01;22,00;CONSTR NORDESTE|29 - PPR|OUTROS|MAR27
29 - PPR;CONSTR NORDESTE;CONSTRUTORA;OUTROS;2027-04-01;22,92;CONSTR NORDESTE|29 - PPR|OUTROS|ABR27
29 - PPR;CONSTR NORDESTE;CONSTRUTORA;OUTROS;2027-05-01;22,94;CONSTR NORDESTE|29 - PPR|OUTROS|MAI27
29 - PPR;CONSTR NORDESTE;CONSTRUTORA;OUTROS;2027-06-01;24,33;CONSTR NORDESTE|29 - PPR|OUTROS|JUN27
29 - PPR;CONSTR NORDESTE;CONSTRUTORA;OUTROS;2027-07-01;22,63;CONSTR NORDESTE|29 - PPR|OUTROS|JUL27
29 - PPR;CONSTR NORDESTE;CONSTRUTORA;OUTROS;2027-08-01;23,15;CONSTR NORDESTE|29 - PPR|OUTROS|AGO27
29 - PPR;CONSTR NORDESTE;CONSTRUTORA;OUTROS;2027-09-01;24,30;CONSTR NORDESTE|29 - PPR|OUTROS|SET27
29 - PPR;CONSTR NORDESTE;CONSTRUTORA;OUTROS;2027-10-01;24,18;CONSTR NORDESTE|29 - PPR|OUTROS|OUT27
29 - PPR;CONSTR NORDESTE;CONSTRUTORA;OUTROS;2027-11-01;24,51;CONSTR NORDESTE|29 - PPR|OUTROS|NOV27
29 - PPR;CONSTR NORDESTE;CONSTRUTORA;OUTROS;2027-12-01;24,81;CONSTR NORDESTE|29 - PPR|OUTROS|DEZ27
29 - PPR;CONSTR NORTE;CONSTRUTORA;CONSTRUTORA;2027-01-01;6,27;CONSTR NORTE|29 - PPR|CONSTRUTORA|JAN27
29 - PPR;CONSTR NORTE;CONSTRUTORA;CONSTRUTORA;2027-02-01;6,27;CONSTR NORTE|29 - PPR|CONSTRUTORA|FEV27
29 - PPR;CONSTR NORTE;CONSTRUTORA;CONSTRUTORA;2027-03-01;6,27;CONSTR NORTE|29 - PPR|CONSTRUTORA|MAR27
29 - PPR;CONSTR NORTE;CONSTRUTORA;CONSTRUTORA;2027-04-01;6,27;CONSTR NORTE|29 - PPR|CONSTRUTORA|ABR27
29 - PPR;CONSTR NORTE;CONSTRUTORA;CONSTRUTORA;2027-05-01;6,27;CONSTR NORTE|29 - PPR|CONSTRUTORA|MAI27
29 - PPR;CONSTR NORTE;CONSTRUTORA;CONSTRUTORA;2027-06-01;6,27;CONSTR NORTE|29 - PPR|CONSTRUTORA|JUN27
29 - PPR;CONSTR NORTE;CONSTRUTORA;CONSTRUTORA;2027-07-01;6,27;CONSTR NORTE|29 - PPR|CONSTRUTORA|JUL27
29 - PPR;CONSTR NORTE;CONSTRUTORA;CONSTRUTORA;2027-08-01;6,27;CONSTR NORTE|29 - PPR|CONSTRUTORA|AGO27
29 - PPR;CONSTR NORTE;CONSTRUTORA;CONSTRUTORA;2027-09-01;6,27;CONSTR NORTE|29 - PPR|CONSTRUTORA|SET27
29 - PPR;CONSTR NORTE;CONSTRUTORA;CONSTRUTORA;2027-10-01;6,27;CONSTR NORTE|29 - PPR|CONSTRUTORA|OUT27
29 - PPR;CONSTR NORTE;CONSTRUTORA;CONSTRUTORA;2027-11-01;6,27;CONSTR NORTE|29 - PPR|CONSTRUTORA|NOV27
29 - PPR;CONSTR NORTE;CONSTRUTORA;CONSTRUTORA;2027-12-01;6,27;CONSTR NORTE|29 - PPR|CONSTRUTORA|DEZ27
29 - PPR;CONSTR SAO PAULO;CONSTRUTORA;CONSTRUTORA;2027-01-01;386,91;CONSTR SAO PAULO|29 - PPR|CONSTRUTORA|JAN27
29 - PPR;CONSTR SAO PAULO;CONSTRUTORA;CONSTRUTORA;2027-02-01;386,06;CONSTR SAO PAULO|29 - PPR|CONSTRUTORA|FEV27
29 - PPR;CONSTR SAO PAULO;CONSTRUTORA;CONSTRUTORA;2027-03-01;385,21;CONSTR SAO PAULO|29 - PPR|CONSTRUTORA|MAR27
29 - PPR;CONSTR SAO PAULO;CONSTRUTORA;CONSTRUTORA;2027-04-01;384,36;CONSTR SAO PAULO|29 - PPR|CONSTRUTORA|ABR27
29 - PPR;CONSTR SAO PAULO;CONSTRUTORA;CONSTRUTORA;2027-05-01;383,51;CONSTR SAO PAULO|29 - PPR|CONSTRUTORA|MAI27
29 - PPR;CONSTR SAO PAULO;CONSTRUTORA;CONSTRUTORA;2027-06-01;382,65;CONSTR SAO PAULO|29 - PPR|CONSTRUTORA|JUN27
29 - PPR;CONSTR SAO PAULO;CONSTRUTORA;CONSTRUTORA;2027-07-01;381,81;CONSTR SAO PAULO|29 - PPR|CONSTRUTORA|JUL27
29 - PPR;CONSTR SAO PAULO;CONSTRUTORA;CONSTRUTORA;2027-08-01;380,95;CONSTR SAO PAULO|29 - PPR|CONSTRUTORA|AGO27
29 - PPR;CONSTR SAO PAULO;CONSTRUTORA;CONSTRUTORA;2027-09-01;380,10;CONSTR SAO PAULO|29 - PPR|CONSTRUTORA|SET27
29 - PPR;CONSTR SAO PAULO;CONSTRUTORA;CONSTRUTORA;2027-10-01;379,25;CONSTR SAO PAULO|29 - PPR|CONSTRUTORA|OUT27
29 - PPR;CONSTR SAO PAULO;CONSTRUTORA;CONSTRUTORA;2027-11-01;378,40;CONSTR SAO PAULO|29 - PPR|CONSTRUTORA|NOV27
29 - PPR;CONSTR SAO PAULO;CONSTRUTORA;CONSTRUTORA;2027-12-01;377,55;CONSTR SAO PAULO|29 - PPR|CONSTRUTORA|DEZ27
29 - PPR;CONSTR SUDESTE;CONSTRUTORA;CONSTRUTORA;2027-01-01;234,06;CONSTR SUDESTE|29 - PPR|CONSTRUTORA|JAN27
29 - PPR;CONSTR SUDESTE;CONSTRUTORA;CONSTRUTORA;2027-02-01;210,00;CONSTR SUDESTE|29 - PPR|CONSTRUTORA|FEV27
29 - PPR;CONSTR SUDESTE;CONSTRUTORA;CONSTRUTORA;2027-03-01;213,20;CONSTR SUDESTE|29 - PPR|CONSTRUTORA|MAR27
29 - PPR;CONSTR SUDESTE;CONSTRUTORA;CONSTRUTORA;2027-04-01;234,98;CONSTR SUDESTE|29 - PPR|CONSTRUTORA|ABR27
29 - PPR;CONSTR SUDESTE;CONSTRUTORA;CONSTRUTORA;2027-05-01;210,32;CONSTR SUDESTE|29 - PPR|CONSTRUTORA|MAI27
29 - PPR;CONSTR SUDESTE;CONSTRUTORA;CONSTRUTORA;2027-06-01;213,96;CONSTR SUDESTE|29 - PPR|CONSTRUTORA|JUN27
29 - PPR;CONSTR SUDESTE;CONSTRUTORA;CONSTRUTORA;2027-07-01;211,91;CONSTR SUDESTE|29 - PPR|CONSTRUTORA|JUL27
29 - PPR;CONSTR SUDESTE;CONSTRUTORA;CONSTRUTORA;2027-08-01;211,57;CONSTR SUDESTE|29 - PPR|CONSTRUTORA|AGO27
29 - PPR;CONSTR SUDESTE;CONSTRUTORA;CONSTRUTORA;2027-09-01;255,74;CONSTR SUDESTE|29 - PPR|CONSTRUTORA|SET27
29 - PPR;CONSTR SUDESTE;CONSTRUTORA;CONSTRUTORA;2027-10-01;211,05;CONSTR SUDESTE|29 - PPR|CONSTRUTORA|OUT27
29 - PPR;CONSTR SUDESTE;CONSTRUTORA;CONSTRUTORA;2027-11-01;226,31;CONSTR SUDESTE|29 - PPR|CONSTRUTORA|NOV27
29 - PPR;CONSTR SUDESTE;CONSTRUTORA;CONSTRUTORA;2027-12-01;208,12;CONSTR SUDESTE|29 - PPR|CONSTRUTORA|DEZ27
29 - PPR;CONSTR SUL;CONSTRUTORA;CONSTRUTORA;2027-01-01;7165,74;CONSTR SUL|29 - PPR|CONSTRUTORA|JAN27
29 - PPR;CONSTR SUL;CONSTRUTORA;CONSTRUTORA;2027-02-01;7477,44;CONSTR SUL|29 - PPR|CONSTRUTORA|FEV27
29 - PPR;CONSTR SUL;CONSTRUTORA;CONSTRUTORA;2027-03-01;7696,43;CONSTR SUL|29 - PPR|CONSTRUTORA|MAR27
29 - PPR;CONSTR SUL;CONSTRUTORA;CONSTRUTORA;2027-04-01;7571,34;CONSTR SUL|29 - PPR|CONSTRUTORA|ABR27
29 - PPR;CONSTR SUL;CONSTRUTORA;CONSTRUTORA;2027-05-01;7095,50;CONSTR SUL|29 - PPR|CONSTRUTORA|MAI27
29 - PPR;CONSTR SUL;CONSTRUTORA;CONSTRUTORA;2027-06-01;7000,25;CONSTR SUL|29 - PPR|CONSTRUTORA|JUN27
29 - PPR;CONSTR SUL;CONSTRUTORA;CONSTRUTORA;2027-07-01;6592,04;CONSTR SUL|29 - PPR|CONSTRUTORA|JUL27
29 - PPR;CONSTR SUL;CONSTRUTORA;CONSTRUTORA;2027-08-01;6858,48;CONSTR SUL|29 - PPR|CONSTRUTORA|AGO27
29 - PPR;CONSTR SUL;CONSTRUTORA;CONSTRUTORA;2027-09-01;6757,49;CONSTR SUL|29 - PPR|CONSTRUTORA|SET27
29 - PPR;CONSTR SUL;CONSTRUTORA;CONSTRUTORA;2027-10-01;6714,59;CONSTR SUL|29 - PPR|CONSTRUTORA|OUT27
29 - PPR;CONSTR SUL;CONSTRUTORA;CONSTRUTORA;2027-11-01;6814,65;CONSTR SUL|29 - PPR|CONSTRUTORA|NOV27
29 - PPR;CONSTR SUL;CONSTRUTORA;CONSTRUTORA;2027-12-01;7538,61;CONSTR SUL|29 - PPR|CONSTRUTORA|DEZ27
29 - PPR;IRRIGACAO 1;IRRIGACAO;IRRIGACAO;2027-01-01;2,86;IRRIGACAO 1|29 - PPR|IRRIGACAO|JAN27
29 - PPR;IRRIGACAO 1;IRRIGACAO;IRRIGACAO;2027-02-01;2,86;IRRIGACAO 1|29 - PPR|IRRIGACAO|FEV27
29 - PPR;IRRIGACAO 1;IRRIGACAO;IRRIGACAO;2027-03-01;2,86;IRRIGACAO 1|29 - PPR|IRRIGACAO|MAR27
29 - PPR;IRRIGACAO 1;IRRIGACAO;IRRIGACAO;2027-04-01;2,86;IRRIGACAO 1|29 - PPR|IRRIGACAO|ABR27
29 - PPR;IRRIGACAO 1;IRRIGACAO;IRRIGACAO;2027-05-01;2,86;IRRIGACAO 1|29 - PPR|IRRIGACAO|MAI27
29 - PPR;IRRIGACAO 1;IRRIGACAO;IRRIGACAO;2027-06-01;2,86;IRRIGACAO 1|29 - PPR|IRRIGACAO|JUN27
29 - PPR;IRRIGACAO 1;IRRIGACAO;IRRIGACAO;2027-07-01;2,86;IRRIGACAO 1|29 - PPR|IRRIGACAO|JUL27
29 - PPR;IRRIGACAO 1;IRRIGACAO;IRRIGACAO;2027-08-01;2,86;IRRIGACAO 1|29 - PPR|IRRIGACAO|AGO27
29 - PPR;IRRIGACAO 1;IRRIGACAO;IRRIGACAO;2027-09-01;2,86;IRRIGACAO 1|29 - PPR|IRRIGACAO|SET27
29 - PPR;IRRIGACAO 1;IRRIGACAO;IRRIGACAO;2027-10-01;2,86;IRRIGACAO 1|29 - PPR|IRRIGACAO|OUT27
29 - PPR;IRRIGACAO 1;IRRIGACAO;IRRIGACAO;2027-11-01;2,86;IRRIGACAO 1|29 - PPR|IRRIGACAO|NOV27
29 - PPR;IRRIGACAO 1;IRRIGACAO;IRRIGACAO;2027-12-01;2,86;IRRIGACAO 1|29 - PPR|IRRIGACAO|DEZ27
29 - PPR;MINAS GERAIS;MINAS RJ/ES;VAREJO;2027-01-01;9,56;MINAS GERAIS|29 - PPR|VAREJO|JAN27
29 - PPR;MINAS GERAIS;MINAS RJ/ES;VAREJO;2027-02-01;9,56;MINAS GERAIS|29 - PPR|VAREJO|FEV27
29 - PPR;MINAS GERAIS;MINAS RJ/ES;VAREJO;2027-03-01;9,56;MINAS GERAIS|29 - PPR|VAREJO|MAR27
29 - PPR;MINAS GERAIS;MINAS RJ/ES;VAREJO;2027-04-01;9,56;MINAS GERAIS|29 - PPR|VAREJO|ABR27
29 - PPR;MINAS GERAIS;MINAS RJ/ES;VAREJO;2027-05-01;9,56;MINAS GERAIS|29 - PPR|VAREJO|MAI27
29 - PPR;MINAS GERAIS;MINAS RJ/ES;VAREJO;2027-06-01;9,56;MINAS GERAIS|29 - PPR|VAREJO|JUN27
29 - PPR;MINAS GERAIS;MINAS RJ/ES;VAREJO;2027-07-01;9,56;MINAS GERAIS|29 - PPR|VAREJO|JUL27
29 - PPR;MINAS GERAIS;MINAS RJ/ES;VAREJO;2027-08-01;9,56;MINAS GERAIS|29 - PPR|VAREJO|AGO27
29 - PPR;MINAS GERAIS;MINAS RJ/ES;VAREJO;2027-09-01;9,56;MINAS GERAIS|29 - PPR|VAREJO|SET27
29 - PPR;MINAS GERAIS;MINAS RJ/ES;VAREJO;2027-10-01;9,56;MINAS GERAIS|29 - PPR|VAREJO|OUT27
29 - PPR;MINAS GERAIS;MINAS RJ/ES;VAREJO;2027-11-01;9,56;MINAS GERAIS|29 - PPR|VAREJO|NOV27
29 - PPR;MINAS GERAIS;MINAS RJ/ES;VAREJO;2027-12-01;9,56;MINAS GERAIS|29 - PPR|VAREJO|DEZ27
29 - PPR;NORDESTE 1;NORDESTE;VAREJO;2027-01-01;1,85;NORDESTE 1|29 - PPR|VAREJO|JAN27
29 - PPR;NORDESTE 1;NORDESTE;VAREJO;2027-02-01;1,85;NORDESTE 1|29 - PPR|VAREJO|FEV27
29 - PPR;NORDESTE 1;NORDESTE;VAREJO;2027-03-01;1,85;NORDESTE 1|29 - PPR|VAREJO|MAR27
29 - PPR;NORDESTE 1;NORDESTE;VAREJO;2027-04-01;1,85;NORDESTE 1|29 - PPR|VAREJO|ABR27
29 - PPR;NORDESTE 1;NORDESTE;VAREJO;2027-05-01;1,85;NORDESTE 1|29 - PPR|VAREJO|MAI27
29 - PPR;NORDESTE 1;NORDESTE;VAREJO;2027-06-01;1,85;NORDESTE 1|29 - PPR|VAREJO|JUN27
29 - PPR;NORDESTE 1;NORDESTE;VAREJO;2027-07-01;1,85;NORDESTE 1|29 - PPR|VAREJO|JUL27
29 - PPR;NORDESTE 1;NORDESTE;VAREJO;2027-08-01;1,85;NORDESTE 1|29 - PPR|VAREJO|AGO27
29 - PPR;NORDESTE 1;NORDESTE;VAREJO;2027-09-01;1,85;NORDESTE 1|29 - PPR|VAREJO|SET27
29 - PPR;NORDESTE 1;NORDESTE;VAREJO;2027-10-01;1,85;NORDESTE 1|29 - PPR|VAREJO|OUT27
29 - PPR;NORDESTE 1;NORDESTE;VAREJO;2027-11-01;1,85;NORDESTE 1|29 - PPR|VAREJO|NOV27
29 - PPR;NORDESTE 1;NORDESTE;VAREJO;2027-12-01;1,85;NORDESTE 1|29 - PPR|VAREJO|DEZ27
29 - PPR;NORDESTE 2;NORDESTE;VAREJO;2027-01-01;0,12;NORDESTE 2|29 - PPR|VAREJO|JAN27
29 - PPR;NORDESTE 2;NORDESTE;VAREJO;2027-02-01;0,12;NORDESTE 2|29 - PPR|VAREJO|FEV27
29 - PPR;NORDESTE 2;NORDESTE;VAREJO;2027-03-01;0,12;NORDESTE 2|29 - PPR|VAREJO|MAR27
29 - PPR;NORDESTE 2;NORDESTE;VAREJO;2027-04-01;0,12;NORDESTE 2|29 - PPR|VAREJO|ABR27
29 - PPR;NORDESTE 2;NORDESTE;VAREJO;2027-05-01;0,12;NORDESTE 2|29 - PPR|VAREJO|MAI27
29 - PPR;NORDESTE 2;NORDESTE;VAREJO;2027-06-01;0,12;NORDESTE 2|29 - PPR|VAREJO|JUN27
29 - PPR;NORDESTE 2;NORDESTE;VAREJO;2027-07-01;0,12;NORDESTE 2|29 - PPR|VAREJO|JUL27
29 - PPR;NORDESTE 2;NORDESTE;VAREJO;2027-08-01;0,12;NORDESTE 2|29 - PPR|VAREJO|AGO27
29 - PPR;NORDESTE 2;NORDESTE;VAREJO;2027-09-01;0,12;NORDESTE 2|29 - PPR|VAREJO|SET27
29 - PPR;NORDESTE 2;NORDESTE;VAREJO;2027-10-01;0,12;NORDESTE 2|29 - PPR|VAREJO|OUT27
29 - PPR;NORDESTE 2;NORDESTE;VAREJO;2027-11-01;0,12;NORDESTE 2|29 - PPR|VAREJO|NOV27
29 - PPR;NORDESTE 2;NORDESTE;VAREJO;2027-12-01;0,12;NORDESTE 2|29 - PPR|VAREJO|DEZ27
29 - PPR;NORDESTE 3;NORDESTE;ATACADO;2027-01-01;0,03;NORDESTE 3|29 - PPR|ATACADO|JAN27
29 - PPR;NORDESTE 3;NORDESTE;ATACADO;2027-02-01;0,03;NORDESTE 3|29 - PPR|ATACADO|FEV27
29 - PPR;NORDESTE 3;NORDESTE;ATACADO;2027-03-01;0,03;NORDESTE 3|29 - PPR|ATACADO|MAR27
29 - PPR;NORDESTE 3;NORDESTE;ATACADO;2027-04-01;0,03;NORDESTE 3|29 - PPR|ATACADO|ABR27
29 - PPR;NORDESTE 3;NORDESTE;ATACADO;2027-05-01;0,03;NORDESTE 3|29 - PPR|ATACADO|MAI27
29 - PPR;NORDESTE 3;NORDESTE;ATACADO;2027-06-01;0,03;NORDESTE 3|29 - PPR|ATACADO|JUN27
29 - PPR;NORDESTE 3;NORDESTE;ATACADO;2027-07-01;0,03;NORDESTE 3|29 - PPR|ATACADO|JUL27
29 - PPR;NORDESTE 3;NORDESTE;ATACADO;2027-08-01;0,03;NORDESTE 3|29 - PPR|ATACADO|AGO27
29 - PPR;NORDESTE 3;NORDESTE;ATACADO;2027-09-01;0,03;NORDESTE 3|29 - PPR|ATACADO|SET27
29 - PPR;NORDESTE 3;NORDESTE;ATACADO;2027-10-01;0,03;NORDESTE 3|29 - PPR|ATACADO|OUT27
29 - PPR;NORDESTE 3;NORDESTE;ATACADO;2027-11-01;0,03;NORDESTE 3|29 - PPR|ATACADO|NOV27
29 - PPR;NORDESTE 3;NORDESTE;ATACADO;2027-12-01;0,03;NORDESTE 3|29 - PPR|ATACADO|DEZ27
29 - PPR;NORDESTE 3;NORDESTE;OUTROS;2027-01-01;2,75;NORDESTE 3|29 - PPR|OUTROS|JAN27
29 - PPR;NORDESTE 3;NORDESTE;OUTROS;2027-02-01;2,75;NORDESTE 3|29 - PPR|OUTROS|FEV27
29 - PPR;NORDESTE 3;NORDESTE;OUTROS;2027-03-01;2,75;NORDESTE 3|29 - PPR|OUTROS|MAR27
29 - PPR;NORDESTE 3;NORDESTE;OUTROS;2027-04-01;2,75;NORDESTE 3|29 - PPR|OUTROS|ABR27
29 - PPR;NORDESTE 3;NORDESTE;OUTROS;2027-05-01;2,75;NORDESTE 3|29 - PPR|OUTROS|MAI27
29 - PPR;NORDESTE 3;NORDESTE;OUTROS;2027-06-01;2,75;NORDESTE 3|29 - PPR|OUTROS|JUN27
29 - PPR;NORDESTE 3;NORDESTE;OUTROS;2027-07-01;2,75;NORDESTE 3|29 - PPR|OUTROS|JUL27
29 - PPR;NORDESTE 3;NORDESTE;OUTROS;2027-08-01;2,75;NORDESTE 3|29 - PPR|OUTROS|AGO27
29 - PPR;NORDESTE 3;NORDESTE;OUTROS;2027-09-01;2,75;NORDESTE 3|29 - PPR|OUTROS|SET27
29 - PPR;NORDESTE 3;NORDESTE;OUTROS;2027-10-01;2,75;NORDESTE 3|29 - PPR|OUTROS|OUT27
29 - PPR;NORDESTE 3;NORDESTE;OUTROS;2027-11-01;2,75;NORDESTE 3|29 - PPR|OUTROS|NOV27
29 - PPR;NORDESTE 3;NORDESTE;OUTROS;2027-12-01;2,75;NORDESTE 3|29 - PPR|OUTROS|DEZ27
29 - PPR;NORDESTE 3;NORDESTE;VAREJO;2027-01-01;1,98;NORDESTE 3|29 - PPR|VAREJO|JAN27
29 - PPR;NORDESTE 3;NORDESTE;VAREJO;2027-02-01;1,98;NORDESTE 3|29 - PPR|VAREJO|FEV27
29 - PPR;NORDESTE 3;NORDESTE;VAREJO;2027-03-01;1,98;NORDESTE 3|29 - PPR|VAREJO|MAR27
29 - PPR;NORDESTE 3;NORDESTE;VAREJO;2027-04-01;1,98;NORDESTE 3|29 - PPR|VAREJO|ABR27
29 - PPR;NORDESTE 3;NORDESTE;VAREJO;2027-05-01;1,98;NORDESTE 3|29 - PPR|VAREJO|MAI27
29 - PPR;NORDESTE 3;NORDESTE;VAREJO;2027-06-01;1,98;NORDESTE 3|29 - PPR|VAREJO|JUN27
29 - PPR;NORDESTE 3;NORDESTE;VAREJO;2027-07-01;1,98;NORDESTE 3|29 - PPR|VAREJO|JUL27
29 - PPR;NORDESTE 3;NORDESTE;VAREJO;2027-08-01;1,98;NORDESTE 3|29 - PPR|VAREJO|AGO27
29 - PPR;NORDESTE 3;NORDESTE;VAREJO;2027-09-01;1,98;NORDESTE 3|29 - PPR|VAREJO|SET27
29 - PPR;NORDESTE 3;NORDESTE;VAREJO;2027-10-01;1,98;NORDESTE 3|29 - PPR|VAREJO|OUT27
29 - PPR;NORDESTE 3;NORDESTE;VAREJO;2027-11-01;1,98;NORDESTE 3|29 - PPR|VAREJO|NOV27
29 - PPR;NORDESTE 3;NORDESTE;VAREJO;2027-12-01;1,98;NORDESTE 3|29 - PPR|VAREJO|DEZ27
29 - PPR;NORTE;CO NO;VAREJO;2027-01-01;0,20;NORTE|29 - PPR|VAREJO|JAN27
29 - PPR;NORTE;CO NO;VAREJO;2027-02-01;0,20;NORTE|29 - PPR|VAREJO|FEV27
29 - PPR;NORTE;CO NO;VAREJO;2027-03-01;0,20;NORTE|29 - PPR|VAREJO|MAR27
29 - PPR;NORTE;CO NO;VAREJO;2027-04-01;0,20;NORTE|29 - PPR|VAREJO|ABR27
29 - PPR;NORTE;CO NO;VAREJO;2027-05-01;0,20;NORTE|29 - PPR|VAREJO|MAI27
29 - PPR;NORTE;CO NO;VAREJO;2027-06-01;0,20;NORTE|29 - PPR|VAREJO|JUN27
29 - PPR;NORTE;CO NO;VAREJO;2027-07-01;0,20;NORTE|29 - PPR|VAREJO|JUL27
29 - PPR;NORTE;CO NO;VAREJO;2027-08-01;0,20;NORTE|29 - PPR|VAREJO|AGO27
29 - PPR;NORTE;CO NO;VAREJO;2027-09-01;0,20;NORTE|29 - PPR|VAREJO|SET27
29 - PPR;NORTE;CO NO;VAREJO;2027-10-01;0,20;NORTE|29 - PPR|VAREJO|OUT27
29 - PPR;NORTE;CO NO;VAREJO;2027-11-01;0,20;NORTE|29 - PPR|VAREJO|NOV27
29 - PPR;NORTE;CO NO;VAREJO;2027-12-01;0,20;NORTE|29 - PPR|VAREJO|DEZ27
29 - PPR;PARANA;SUL;ATACADO;2027-01-01;38,05;PARANA|29 - PPR|ATACADO|JAN27
29 - PPR;PARANA;SUL;ATACADO;2027-02-01;41,07;PARANA|29 - PPR|ATACADO|FEV27
29 - PPR;PARANA;SUL;ATACADO;2027-03-01;43,14;PARANA|29 - PPR|ATACADO|MAR27
29 - PPR;PARANA;SUL;ATACADO;2027-04-01;42,12;PARANA|29 - PPR|ATACADO|ABR27
29 - PPR;PARANA;SUL;ATACADO;2027-05-01;39,32;PARANA|29 - PPR|ATACADO|MAI27
29 - PPR;PARANA;SUL;ATACADO;2027-06-01;38,82;PARANA|29 - PPR|ATACADO|JUN27
29 - PPR;PARANA;SUL;ATACADO;2027-07-01;43,36;PARANA|29 - PPR|ATACADO|JUL27
29 - PPR;PARANA;SUL;ATACADO;2027-08-01;38,61;PARANA|29 - PPR|ATACADO|AGO27
29 - PPR;PARANA;SUL;ATACADO;2027-09-01;39,99;PARANA|29 - PPR|ATACADO|SET27
29 - PPR;PARANA;SUL;ATACADO;2027-10-01;40,48;PARANA|29 - PPR|ATACADO|OUT27
29 - PPR;PARANA;SUL;ATACADO;2027-11-01;38,56;PARANA|29 - PPR|ATACADO|NOV27
29 - PPR;PARANA;SUL;ATACADO;2027-12-01;41,73;PARANA|29 - PPR|ATACADO|DEZ27
29 - PPR;PARANA;SUL;VAREJO;2027-01-01;166,95;PARANA|29 - PPR|VAREJO|JAN27
29 - PPR;PARANA;SUL;VAREJO;2027-02-01;176,55;PARANA|29 - PPR|VAREJO|FEV27
29 - PPR;PARANA;SUL;VAREJO;2027-03-01;182,70;PARANA|29 - PPR|VAREJO|MAR27
29 - PPR;PARANA;SUL;VAREJO;2027-04-01;185,45;PARANA|29 - PPR|VAREJO|ABR27
29 - PPR;PARANA;SUL;VAREJO;2027-05-01;166,25;PARANA|29 - PPR|VAREJO|MAI27
29 - PPR;PARANA;SUL;VAREJO;2027-06-01;167,39;PARANA|29 - PPR|VAREJO|JUN27
29 - PPR;PARANA;SUL;VAREJO;2027-07-01;188,30;PARANA|29 - PPR|VAREJO|JUL27
29 - PPR;PARANA;SUL;VAREJO;2027-08-01;172,67;PARANA|29 - PPR|VAREJO|AGO27
29 - PPR;PARANA;SUL;VAREJO;2027-09-01;178,15;PARANA|29 - PPR|VAREJO|SET27
29 - PPR;PARANA;SUL;VAREJO;2027-10-01;176,34;PARANA|29 - PPR|VAREJO|OUT27
29 - PPR;PARANA;SUL;VAREJO;2027-11-01;165,57;PARANA|29 - PPR|VAREJO|NOV27
29 - PPR;PARANA;SUL;VAREJO;2027-12-01;179,36;PARANA|29 - PPR|VAREJO|DEZ27
29 - PPR;RIO GRANDE DO SUL;SUL;ATACADO;2027-01-01;989,62;RIO GRANDE DO SUL|29 - PPR|ATACADO|JAN27
29 - PPR;RIO GRANDE DO SUL;SUL;ATACADO;2027-02-01;1001,41;RIO GRANDE DO SUL|29 - PPR|ATACADO|FEV27
29 - PPR;RIO GRANDE DO SUL;SUL;ATACADO;2027-03-01;1001,35;RIO GRANDE DO SUL|29 - PPR|ATACADO|MAR27
29 - PPR;RIO GRANDE DO SUL;SUL;ATACADO;2027-04-01;1016,63;RIO GRANDE DO SUL|29 - PPR|ATACADO|ABR27
29 - PPR;RIO GRANDE DO SUL;SUL;ATACADO;2027-05-01;1007,40;RIO GRANDE DO SUL|29 - PPR|ATACADO|MAI27
29 - PPR;RIO GRANDE DO SUL;SUL;ATACADO;2027-06-01;1012,02;RIO GRANDE DO SUL|29 - PPR|ATACADO|JUN27
29 - PPR;RIO GRANDE DO SUL;SUL;ATACADO;2027-07-01;1022,29;RIO GRANDE DO SUL|29 - PPR|ATACADO|JUL27
29 - PPR;RIO GRANDE DO SUL;SUL;ATACADO;2027-08-01;1022,43;RIO GRANDE DO SUL|29 - PPR|ATACADO|AGO27
29 - PPR;RIO GRANDE DO SUL;SUL;ATACADO;2027-09-01;1026,65;RIO GRANDE DO SUL|29 - PPR|ATACADO|SET27
29 - PPR;RIO GRANDE DO SUL;SUL;ATACADO;2027-10-01;1032,40;RIO GRANDE DO SUL|29 - PPR|ATACADO|OUT27
29 - PPR;RIO GRANDE DO SUL;SUL;ATACADO;2027-11-01;1038,82;RIO GRANDE DO SUL|29 - PPR|ATACADO|NOV27
29 - PPR;RIO GRANDE DO SUL;SUL;ATACADO;2027-12-01;1045,90;RIO GRANDE DO SUL|29 - PPR|ATACADO|DEZ27
29 - PPR;RIO GRANDE DO SUL;SUL;OUTROS;2027-01-01;27,60;RIO GRANDE DO SUL|29 - PPR|OUTROS|JAN27
29 - PPR;RIO GRANDE DO SUL;SUL;OUTROS;2027-02-01;29,45;RIO GRANDE DO SUL|29 - PPR|OUTROS|FEV27
29 - PPR;RIO GRANDE DO SUL;SUL;OUTROS;2027-03-01;24,72;RIO GRANDE DO SUL|29 - PPR|OUTROS|MAR27
29 - PPR;RIO GRANDE DO SUL;SUL;OUTROS;2027-04-01;28,52;RIO GRANDE DO SUL|29 - PPR|OUTROS|ABR27
29 - PPR;RIO GRANDE DO SUL;SUL;OUTROS;2027-05-01;23,91;RIO GRANDE DO SUL|29 - PPR|OUTROS|MAI27
29 - PPR;RIO GRANDE DO SUL;SUL;OUTROS;2027-06-01;26,04;RIO GRANDE DO SUL|29 - PPR|OUTROS|JUN27
29 - PPR;RIO GRANDE DO SUL;SUL;OUTROS;2027-07-01;24,18;RIO GRANDE DO SUL|29 - PPR|OUTROS|JUL27
29 - PPR;RIO GRANDE DO SUL;SUL;OUTROS;2027-08-01;25,35;RIO GRANDE DO SUL|29 - PPR|OUTROS|AGO27
29 - PPR;RIO GRANDE DO SUL;SUL;OUTROS;2027-09-01;25,66;RIO GRANDE DO SUL|29 - PPR|OUTROS|SET27
29 - PPR;RIO GRANDE DO SUL;SUL;OUTROS;2027-10-01;25,40;RIO GRANDE DO SUL|29 - PPR|OUTROS|OUT27
29 - PPR;RIO GRANDE DO SUL;SUL;OUTROS;2027-11-01;26,19;RIO GRANDE DO SUL|29 - PPR|OUTROS|NOV27
29 - PPR;RIO GRANDE DO SUL;SUL;OUTROS;2027-12-01;24,63;RIO GRANDE DO SUL|29 - PPR|OUTROS|DEZ27
29 - PPR;RIO GRANDE DO SUL;SUL;VAREJO;2027-01-01;1393,26;RIO GRANDE DO SUL|29 - PPR|VAREJO|JAN27
29 - PPR;RIO GRANDE DO SUL;SUL;VAREJO;2027-02-01;1413,48;RIO GRANDE DO SUL|29 - PPR|VAREJO|FEV27
29 - PPR;RIO GRANDE DO SUL;SUL;VAREJO;2027-03-01;1361,74;RIO GRANDE DO SUL|29 - PPR|VAREJO|MAR27
29 - PPR;RIO GRANDE DO SUL;SUL;VAREJO;2027-04-01;1376,86;RIO GRANDE DO SUL|29 - PPR|VAREJO|ABR27
29 - PPR;RIO GRANDE DO SUL;SUL;VAREJO;2027-05-01;1345,39;RIO GRANDE DO SUL|29 - PPR|VAREJO|MAI27
29 - PPR;RIO GRANDE DO SUL;SUL;VAREJO;2027-06-01;1327,72;RIO GRANDE DO SUL|29 - PPR|VAREJO|JUN27
29 - PPR;RIO GRANDE DO SUL;SUL;VAREJO;2027-07-01;1347,60;RIO GRANDE DO SUL|29 - PPR|VAREJO|JUL27
29 - PPR;RIO GRANDE DO SUL;SUL;VAREJO;2027-08-01;1354,50;RIO GRANDE DO SUL|29 - PPR|VAREJO|AGO27
29 - PPR;RIO GRANDE DO SUL;SUL;VAREJO;2027-09-01;1365,89;RIO GRANDE DO SUL|29 - PPR|VAREJO|SET27
29 - PPR;RIO GRANDE DO SUL;SUL;VAREJO;2027-10-01;1360,31;RIO GRANDE DO SUL|29 - PPR|VAREJO|OUT27
29 - PPR;RIO GRANDE DO SUL;SUL;VAREJO;2027-11-01;1415,14;RIO GRANDE DO SUL|29 - PPR|VAREJO|NOV27
29 - PPR;RIO GRANDE DO SUL;SUL;VAREJO;2027-12-01;1378,29;RIO GRANDE DO SUL|29 - PPR|VAREJO|DEZ27
29 - PPR;RJ/ES;MINAS RJ/ES;VAREJO;2027-01-01;0,13;RJ/ES|29 - PPR|VAREJO|JAN27
29 - PPR;RJ/ES;MINAS RJ/ES;VAREJO;2027-02-01;0,13;RJ/ES|29 - PPR|VAREJO|FEV27
29 - PPR;RJ/ES;MINAS RJ/ES;VAREJO;2027-03-01;0,13;RJ/ES|29 - PPR|VAREJO|MAR27
29 - PPR;RJ/ES;MINAS RJ/ES;VAREJO;2027-04-01;0,13;RJ/ES|29 - PPR|VAREJO|ABR27
29 - PPR;RJ/ES;MINAS RJ/ES;VAREJO;2027-05-01;0,13;RJ/ES|29 - PPR|VAREJO|MAI27
29 - PPR;RJ/ES;MINAS RJ/ES;VAREJO;2027-06-01;0,13;RJ/ES|29 - PPR|VAREJO|JUN27
29 - PPR;RJ/ES;MINAS RJ/ES;VAREJO;2027-07-01;0,13;RJ/ES|29 - PPR|VAREJO|JUL27
29 - PPR;RJ/ES;MINAS RJ/ES;VAREJO;2027-08-01;0,13;RJ/ES|29 - PPR|VAREJO|AGO27
29 - PPR;RJ/ES;MINAS RJ/ES;VAREJO;2027-09-01;0,13;RJ/ES|29 - PPR|VAREJO|SET27
29 - PPR;RJ/ES;MINAS RJ/ES;VAREJO;2027-10-01;0,13;RJ/ES|29 - PPR|VAREJO|OUT27
29 - PPR;RJ/ES;MINAS RJ/ES;VAREJO;2027-11-01;0,13;RJ/ES|29 - PPR|VAREJO|NOV27
29 - PPR;RJ/ES;MINAS RJ/ES;VAREJO;2027-12-01;0,13;RJ/ES|29 - PPR|VAREJO|DEZ27
29 - PPR;SANTA CATARINA 01;SUL;ATACADO;2027-01-01;495,57;SANTA CATARINA 01|29 - PPR|ATACADO|JAN27
29 - PPR;SANTA CATARINA 01;SUL;ATACADO;2027-02-01;437,52;SANTA CATARINA 01|29 - PPR|ATACADO|FEV27
29 - PPR;SANTA CATARINA 01;SUL;ATACADO;2027-03-01;464,51;SANTA CATARINA 01|29 - PPR|ATACADO|MAR27
29 - PPR;SANTA CATARINA 01;SUL;ATACADO;2027-04-01;454,04;SANTA CATARINA 01|29 - PPR|ATACADO|ABR27
29 - PPR;SANTA CATARINA 01;SUL;ATACADO;2027-05-01;322,85;SANTA CATARINA 01|29 - PPR|ATACADO|MAI27
29 - PPR;SANTA CATARINA 01;SUL;ATACADO;2027-06-01;421,08;SANTA CATARINA 01|29 - PPR|ATACADO|JUN27
29 - PPR;SANTA CATARINA 01;SUL;ATACADO;2027-07-01;493,48;SANTA CATARINA 01|29 - PPR|ATACADO|JUL27
29 - PPR;SANTA CATARINA 01;SUL;ATACADO;2027-08-01;600,65;SANTA CATARINA 01|29 - PPR|ATACADO|AGO27
29 - PPR;SANTA CATARINA 01;SUL;ATACADO;2027-09-01;520,77;SANTA CATARINA 01|29 - PPR|ATACADO|SET27
29 - PPR;SANTA CATARINA 01;SUL;ATACADO;2027-10-01;696,79;SANTA CATARINA 01|29 - PPR|ATACADO|OUT27
29 - PPR;SANTA CATARINA 01;SUL;ATACADO;2027-11-01;521,84;SANTA CATARINA 01|29 - PPR|ATACADO|NOV27
29 - PPR;SANTA CATARINA 01;SUL;ATACADO;2027-12-01;464,85;SANTA CATARINA 01|29 - PPR|ATACADO|DEZ27
29 - PPR;SANTA CATARINA 01;SUL;VAREJO;2027-01-01;653,27;SANTA CATARINA 01|29 - PPR|VAREJO|JAN27
29 - PPR;SANTA CATARINA 01;SUL;VAREJO;2027-02-01;591,63;SANTA CATARINA 01|29 - PPR|VAREJO|FEV27
29 - PPR;SANTA CATARINA 01;SUL;VAREJO;2027-03-01;622,52;SANTA CATARINA 01|29 - PPR|VAREJO|MAR27
29 - PPR;SANTA CATARINA 01;SUL;VAREJO;2027-04-01;611,07;SANTA CATARINA 01|29 - PPR|VAREJO|ABR27
29 - PPR;SANTA CATARINA 01;SUL;VAREJO;2027-05-01;457,14;SANTA CATARINA 01|29 - PPR|VAREJO|MAI27
29 - PPR;SANTA CATARINA 01;SUL;VAREJO;2027-06-01;583,34;SANTA CATARINA 01|29 - PPR|VAREJO|JUN27
29 - PPR;SANTA CATARINA 01;SUL;VAREJO;2027-07-01;654,10;SANTA CATARINA 01|29 - PPR|VAREJO|JUL27
29 - PPR;SANTA CATARINA 01;SUL;VAREJO;2027-08-01;773,53;SANTA CATARINA 01|29 - PPR|VAREJO|AGO27
29 - PPR;SANTA CATARINA 01;SUL;VAREJO;2027-09-01;673,22;SANTA CATARINA 01|29 - PPR|VAREJO|SET27
29 - PPR;SANTA CATARINA 01;SUL;VAREJO;2027-10-01;899,36;SANTA CATARINA 01|29 - PPR|VAREJO|OUT27
29 - PPR;SANTA CATARINA 01;SUL;VAREJO;2027-11-01;689,38;SANTA CATARINA 01|29 - PPR|VAREJO|NOV27
29 - PPR;SANTA CATARINA 01;SUL;VAREJO;2027-12-01;620,51;SANTA CATARINA 01|29 - PPR|VAREJO|DEZ27
29 - PPR;SANTA CATARINA 02;SUL;ATACADO;2027-01-01;404,30;SANTA CATARINA 02|29 - PPR|ATACADO|JAN27
29 - PPR;SANTA CATARINA 02;SUL;ATACADO;2027-02-01;338,42;SANTA CATARINA 02|29 - PPR|ATACADO|FEV27
29 - PPR;SANTA CATARINA 02;SUL;ATACADO;2027-03-01;395,18;SANTA CATARINA 02|29 - PPR|ATACADO|MAR27
29 - PPR;SANTA CATARINA 02;SUL;ATACADO;2027-04-01;425,63;SANTA CATARINA 02|29 - PPR|ATACADO|ABR27
29 - PPR;SANTA CATARINA 02;SUL;ATACADO;2027-05-01;364,84;SANTA CATARINA 02|29 - PPR|ATACADO|MAI27
29 - PPR;SANTA CATARINA 02;SUL;ATACADO;2027-06-01;314,76;SANTA CATARINA 02|29 - PPR|ATACADO|JUN27
29 - PPR;SANTA CATARINA 02;SUL;ATACADO;2027-07-01;360,37;SANTA CATARINA 02|29 - PPR|ATACADO|JUL27
29 - PPR;SANTA CATARINA 02;SUL;ATACADO;2027-08-01;291,03;SANTA CATARINA 02|29 - PPR|ATACADO|AGO27
29 - PPR;SANTA CATARINA 02;SUL;ATACADO;2027-09-01;371,27;SANTA CATARINA 02|29 - PPR|ATACADO|SET27
29 - PPR;SANTA CATARINA 02;SUL;ATACADO;2027-10-01;299,11;SANTA CATARINA 02|29 - PPR|ATACADO|OUT27
29 - PPR;SANTA CATARINA 02;SUL;ATACADO;2027-11-01;254,69;SANTA CATARINA 02|29 - PPR|ATACADO|NOV27
29 - PPR;SANTA CATARINA 02;SUL;ATACADO;2027-12-01;284,15;SANTA CATARINA 02|29 - PPR|ATACADO|DEZ27
29 - PPR;SANTA CATARINA 02;SUL;VAREJO;2027-01-01;488,60;SANTA CATARINA 02|29 - PPR|VAREJO|JAN27
29 - PPR;SANTA CATARINA 02;SUL;VAREJO;2027-02-01;412,32;SANTA CATARINA 02|29 - PPR|VAREJO|FEV27
29 - PPR;SANTA CATARINA 02;SUL;VAREJO;2027-03-01;499,64;SANTA CATARINA 02|29 - PPR|VAREJO|MAR27
29 - PPR;SANTA CATARINA 02;SUL;VAREJO;2027-04-01;532,68;SANTA CATARINA 02|29 - PPR|VAREJO|ABR27
29 - PPR;SANTA CATARINA 02;SUL;VAREJO;2027-05-01;463,01;SANTA CATARINA 02|29 - PPR|VAREJO|MAI27
29 - PPR;SANTA CATARINA 02;SUL;VAREJO;2027-06-01;379,55;SANTA CATARINA 02|29 - PPR|VAREJO|JUN27
29 - PPR;SANTA CATARINA 02;SUL;VAREJO;2027-07-01;435,81;SANTA CATARINA 02|29 - PPR|VAREJO|JUL27
29 - PPR;SANTA CATARINA 02;SUL;VAREJO;2027-08-01;349,46;SANTA CATARINA 02|29 - PPR|VAREJO|AGO27
29 - PPR;SANTA CATARINA 02;SUL;VAREJO;2027-09-01;456,37;SANTA CATARINA 02|29 - PPR|VAREJO|SET27
29 - PPR;SANTA CATARINA 02;SUL;VAREJO;2027-10-01;350,72;SANTA CATARINA 02|29 - PPR|VAREJO|OUT27
29 - PPR;SANTA CATARINA 02;SUL;VAREJO;2027-11-01;294,40;SANTA CATARINA 02|29 - PPR|VAREJO|NOV27
29 - PPR;SANTA CATARINA 02;SUL;VAREJO;2027-12-01;349,46;SANTA CATARINA 02|29 - PPR|VAREJO|DEZ27
29 - PPR;SAO PAULO CAPITAL;SP;VAREJO;2027-01-01;87,47;SAO PAULO CAPITAL|29 - PPR|VAREJO|JAN27
29 - PPR;SAO PAULO CAPITAL;SP;VAREJO;2027-02-01;75,82;SAO PAULO CAPITAL|29 - PPR|VAREJO|FEV27
29 - PPR;SAO PAULO CAPITAL;SP;VAREJO;2027-03-01;81,80;SAO PAULO CAPITAL|29 - PPR|VAREJO|MAR27
29 - PPR;SAO PAULO CAPITAL;SP;VAREJO;2027-04-01;98,41;SAO PAULO CAPITAL|29 - PPR|VAREJO|ABR27
29 - PPR;SAO PAULO CAPITAL;SP;VAREJO;2027-05-01;87,39;SAO PAULO CAPITAL|29 - PPR|VAREJO|MAI27
29 - PPR;SAO PAULO CAPITAL;SP;VAREJO;2027-06-01;65,65;SAO PAULO CAPITAL|29 - PPR|VAREJO|JUN27
29 - PPR;SAO PAULO CAPITAL;SP;VAREJO;2027-07-01;65,50;SAO PAULO CAPITAL|29 - PPR|VAREJO|JUL27
29 - PPR;SAO PAULO CAPITAL;SP;VAREJO;2027-08-01;81,75;SAO PAULO CAPITAL|29 - PPR|VAREJO|AGO27
29 - PPR;SAO PAULO CAPITAL;SP;VAREJO;2027-09-01;85,72;SAO PAULO CAPITAL|29 - PPR|VAREJO|SET27
29 - PPR;SAO PAULO CAPITAL;SP;VAREJO;2027-10-01;101,04;SAO PAULO CAPITAL|29 - PPR|VAREJO|OUT27
29 - PPR;SAO PAULO CAPITAL;SP;VAREJO;2027-11-01;106,17;SAO PAULO CAPITAL|29 - PPR|VAREJO|NOV27
29 - PPR;SAO PAULO CAPITAL;SP;VAREJO;2027-12-01;82,17;SAO PAULO CAPITAL|29 - PPR|VAREJO|DEZ27
29 - PPR;SAO PAULO INTERIOR;SP;VAREJO;2027-01-01;8,59;SAO PAULO INTERIOR|29 - PPR|VAREJO|JAN27
29 - PPR;SAO PAULO INTERIOR;SP;VAREJO;2027-02-01;8,59;SAO PAULO INTERIOR|29 - PPR|VAREJO|FEV27
29 - PPR;SAO PAULO INTERIOR;SP;VAREJO;2027-03-01;8,59;SAO PAULO INTERIOR|29 - PPR|VAREJO|MAR27
29 - PPR;SAO PAULO INTERIOR;SP;VAREJO;2027-04-01;8,59;SAO PAULO INTERIOR|29 - PPR|VAREJO|ABR27
29 - PPR;SAO PAULO INTERIOR;SP;VAREJO;2027-05-01;8,59;SAO PAULO INTERIOR|29 - PPR|VAREJO|MAI27
29 - PPR;SAO PAULO INTERIOR;SP;VAREJO;2027-06-01;8,59;SAO PAULO INTERIOR|29 - PPR|VAREJO|JUN27
29 - PPR;SAO PAULO INTERIOR;SP;VAREJO;2027-07-01;8,59;SAO PAULO INTERIOR|29 - PPR|VAREJO|JUL27
29 - PPR;SAO PAULO INTERIOR;SP;VAREJO;2027-08-01;8,59;SAO PAULO INTERIOR|29 - PPR|VAREJO|AGO27
29 - PPR;SAO PAULO INTERIOR;SP;VAREJO;2027-09-01;8,59;SAO PAULO INTERIOR|29 - PPR|VAREJO|SET27
29 - PPR;SAO PAULO INTERIOR;SP;VAREJO;2027-10-01;8,59;SAO PAULO INTERIOR|29 - PPR|VAREJO|OUT27
29 - PPR;SAO PAULO INTERIOR;SP;VAREJO;2027-11-01;8,59;SAO PAULO INTERIOR|29 - PPR|VAREJO|NOV27
29 - PPR;SAO PAULO INTERIOR;SP;VAREJO;2027-12-01;8,59;SAO PAULO INTERIOR|29 - PPR|VAREJO|DEZ27
29 - PPR;TELEVENDAS;TELEVENDAS;OUTROS;2027-01-01;4,14;TELEVENDAS|29 - PPR|OUTROS|JAN27
29 - PPR;TELEVENDAS;TELEVENDAS;OUTROS;2027-02-01;4,19;TELEVENDAS|29 - PPR|OUTROS|FEV27
29 - PPR;TELEVENDAS;TELEVENDAS;OUTROS;2027-03-01;4,23;TELEVENDAS|29 - PPR|OUTROS|MAR27
29 - PPR;TELEVENDAS;TELEVENDAS;OUTROS;2027-04-01;4,28;TELEVENDAS|29 - PPR|OUTROS|ABR27
29 - PPR;TELEVENDAS;TELEVENDAS;OUTROS;2027-05-01;4,32;TELEVENDAS|29 - PPR|OUTROS|MAI27
29 - PPR;TELEVENDAS;TELEVENDAS;OUTROS;2027-06-01;4,37;TELEVENDAS|29 - PPR|OUTROS|JUN27
29 - PPR;TELEVENDAS;TELEVENDAS;OUTROS;2027-07-01;4,40;TELEVENDAS|29 - PPR|OUTROS|JUL27
29 - PPR;TELEVENDAS;TELEVENDAS;OUTROS;2027-08-01;4,45;TELEVENDAS|29 - PPR|OUTROS|AGO27
29 - PPR;TELEVENDAS;TELEVENDAS;OUTROS;2027-09-01;4,49;TELEVENDAS|29 - PPR|OUTROS|SET27
29 - PPR;TELEVENDAS;TELEVENDAS;OUTROS;2027-10-01;4,54;TELEVENDAS|29 - PPR|OUTROS|OUT27
29 - PPR;TELEVENDAS;TELEVENDAS;OUTROS;2027-11-01;4,58;TELEVENDAS|29 - PPR|OUTROS|NOV27
29 - PPR;TELEVENDAS;TELEVENDAS;OUTROS;2027-12-01;4,63;TELEVENDAS|29 - PPR|OUTROS|DEZ27
29 - PPR;TELEVENDAS;TELEVENDAS;VAREJO;2027-01-01;151,63;TELEVENDAS|29 - PPR|VAREJO|JAN27
29 - PPR;TELEVENDAS;TELEVENDAS;VAREJO;2027-02-01;154,14;TELEVENDAS|29 - PPR|VAREJO|FEV27
29 - PPR;TELEVENDAS;TELEVENDAS;VAREJO;2027-03-01;130,83;TELEVENDAS|29 - PPR|VAREJO|MAR27
29 - PPR;TELEVENDAS;TELEVENDAS;VAREJO;2027-04-01;147,79;TELEVENDAS|29 - PPR|VAREJO|ABR27
29 - PPR;TELEVENDAS;TELEVENDAS;VAREJO;2027-05-01;140,97;TELEVENDAS|29 - PPR|VAREJO|MAI27
29 - PPR;TELEVENDAS;TELEVENDAS;VAREJO;2027-06-01;160,71;TELEVENDAS|29 - PPR|VAREJO|JUN27
29 - PPR;TELEVENDAS;TELEVENDAS;VAREJO;2027-07-01;48,73;TELEVENDAS|29 - PPR|VAREJO|JUL27
29 - PPR;TELEVENDAS;TELEVENDAS;VAREJO;2027-08-01;45,37;TELEVENDAS|29 - PPR|VAREJO|AGO27
29 - PPR;TELEVENDAS;TELEVENDAS;VAREJO;2027-09-01;50,79;TELEVENDAS|29 - PPR|VAREJO|SET27
29 - PPR;TELEVENDAS;TELEVENDAS;VAREJO;2027-10-01;48,86;TELEVENDAS|29 - PPR|VAREJO|OUT27
29 - PPR;TELEVENDAS;TELEVENDAS;VAREJO;2027-11-01;44,49;TELEVENDAS|29 - PPR|VAREJO|NOV27
29 - PPR;TELEVENDAS;TELEVENDAS;VAREJO;2027-12-01;45,07;TELEVENDAS|29 - PPR|VAREJO|DEZ27
30 - ELETRODUTOS CORRUGADOS KRONA;CENTRO OESTE;CO NO;ATACADO;2027-01-01;76956,20;CENTRO OESTE|30 - ELETRODUTOS CORRUGADOS KRONA|ATACADO|JAN27
30 - ELETRODUTOS CORRUGADOS KRONA;CENTRO OESTE;CO NO;ATACADO;2027-02-01;60676,49;CENTRO OESTE|30 - ELETRODUTOS CORRUGADOS KRONA|ATACADO|FEV27
30 - ELETRODUTOS CORRUGADOS KRONA;CENTRO OESTE;CO NO;ATACADO;2027-03-01;33929,53;CENTRO OESTE|30 - ELETRODUTOS CORRUGADOS KRONA|ATACADO|MAR27
30 - ELETRODUTOS CORRUGADOS KRONA;CENTRO OESTE;CO NO;ATACADO;2027-04-01;70265,90;CENTRO OESTE|30 - ELETRODUTOS CORRUGADOS KRONA|ATACADO|ABR27
30 - ELETRODUTOS CORRUGADOS KRONA;CENTRO OESTE;CO NO;ATACADO;2027-05-01;34540,43;CENTRO OESTE|30 - ELETRODUTOS CORRUGADOS KRONA|ATACADO|MAI27
30 - ELETRODUTOS CORRUGADOS KRONA;CENTRO OESTE;CO NO;ATACADO;2027-06-01;64235,55;CENTRO OESTE|30 - ELETRODUTOS CORRUGADOS KRONA|ATACADO|JUN27
30 - ELETRODUTOS CORRUGADOS KRONA;CENTRO OESTE;CO NO;ATACADO;2027-07-01;76169,07;CENTRO OESTE|30 - ELETRODUTOS CORRUGADOS KRONA|ATACADO|JUL27
30 - ELETRODUTOS CORRUGADOS KRONA;CENTRO OESTE;CO NO;ATACADO;2027-08-01;77199,05;CENTRO OESTE|30 - ELETRODUTOS CORRUGADOS KRONA|ATACADO|AGO27
30 - ELETRODUTOS CORRUGADOS KRONA;CENTRO OESTE;CO NO;ATACADO;2027-09-01;50872,30;CENTRO OESTE|30 - ELETRODUTOS CORRUGADOS KRONA|ATACADO|SET27
30 - ELETRODUTOS CORRUGADOS KRONA;CENTRO OESTE;CO NO;ATACADO;2027-10-01;86568,17;CENTRO OESTE|30 - ELETRODUTOS CORRUGADOS KRONA|ATACADO|OUT27
30 - ELETRODUTOS CORRUGADOS KRONA;CENTRO OESTE;CO NO;ATACADO;2027-11-01;70640,31;CENTRO OESTE|30 - ELETRODUTOS CORRUGADOS KRONA|ATACADO|NOV27
30 - ELETRODUTOS CORRUGADOS KRONA;CENTRO OESTE;CO NO;ATACADO;2027-12-01;53677,10;CENTRO OESTE|30 - ELETRODUTOS CORRUGADOS KRONA|ATACADO|DEZ27
30 - ELETRODUTOS CORRUGADOS KRONA;CENTRO OESTE;CO NO;VAREJO;2027-01-01;25452,15;CENTRO OESTE|30 - ELETRODUTOS CORRUGADOS KRONA|VAREJO|JAN27
30 - ELETRODUTOS CORRUGADOS KRONA;CENTRO OESTE;CO NO;VAREJO;2027-02-01;20966,01;CENTRO OESTE|30 - ELETRODUTOS CORRUGADOS KRONA|VAREJO|FEV27
30 - ELETRODUTOS CORRUGADOS KRONA;CENTRO OESTE;CO NO;VAREJO;2027-03-01;12776,35;CENTRO OESTE|30 - ELETRODUTOS CORRUGADOS KRONA|VAREJO|MAR27
30 - ELETRODUTOS CORRUGADOS KRONA;CENTRO OESTE;CO NO;VAREJO;2027-04-01;24005,03;CENTRO OESTE|30 - ELETRODUTOS CORRUGADOS KRONA|VAREJO|ABR27
30 - ELETRODUTOS CORRUGADOS KRONA;CENTRO OESTE;CO NO;VAREJO;2027-05-01;12900,93;CENTRO OESTE|30 - ELETRODUTOS CORRUGADOS KRONA|VAREJO|MAI27
30 - ELETRODUTOS CORRUGADOS KRONA;CENTRO OESTE;CO NO;VAREJO;2027-06-01;21840,98;CENTRO OESTE|30 - ELETRODUTOS CORRUGADOS KRONA|VAREJO|JUN27
30 - ELETRODUTOS CORRUGADOS KRONA;CENTRO OESTE;CO NO;VAREJO;2027-07-01;26141,26;CENTRO OESTE|30 - ELETRODUTOS CORRUGADOS KRONA|VAREJO|JUL27
30 - ELETRODUTOS CORRUGADOS KRONA;CENTRO OESTE;CO NO;VAREJO;2027-08-01;25955,38;CENTRO OESTE|30 - ELETRODUTOS CORRUGADOS KRONA|VAREJO|AGO27
30 - ELETRODUTOS CORRUGADOS KRONA;CENTRO OESTE;CO NO;VAREJO;2027-09-01;18177,22;CENTRO OESTE|30 - ELETRODUTOS CORRUGADOS KRONA|VAREJO|SET27
30 - ELETRODUTOS CORRUGADOS KRONA;CENTRO OESTE;CO NO;VAREJO;2027-10-01;29023,25;CENTRO OESTE|30 - ELETRODUTOS CORRUGADOS KRONA|VAREJO|OUT27
30 - ELETRODUTOS CORRUGADOS KRONA;CENTRO OESTE;CO NO;VAREJO;2027-11-01;24204,05;CENTRO OESTE|30 - ELETRODUTOS CORRUGADOS KRONA|VAREJO|NOV27
30 - ELETRODUTOS CORRUGADOS KRONA;CENTRO OESTE;CO NO;VAREJO;2027-12-01;19254,26;CENTRO OESTE|30 - ELETRODUTOS CORRUGADOS KRONA|VAREJO|DEZ27
30 - ELETRODUTOS CORRUGADOS KRONA;CONSTR CENTRO OESTE;CONSTRUTORA;CONSTRUTORA;2027-01-01;28314,62;CONSTR CENTRO OESTE|30 - ELETRODUTOS CORRUGADOS KRONA|CONSTRUTORA|JAN27
30 - ELETRODUTOS CORRUGADOS KRONA;CONSTR CENTRO OESTE;CONSTRUTORA;CONSTRUTORA;2027-02-01;32848,00;CONSTR CENTRO OESTE|30 - ELETRODUTOS CORRUGADOS KRONA|CONSTRUTORA|FEV27
30 - ELETRODUTOS CORRUGADOS KRONA;CONSTR CENTRO OESTE;CONSTRUTORA;CONSTRUTORA;2027-03-01;29244,02;CONSTR CENTRO OESTE|30 - ELETRODUTOS CORRUGADOS KRONA|CONSTRUTORA|MAR27
30 - ELETRODUTOS CORRUGADOS KRONA;CONSTR CENTRO OESTE;CONSTRUTORA;CONSTRUTORA;2027-04-01;26943,88;CONSTR CENTRO OESTE|30 - ELETRODUTOS CORRUGADOS KRONA|CONSTRUTORA|ABR27
30 - ELETRODUTOS CORRUGADOS KRONA;CONSTR CENTRO OESTE;CONSTRUTORA;CONSTRUTORA;2027-05-01;25571,21;CONSTR CENTRO OESTE|30 - ELETRODUTOS CORRUGADOS KRONA|CONSTRUTORA|MAI27
30 - ELETRODUTOS CORRUGADOS KRONA;CONSTR CENTRO OESTE;CONSTRUTORA;CONSTRUTORA;2027-06-01;27232,10;CONSTR CENTRO OESTE|30 - ELETRODUTOS CORRUGADOS KRONA|CONSTRUTORA|JUN27
30 - ELETRODUTOS CORRUGADOS KRONA;CONSTR CENTRO OESTE;CONSTRUTORA;CONSTRUTORA;2027-07-01;24313,93;CONSTR CENTRO OESTE|30 - ELETRODUTOS CORRUGADOS KRONA|CONSTRUTORA|JUL27
30 - ELETRODUTOS CORRUGADOS KRONA;CONSTR CENTRO OESTE;CONSTRUTORA;CONSTRUTORA;2027-08-01;26252,87;CONSTR CENTRO OESTE|30 - ELETRODUTOS CORRUGADOS KRONA|CONSTRUTORA|AGO27
30 - ELETRODUTOS CORRUGADOS KRONA;CONSTR CENTRO OESTE;CONSTRUTORA;CONSTRUTORA;2027-09-01;32164,22;CONSTR CENTRO OESTE|30 - ELETRODUTOS CORRUGADOS KRONA|CONSTRUTORA|SET27
30 - ELETRODUTOS CORRUGADOS KRONA;CONSTR CENTRO OESTE;CONSTRUTORA;CONSTRUTORA;2027-10-01;33190,27;CONSTR CENTRO OESTE|30 - ELETRODUTOS CORRUGADOS KRONA|CONSTRUTORA|OUT27
30 - ELETRODUTOS CORRUGADOS KRONA;CONSTR CENTRO OESTE;CONSTRUTORA;CONSTRUTORA;2027-11-01;35689,87;CONSTR CENTRO OESTE|30 - ELETRODUTOS CORRUGADOS KRONA|CONSTRUTORA|NOV27
30 - ELETRODUTOS CORRUGADOS KRONA;CONSTR CENTRO OESTE;CONSTRUTORA;CONSTRUTORA;2027-12-01;41835,75;CONSTR CENTRO OESTE|30 - ELETRODUTOS CORRUGADOS KRONA|CONSTRUTORA|DEZ27
30 - ELETRODUTOS CORRUGADOS KRONA;CONSTR CENTRO OESTE;CONSTRUTORA;VAREJO;2027-01-01;19,72;CONSTR CENTRO OESTE|30 - ELETRODUTOS CORRUGADOS KRONA|VAREJO|JAN27
30 - ELETRODUTOS CORRUGADOS KRONA;CONSTR CENTRO OESTE;CONSTRUTORA;VAREJO;2027-02-01;29,90;CONSTR CENTRO OESTE|30 - ELETRODUTOS CORRUGADOS KRONA|VAREJO|FEV27
30 - ELETRODUTOS CORRUGADOS KRONA;CONSTR CENTRO OESTE;CONSTRUTORA;VAREJO;2027-03-01;28,92;CONSTR CENTRO OESTE|30 - ELETRODUTOS CORRUGADOS KRONA|VAREJO|MAR27
30 - ELETRODUTOS CORRUGADOS KRONA;CONSTR CENTRO OESTE;CONSTRUTORA;VAREJO;2027-04-01;34,50;CONSTR CENTRO OESTE|30 - ELETRODUTOS CORRUGADOS KRONA|VAREJO|ABR27
30 - ELETRODUTOS CORRUGADOS KRONA;CONSTR CENTRO OESTE;CONSTRUTORA;VAREJO;2027-05-01;37,01;CONSTR CENTRO OESTE|30 - ELETRODUTOS CORRUGADOS KRONA|VAREJO|MAI27
30 - ELETRODUTOS CORRUGADOS KRONA;CONSTR CENTRO OESTE;CONSTRUTORA;VAREJO;2027-06-01;35,39;CONSTR CENTRO OESTE|30 - ELETRODUTOS CORRUGADOS KRONA|VAREJO|JUN27
30 - ELETRODUTOS CORRUGADOS KRONA;CONSTR CENTRO OESTE;CONSTRUTORA;VAREJO;2027-07-01;35,73;CONSTR CENTRO OESTE|30 - ELETRODUTOS CORRUGADOS KRONA|VAREJO|JUL27
30 - ELETRODUTOS CORRUGADOS KRONA;CONSTR CENTRO OESTE;CONSTRUTORA;VAREJO;2027-08-01;42,55;CONSTR CENTRO OESTE|30 - ELETRODUTOS CORRUGADOS KRONA|VAREJO|AGO27
30 - ELETRODUTOS CORRUGADOS KRONA;CONSTR CENTRO OESTE;CONSTRUTORA;VAREJO;2027-09-01;57,85;CONSTR CENTRO OESTE|30 - ELETRODUTOS CORRUGADOS KRONA|VAREJO|SET27
30 - ELETRODUTOS CORRUGADOS KRONA;CONSTR CENTRO OESTE;CONSTRUTORA;VAREJO;2027-10-01;45,82;CONSTR CENTRO OESTE|30 - ELETRODUTOS CORRUGADOS KRONA|VAREJO|OUT27
30 - ELETRODUTOS CORRUGADOS KRONA;CONSTR CENTRO OESTE;CONSTRUTORA;VAREJO;2027-11-01;38,90;CONSTR CENTRO OESTE|30 - ELETRODUTOS CORRUGADOS KRONA|VAREJO|NOV27
30 - ELETRODUTOS CORRUGADOS KRONA;CONSTR CENTRO OESTE;CONSTRUTORA;VAREJO;2027-12-01;37,05;CONSTR CENTRO OESTE|30 - ELETRODUTOS CORRUGADOS KRONA|VAREJO|DEZ27
30 - ELETRODUTOS CORRUGADOS KRONA;CONSTR NORDESTE;CONSTRUTORA;CONSTRUTORA;2027-01-01;60831,61;CONSTR NORDESTE|30 - ELETRODUTOS CORRUGADOS KRONA|CONSTRUTORA|JAN27
30 - ELETRODUTOS CORRUGADOS KRONA;CONSTR NORDESTE;CONSTRUTORA;CONSTRUTORA;2027-02-01;58574,79;CONSTR NORDESTE|30 - ELETRODUTOS CORRUGADOS KRONA|CONSTRUTORA|FEV27
30 - ELETRODUTOS CORRUGADOS KRONA;CONSTR NORDESTE;CONSTRUTORA;CONSTRUTORA;2027-03-01;60967,60;CONSTR NORDESTE|30 - ELETRODUTOS CORRUGADOS KRONA|CONSTRUTORA|MAR27
30 - ELETRODUTOS CORRUGADOS KRONA;CONSTR NORDESTE;CONSTRUTORA;CONSTRUTORA;2027-04-01;63314,37;CONSTR NORDESTE|30 - ELETRODUTOS CORRUGADOS KRONA|CONSTRUTORA|ABR27
30 - ELETRODUTOS CORRUGADOS KRONA;CONSTR NORDESTE;CONSTRUTORA;CONSTRUTORA;2027-05-01;59944,48;CONSTR NORDESTE|30 - ELETRODUTOS CORRUGADOS KRONA|CONSTRUTORA|MAI27
30 - ELETRODUTOS CORRUGADOS KRONA;CONSTR NORDESTE;CONSTRUTORA;CONSTRUTORA;2027-06-01;60768,41;CONSTR NORDESTE|30 - ELETRODUTOS CORRUGADOS KRONA|CONSTRUTORA|JUN27
30 - ELETRODUTOS CORRUGADOS KRONA;CONSTR NORDESTE;CONSTRUTORA;CONSTRUTORA;2027-07-01;58973,55;CONSTR NORDESTE|30 - ELETRODUTOS CORRUGADOS KRONA|CONSTRUTORA|JUL27
30 - ELETRODUTOS CORRUGADOS KRONA;CONSTR NORDESTE;CONSTRUTORA;CONSTRUTORA;2027-08-01;60941,41;CONSTR NORDESTE|30 - ELETRODUTOS CORRUGADOS KRONA|CONSTRUTORA|AGO27
30 - ELETRODUTOS CORRUGADOS KRONA;CONSTR NORDESTE;CONSTRUTORA;CONSTRUTORA;2027-09-01;60701,43;CONSTR NORDESTE|30 - ELETRODUTOS CORRUGADOS KRONA|CONSTRUTORA|SET27
30 - ELETRODUTOS CORRUGADOS KRONA;CONSTR NORDESTE;CONSTRUTORA;CONSTRUTORA;2027-10-01;61495,20;CONSTR NORDESTE|30 - ELETRODUTOS CORRUGADOS KRONA|CONSTRUTORA|OUT27
30 - ELETRODUTOS CORRUGADOS KRONA;CONSTR NORDESTE;CONSTRUTORA;CONSTRUTORA;2027-11-01;60234,33;CONSTR NORDESTE|30 - ELETRODUTOS CORRUGADOS KRONA|CONSTRUTORA|NOV27
30 - ELETRODUTOS CORRUGADOS KRONA;CONSTR NORDESTE;CONSTRUTORA;CONSTRUTORA;2027-12-01;59504,49;CONSTR NORDESTE|30 - ELETRODUTOS CORRUGADOS KRONA|CONSTRUTORA|DEZ27
30 - ELETRODUTOS CORRUGADOS KRONA;CONSTR NORDESTE;CONSTRUTORA;OUTROS;2027-01-01;36,04;CONSTR NORDESTE|30 - ELETRODUTOS CORRUGADOS KRONA|OUTROS|JAN27
30 - ELETRODUTOS CORRUGADOS KRONA;CONSTR NORDESTE;CONSTRUTORA;OUTROS;2027-02-01;33,94;CONSTR NORDESTE|30 - ELETRODUTOS CORRUGADOS KRONA|OUTROS|FEV27
30 - ELETRODUTOS CORRUGADOS KRONA;CONSTR NORDESTE;CONSTRUTORA;OUTROS;2027-03-01;36,45;CONSTR NORDESTE|30 - ELETRODUTOS CORRUGADOS KRONA|OUTROS|MAR27
30 - ELETRODUTOS CORRUGADOS KRONA;CONSTR NORDESTE;CONSTRUTORA;OUTROS;2027-04-01;38,80;CONSTR NORDESTE|30 - ELETRODUTOS CORRUGADOS KRONA|OUTROS|ABR27
30 - ELETRODUTOS CORRUGADOS KRONA;CONSTR NORDESTE;CONSTRUTORA;OUTROS;2027-05-01;34,13;CONSTR NORDESTE|30 - ELETRODUTOS CORRUGADOS KRONA|OUTROS|MAI27
30 - ELETRODUTOS CORRUGADOS KRONA;CONSTR NORDESTE;CONSTRUTORA;OUTROS;2027-06-01;34,84;CONSTR NORDESTE|30 - ELETRODUTOS CORRUGADOS KRONA|OUTROS|JUN27
30 - ELETRODUTOS CORRUGADOS KRONA;CONSTR NORDESTE;CONSTRUTORA;OUTROS;2027-07-01;31,82;CONSTR NORDESTE|30 - ELETRODUTOS CORRUGADOS KRONA|OUTROS|JUL27
30 - ELETRODUTOS CORRUGADOS KRONA;CONSTR NORDESTE;CONSTRUTORA;OUTROS;2027-08-01;32,84;CONSTR NORDESTE|30 - ELETRODUTOS CORRUGADOS KRONA|OUTROS|AGO27
30 - ELETRODUTOS CORRUGADOS KRONA;CONSTR NORDESTE;CONSTRUTORA;OUTROS;2027-09-01;32,92;CONSTR NORDESTE|30 - ELETRODUTOS CORRUGADOS KRONA|OUTROS|SET27
30 - ELETRODUTOS CORRUGADOS KRONA;CONSTR NORDESTE;CONSTRUTORA;OUTROS;2027-10-01;32,20;CONSTR NORDESTE|30 - ELETRODUTOS CORRUGADOS KRONA|OUTROS|OUT27
30 - ELETRODUTOS CORRUGADOS KRONA;CONSTR NORDESTE;CONSTRUTORA;OUTROS;2027-11-01;31,11;CONSTR NORDESTE|30 - ELETRODUTOS CORRUGADOS KRONA|OUTROS|NOV27
30 - ELETRODUTOS CORRUGADOS KRONA;CONSTR NORDESTE;CONSTRUTORA;OUTROS;2027-12-01;30,84;CONSTR NORDESTE|30 - ELETRODUTOS CORRUGADOS KRONA|OUTROS|DEZ27
30 - ELETRODUTOS CORRUGADOS KRONA;CONSTR NORTE;CONSTRUTORA;CONSTRUTORA;2027-01-01;2366,61;CONSTR NORTE|30 - ELETRODUTOS CORRUGADOS KRONA|CONSTRUTORA|JAN27
30 - ELETRODUTOS CORRUGADOS KRONA;CONSTR NORTE;CONSTRUTORA;CONSTRUTORA;2027-02-01;2441,90;CONSTR NORTE|30 - ELETRODUTOS CORRUGADOS KRONA|CONSTRUTORA|FEV27
30 - ELETRODUTOS CORRUGADOS KRONA;CONSTR NORTE;CONSTRUTORA;CONSTRUTORA;2027-03-01;2305,65;CONSTR NORTE|30 - ELETRODUTOS CORRUGADOS KRONA|CONSTRUTORA|MAR27
30 - ELETRODUTOS CORRUGADOS KRONA;CONSTR NORTE;CONSTRUTORA;CONSTRUTORA;2027-04-01;2229,97;CONSTR NORTE|30 - ELETRODUTOS CORRUGADOS KRONA|CONSTRUTORA|ABR27
30 - ELETRODUTOS CORRUGADOS KRONA;CONSTR NORTE;CONSTRUTORA;CONSTRUTORA;2027-05-01;2211,74;CONSTR NORTE|30 - ELETRODUTOS CORRUGADOS KRONA|CONSTRUTORA|MAI27
30 - ELETRODUTOS CORRUGADOS KRONA;CONSTR NORTE;CONSTRUTORA;CONSTRUTORA;2027-06-01;2589,61;CONSTR NORTE|30 - ELETRODUTOS CORRUGADOS KRONA|CONSTRUTORA|JUN27
30 - ELETRODUTOS CORRUGADOS KRONA;CONSTR NORTE;CONSTRUTORA;CONSTRUTORA;2027-07-01;2649,26;CONSTR NORTE|30 - ELETRODUTOS CORRUGADOS KRONA|CONSTRUTORA|JUL27
30 - ELETRODUTOS CORRUGADOS KRONA;CONSTR NORTE;CONSTRUTORA;CONSTRUTORA;2027-08-01;2916,12;CONSTR NORTE|30 - ELETRODUTOS CORRUGADOS KRONA|CONSTRUTORA|AGO27
30 - ELETRODUTOS CORRUGADOS KRONA;CONSTR NORTE;CONSTRUTORA;CONSTRUTORA;2027-09-01;2929,78;CONSTR NORTE|30 - ELETRODUTOS CORRUGADOS KRONA|CONSTRUTORA|SET27
30 - ELETRODUTOS CORRUGADOS KRONA;CONSTR NORTE;CONSTRUTORA;CONSTRUTORA;2027-10-01;3028,92;CONSTR NORTE|30 - ELETRODUTOS CORRUGADOS KRONA|CONSTRUTORA|OUT27
30 - ELETRODUTOS CORRUGADOS KRONA;CONSTR NORTE;CONSTRUTORA;CONSTRUTORA;2027-11-01;3834,47;CONSTR NORTE|30 - ELETRODUTOS CORRUGADOS KRONA|CONSTRUTORA|NOV27
30 - ELETRODUTOS CORRUGADOS KRONA;CONSTR NORTE;CONSTRUTORA;CONSTRUTORA;2027-12-01;3687,13;CONSTR NORTE|30 - ELETRODUTOS CORRUGADOS KRONA|CONSTRUTORA|DEZ27
30 - ELETRODUTOS CORRUGADOS KRONA;CONSTR SAO PAULO;CONSTRUTORA;CONSTRUTORA;2027-01-01;40928,52;CONSTR SAO PAULO|30 - ELETRODUTOS CORRUGADOS KRONA|CONSTRUTORA|JAN27
30 - ELETRODUTOS CORRUGADOS KRONA;CONSTR SAO PAULO;CONSTRUTORA;CONSTRUTORA;2027-02-01;42312,88;CONSTR SAO PAULO|30 - ELETRODUTOS CORRUGADOS KRONA|CONSTRUTORA|FEV27
30 - ELETRODUTOS CORRUGADOS KRONA;CONSTR SAO PAULO;CONSTRUTORA;CONSTRUTORA;2027-03-01;40454,47;CONSTR SAO PAULO|30 - ELETRODUTOS CORRUGADOS KRONA|CONSTRUTORA|MAR27
30 - ELETRODUTOS CORRUGADOS KRONA;CONSTR SAO PAULO;CONSTRUTORA;CONSTRUTORA;2027-04-01;43193,45;CONSTR SAO PAULO|30 - ELETRODUTOS CORRUGADOS KRONA|CONSTRUTORA|ABR27
30 - ELETRODUTOS CORRUGADOS KRONA;CONSTR SAO PAULO;CONSTRUTORA;CONSTRUTORA;2027-05-01;40059,95;CONSTR SAO PAULO|30 - ELETRODUTOS CORRUGADOS KRONA|CONSTRUTORA|MAI27
30 - ELETRODUTOS CORRUGADOS KRONA;CONSTR SAO PAULO;CONSTRUTORA;CONSTRUTORA;2027-06-01;49464,46;CONSTR SAO PAULO|30 - ELETRODUTOS CORRUGADOS KRONA|CONSTRUTORA|JUN27
30 - ELETRODUTOS CORRUGADOS KRONA;CONSTR SAO PAULO;CONSTRUTORA;CONSTRUTORA;2027-07-01;45252,67;CONSTR SAO PAULO|30 - ELETRODUTOS CORRUGADOS KRONA|CONSTRUTORA|JUL27
30 - ELETRODUTOS CORRUGADOS KRONA;CONSTR SAO PAULO;CONSTRUTORA;CONSTRUTORA;2027-08-01;49227,78;CONSTR SAO PAULO|30 - ELETRODUTOS CORRUGADOS KRONA|CONSTRUTORA|AGO27
30 - ELETRODUTOS CORRUGADOS KRONA;CONSTR SAO PAULO;CONSTRUTORA;CONSTRUTORA;2027-09-01;47068,70;CONSTR SAO PAULO|30 - ELETRODUTOS CORRUGADOS KRONA|CONSTRUTORA|SET27
30 - ELETRODUTOS CORRUGADOS KRONA;CONSTR SAO PAULO;CONSTRUTORA;CONSTRUTORA;2027-10-01;50270,90;CONSTR SAO PAULO|30 - ELETRODUTOS CORRUGADOS KRONA|CONSTRUTORA|OUT27
30 - ELETRODUTOS CORRUGADOS KRONA;CONSTR SAO PAULO;CONSTRUTORA;CONSTRUTORA;2027-11-01;48843,17;CONSTR SAO PAULO|30 - ELETRODUTOS CORRUGADOS KRONA|CONSTRUTORA|NOV27
30 - ELETRODUTOS CORRUGADOS KRONA;CONSTR SAO PAULO;CONSTRUTORA;CONSTRUTORA;2027-12-01;52662,21;CONSTR SAO PAULO|30 - ELETRODUTOS CORRUGADOS KRONA|CONSTRUTORA|DEZ27
30 - ELETRODUTOS CORRUGADOS KRONA;CONSTR SAO PAULO;CONSTRUTORA;VAREJO;2027-01-01;0,47;CONSTR SAO PAULO|30 - ELETRODUTOS CORRUGADOS KRONA|VAREJO|JAN27
30 - ELETRODUTOS CORRUGADOS KRONA;CONSTR SAO PAULO;CONSTRUTORA;VAREJO;2027-02-01;0,46;CONSTR SAO PAULO|30 - ELETRODUTOS CORRUGADOS KRONA|VAREJO|FEV27
30 - ELETRODUTOS CORRUGADOS KRONA;CONSTR SAO PAULO;CONSTRUTORA;VAREJO;2027-03-01;0,46;CONSTR SAO PAULO|30 - ELETRODUTOS CORRUGADOS KRONA|VAREJO|MAR27
30 - ELETRODUTOS CORRUGADOS KRONA;CONSTR SAO PAULO;CONSTRUTORA;VAREJO;2027-04-01;0,45;CONSTR SAO PAULO|30 - ELETRODUTOS CORRUGADOS KRONA|VAREJO|ABR27
30 - ELETRODUTOS CORRUGADOS KRONA;CONSTR SAO PAULO;CONSTRUTORA;VAREJO;2027-05-01;0,45;CONSTR SAO PAULO|30 - ELETRODUTOS CORRUGADOS KRONA|VAREJO|MAI27
30 - ELETRODUTOS CORRUGADOS KRONA;CONSTR SAO PAULO;CONSTRUTORA;VAREJO;2027-06-01;0,44;CONSTR SAO PAULO|30 - ELETRODUTOS CORRUGADOS KRONA|VAREJO|JUN27
30 - ELETRODUTOS CORRUGADOS KRONA;CONSTR SAO PAULO;CONSTRUTORA;VAREJO;2027-07-01;0,44;CONSTR SAO PAULO|30 - ELETRODUTOS CORRUGADOS KRONA|VAREJO|JUL27
30 - ELETRODUTOS CORRUGADOS KRONA;CONSTR SAO PAULO;CONSTRUTORA;VAREJO;2027-08-01;0,43;CONSTR SAO PAULO|30 - ELETRODUTOS CORRUGADOS KRONA|VAREJO|AGO27
30 - ELETRODUTOS CORRUGADOS KRONA;CONSTR SAO PAULO;CONSTRUTORA;VAREJO;2027-09-01;0,43;CONSTR SAO PAULO|30 - ELETRODUTOS CORRUGADOS KRONA|VAREJO|SET27
30 - ELETRODUTOS CORRUGADOS KRONA;CONSTR SAO PAULO;CONSTRUTORA;VAREJO;2027-10-01;0,42;CONSTR SAO PAULO|30 - ELETRODUTOS CORRUGADOS KRONA|VAREJO|OUT27
30 - ELETRODUTOS CORRUGADOS KRONA;CONSTR SAO PAULO;CONSTRUTORA;VAREJO;2027-11-01;0,42;CONSTR SAO PAULO|30 - ELETRODUTOS CORRUGADOS KRONA|VAREJO|NOV27
30 - ELETRODUTOS CORRUGADOS KRONA;CONSTR SAO PAULO;CONSTRUTORA;VAREJO;2027-12-01;0,41;CONSTR SAO PAULO|30 - ELETRODUTOS CORRUGADOS KRONA|VAREJO|DEZ27
30 - ELETRODUTOS CORRUGADOS KRONA;CONSTR SUDESTE;CONSTRUTORA;CONSTRUTORA;2027-01-01;24610,80;CONSTR SUDESTE|30 - ELETRODUTOS CORRUGADOS KRONA|CONSTRUTORA|JAN27
30 - ELETRODUTOS CORRUGADOS KRONA;CONSTR SUDESTE;CONSTRUTORA;CONSTRUTORA;2027-02-01;25039,56;CONSTR SUDESTE|30 - ELETRODUTOS CORRUGADOS KRONA|CONSTRUTORA|FEV27
30 - ELETRODUTOS CORRUGADOS KRONA;CONSTR SUDESTE;CONSTRUTORA;CONSTRUTORA;2027-03-01;25242,94;CONSTR SUDESTE|30 - ELETRODUTOS CORRUGADOS KRONA|CONSTRUTORA|MAR27
30 - ELETRODUTOS CORRUGADOS KRONA;CONSTR SUDESTE;CONSTRUTORA;CONSTRUTORA;2027-04-01;26019,35;CONSTR SUDESTE|30 - ELETRODUTOS CORRUGADOS KRONA|CONSTRUTORA|ABR27
30 - ELETRODUTOS CORRUGADOS KRONA;CONSTR SUDESTE;CONSTRUTORA;CONSTRUTORA;2027-05-01;24423,50;CONSTR SUDESTE|30 - ELETRODUTOS CORRUGADOS KRONA|CONSTRUTORA|MAI27
30 - ELETRODUTOS CORRUGADOS KRONA;CONSTR SUDESTE;CONSTRUTORA;CONSTRUTORA;2027-06-01;24335,85;CONSTR SUDESTE|30 - ELETRODUTOS CORRUGADOS KRONA|CONSTRUTORA|JUN27
30 - ELETRODUTOS CORRUGADOS KRONA;CONSTR SUDESTE;CONSTRUTORA;CONSTRUTORA;2027-07-01;26351,79;CONSTR SUDESTE|30 - ELETRODUTOS CORRUGADOS KRONA|CONSTRUTORA|JUL27
30 - ELETRODUTOS CORRUGADOS KRONA;CONSTR SUDESTE;CONSTRUTORA;CONSTRUTORA;2027-08-01;26569,07;CONSTR SUDESTE|30 - ELETRODUTOS CORRUGADOS KRONA|CONSTRUTORA|AGO27
30 - ELETRODUTOS CORRUGADOS KRONA;CONSTR SUDESTE;CONSTRUTORA;CONSTRUTORA;2027-09-01;26772,87;CONSTR SUDESTE|30 - ELETRODUTOS CORRUGADOS KRONA|CONSTRUTORA|SET27
30 - ELETRODUTOS CORRUGADOS KRONA;CONSTR SUDESTE;CONSTRUTORA;CONSTRUTORA;2027-10-01;26920,27;CONSTR SUDESTE|30 - ELETRODUTOS CORRUGADOS KRONA|CONSTRUTORA|OUT27
30 - ELETRODUTOS CORRUGADOS KRONA;CONSTR SUDESTE;CONSTRUTORA;CONSTRUTORA;2027-11-01;27128,98;CONSTR SUDESTE|30 - ELETRODUTOS CORRUGADOS KRONA|CONSTRUTORA|NOV27
30 - ELETRODUTOS CORRUGADOS KRONA;CONSTR SUDESTE;CONSTRUTORA;CONSTRUTORA;2027-12-01;27440,33;CONSTR SUDESTE|30 - ELETRODUTOS CORRUGADOS KRONA|CONSTRUTORA|DEZ27
30 - ELETRODUTOS CORRUGADOS KRONA;CONSTR SUL;CONSTRUTORA;CONSTRUTORA;2027-01-01;41594,84;CONSTR SUL|30 - ELETRODUTOS CORRUGADOS KRONA|CONSTRUTORA|JAN27
30 - ELETRODUTOS CORRUGADOS KRONA;CONSTR SUL;CONSTRUTORA;CONSTRUTORA;2027-02-01;45435,07;CONSTR SUL|30 - ELETRODUTOS CORRUGADOS KRONA|CONSTRUTORA|FEV27
30 - ELETRODUTOS CORRUGADOS KRONA;CONSTR SUL;CONSTRUTORA;CONSTRUTORA;2027-03-01;46450,21;CONSTR SUL|30 - ELETRODUTOS CORRUGADOS KRONA|CONSTRUTORA|MAR27
30 - ELETRODUTOS CORRUGADOS KRONA;CONSTR SUL;CONSTRUTORA;CONSTRUTORA;2027-04-01;49638,74;CONSTR SUL|30 - ELETRODUTOS CORRUGADOS KRONA|CONSTRUTORA|ABR27
30 - ELETRODUTOS CORRUGADOS KRONA;CONSTR SUL;CONSTRUTORA;CONSTRUTORA;2027-05-01;40182,99;CONSTR SUL|30 - ELETRODUTOS CORRUGADOS KRONA|CONSTRUTORA|MAI27
30 - ELETRODUTOS CORRUGADOS KRONA;CONSTR SUL;CONSTRUTORA;CONSTRUTORA;2027-06-01;40068,23;CONSTR SUL|30 - ELETRODUTOS CORRUGADOS KRONA|CONSTRUTORA|JUN27
30 - ELETRODUTOS CORRUGADOS KRONA;CONSTR SUL;CONSTRUTORA;CONSTRUTORA;2027-07-01;40666,13;CONSTR SUL|30 - ELETRODUTOS CORRUGADOS KRONA|CONSTRUTORA|JUL27
30 - ELETRODUTOS CORRUGADOS KRONA;CONSTR SUL;CONSTRUTORA;CONSTRUTORA;2027-08-01;49028,38;CONSTR SUL|30 - ELETRODUTOS CORRUGADOS KRONA|CONSTRUTORA|AGO27
30 - ELETRODUTOS CORRUGADOS KRONA;CONSTR SUL;CONSTRUTORA;CONSTRUTORA;2027-09-01;48560,38;CONSTR SUL|30 - ELETRODUTOS CORRUGADOS KRONA|CONSTRUTORA|SET27
30 - ELETRODUTOS CORRUGADOS KRONA;CONSTR SUL;CONSTRUTORA;CONSTRUTORA;2027-10-01;49439,97;CONSTR SUL|30 - ELETRODUTOS CORRUGADOS KRONA|CONSTRUTORA|OUT27
30 - ELETRODUTOS CORRUGADOS KRONA;CONSTR SUL;CONSTRUTORA;CONSTRUTORA;2027-11-01;48161,19;CONSTR SUL|30 - ELETRODUTOS CORRUGADOS KRONA|CONSTRUTORA|NOV27
30 - ELETRODUTOS CORRUGADOS KRONA;CONSTR SUL;CONSTRUTORA;CONSTRUTORA;2027-12-01;46022,36;CONSTR SUL|30 - ELETRODUTOS CORRUGADOS KRONA|CONSTRUTORA|DEZ27
30 - ELETRODUTOS CORRUGADOS KRONA;CONSTR SUL;CONSTRUTORA;OUTROS;2027-01-01;14,24;CONSTR SUL|30 - ELETRODUTOS CORRUGADOS KRONA|OUTROS|JAN27
30 - ELETRODUTOS CORRUGADOS KRONA;CONSTR SUL;CONSTRUTORA;OUTROS;2027-02-01;16,70;CONSTR SUL|30 - ELETRODUTOS CORRUGADOS KRONA|OUTROS|FEV27
30 - ELETRODUTOS CORRUGADOS KRONA;CONSTR SUL;CONSTRUTORA;OUTROS;2027-03-01;16,86;CONSTR SUL|30 - ELETRODUTOS CORRUGADOS KRONA|OUTROS|MAR27
30 - ELETRODUTOS CORRUGADOS KRONA;CONSTR SUL;CONSTRUTORA;OUTROS;2027-04-01;19,82;CONSTR SUL|30 - ELETRODUTOS CORRUGADOS KRONA|OUTROS|ABR27
30 - ELETRODUTOS CORRUGADOS KRONA;CONSTR SUL;CONSTRUTORA;OUTROS;2027-05-01;11,79;CONSTR SUL|30 - ELETRODUTOS CORRUGADOS KRONA|OUTROS|MAI27
30 - ELETRODUTOS CORRUGADOS KRONA;CONSTR SUL;CONSTRUTORA;OUTROS;2027-06-01;11,79;CONSTR SUL|30 - ELETRODUTOS CORRUGADOS KRONA|OUTROS|JUN27
30 - ELETRODUTOS CORRUGADOS KRONA;CONSTR SUL;CONSTRUTORA;OUTROS;2027-07-01;11,83;CONSTR SUL|30 - ELETRODUTOS CORRUGADOS KRONA|OUTROS|JUL27
30 - ELETRODUTOS CORRUGADOS KRONA;CONSTR SUL;CONSTRUTORA;OUTROS;2027-08-01;18,97;CONSTR SUL|30 - ELETRODUTOS CORRUGADOS KRONA|OUTROS|AGO27
30 - ELETRODUTOS CORRUGADOS KRONA;CONSTR SUL;CONSTRUTORA;OUTROS;2027-09-01;19,24;CONSTR SUL|30 - ELETRODUTOS CORRUGADOS KRONA|OUTROS|SET27
30 - ELETRODUTOS CORRUGADOS KRONA;CONSTR SUL;CONSTRUTORA;OUTROS;2027-10-01;19,26;CONSTR SUL|30 - ELETRODUTOS CORRUGADOS KRONA|OUTROS|OUT27
30 - ELETRODUTOS CORRUGADOS KRONA;CONSTR SUL;CONSTRUTORA;OUTROS;2027-11-01;18,73;CONSTR SUL|30 - ELETRODUTOS CORRUGADOS KRONA|OUTROS|NOV27
30 - ELETRODUTOS CORRUGADOS KRONA;CONSTR SUL;CONSTRUTORA;OUTROS;2027-12-01;15,49;CONSTR SUL|30 - ELETRODUTOS CORRUGADOS KRONA|OUTROS|DEZ27
30 - ELETRODUTOS CORRUGADOS KRONA;EXPORTACAO;EXPORTACAO;EXPORTACAO;2027-01-01;818,35;EXPORTACAO|30 - ELETRODUTOS CORRUGADOS KRONA|EXPORTACAO|JAN27
30 - ELETRODUTOS CORRUGADOS KRONA;EXPORTACAO;EXPORTACAO;EXPORTACAO;2027-02-01;330,61;EXPORTACAO|30 - ELETRODUTOS CORRUGADOS KRONA|EXPORTACAO|FEV27
30 - ELETRODUTOS CORRUGADOS KRONA;EXPORTACAO;EXPORTACAO;EXPORTACAO;2027-03-01;463,24;EXPORTACAO|30 - ELETRODUTOS CORRUGADOS KRONA|EXPORTACAO|MAR27
30 - ELETRODUTOS CORRUGADOS KRONA;EXPORTACAO;EXPORTACAO;EXPORTACAO;2027-04-01;1677,54;EXPORTACAO|30 - ELETRODUTOS CORRUGADOS KRONA|EXPORTACAO|ABR27
30 - ELETRODUTOS CORRUGADOS KRONA;EXPORTACAO;EXPORTACAO;EXPORTACAO;2027-05-01;176,86;EXPORTACAO|30 - ELETRODUTOS CORRUGADOS KRONA|EXPORTACAO|MAI27
30 - ELETRODUTOS CORRUGADOS KRONA;EXPORTACAO;EXPORTACAO;EXPORTACAO;2027-06-01;1705,88;EXPORTACAO|30 - ELETRODUTOS CORRUGADOS KRONA|EXPORTACAO|JUN27
30 - ELETRODUTOS CORRUGADOS KRONA;EXPORTACAO;EXPORTACAO;EXPORTACAO;2027-07-01;1816,75;EXPORTACAO|30 - ELETRODUTOS CORRUGADOS KRONA|EXPORTACAO|JUL27
30 - ELETRODUTOS CORRUGADOS KRONA;EXPORTACAO;EXPORTACAO;EXPORTACAO;2027-08-01;309,81;EXPORTACAO|30 - ELETRODUTOS CORRUGADOS KRONA|EXPORTACAO|AGO27
30 - ELETRODUTOS CORRUGADOS KRONA;EXPORTACAO;EXPORTACAO;EXPORTACAO;2027-09-01;1460,63;EXPORTACAO|30 - ELETRODUTOS CORRUGADOS KRONA|EXPORTACAO|SET27
30 - ELETRODUTOS CORRUGADOS KRONA;EXPORTACAO;EXPORTACAO;EXPORTACAO;2027-10-01;1705,34;EXPORTACAO|30 - ELETRODUTOS CORRUGADOS KRONA|EXPORTACAO|OUT27
30 - ELETRODUTOS CORRUGADOS KRONA;EXPORTACAO;EXPORTACAO;EXPORTACAO;2027-11-01;1659,22;EXPORTACAO|30 - ELETRODUTOS CORRUGADOS KRONA|EXPORTACAO|NOV27
30 - ELETRODUTOS CORRUGADOS KRONA;EXPORTACAO;EXPORTACAO;EXPORTACAO;2027-12-01;1135,06;EXPORTACAO|30 - ELETRODUTOS CORRUGADOS KRONA|EXPORTACAO|DEZ27
30 - ELETRODUTOS CORRUGADOS KRONA;EXPORTACAO;EXPORTACAO;VAREJO;2027-01-01;186,51;EXPORTACAO|30 - ELETRODUTOS CORRUGADOS KRONA|VAREJO|JAN27
30 - ELETRODUTOS CORRUGADOS KRONA;EXPORTACAO;EXPORTACAO;VAREJO;2027-02-01;92,92;EXPORTACAO|30 - ELETRODUTOS CORRUGADOS KRONA|VAREJO|FEV27
30 - ELETRODUTOS CORRUGADOS KRONA;EXPORTACAO;EXPORTACAO;VAREJO;2027-03-01;125,29;EXPORTACAO|30 - ELETRODUTOS CORRUGADOS KRONA|VAREJO|MAR27
30 - ELETRODUTOS CORRUGADOS KRONA;EXPORTACAO;EXPORTACAO;VAREJO;2027-04-01;387,77;EXPORTACAO|30 - ELETRODUTOS CORRUGADOS KRONA|VAREJO|ABR27
30 - ELETRODUTOS CORRUGADOS KRONA;EXPORTACAO;EXPORTACAO;VAREJO;2027-05-01;50,10;EXPORTACAO|30 - ELETRODUTOS CORRUGADOS KRONA|VAREJO|MAI27
30 - ELETRODUTOS CORRUGADOS KRONA;EXPORTACAO;EXPORTACAO;VAREJO;2027-06-01;388,89;EXPORTACAO|30 - ELETRODUTOS CORRUGADOS KRONA|VAREJO|JUN27
30 - ELETRODUTOS CORRUGADOS KRONA;EXPORTACAO;EXPORTACAO;VAREJO;2027-07-01;432,92;EXPORTACAO|30 - ELETRODUTOS CORRUGADOS KRONA|VAREJO|JUL27
30 - ELETRODUTOS CORRUGADOS KRONA;EXPORTACAO;EXPORTACAO;VAREJO;2027-08-01;87,76;EXPORTACAO|30 - ELETRODUTOS CORRUGADOS KRONA|VAREJO|AGO27
30 - ELETRODUTOS CORRUGADOS KRONA;EXPORTACAO;EXPORTACAO;VAREJO;2027-09-01;354,26;EXPORTACAO|30 - ELETRODUTOS CORRUGADOS KRONA|VAREJO|SET27
30 - ELETRODUTOS CORRUGADOS KRONA;EXPORTACAO;EXPORTACAO;VAREJO;2027-10-01;416,72;EXPORTACAO|30 - ELETRODUTOS CORRUGADOS KRONA|VAREJO|OUT27
30 - ELETRODUTOS CORRUGADOS KRONA;EXPORTACAO;EXPORTACAO;VAREJO;2027-11-01;383,12;EXPORTACAO|30 - ELETRODUTOS CORRUGADOS KRONA|VAREJO|NOV27
30 - ELETRODUTOS CORRUGADOS KRONA;EXPORTACAO;EXPORTACAO;VAREJO;2027-12-01;268,16;EXPORTACAO|30 - ELETRODUTOS CORRUGADOS KRONA|VAREJO|DEZ27
30 - ELETRODUTOS CORRUGADOS KRONA;IRRIGACAO 1;IRRIGACAO;IRRIGACAO;2027-01-01;49,81;IRRIGACAO 1|30 - ELETRODUTOS CORRUGADOS KRONA|IRRIGACAO|JAN27
30 - ELETRODUTOS CORRUGADOS KRONA;IRRIGACAO 1;IRRIGACAO;IRRIGACAO;2027-02-01;48,14;IRRIGACAO 1|30 - ELETRODUTOS CORRUGADOS KRONA|IRRIGACAO|FEV27
30 - ELETRODUTOS CORRUGADOS KRONA;IRRIGACAO 1;IRRIGACAO;IRRIGACAO;2027-03-01;46,45;IRRIGACAO 1|30 - ELETRODUTOS CORRUGADOS KRONA|IRRIGACAO|MAR27
30 - ELETRODUTOS CORRUGADOS KRONA;IRRIGACAO 1;IRRIGACAO;IRRIGACAO;2027-04-01;44,77;IRRIGACAO 1|30 - ELETRODUTOS CORRUGADOS KRONA|IRRIGACAO|ABR27
30 - ELETRODUTOS CORRUGADOS KRONA;IRRIGACAO 1;IRRIGACAO;IRRIGACAO;2027-05-01;43,09;IRRIGACAO 1|30 - ELETRODUTOS CORRUGADOS KRONA|IRRIGACAO|MAI27
30 - ELETRODUTOS CORRUGADOS KRONA;IRRIGACAO 1;IRRIGACAO;IRRIGACAO;2027-06-01;41,56;IRRIGACAO 1|30 - ELETRODUTOS CORRUGADOS KRONA|IRRIGACAO|JUN27
30 - ELETRODUTOS CORRUGADOS KRONA;IRRIGACAO 1;IRRIGACAO;IRRIGACAO;2027-07-01;40,12;IRRIGACAO 1|30 - ELETRODUTOS CORRUGADOS KRONA|IRRIGACAO|JUL27
30 - ELETRODUTOS CORRUGADOS KRONA;IRRIGACAO 1;IRRIGACAO;IRRIGACAO;2027-08-01;38,67;IRRIGACAO 1|30 - ELETRODUTOS CORRUGADOS KRONA|IRRIGACAO|AGO27
30 - ELETRODUTOS CORRUGADOS KRONA;IRRIGACAO 1;IRRIGACAO;IRRIGACAO;2027-09-01;37,22;IRRIGACAO 1|30 - ELETRODUTOS CORRUGADOS KRONA|IRRIGACAO|SET27
30 - ELETRODUTOS CORRUGADOS KRONA;IRRIGACAO 1;IRRIGACAO;IRRIGACAO;2027-10-01;35,78;IRRIGACAO 1|30 - ELETRODUTOS CORRUGADOS KRONA|IRRIGACAO|OUT27
30 - ELETRODUTOS CORRUGADOS KRONA;IRRIGACAO 1;IRRIGACAO;IRRIGACAO;2027-11-01;34,34;IRRIGACAO 1|30 - ELETRODUTOS CORRUGADOS KRONA|IRRIGACAO|NOV27
30 - ELETRODUTOS CORRUGADOS KRONA;IRRIGACAO 1;IRRIGACAO;IRRIGACAO;2027-12-01;32,88;IRRIGACAO 1|30 - ELETRODUTOS CORRUGADOS KRONA|IRRIGACAO|DEZ27
30 - ELETRODUTOS CORRUGADOS KRONA;IRRIGACAO 1;IRRIGACAO;VAREJO;2027-01-01;2,86;IRRIGACAO 1|30 - ELETRODUTOS CORRUGADOS KRONA|VAREJO|JAN27
30 - ELETRODUTOS CORRUGADOS KRONA;IRRIGACAO 1;IRRIGACAO;VAREJO;2027-02-01;2,77;IRRIGACAO 1|30 - ELETRODUTOS CORRUGADOS KRONA|VAREJO|FEV27
30 - ELETRODUTOS CORRUGADOS KRONA;IRRIGACAO 1;IRRIGACAO;VAREJO;2027-03-01;2,69;IRRIGACAO 1|30 - ELETRODUTOS CORRUGADOS KRONA|VAREJO|MAR27
30 - ELETRODUTOS CORRUGADOS KRONA;IRRIGACAO 1;IRRIGACAO;VAREJO;2027-04-01;2,61;IRRIGACAO 1|30 - ELETRODUTOS CORRUGADOS KRONA|VAREJO|ABR27
30 - ELETRODUTOS CORRUGADOS KRONA;IRRIGACAO 1;IRRIGACAO;VAREJO;2027-05-01;2,53;IRRIGACAO 1|30 - ELETRODUTOS CORRUGADOS KRONA|VAREJO|MAI27
30 - ELETRODUTOS CORRUGADOS KRONA;IRRIGACAO 1;IRRIGACAO;VAREJO;2027-06-01;2,47;IRRIGACAO 1|30 - ELETRODUTOS CORRUGADOS KRONA|VAREJO|JUN27
30 - ELETRODUTOS CORRUGADOS KRONA;IRRIGACAO 1;IRRIGACAO;VAREJO;2027-07-01;2,42;IRRIGACAO 1|30 - ELETRODUTOS CORRUGADOS KRONA|VAREJO|JUL27
30 - ELETRODUTOS CORRUGADOS KRONA;IRRIGACAO 1;IRRIGACAO;VAREJO;2027-08-01;2,38;IRRIGACAO 1|30 - ELETRODUTOS CORRUGADOS KRONA|VAREJO|AGO27
30 - ELETRODUTOS CORRUGADOS KRONA;IRRIGACAO 1;IRRIGACAO;VAREJO;2027-09-01;2,33;IRRIGACAO 1|30 - ELETRODUTOS CORRUGADOS KRONA|VAREJO|SET27
30 - ELETRODUTOS CORRUGADOS KRONA;IRRIGACAO 1;IRRIGACAO;VAREJO;2027-10-01;2,28;IRRIGACAO 1|30 - ELETRODUTOS CORRUGADOS KRONA|VAREJO|OUT27
30 - ELETRODUTOS CORRUGADOS KRONA;IRRIGACAO 1;IRRIGACAO;VAREJO;2027-11-01;2,23;IRRIGACAO 1|30 - ELETRODUTOS CORRUGADOS KRONA|VAREJO|NOV27
30 - ELETRODUTOS CORRUGADOS KRONA;IRRIGACAO 1;IRRIGACAO;VAREJO;2027-12-01;2,19;IRRIGACAO 1|30 - ELETRODUTOS CORRUGADOS KRONA|VAREJO|DEZ27
30 - ELETRODUTOS CORRUGADOS KRONA;IRRIGACAO 2;IRRIGACAO;IRRIGACAO;2027-01-01;1,85;IRRIGACAO 2|30 - ELETRODUTOS CORRUGADOS KRONA|IRRIGACAO|JAN27
30 - ELETRODUTOS CORRUGADOS KRONA;IRRIGACAO 2;IRRIGACAO;IRRIGACAO;2027-02-01;1,76;IRRIGACAO 2|30 - ELETRODUTOS CORRUGADOS KRONA|IRRIGACAO|FEV27
30 - ELETRODUTOS CORRUGADOS KRONA;IRRIGACAO 2;IRRIGACAO;IRRIGACAO;2027-03-01;5,12;IRRIGACAO 2|30 - ELETRODUTOS CORRUGADOS KRONA|IRRIGACAO|MAR27
30 - ELETRODUTOS CORRUGADOS KRONA;IRRIGACAO 2;IRRIGACAO;IRRIGACAO;2027-04-01;1,52;IRRIGACAO 2|30 - ELETRODUTOS CORRUGADOS KRONA|IRRIGACAO|ABR27
30 - ELETRODUTOS CORRUGADOS KRONA;IRRIGACAO 2;IRRIGACAO;IRRIGACAO;2027-05-01;1,52;IRRIGACAO 2|30 - ELETRODUTOS CORRUGADOS KRONA|IRRIGACAO|MAI27
30 - ELETRODUTOS CORRUGADOS KRONA;IRRIGACAO 2;IRRIGACAO;IRRIGACAO;2027-06-01;2,24;IRRIGACAO 2|30 - ELETRODUTOS CORRUGADOS KRONA|IRRIGACAO|JUN27
30 - ELETRODUTOS CORRUGADOS KRONA;IRRIGACAO 2;IRRIGACAO;IRRIGACAO;2027-07-01;2,31;IRRIGACAO 2|30 - ELETRODUTOS CORRUGADOS KRONA|IRRIGACAO|JUL27
30 - ELETRODUTOS CORRUGADOS KRONA;IRRIGACAO 2;IRRIGACAO;IRRIGACAO;2027-08-01;2,31;IRRIGACAO 2|30 - ELETRODUTOS CORRUGADOS KRONA|IRRIGACAO|AGO27
30 - ELETRODUTOS CORRUGADOS KRONA;IRRIGACAO 2;IRRIGACAO;IRRIGACAO;2027-09-01;2,31;IRRIGACAO 2|30 - ELETRODUTOS CORRUGADOS KRONA|IRRIGACAO|SET27
30 - ELETRODUTOS CORRUGADOS KRONA;IRRIGACAO 2;IRRIGACAO;IRRIGACAO;2027-10-01;1,85;IRRIGACAO 2|30 - ELETRODUTOS CORRUGADOS KRONA|IRRIGACAO|OUT27
30 - ELETRODUTOS CORRUGADOS KRONA;IRRIGACAO 2;IRRIGACAO;IRRIGACAO;2027-11-01;27,26;IRRIGACAO 2|30 - ELETRODUTOS CORRUGADOS KRONA|IRRIGACAO|NOV27
30 - ELETRODUTOS CORRUGADOS KRONA;IRRIGACAO 2;IRRIGACAO;IRRIGACAO;2027-12-01;3,89;IRRIGACAO 2|30 - ELETRODUTOS CORRUGADOS KRONA|IRRIGACAO|DEZ27
30 - ELETRODUTOS CORRUGADOS KRONA;MINAS GERAIS;MINAS RJ/ES;ATACADO;2027-01-01;79325,98;MINAS GERAIS|30 - ELETRODUTOS CORRUGADOS KRONA|ATACADO|JAN27
30 - ELETRODUTOS CORRUGADOS KRONA;MINAS GERAIS;MINAS RJ/ES;ATACADO;2027-02-01;79878,79;MINAS GERAIS|30 - ELETRODUTOS CORRUGADOS KRONA|ATACADO|FEV27
30 - ELETRODUTOS CORRUGADOS KRONA;MINAS GERAIS;MINAS RJ/ES;ATACADO;2027-03-01;81359,83;MINAS GERAIS|30 - ELETRODUTOS CORRUGADOS KRONA|ATACADO|MAR27
30 - ELETRODUTOS CORRUGADOS KRONA;MINAS GERAIS;MINAS RJ/ES;ATACADO;2027-04-01;81461,31;MINAS GERAIS|30 - ELETRODUTOS CORRUGADOS KRONA|ATACADO|ABR27
30 - ELETRODUTOS CORRUGADOS KRONA;MINAS GERAIS;MINAS RJ/ES;ATACADO;2027-05-01;81457,03;MINAS GERAIS|30 - ELETRODUTOS CORRUGADOS KRONA|ATACADO|MAI27
30 - ELETRODUTOS CORRUGADOS KRONA;MINAS GERAIS;MINAS RJ/ES;ATACADO;2027-06-01;82815,07;MINAS GERAIS|30 - ELETRODUTOS CORRUGADOS KRONA|ATACADO|JUN27
30 - ELETRODUTOS CORRUGADOS KRONA;MINAS GERAIS;MINAS RJ/ES;ATACADO;2027-07-01;83498,79;MINAS GERAIS|30 - ELETRODUTOS CORRUGADOS KRONA|ATACADO|JUL27
30 - ELETRODUTOS CORRUGADOS KRONA;MINAS GERAIS;MINAS RJ/ES;ATACADO;2027-08-01;82081,41;MINAS GERAIS|30 - ELETRODUTOS CORRUGADOS KRONA|ATACADO|AGO27
30 - ELETRODUTOS CORRUGADOS KRONA;MINAS GERAIS;MINAS RJ/ES;ATACADO;2027-09-01;85106,83;MINAS GERAIS|30 - ELETRODUTOS CORRUGADOS KRONA|ATACADO|SET27
30 - ELETRODUTOS CORRUGADOS KRONA;MINAS GERAIS;MINAS RJ/ES;ATACADO;2027-10-01;84647,03;MINAS GERAIS|30 - ELETRODUTOS CORRUGADOS KRONA|ATACADO|OUT27
30 - ELETRODUTOS CORRUGADOS KRONA;MINAS GERAIS;MINAS RJ/ES;ATACADO;2027-11-01;83967,79;MINAS GERAIS|30 - ELETRODUTOS CORRUGADOS KRONA|ATACADO|NOV27
30 - ELETRODUTOS CORRUGADOS KRONA;MINAS GERAIS;MINAS RJ/ES;ATACADO;2027-12-01;86428,94;MINAS GERAIS|30 - ELETRODUTOS CORRUGADOS KRONA|ATACADO|DEZ27
30 - ELETRODUTOS CORRUGADOS KRONA;MINAS GERAIS;MINAS RJ/ES;OUTROS;2027-01-01;12,45;MINAS GERAIS|30 - ELETRODUTOS CORRUGADOS KRONA|OUTROS|JAN27
30 - ELETRODUTOS CORRUGADOS KRONA;MINAS GERAIS;MINAS RJ/ES;OUTROS;2027-02-01;12,49;MINAS GERAIS|30 - ELETRODUTOS CORRUGADOS KRONA|OUTROS|FEV27
30 - ELETRODUTOS CORRUGADOS KRONA;MINAS GERAIS;MINAS RJ/ES;OUTROS;2027-03-01;13,20;MINAS GERAIS|30 - ELETRODUTOS CORRUGADOS KRONA|OUTROS|MAR27
30 - ELETRODUTOS CORRUGADOS KRONA;MINAS GERAIS;MINAS RJ/ES;OUTROS;2027-04-01;12,91;MINAS GERAIS|30 - ELETRODUTOS CORRUGADOS KRONA|OUTROS|ABR27
30 - ELETRODUTOS CORRUGADOS KRONA;MINAS GERAIS;MINAS RJ/ES;OUTROS;2027-05-01;12,54;MINAS GERAIS|30 - ELETRODUTOS CORRUGADOS KRONA|OUTROS|MAI27
30 - ELETRODUTOS CORRUGADOS KRONA;MINAS GERAIS;MINAS RJ/ES;OUTROS;2027-06-01;13,16;MINAS GERAIS|30 - ELETRODUTOS CORRUGADOS KRONA|OUTROS|JUN27
30 - ELETRODUTOS CORRUGADOS KRONA;MINAS GERAIS;MINAS RJ/ES;OUTROS;2027-07-01;13,30;MINAS GERAIS|30 - ELETRODUTOS CORRUGADOS KRONA|OUTROS|JUL27
30 - ELETRODUTOS CORRUGADOS KRONA;MINAS GERAIS;MINAS RJ/ES;OUTROS;2027-08-01;11,91;MINAS GERAIS|30 - ELETRODUTOS CORRUGADOS KRONA|OUTROS|AGO27
30 - ELETRODUTOS CORRUGADOS KRONA;MINAS GERAIS;MINAS RJ/ES;OUTROS;2027-09-01;13,73;MINAS GERAIS|30 - ELETRODUTOS CORRUGADOS KRONA|OUTROS|SET27
30 - ELETRODUTOS CORRUGADOS KRONA;MINAS GERAIS;MINAS RJ/ES;OUTROS;2027-10-01;13,04;MINAS GERAIS|30 - ELETRODUTOS CORRUGADOS KRONA|OUTROS|OUT27
30 - ELETRODUTOS CORRUGADOS KRONA;MINAS GERAIS;MINAS RJ/ES;OUTROS;2027-11-01;12,19;MINAS GERAIS|30 - ELETRODUTOS CORRUGADOS KRONA|OUTROS|NOV27
30 - ELETRODUTOS CORRUGADOS KRONA;MINAS GERAIS;MINAS RJ/ES;OUTROS;2027-12-01;13,60;MINAS GERAIS|30 - ELETRODUTOS CORRUGADOS KRONA|OUTROS|DEZ27
30 - ELETRODUTOS CORRUGADOS KRONA;MINAS GERAIS;MINAS RJ/ES;VAREJO;2027-01-01;30558,34;MINAS GERAIS|30 - ELETRODUTOS CORRUGADOS KRONA|VAREJO|JAN27
30 - ELETRODUTOS CORRUGADOS KRONA;MINAS GERAIS;MINAS RJ/ES;VAREJO;2027-02-01;30773,10;MINAS GERAIS|30 - ELETRODUTOS CORRUGADOS KRONA|VAREJO|FEV27
30 - ELETRODUTOS CORRUGADOS KRONA;MINAS GERAIS;MINAS RJ/ES;VAREJO;2027-03-01;31803,77;MINAS GERAIS|30 - ELETRODUTOS CORRUGADOS KRONA|VAREJO|MAR27
30 - ELETRODUTOS CORRUGADOS KRONA;MINAS GERAIS;MINAS RJ/ES;VAREJO;2027-04-01;31457,47;MINAS GERAIS|30 - ELETRODUTOS CORRUGADOS KRONA|VAREJO|ABR27
30 - ELETRODUTOS CORRUGADOS KRONA;MINAS GERAIS;MINAS RJ/ES;VAREJO;2027-05-01;31229,54;MINAS GERAIS|30 - ELETRODUTOS CORRUGADOS KRONA|VAREJO|MAI27
30 - ELETRODUTOS CORRUGADOS KRONA;MINAS GERAIS;MINAS RJ/ES;VAREJO;2027-06-01;32087,65;MINAS GERAIS|30 - ELETRODUTOS CORRUGADOS KRONA|VAREJO|JUN27
30 - ELETRODUTOS CORRUGADOS KRONA;MINAS GERAIS;MINAS RJ/ES;VAREJO;2027-07-01;32391,08;MINAS GERAIS|30 - ELETRODUTOS CORRUGADOS KRONA|VAREJO|JUL27
30 - ELETRODUTOS CORRUGADOS KRONA;MINAS GERAIS;MINAS RJ/ES;VAREJO;2027-08-01;31133,79;MINAS GERAIS|30 - ELETRODUTOS CORRUGADOS KRONA|VAREJO|AGO27
30 - ELETRODUTOS CORRUGADOS KRONA;MINAS GERAIS;MINAS RJ/ES;VAREJO;2027-09-01;33289,64;MINAS GERAIS|30 - ELETRODUTOS CORRUGADOS KRONA|VAREJO|SET27
30 - ELETRODUTOS CORRUGADOS KRONA;MINAS GERAIS;MINAS RJ/ES;VAREJO;2027-10-01;32588,33;MINAS GERAIS|30 - ELETRODUTOS CORRUGADOS KRONA|VAREJO|OUT27
30 - ELETRODUTOS CORRUGADOS KRONA;MINAS GERAIS;MINAS RJ/ES;VAREJO;2027-11-01;31790,54;MINAS GERAIS|30 - ELETRODUTOS CORRUGADOS KRONA|VAREJO|NOV27
30 - ELETRODUTOS CORRUGADOS KRONA;MINAS GERAIS;MINAS RJ/ES;VAREJO;2027-12-01;33383,91;MINAS GERAIS|30 - ELETRODUTOS CORRUGADOS KRONA|VAREJO|DEZ27
30 - ELETRODUTOS CORRUGADOS KRONA;NORDESTE 1;NORDESTE;ATACADO;2027-01-01;10350,51;NORDESTE 1|30 - ELETRODUTOS CORRUGADOS KRONA|ATACADO|JAN27
30 - ELETRODUTOS CORRUGADOS KRONA;NORDESTE 1;NORDESTE;ATACADO;2027-02-01;10959,72;NORDESTE 1|30 - ELETRODUTOS CORRUGADOS KRONA|ATACADO|FEV27
30 - ELETRODUTOS CORRUGADOS KRONA;NORDESTE 1;NORDESTE;ATACADO;2027-03-01;11008,39;NORDESTE 1|30 - ELETRODUTOS CORRUGADOS KRONA|ATACADO|MAR27
30 - ELETRODUTOS CORRUGADOS KRONA;NORDESTE 1;NORDESTE;ATACADO;2027-04-01;11216,60;NORDESTE 1|30 - ELETRODUTOS CORRUGADOS KRONA|ATACADO|ABR27
30 - ELETRODUTOS CORRUGADOS KRONA;NORDESTE 1;NORDESTE;ATACADO;2027-05-01;10991,32;NORDESTE 1|30 - ELETRODUTOS CORRUGADOS KRONA|ATACADO|MAI27
30 - ELETRODUTOS CORRUGADOS KRONA;NORDESTE 1;NORDESTE;ATACADO;2027-06-01;11359,12;NORDESTE 1|30 - ELETRODUTOS CORRUGADOS KRONA|ATACADO|JUN27
30 - ELETRODUTOS CORRUGADOS KRONA;NORDESTE 1;NORDESTE;ATACADO;2027-07-01;11047,97;NORDESTE 1|30 - ELETRODUTOS CORRUGADOS KRONA|ATACADO|JUL27
30 - ELETRODUTOS CORRUGADOS KRONA;NORDESTE 1;NORDESTE;ATACADO;2027-08-01;11973,08;NORDESTE 1|30 - ELETRODUTOS CORRUGADOS KRONA|ATACADO|AGO27
30 - ELETRODUTOS CORRUGADOS KRONA;NORDESTE 1;NORDESTE;ATACADO;2027-09-01;12157,16;NORDESTE 1|30 - ELETRODUTOS CORRUGADOS KRONA|ATACADO|SET27
30 - ELETRODUTOS CORRUGADOS KRONA;NORDESTE 1;NORDESTE;ATACADO;2027-10-01;12278,51;NORDESTE 1|30 - ELETRODUTOS CORRUGADOS KRONA|ATACADO|OUT27
30 - ELETRODUTOS CORRUGADOS KRONA;NORDESTE 1;NORDESTE;ATACADO;2027-11-01;12804,37;NORDESTE 1|30 - ELETRODUTOS CORRUGADOS KRONA|ATACADO|NOV27
30 - ELETRODUTOS CORRUGADOS KRONA;NORDESTE 1;NORDESTE;ATACADO;2027-12-01;13873,82;NORDESTE 1|30 - ELETRODUTOS CORRUGADOS KRONA|ATACADO|DEZ27
30 - ELETRODUTOS CORRUGADOS KRONA;NORDESTE 1;NORDESTE;OUTROS;2027-01-01;52,52;NORDESTE 1|30 - ELETRODUTOS CORRUGADOS KRONA|OUTROS|JAN27
30 - ELETRODUTOS CORRUGADOS KRONA;NORDESTE 1;NORDESTE;OUTROS;2027-02-01;54,74;NORDESTE 1|30 - ELETRODUTOS CORRUGADOS KRONA|OUTROS|FEV27
30 - ELETRODUTOS CORRUGADOS KRONA;NORDESTE 1;NORDESTE;OUTROS;2027-03-01;55,06;NORDESTE 1|30 - ELETRODUTOS CORRUGADOS KRONA|OUTROS|MAR27
30 - ELETRODUTOS CORRUGADOS KRONA;NORDESTE 1;NORDESTE;OUTROS;2027-04-01;55,81;NORDESTE 1|30 - ELETRODUTOS CORRUGADOS KRONA|OUTROS|ABR27
30 - ELETRODUTOS CORRUGADOS KRONA;NORDESTE 1;NORDESTE;OUTROS;2027-05-01;55,53;NORDESTE 1|30 - ELETRODUTOS CORRUGADOS KRONA|OUTROS|MAI27
30 - ELETRODUTOS CORRUGADOS KRONA;NORDESTE 1;NORDESTE;OUTROS;2027-06-01;56,70;NORDESTE 1|30 - ELETRODUTOS CORRUGADOS KRONA|OUTROS|JUN27
30 - ELETRODUTOS CORRUGADOS KRONA;NORDESTE 1;NORDESTE;OUTROS;2027-07-01;56,52;NORDESTE 1|30 - ELETRODUTOS CORRUGADOS KRONA|OUTROS|JUL27
30 - ELETRODUTOS CORRUGADOS KRONA;NORDESTE 1;NORDESTE;OUTROS;2027-08-01;59,22;NORDESTE 1|30 - ELETRODUTOS CORRUGADOS KRONA|OUTROS|AGO27
30 - ELETRODUTOS CORRUGADOS KRONA;NORDESTE 1;NORDESTE;OUTROS;2027-09-01;59,89;NORDESTE 1|30 - ELETRODUTOS CORRUGADOS KRONA|OUTROS|SET27
30 - ELETRODUTOS CORRUGADOS KRONA;NORDESTE 1;NORDESTE;OUTROS;2027-10-01;60,07;NORDESTE 1|30 - ELETRODUTOS CORRUGADOS KRONA|OUTROS|OUT27
30 - ELETRODUTOS CORRUGADOS KRONA;NORDESTE 1;NORDESTE;OUTROS;2027-11-01;61,80;NORDESTE 1|30 - ELETRODUTOS CORRUGADOS KRONA|OUTROS|NOV27
30 - ELETRODUTOS CORRUGADOS KRONA;NORDESTE 1;NORDESTE;OUTROS;2027-12-01;66,36;NORDESTE 1|30 - ELETRODUTOS CORRUGADOS KRONA|OUTROS|DEZ27
30 - ELETRODUTOS CORRUGADOS KRONA;NORDESTE 1;NORDESTE;VAREJO;2027-01-01;7934,42;NORDESTE 1|30 - ELETRODUTOS CORRUGADOS KRONA|VAREJO|JAN27
30 - ELETRODUTOS CORRUGADOS KRONA;NORDESTE 1;NORDESTE;VAREJO;2027-02-01;8485,88;NORDESTE 1|30 - ELETRODUTOS CORRUGADOS KRONA|VAREJO|FEV27
30 - ELETRODUTOS CORRUGADOS KRONA;NORDESTE 1;NORDESTE;VAREJO;2027-03-01;8539,77;NORDESTE 1|30 - ELETRODUTOS CORRUGADOS KRONA|VAREJO|MAR27
30 - ELETRODUTOS CORRUGADOS KRONA;NORDESTE 1;NORDESTE;VAREJO;2027-04-01;8645,37;NORDESTE 1|30 - ELETRODUTOS CORRUGADOS KRONA|VAREJO|ABR27
30 - ELETRODUTOS CORRUGADOS KRONA;NORDESTE 1;NORDESTE;VAREJO;2027-05-01;8476,31;NORDESTE 1|30 - ELETRODUTOS CORRUGADOS KRONA|VAREJO|MAI27
30 - ELETRODUTOS CORRUGADOS KRONA;NORDESTE 1;NORDESTE;VAREJO;2027-06-01;8744,91;NORDESTE 1|30 - ELETRODUTOS CORRUGADOS KRONA|VAREJO|JUN27
30 - ELETRODUTOS CORRUGADOS KRONA;NORDESTE 1;NORDESTE;VAREJO;2027-07-01;8635,91;NORDESTE 1|30 - ELETRODUTOS CORRUGADOS KRONA|VAREJO|JUL27
30 - ELETRODUTOS CORRUGADOS KRONA;NORDESTE 1;NORDESTE;VAREJO;2027-08-01;9255,73;NORDESTE 1|30 - ELETRODUTOS CORRUGADOS KRONA|VAREJO|AGO27
30 - ELETRODUTOS CORRUGADOS KRONA;NORDESTE 1;NORDESTE;VAREJO;2027-09-01;9389,61;NORDESTE 1|30 - ELETRODUTOS CORRUGADOS KRONA|VAREJO|SET27
30 - ELETRODUTOS CORRUGADOS KRONA;NORDESTE 1;NORDESTE;VAREJO;2027-10-01;9400,01;NORDESTE 1|30 - ELETRODUTOS CORRUGADOS KRONA|VAREJO|OUT27
30 - ELETRODUTOS CORRUGADOS KRONA;NORDESTE 1;NORDESTE;VAREJO;2027-11-01;9804,21;NORDESTE 1|30 - ELETRODUTOS CORRUGADOS KRONA|VAREJO|NOV27
30 - ELETRODUTOS CORRUGADOS KRONA;NORDESTE 1;NORDESTE;VAREJO;2027-12-01;11014,51;NORDESTE 1|30 - ELETRODUTOS CORRUGADOS KRONA|VAREJO|DEZ27
30 - ELETRODUTOS CORRUGADOS KRONA;NORDESTE 2;NORDESTE;ATACADO;2027-01-01;29479,86;NORDESTE 2|30 - ELETRODUTOS CORRUGADOS KRONA|ATACADO|JAN27
30 - ELETRODUTOS CORRUGADOS KRONA;NORDESTE 2;NORDESTE;ATACADO;2027-02-01;29784,55;NORDESTE 2|30 - ELETRODUTOS CORRUGADOS KRONA|ATACADO|FEV27
30 - ELETRODUTOS CORRUGADOS KRONA;NORDESTE 2;NORDESTE;ATACADO;2027-03-01;30109,64;NORDESTE 2|30 - ELETRODUTOS CORRUGADOS KRONA|ATACADO|MAR27
30 - ELETRODUTOS CORRUGADOS KRONA;NORDESTE 2;NORDESTE;ATACADO;2027-04-01;30513,92;NORDESTE 2|30 - ELETRODUTOS CORRUGADOS KRONA|ATACADO|ABR27
30 - ELETRODUTOS CORRUGADOS KRONA;NORDESTE 2;NORDESTE;ATACADO;2027-05-01;29772,91;NORDESTE 2|30 - ELETRODUTOS CORRUGADOS KRONA|ATACADO|MAI27
30 - ELETRODUTOS CORRUGADOS KRONA;NORDESTE 2;NORDESTE;ATACADO;2027-06-01;30151,63;NORDESTE 2|30 - ELETRODUTOS CORRUGADOS KRONA|ATACADO|JUN27
30 - ELETRODUTOS CORRUGADOS KRONA;NORDESTE 2;NORDESTE;ATACADO;2027-07-01;30616,97;NORDESTE 2|30 - ELETRODUTOS CORRUGADOS KRONA|ATACADO|JUL27
30 - ELETRODUTOS CORRUGADOS KRONA;NORDESTE 2;NORDESTE;ATACADO;2027-08-01;30009,69;NORDESTE 2|30 - ELETRODUTOS CORRUGADOS KRONA|ATACADO|AGO27
30 - ELETRODUTOS CORRUGADOS KRONA;NORDESTE 2;NORDESTE;ATACADO;2027-09-01;30287,73;NORDESTE 2|30 - ELETRODUTOS CORRUGADOS KRONA|ATACADO|SET27
30 - ELETRODUTOS CORRUGADOS KRONA;NORDESTE 2;NORDESTE;ATACADO;2027-10-01;30635,65;NORDESTE 2|30 - ELETRODUTOS CORRUGADOS KRONA|ATACADO|OUT27
30 - ELETRODUTOS CORRUGADOS KRONA;NORDESTE 2;NORDESTE;ATACADO;2027-11-01;30482,78;NORDESTE 2|30 - ELETRODUTOS CORRUGADOS KRONA|ATACADO|NOV27
30 - ELETRODUTOS CORRUGADOS KRONA;NORDESTE 2;NORDESTE;ATACADO;2027-12-01;30909,52;NORDESTE 2|30 - ELETRODUTOS CORRUGADOS KRONA|ATACADO|DEZ27
30 - ELETRODUTOS CORRUGADOS KRONA;NORDESTE 2;NORDESTE;OUTROS;2027-01-01;8,51;NORDESTE 2|30 - ELETRODUTOS CORRUGADOS KRONA|OUTROS|JAN27
30 - ELETRODUTOS CORRUGADOS KRONA;NORDESTE 2;NORDESTE;OUTROS;2027-02-01;8,55;NORDESTE 2|30 - ELETRODUTOS CORRUGADOS KRONA|OUTROS|FEV27
30 - ELETRODUTOS CORRUGADOS KRONA;NORDESTE 2;NORDESTE;OUTROS;2027-03-01;8,59;NORDESTE 2|30 - ELETRODUTOS CORRUGADOS KRONA|OUTROS|MAR27
30 - ELETRODUTOS CORRUGADOS KRONA;NORDESTE 2;NORDESTE;OUTROS;2027-04-01;8,63;NORDESTE 2|30 - ELETRODUTOS CORRUGADOS KRONA|OUTROS|ABR27
30 - ELETRODUTOS CORRUGADOS KRONA;NORDESTE 2;NORDESTE;OUTROS;2027-05-01;8,67;NORDESTE 2|30 - ELETRODUTOS CORRUGADOS KRONA|OUTROS|MAI27
30 - ELETRODUTOS CORRUGADOS KRONA;NORDESTE 2;NORDESTE;OUTROS;2027-06-01;8,71;NORDESTE 2|30 - ELETRODUTOS CORRUGADOS KRONA|OUTROS|JUN27
30 - ELETRODUTOS CORRUGADOS KRONA;NORDESTE 2;NORDESTE;OUTROS;2027-07-01;8,75;NORDESTE 2|30 - ELETRODUTOS CORRUGADOS KRONA|OUTROS|JUL27
30 - ELETRODUTOS CORRUGADOS KRONA;NORDESTE 2;NORDESTE;OUTROS;2027-08-01;8,79;NORDESTE 2|30 - ELETRODUTOS CORRUGADOS KRONA|OUTROS|AGO27
30 - ELETRODUTOS CORRUGADOS KRONA;NORDESTE 2;NORDESTE;OUTROS;2027-09-01;8,83;NORDESTE 2|30 - ELETRODUTOS CORRUGADOS KRONA|OUTROS|SET27
30 - ELETRODUTOS CORRUGADOS KRONA;NORDESTE 2;NORDESTE;OUTROS;2027-10-01;8,87;NORDESTE 2|30 - ELETRODUTOS CORRUGADOS KRONA|OUTROS|OUT27
30 - ELETRODUTOS CORRUGADOS KRONA;NORDESTE 2;NORDESTE;OUTROS;2027-11-01;8,91;NORDESTE 2|30 - ELETRODUTOS CORRUGADOS KRONA|OUTROS|NOV27
30 - ELETRODUTOS CORRUGADOS KRONA;NORDESTE 2;NORDESTE;OUTROS;2027-12-01;8,94;NORDESTE 2|30 - ELETRODUTOS CORRUGADOS KRONA|OUTROS|DEZ27
30 - ELETRODUTOS CORRUGADOS KRONA;NORDESTE 2;NORDESTE;VAREJO;2027-01-01;13064,08;NORDESTE 2|30 - ELETRODUTOS CORRUGADOS KRONA|VAREJO|JAN27
30 - ELETRODUTOS CORRUGADOS KRONA;NORDESTE 2;NORDESTE;VAREJO;2027-02-01;13318,17;NORDESTE 2|30 - ELETRODUTOS CORRUGADOS KRONA|VAREJO|FEV27
30 - ELETRODUTOS CORRUGADOS KRONA;NORDESTE 2;NORDESTE;VAREJO;2027-03-01;13467,55;NORDESTE 2|30 - ELETRODUTOS CORRUGADOS KRONA|VAREJO|MAR27
30 - ELETRODUTOS CORRUGADOS KRONA;NORDESTE 2;NORDESTE;VAREJO;2027-04-01;13638,82;NORDESTE 2|30 - ELETRODUTOS CORRUGADOS KRONA|VAREJO|ABR27
30 - ELETRODUTOS CORRUGADOS KRONA;NORDESTE 2;NORDESTE;VAREJO;2027-05-01;12924,20;NORDESTE 2|30 - ELETRODUTOS CORRUGADOS KRONA|VAREJO|MAI27
30 - ELETRODUTOS CORRUGADOS KRONA;NORDESTE 2;NORDESTE;VAREJO;2027-06-01;13181,15;NORDESTE 2|30 - ELETRODUTOS CORRUGADOS KRONA|VAREJO|JUN27
30 - ELETRODUTOS CORRUGADOS KRONA;NORDESTE 2;NORDESTE;VAREJO;2027-07-01;13570,76;NORDESTE 2|30 - ELETRODUTOS CORRUGADOS KRONA|VAREJO|JUL27
30 - ELETRODUTOS CORRUGADOS KRONA;NORDESTE 2;NORDESTE;VAREJO;2027-08-01;12769,02;NORDESTE 2|30 - ELETRODUTOS CORRUGADOS KRONA|VAREJO|AGO27
30 - ELETRODUTOS CORRUGADOS KRONA;NORDESTE 2;NORDESTE;VAREJO;2027-09-01;12953,86;NORDESTE 2|30 - ELETRODUTOS CORRUGADOS KRONA|VAREJO|SET27
30 - ELETRODUTOS CORRUGADOS KRONA;NORDESTE 2;NORDESTE;VAREJO;2027-10-01;13052,31;NORDESTE 2|30 - ELETRODUTOS CORRUGADOS KRONA|VAREJO|OUT27
30 - ELETRODUTOS CORRUGADOS KRONA;NORDESTE 2;NORDESTE;VAREJO;2027-11-01;12868,64;NORDESTE 2|30 - ELETRODUTOS CORRUGADOS KRONA|VAREJO|NOV27
30 - ELETRODUTOS CORRUGADOS KRONA;NORDESTE 2;NORDESTE;VAREJO;2027-12-01;13264,94;NORDESTE 2|30 - ELETRODUTOS CORRUGADOS KRONA|VAREJO|DEZ27
30 - ELETRODUTOS CORRUGADOS KRONA;NORDESTE 3;NORDESTE;ATACADO;2027-01-01;36245,45;NORDESTE 3|30 - ELETRODUTOS CORRUGADOS KRONA|ATACADO|JAN27
30 - ELETRODUTOS CORRUGADOS KRONA;NORDESTE 3;NORDESTE;ATACADO;2027-02-01;37089,60;NORDESTE 3|30 - ELETRODUTOS CORRUGADOS KRONA|ATACADO|FEV27
30 - ELETRODUTOS CORRUGADOS KRONA;NORDESTE 3;NORDESTE;ATACADO;2027-03-01;39017,88;NORDESTE 3|30 - ELETRODUTOS CORRUGADOS KRONA|ATACADO|MAR27
30 - ELETRODUTOS CORRUGADOS KRONA;NORDESTE 3;NORDESTE;ATACADO;2027-04-01;39300,96;NORDESTE 3|30 - ELETRODUTOS CORRUGADOS KRONA|ATACADO|ABR27
30 - ELETRODUTOS CORRUGADOS KRONA;NORDESTE 3;NORDESTE;ATACADO;2027-05-01;37971,14;NORDESTE 3|30 - ELETRODUTOS CORRUGADOS KRONA|ATACADO|MAI27
30 - ELETRODUTOS CORRUGADOS KRONA;NORDESTE 3;NORDESTE;ATACADO;2027-06-01;38248,82;NORDESTE 3|30 - ELETRODUTOS CORRUGADOS KRONA|ATACADO|JUN27
30 - ELETRODUTOS CORRUGADOS KRONA;NORDESTE 3;NORDESTE;ATACADO;2027-07-01;39635,87;NORDESTE 3|30 - ELETRODUTOS CORRUGADOS KRONA|ATACADO|JUL27
30 - ELETRODUTOS CORRUGADOS KRONA;NORDESTE 3;NORDESTE;ATACADO;2027-08-01;41137,07;NORDESTE 3|30 - ELETRODUTOS CORRUGADOS KRONA|ATACADO|AGO27
30 - ELETRODUTOS CORRUGADOS KRONA;NORDESTE 3;NORDESTE;ATACADO;2027-09-01;39864,12;NORDESTE 3|30 - ELETRODUTOS CORRUGADOS KRONA|ATACADO|SET27
30 - ELETRODUTOS CORRUGADOS KRONA;NORDESTE 3;NORDESTE;ATACADO;2027-10-01;40397,96;NORDESTE 3|30 - ELETRODUTOS CORRUGADOS KRONA|ATACADO|OUT27
30 - ELETRODUTOS CORRUGADOS KRONA;NORDESTE 3;NORDESTE;ATACADO;2027-11-01;40239,31;NORDESTE 3|30 - ELETRODUTOS CORRUGADOS KRONA|ATACADO|NOV27
30 - ELETRODUTOS CORRUGADOS KRONA;NORDESTE 3;NORDESTE;ATACADO;2027-12-01;41040,07;NORDESTE 3|30 - ELETRODUTOS CORRUGADOS KRONA|ATACADO|DEZ27
30 - ELETRODUTOS CORRUGADOS KRONA;NORDESTE 3;NORDESTE;OUTROS;2027-01-01;3,25;NORDESTE 3|30 - ELETRODUTOS CORRUGADOS KRONA|OUTROS|JAN27
30 - ELETRODUTOS CORRUGADOS KRONA;NORDESTE 3;NORDESTE;OUTROS;2027-02-01;3,27;NORDESTE 3|30 - ELETRODUTOS CORRUGADOS KRONA|OUTROS|FEV27
30 - ELETRODUTOS CORRUGADOS KRONA;NORDESTE 3;NORDESTE;OUTROS;2027-03-01;3,29;NORDESTE 3|30 - ELETRODUTOS CORRUGADOS KRONA|OUTROS|MAR27
30 - ELETRODUTOS CORRUGADOS KRONA;NORDESTE 3;NORDESTE;OUTROS;2027-04-01;3,31;NORDESTE 3|30 - ELETRODUTOS CORRUGADOS KRONA|OUTROS|ABR27
30 - ELETRODUTOS CORRUGADOS KRONA;NORDESTE 3;NORDESTE;OUTROS;2027-05-01;3,32;NORDESTE 3|30 - ELETRODUTOS CORRUGADOS KRONA|OUTROS|MAI27
30 - ELETRODUTOS CORRUGADOS KRONA;NORDESTE 3;NORDESTE;OUTROS;2027-06-01;3,34;NORDESTE 3|30 - ELETRODUTOS CORRUGADOS KRONA|OUTROS|JUN27
30 - ELETRODUTOS CORRUGADOS KRONA;NORDESTE 3;NORDESTE;OUTROS;2027-07-01;3,36;NORDESTE 3|30 - ELETRODUTOS CORRUGADOS KRONA|OUTROS|JUL27
30 - ELETRODUTOS CORRUGADOS KRONA;NORDESTE 3;NORDESTE;OUTROS;2027-08-01;3,38;NORDESTE 3|30 - ELETRODUTOS CORRUGADOS KRONA|OUTROS|AGO27
30 - ELETRODUTOS CORRUGADOS KRONA;NORDESTE 3;NORDESTE;OUTROS;2027-09-01;3,40;NORDESTE 3|30 - ELETRODUTOS CORRUGADOS KRONA|OUTROS|SET27
30 - ELETRODUTOS CORRUGADOS KRONA;NORDESTE 3;NORDESTE;OUTROS;2027-10-01;3,42;NORDESTE 3|30 - ELETRODUTOS CORRUGADOS KRONA|OUTROS|OUT27
30 - ELETRODUTOS CORRUGADOS KRONA;NORDESTE 3;NORDESTE;OUTROS;2027-11-01;3,44;NORDESTE 3|30 - ELETRODUTOS CORRUGADOS KRONA|OUTROS|NOV27
30 - ELETRODUTOS CORRUGADOS KRONA;NORDESTE 3;NORDESTE;OUTROS;2027-12-01;3,46;NORDESTE 3|30 - ELETRODUTOS CORRUGADOS KRONA|OUTROS|DEZ27
30 - ELETRODUTOS CORRUGADOS KRONA;NORDESTE 3;NORDESTE;VAREJO;2027-01-01;24838,15;NORDESTE 3|30 - ELETRODUTOS CORRUGADOS KRONA|VAREJO|JAN27
30 - ELETRODUTOS CORRUGADOS KRONA;NORDESTE 3;NORDESTE;VAREJO;2027-02-01;25594,16;NORDESTE 3|30 - ELETRODUTOS CORRUGADOS KRONA|VAREJO|FEV27
30 - ELETRODUTOS CORRUGADOS KRONA;NORDESTE 3;NORDESTE;VAREJO;2027-03-01;27466,78;NORDESTE 3|30 - ELETRODUTOS CORRUGADOS KRONA|VAREJO|MAR27
30 - ELETRODUTOS CORRUGADOS KRONA;NORDESTE 3;NORDESTE;VAREJO;2027-04-01;27797,40;NORDESTE 3|30 - ELETRODUTOS CORRUGADOS KRONA|VAREJO|ABR27
30 - ELETRODUTOS CORRUGADOS KRONA;NORDESTE 3;NORDESTE;VAREJO;2027-05-01;26525,40;NORDESTE 3|30 - ELETRODUTOS CORRUGADOS KRONA|VAREJO|MAI27
30 - ELETRODUTOS CORRUGADOS KRONA;NORDESTE 3;NORDESTE;VAREJO;2027-06-01;26640,94;NORDESTE 3|30 - ELETRODUTOS CORRUGADOS KRONA|VAREJO|JUN27
30 - ELETRODUTOS CORRUGADOS KRONA;NORDESTE 3;NORDESTE;VAREJO;2027-07-01;27984,32;NORDESTE 3|30 - ELETRODUTOS CORRUGADOS KRONA|VAREJO|JUL27
30 - ELETRODUTOS CORRUGADOS KRONA;NORDESTE 3;NORDESTE;VAREJO;2027-08-01;29181,25;NORDESTE 3|30 - ELETRODUTOS CORRUGADOS KRONA|VAREJO|AGO27
30 - ELETRODUTOS CORRUGADOS KRONA;NORDESTE 3;NORDESTE;VAREJO;2027-09-01;28041,17;NORDESTE 3|30 - ELETRODUTOS CORRUGADOS KRONA|VAREJO|SET27
30 - ELETRODUTOS CORRUGADOS KRONA;NORDESTE 3;NORDESTE;VAREJO;2027-10-01;28375,78;NORDESTE 3|30 - ELETRODUTOS CORRUGADOS KRONA|VAREJO|OUT27
30 - ELETRODUTOS CORRUGADOS KRONA;NORDESTE 3;NORDESTE;VAREJO;2027-11-01;28284,99;NORDESTE 3|30 - ELETRODUTOS CORRUGADOS KRONA|VAREJO|NOV27
30 - ELETRODUTOS CORRUGADOS KRONA;NORDESTE 3;NORDESTE;VAREJO;2027-12-01;28883,28;NORDESTE 3|30 - ELETRODUTOS CORRUGADOS KRONA|VAREJO|DEZ27
30 - ELETRODUTOS CORRUGADOS KRONA;NORTE;CO NO;ATACADO;2027-01-01;7612,63;NORTE|30 - ELETRODUTOS CORRUGADOS KRONA|ATACADO|JAN27
30 - ELETRODUTOS CORRUGADOS KRONA;NORTE;CO NO;ATACADO;2027-02-01;8420,40;NORTE|30 - ELETRODUTOS CORRUGADOS KRONA|ATACADO|FEV27
30 - ELETRODUTOS CORRUGADOS KRONA;NORTE;CO NO;ATACADO;2027-03-01;8472,12;NORTE|30 - ELETRODUTOS CORRUGADOS KRONA|ATACADO|MAR27
30 - ELETRODUTOS CORRUGADOS KRONA;NORTE;CO NO;ATACADO;2027-04-01;9532,50;NORTE|30 - ELETRODUTOS CORRUGADOS KRONA|ATACADO|ABR27
30 - ELETRODUTOS CORRUGADOS KRONA;NORTE;CO NO;ATACADO;2027-05-01;7715,92;NORTE|30 - ELETRODUTOS CORRUGADOS KRONA|ATACADO|MAI27
30 - ELETRODUTOS CORRUGADOS KRONA;NORTE;CO NO;ATACADO;2027-06-01;7292,59;NORTE|30 - ELETRODUTOS CORRUGADOS KRONA|ATACADO|JUN27
30 - ELETRODUTOS CORRUGADOS KRONA;NORTE;CO NO;ATACADO;2027-07-01;6891,71;NORTE|30 - ELETRODUTOS CORRUGADOS KRONA|ATACADO|JUL27
30 - ELETRODUTOS CORRUGADOS KRONA;NORTE;CO NO;ATACADO;2027-08-01;7453,11;NORTE|30 - ELETRODUTOS CORRUGADOS KRONA|ATACADO|AGO27
30 - ELETRODUTOS CORRUGADOS KRONA;NORTE;CO NO;ATACADO;2027-09-01;7190,55;NORTE|30 - ELETRODUTOS CORRUGADOS KRONA|ATACADO|SET27
30 - ELETRODUTOS CORRUGADOS KRONA;NORTE;CO NO;ATACADO;2027-10-01;7260,34;NORTE|30 - ELETRODUTOS CORRUGADOS KRONA|ATACADO|OUT27
30 - ELETRODUTOS CORRUGADOS KRONA;NORTE;CO NO;ATACADO;2027-11-01;7052,60;NORTE|30 - ELETRODUTOS CORRUGADOS KRONA|ATACADO|NOV27
30 - ELETRODUTOS CORRUGADOS KRONA;NORTE;CO NO;ATACADO;2027-12-01;7408,98;NORTE|30 - ELETRODUTOS CORRUGADOS KRONA|ATACADO|DEZ27
30 - ELETRODUTOS CORRUGADOS KRONA;NORTE;CO NO;VAREJO;2027-01-01;17647,03;NORTE|30 - ELETRODUTOS CORRUGADOS KRONA|VAREJO|JAN27
30 - ELETRODUTOS CORRUGADOS KRONA;NORTE;CO NO;VAREJO;2027-02-01;19519,16;NORTE|30 - ELETRODUTOS CORRUGADOS KRONA|VAREJO|FEV27
30 - ELETRODUTOS CORRUGADOS KRONA;NORTE;CO NO;VAREJO;2027-03-01;19741,69;NORTE|30 - ELETRODUTOS CORRUGADOS KRONA|VAREJO|MAR27
30 - ELETRODUTOS CORRUGADOS KRONA;NORTE;CO NO;VAREJO;2027-04-01;22029,59;NORTE|30 - ELETRODUTOS CORRUGADOS KRONA|VAREJO|ABR27
30 - ELETRODUTOS CORRUGADOS KRONA;NORTE;CO NO;VAREJO;2027-05-01;18189,57;NORTE|30 - ELETRODUTOS CORRUGADOS KRONA|VAREJO|MAI27
30 - ELETRODUTOS CORRUGADOS KRONA;NORTE;CO NO;VAREJO;2027-06-01;17303,96;NORTE|30 - ELETRODUTOS CORRUGADOS KRONA|VAREJO|JUN27
30 - ELETRODUTOS CORRUGADOS KRONA;NORTE;CO NO;VAREJO;2027-07-01;16480,59;NORTE|30 - ELETRODUTOS CORRUGADOS KRONA|VAREJO|JUL27
30 - ELETRODUTOS CORRUGADOS KRONA;NORTE;CO NO;VAREJO;2027-08-01;17664,37;NORTE|30 - ELETRODUTOS CORRUGADOS KRONA|VAREJO|AGO27
30 - ELETRODUTOS CORRUGADOS KRONA;NORTE;CO NO;VAREJO;2027-09-01;17052,61;NORTE|30 - ELETRODUTOS CORRUGADOS KRONA|VAREJO|SET27
30 - ELETRODUTOS CORRUGADOS KRONA;NORTE;CO NO;VAREJO;2027-10-01;17190,69;NORTE|30 - ELETRODUTOS CORRUGADOS KRONA|VAREJO|OUT27
30 - ELETRODUTOS CORRUGADOS KRONA;NORTE;CO NO;VAREJO;2027-11-01;16734,47;NORTE|30 - ELETRODUTOS CORRUGADOS KRONA|VAREJO|NOV27
30 - ELETRODUTOS CORRUGADOS KRONA;NORTE;CO NO;VAREJO;2027-12-01;17488,63;NORTE|30 - ELETRODUTOS CORRUGADOS KRONA|VAREJO|DEZ27
30 - ELETRODUTOS CORRUGADOS KRONA;PARANA;SUL;ATACADO;2027-01-01;3876,38;PARANA|30 - ELETRODUTOS CORRUGADOS KRONA|ATACADO|JAN27
30 - ELETRODUTOS CORRUGADOS KRONA;PARANA;SUL;ATACADO;2027-02-01;4421,22;PARANA|30 - ELETRODUTOS CORRUGADOS KRONA|ATACADO|FEV27
30 - ELETRODUTOS CORRUGADOS KRONA;PARANA;SUL;ATACADO;2027-03-01;4758,62;PARANA|30 - ELETRODUTOS CORRUGADOS KRONA|ATACADO|MAR27
30 - ELETRODUTOS CORRUGADOS KRONA;PARANA;SUL;ATACADO;2027-04-01;5095,36;PARANA|30 - ELETRODUTOS CORRUGADOS KRONA|ATACADO|ABR27
30 - ELETRODUTOS CORRUGADOS KRONA;PARANA;SUL;ATACADO;2027-05-01;4869,36;PARANA|30 - ELETRODUTOS CORRUGADOS KRONA|ATACADO|MAI27
30 - ELETRODUTOS CORRUGADOS KRONA;PARANA;SUL;ATACADO;2027-06-01;4797,78;PARANA|30 - ELETRODUTOS CORRUGADOS KRONA|ATACADO|JUN27
30 - ELETRODUTOS CORRUGADOS KRONA;PARANA;SUL;ATACADO;2027-07-01;5038,21;PARANA|30 - ELETRODUTOS CORRUGADOS KRONA|ATACADO|JUL27
30 - ELETRODUTOS CORRUGADOS KRONA;PARANA;SUL;ATACADO;2027-08-01;5114,24;PARANA|30 - ELETRODUTOS CORRUGADOS KRONA|ATACADO|AGO27
30 - ELETRODUTOS CORRUGADOS KRONA;PARANA;SUL;ATACADO;2027-09-01;5032,64;PARANA|30 - ELETRODUTOS CORRUGADOS KRONA|ATACADO|SET27
30 - ELETRODUTOS CORRUGADOS KRONA;PARANA;SUL;ATACADO;2027-10-01;4911,06;PARANA|30 - ELETRODUTOS CORRUGADOS KRONA|ATACADO|OUT27
30 - ELETRODUTOS CORRUGADOS KRONA;PARANA;SUL;ATACADO;2027-11-01;4976,50;PARANA|30 - ELETRODUTOS CORRUGADOS KRONA|ATACADO|NOV27
30 - ELETRODUTOS CORRUGADOS KRONA;PARANA;SUL;ATACADO;2027-12-01;4969,63;PARANA|30 - ELETRODUTOS CORRUGADOS KRONA|ATACADO|DEZ27
30 - ELETRODUTOS CORRUGADOS KRONA;PARANA;SUL;OUTROS;2027-01-01;2,76;PARANA|30 - ELETRODUTOS CORRUGADOS KRONA|OUTROS|JAN27
30 - ELETRODUTOS CORRUGADOS KRONA;PARANA;SUL;OUTROS;2027-02-01;3,53;PARANA|30 - ELETRODUTOS CORRUGADOS KRONA|OUTROS|FEV27
30 - ELETRODUTOS CORRUGADOS KRONA;PARANA;SUL;OUTROS;2027-03-01;4,03;PARANA|30 - ELETRODUTOS CORRUGADOS KRONA|OUTROS|MAR27
30 - ELETRODUTOS CORRUGADOS KRONA;PARANA;SUL;OUTROS;2027-04-01;4,49;PARANA|30 - ELETRODUTOS CORRUGADOS KRONA|OUTROS|ABR27
30 - ELETRODUTOS CORRUGADOS KRONA;PARANA;SUL;OUTROS;2027-05-01;4,21;PARANA|30 - ELETRODUTOS CORRUGADOS KRONA|OUTROS|MAI27
30 - ELETRODUTOS CORRUGADOS KRONA;PARANA;SUL;OUTROS;2027-06-01;4,08;PARANA|30 - ELETRODUTOS CORRUGADOS KRONA|OUTROS|JUN27
30 - ELETRODUTOS CORRUGADOS KRONA;PARANA;SUL;OUTROS;2027-07-01;4,36;PARANA|30 - ELETRODUTOS CORRUGADOS KRONA|OUTROS|JUL27
30 - ELETRODUTOS CORRUGADOS KRONA;PARANA;SUL;OUTROS;2027-08-01;4,51;PARANA|30 - ELETRODUTOS CORRUGADOS KRONA|OUTROS|AGO27
30 - ELETRODUTOS CORRUGADOS KRONA;PARANA;SUL;OUTROS;2027-09-01;4,33;PARANA|30 - ELETRODUTOS CORRUGADOS KRONA|OUTROS|SET27
30 - ELETRODUTOS CORRUGADOS KRONA;PARANA;SUL;OUTROS;2027-10-01;4,14;PARANA|30 - ELETRODUTOS CORRUGADOS KRONA|OUTROS|OUT27
30 - ELETRODUTOS CORRUGADOS KRONA;PARANA;SUL;OUTROS;2027-11-01;4,24;PARANA|30 - ELETRODUTOS CORRUGADOS KRONA|OUTROS|NOV27
30 - ELETRODUTOS CORRUGADOS KRONA;PARANA;SUL;OUTROS;2027-12-01;4,26;PARANA|30 - ELETRODUTOS CORRUGADOS KRONA|OUTROS|DEZ27
30 - ELETRODUTOS CORRUGADOS KRONA;PARANA;SUL;VAREJO;2027-01-01;14863,40;PARANA|30 - ELETRODUTOS CORRUGADOS KRONA|VAREJO|JAN27
30 - ELETRODUTOS CORRUGADOS KRONA;PARANA;SUL;VAREJO;2027-02-01;16233,11;PARANA|30 - ELETRODUTOS CORRUGADOS KRONA|VAREJO|FEV27
30 - ELETRODUTOS CORRUGADOS KRONA;PARANA;SUL;VAREJO;2027-03-01;17342,25;PARANA|30 - ELETRODUTOS CORRUGADOS KRONA|VAREJO|MAR27
30 - ELETRODUTOS CORRUGADOS KRONA;PARANA;SUL;VAREJO;2027-04-01;18432,25;PARANA|30 - ELETRODUTOS CORRUGADOS KRONA|VAREJO|ABR27
30 - ELETRODUTOS CORRUGADOS KRONA;PARANA;SUL;VAREJO;2027-05-01;17400,03;PARANA|30 - ELETRODUTOS CORRUGADOS KRONA|VAREJO|MAI27
30 - ELETRODUTOS CORRUGADOS KRONA;PARANA;SUL;VAREJO;2027-06-01;16813,15;PARANA|30 - ELETRODUTOS CORRUGADOS KRONA|VAREJO|JUN27
30 - ELETRODUTOS CORRUGADOS KRONA;PARANA;SUL;VAREJO;2027-07-01;17767,07;PARANA|30 - ELETRODUTOS CORRUGADOS KRONA|VAREJO|JUL27
30 - ELETRODUTOS CORRUGADOS KRONA;PARANA;SUL;VAREJO;2027-08-01;18031,76;PARANA|30 - ELETRODUTOS CORRUGADOS KRONA|VAREJO|AGO27
30 - ELETRODUTOS CORRUGADOS KRONA;PARANA;SUL;VAREJO;2027-09-01;17698,17;PARANA|30 - ELETRODUTOS CORRUGADOS KRONA|VAREJO|SET27
30 - ELETRODUTOS CORRUGADOS KRONA;PARANA;SUL;VAREJO;2027-10-01;17166,24;PARANA|30 - ELETRODUTOS CORRUGADOS KRONA|VAREJO|OUT27
30 - ELETRODUTOS CORRUGADOS KRONA;PARANA;SUL;VAREJO;2027-11-01;17459,61;PARANA|30 - ELETRODUTOS CORRUGADOS KRONA|VAREJO|NOV27
30 - ELETRODUTOS CORRUGADOS KRONA;PARANA;SUL;VAREJO;2027-12-01;17630,40;PARANA|30 - ELETRODUTOS CORRUGADOS KRONA|VAREJO|DEZ27
30 - ELETRODUTOS CORRUGADOS KRONA;RIO GRANDE DO SUL;SUL;ATACADO;2027-01-01;12391,11;RIO GRANDE DO SUL|30 - ELETRODUTOS CORRUGADOS KRONA|ATACADO|JAN27
30 - ELETRODUTOS CORRUGADOS KRONA;RIO GRANDE DO SUL;SUL;ATACADO;2027-02-01;12495,74;RIO GRANDE DO SUL|30 - ELETRODUTOS CORRUGADOS KRONA|ATACADO|FEV27
30 - ELETRODUTOS CORRUGADOS KRONA;RIO GRANDE DO SUL;SUL;ATACADO;2027-03-01;12690,54;RIO GRANDE DO SUL|30 - ELETRODUTOS CORRUGADOS KRONA|ATACADO|MAR27
30 - ELETRODUTOS CORRUGADOS KRONA;RIO GRANDE DO SUL;SUL;ATACADO;2027-04-01;12838,89;RIO GRANDE DO SUL|30 - ELETRODUTOS CORRUGADOS KRONA|ATACADO|ABR27
30 - ELETRODUTOS CORRUGADOS KRONA;RIO GRANDE DO SUL;SUL;ATACADO;2027-05-01;12742,32;RIO GRANDE DO SUL|30 - ELETRODUTOS CORRUGADOS KRONA|ATACADO|MAI27
30 - ELETRODUTOS CORRUGADOS KRONA;RIO GRANDE DO SUL;SUL;ATACADO;2027-06-01;12872,46;RIO GRANDE DO SUL|30 - ELETRODUTOS CORRUGADOS KRONA|ATACADO|JUN27
30 - ELETRODUTOS CORRUGADOS KRONA;RIO GRANDE DO SUL;SUL;ATACADO;2027-07-01;12951,07;RIO GRANDE DO SUL|30 - ELETRODUTOS CORRUGADOS KRONA|ATACADO|JUL27
30 - ELETRODUTOS CORRUGADOS KRONA;RIO GRANDE DO SUL;SUL;ATACADO;2027-08-01;13052,06;RIO GRANDE DO SUL|30 - ELETRODUTOS CORRUGADOS KRONA|ATACADO|AGO27
30 - ELETRODUTOS CORRUGADOS KRONA;RIO GRANDE DO SUL;SUL;ATACADO;2027-09-01;13155,32;RIO GRANDE DO SUL|30 - ELETRODUTOS CORRUGADOS KRONA|ATACADO|SET27
30 - ELETRODUTOS CORRUGADOS KRONA;RIO GRANDE DO SUL;SUL;ATACADO;2027-10-01;13178,56;RIO GRANDE DO SUL|30 - ELETRODUTOS CORRUGADOS KRONA|ATACADO|OUT27
30 - ELETRODUTOS CORRUGADOS KRONA;RIO GRANDE DO SUL;SUL;ATACADO;2027-11-01;13129,08;RIO GRANDE DO SUL|30 - ELETRODUTOS CORRUGADOS KRONA|ATACADO|NOV27
30 - ELETRODUTOS CORRUGADOS KRONA;RIO GRANDE DO SUL;SUL;ATACADO;2027-12-01;13600,11;RIO GRANDE DO SUL|30 - ELETRODUTOS CORRUGADOS KRONA|ATACADO|DEZ27
30 - ELETRODUTOS CORRUGADOS KRONA;RIO GRANDE DO SUL;SUL;OUTROS;2027-01-01;119,50;RIO GRANDE DO SUL|30 - ELETRODUTOS CORRUGADOS KRONA|OUTROS|JAN27
30 - ELETRODUTOS CORRUGADOS KRONA;RIO GRANDE DO SUL;SUL;OUTROS;2027-02-01;120,38;RIO GRANDE DO SUL|30 - ELETRODUTOS CORRUGADOS KRONA|OUTROS|FEV27
30 - ELETRODUTOS CORRUGADOS KRONA;RIO GRANDE DO SUL;SUL;OUTROS;2027-03-01;121,45;RIO GRANDE DO SUL|30 - ELETRODUTOS CORRUGADOS KRONA|OUTROS|MAR27
30 - ELETRODUTOS CORRUGADOS KRONA;RIO GRANDE DO SUL;SUL;OUTROS;2027-04-01;123,37;RIO GRANDE DO SUL|30 - ELETRODUTOS CORRUGADOS KRONA|OUTROS|ABR27
30 - ELETRODUTOS CORRUGADOS KRONA;RIO GRANDE DO SUL;SUL;OUTROS;2027-05-01;122,23;RIO GRANDE DO SUL|30 - ELETRODUTOS CORRUGADOS KRONA|OUTROS|MAI27
30 - ELETRODUTOS CORRUGADOS KRONA;RIO GRANDE DO SUL;SUL;OUTROS;2027-06-01;124,07;RIO GRANDE DO SUL|30 - ELETRODUTOS CORRUGADOS KRONA|OUTROS|JUN27
30 - ELETRODUTOS CORRUGADOS KRONA;RIO GRANDE DO SUL;SUL;OUTROS;2027-07-01;124,74;RIO GRANDE DO SUL|30 - ELETRODUTOS CORRUGADOS KRONA|OUTROS|JUL27
30 - ELETRODUTOS CORRUGADOS KRONA;RIO GRANDE DO SUL;SUL;OUTROS;2027-08-01;125,84;RIO GRANDE DO SUL|30 - ELETRODUTOS CORRUGADOS KRONA|OUTROS|AGO27
30 - ELETRODUTOS CORRUGADOS KRONA;RIO GRANDE DO SUL;SUL;OUTROS;2027-09-01;126,93;RIO GRANDE DO SUL|30 - ELETRODUTOS CORRUGADOS KRONA|OUTROS|SET27
30 - ELETRODUTOS CORRUGADOS KRONA;RIO GRANDE DO SUL;SUL;OUTROS;2027-10-01;126,61;RIO GRANDE DO SUL|30 - ELETRODUTOS CORRUGADOS KRONA|OUTROS|OUT27
30 - ELETRODUTOS CORRUGADOS KRONA;RIO GRANDE DO SUL;SUL;OUTROS;2027-11-01;126,84;RIO GRANDE DO SUL|30 - ELETRODUTOS CORRUGADOS KRONA|OUTROS|NOV27
30 - ELETRODUTOS CORRUGADOS KRONA;RIO GRANDE DO SUL;SUL;OUTROS;2027-12-01;129,46;RIO GRANDE DO SUL|30 - ELETRODUTOS CORRUGADOS KRONA|OUTROS|DEZ27
30 - ELETRODUTOS CORRUGADOS KRONA;RIO GRANDE DO SUL;SUL;VAREJO;2027-01-01;8999,85;RIO GRANDE DO SUL|30 - ELETRODUTOS CORRUGADOS KRONA|VAREJO|JAN27
30 - ELETRODUTOS CORRUGADOS KRONA;RIO GRANDE DO SUL;SUL;VAREJO;2027-02-01;9049,93;RIO GRANDE DO SUL|30 - ELETRODUTOS CORRUGADOS KRONA|VAREJO|FEV27
30 - ELETRODUTOS CORRUGADOS KRONA;RIO GRANDE DO SUL;SUL;VAREJO;2027-03-01;9132,44;RIO GRANDE DO SUL|30 - ELETRODUTOS CORRUGADOS KRONA|VAREJO|MAR27
30 - ELETRODUTOS CORRUGADOS KRONA;RIO GRANDE DO SUL;SUL;VAREJO;2027-04-01;9392,07;RIO GRANDE DO SUL|30 - ELETRODUTOS CORRUGADOS KRONA|VAREJO|ABR27
30 - ELETRODUTOS CORRUGADOS KRONA;RIO GRANDE DO SUL;SUL;VAREJO;2027-05-01;9131,77;RIO GRANDE DO SUL|30 - ELETRODUTOS CORRUGADOS KRONA|VAREJO|MAI27
30 - ELETRODUTOS CORRUGADOS KRONA;RIO GRANDE DO SUL;SUL;VAREJO;2027-06-01;9388,19;RIO GRANDE DO SUL|30 - ELETRODUTOS CORRUGADOS KRONA|VAREJO|JUN27
30 - ELETRODUTOS CORRUGADOS KRONA;RIO GRANDE DO SUL;SUL;VAREJO;2027-07-01;9439,64;RIO GRANDE DO SUL|30 - ELETRODUTOS CORRUGADOS KRONA|VAREJO|JUL27
30 - ELETRODUTOS CORRUGADOS KRONA;RIO GRANDE DO SUL;SUL;VAREJO;2027-08-01;9570,26;RIO GRANDE DO SUL|30 - ELETRODUTOS CORRUGADOS KRONA|VAREJO|AGO27
30 - ELETRODUTOS CORRUGADOS KRONA;RIO GRANDE DO SUL;SUL;VAREJO;2027-09-01;9678,68;RIO GRANDE DO SUL|30 - ELETRODUTOS CORRUGADOS KRONA|VAREJO|SET27
30 - ELETRODUTOS CORRUGADOS KRONA;RIO GRANDE DO SUL;SUL;VAREJO;2027-10-01;9527,63;RIO GRANDE DO SUL|30 - ELETRODUTOS CORRUGADOS KRONA|VAREJO|OUT27
30 - ELETRODUTOS CORRUGADOS KRONA;RIO GRANDE DO SUL;SUL;VAREJO;2027-11-01;9525,16;RIO GRANDE DO SUL|30 - ELETRODUTOS CORRUGADOS KRONA|VAREJO|NOV27
30 - ELETRODUTOS CORRUGADOS KRONA;RIO GRANDE DO SUL;SUL;VAREJO;2027-12-01;9839,55;RIO GRANDE DO SUL|30 - ELETRODUTOS CORRUGADOS KRONA|VAREJO|DEZ27
30 - ELETRODUTOS CORRUGADOS KRONA;RJ/ES;MINAS RJ/ES;ATACADO;2027-01-01;16441,01;RJ/ES|30 - ELETRODUTOS CORRUGADOS KRONA|ATACADO|JAN27
30 - ELETRODUTOS CORRUGADOS KRONA;RJ/ES;MINAS RJ/ES;ATACADO;2027-02-01;16530,55;RJ/ES|30 - ELETRODUTOS CORRUGADOS KRONA|ATACADO|FEV27
30 - ELETRODUTOS CORRUGADOS KRONA;RJ/ES;MINAS RJ/ES;ATACADO;2027-03-01;16249,92;RJ/ES|30 - ELETRODUTOS CORRUGADOS KRONA|ATACADO|MAR27
30 - ELETRODUTOS CORRUGADOS KRONA;RJ/ES;MINAS RJ/ES;ATACADO;2027-04-01;16558,48;RJ/ES|30 - ELETRODUTOS CORRUGADOS KRONA|ATACADO|ABR27
30 - ELETRODUTOS CORRUGADOS KRONA;RJ/ES;MINAS RJ/ES;ATACADO;2027-05-01;15895,26;RJ/ES|30 - ELETRODUTOS CORRUGADOS KRONA|ATACADO|MAI27
30 - ELETRODUTOS CORRUGADOS KRONA;RJ/ES;MINAS RJ/ES;ATACADO;2027-06-01;16727,38;RJ/ES|30 - ELETRODUTOS CORRUGADOS KRONA|ATACADO|JUN27
30 - ELETRODUTOS CORRUGADOS KRONA;RJ/ES;MINAS RJ/ES;ATACADO;2027-07-01;16920,25;RJ/ES|30 - ELETRODUTOS CORRUGADOS KRONA|ATACADO|JUL27
30 - ELETRODUTOS CORRUGADOS KRONA;RJ/ES;MINAS RJ/ES;ATACADO;2027-08-01;17293,55;RJ/ES|30 - ELETRODUTOS CORRUGADOS KRONA|ATACADO|AGO27
30 - ELETRODUTOS CORRUGADOS KRONA;RJ/ES;MINAS RJ/ES;ATACADO;2027-09-01;17648,00;RJ/ES|30 - ELETRODUTOS CORRUGADOS KRONA|ATACADO|SET27
30 - ELETRODUTOS CORRUGADOS KRONA;RJ/ES;MINAS RJ/ES;ATACADO;2027-10-01;19064,80;RJ/ES|30 - ELETRODUTOS CORRUGADOS KRONA|ATACADO|OUT27
30 - ELETRODUTOS CORRUGADOS KRONA;RJ/ES;MINAS RJ/ES;ATACADO;2027-11-01;17440,09;RJ/ES|30 - ELETRODUTOS CORRUGADOS KRONA|ATACADO|NOV27
30 - ELETRODUTOS CORRUGADOS KRONA;RJ/ES;MINAS RJ/ES;ATACADO;2027-12-01;17555,56;RJ/ES|30 - ELETRODUTOS CORRUGADOS KRONA|ATACADO|DEZ27
30 - ELETRODUTOS CORRUGADOS KRONA;RJ/ES;MINAS RJ/ES;OUTROS;2027-01-01;148,58;RJ/ES|30 - ELETRODUTOS CORRUGADOS KRONA|OUTROS|JAN27
30 - ELETRODUTOS CORRUGADOS KRONA;RJ/ES;MINAS RJ/ES;OUTROS;2027-02-01;149,37;RJ/ES|30 - ELETRODUTOS CORRUGADOS KRONA|OUTROS|FEV27
30 - ELETRODUTOS CORRUGADOS KRONA;RJ/ES;MINAS RJ/ES;OUTROS;2027-03-01;148,54;RJ/ES|30 - ELETRODUTOS CORRUGADOS KRONA|OUTROS|MAR27
30 - ELETRODUTOS CORRUGADOS KRONA;RJ/ES;MINAS RJ/ES;OUTROS;2027-04-01;151,70;RJ/ES|30 - ELETRODUTOS CORRUGADOS KRONA|OUTROS|ABR27
30 - ELETRODUTOS CORRUGADOS KRONA;RJ/ES;MINAS RJ/ES;OUTROS;2027-05-01;147,28;RJ/ES|30 - ELETRODUTOS CORRUGADOS KRONA|OUTROS|MAI27
30 - ELETRODUTOS CORRUGADOS KRONA;RJ/ES;MINAS RJ/ES;OUTROS;2027-06-01;153,42;RJ/ES|30 - ELETRODUTOS CORRUGADOS KRONA|OUTROS|JUN27
30 - ELETRODUTOS CORRUGADOS KRONA;RJ/ES;MINAS RJ/ES;OUTROS;2027-07-01;155,04;RJ/ES|30 - ELETRODUTOS CORRUGADOS KRONA|OUTROS|JUL27
30 - ELETRODUTOS CORRUGADOS KRONA;RJ/ES;MINAS RJ/ES;OUTROS;2027-08-01;157,54;RJ/ES|30 - ELETRODUTOS CORRUGADOS KRONA|OUTROS|AGO27
30 - ELETRODUTOS CORRUGADOS KRONA;RJ/ES;MINAS RJ/ES;OUTROS;2027-09-01;161,13;RJ/ES|30 - ELETRODUTOS CORRUGADOS KRONA|OUTROS|SET27
30 - ELETRODUTOS CORRUGADOS KRONA;RJ/ES;MINAS RJ/ES;OUTROS;2027-10-01;168,97;RJ/ES|30 - ELETRODUTOS CORRUGADOS KRONA|OUTROS|OUT27
30 - ELETRODUTOS CORRUGADOS KRONA;RJ/ES;MINAS RJ/ES;OUTROS;2027-11-01;160,12;RJ/ES|30 - ELETRODUTOS CORRUGADOS KRONA|OUTROS|NOV27
30 - ELETRODUTOS CORRUGADOS KRONA;RJ/ES;MINAS RJ/ES;OUTROS;2027-12-01;161,42;RJ/ES|30 - ELETRODUTOS CORRUGADOS KRONA|OUTROS|DEZ27
30 - ELETRODUTOS CORRUGADOS KRONA;RJ/ES;MINAS RJ/ES;VAREJO;2027-01-01;9933,48;RJ/ES|30 - ELETRODUTOS CORRUGADOS KRONA|VAREJO|JAN27
30 - ELETRODUTOS CORRUGADOS KRONA;RJ/ES;MINAS RJ/ES;VAREJO;2027-02-01;9942,56;RJ/ES|30 - ELETRODUTOS CORRUGADOS KRONA|VAREJO|FEV27
30 - ELETRODUTOS CORRUGADOS KRONA;RJ/ES;MINAS RJ/ES;VAREJO;2027-03-01;9679,37;RJ/ES|30 - ELETRODUTOS CORRUGADOS KRONA|VAREJO|MAR27
30 - ELETRODUTOS CORRUGADOS KRONA;RJ/ES;MINAS RJ/ES;VAREJO;2027-04-01;9948,02;RJ/ES|30 - ELETRODUTOS CORRUGADOS KRONA|VAREJO|ABR27
30 - ELETRODUTOS CORRUGADOS KRONA;RJ/ES;MINAS RJ/ES;VAREJO;2027-05-01;9300,91;RJ/ES|30 - ELETRODUTOS CORRUGADOS KRONA|VAREJO|MAI27
30 - ELETRODUTOS CORRUGADOS KRONA;RJ/ES;MINAS RJ/ES;VAREJO;2027-06-01;9965,88;RJ/ES|30 - ELETRODUTOS CORRUGADOS KRONA|VAREJO|JUN27
30 - ELETRODUTOS CORRUGADOS KRONA;RJ/ES;MINAS RJ/ES;VAREJO;2027-07-01;10069,89;RJ/ES|30 - ELETRODUTOS CORRUGADOS KRONA|VAREJO|JUL27
30 - ELETRODUTOS CORRUGADOS KRONA;RJ/ES;MINAS RJ/ES;VAREJO;2027-08-01;10293,37;RJ/ES|30 - ELETRODUTOS CORRUGADOS KRONA|VAREJO|AGO27
30 - ELETRODUTOS CORRUGADOS KRONA;RJ/ES;MINAS RJ/ES;VAREJO;2027-09-01;10596,52;RJ/ES|30 - ELETRODUTOS CORRUGADOS KRONA|VAREJO|SET27
30 - ELETRODUTOS CORRUGADOS KRONA;RJ/ES;MINAS RJ/ES;VAREJO;2027-10-01;11570,50;RJ/ES|30 - ELETRODUTOS CORRUGADOS KRONA|VAREJO|OUT27
30 - ELETRODUTOS CORRUGADOS KRONA;RJ/ES;MINAS RJ/ES;VAREJO;2027-11-01;10278,79;RJ/ES|30 - ELETRODUTOS CORRUGADOS KRONA|VAREJO|NOV27
30 - ELETRODUTOS CORRUGADOS KRONA;RJ/ES;MINAS RJ/ES;VAREJO;2027-12-01;10344,98;RJ/ES|30 - ELETRODUTOS CORRUGADOS KRONA|VAREJO|DEZ27
30 - ELETRODUTOS CORRUGADOS KRONA;SANTA CATARINA 01;SUL;ATACADO;2027-01-01;3038,54;SANTA CATARINA 01|30 - ELETRODUTOS CORRUGADOS KRONA|ATACADO|JAN27
30 - ELETRODUTOS CORRUGADOS KRONA;SANTA CATARINA 01;SUL;ATACADO;2027-02-01;3870,98;SANTA CATARINA 01|30 - ELETRODUTOS CORRUGADOS KRONA|ATACADO|FEV27
30 - ELETRODUTOS CORRUGADOS KRONA;SANTA CATARINA 01;SUL;ATACADO;2027-03-01;4311,69;SANTA CATARINA 01|30 - ELETRODUTOS CORRUGADOS KRONA|ATACADO|MAR27
30 - ELETRODUTOS CORRUGADOS KRONA;SANTA CATARINA 01;SUL;ATACADO;2027-04-01;4192,91;SANTA CATARINA 01|30 - ELETRODUTOS CORRUGADOS KRONA|ATACADO|ABR27
30 - ELETRODUTOS CORRUGADOS KRONA;SANTA CATARINA 01;SUL;ATACADO;2027-05-01;4003,95;SANTA CATARINA 01|30 - ELETRODUTOS CORRUGADOS KRONA|ATACADO|MAI27
30 - ELETRODUTOS CORRUGADOS KRONA;SANTA CATARINA 01;SUL;ATACADO;2027-06-01;4181,72;SANTA CATARINA 01|30 - ELETRODUTOS CORRUGADOS KRONA|ATACADO|JUN27
30 - ELETRODUTOS CORRUGADOS KRONA;SANTA CATARINA 01;SUL;ATACADO;2027-07-01;4144,20;SANTA CATARINA 01|30 - ELETRODUTOS CORRUGADOS KRONA|ATACADO|JUL27
30 - ELETRODUTOS CORRUGADOS KRONA;SANTA CATARINA 01;SUL;ATACADO;2027-08-01;4273,89;SANTA CATARINA 01|30 - ELETRODUTOS CORRUGADOS KRONA|ATACADO|AGO27
30 - ELETRODUTOS CORRUGADOS KRONA;SANTA CATARINA 01;SUL;ATACADO;2027-09-01;4294,59;SANTA CATARINA 01|30 - ELETRODUTOS CORRUGADOS KRONA|ATACADO|SET27
30 - ELETRODUTOS CORRUGADOS KRONA;SANTA CATARINA 01;SUL;ATACADO;2027-10-01;4393,90;SANTA CATARINA 01|30 - ELETRODUTOS CORRUGADOS KRONA|ATACADO|OUT27
30 - ELETRODUTOS CORRUGADOS KRONA;SANTA CATARINA 01;SUL;ATACADO;2027-11-01;4216,36;SANTA CATARINA 01|30 - ELETRODUTOS CORRUGADOS KRONA|ATACADO|NOV27
30 - ELETRODUTOS CORRUGADOS KRONA;SANTA CATARINA 01;SUL;ATACADO;2027-12-01;4136,93;SANTA CATARINA 01|30 - ELETRODUTOS CORRUGADOS KRONA|ATACADO|DEZ27
30 - ELETRODUTOS CORRUGADOS KRONA;SANTA CATARINA 01;SUL;OUTROS;2027-01-01;2,46;SANTA CATARINA 01|30 - ELETRODUTOS CORRUGADOS KRONA|OUTROS|JAN27
30 - ELETRODUTOS CORRUGADOS KRONA;SANTA CATARINA 01;SUL;OUTROS;2027-02-01;3,87;SANTA CATARINA 01|30 - ELETRODUTOS CORRUGADOS KRONA|OUTROS|FEV27
30 - ELETRODUTOS CORRUGADOS KRONA;SANTA CATARINA 01;SUL;OUTROS;2027-03-01;4,70;SANTA CATARINA 01|30 - ELETRODUTOS CORRUGADOS KRONA|OUTROS|MAR27
30 - ELETRODUTOS CORRUGADOS KRONA;SANTA CATARINA 01;SUL;OUTROS;2027-04-01;4,35;SANTA CATARINA 01|30 - ELETRODUTOS CORRUGADOS KRONA|OUTROS|ABR27
30 - ELETRODUTOS CORRUGADOS KRONA;SANTA CATARINA 01;SUL;OUTROS;2027-05-01;3,99;SANTA CATARINA 01|30 - ELETRODUTOS CORRUGADOS KRONA|OUTROS|MAI27
30 - ELETRODUTOS CORRUGADOS KRONA;SANTA CATARINA 01;SUL;OUTROS;2027-06-01;4,09;SANTA CATARINA 01|30 - ELETRODUTOS CORRUGADOS KRONA|OUTROS|JUN27
30 - ELETRODUTOS CORRUGADOS KRONA;SANTA CATARINA 01;SUL;OUTROS;2027-07-01;4,22;SANTA CATARINA 01|30 - ELETRODUTOS CORRUGADOS KRONA|OUTROS|JUL27
30 - ELETRODUTOS CORRUGADOS KRONA;SANTA CATARINA 01;SUL;OUTROS;2027-08-01;3,95;SANTA CATARINA 01|30 - ELETRODUTOS CORRUGADOS KRONA|OUTROS|AGO27
30 - ELETRODUTOS CORRUGADOS KRONA;SANTA CATARINA 01;SUL;OUTROS;2027-09-01;4,23;SANTA CATARINA 01|30 - ELETRODUTOS CORRUGADOS KRONA|OUTROS|SET27
30 - ELETRODUTOS CORRUGADOS KRONA;SANTA CATARINA 01;SUL;OUTROS;2027-10-01;4,28;SANTA CATARINA 01|30 - ELETRODUTOS CORRUGADOS KRONA|OUTROS|OUT27
30 - ELETRODUTOS CORRUGADOS KRONA;SANTA CATARINA 01;SUL;OUTROS;2027-11-01;4,24;SANTA CATARINA 01|30 - ELETRODUTOS CORRUGADOS KRONA|OUTROS|NOV27
30 - ELETRODUTOS CORRUGADOS KRONA;SANTA CATARINA 01;SUL;OUTROS;2027-12-01;4,00;SANTA CATARINA 01|30 - ELETRODUTOS CORRUGADOS KRONA|OUTROS|DEZ27
30 - ELETRODUTOS CORRUGADOS KRONA;SANTA CATARINA 01;SUL;VAREJO;2027-01-01;4455,02;SANTA CATARINA 01|30 - ELETRODUTOS CORRUGADOS KRONA|VAREJO|JAN27
30 - ELETRODUTOS CORRUGADOS KRONA;SANTA CATARINA 01;SUL;VAREJO;2027-02-01;5615,40;SANTA CATARINA 01|30 - ELETRODUTOS CORRUGADOS KRONA|VAREJO|FEV27
30 - ELETRODUTOS CORRUGADOS KRONA;SANTA CATARINA 01;SUL;VAREJO;2027-03-01;6236,54;SANTA CATARINA 01|30 - ELETRODUTOS CORRUGADOS KRONA|VAREJO|MAR27
30 - ELETRODUTOS CORRUGADOS KRONA;SANTA CATARINA 01;SUL;VAREJO;2027-04-01;6012,03;SANTA CATARINA 01|30 - ELETRODUTOS CORRUGADOS KRONA|VAREJO|ABR27
30 - ELETRODUTOS CORRUGADOS KRONA;SANTA CATARINA 01;SUL;VAREJO;2027-05-01;5703,57;SANTA CATARINA 01|30 - ELETRODUTOS CORRUGADOS KRONA|VAREJO|MAI27
30 - ELETRODUTOS CORRUGADOS KRONA;SANTA CATARINA 01;SUL;VAREJO;2027-06-01;6031,89;SANTA CATARINA 01|30 - ELETRODUTOS CORRUGADOS KRONA|VAREJO|JUN27
30 - ELETRODUTOS CORRUGADOS KRONA;SANTA CATARINA 01;SUL;VAREJO;2027-07-01;5951,75;SANTA CATARINA 01|30 - ELETRODUTOS CORRUGADOS KRONA|VAREJO|JUL27
30 - ELETRODUTOS CORRUGADOS KRONA;SANTA CATARINA 01;SUL;VAREJO;2027-08-01;6217,35;SANTA CATARINA 01|30 - ELETRODUTOS CORRUGADOS KRONA|VAREJO|AGO27
30 - ELETRODUTOS CORRUGADOS KRONA;SANTA CATARINA 01;SUL;VAREJO;2027-09-01;6240,04;SANTA CATARINA 01|30 - ELETRODUTOS CORRUGADOS KRONA|VAREJO|SET27
30 - ELETRODUTOS CORRUGADOS KRONA;SANTA CATARINA 01;SUL;VAREJO;2027-10-01;6445,97;SANTA CATARINA 01|30 - ELETRODUTOS CORRUGADOS KRONA|VAREJO|OUT27
30 - ELETRODUTOS CORRUGADOS KRONA;SANTA CATARINA 01;SUL;VAREJO;2027-11-01;6135,66;SANTA CATARINA 01|30 - ELETRODUTOS CORRUGADOS KRONA|VAREJO|NOV27
30 - ELETRODUTOS CORRUGADOS KRONA;SANTA CATARINA 01;SUL;VAREJO;2027-12-01;6024,43;SANTA CATARINA 01|30 - ELETRODUTOS CORRUGADOS KRONA|VAREJO|DEZ27
30 - ELETRODUTOS CORRUGADOS KRONA;SANTA CATARINA 02;SUL;ATACADO;2027-01-01;4321,11;SANTA CATARINA 02|30 - ELETRODUTOS CORRUGADOS KRONA|ATACADO|JAN27
30 - ELETRODUTOS CORRUGADOS KRONA;SANTA CATARINA 02;SUL;ATACADO;2027-02-01;3909,79;SANTA CATARINA 02|30 - ELETRODUTOS CORRUGADOS KRONA|ATACADO|FEV27
30 - ELETRODUTOS CORRUGADOS KRONA;SANTA CATARINA 02;SUL;ATACADO;2027-03-01;3178,45;SANTA CATARINA 02|30 - ELETRODUTOS CORRUGADOS KRONA|ATACADO|MAR27
30 - ELETRODUTOS CORRUGADOS KRONA;SANTA CATARINA 02;SUL;ATACADO;2027-04-01;3737,14;SANTA CATARINA 02|30 - ELETRODUTOS CORRUGADOS KRONA|ATACADO|ABR27
30 - ELETRODUTOS CORRUGADOS KRONA;SANTA CATARINA 02;SUL;ATACADO;2027-05-01;2259,67;SANTA CATARINA 02|30 - ELETRODUTOS CORRUGADOS KRONA|ATACADO|MAI27
30 - ELETRODUTOS CORRUGADOS KRONA;SANTA CATARINA 02;SUL;ATACADO;2027-06-01;3291,43;SANTA CATARINA 02|30 - ELETRODUTOS CORRUGADOS KRONA|ATACADO|JUN27
30 - ELETRODUTOS CORRUGADOS KRONA;SANTA CATARINA 02;SUL;ATACADO;2027-07-01;4172,89;SANTA CATARINA 02|30 - ELETRODUTOS CORRUGADOS KRONA|ATACADO|JUL27
30 - ELETRODUTOS CORRUGADOS KRONA;SANTA CATARINA 02;SUL;ATACADO;2027-08-01;4534,15;SANTA CATARINA 02|30 - ELETRODUTOS CORRUGADOS KRONA|ATACADO|AGO27
30 - ELETRODUTOS CORRUGADOS KRONA;SANTA CATARINA 02;SUL;ATACADO;2027-09-01;3443,31;SANTA CATARINA 02|30 - ELETRODUTOS CORRUGADOS KRONA|ATACADO|SET27
30 - ELETRODUTOS CORRUGADOS KRONA;SANTA CATARINA 02;SUL;ATACADO;2027-10-01;4693,26;SANTA CATARINA 02|30 - ELETRODUTOS CORRUGADOS KRONA|ATACADO|OUT27
30 - ELETRODUTOS CORRUGADOS KRONA;SANTA CATARINA 02;SUL;ATACADO;2027-11-01;3913,71;SANTA CATARINA 02|30 - ELETRODUTOS CORRUGADOS KRONA|ATACADO|NOV27
30 - ELETRODUTOS CORRUGADOS KRONA;SANTA CATARINA 02;SUL;ATACADO;2027-12-01;4399,08;SANTA CATARINA 02|30 - ELETRODUTOS CORRUGADOS KRONA|ATACADO|DEZ27
30 - ELETRODUTOS CORRUGADOS KRONA;SANTA CATARINA 02;SUL;OUTROS;2027-01-01;10,22;SANTA CATARINA 02|30 - ELETRODUTOS CORRUGADOS KRONA|OUTROS|JAN27
30 - ELETRODUTOS CORRUGADOS KRONA;SANTA CATARINA 02;SUL;OUTROS;2027-02-01;8,82;SANTA CATARINA 02|30 - ELETRODUTOS CORRUGADOS KRONA|OUTROS|FEV27
30 - ELETRODUTOS CORRUGADOS KRONA;SANTA CATARINA 02;SUL;OUTROS;2027-03-01;6,74;SANTA CATARINA 02|30 - ELETRODUTOS CORRUGADOS KRONA|OUTROS|MAR27
30 - ELETRODUTOS CORRUGADOS KRONA;SANTA CATARINA 02;SUL;OUTROS;2027-04-01;8,65;SANTA CATARINA 02|30 - ELETRODUTOS CORRUGADOS KRONA|OUTROS|ABR27
30 - ELETRODUTOS CORRUGADOS KRONA;SANTA CATARINA 02;SUL;OUTROS;2027-05-01;4,00;SANTA CATARINA 02|30 - ELETRODUTOS CORRUGADOS KRONA|OUTROS|MAI27
30 - ELETRODUTOS CORRUGADOS KRONA;SANTA CATARINA 02;SUL;OUTROS;2027-06-01;7,48;SANTA CATARINA 02|30 - ELETRODUTOS CORRUGADOS KRONA|OUTROS|JUN27
30 - ELETRODUTOS CORRUGADOS KRONA;SANTA CATARINA 02;SUL;OUTROS;2027-07-01;10,99;SANTA CATARINA 02|30 - ELETRODUTOS CORRUGADOS KRONA|OUTROS|JUL27
30 - ELETRODUTOS CORRUGADOS KRONA;SANTA CATARINA 02;SUL;OUTROS;2027-08-01;13,00;SANTA CATARINA 02|30 - ELETRODUTOS CORRUGADOS KRONA|OUTROS|AGO27
30 - ELETRODUTOS CORRUGADOS KRONA;SANTA CATARINA 02;SUL;OUTROS;2027-09-01;8,71;SANTA CATARINA 02|30 - ELETRODUTOS CORRUGADOS KRONA|OUTROS|SET27
30 - ELETRODUTOS CORRUGADOS KRONA;SANTA CATARINA 02;SUL;OUTROS;2027-10-01;13,41;SANTA CATARINA 02|30 - ELETRODUTOS CORRUGADOS KRONA|OUTROS|OUT27
30 - ELETRODUTOS CORRUGADOS KRONA;SANTA CATARINA 02;SUL;OUTROS;2027-11-01;10,99;SANTA CATARINA 02|30 - ELETRODUTOS CORRUGADOS KRONA|OUTROS|NOV27
30 - ELETRODUTOS CORRUGADOS KRONA;SANTA CATARINA 02;SUL;OUTROS;2027-12-01;11,64;SANTA CATARINA 02|30 - ELETRODUTOS CORRUGADOS KRONA|OUTROS|DEZ27
30 - ELETRODUTOS CORRUGADOS KRONA;SANTA CATARINA 02;SUL;VAREJO;2027-01-01;11095,60;SANTA CATARINA 02|30 - ELETRODUTOS CORRUGADOS KRONA|VAREJO|JAN27
30 - ELETRODUTOS CORRUGADOS KRONA;SANTA CATARINA 02;SUL;VAREJO;2027-02-01;10173,74;SANTA CATARINA 02|30 - ELETRODUTOS CORRUGADOS KRONA|VAREJO|FEV27
30 - ELETRODUTOS CORRUGADOS KRONA;SANTA CATARINA 02;SUL;VAREJO;2027-03-01;8665,00;SANTA CATARINA 02|30 - ELETRODUTOS CORRUGADOS KRONA|VAREJO|MAR27
30 - ELETRODUTOS CORRUGADOS KRONA;SANTA CATARINA 02;SUL;VAREJO;2027-04-01;9856,78;SANTA CATARINA 02|30 - ELETRODUTOS CORRUGADOS KRONA|VAREJO|ABR27
30 - ELETRODUTOS CORRUGADOS KRONA;SANTA CATARINA 02;SUL;VAREJO;2027-05-01;6634,39;SANTA CATARINA 02|30 - ELETRODUTOS CORRUGADOS KRONA|VAREJO|MAI27
30 - ELETRODUTOS CORRUGADOS KRONA;SANTA CATARINA 02;SUL;VAREJO;2027-06-01;9002,81;SANTA CATARINA 02|30 - ELETRODUTOS CORRUGADOS KRONA|VAREJO|JUN27
30 - ELETRODUTOS CORRUGADOS KRONA;SANTA CATARINA 02;SUL;VAREJO;2027-07-01;10962,57;SANTA CATARINA 02|30 - ELETRODUTOS CORRUGADOS KRONA|VAREJO|JUL27
30 - ELETRODUTOS CORRUGADOS KRONA;SANTA CATARINA 02;SUL;VAREJO;2027-08-01;11807,40;SANTA CATARINA 02|30 - ELETRODUTOS CORRUGADOS KRONA|VAREJO|AGO27
30 - ELETRODUTOS CORRUGADOS KRONA;SANTA CATARINA 02;SUL;VAREJO;2027-09-01;9392,43;SANTA CATARINA 02|30 - ELETRODUTOS CORRUGADOS KRONA|VAREJO|SET27
30 - ELETRODUTOS CORRUGADOS KRONA;SANTA CATARINA 02;SUL;VAREJO;2027-10-01;12162,03;SANTA CATARINA 02|30 - ELETRODUTOS CORRUGADOS KRONA|VAREJO|OUT27
30 - ELETRODUTOS CORRUGADOS KRONA;SANTA CATARINA 02;SUL;VAREJO;2027-11-01;10470,35;SANTA CATARINA 02|30 - ELETRODUTOS CORRUGADOS KRONA|VAREJO|NOV27
30 - ELETRODUTOS CORRUGADOS KRONA;SANTA CATARINA 02;SUL;VAREJO;2027-12-01;11444,68;SANTA CATARINA 02|30 - ELETRODUTOS CORRUGADOS KRONA|VAREJO|DEZ27
30 - ELETRODUTOS CORRUGADOS KRONA;SAO PAULO CAPITAL;SP;ATACADO;2027-01-01;70,48;SAO PAULO CAPITAL|30 - ELETRODUTOS CORRUGADOS KRONA|ATACADO|JAN27
30 - ELETRODUTOS CORRUGADOS KRONA;SAO PAULO CAPITAL;SP;ATACADO;2027-02-01;45,01;SAO PAULO CAPITAL|30 - ELETRODUTOS CORRUGADOS KRONA|ATACADO|FEV27
30 - ELETRODUTOS CORRUGADOS KRONA;SAO PAULO CAPITAL;SP;ATACADO;2027-03-01;47,37;SAO PAULO CAPITAL|30 - ELETRODUTOS CORRUGADOS KRONA|ATACADO|MAR27
30 - ELETRODUTOS CORRUGADOS KRONA;SAO PAULO CAPITAL;SP;ATACADO;2027-04-01;34,13;SAO PAULO CAPITAL|30 - ELETRODUTOS CORRUGADOS KRONA|ATACADO|ABR27
30 - ELETRODUTOS CORRUGADOS KRONA;SAO PAULO CAPITAL;SP;ATACADO;2027-05-01;32,77;SAO PAULO CAPITAL|30 - ELETRODUTOS CORRUGADOS KRONA|ATACADO|MAI27
30 - ELETRODUTOS CORRUGADOS KRONA;SAO PAULO CAPITAL;SP;ATACADO;2027-06-01;36,35;SAO PAULO CAPITAL|30 - ELETRODUTOS CORRUGADOS KRONA|ATACADO|JUN27
30 - ELETRODUTOS CORRUGADOS KRONA;SAO PAULO CAPITAL;SP;ATACADO;2027-07-01;42,53;SAO PAULO CAPITAL|30 - ELETRODUTOS CORRUGADOS KRONA|ATACADO|JUL27
30 - ELETRODUTOS CORRUGADOS KRONA;SAO PAULO CAPITAL;SP;ATACADO;2027-08-01;34,93;SAO PAULO CAPITAL|30 - ELETRODUTOS CORRUGADOS KRONA|ATACADO|AGO27
30 - ELETRODUTOS CORRUGADOS KRONA;SAO PAULO CAPITAL;SP;ATACADO;2027-09-01;38,99;SAO PAULO CAPITAL|30 - ELETRODUTOS CORRUGADOS KRONA|ATACADO|SET27
30 - ELETRODUTOS CORRUGADOS KRONA;SAO PAULO CAPITAL;SP;ATACADO;2027-10-01;32,03;SAO PAULO CAPITAL|30 - ELETRODUTOS CORRUGADOS KRONA|ATACADO|OUT27
30 - ELETRODUTOS CORRUGADOS KRONA;SAO PAULO CAPITAL;SP;ATACADO;2027-11-01;28,24;SAO PAULO CAPITAL|30 - ELETRODUTOS CORRUGADOS KRONA|ATACADO|NOV27
30 - ELETRODUTOS CORRUGADOS KRONA;SAO PAULO CAPITAL;SP;ATACADO;2027-12-01;21,36;SAO PAULO CAPITAL|30 - ELETRODUTOS CORRUGADOS KRONA|ATACADO|DEZ27
30 - ELETRODUTOS CORRUGADOS KRONA;SAO PAULO CAPITAL;SP;OUTROS;2027-01-01;21,94;SAO PAULO CAPITAL|30 - ELETRODUTOS CORRUGADOS KRONA|OUTROS|JAN27
30 - ELETRODUTOS CORRUGADOS KRONA;SAO PAULO CAPITAL;SP;OUTROS;2027-02-01;18,07;SAO PAULO CAPITAL|30 - ELETRODUTOS CORRUGADOS KRONA|OUTROS|FEV27
30 - ELETRODUTOS CORRUGADOS KRONA;SAO PAULO CAPITAL;SP;OUTROS;2027-03-01;19,58;SAO PAULO CAPITAL|30 - ELETRODUTOS CORRUGADOS KRONA|OUTROS|MAR27
30 - ELETRODUTOS CORRUGADOS KRONA;SAO PAULO CAPITAL;SP;OUTROS;2027-04-01;17,29;SAO PAULO CAPITAL|30 - ELETRODUTOS CORRUGADOS KRONA|OUTROS|ABR27
30 - ELETRODUTOS CORRUGADOS KRONA;SAO PAULO CAPITAL;SP;OUTROS;2027-05-01;15,76;SAO PAULO CAPITAL|30 - ELETRODUTOS CORRUGADOS KRONA|OUTROS|MAI27
30 - ELETRODUTOS CORRUGADOS KRONA;SAO PAULO CAPITAL;SP;OUTROS;2027-06-01;16,02;SAO PAULO CAPITAL|30 - ELETRODUTOS CORRUGADOS KRONA|OUTROS|JUN27
30 - ELETRODUTOS CORRUGADOS KRONA;SAO PAULO CAPITAL;SP;OUTROS;2027-07-01;16,53;SAO PAULO CAPITAL|30 - ELETRODUTOS CORRUGADOS KRONA|OUTROS|JUL27
30 - ELETRODUTOS CORRUGADOS KRONA;SAO PAULO CAPITAL;SP;OUTROS;2027-08-01;15,82;SAO PAULO CAPITAL|30 - ELETRODUTOS CORRUGADOS KRONA|OUTROS|AGO27
30 - ELETRODUTOS CORRUGADOS KRONA;SAO PAULO CAPITAL;SP;OUTROS;2027-09-01;16,51;SAO PAULO CAPITAL|30 - ELETRODUTOS CORRUGADOS KRONA|OUTROS|SET27
30 - ELETRODUTOS CORRUGADOS KRONA;SAO PAULO CAPITAL;SP;OUTROS;2027-10-01;13,79;SAO PAULO CAPITAL|30 - ELETRODUTOS CORRUGADOS KRONA|OUTROS|OUT27
30 - ELETRODUTOS CORRUGADOS KRONA;SAO PAULO CAPITAL;SP;OUTROS;2027-11-01;13,05;SAO PAULO CAPITAL|30 - ELETRODUTOS CORRUGADOS KRONA|OUTROS|NOV27
30 - ELETRODUTOS CORRUGADOS KRONA;SAO PAULO CAPITAL;SP;OUTROS;2027-12-01;11,36;SAO PAULO CAPITAL|30 - ELETRODUTOS CORRUGADOS KRONA|OUTROS|DEZ27
30 - ELETRODUTOS CORRUGADOS KRONA;SAO PAULO CAPITAL;SP;VAREJO;2027-01-01;12532,03;SAO PAULO CAPITAL|30 - ELETRODUTOS CORRUGADOS KRONA|VAREJO|JAN27
30 - ELETRODUTOS CORRUGADOS KRONA;SAO PAULO CAPITAL;SP;VAREJO;2027-02-01;10738,70;SAO PAULO CAPITAL|30 - ELETRODUTOS CORRUGADOS KRONA|VAREJO|FEV27
30 - ELETRODUTOS CORRUGADOS KRONA;SAO PAULO CAPITAL;SP;VAREJO;2027-03-01;9418,58;SAO PAULO CAPITAL|30 - ELETRODUTOS CORRUGADOS KRONA|VAREJO|MAR27
30 - ELETRODUTOS CORRUGADOS KRONA;SAO PAULO CAPITAL;SP;VAREJO;2027-04-01;7525,93;SAO PAULO CAPITAL|30 - ELETRODUTOS CORRUGADOS KRONA|VAREJO|ABR27
30 - ELETRODUTOS CORRUGADOS KRONA;SAO PAULO CAPITAL;SP;VAREJO;2027-05-01;7498,32;SAO PAULO CAPITAL|30 - ELETRODUTOS CORRUGADOS KRONA|VAREJO|MAI27
30 - ELETRODUTOS CORRUGADOS KRONA;SAO PAULO CAPITAL;SP;VAREJO;2027-06-01;8387,51;SAO PAULO CAPITAL|30 - ELETRODUTOS CORRUGADOS KRONA|VAREJO|JUN27
30 - ELETRODUTOS CORRUGADOS KRONA;SAO PAULO CAPITAL;SP;VAREJO;2027-07-01;8521,21;SAO PAULO CAPITAL|30 - ELETRODUTOS CORRUGADOS KRONA|VAREJO|JUL27
30 - ELETRODUTOS CORRUGADOS KRONA;SAO PAULO CAPITAL;SP;VAREJO;2027-08-01;8243,96;SAO PAULO CAPITAL|30 - ELETRODUTOS CORRUGADOS KRONA|VAREJO|AGO27
30 - ELETRODUTOS CORRUGADOS KRONA;SAO PAULO CAPITAL;SP;VAREJO;2027-09-01;8760,09;SAO PAULO CAPITAL|30 - ELETRODUTOS CORRUGADOS KRONA|VAREJO|SET27
30 - ELETRODUTOS CORRUGADOS KRONA;SAO PAULO CAPITAL;SP;VAREJO;2027-10-01;7373,09;SAO PAULO CAPITAL|30 - ELETRODUTOS CORRUGADOS KRONA|VAREJO|OUT27
30 - ELETRODUTOS CORRUGADOS KRONA;SAO PAULO CAPITAL;SP;VAREJO;2027-11-01;7491,24;SAO PAULO CAPITAL|30 - ELETRODUTOS CORRUGADOS KRONA|VAREJO|NOV27
30 - ELETRODUTOS CORRUGADOS KRONA;SAO PAULO CAPITAL;SP;VAREJO;2027-12-01;6656,62;SAO PAULO CAPITAL|30 - ELETRODUTOS CORRUGADOS KRONA|VAREJO|DEZ27
30 - ELETRODUTOS CORRUGADOS KRONA;SAO PAULO CAPITAL 2;SP;ATACADO;2027-01-01;11547,64;SAO PAULO CAPITAL 2|30 - ELETRODUTOS CORRUGADOS KRONA|ATACADO|JAN27
30 - ELETRODUTOS CORRUGADOS KRONA;SAO PAULO CAPITAL 2;SP;ATACADO;2027-02-01;16002,63;SAO PAULO CAPITAL 2|30 - ELETRODUTOS CORRUGADOS KRONA|ATACADO|FEV27
30 - ELETRODUTOS CORRUGADOS KRONA;SAO PAULO CAPITAL 2;SP;ATACADO;2027-03-01;3894,67;SAO PAULO CAPITAL 2|30 - ELETRODUTOS CORRUGADOS KRONA|ATACADO|MAR27
30 - ELETRODUTOS CORRUGADOS KRONA;SAO PAULO CAPITAL 2;SP;ATACADO;2027-04-01;11571,30;SAO PAULO CAPITAL 2|30 - ELETRODUTOS CORRUGADOS KRONA|ATACADO|ABR27
30 - ELETRODUTOS CORRUGADOS KRONA;SAO PAULO CAPITAL 2;SP;ATACADO;2027-05-01;2219,76;SAO PAULO CAPITAL 2|30 - ELETRODUTOS CORRUGADOS KRONA|ATACADO|MAI27
30 - ELETRODUTOS CORRUGADOS KRONA;SAO PAULO CAPITAL 2;SP;ATACADO;2027-06-01;5482,37;SAO PAULO CAPITAL 2|30 - ELETRODUTOS CORRUGADOS KRONA|ATACADO|JUN27
30 - ELETRODUTOS CORRUGADOS KRONA;SAO PAULO CAPITAL 2;SP;ATACADO;2027-07-01;12686,81;SAO PAULO CAPITAL 2|30 - ELETRODUTOS CORRUGADOS KRONA|ATACADO|JUL27
30 - ELETRODUTOS CORRUGADOS KRONA;SAO PAULO CAPITAL 2;SP;ATACADO;2027-08-01;11864,73;SAO PAULO CAPITAL 2|30 - ELETRODUTOS CORRUGADOS KRONA|ATACADO|AGO27
30 - ELETRODUTOS CORRUGADOS KRONA;SAO PAULO CAPITAL 2;SP;ATACADO;2027-09-01;7741,92;SAO PAULO CAPITAL 2|30 - ELETRODUTOS CORRUGADOS KRONA|ATACADO|SET27
30 - ELETRODUTOS CORRUGADOS KRONA;SAO PAULO CAPITAL 2;SP;ATACADO;2027-10-01;11853,70;SAO PAULO CAPITAL 2|30 - ELETRODUTOS CORRUGADOS KRONA|ATACADO|OUT27
30 - ELETRODUTOS CORRUGADOS KRONA;SAO PAULO CAPITAL 2;SP;ATACADO;2027-11-01;6932,69;SAO PAULO CAPITAL 2|30 - ELETRODUTOS CORRUGADOS KRONA|ATACADO|NOV27
30 - ELETRODUTOS CORRUGADOS KRONA;SAO PAULO CAPITAL 2;SP;ATACADO;2027-12-01;9819,87;SAO PAULO CAPITAL 2|30 - ELETRODUTOS CORRUGADOS KRONA|ATACADO|DEZ27
30 - ELETRODUTOS CORRUGADOS KRONA;SAO PAULO INTERIOR;SP;ATACADO;2027-01-01;4746,33;SAO PAULO INTERIOR|30 - ELETRODUTOS CORRUGADOS KRONA|ATACADO|JAN27
30 - ELETRODUTOS CORRUGADOS KRONA;SAO PAULO INTERIOR;SP;ATACADO;2027-02-01;4985,07;SAO PAULO INTERIOR|30 - ELETRODUTOS CORRUGADOS KRONA|ATACADO|FEV27
30 - ELETRODUTOS CORRUGADOS KRONA;SAO PAULO INTERIOR;SP;ATACADO;2027-03-01;4978,74;SAO PAULO INTERIOR|30 - ELETRODUTOS CORRUGADOS KRONA|ATACADO|MAR27
30 - ELETRODUTOS CORRUGADOS KRONA;SAO PAULO INTERIOR;SP;ATACADO;2027-04-01;5139,92;SAO PAULO INTERIOR|30 - ELETRODUTOS CORRUGADOS KRONA|ATACADO|ABR27
30 - ELETRODUTOS CORRUGADOS KRONA;SAO PAULO INTERIOR;SP;ATACADO;2027-05-01;4851,64;SAO PAULO INTERIOR|30 - ELETRODUTOS CORRUGADOS KRONA|ATACADO|MAI27
30 - ELETRODUTOS CORRUGADOS KRONA;SAO PAULO INTERIOR;SP;ATACADO;2027-06-01;4905,38;SAO PAULO INTERIOR|30 - ELETRODUTOS CORRUGADOS KRONA|ATACADO|JUN27
30 - ELETRODUTOS CORRUGADOS KRONA;SAO PAULO INTERIOR;SP;ATACADO;2027-07-01;4837,33;SAO PAULO INTERIOR|30 - ELETRODUTOS CORRUGADOS KRONA|ATACADO|JUL27
30 - ELETRODUTOS CORRUGADOS KRONA;SAO PAULO INTERIOR;SP;ATACADO;2027-08-01;4697,00;SAO PAULO INTERIOR|30 - ELETRODUTOS CORRUGADOS KRONA|ATACADO|AGO27
30 - ELETRODUTOS CORRUGADOS KRONA;SAO PAULO INTERIOR;SP;ATACADO;2027-09-01;4696,88;SAO PAULO INTERIOR|30 - ELETRODUTOS CORRUGADOS KRONA|ATACADO|SET27
30 - ELETRODUTOS CORRUGADOS KRONA;SAO PAULO INTERIOR;SP;ATACADO;2027-10-01;4775,67;SAO PAULO INTERIOR|30 - ELETRODUTOS CORRUGADOS KRONA|ATACADO|OUT27
30 - ELETRODUTOS CORRUGADOS KRONA;SAO PAULO INTERIOR;SP;ATACADO;2027-11-01;4721,35;SAO PAULO INTERIOR|30 - ELETRODUTOS CORRUGADOS KRONA|ATACADO|NOV27
30 - ELETRODUTOS CORRUGADOS KRONA;SAO PAULO INTERIOR;SP;ATACADO;2027-12-01;5167,31;SAO PAULO INTERIOR|30 - ELETRODUTOS CORRUGADOS KRONA|ATACADO|DEZ27
30 - ELETRODUTOS CORRUGADOS KRONA;SAO PAULO INTERIOR;SP;OUTROS;2027-01-01;74,25;SAO PAULO INTERIOR|30 - ELETRODUTOS CORRUGADOS KRONA|OUTROS|JAN27
30 - ELETRODUTOS CORRUGADOS KRONA;SAO PAULO INTERIOR;SP;OUTROS;2027-02-01;74,32;SAO PAULO INTERIOR|30 - ELETRODUTOS CORRUGADOS KRONA|OUTROS|FEV27
30 - ELETRODUTOS CORRUGADOS KRONA;SAO PAULO INTERIOR;SP;OUTROS;2027-03-01;74,40;SAO PAULO INTERIOR|30 - ELETRODUTOS CORRUGADOS KRONA|OUTROS|MAR27
30 - ELETRODUTOS CORRUGADOS KRONA;SAO PAULO INTERIOR;SP;OUTROS;2027-04-01;74,47;SAO PAULO INTERIOR|30 - ELETRODUTOS CORRUGADOS KRONA|OUTROS|ABR27
30 - ELETRODUTOS CORRUGADOS KRONA;SAO PAULO INTERIOR;SP;OUTROS;2027-05-01;74,54;SAO PAULO INTERIOR|30 - ELETRODUTOS CORRUGADOS KRONA|OUTROS|MAI27
30 - ELETRODUTOS CORRUGADOS KRONA;SAO PAULO INTERIOR;SP;OUTROS;2027-06-01;74,62;SAO PAULO INTERIOR|30 - ELETRODUTOS CORRUGADOS KRONA|OUTROS|JUN27
30 - ELETRODUTOS CORRUGADOS KRONA;SAO PAULO INTERIOR;SP;OUTROS;2027-07-01;74,69;SAO PAULO INTERIOR|30 - ELETRODUTOS CORRUGADOS KRONA|OUTROS|JUL27
30 - ELETRODUTOS CORRUGADOS KRONA;SAO PAULO INTERIOR;SP;OUTROS;2027-08-01;74,76;SAO PAULO INTERIOR|30 - ELETRODUTOS CORRUGADOS KRONA|OUTROS|AGO27
30 - ELETRODUTOS CORRUGADOS KRONA;SAO PAULO INTERIOR;SP;OUTROS;2027-09-01;74,83;SAO PAULO INTERIOR|30 - ELETRODUTOS CORRUGADOS KRONA|OUTROS|SET27
30 - ELETRODUTOS CORRUGADOS KRONA;SAO PAULO INTERIOR;SP;OUTROS;2027-10-01;74,91;SAO PAULO INTERIOR|30 - ELETRODUTOS CORRUGADOS KRONA|OUTROS|OUT27
30 - ELETRODUTOS CORRUGADOS KRONA;SAO PAULO INTERIOR;SP;OUTROS;2027-11-01;74,98;SAO PAULO INTERIOR|30 - ELETRODUTOS CORRUGADOS KRONA|OUTROS|NOV27
30 - ELETRODUTOS CORRUGADOS KRONA;SAO PAULO INTERIOR;SP;OUTROS;2027-12-01;75,05;SAO PAULO INTERIOR|30 - ELETRODUTOS CORRUGADOS KRONA|OUTROS|DEZ27
30 - ELETRODUTOS CORRUGADOS KRONA;SAO PAULO INTERIOR;SP;VAREJO;2027-01-01;13580,45;SAO PAULO INTERIOR|30 - ELETRODUTOS CORRUGADOS KRONA|VAREJO|JAN27
30 - ELETRODUTOS CORRUGADOS KRONA;SAO PAULO INTERIOR;SP;VAREJO;2027-02-01;14026,52;SAO PAULO INTERIOR|30 - ELETRODUTOS CORRUGADOS KRONA|VAREJO|FEV27
30 - ELETRODUTOS CORRUGADOS KRONA;SAO PAULO INTERIOR;SP;VAREJO;2027-03-01;14171,16;SAO PAULO INTERIOR|30 - ELETRODUTOS CORRUGADOS KRONA|VAREJO|MAR27
30 - ELETRODUTOS CORRUGADOS KRONA;SAO PAULO INTERIOR;SP;VAREJO;2027-04-01;14416,94;SAO PAULO INTERIOR|30 - ELETRODUTOS CORRUGADOS KRONA|VAREJO|ABR27
30 - ELETRODUTOS CORRUGADOS KRONA;SAO PAULO INTERIOR;SP;VAREJO;2027-05-01;14059,67;SAO PAULO INTERIOR|30 - ELETRODUTOS CORRUGADOS KRONA|VAREJO|MAI27
30 - ELETRODUTOS CORRUGADOS KRONA;SAO PAULO INTERIOR;SP;VAREJO;2027-06-01;14083,51;SAO PAULO INTERIOR|30 - ELETRODUTOS CORRUGADOS KRONA|VAREJO|JUN27
30 - ELETRODUTOS CORRUGADOS KRONA;SAO PAULO INTERIOR;SP;VAREJO;2027-07-01;14017,71;SAO PAULO INTERIOR|30 - ELETRODUTOS CORRUGADOS KRONA|VAREJO|JUL27
30 - ELETRODUTOS CORRUGADOS KRONA;SAO PAULO INTERIOR;SP;VAREJO;2027-08-01;13591,95;SAO PAULO INTERIOR|30 - ELETRODUTOS CORRUGADOS KRONA|VAREJO|AGO27
30 - ELETRODUTOS CORRUGADOS KRONA;SAO PAULO INTERIOR;SP;VAREJO;2027-09-01;13645,31;SAO PAULO INTERIOR|30 - ELETRODUTOS CORRUGADOS KRONA|VAREJO|SET27
30 - ELETRODUTOS CORRUGADOS KRONA;SAO PAULO INTERIOR;SP;VAREJO;2027-10-01;13951,20;SAO PAULO INTERIOR|30 - ELETRODUTOS CORRUGADOS KRONA|VAREJO|OUT27
30 - ELETRODUTOS CORRUGADOS KRONA;SAO PAULO INTERIOR;SP;VAREJO;2027-11-01;13735,11;SAO PAULO INTERIOR|30 - ELETRODUTOS CORRUGADOS KRONA|VAREJO|NOV27
30 - ELETRODUTOS CORRUGADOS KRONA;SAO PAULO INTERIOR;SP;VAREJO;2027-12-01;14589,90;SAO PAULO INTERIOR|30 - ELETRODUTOS CORRUGADOS KRONA|VAREJO|DEZ27
30 - ELETRODUTOS CORRUGADOS KRONA;TELEVENDAS;TELEVENDAS;ATACADO;2027-01-01;95,76;TELEVENDAS|30 - ELETRODUTOS CORRUGADOS KRONA|ATACADO|JAN27
30 - ELETRODUTOS CORRUGADOS KRONA;TELEVENDAS;TELEVENDAS;ATACADO;2027-02-01;118,70;TELEVENDAS|30 - ELETRODUTOS CORRUGADOS KRONA|ATACADO|FEV27
30 - ELETRODUTOS CORRUGADOS KRONA;TELEVENDAS;TELEVENDAS;ATACADO;2027-03-01;171,13;TELEVENDAS|30 - ELETRODUTOS CORRUGADOS KRONA|ATACADO|MAR27
30 - ELETRODUTOS CORRUGADOS KRONA;TELEVENDAS;TELEVENDAS;ATACADO;2027-04-01;177,55;TELEVENDAS|30 - ELETRODUTOS CORRUGADOS KRONA|ATACADO|ABR27
30 - ELETRODUTOS CORRUGADOS KRONA;TELEVENDAS;TELEVENDAS;ATACADO;2027-05-01;136,78;TELEVENDAS|30 - ELETRODUTOS CORRUGADOS KRONA|ATACADO|MAI27
30 - ELETRODUTOS CORRUGADOS KRONA;TELEVENDAS;TELEVENDAS;ATACADO;2027-06-01;135,14;TELEVENDAS|30 - ELETRODUTOS CORRUGADOS KRONA|ATACADO|JUN27
30 - ELETRODUTOS CORRUGADOS KRONA;TELEVENDAS;TELEVENDAS;ATACADO;2027-07-01;133,21;TELEVENDAS|30 - ELETRODUTOS CORRUGADOS KRONA|ATACADO|JUL27
30 - ELETRODUTOS CORRUGADOS KRONA;TELEVENDAS;TELEVENDAS;ATACADO;2027-08-01;125,98;TELEVENDAS|30 - ELETRODUTOS CORRUGADOS KRONA|ATACADO|AGO27
30 - ELETRODUTOS CORRUGADOS KRONA;TELEVENDAS;TELEVENDAS;ATACADO;2027-09-01;126,71;TELEVENDAS|30 - ELETRODUTOS CORRUGADOS KRONA|ATACADO|SET27
30 - ELETRODUTOS CORRUGADOS KRONA;TELEVENDAS;TELEVENDAS;ATACADO;2027-10-01;127,39;TELEVENDAS|30 - ELETRODUTOS CORRUGADOS KRONA|ATACADO|OUT27
30 - ELETRODUTOS CORRUGADOS KRONA;TELEVENDAS;TELEVENDAS;ATACADO;2027-11-01;119,55;TELEVENDAS|30 - ELETRODUTOS CORRUGADOS KRONA|ATACADO|NOV27
30 - ELETRODUTOS CORRUGADOS KRONA;TELEVENDAS;TELEVENDAS;ATACADO;2027-12-01;115,96;TELEVENDAS|30 - ELETRODUTOS CORRUGADOS KRONA|ATACADO|DEZ27
30 - ELETRODUTOS CORRUGADOS KRONA;TELEVENDAS;TELEVENDAS;OUTROS;2027-01-01;23,58;TELEVENDAS|30 - ELETRODUTOS CORRUGADOS KRONA|OUTROS|JAN27
30 - ELETRODUTOS CORRUGADOS KRONA;TELEVENDAS;TELEVENDAS;OUTROS;2027-02-01;31,41;TELEVENDAS|30 - ELETRODUTOS CORRUGADOS KRONA|OUTROS|FEV27
30 - ELETRODUTOS CORRUGADOS KRONA;TELEVENDAS;TELEVENDAS;OUTROS;2027-03-01;40,94;TELEVENDAS|30 - ELETRODUTOS CORRUGADOS KRONA|OUTROS|MAR27
30 - ELETRODUTOS CORRUGADOS KRONA;TELEVENDAS;TELEVENDAS;OUTROS;2027-04-01;41,73;TELEVENDAS|30 - ELETRODUTOS CORRUGADOS KRONA|OUTROS|ABR27
30 - ELETRODUTOS CORRUGADOS KRONA;TELEVENDAS;TELEVENDAS;OUTROS;2027-05-01;33,76;TELEVENDAS|30 - ELETRODUTOS CORRUGADOS KRONA|OUTROS|MAI27
30 - ELETRODUTOS CORRUGADOS KRONA;TELEVENDAS;TELEVENDAS;OUTROS;2027-06-01;33,91;TELEVENDAS|30 - ELETRODUTOS CORRUGADOS KRONA|OUTROS|JUN27
30 - ELETRODUTOS CORRUGADOS KRONA;TELEVENDAS;TELEVENDAS;OUTROS;2027-07-01;33,19;TELEVENDAS|30 - ELETRODUTOS CORRUGADOS KRONA|OUTROS|JUL27
30 - ELETRODUTOS CORRUGADOS KRONA;TELEVENDAS;TELEVENDAS;OUTROS;2027-08-01;33,30;TELEVENDAS|30 - ELETRODUTOS CORRUGADOS KRONA|OUTROS|AGO27
30 - ELETRODUTOS CORRUGADOS KRONA;TELEVENDAS;TELEVENDAS;OUTROS;2027-09-01;33,68;TELEVENDAS|30 - ELETRODUTOS CORRUGADOS KRONA|OUTROS|SET27
30 - ELETRODUTOS CORRUGADOS KRONA;TELEVENDAS;TELEVENDAS;OUTROS;2027-10-01;33,51;TELEVENDAS|30 - ELETRODUTOS CORRUGADOS KRONA|OUTROS|OUT27
30 - ELETRODUTOS CORRUGADOS KRONA;TELEVENDAS;TELEVENDAS;OUTROS;2027-11-01;32,83;TELEVENDAS|30 - ELETRODUTOS CORRUGADOS KRONA|OUTROS|NOV27
30 - ELETRODUTOS CORRUGADOS KRONA;TELEVENDAS;TELEVENDAS;OUTROS;2027-12-01;32,31;TELEVENDAS|30 - ELETRODUTOS CORRUGADOS KRONA|OUTROS|DEZ27
30 - ELETRODUTOS CORRUGADOS KRONA;TELEVENDAS;TELEVENDAS;VAREJO;2027-01-01;4951,61;TELEVENDAS|30 - ELETRODUTOS CORRUGADOS KRONA|VAREJO|JAN27
30 - ELETRODUTOS CORRUGADOS KRONA;TELEVENDAS;TELEVENDAS;VAREJO;2027-02-01;6320,00;TELEVENDAS|30 - ELETRODUTOS CORRUGADOS KRONA|VAREJO|FEV27
30 - ELETRODUTOS CORRUGADOS KRONA;TELEVENDAS;TELEVENDAS;VAREJO;2027-03-01;8259,37;TELEVENDAS|30 - ELETRODUTOS CORRUGADOS KRONA|VAREJO|MAR27
30 - ELETRODUTOS CORRUGADOS KRONA;TELEVENDAS;TELEVENDAS;VAREJO;2027-04-01;8462,13;TELEVENDAS|30 - ELETRODUTOS CORRUGADOS KRONA|VAREJO|ABR27
30 - ELETRODUTOS CORRUGADOS KRONA;TELEVENDAS;TELEVENDAS;VAREJO;2027-05-01;6760,89;TELEVENDAS|30 - ELETRODUTOS CORRUGADOS KRONA|VAREJO|MAI27
30 - ELETRODUTOS CORRUGADOS KRONA;TELEVENDAS;TELEVENDAS;VAREJO;2027-06-01;6808,20;TELEVENDAS|30 - ELETRODUTOS CORRUGADOS KRONA|VAREJO|JUN27
30 - ELETRODUTOS CORRUGADOS KRONA;TELEVENDAS;TELEVENDAS;VAREJO;2027-07-01;6835,84;TELEVENDAS|30 - ELETRODUTOS CORRUGADOS KRONA|VAREJO|JUL27
30 - ELETRODUTOS CORRUGADOS KRONA;TELEVENDAS;TELEVENDAS;VAREJO;2027-08-01;6842,84;TELEVENDAS|30 - ELETRODUTOS CORRUGADOS KRONA|VAREJO|AGO27
30 - ELETRODUTOS CORRUGADOS KRONA;TELEVENDAS;TELEVENDAS;VAREJO;2027-09-01;6825,56;TELEVENDAS|30 - ELETRODUTOS CORRUGADOS KRONA|VAREJO|SET27
30 - ELETRODUTOS CORRUGADOS KRONA;TELEVENDAS;TELEVENDAS;VAREJO;2027-10-01;6720,15;TELEVENDAS|30 - ELETRODUTOS CORRUGADOS KRONA|VAREJO|OUT27
30 - ELETRODUTOS CORRUGADOS KRONA;TELEVENDAS;TELEVENDAS;VAREJO;2027-11-01;6589,03;TELEVENDAS|30 - ELETRODUTOS CORRUGADOS KRONA|VAREJO|NOV27
30 - ELETRODUTOS CORRUGADOS KRONA;TELEVENDAS;TELEVENDAS;VAREJO;2027-12-01;6364,71;TELEVENDAS|30 - ELETRODUTOS CORRUGADOS KRONA|VAREJO|DEZ27
31 - CPVC ULTRATERM;CENTRO OESTE;CO NO;ATACADO;2027-01-01;1673,31;CENTRO OESTE|31 - CPVC ULTRATERM|ATACADO|JAN27
31 - CPVC ULTRATERM;CENTRO OESTE;CO NO;ATACADO;2027-02-01;1824,05;CENTRO OESTE|31 - CPVC ULTRATERM|ATACADO|FEV27
31 - CPVC ULTRATERM;CENTRO OESTE;CO NO;ATACADO;2027-03-01;1769,78;CENTRO OESTE|31 - CPVC ULTRATERM|ATACADO|MAR27
31 - CPVC ULTRATERM;CENTRO OESTE;CO NO;ATACADO;2027-04-01;1760,63;CENTRO OESTE|31 - CPVC ULTRATERM|ATACADO|ABR27
31 - CPVC ULTRATERM;CENTRO OESTE;CO NO;ATACADO;2027-05-01;1722,95;CENTRO OESTE|31 - CPVC ULTRATERM|ATACADO|MAI27
31 - CPVC ULTRATERM;CENTRO OESTE;CO NO;ATACADO;2027-06-01;1832,47;CENTRO OESTE|31 - CPVC ULTRATERM|ATACADO|JUN27
31 - CPVC ULTRATERM;CENTRO OESTE;CO NO;ATACADO;2027-07-01;1773,13;CENTRO OESTE|31 - CPVC ULTRATERM|ATACADO|JUL27
31 - CPVC ULTRATERM;CENTRO OESTE;CO NO;ATACADO;2027-08-01;1660,71;CENTRO OESTE|31 - CPVC ULTRATERM|ATACADO|AGO27
31 - CPVC ULTRATERM;CENTRO OESTE;CO NO;ATACADO;2027-09-01;1701,81;CENTRO OESTE|31 - CPVC ULTRATERM|ATACADO|SET27
31 - CPVC ULTRATERM;CENTRO OESTE;CO NO;ATACADO;2027-10-01;1659,43;CENTRO OESTE|31 - CPVC ULTRATERM|ATACADO|OUT27
31 - CPVC ULTRATERM;CENTRO OESTE;CO NO;ATACADO;2027-11-01;1571,61;CENTRO OESTE|31 - CPVC ULTRATERM|ATACADO|NOV27
31 - CPVC ULTRATERM;CENTRO OESTE;CO NO;ATACADO;2027-12-01;1843,70;CENTRO OESTE|31 - CPVC ULTRATERM|ATACADO|DEZ27
31 - CPVC ULTRATERM;CENTRO OESTE;CO NO;VAREJO;2027-01-01;791,23;CENTRO OESTE|31 - CPVC ULTRATERM|VAREJO|JAN27
31 - CPVC ULTRATERM;CENTRO OESTE;CO NO;VAREJO;2027-02-01;917,94;CENTRO OESTE|31 - CPVC ULTRATERM|VAREJO|FEV27
31 - CPVC ULTRATERM;CENTRO OESTE;CO NO;VAREJO;2027-03-01;894,48;CENTRO OESTE|31 - CPVC ULTRATERM|VAREJO|MAR27
31 - CPVC ULTRATERM;CENTRO OESTE;CO NO;VAREJO;2027-04-01;895,46;CENTRO OESTE|31 - CPVC ULTRATERM|VAREJO|ABR27
31 - CPVC ULTRATERM;CENTRO OESTE;CO NO;VAREJO;2027-05-01;866,51;CENTRO OESTE|31 - CPVC ULTRATERM|VAREJO|MAI27
31 - CPVC ULTRATERM;CENTRO OESTE;CO NO;VAREJO;2027-06-01;955,80;CENTRO OESTE|31 - CPVC ULTRATERM|VAREJO|JUN27
31 - CPVC ULTRATERM;CENTRO OESTE;CO NO;VAREJO;2027-07-01;919,41;CENTRO OESTE|31 - CPVC ULTRATERM|VAREJO|JUL27
31 - CPVC ULTRATERM;CENTRO OESTE;CO NO;VAREJO;2027-08-01;834,69;CENTRO OESTE|31 - CPVC ULTRATERM|VAREJO|AGO27
31 - CPVC ULTRATERM;CENTRO OESTE;CO NO;VAREJO;2027-09-01;869,96;CENTRO OESTE|31 - CPVC ULTRATERM|VAREJO|SET27
31 - CPVC ULTRATERM;CENTRO OESTE;CO NO;VAREJO;2027-10-01;845,36;CENTRO OESTE|31 - CPVC ULTRATERM|VAREJO|OUT27
31 - CPVC ULTRATERM;CENTRO OESTE;CO NO;VAREJO;2027-11-01;786,78;CENTRO OESTE|31 - CPVC ULTRATERM|VAREJO|NOV27
31 - CPVC ULTRATERM;CENTRO OESTE;CO NO;VAREJO;2027-12-01;996,22;CENTRO OESTE|31 - CPVC ULTRATERM|VAREJO|DEZ27
31 - CPVC ULTRATERM;CONSTR CENTRO OESTE;CONSTRUTORA;CONSTRUTORA;2027-01-01;1354,98;CONSTR CENTRO OESTE|31 - CPVC ULTRATERM|CONSTRUTORA|JAN27
31 - CPVC ULTRATERM;CONSTR CENTRO OESTE;CONSTRUTORA;CONSTRUTORA;2027-02-01;1387,26;CONSTR CENTRO OESTE|31 - CPVC ULTRATERM|CONSTRUTORA|FEV27
31 - CPVC ULTRATERM;CONSTR CENTRO OESTE;CONSTRUTORA;CONSTRUTORA;2027-03-01;1411,61;CONSTR CENTRO OESTE|31 - CPVC ULTRATERM|CONSTRUTORA|MAR27
31 - CPVC ULTRATERM;CONSTR CENTRO OESTE;CONSTRUTORA;CONSTRUTORA;2027-04-01;1434,33;CONSTR CENTRO OESTE|31 - CPVC ULTRATERM|CONSTRUTORA|ABR27
31 - CPVC ULTRATERM;CONSTR CENTRO OESTE;CONSTRUTORA;CONSTRUTORA;2027-05-01;1442,60;CONSTR CENTRO OESTE|31 - CPVC ULTRATERM|CONSTRUTORA|MAI27
31 - CPVC ULTRATERM;CONSTR CENTRO OESTE;CONSTRUTORA;CONSTRUTORA;2027-06-01;1464,47;CONSTR CENTRO OESTE|31 - CPVC ULTRATERM|CONSTRUTORA|JUN27
31 - CPVC ULTRATERM;CONSTR CENTRO OESTE;CONSTRUTORA;CONSTRUTORA;2027-07-01;1503,15;CONSTR CENTRO OESTE|31 - CPVC ULTRATERM|CONSTRUTORA|JUL27
31 - CPVC ULTRATERM;CONSTR CENTRO OESTE;CONSTRUTORA;CONSTRUTORA;2027-08-01;1503,36;CONSTR CENTRO OESTE|31 - CPVC ULTRATERM|CONSTRUTORA|AGO27
31 - CPVC ULTRATERM;CONSTR CENTRO OESTE;CONSTRUTORA;CONSTRUTORA;2027-09-01;1520,40;CONSTR CENTRO OESTE|31 - CPVC ULTRATERM|CONSTRUTORA|SET27
31 - CPVC ULTRATERM;CONSTR CENTRO OESTE;CONSTRUTORA;CONSTRUTORA;2027-10-01;1562,08;CONSTR CENTRO OESTE|31 - CPVC ULTRATERM|CONSTRUTORA|OUT27
31 - CPVC ULTRATERM;CONSTR CENTRO OESTE;CONSTRUTORA;CONSTRUTORA;2027-11-01;1575,99;CONSTR CENTRO OESTE|31 - CPVC ULTRATERM|CONSTRUTORA|NOV27
31 - CPVC ULTRATERM;CONSTR CENTRO OESTE;CONSTRUTORA;CONSTRUTORA;2027-12-01;1584,36;CONSTR CENTRO OESTE|31 - CPVC ULTRATERM|CONSTRUTORA|DEZ27
31 - CPVC ULTRATERM;CONSTR NORDESTE;CONSTRUTORA;CONSTRUTORA;2027-01-01;2507,97;CONSTR NORDESTE|31 - CPVC ULTRATERM|CONSTRUTORA|JAN27
31 - CPVC ULTRATERM;CONSTR NORDESTE;CONSTRUTORA;CONSTRUTORA;2027-02-01;2406,10;CONSTR NORDESTE|31 - CPVC ULTRATERM|CONSTRUTORA|FEV27
31 - CPVC ULTRATERM;CONSTR NORDESTE;CONSTRUTORA;CONSTRUTORA;2027-03-01;2369,49;CONSTR NORDESTE|31 - CPVC ULTRATERM|CONSTRUTORA|MAR27
31 - CPVC ULTRATERM;CONSTR NORDESTE;CONSTRUTORA;CONSTRUTORA;2027-04-01;2718,10;CONSTR NORDESTE|31 - CPVC ULTRATERM|CONSTRUTORA|ABR27
31 - CPVC ULTRATERM;CONSTR NORDESTE;CONSTRUTORA;CONSTRUTORA;2027-05-01;2471,76;CONSTR NORDESTE|31 - CPVC ULTRATERM|CONSTRUTORA|MAI27
31 - CPVC ULTRATERM;CONSTR NORDESTE;CONSTRUTORA;CONSTRUTORA;2027-06-01;2125,77;CONSTR NORDESTE|31 - CPVC ULTRATERM|CONSTRUTORA|JUN27
31 - CPVC ULTRATERM;CONSTR NORDESTE;CONSTRUTORA;CONSTRUTORA;2027-07-01;2052,06;CONSTR NORDESTE|31 - CPVC ULTRATERM|CONSTRUTORA|JUL27
31 - CPVC ULTRATERM;CONSTR NORDESTE;CONSTRUTORA;CONSTRUTORA;2027-08-01;3254,18;CONSTR NORDESTE|31 - CPVC ULTRATERM|CONSTRUTORA|AGO27
31 - CPVC ULTRATERM;CONSTR NORDESTE;CONSTRUTORA;CONSTRUTORA;2027-09-01;2130,10;CONSTR NORDESTE|31 - CPVC ULTRATERM|CONSTRUTORA|SET27
31 - CPVC ULTRATERM;CONSTR NORDESTE;CONSTRUTORA;CONSTRUTORA;2027-10-01;3271,93;CONSTR NORDESTE|31 - CPVC ULTRATERM|CONSTRUTORA|OUT27
31 - CPVC ULTRATERM;CONSTR NORDESTE;CONSTRUTORA;CONSTRUTORA;2027-11-01;2010,67;CONSTR NORDESTE|31 - CPVC ULTRATERM|CONSTRUTORA|NOV27
31 - CPVC ULTRATERM;CONSTR NORDESTE;CONSTRUTORA;CONSTRUTORA;2027-12-01;2189,01;CONSTR NORDESTE|31 - CPVC ULTRATERM|CONSTRUTORA|DEZ27
31 - CPVC ULTRATERM;CONSTR NORTE;CONSTRUTORA;CONSTRUTORA;2027-01-01;395,17;CONSTR NORTE|31 - CPVC ULTRATERM|CONSTRUTORA|JAN27
31 - CPVC ULTRATERM;CONSTR NORTE;CONSTRUTORA;CONSTRUTORA;2027-02-01;395,54;CONSTR NORTE|31 - CPVC ULTRATERM|CONSTRUTORA|FEV27
31 - CPVC ULTRATERM;CONSTR NORTE;CONSTRUTORA;CONSTRUTORA;2027-03-01;395,91;CONSTR NORTE|31 - CPVC ULTRATERM|CONSTRUTORA|MAR27
31 - CPVC ULTRATERM;CONSTR NORTE;CONSTRUTORA;CONSTRUTORA;2027-04-01;396,28;CONSTR NORTE|31 - CPVC ULTRATERM|CONSTRUTORA|ABR27
31 - CPVC ULTRATERM;CONSTR NORTE;CONSTRUTORA;CONSTRUTORA;2027-05-01;396,65;CONSTR NORTE|31 - CPVC ULTRATERM|CONSTRUTORA|MAI27
31 - CPVC ULTRATERM;CONSTR NORTE;CONSTRUTORA;CONSTRUTORA;2027-06-01;397,02;CONSTR NORTE|31 - CPVC ULTRATERM|CONSTRUTORA|JUN27
31 - CPVC ULTRATERM;CONSTR NORTE;CONSTRUTORA;CONSTRUTORA;2027-07-01;397,39;CONSTR NORTE|31 - CPVC ULTRATERM|CONSTRUTORA|JUL27
31 - CPVC ULTRATERM;CONSTR NORTE;CONSTRUTORA;CONSTRUTORA;2027-08-01;397,75;CONSTR NORTE|31 - CPVC ULTRATERM|CONSTRUTORA|AGO27
31 - CPVC ULTRATERM;CONSTR NORTE;CONSTRUTORA;CONSTRUTORA;2027-09-01;398,12;CONSTR NORTE|31 - CPVC ULTRATERM|CONSTRUTORA|SET27
31 - CPVC ULTRATERM;CONSTR NORTE;CONSTRUTORA;CONSTRUTORA;2027-10-01;398,49;CONSTR NORTE|31 - CPVC ULTRATERM|CONSTRUTORA|OUT27
31 - CPVC ULTRATERM;CONSTR NORTE;CONSTRUTORA;CONSTRUTORA;2027-11-01;398,86;CONSTR NORTE|31 - CPVC ULTRATERM|CONSTRUTORA|NOV27
31 - CPVC ULTRATERM;CONSTR NORTE;CONSTRUTORA;CONSTRUTORA;2027-12-01;399,23;CONSTR NORTE|31 - CPVC ULTRATERM|CONSTRUTORA|DEZ27
31 - CPVC ULTRATERM;CONSTR SAO PAULO;CONSTRUTORA;CONSTRUTORA;2027-01-01;684,76;CONSTR SAO PAULO|31 - CPVC ULTRATERM|CONSTRUTORA|JAN27
31 - CPVC ULTRATERM;CONSTR SAO PAULO;CONSTRUTORA;CONSTRUTORA;2027-02-01;764,78;CONSTR SAO PAULO|31 - CPVC ULTRATERM|CONSTRUTORA|FEV27
31 - CPVC ULTRATERM;CONSTR SAO PAULO;CONSTRUTORA;CONSTRUTORA;2027-03-01;658,48;CONSTR SAO PAULO|31 - CPVC ULTRATERM|CONSTRUTORA|MAR27
31 - CPVC ULTRATERM;CONSTR SAO PAULO;CONSTRUTORA;CONSTRUTORA;2027-04-01;701,67;CONSTR SAO PAULO|31 - CPVC ULTRATERM|CONSTRUTORA|ABR27
31 - CPVC ULTRATERM;CONSTR SAO PAULO;CONSTRUTORA;CONSTRUTORA;2027-05-01;662,89;CONSTR SAO PAULO|31 - CPVC ULTRATERM|CONSTRUTORA|MAI27
31 - CPVC ULTRATERM;CONSTR SAO PAULO;CONSTRUTORA;CONSTRUTORA;2027-06-01;666,33;CONSTR SAO PAULO|31 - CPVC ULTRATERM|CONSTRUTORA|JUN27
31 - CPVC ULTRATERM;CONSTR SAO PAULO;CONSTRUTORA;CONSTRUTORA;2027-07-01;669,72;CONSTR SAO PAULO|31 - CPVC ULTRATERM|CONSTRUTORA|JUL27
31 - CPVC ULTRATERM;CONSTR SAO PAULO;CONSTRUTORA;CONSTRUTORA;2027-08-01;775,28;CONSTR SAO PAULO|31 - CPVC ULTRATERM|CONSTRUTORA|AGO27
31 - CPVC ULTRATERM;CONSTR SAO PAULO;CONSTRUTORA;CONSTRUTORA;2027-09-01;653,47;CONSTR SAO PAULO|31 - CPVC ULTRATERM|CONSTRUTORA|SET27
31 - CPVC ULTRATERM;CONSTR SAO PAULO;CONSTRUTORA;CONSTRUTORA;2027-10-01;854,86;CONSTR SAO PAULO|31 - CPVC ULTRATERM|CONSTRUTORA|OUT27
31 - CPVC ULTRATERM;CONSTR SAO PAULO;CONSTRUTORA;CONSTRUTORA;2027-11-01;695,80;CONSTR SAO PAULO|31 - CPVC ULTRATERM|CONSTRUTORA|NOV27
31 - CPVC ULTRATERM;CONSTR SAO PAULO;CONSTRUTORA;CONSTRUTORA;2027-12-01;677,50;CONSTR SAO PAULO|31 - CPVC ULTRATERM|CONSTRUTORA|DEZ27
31 - CPVC ULTRATERM;CONSTR SAO PAULO;CONSTRUTORA;OUTROS;2027-01-01;2,07;CONSTR SAO PAULO|31 - CPVC ULTRATERM|OUTROS|JAN27
31 - CPVC ULTRATERM;CONSTR SAO PAULO;CONSTRUTORA;OUTROS;2027-02-01;2,04;CONSTR SAO PAULO|31 - CPVC ULTRATERM|OUTROS|FEV27
31 - CPVC ULTRATERM;CONSTR SAO PAULO;CONSTRUTORA;OUTROS;2027-03-01;2,01;CONSTR SAO PAULO|31 - CPVC ULTRATERM|OUTROS|MAR27
31 - CPVC ULTRATERM;CONSTR SAO PAULO;CONSTRUTORA;OUTROS;2027-04-01;2,00;CONSTR SAO PAULO|31 - CPVC ULTRATERM|OUTROS|ABR27
31 - CPVC ULTRATERM;CONSTR SAO PAULO;CONSTRUTORA;OUTROS;2027-05-01;1,98;CONSTR SAO PAULO|31 - CPVC ULTRATERM|OUTROS|MAI27
31 - CPVC ULTRATERM;CONSTR SAO PAULO;CONSTRUTORA;OUTROS;2027-06-01;1,96;CONSTR SAO PAULO|31 - CPVC ULTRATERM|OUTROS|JUN27
31 - CPVC ULTRATERM;CONSTR SAO PAULO;CONSTRUTORA;OUTROS;2027-07-01;1,95;CONSTR SAO PAULO|31 - CPVC ULTRATERM|OUTROS|JUL27
31 - CPVC ULTRATERM;CONSTR SAO PAULO;CONSTRUTORA;OUTROS;2027-08-01;1,93;CONSTR SAO PAULO|31 - CPVC ULTRATERM|OUTROS|AGO27
31 - CPVC ULTRATERM;CONSTR SAO PAULO;CONSTRUTORA;OUTROS;2027-09-01;1,92;CONSTR SAO PAULO|31 - CPVC ULTRATERM|OUTROS|SET27
31 - CPVC ULTRATERM;CONSTR SAO PAULO;CONSTRUTORA;OUTROS;2027-10-01;1,91;CONSTR SAO PAULO|31 - CPVC ULTRATERM|OUTROS|OUT27
31 - CPVC ULTRATERM;CONSTR SAO PAULO;CONSTRUTORA;OUTROS;2027-11-01;1,90;CONSTR SAO PAULO|31 - CPVC ULTRATERM|OUTROS|NOV27
31 - CPVC ULTRATERM;CONSTR SAO PAULO;CONSTRUTORA;OUTROS;2027-12-01;1,89;CONSTR SAO PAULO|31 - CPVC ULTRATERM|OUTROS|DEZ27
31 - CPVC ULTRATERM;CONSTR SUDESTE;CONSTRUTORA;CONSTRUTORA;2027-01-01;1760,00;CONSTR SUDESTE|31 - CPVC ULTRATERM|CONSTRUTORA|JAN27
31 - CPVC ULTRATERM;CONSTR SUDESTE;CONSTRUTORA;CONSTRUTORA;2027-02-01;2253,24;CONSTR SUDESTE|31 - CPVC ULTRATERM|CONSTRUTORA|FEV27
31 - CPVC ULTRATERM;CONSTR SUDESTE;CONSTRUTORA;CONSTRUTORA;2027-03-01;1992,69;CONSTR SUDESTE|31 - CPVC ULTRATERM|CONSTRUTORA|MAR27
31 - CPVC ULTRATERM;CONSTR SUDESTE;CONSTRUTORA;CONSTRUTORA;2027-04-01;2515,64;CONSTR SUDESTE|31 - CPVC ULTRATERM|CONSTRUTORA|ABR27
31 - CPVC ULTRATERM;CONSTR SUDESTE;CONSTRUTORA;CONSTRUTORA;2027-05-01;1840,69;CONSTR SUDESTE|31 - CPVC ULTRATERM|CONSTRUTORA|MAI27
31 - CPVC ULTRATERM;CONSTR SUDESTE;CONSTRUTORA;CONSTRUTORA;2027-06-01;2188,29;CONSTR SUDESTE|31 - CPVC ULTRATERM|CONSTRUTORA|JUN27
31 - CPVC ULTRATERM;CONSTR SUDESTE;CONSTRUTORA;CONSTRUTORA;2027-07-01;2188,25;CONSTR SUDESTE|31 - CPVC ULTRATERM|CONSTRUTORA|JUL27
31 - CPVC ULTRATERM;CONSTR SUDESTE;CONSTRUTORA;CONSTRUTORA;2027-08-01;2355,06;CONSTR SUDESTE|31 - CPVC ULTRATERM|CONSTRUTORA|AGO27
31 - CPVC ULTRATERM;CONSTR SUDESTE;CONSTRUTORA;CONSTRUTORA;2027-09-01;2257,25;CONSTR SUDESTE|31 - CPVC ULTRATERM|CONSTRUTORA|SET27
31 - CPVC ULTRATERM;CONSTR SUDESTE;CONSTRUTORA;CONSTRUTORA;2027-10-01;2357,86;CONSTR SUDESTE|31 - CPVC ULTRATERM|CONSTRUTORA|OUT27
31 - CPVC ULTRATERM;CONSTR SUDESTE;CONSTRUTORA;CONSTRUTORA;2027-11-01;2251,60;CONSTR SUDESTE|31 - CPVC ULTRATERM|CONSTRUTORA|NOV27
31 - CPVC ULTRATERM;CONSTR SUDESTE;CONSTRUTORA;CONSTRUTORA;2027-12-01;2200,88;CONSTR SUDESTE|31 - CPVC ULTRATERM|CONSTRUTORA|DEZ27
31 - CPVC ULTRATERM;CONSTR SUL;CONSTRUTORA;CONSTRUTORA;2027-01-01;2919,04;CONSTR SUL|31 - CPVC ULTRATERM|CONSTRUTORA|JAN27
31 - CPVC ULTRATERM;CONSTR SUL;CONSTRUTORA;CONSTRUTORA;2027-02-01;3992,72;CONSTR SUL|31 - CPVC ULTRATERM|CONSTRUTORA|FEV27
31 - CPVC ULTRATERM;CONSTR SUL;CONSTRUTORA;CONSTRUTORA;2027-03-01;2668,91;CONSTR SUL|31 - CPVC ULTRATERM|CONSTRUTORA|MAR27
31 - CPVC ULTRATERM;CONSTR SUL;CONSTRUTORA;CONSTRUTORA;2027-04-01;2704,58;CONSTR SUL|31 - CPVC ULTRATERM|CONSTRUTORA|ABR27
31 - CPVC ULTRATERM;CONSTR SUL;CONSTRUTORA;CONSTRUTORA;2027-05-01;2198,44;CONSTR SUL|31 - CPVC ULTRATERM|CONSTRUTORA|MAI27
31 - CPVC ULTRATERM;CONSTR SUL;CONSTRUTORA;CONSTRUTORA;2027-06-01;3230,55;CONSTR SUL|31 - CPVC ULTRATERM|CONSTRUTORA|JUN27
31 - CPVC ULTRATERM;CONSTR SUL;CONSTRUTORA;CONSTRUTORA;2027-07-01;3460,30;CONSTR SUL|31 - CPVC ULTRATERM|CONSTRUTORA|JUL27
31 - CPVC ULTRATERM;CONSTR SUL;CONSTRUTORA;CONSTRUTORA;2027-08-01;4159,28;CONSTR SUL|31 - CPVC ULTRATERM|CONSTRUTORA|AGO27
31 - CPVC ULTRATERM;CONSTR SUL;CONSTRUTORA;CONSTRUTORA;2027-09-01;2939,95;CONSTR SUL|31 - CPVC ULTRATERM|CONSTRUTORA|SET27
31 - CPVC ULTRATERM;CONSTR SUL;CONSTRUTORA;CONSTRUTORA;2027-10-01;3603,51;CONSTR SUL|31 - CPVC ULTRATERM|CONSTRUTORA|OUT27
31 - CPVC ULTRATERM;CONSTR SUL;CONSTRUTORA;CONSTRUTORA;2027-11-01;3049,38;CONSTR SUL|31 - CPVC ULTRATERM|CONSTRUTORA|NOV27
31 - CPVC ULTRATERM;CONSTR SUL;CONSTRUTORA;CONSTRUTORA;2027-12-01;3095,80;CONSTR SUL|31 - CPVC ULTRATERM|CONSTRUTORA|DEZ27
31 - CPVC ULTRATERM;EXPORTACAO;EXPORTACAO;EXPORTACAO;2027-01-01;0,00;EXPORTACAO|31 - CPVC ULTRATERM|EXPORTACAO|JAN27
31 - CPVC ULTRATERM;EXPORTACAO;EXPORTACAO;EXPORTACAO;2027-02-01;0,00;EXPORTACAO|31 - CPVC ULTRATERM|EXPORTACAO|FEV27
31 - CPVC ULTRATERM;EXPORTACAO;EXPORTACAO;EXPORTACAO;2027-03-01;0,00;EXPORTACAO|31 - CPVC ULTRATERM|EXPORTACAO|MAR27
31 - CPVC ULTRATERM;EXPORTACAO;EXPORTACAO;EXPORTACAO;2027-04-01;0,00;EXPORTACAO|31 - CPVC ULTRATERM|EXPORTACAO|ABR27
31 - CPVC ULTRATERM;EXPORTACAO;EXPORTACAO;EXPORTACAO;2027-05-01;0,00;EXPORTACAO|31 - CPVC ULTRATERM|EXPORTACAO|MAI27
31 - CPVC ULTRATERM;EXPORTACAO;EXPORTACAO;EXPORTACAO;2027-06-01;0,00;EXPORTACAO|31 - CPVC ULTRATERM|EXPORTACAO|JUN27
31 - CPVC ULTRATERM;EXPORTACAO;EXPORTACAO;EXPORTACAO;2027-07-01;0,00;EXPORTACAO|31 - CPVC ULTRATERM|EXPORTACAO|JUL27
31 - CPVC ULTRATERM;EXPORTACAO;EXPORTACAO;EXPORTACAO;2027-08-01;0,00;EXPORTACAO|31 - CPVC ULTRATERM|EXPORTACAO|AGO27
31 - CPVC ULTRATERM;EXPORTACAO;EXPORTACAO;EXPORTACAO;2027-09-01;0,00;EXPORTACAO|31 - CPVC ULTRATERM|EXPORTACAO|SET27
31 - CPVC ULTRATERM;EXPORTACAO;EXPORTACAO;EXPORTACAO;2027-10-01;0,00;EXPORTACAO|31 - CPVC ULTRATERM|EXPORTACAO|OUT27
31 - CPVC ULTRATERM;EXPORTACAO;EXPORTACAO;EXPORTACAO;2027-11-01;0,00;EXPORTACAO|31 - CPVC ULTRATERM|EXPORTACAO|NOV27
31 - CPVC ULTRATERM;EXPORTACAO;EXPORTACAO;EXPORTACAO;2027-12-01;0,00;EXPORTACAO|31 - CPVC ULTRATERM|EXPORTACAO|DEZ27
31 - CPVC ULTRATERM;IRRIGACAO 1;IRRIGACAO;IRRIGACAO;2027-01-01;9,02;IRRIGACAO 1|31 - CPVC ULTRATERM|IRRIGACAO|JAN27
31 - CPVC ULTRATERM;IRRIGACAO 1;IRRIGACAO;IRRIGACAO;2027-02-01;9,02;IRRIGACAO 1|31 - CPVC ULTRATERM|IRRIGACAO|FEV27
31 - CPVC ULTRATERM;IRRIGACAO 1;IRRIGACAO;IRRIGACAO;2027-03-01;9,02;IRRIGACAO 1|31 - CPVC ULTRATERM|IRRIGACAO|MAR27
31 - CPVC ULTRATERM;IRRIGACAO 1;IRRIGACAO;IRRIGACAO;2027-04-01;9,02;IRRIGACAO 1|31 - CPVC ULTRATERM|IRRIGACAO|ABR27
31 - CPVC ULTRATERM;IRRIGACAO 1;IRRIGACAO;IRRIGACAO;2027-05-01;9,02;IRRIGACAO 1|31 - CPVC ULTRATERM|IRRIGACAO|MAI27
31 - CPVC ULTRATERM;IRRIGACAO 1;IRRIGACAO;IRRIGACAO;2027-06-01;9,02;IRRIGACAO 1|31 - CPVC ULTRATERM|IRRIGACAO|JUN27
31 - CPVC ULTRATERM;IRRIGACAO 1;IRRIGACAO;IRRIGACAO;2027-07-01;9,02;IRRIGACAO 1|31 - CPVC ULTRATERM|IRRIGACAO|JUL27
31 - CPVC ULTRATERM;IRRIGACAO 1;IRRIGACAO;IRRIGACAO;2027-08-01;9,02;IRRIGACAO 1|31 - CPVC ULTRATERM|IRRIGACAO|AGO27
31 - CPVC ULTRATERM;IRRIGACAO 1;IRRIGACAO;IRRIGACAO;2027-09-01;9,02;IRRIGACAO 1|31 - CPVC ULTRATERM|IRRIGACAO|SET27
31 - CPVC ULTRATERM;IRRIGACAO 1;IRRIGACAO;IRRIGACAO;2027-10-01;9,02;IRRIGACAO 1|31 - CPVC ULTRATERM|IRRIGACAO|OUT27
31 - CPVC ULTRATERM;IRRIGACAO 1;IRRIGACAO;IRRIGACAO;2027-11-01;9,02;IRRIGACAO 1|31 - CPVC ULTRATERM|IRRIGACAO|NOV27
31 - CPVC ULTRATERM;IRRIGACAO 1;IRRIGACAO;IRRIGACAO;2027-12-01;9,02;IRRIGACAO 1|31 - CPVC ULTRATERM|IRRIGACAO|DEZ27
31 - CPVC ULTRATERM;IRRIGACAO 2;IRRIGACAO;IRRIGACAO;2027-01-01;13,61;IRRIGACAO 2|31 - CPVC ULTRATERM|IRRIGACAO|JAN27
31 - CPVC ULTRATERM;IRRIGACAO 2;IRRIGACAO;IRRIGACAO;2027-02-01;13,61;IRRIGACAO 2|31 - CPVC ULTRATERM|IRRIGACAO|FEV27
31 - CPVC ULTRATERM;IRRIGACAO 2;IRRIGACAO;IRRIGACAO;2027-03-01;13,61;IRRIGACAO 2|31 - CPVC ULTRATERM|IRRIGACAO|MAR27
31 - CPVC ULTRATERM;IRRIGACAO 2;IRRIGACAO;IRRIGACAO;2027-04-01;13,61;IRRIGACAO 2|31 - CPVC ULTRATERM|IRRIGACAO|ABR27
31 - CPVC ULTRATERM;IRRIGACAO 2;IRRIGACAO;IRRIGACAO;2027-05-01;13,61;IRRIGACAO 2|31 - CPVC ULTRATERM|IRRIGACAO|MAI27
31 - CPVC ULTRATERM;IRRIGACAO 2;IRRIGACAO;IRRIGACAO;2027-06-01;13,61;IRRIGACAO 2|31 - CPVC ULTRATERM|IRRIGACAO|JUN27
31 - CPVC ULTRATERM;IRRIGACAO 2;IRRIGACAO;IRRIGACAO;2027-07-01;13,61;IRRIGACAO 2|31 - CPVC ULTRATERM|IRRIGACAO|JUL27
31 - CPVC ULTRATERM;IRRIGACAO 2;IRRIGACAO;IRRIGACAO;2027-08-01;13,61;IRRIGACAO 2|31 - CPVC ULTRATERM|IRRIGACAO|AGO27
31 - CPVC ULTRATERM;IRRIGACAO 2;IRRIGACAO;IRRIGACAO;2027-09-01;13,61;IRRIGACAO 2|31 - CPVC ULTRATERM|IRRIGACAO|SET27
31 - CPVC ULTRATERM;IRRIGACAO 2;IRRIGACAO;IRRIGACAO;2027-10-01;13,61;IRRIGACAO 2|31 - CPVC ULTRATERM|IRRIGACAO|OUT27
31 - CPVC ULTRATERM;IRRIGACAO 2;IRRIGACAO;IRRIGACAO;2027-11-01;13,61;IRRIGACAO 2|31 - CPVC ULTRATERM|IRRIGACAO|NOV27
31 - CPVC ULTRATERM;IRRIGACAO 2;IRRIGACAO;IRRIGACAO;2027-12-01;13,61;IRRIGACAO 2|31 - CPVC ULTRATERM|IRRIGACAO|DEZ27
31 - CPVC ULTRATERM;MINAS GERAIS;MINAS RJ/ES;ATACADO;2027-01-01;9737,95;MINAS GERAIS|31 - CPVC ULTRATERM|ATACADO|JAN27
31 - CPVC ULTRATERM;MINAS GERAIS;MINAS RJ/ES;ATACADO;2027-02-01;9787,96;MINAS GERAIS|31 - CPVC ULTRATERM|ATACADO|FEV27
31 - CPVC ULTRATERM;MINAS GERAIS;MINAS RJ/ES;ATACADO;2027-03-01;9826,83;MINAS GERAIS|31 - CPVC ULTRATERM|ATACADO|MAR27
31 - CPVC ULTRATERM;MINAS GERAIS;MINAS RJ/ES;ATACADO;2027-04-01;9861,40;MINAS GERAIS|31 - CPVC ULTRATERM|ATACADO|ABR27
31 - CPVC ULTRATERM;MINAS GERAIS;MINAS RJ/ES;ATACADO;2027-05-01;9893,17;MINAS GERAIS|31 - CPVC ULTRATERM|ATACADO|MAI27
31 - CPVC ULTRATERM;MINAS GERAIS;MINAS RJ/ES;ATACADO;2027-06-01;9957,80;MINAS GERAIS|31 - CPVC ULTRATERM|ATACADO|JUN27
31 - CPVC ULTRATERM;MINAS GERAIS;MINAS RJ/ES;ATACADO;2027-07-01;10040,90;MINAS GERAIS|31 - CPVC ULTRATERM|ATACADO|JUL27
31 - CPVC ULTRATERM;MINAS GERAIS;MINAS RJ/ES;ATACADO;2027-08-01;10086,34;MINAS GERAIS|31 - CPVC ULTRATERM|ATACADO|AGO27
31 - CPVC ULTRATERM;MINAS GERAIS;MINAS RJ/ES;ATACADO;2027-09-01;10142,82;MINAS GERAIS|31 - CPVC ULTRATERM|ATACADO|SET27
31 - CPVC ULTRATERM;MINAS GERAIS;MINAS RJ/ES;ATACADO;2027-10-01;10197,91;MINAS GERAIS|31 - CPVC ULTRATERM|ATACADO|OUT27
31 - CPVC ULTRATERM;MINAS GERAIS;MINAS RJ/ES;ATACADO;2027-11-01;10250,36;MINAS GERAIS|31 - CPVC ULTRATERM|ATACADO|NOV27
31 - CPVC ULTRATERM;MINAS GERAIS;MINAS RJ/ES;ATACADO;2027-12-01;10321,59;MINAS GERAIS|31 - CPVC ULTRATERM|ATACADO|DEZ27
31 - CPVC ULTRATERM;MINAS GERAIS;MINAS RJ/ES;OUTROS;2027-01-01;14,73;MINAS GERAIS|31 - CPVC ULTRATERM|OUTROS|JAN27
31 - CPVC ULTRATERM;MINAS GERAIS;MINAS RJ/ES;OUTROS;2027-02-01;14,80;MINAS GERAIS|31 - CPVC ULTRATERM|OUTROS|FEV27
31 - CPVC ULTRATERM;MINAS GERAIS;MINAS RJ/ES;OUTROS;2027-03-01;14,88;MINAS GERAIS|31 - CPVC ULTRATERM|OUTROS|MAR27
31 - CPVC ULTRATERM;MINAS GERAIS;MINAS RJ/ES;OUTROS;2027-04-01;14,96;MINAS GERAIS|31 - CPVC ULTRATERM|OUTROS|ABR27
31 - CPVC ULTRATERM;MINAS GERAIS;MINAS RJ/ES;OUTROS;2027-05-01;15,01;MINAS GERAIS|31 - CPVC ULTRATERM|OUTROS|MAI27
31 - CPVC ULTRATERM;MINAS GERAIS;MINAS RJ/ES;OUTROS;2027-06-01;15,08;MINAS GERAIS|31 - CPVC ULTRATERM|OUTROS|JUN27
31 - CPVC ULTRATERM;MINAS GERAIS;MINAS RJ/ES;OUTROS;2027-07-01;15,17;MINAS GERAIS|31 - CPVC ULTRATERM|OUTROS|JUL27
31 - CPVC ULTRATERM;MINAS GERAIS;MINAS RJ/ES;OUTROS;2027-08-01;15,26;MINAS GERAIS|31 - CPVC ULTRATERM|OUTROS|AGO27
31 - CPVC ULTRATERM;MINAS GERAIS;MINAS RJ/ES;OUTROS;2027-09-01;15,35;MINAS GERAIS|31 - CPVC ULTRATERM|OUTROS|SET27
31 - CPVC ULTRATERM;MINAS GERAIS;MINAS RJ/ES;OUTROS;2027-10-01;15,42;MINAS GERAIS|31 - CPVC ULTRATERM|OUTROS|OUT27
31 - CPVC ULTRATERM;MINAS GERAIS;MINAS RJ/ES;OUTROS;2027-11-01;15,50;MINAS GERAIS|31 - CPVC ULTRATERM|OUTROS|NOV27
31 - CPVC ULTRATERM;MINAS GERAIS;MINAS RJ/ES;OUTROS;2027-12-01;15,57;MINAS GERAIS|31 - CPVC ULTRATERM|OUTROS|DEZ27
31 - CPVC ULTRATERM;MINAS GERAIS;MINAS RJ/ES;VAREJO;2027-01-01;2599,18;MINAS GERAIS|31 - CPVC ULTRATERM|VAREJO|JAN27
31 - CPVC ULTRATERM;MINAS GERAIS;MINAS RJ/ES;VAREJO;2027-02-01;2618,79;MINAS GERAIS|31 - CPVC ULTRATERM|VAREJO|FEV27
31 - CPVC ULTRATERM;MINAS GERAIS;MINAS RJ/ES;VAREJO;2027-03-01;2630,86;MINAS GERAIS|31 - CPVC ULTRATERM|VAREJO|MAR27
31 - CPVC ULTRATERM;MINAS GERAIS;MINAS RJ/ES;VAREJO;2027-04-01;2637,24;MINAS GERAIS|31 - CPVC ULTRATERM|VAREJO|ABR27
31 - CPVC ULTRATERM;MINAS GERAIS;MINAS RJ/ES;VAREJO;2027-05-01;2644,19;MINAS GERAIS|31 - CPVC ULTRATERM|VAREJO|MAI27
31 - CPVC ULTRATERM;MINAS GERAIS;MINAS RJ/ES;VAREJO;2027-06-01;2662,84;MINAS GERAIS|31 - CPVC ULTRATERM|VAREJO|JUN27
31 - CPVC ULTRATERM;MINAS GERAIS;MINAS RJ/ES;VAREJO;2027-07-01;2690,50;MINAS GERAIS|31 - CPVC ULTRATERM|VAREJO|JUL27
31 - CPVC ULTRATERM;MINAS GERAIS;MINAS RJ/ES;VAREJO;2027-08-01;2699,55;MINAS GERAIS|31 - CPVC ULTRATERM|VAREJO|AGO27
31 - CPVC ULTRATERM;MINAS GERAIS;MINAS RJ/ES;VAREJO;2027-09-01;2714,86;MINAS GERAIS|31 - CPVC ULTRATERM|VAREJO|SET27
31 - CPVC ULTRATERM;MINAS GERAIS;MINAS RJ/ES;VAREJO;2027-10-01;2729,68;MINAS GERAIS|31 - CPVC ULTRATERM|VAREJO|OUT27
31 - CPVC ULTRATERM;MINAS GERAIS;MINAS RJ/ES;VAREJO;2027-11-01;2749,22;MINAS GERAIS|31 - CPVC ULTRATERM|VAREJO|NOV27
31 - CPVC ULTRATERM;MINAS GERAIS;MINAS RJ/ES;VAREJO;2027-12-01;2774,84;MINAS GERAIS|31 - CPVC ULTRATERM|VAREJO|DEZ27
31 - CPVC ULTRATERM;NORDESTE 1;NORDESTE;ATACADO;2027-01-01;8,75;NORDESTE 1|31 - CPVC ULTRATERM|ATACADO|JAN27
31 - CPVC ULTRATERM;NORDESTE 1;NORDESTE;ATACADO;2027-02-01;8,96;NORDESTE 1|31 - CPVC ULTRATERM|ATACADO|FEV27
31 - CPVC ULTRATERM;NORDESTE 1;NORDESTE;ATACADO;2027-03-01;8,78;NORDESTE 1|31 - CPVC ULTRATERM|ATACADO|MAR27
31 - CPVC ULTRATERM;NORDESTE 1;NORDESTE;ATACADO;2027-04-01;8,08;NORDESTE 1|31 - CPVC ULTRATERM|ATACADO|ABR27
31 - CPVC ULTRATERM;NORDESTE 1;NORDESTE;ATACADO;2027-05-01;8,53;NORDESTE 1|31 - CPVC ULTRATERM|ATACADO|MAI27
31 - CPVC ULTRATERM;NORDESTE 1;NORDESTE;ATACADO;2027-06-01;9,59;NORDESTE 1|31 - CPVC ULTRATERM|ATACADO|JUN27
31 - CPVC ULTRATERM;NORDESTE 1;NORDESTE;ATACADO;2027-07-01;9,17;NORDESTE 1|31 - CPVC ULTRATERM|ATACADO|JUL27
31 - CPVC ULTRATERM;NORDESTE 1;NORDESTE;ATACADO;2027-08-01;9,54;NORDESTE 1|31 - CPVC ULTRATERM|ATACADO|AGO27
31 - CPVC ULTRATERM;NORDESTE 1;NORDESTE;ATACADO;2027-09-01;9,43;NORDESTE 1|31 - CPVC ULTRATERM|ATACADO|SET27
31 - CPVC ULTRATERM;NORDESTE 1;NORDESTE;ATACADO;2027-10-01;10,16;NORDESTE 1|31 - CPVC ULTRATERM|ATACADO|OUT27
31 - CPVC ULTRATERM;NORDESTE 1;NORDESTE;ATACADO;2027-11-01;9,79;NORDESTE 1|31 - CPVC ULTRATERM|ATACADO|NOV27
31 - CPVC ULTRATERM;NORDESTE 1;NORDESTE;ATACADO;2027-12-01;10,71;NORDESTE 1|31 - CPVC ULTRATERM|ATACADO|DEZ27
31 - CPVC ULTRATERM;NORDESTE 1;NORDESTE;OUTROS;2027-01-01;39,90;NORDESTE 1|31 - CPVC ULTRATERM|OUTROS|JAN27
31 - CPVC ULTRATERM;NORDESTE 1;NORDESTE;OUTROS;2027-02-01;39,25;NORDESTE 1|31 - CPVC ULTRATERM|OUTROS|FEV27
31 - CPVC ULTRATERM;NORDESTE 1;NORDESTE;OUTROS;2027-03-01;38,40;NORDESTE 1|31 - CPVC ULTRATERM|OUTROS|MAR27
31 - CPVC ULTRATERM;NORDESTE 1;NORDESTE;OUTROS;2027-04-01;34,06;NORDESTE 1|31 - CPVC ULTRATERM|OUTROS|ABR27
31 - CPVC ULTRATERM;NORDESTE 1;NORDESTE;OUTROS;2027-05-01;36,59;NORDESTE 1|31 - CPVC ULTRATERM|OUTROS|MAI27
31 - CPVC ULTRATERM;NORDESTE 1;NORDESTE;OUTROS;2027-06-01;45,38;NORDESTE 1|31 - CPVC ULTRATERM|OUTROS|JUN27
31 - CPVC ULTRATERM;NORDESTE 1;NORDESTE;OUTROS;2027-07-01;41,49;NORDESTE 1|31 - CPVC ULTRATERM|OUTROS|JUL27
31 - CPVC ULTRATERM;NORDESTE 1;NORDESTE;OUTROS;2027-08-01;44,99;NORDESTE 1|31 - CPVC ULTRATERM|OUTROS|AGO27
31 - CPVC ULTRATERM;NORDESTE 1;NORDESTE;OUTROS;2027-09-01;42,57;NORDESTE 1|31 - CPVC ULTRATERM|OUTROS|SET27
31 - CPVC ULTRATERM;NORDESTE 1;NORDESTE;OUTROS;2027-10-01;49,42;NORDESTE 1|31 - CPVC ULTRATERM|OUTROS|OUT27
31 - CPVC ULTRATERM;NORDESTE 1;NORDESTE;OUTROS;2027-11-01;45,94;NORDESTE 1|31 - CPVC ULTRATERM|OUTROS|NOV27
31 - CPVC ULTRATERM;NORDESTE 1;NORDESTE;OUTROS;2027-12-01;48,30;NORDESTE 1|31 - CPVC ULTRATERM|OUTROS|DEZ27
31 - CPVC ULTRATERM;NORDESTE 1;NORDESTE;VAREJO;2027-01-01;303,71;NORDESTE 1|31 - CPVC ULTRATERM|VAREJO|JAN27
31 - CPVC ULTRATERM;NORDESTE 1;NORDESTE;VAREJO;2027-02-01;301,27;NORDESTE 1|31 - CPVC ULTRATERM|VAREJO|FEV27
31 - CPVC ULTRATERM;NORDESTE 1;NORDESTE;VAREJO;2027-03-01;306,84;NORDESTE 1|31 - CPVC ULTRATERM|VAREJO|MAR27
31 - CPVC ULTRATERM;NORDESTE 1;NORDESTE;VAREJO;2027-04-01;289,90;NORDESTE 1|31 - CPVC ULTRATERM|VAREJO|ABR27
31 - CPVC ULTRATERM;NORDESTE 1;NORDESTE;VAREJO;2027-05-01;305,20;NORDESTE 1|31 - CPVC ULTRATERM|VAREJO|MAI27
31 - CPVC ULTRATERM;NORDESTE 1;NORDESTE;VAREJO;2027-06-01;343,89;NORDESTE 1|31 - CPVC ULTRATERM|VAREJO|JUN27
31 - CPVC ULTRATERM;NORDESTE 1;NORDESTE;VAREJO;2027-07-01;331,98;NORDESTE 1|31 - CPVC ULTRATERM|VAREJO|JUL27
31 - CPVC ULTRATERM;NORDESTE 1;NORDESTE;VAREJO;2027-08-01;347,57;NORDESTE 1|31 - CPVC ULTRATERM|VAREJO|AGO27
31 - CPVC ULTRATERM;NORDESTE 1;NORDESTE;VAREJO;2027-09-01;337,66;NORDESTE 1|31 - CPVC ULTRATERM|VAREJO|SET27
31 - CPVC ULTRATERM;NORDESTE 1;NORDESTE;VAREJO;2027-10-01;368,84;NORDESTE 1|31 - CPVC ULTRATERM|VAREJO|OUT27
31 - CPVC ULTRATERM;NORDESTE 1;NORDESTE;VAREJO;2027-11-01;355,55;NORDESTE 1|31 - CPVC ULTRATERM|VAREJO|NOV27
31 - CPVC ULTRATERM;NORDESTE 1;NORDESTE;VAREJO;2027-12-01;369,74;NORDESTE 1|31 - CPVC ULTRATERM|VAREJO|DEZ27
31 - CPVC ULTRATERM;NORDESTE 2;NORDESTE;ATACADO;2027-01-01;154,90;NORDESTE 2|31 - CPVC ULTRATERM|ATACADO|JAN27
31 - CPVC ULTRATERM;NORDESTE 2;NORDESTE;ATACADO;2027-02-01;169,36;NORDESTE 2|31 - CPVC ULTRATERM|ATACADO|FEV27
31 - CPVC ULTRATERM;NORDESTE 2;NORDESTE;ATACADO;2027-03-01;182,22;NORDESTE 2|31 - CPVC ULTRATERM|ATACADO|MAR27
31 - CPVC ULTRATERM;NORDESTE 2;NORDESTE;ATACADO;2027-04-01;165,57;NORDESTE 2|31 - CPVC ULTRATERM|ATACADO|ABR27
31 - CPVC ULTRATERM;NORDESTE 2;NORDESTE;ATACADO;2027-05-01;151,79;NORDESTE 2|31 - CPVC ULTRATERM|ATACADO|MAI27
31 - CPVC ULTRATERM;NORDESTE 2;NORDESTE;ATACADO;2027-06-01;157,93;NORDESTE 2|31 - CPVC ULTRATERM|ATACADO|JUN27
31 - CPVC ULTRATERM;NORDESTE 2;NORDESTE;ATACADO;2027-07-01;155,96;NORDESTE 2|31 - CPVC ULTRATERM|ATACADO|JUL27
31 - CPVC ULTRATERM;NORDESTE 2;NORDESTE;ATACADO;2027-08-01;158,90;NORDESTE 2|31 - CPVC ULTRATERM|ATACADO|AGO27
31 - CPVC ULTRATERM;NORDESTE 2;NORDESTE;ATACADO;2027-09-01;162,00;NORDESTE 2|31 - CPVC ULTRATERM|ATACADO|SET27
31 - CPVC ULTRATERM;NORDESTE 2;NORDESTE;ATACADO;2027-10-01;172,15;NORDESTE 2|31 - CPVC ULTRATERM|ATACADO|OUT27
31 - CPVC ULTRATERM;NORDESTE 2;NORDESTE;ATACADO;2027-11-01;178,46;NORDESTE 2|31 - CPVC ULTRATERM|ATACADO|NOV27
31 - CPVC ULTRATERM;NORDESTE 2;NORDESTE;ATACADO;2027-12-01;174,24;NORDESTE 2|31 - CPVC ULTRATERM|ATACADO|DEZ27
31 - CPVC ULTRATERM;NORDESTE 2;NORDESTE;OUTROS;2027-01-01;76,86;NORDESTE 2|31 - CPVC ULTRATERM|OUTROS|JAN27
31 - CPVC ULTRATERM;NORDESTE 2;NORDESTE;OUTROS;2027-02-01;81,01;NORDESTE 2|31 - CPVC ULTRATERM|OUTROS|FEV27
31 - CPVC ULTRATERM;NORDESTE 2;NORDESTE;OUTROS;2027-03-01;82,60;NORDESTE 2|31 - CPVC ULTRATERM|OUTROS|MAR27
31 - CPVC ULTRATERM;NORDESTE 2;NORDESTE;OUTROS;2027-04-01;80,43;NORDESTE 2|31 - CPVC ULTRATERM|OUTROS|ABR27
31 - CPVC ULTRATERM;NORDESTE 2;NORDESTE;OUTROS;2027-05-01;76,83;NORDESTE 2|31 - CPVC ULTRATERM|OUTROS|MAI27
31 - CPVC ULTRATERM;NORDESTE 2;NORDESTE;OUTROS;2027-06-01;82,20;NORDESTE 2|31 - CPVC ULTRATERM|OUTROS|JUN27
31 - CPVC ULTRATERM;NORDESTE 2;NORDESTE;OUTROS;2027-07-01;80,50;NORDESTE 2|31 - CPVC ULTRATERM|OUTROS|JUL27
31 - CPVC ULTRATERM;NORDESTE 2;NORDESTE;OUTROS;2027-08-01;80,48;NORDESTE 2|31 - CPVC ULTRATERM|OUTROS|AGO27
31 - CPVC ULTRATERM;NORDESTE 2;NORDESTE;OUTROS;2027-09-01;82,34;NORDESTE 2|31 - CPVC ULTRATERM|OUTROS|SET27
31 - CPVC ULTRATERM;NORDESTE 2;NORDESTE;OUTROS;2027-10-01;84,18;NORDESTE 2|31 - CPVC ULTRATERM|OUTROS|OUT27
31 - CPVC ULTRATERM;NORDESTE 2;NORDESTE;OUTROS;2027-11-01;86,05;NORDESTE 2|31 - CPVC ULTRATERM|OUTROS|NOV27
31 - CPVC ULTRATERM;NORDESTE 2;NORDESTE;OUTROS;2027-12-01;85,52;NORDESTE 2|31 - CPVC ULTRATERM|OUTROS|DEZ27
31 - CPVC ULTRATERM;NORDESTE 2;NORDESTE;VAREJO;2027-01-01;314,79;NORDESTE 2|31 - CPVC ULTRATERM|VAREJO|JAN27
31 - CPVC ULTRATERM;NORDESTE 2;NORDESTE;VAREJO;2027-02-01;320,84;NORDESTE 2|31 - CPVC ULTRATERM|VAREJO|FEV27
31 - CPVC ULTRATERM;NORDESTE 2;NORDESTE;VAREJO;2027-03-01;326,53;NORDESTE 2|31 - CPVC ULTRATERM|VAREJO|MAR27
31 - CPVC ULTRATERM;NORDESTE 2;NORDESTE;VAREJO;2027-04-01;322,64;NORDESTE 2|31 - CPVC ULTRATERM|VAREJO|ABR27
31 - CPVC ULTRATERM;NORDESTE 2;NORDESTE;VAREJO;2027-05-01;297,54;NORDESTE 2|31 - CPVC ULTRATERM|VAREJO|MAI27
31 - CPVC ULTRATERM;NORDESTE 2;NORDESTE;VAREJO;2027-06-01;332,40;NORDESTE 2|31 - CPVC ULTRATERM|VAREJO|JUN27
31 - CPVC ULTRATERM;NORDESTE 2;NORDESTE;VAREJO;2027-07-01;319,74;NORDESTE 2|31 - CPVC ULTRATERM|VAREJO|JUL27
31 - CPVC ULTRATERM;NORDESTE 2;NORDESTE;VAREJO;2027-08-01;320,26;NORDESTE 2|31 - CPVC ULTRATERM|VAREJO|AGO27
31 - CPVC ULTRATERM;NORDESTE 2;NORDESTE;VAREJO;2027-09-01;335,87;NORDESTE 2|31 - CPVC ULTRATERM|VAREJO|SET27
31 - CPVC ULTRATERM;NORDESTE 2;NORDESTE;VAREJO;2027-10-01;357,57;NORDESTE 2|31 - CPVC ULTRATERM|VAREJO|OUT27
31 - CPVC ULTRATERM;NORDESTE 2;NORDESTE;VAREJO;2027-11-01;354,90;NORDESTE 2|31 - CPVC ULTRATERM|VAREJO|NOV27
31 - CPVC ULTRATERM;NORDESTE 2;NORDESTE;VAREJO;2027-12-01;368,13;NORDESTE 2|31 - CPVC ULTRATERM|VAREJO|DEZ27
31 - CPVC ULTRATERM;NORDESTE 3;NORDESTE;ATACADO;2027-01-01;442,16;NORDESTE 3|31 - CPVC ULTRATERM|ATACADO|JAN27
31 - CPVC ULTRATERM;NORDESTE 3;NORDESTE;ATACADO;2027-02-01;355,63;NORDESTE 3|31 - CPVC ULTRATERM|ATACADO|FEV27
31 - CPVC ULTRATERM;NORDESTE 3;NORDESTE;ATACADO;2027-03-01;358,65;NORDESTE 3|31 - CPVC ULTRATERM|ATACADO|MAR27
31 - CPVC ULTRATERM;NORDESTE 3;NORDESTE;ATACADO;2027-04-01;393,50;NORDESTE 3|31 - CPVC ULTRATERM|ATACADO|ABR27
31 - CPVC ULTRATERM;NORDESTE 3;NORDESTE;ATACADO;2027-05-01;297,49;NORDESTE 3|31 - CPVC ULTRATERM|ATACADO|MAI27
31 - CPVC ULTRATERM;NORDESTE 3;NORDESTE;ATACADO;2027-06-01;257,87;NORDESTE 3|31 - CPVC ULTRATERM|ATACADO|JUN27
31 - CPVC ULTRATERM;NORDESTE 3;NORDESTE;ATACADO;2027-07-01;325,61;NORDESTE 3|31 - CPVC ULTRATERM|ATACADO|JUL27
31 - CPVC ULTRATERM;NORDESTE 3;NORDESTE;ATACADO;2027-08-01;353,82;NORDESTE 3|31 - CPVC ULTRATERM|ATACADO|AGO27
31 - CPVC ULTRATERM;NORDESTE 3;NORDESTE;ATACADO;2027-09-01;312,74;NORDESTE 3|31 - CPVC ULTRATERM|ATACADO|SET27
31 - CPVC ULTRATERM;NORDESTE 3;NORDESTE;ATACADO;2027-10-01;384,38;NORDESTE 3|31 - CPVC ULTRATERM|ATACADO|OUT27
31 - CPVC ULTRATERM;NORDESTE 3;NORDESTE;ATACADO;2027-11-01;275,01;NORDESTE 3|31 - CPVC ULTRATERM|ATACADO|NOV27
31 - CPVC ULTRATERM;NORDESTE 3;NORDESTE;ATACADO;2027-12-01;351,79;NORDESTE 3|31 - CPVC ULTRATERM|ATACADO|DEZ27
31 - CPVC ULTRATERM;NORDESTE 3;NORDESTE;OUTROS;2027-01-01;14,25;NORDESTE 3|31 - CPVC ULTRATERM|OUTROS|JAN27
31 - CPVC ULTRATERM;NORDESTE 3;NORDESTE;OUTROS;2027-02-01;12,37;NORDESTE 3|31 - CPVC ULTRATERM|OUTROS|FEV27
31 - CPVC ULTRATERM;NORDESTE 3;NORDESTE;OUTROS;2027-03-01;12,54;NORDESTE 3|31 - CPVC ULTRATERM|OUTROS|MAR27
31 - CPVC ULTRATERM;NORDESTE 3;NORDESTE;OUTROS;2027-04-01;13,43;NORDESTE 3|31 - CPVC ULTRATERM|OUTROS|ABR27
31 - CPVC ULTRATERM;NORDESTE 3;NORDESTE;OUTROS;2027-05-01;11,00;NORDESTE 3|31 - CPVC ULTRATERM|OUTROS|MAI27
31 - CPVC ULTRATERM;NORDESTE 3;NORDESTE;OUTROS;2027-06-01;10,14;NORDESTE 3|31 - CPVC ULTRATERM|OUTROS|JUN27
31 - CPVC ULTRATERM;NORDESTE 3;NORDESTE;OUTROS;2027-07-01;11,46;NORDESTE 3|31 - CPVC ULTRATERM|OUTROS|JUL27
31 - CPVC ULTRATERM;NORDESTE 3;NORDESTE;OUTROS;2027-08-01;12,20;NORDESTE 3|31 - CPVC ULTRATERM|OUTROS|AGO27
31 - CPVC ULTRATERM;NORDESTE 3;NORDESTE;OUTROS;2027-09-01;11,55;NORDESTE 3|31 - CPVC ULTRATERM|OUTROS|SET27
31 - CPVC ULTRATERM;NORDESTE 3;NORDESTE;OUTROS;2027-10-01;12,98;NORDESTE 3|31 - CPVC ULTRATERM|OUTROS|OUT27
31 - CPVC ULTRATERM;NORDESTE 3;NORDESTE;OUTROS;2027-11-01;10,62;NORDESTE 3|31 - CPVC ULTRATERM|OUTROS|NOV27
31 - CPVC ULTRATERM;NORDESTE 3;NORDESTE;OUTROS;2027-12-01;12,39;NORDESTE 3|31 - CPVC ULTRATERM|OUTROS|DEZ27
31 - CPVC ULTRATERM;NORDESTE 3;NORDESTE;VAREJO;2027-01-01;134,18;NORDESTE 3|31 - CPVC ULTRATERM|VAREJO|JAN27
31 - CPVC ULTRATERM;NORDESTE 3;NORDESTE;VAREJO;2027-02-01;112,99;NORDESTE 3|31 - CPVC ULTRATERM|VAREJO|FEV27
31 - CPVC ULTRATERM;NORDESTE 3;NORDESTE;VAREJO;2027-03-01;112,74;NORDESTE 3|31 - CPVC ULTRATERM|VAREJO|MAR27
31 - CPVC ULTRATERM;NORDESTE 3;NORDESTE;VAREJO;2027-04-01;121,82;NORDESTE 3|31 - CPVC ULTRATERM|VAREJO|ABR27
31 - CPVC ULTRATERM;NORDESTE 3;NORDESTE;VAREJO;2027-05-01;98,28;NORDESTE 3|31 - CPVC ULTRATERM|VAREJO|MAI27
31 - CPVC ULTRATERM;NORDESTE 3;NORDESTE;VAREJO;2027-06-01;87,62;NORDESTE 3|31 - CPVC ULTRATERM|VAREJO|JUN27
31 - CPVC ULTRATERM;NORDESTE 3;NORDESTE;VAREJO;2027-07-01;106,07;NORDESTE 3|31 - CPVC ULTRATERM|VAREJO|JUL27
31 - CPVC ULTRATERM;NORDESTE 3;NORDESTE;VAREJO;2027-08-01;113,76;NORDESTE 3|31 - CPVC ULTRATERM|VAREJO|AGO27
31 - CPVC ULTRATERM;NORDESTE 3;NORDESTE;VAREJO;2027-09-01;101,99;NORDESTE 3|31 - CPVC ULTRATERM|VAREJO|SET27
31 - CPVC ULTRATERM;NORDESTE 3;NORDESTE;VAREJO;2027-10-01;121,31;NORDESTE 3|31 - CPVC ULTRATERM|VAREJO|OUT27
31 - CPVC ULTRATERM;NORDESTE 3;NORDESTE;VAREJO;2027-11-01;91,96;NORDESTE 3|31 - CPVC ULTRATERM|VAREJO|NOV27
31 - CPVC ULTRATERM;NORDESTE 3;NORDESTE;VAREJO;2027-12-01;112,45;NORDESTE 3|31 - CPVC ULTRATERM|VAREJO|DEZ27
31 - CPVC ULTRATERM;NORTE;CO NO;ATACADO;2027-01-01;21,03;NORTE|31 - CPVC ULTRATERM|ATACADO|JAN27
31 - CPVC ULTRATERM;NORTE;CO NO;ATACADO;2027-02-01;21,33;NORTE|31 - CPVC ULTRATERM|ATACADO|FEV27
31 - CPVC ULTRATERM;NORTE;CO NO;ATACADO;2027-03-01;21,69;NORTE|31 - CPVC ULTRATERM|ATACADO|MAR27
31 - CPVC ULTRATERM;NORTE;CO NO;ATACADO;2027-04-01;21,91;NORTE|31 - CPVC ULTRATERM|ATACADO|ABR27
31 - CPVC ULTRATERM;NORTE;CO NO;ATACADO;2027-05-01;22,21;NORTE|31 - CPVC ULTRATERM|ATACADO|MAI27
31 - CPVC ULTRATERM;NORTE;CO NO;ATACADO;2027-06-01;22,52;NORTE|31 - CPVC ULTRATERM|ATACADO|JUN27
31 - CPVC ULTRATERM;NORTE;CO NO;ATACADO;2027-07-01;22,80;NORTE|31 - CPVC ULTRATERM|ATACADO|JUL27
31 - CPVC ULTRATERM;NORTE;CO NO;ATACADO;2027-08-01;23,09;NORTE|31 - CPVC ULTRATERM|ATACADO|AGO27
31 - CPVC ULTRATERM;NORTE;CO NO;ATACADO;2027-09-01;23,44;NORTE|31 - CPVC ULTRATERM|ATACADO|SET27
31 - CPVC ULTRATERM;NORTE;CO NO;ATACADO;2027-10-01;23,73;NORTE|31 - CPVC ULTRATERM|ATACADO|OUT27
31 - CPVC ULTRATERM;NORTE;CO NO;ATACADO;2027-11-01;24,03;NORTE|31 - CPVC ULTRATERM|ATACADO|NOV27
31 - CPVC ULTRATERM;NORTE;CO NO;ATACADO;2027-12-01;24,27;NORTE|31 - CPVC ULTRATERM|ATACADO|DEZ27
31 - CPVC ULTRATERM;NORTE;CO NO;VAREJO;2027-01-01;189,08;NORTE|31 - CPVC ULTRATERM|VAREJO|JAN27
31 - CPVC ULTRATERM;NORTE;CO NO;VAREJO;2027-02-01;191,67;NORTE|31 - CPVC ULTRATERM|VAREJO|FEV27
31 - CPVC ULTRATERM;NORTE;CO NO;VAREJO;2027-03-01;194,51;NORTE|31 - CPVC ULTRATERM|VAREJO|MAR27
31 - CPVC ULTRATERM;NORTE;CO NO;VAREJO;2027-04-01;195,40;NORTE|31 - CPVC ULTRATERM|VAREJO|ABR27
31 - CPVC ULTRATERM;NORTE;CO NO;VAREJO;2027-05-01;197,72;NORTE|31 - CPVC ULTRATERM|VAREJO|MAI27
31 - CPVC ULTRATERM;NORTE;CO NO;VAREJO;2027-06-01;200,80;NORTE|31 - CPVC ULTRATERM|VAREJO|JUN27
31 - CPVC ULTRATERM;NORTE;CO NO;VAREJO;2027-07-01;204,08;NORTE|31 - CPVC ULTRATERM|VAREJO|JUL27
31 - CPVC ULTRATERM;NORTE;CO NO;VAREJO;2027-08-01;205,11;NORTE|31 - CPVC ULTRATERM|VAREJO|AGO27
31 - CPVC ULTRATERM;NORTE;CO NO;VAREJO;2027-09-01;208,80;NORTE|31 - CPVC ULTRATERM|VAREJO|SET27
31 - CPVC ULTRATERM;NORTE;CO NO;VAREJO;2027-10-01;212,01;NORTE|31 - CPVC ULTRATERM|VAREJO|OUT27
31 - CPVC ULTRATERM;NORTE;CO NO;VAREJO;2027-11-01;214,70;NORTE|31 - CPVC ULTRATERM|VAREJO|NOV27
31 - CPVC ULTRATERM;NORTE;CO NO;VAREJO;2027-12-01;215,47;NORTE|31 - CPVC ULTRATERM|VAREJO|DEZ27
31 - CPVC ULTRATERM;PARANA;SUL;ATACADO;2027-01-01;284,24;PARANA|31 - CPVC ULTRATERM|ATACADO|JAN27
31 - CPVC ULTRATERM;PARANA;SUL;ATACADO;2027-02-01;193,72;PARANA|31 - CPVC ULTRATERM|ATACADO|FEV27
31 - CPVC ULTRATERM;PARANA;SUL;ATACADO;2027-03-01;232,22;PARANA|31 - CPVC ULTRATERM|ATACADO|MAR27
31 - CPVC ULTRATERM;PARANA;SUL;ATACADO;2027-04-01;215,67;PARANA|31 - CPVC ULTRATERM|ATACADO|ABR27
31 - CPVC ULTRATERM;PARANA;SUL;ATACADO;2027-05-01;130,43;PARANA|31 - CPVC ULTRATERM|ATACADO|MAI27
31 - CPVC ULTRATERM;PARANA;SUL;ATACADO;2027-06-01;255,59;PARANA|31 - CPVC ULTRATERM|ATACADO|JUN27
31 - CPVC ULTRATERM;PARANA;SUL;ATACADO;2027-07-01;280,96;PARANA|31 - CPVC ULTRATERM|ATACADO|JUL27
31 - CPVC ULTRATERM;PARANA;SUL;ATACADO;2027-08-01;247,70;PARANA|31 - CPVC ULTRATERM|ATACADO|AGO27
31 - CPVC ULTRATERM;PARANA;SUL;ATACADO;2027-09-01;257,54;PARANA|31 - CPVC ULTRATERM|ATACADO|SET27
31 - CPVC ULTRATERM;PARANA;SUL;ATACADO;2027-10-01;232,51;PARANA|31 - CPVC ULTRATERM|ATACADO|OUT27
31 - CPVC ULTRATERM;PARANA;SUL;ATACADO;2027-11-01;224,44;PARANA|31 - CPVC ULTRATERM|ATACADO|NOV27
31 - CPVC ULTRATERM;PARANA;SUL;ATACADO;2027-12-01;210,56;PARANA|31 - CPVC ULTRATERM|ATACADO|DEZ27
31 - CPVC ULTRATERM;PARANA;SUL;OUTROS;2027-01-01;1,20;PARANA|31 - CPVC ULTRATERM|OUTROS|JAN27
31 - CPVC ULTRATERM;PARANA;SUL;OUTROS;2027-02-01;1,27;PARANA|31 - CPVC ULTRATERM|OUTROS|FEV27
31 - CPVC ULTRATERM;PARANA;SUL;OUTROS;2027-03-01;1,33;PARANA|31 - CPVC ULTRATERM|OUTROS|MAR27
31 - CPVC ULTRATERM;PARANA;SUL;OUTROS;2027-04-01;1,23;PARANA|31 - CPVC ULTRATERM|OUTROS|ABR27
31 - CPVC ULTRATERM;PARANA;SUL;OUTROS;2027-05-01;1,24;PARANA|31 - CPVC ULTRATERM|OUTROS|MAI27
31 - CPVC ULTRATERM;PARANA;SUL;OUTROS;2027-06-01;1,13;PARANA|31 - CPVC ULTRATERM|OUTROS|JUN27
31 - CPVC ULTRATERM;PARANA;SUL;OUTROS;2027-07-01;1,13;PARANA|31 - CPVC ULTRATERM|OUTROS|JUL27
31 - CPVC ULTRATERM;PARANA;SUL;OUTROS;2027-08-01;1,13;PARANA|31 - CPVC ULTRATERM|OUTROS|AGO27
31 - CPVC ULTRATERM;PARANA;SUL;OUTROS;2027-09-01;1,13;PARANA|31 - CPVC ULTRATERM|OUTROS|SET27
31 - CPVC ULTRATERM;PARANA;SUL;OUTROS;2027-10-01;1,11;PARANA|31 - CPVC ULTRATERM|OUTROS|OUT27
31 - CPVC ULTRATERM;PARANA;SUL;OUTROS;2027-11-01;1,15;PARANA|31 - CPVC ULTRATERM|OUTROS|NOV27
31 - CPVC ULTRATERM;PARANA;SUL;OUTROS;2027-12-01;1,16;PARANA|31 - CPVC ULTRATERM|OUTROS|DEZ27
31 - CPVC ULTRATERM;PARANA;SUL;VAREJO;2027-01-01;1045,27;PARANA|31 - CPVC ULTRATERM|VAREJO|JAN27
31 - CPVC ULTRATERM;PARANA;SUL;VAREJO;2027-02-01;736,80;PARANA|31 - CPVC ULTRATERM|VAREJO|FEV27
31 - CPVC ULTRATERM;PARANA;SUL;VAREJO;2027-03-01;867,59;PARANA|31 - CPVC ULTRATERM|VAREJO|MAR27
31 - CPVC ULTRATERM;PARANA;SUL;VAREJO;2027-04-01;813,10;PARANA|31 - CPVC ULTRATERM|VAREJO|ABR27
31 - CPVC ULTRATERM;PARANA;SUL;VAREJO;2027-05-01;514,58;PARANA|31 - CPVC ULTRATERM|VAREJO|MAI27
31 - CPVC ULTRATERM;PARANA;SUL;VAREJO;2027-06-01;936,75;PARANA|31 - CPVC ULTRATERM|VAREJO|JUN27
31 - CPVC ULTRATERM;PARANA;SUL;VAREJO;2027-07-01;1034,00;PARANA|31 - CPVC ULTRATERM|VAREJO|JUL27
31 - CPVC ULTRATERM;PARANA;SUL;VAREJO;2027-08-01;935,99;PARANA|31 - CPVC ULTRATERM|VAREJO|AGO27
31 - CPVC ULTRATERM;PARANA;SUL;VAREJO;2027-09-01;964,73;PARANA|31 - CPVC ULTRATERM|VAREJO|SET27
31 - CPVC ULTRATERM;PARANA;SUL;VAREJO;2027-10-01;867,38;PARANA|31 - CPVC ULTRATERM|VAREJO|OUT27
31 - CPVC ULTRATERM;PARANA;SUL;VAREJO;2027-11-01;843,68;PARANA|31 - CPVC ULTRATERM|VAREJO|NOV27
31 - CPVC ULTRATERM;PARANA;SUL;VAREJO;2027-12-01;788,02;PARANA|31 - CPVC ULTRATERM|VAREJO|DEZ27
31 - CPVC ULTRATERM;RIO GRANDE DO SUL;SUL;ATACADO;2027-01-01;1319,11;RIO GRANDE DO SUL|31 - CPVC ULTRATERM|ATACADO|JAN27
31 - CPVC ULTRATERM;RIO GRANDE DO SUL;SUL;ATACADO;2027-02-01;1342,11;RIO GRANDE DO SUL|31 - CPVC ULTRATERM|ATACADO|FEV27
31 - CPVC ULTRATERM;RIO GRANDE DO SUL;SUL;ATACADO;2027-03-01;1319,59;RIO GRANDE DO SUL|31 - CPVC ULTRATERM|ATACADO|MAR27
31 - CPVC ULTRATERM;RIO GRANDE DO SUL;SUL;ATACADO;2027-04-01;1343,56;RIO GRANDE DO SUL|31 - CPVC ULTRATERM|ATACADO|ABR27
31 - CPVC ULTRATERM;RIO GRANDE DO SUL;SUL;ATACADO;2027-05-01;1331,46;RIO GRANDE DO SUL|31 - CPVC ULTRATERM|ATACADO|MAI27
31 - CPVC ULTRATERM;RIO GRANDE DO SUL;SUL;ATACADO;2027-06-01;1365,67;RIO GRANDE DO SUL|31 - CPVC ULTRATERM|ATACADO|JUN27
31 - CPVC ULTRATERM;RIO GRANDE DO SUL;SUL;ATACADO;2027-07-01;1392,24;RIO GRANDE DO SUL|31 - CPVC ULTRATERM|ATACADO|JUL27
31 - CPVC ULTRATERM;RIO GRANDE DO SUL;SUL;ATACADO;2027-08-01;1425,26;RIO GRANDE DO SUL|31 - CPVC ULTRATERM|ATACADO|AGO27
31 - CPVC ULTRATERM;RIO GRANDE DO SUL;SUL;ATACADO;2027-09-01;1415,23;RIO GRANDE DO SUL|31 - CPVC ULTRATERM|ATACADO|SET27
31 - CPVC ULTRATERM;RIO GRANDE DO SUL;SUL;ATACADO;2027-10-01;1425,89;RIO GRANDE DO SUL|31 - CPVC ULTRATERM|ATACADO|OUT27
31 - CPVC ULTRATERM;RIO GRANDE DO SUL;SUL;ATACADO;2027-11-01;1463,71;RIO GRANDE DO SUL|31 - CPVC ULTRATERM|ATACADO|NOV27
31 - CPVC ULTRATERM;RIO GRANDE DO SUL;SUL;ATACADO;2027-12-01;1480,33;RIO GRANDE DO SUL|31 - CPVC ULTRATERM|ATACADO|DEZ27
31 - CPVC ULTRATERM;RIO GRANDE DO SUL;SUL;OUTROS;2027-01-01;17,54;RIO GRANDE DO SUL|31 - CPVC ULTRATERM|OUTROS|JAN27
31 - CPVC ULTRATERM;RIO GRANDE DO SUL;SUL;OUTROS;2027-02-01;17,82;RIO GRANDE DO SUL|31 - CPVC ULTRATERM|OUTROS|FEV27
31 - CPVC ULTRATERM;RIO GRANDE DO SUL;SUL;OUTROS;2027-03-01;19,08;RIO GRANDE DO SUL|31 - CPVC ULTRATERM|OUTROS|MAR27
31 - CPVC ULTRATERM;RIO GRANDE DO SUL;SUL;OUTROS;2027-04-01;18,14;RIO GRANDE DO SUL|31 - CPVC ULTRATERM|OUTROS|ABR27
31 - CPVC ULTRATERM;RIO GRANDE DO SUL;SUL;OUTROS;2027-05-01;18,18;RIO GRANDE DO SUL|31 - CPVC ULTRATERM|OUTROS|MAI27
31 - CPVC ULTRATERM;RIO GRANDE DO SUL;SUL;OUTROS;2027-06-01;18,26;RIO GRANDE DO SUL|31 - CPVC ULTRATERM|OUTROS|JUN27
31 - CPVC ULTRATERM;RIO GRANDE DO SUL;SUL;OUTROS;2027-07-01;18,88;RIO GRANDE DO SUL|31 - CPVC ULTRATERM|OUTROS|JUL27
31 - CPVC ULTRATERM;RIO GRANDE DO SUL;SUL;OUTROS;2027-08-01;18,87;RIO GRANDE DO SUL|31 - CPVC ULTRATERM|OUTROS|AGO27
31 - CPVC ULTRATERM;RIO GRANDE DO SUL;SUL;OUTROS;2027-09-01;20,01;RIO GRANDE DO SUL|31 - CPVC ULTRATERM|OUTROS|SET27
31 - CPVC ULTRATERM;RIO GRANDE DO SUL;SUL;OUTROS;2027-10-01;19,13;RIO GRANDE DO SUL|31 - CPVC ULTRATERM|OUTROS|OUT27
31 - CPVC ULTRATERM;RIO GRANDE DO SUL;SUL;OUTROS;2027-11-01;19,50;RIO GRANDE DO SUL|31 - CPVC ULTRATERM|OUTROS|NOV27
31 - CPVC ULTRATERM;RIO GRANDE DO SUL;SUL;OUTROS;2027-12-01;20,37;RIO GRANDE DO SUL|31 - CPVC ULTRATERM|OUTROS|DEZ27
31 - CPVC ULTRATERM;RIO GRANDE DO SUL;SUL;VAREJO;2027-01-01;885,50;RIO GRANDE DO SUL|31 - CPVC ULTRATERM|VAREJO|JAN27
31 - CPVC ULTRATERM;RIO GRANDE DO SUL;SUL;VAREJO;2027-02-01;898,04;RIO GRANDE DO SUL|31 - CPVC ULTRATERM|VAREJO|FEV27
31 - CPVC ULTRATERM;RIO GRANDE DO SUL;SUL;VAREJO;2027-03-01;892,47;RIO GRANDE DO SUL|31 - CPVC ULTRATERM|VAREJO|MAR27
31 - CPVC ULTRATERM;RIO GRANDE DO SUL;SUL;VAREJO;2027-04-01;905,59;RIO GRANDE DO SUL|31 - CPVC ULTRATERM|VAREJO|ABR27
31 - CPVC ULTRATERM;RIO GRANDE DO SUL;SUL;VAREJO;2027-05-01;903,28;RIO GRANDE DO SUL|31 - CPVC ULTRATERM|VAREJO|MAI27
31 - CPVC ULTRATERM;RIO GRANDE DO SUL;SUL;VAREJO;2027-06-01;921,45;RIO GRANDE DO SUL|31 - CPVC ULTRATERM|VAREJO|JUN27
31 - CPVC ULTRATERM;RIO GRANDE DO SUL;SUL;VAREJO;2027-07-01;936,07;RIO GRANDE DO SUL|31 - CPVC ULTRATERM|VAREJO|JUL27
31 - CPVC ULTRATERM;RIO GRANDE DO SUL;SUL;VAREJO;2027-08-01;954,20;RIO GRANDE DO SUL|31 - CPVC ULTRATERM|VAREJO|AGO27
31 - CPVC ULTRATERM;RIO GRANDE DO SUL;SUL;VAREJO;2027-09-01;953,14;RIO GRANDE DO SUL|31 - CPVC ULTRATERM|VAREJO|SET27
31 - CPVC ULTRATERM;RIO GRANDE DO SUL;SUL;VAREJO;2027-10-01;960,44;RIO GRANDE DO SUL|31 - CPVC ULTRATERM|VAREJO|OUT27
31 - CPVC ULTRATERM;RIO GRANDE DO SUL;SUL;VAREJO;2027-11-01;979,12;RIO GRANDE DO SUL|31 - CPVC ULTRATERM|VAREJO|NOV27
31 - CPVC ULTRATERM;RIO GRANDE DO SUL;SUL;VAREJO;2027-12-01;990,52;RIO GRANDE DO SUL|31 - CPVC ULTRATERM|VAREJO|DEZ27
31 - CPVC ULTRATERM;RJ/ES;MINAS RJ/ES;ATACADO;2027-01-01;1279,84;RJ/ES|31 - CPVC ULTRATERM|ATACADO|JAN27
31 - CPVC ULTRATERM;RJ/ES;MINAS RJ/ES;ATACADO;2027-02-01;1526,72;RJ/ES|31 - CPVC ULTRATERM|ATACADO|FEV27
31 - CPVC ULTRATERM;RJ/ES;MINAS RJ/ES;ATACADO;2027-03-01;896,28;RJ/ES|31 - CPVC ULTRATERM|ATACADO|MAR27
31 - CPVC ULTRATERM;RJ/ES;MINAS RJ/ES;ATACADO;2027-04-01;1338,65;RJ/ES|31 - CPVC ULTRATERM|ATACADO|ABR27
31 - CPVC ULTRATERM;RJ/ES;MINAS RJ/ES;ATACADO;2027-05-01;565,77;RJ/ES|31 - CPVC ULTRATERM|ATACADO|MAI27
31 - CPVC ULTRATERM;RJ/ES;MINAS RJ/ES;ATACADO;2027-06-01;1059,64;RJ/ES|31 - CPVC ULTRATERM|ATACADO|JUN27
31 - CPVC ULTRATERM;RJ/ES;MINAS RJ/ES;ATACADO;2027-07-01;1434,18;RJ/ES|31 - CPVC ULTRATERM|ATACADO|JUL27
31 - CPVC ULTRATERM;RJ/ES;MINAS RJ/ES;ATACADO;2027-08-01;1204,66;RJ/ES|31 - CPVC ULTRATERM|ATACADO|AGO27
31 - CPVC ULTRATERM;RJ/ES;MINAS RJ/ES;ATACADO;2027-09-01;1060,83;RJ/ES|31 - CPVC ULTRATERM|ATACADO|SET27
31 - CPVC ULTRATERM;RJ/ES;MINAS RJ/ES;ATACADO;2027-10-01;1315,63;RJ/ES|31 - CPVC ULTRATERM|ATACADO|OUT27
31 - CPVC ULTRATERM;RJ/ES;MINAS RJ/ES;ATACADO;2027-11-01;1228,09;RJ/ES|31 - CPVC ULTRATERM|ATACADO|NOV27
31 - CPVC ULTRATERM;RJ/ES;MINAS RJ/ES;ATACADO;2027-12-01;1133,59;RJ/ES|31 - CPVC ULTRATERM|ATACADO|DEZ27
31 - CPVC ULTRATERM;RJ/ES;MINAS RJ/ES;OUTROS;2027-01-01;95,84;RJ/ES|31 - CPVC ULTRATERM|OUTROS|JAN27
31 - CPVC ULTRATERM;RJ/ES;MINAS RJ/ES;OUTROS;2027-02-01;113,93;RJ/ES|31 - CPVC ULTRATERM|OUTROS|FEV27
31 - CPVC ULTRATERM;RJ/ES;MINAS RJ/ES;OUTROS;2027-03-01;62,65;RJ/ES|31 - CPVC ULTRATERM|OUTROS|MAR27
31 - CPVC ULTRATERM;RJ/ES;MINAS RJ/ES;OUTROS;2027-04-01;95,20;RJ/ES|31 - CPVC ULTRATERM|OUTROS|ABR27
31 - CPVC ULTRATERM;RJ/ES;MINAS RJ/ES;OUTROS;2027-05-01;34,67;RJ/ES|31 - CPVC ULTRATERM|OUTROS|MAI27
31 - CPVC ULTRATERM;RJ/ES;MINAS RJ/ES;OUTROS;2027-06-01;74,44;RJ/ES|31 - CPVC ULTRATERM|OUTROS|JUN27
31 - CPVC ULTRATERM;RJ/ES;MINAS RJ/ES;OUTROS;2027-07-01;101,42;RJ/ES|31 - CPVC ULTRATERM|OUTROS|JUL27
31 - CPVC ULTRATERM;RJ/ES;MINAS RJ/ES;OUTROS;2027-08-01;80,66;RJ/ES|31 - CPVC ULTRATERM|OUTROS|AGO27
31 - CPVC ULTRATERM;RJ/ES;MINAS RJ/ES;OUTROS;2027-09-01;74,81;RJ/ES|31 - CPVC ULTRATERM|OUTROS|SET27
31 - CPVC ULTRATERM;RJ/ES;MINAS RJ/ES;OUTROS;2027-10-01;95,54;RJ/ES|31 - CPVC ULTRATERM|OUTROS|OUT27
31 - CPVC ULTRATERM;RJ/ES;MINAS RJ/ES;OUTROS;2027-11-01;85,66;RJ/ES|31 - CPVC ULTRATERM|OUTROS|NOV27
31 - CPVC ULTRATERM;RJ/ES;MINAS RJ/ES;OUTROS;2027-12-01;77,53;RJ/ES|31 - CPVC ULTRATERM|OUTROS|DEZ27
31 - CPVC ULTRATERM;RJ/ES;MINAS RJ/ES;VAREJO;2027-01-01;772,73;RJ/ES|31 - CPVC ULTRATERM|VAREJO|JAN27
31 - CPVC ULTRATERM;RJ/ES;MINAS RJ/ES;VAREJO;2027-02-01;920,06;RJ/ES|31 - CPVC ULTRATERM|VAREJO|FEV27
31 - CPVC ULTRATERM;RJ/ES;MINAS RJ/ES;VAREJO;2027-03-01;561,15;RJ/ES|31 - CPVC ULTRATERM|VAREJO|MAR27
31 - CPVC ULTRATERM;RJ/ES;MINAS RJ/ES;VAREJO;2027-04-01;821,93;RJ/ES|31 - CPVC ULTRATERM|VAREJO|ABR27
31 - CPVC ULTRATERM;RJ/ES;MINAS RJ/ES;VAREJO;2027-05-01;375,26;RJ/ES|31 - CPVC ULTRATERM|VAREJO|MAI27
31 - CPVC ULTRATERM;RJ/ES;MINAS RJ/ES;VAREJO;2027-06-01;653,68;RJ/ES|31 - CPVC ULTRATERM|VAREJO|JUN27
31 - CPVC ULTRATERM;RJ/ES;MINAS RJ/ES;VAREJO;2027-07-01;871,93;RJ/ES|31 - CPVC ULTRATERM|VAREJO|JUL27
31 - CPVC ULTRATERM;RJ/ES;MINAS RJ/ES;VAREJO;2027-08-01;748,54;RJ/ES|31 - CPVC ULTRATERM|VAREJO|AGO27
31 - CPVC ULTRATERM;RJ/ES;MINAS RJ/ES;VAREJO;2027-09-01;657,81;RJ/ES|31 - CPVC ULTRATERM|VAREJO|SET27
31 - CPVC ULTRATERM;RJ/ES;MINAS RJ/ES;VAREJO;2027-10-01;803,03;RJ/ES|31 - CPVC ULTRATERM|VAREJO|OUT27
31 - CPVC ULTRATERM;RJ/ES;MINAS RJ/ES;VAREJO;2027-11-01;759,65;RJ/ES|31 - CPVC ULTRATERM|VAREJO|NOV27
31 - CPVC ULTRATERM;RJ/ES;MINAS RJ/ES;VAREJO;2027-12-01;713,08;RJ/ES|31 - CPVC ULTRATERM|VAREJO|DEZ27
31 - CPVC ULTRATERM;SANTA CATARINA 01;SUL;ATACADO;2027-01-01;543,40;SANTA CATARINA 01|31 - CPVC ULTRATERM|ATACADO|JAN27
31 - CPVC ULTRATERM;SANTA CATARINA 01;SUL;ATACADO;2027-02-01;574,65;SANTA CATARINA 01|31 - CPVC ULTRATERM|ATACADO|FEV27
31 - CPVC ULTRATERM;SANTA CATARINA 01;SUL;ATACADO;2027-03-01;569,09;SANTA CATARINA 01|31 - CPVC ULTRATERM|ATACADO|MAR27
31 - CPVC ULTRATERM;SANTA CATARINA 01;SUL;ATACADO;2027-04-01;583,37;SANTA CATARINA 01|31 - CPVC ULTRATERM|ATACADO|ABR27
31 - CPVC ULTRATERM;SANTA CATARINA 01;SUL;ATACADO;2027-05-01;570,65;SANTA CATARINA 01|31 - CPVC ULTRATERM|ATACADO|MAI27
31 - CPVC ULTRATERM;SANTA CATARINA 01;SUL;ATACADO;2027-06-01;587,97;SANTA CATARINA 01|31 - CPVC ULTRATERM|ATACADO|JUN27
31 - CPVC ULTRATERM;SANTA CATARINA 01;SUL;ATACADO;2027-07-01;587,71;SANTA CATARINA 01|31 - CPVC ULTRATERM|ATACADO|JUL27
31 - CPVC ULTRATERM;SANTA CATARINA 01;SUL;ATACADO;2027-08-01;603,70;SANTA CATARINA 01|31 - CPVC ULTRATERM|ATACADO|AGO27
31 - CPVC ULTRATERM;SANTA CATARINA 01;SUL;ATACADO;2027-09-01;610,42;SANTA CATARINA 01|31 - CPVC ULTRATERM|ATACADO|SET27
31 - CPVC ULTRATERM;SANTA CATARINA 01;SUL;ATACADO;2027-10-01;595,87;SANTA CATARINA 01|31 - CPVC ULTRATERM|ATACADO|OUT27
31 - CPVC ULTRATERM;SANTA CATARINA 01;SUL;ATACADO;2027-11-01;588,58;SANTA CATARINA 01|31 - CPVC ULTRATERM|ATACADO|NOV27
31 - CPVC ULTRATERM;SANTA CATARINA 01;SUL;ATACADO;2027-12-01;604,35;SANTA CATARINA 01|31 - CPVC ULTRATERM|ATACADO|DEZ27
31 - CPVC ULTRATERM;SANTA CATARINA 01;SUL;OUTROS;2027-01-01;7,05;SANTA CATARINA 01|31 - CPVC ULTRATERM|OUTROS|JAN27
31 - CPVC ULTRATERM;SANTA CATARINA 01;SUL;OUTROS;2027-02-01;7,87;SANTA CATARINA 01|31 - CPVC ULTRATERM|OUTROS|FEV27
31 - CPVC ULTRATERM;SANTA CATARINA 01;SUL;OUTROS;2027-03-01;3,83;SANTA CATARINA 01|31 - CPVC ULTRATERM|OUTROS|MAR27
31 - CPVC ULTRATERM;SANTA CATARINA 01;SUL;OUTROS;2027-04-01;4,23;SANTA CATARINA 01|31 - CPVC ULTRATERM|OUTROS|ABR27
31 - CPVC ULTRATERM;SANTA CATARINA 01;SUL;OUTROS;2027-05-01;4,81;SANTA CATARINA 01|31 - CPVC ULTRATERM|OUTROS|MAI27
31 - CPVC ULTRATERM;SANTA CATARINA 01;SUL;OUTROS;2027-06-01;3,74;SANTA CATARINA 01|31 - CPVC ULTRATERM|OUTROS|JUN27
31 - CPVC ULTRATERM;SANTA CATARINA 01;SUL;OUTROS;2027-07-01;4,12;SANTA CATARINA 01|31 - CPVC ULTRATERM|OUTROS|JUL27
31 - CPVC ULTRATERM;SANTA CATARINA 01;SUL;OUTROS;2027-08-01;3,83;SANTA CATARINA 01|31 - CPVC ULTRATERM|OUTROS|AGO27
31 - CPVC ULTRATERM;SANTA CATARINA 01;SUL;OUTROS;2027-09-01;3,57;SANTA CATARINA 01|31 - CPVC ULTRATERM|OUTROS|SET27
31 - CPVC ULTRATERM;SANTA CATARINA 01;SUL;OUTROS;2027-10-01;3,72;SANTA CATARINA 01|31 - CPVC ULTRATERM|OUTROS|OUT27
31 - CPVC ULTRATERM;SANTA CATARINA 01;SUL;OUTROS;2027-11-01;4,27;SANTA CATARINA 01|31 - CPVC ULTRATERM|OUTROS|NOV27
31 - CPVC ULTRATERM;SANTA CATARINA 01;SUL;OUTROS;2027-12-01;3,68;SANTA CATARINA 01|31 - CPVC ULTRATERM|OUTROS|DEZ27
31 - CPVC ULTRATERM;SANTA CATARINA 01;SUL;VAREJO;2027-01-01;500,99;SANTA CATARINA 01|31 - CPVC ULTRATERM|VAREJO|JAN27
31 - CPVC ULTRATERM;SANTA CATARINA 01;SUL;VAREJO;2027-02-01;541,04;SANTA CATARINA 01|31 - CPVC ULTRATERM|VAREJO|FEV27
31 - CPVC ULTRATERM;SANTA CATARINA 01;SUL;VAREJO;2027-03-01;542,00;SANTA CATARINA 01|31 - CPVC ULTRATERM|VAREJO|MAR27
31 - CPVC ULTRATERM;SANTA CATARINA 01;SUL;VAREJO;2027-04-01;562,04;SANTA CATARINA 01|31 - CPVC ULTRATERM|VAREJO|ABR27
31 - CPVC ULTRATERM;SANTA CATARINA 01;SUL;VAREJO;2027-05-01;551,99;SANTA CATARINA 01|31 - CPVC ULTRATERM|VAREJO|MAI27
31 - CPVC ULTRATERM;SANTA CATARINA 01;SUL;VAREJO;2027-06-01;567,95;SANTA CATARINA 01|31 - CPVC ULTRATERM|VAREJO|JUN27
31 - CPVC ULTRATERM;SANTA CATARINA 01;SUL;VAREJO;2027-07-01;560,81;SANTA CATARINA 01|31 - CPVC ULTRATERM|VAREJO|JUL27
31 - CPVC ULTRATERM;SANTA CATARINA 01;SUL;VAREJO;2027-08-01;575,40;SANTA CATARINA 01|31 - CPVC ULTRATERM|VAREJO|AGO27
31 - CPVC ULTRATERM;SANTA CATARINA 01;SUL;VAREJO;2027-09-01;592,99;SANTA CATARINA 01|31 - CPVC ULTRATERM|VAREJO|SET27
31 - CPVC ULTRATERM;SANTA CATARINA 01;SUL;VAREJO;2027-10-01;559,99;SANTA CATARINA 01|31 - CPVC ULTRATERM|VAREJO|OUT27
31 - CPVC ULTRATERM;SANTA CATARINA 01;SUL;VAREJO;2027-11-01;553,84;SANTA CATARINA 01|31 - CPVC ULTRATERM|VAREJO|NOV27
31 - CPVC ULTRATERM;SANTA CATARINA 01;SUL;VAREJO;2027-12-01;579,92;SANTA CATARINA 01|31 - CPVC ULTRATERM|VAREJO|DEZ27
31 - CPVC ULTRATERM;SANTA CATARINA 02;SUL;ATACADO;2027-01-01;756,80;SANTA CATARINA 02|31 - CPVC ULTRATERM|ATACADO|JAN27
31 - CPVC ULTRATERM;SANTA CATARINA 02;SUL;ATACADO;2027-02-01;816,31;SANTA CATARINA 02|31 - CPVC ULTRATERM|ATACADO|FEV27
31 - CPVC ULTRATERM;SANTA CATARINA 02;SUL;ATACADO;2027-03-01;997,39;SANTA CATARINA 02|31 - CPVC ULTRATERM|ATACADO|MAR27
31 - CPVC ULTRATERM;SANTA CATARINA 02;SUL;ATACADO;2027-04-01;969,75;SANTA CATARINA 02|31 - CPVC ULTRATERM|ATACADO|ABR27
31 - CPVC ULTRATERM;SANTA CATARINA 02;SUL;ATACADO;2027-05-01;973,25;SANTA CATARINA 02|31 - CPVC ULTRATERM|ATACADO|MAI27
31 - CPVC ULTRATERM;SANTA CATARINA 02;SUL;ATACADO;2027-06-01;899,60;SANTA CATARINA 02|31 - CPVC ULTRATERM|ATACADO|JUN27
31 - CPVC ULTRATERM;SANTA CATARINA 02;SUL;ATACADO;2027-07-01;862,12;SANTA CATARINA 02|31 - CPVC ULTRATERM|ATACADO|JUL27
31 - CPVC ULTRATERM;SANTA CATARINA 02;SUL;ATACADO;2027-08-01;806,72;SANTA CATARINA 02|31 - CPVC ULTRATERM|ATACADO|AGO27
31 - CPVC ULTRATERM;SANTA CATARINA 02;SUL;ATACADO;2027-09-01;971,02;SANTA CATARINA 02|31 - CPVC ULTRATERM|ATACADO|SET27
31 - CPVC ULTRATERM;SANTA CATARINA 02;SUL;ATACADO;2027-10-01;901,45;SANTA CATARINA 02|31 - CPVC ULTRATERM|ATACADO|OUT27
31 - CPVC ULTRATERM;SANTA CATARINA 02;SUL;ATACADO;2027-11-01;934,48;SANTA CATARINA 02|31 - CPVC ULTRATERM|ATACADO|NOV27
31 - CPVC ULTRATERM;SANTA CATARINA 02;SUL;ATACADO;2027-12-01;925,45;SANTA CATARINA 02|31 - CPVC ULTRATERM|ATACADO|DEZ27
31 - CPVC ULTRATERM;SANTA CATARINA 02;SUL;VAREJO;2027-01-01;667,76;SANTA CATARINA 02|31 - CPVC ULTRATERM|VAREJO|JAN27
31 - CPVC ULTRATERM;SANTA CATARINA 02;SUL;VAREJO;2027-02-01;723,40;SANTA CATARINA 02|31 - CPVC ULTRATERM|VAREJO|FEV27
31 - CPVC ULTRATERM;SANTA CATARINA 02;SUL;VAREJO;2027-03-01;881,80;SANTA CATARINA 02|31 - CPVC ULTRATERM|VAREJO|MAR27
31 - CPVC ULTRATERM;SANTA CATARINA 02;SUL;VAREJO;2027-04-01;859,94;SANTA CATARINA 02|31 - CPVC ULTRATERM|VAREJO|ABR27
31 - CPVC ULTRATERM;SANTA CATARINA 02;SUL;VAREJO;2027-05-01;864,23;SANTA CATARINA 02|31 - CPVC ULTRATERM|VAREJO|MAI27
31 - CPVC ULTRATERM;SANTA CATARINA 02;SUL;VAREJO;2027-06-01;797,12;SANTA CATARINA 02|31 - CPVC ULTRATERM|VAREJO|JUN27
31 - CPVC ULTRATERM;SANTA CATARINA 02;SUL;VAREJO;2027-07-01;761,73;SANTA CATARINA 02|31 - CPVC ULTRATERM|VAREJO|JUL27
31 - CPVC ULTRATERM;SANTA CATARINA 02;SUL;VAREJO;2027-08-01;709,83;SANTA CATARINA 02|31 - CPVC ULTRATERM|VAREJO|AGO27
31 - CPVC ULTRATERM;SANTA CATARINA 02;SUL;VAREJO;2027-09-01;862,29;SANTA CATARINA 02|31 - CPVC ULTRATERM|VAREJO|SET27
31 - CPVC ULTRATERM;SANTA CATARINA 02;SUL;VAREJO;2027-10-01;797,84;SANTA CATARINA 02|31 - CPVC ULTRATERM|VAREJO|OUT27
31 - CPVC ULTRATERM;SANTA CATARINA 02;SUL;VAREJO;2027-11-01;827,28;SANTA CATARINA 02|31 - CPVC ULTRATERM|VAREJO|NOV27
31 - CPVC ULTRATERM;SANTA CATARINA 02;SUL;VAREJO;2027-12-01;819,53;SANTA CATARINA 02|31 - CPVC ULTRATERM|VAREJO|DEZ27
31 - CPVC ULTRATERM;SAO PAULO CAPITAL;SP;ATACADO;2027-01-01;111,82;SAO PAULO CAPITAL|31 - CPVC ULTRATERM|ATACADO|JAN27
31 - CPVC ULTRATERM;SAO PAULO CAPITAL;SP;ATACADO;2027-02-01;121,63;SAO PAULO CAPITAL|31 - CPVC ULTRATERM|ATACADO|FEV27
31 - CPVC ULTRATERM;SAO PAULO CAPITAL;SP;ATACADO;2027-03-01;129,04;SAO PAULO CAPITAL|31 - CPVC ULTRATERM|ATACADO|MAR27
31 - CPVC ULTRATERM;SAO PAULO CAPITAL;SP;ATACADO;2027-04-01;130,19;SAO PAULO CAPITAL|31 - CPVC ULTRATERM|ATACADO|ABR27
31 - CPVC ULTRATERM;SAO PAULO CAPITAL;SP;ATACADO;2027-05-01;128,29;SAO PAULO CAPITAL|31 - CPVC ULTRATERM|ATACADO|MAI27
31 - CPVC ULTRATERM;SAO PAULO CAPITAL;SP;ATACADO;2027-06-01;117,72;SAO PAULO CAPITAL|31 - CPVC ULTRATERM|ATACADO|JUN27
31 - CPVC ULTRATERM;SAO PAULO CAPITAL;SP;ATACADO;2027-07-01;122,49;SAO PAULO CAPITAL|31 - CPVC ULTRATERM|ATACADO|JUL27
31 - CPVC ULTRATERM;SAO PAULO CAPITAL;SP;ATACADO;2027-08-01;128,80;SAO PAULO CAPITAL|31 - CPVC ULTRATERM|ATACADO|AGO27
31 - CPVC ULTRATERM;SAO PAULO CAPITAL;SP;ATACADO;2027-09-01;133,04;SAO PAULO CAPITAL|31 - CPVC ULTRATERM|ATACADO|SET27
31 - CPVC ULTRATERM;SAO PAULO CAPITAL;SP;ATACADO;2027-10-01;136,88;SAO PAULO CAPITAL|31 - CPVC ULTRATERM|ATACADO|OUT27
31 - CPVC ULTRATERM;SAO PAULO CAPITAL;SP;ATACADO;2027-11-01;147,48;SAO PAULO CAPITAL|31 - CPVC ULTRATERM|ATACADO|NOV27
31 - CPVC ULTRATERM;SAO PAULO CAPITAL;SP;ATACADO;2027-12-01;143,16;SAO PAULO CAPITAL|31 - CPVC ULTRATERM|ATACADO|DEZ27
31 - CPVC ULTRATERM;SAO PAULO CAPITAL;SP;VAREJO;2027-01-01;504,30;SAO PAULO CAPITAL|31 - CPVC ULTRATERM|VAREJO|JAN27
31 - CPVC ULTRATERM;SAO PAULO CAPITAL;SP;VAREJO;2027-02-01;607,55;SAO PAULO CAPITAL|31 - CPVC ULTRATERM|VAREJO|FEV27
31 - CPVC ULTRATERM;SAO PAULO CAPITAL;SP;VAREJO;2027-03-01;631,35;SAO PAULO CAPITAL|31 - CPVC ULTRATERM|VAREJO|MAR27
31 - CPVC ULTRATERM;SAO PAULO CAPITAL;SP;VAREJO;2027-04-01;651,08;SAO PAULO CAPITAL|31 - CPVC ULTRATERM|VAREJO|ABR27
31 - CPVC ULTRATERM;SAO PAULO CAPITAL;SP;VAREJO;2027-05-01;613,32;SAO PAULO CAPITAL|31 - CPVC ULTRATERM|VAREJO|MAI27
31 - CPVC ULTRATERM;SAO PAULO CAPITAL;SP;VAREJO;2027-06-01;569,27;SAO PAULO CAPITAL|31 - CPVC ULTRATERM|VAREJO|JUN27
31 - CPVC ULTRATERM;SAO PAULO CAPITAL;SP;VAREJO;2027-07-01;617,75;SAO PAULO CAPITAL|31 - CPVC ULTRATERM|VAREJO|JUL27
31 - CPVC ULTRATERM;SAO PAULO CAPITAL;SP;VAREJO;2027-08-01;635,76;SAO PAULO CAPITAL|31 - CPVC ULTRATERM|VAREJO|AGO27
31 - CPVC ULTRATERM;SAO PAULO CAPITAL;SP;VAREJO;2027-09-01;668,14;SAO PAULO CAPITAL|31 - CPVC ULTRATERM|VAREJO|SET27
31 - CPVC ULTRATERM;SAO PAULO CAPITAL;SP;VAREJO;2027-10-01;692,03;SAO PAULO CAPITAL|31 - CPVC ULTRATERM|VAREJO|OUT27
31 - CPVC ULTRATERM;SAO PAULO CAPITAL;SP;VAREJO;2027-11-01;750,81;SAO PAULO CAPITAL|31 - CPVC ULTRATERM|VAREJO|NOV27
31 - CPVC ULTRATERM;SAO PAULO CAPITAL;SP;VAREJO;2027-12-01;711,06;SAO PAULO CAPITAL|31 - CPVC ULTRATERM|VAREJO|DEZ27
31 - CPVC ULTRATERM;SAO PAULO CAPITAL 2;SP;ATACADO;2027-01-01;1235,14;SAO PAULO CAPITAL 2|31 - CPVC ULTRATERM|ATACADO|JAN27
31 - CPVC ULTRATERM;SAO PAULO CAPITAL 2;SP;ATACADO;2027-02-01;1264,20;SAO PAULO CAPITAL 2|31 - CPVC ULTRATERM|ATACADO|FEV27
31 - CPVC ULTRATERM;SAO PAULO CAPITAL 2;SP;ATACADO;2027-03-01;1241,85;SAO PAULO CAPITAL 2|31 - CPVC ULTRATERM|ATACADO|MAR27
31 - CPVC ULTRATERM;SAO PAULO CAPITAL 2;SP;ATACADO;2027-04-01;1338,88;SAO PAULO CAPITAL 2|31 - CPVC ULTRATERM|ATACADO|ABR27
31 - CPVC ULTRATERM;SAO PAULO CAPITAL 2;SP;ATACADO;2027-05-01;1115,41;SAO PAULO CAPITAL 2|31 - CPVC ULTRATERM|ATACADO|MAI27
31 - CPVC ULTRATERM;SAO PAULO CAPITAL 2;SP;ATACADO;2027-06-01;1112,40;SAO PAULO CAPITAL 2|31 - CPVC ULTRATERM|ATACADO|JUN27
31 - CPVC ULTRATERM;SAO PAULO CAPITAL 2;SP;ATACADO;2027-07-01;1181,26;SAO PAULO CAPITAL 2|31 - CPVC ULTRATERM|ATACADO|JUL27
31 - CPVC ULTRATERM;SAO PAULO CAPITAL 2;SP;ATACADO;2027-08-01;1157,54;SAO PAULO CAPITAL 2|31 - CPVC ULTRATERM|ATACADO|AGO27
31 - CPVC ULTRATERM;SAO PAULO CAPITAL 2;SP;ATACADO;2027-09-01;1102,18;SAO PAULO CAPITAL 2|31 - CPVC ULTRATERM|ATACADO|SET27
31 - CPVC ULTRATERM;SAO PAULO CAPITAL 2;SP;ATACADO;2027-10-01;1160,66;SAO PAULO CAPITAL 2|31 - CPVC ULTRATERM|ATACADO|OUT27
31 - CPVC ULTRATERM;SAO PAULO CAPITAL 2;SP;ATACADO;2027-11-01;1134,04;SAO PAULO CAPITAL 2|31 - CPVC ULTRATERM|ATACADO|NOV27
31 - CPVC ULTRATERM;SAO PAULO CAPITAL 2;SP;ATACADO;2027-12-01;1228,86;SAO PAULO CAPITAL 2|31 - CPVC ULTRATERM|ATACADO|DEZ27
31 - CPVC ULTRATERM;SAO PAULO INTERIOR;SP;ATACADO;2027-01-01;707,52;SAO PAULO INTERIOR|31 - CPVC ULTRATERM|ATACADO|JAN27
31 - CPVC ULTRATERM;SAO PAULO INTERIOR;SP;ATACADO;2027-02-01;477,46;SAO PAULO INTERIOR|31 - CPVC ULTRATERM|ATACADO|FEV27
31 - CPVC ULTRATERM;SAO PAULO INTERIOR;SP;ATACADO;2027-03-01;572,42;SAO PAULO INTERIOR|31 - CPVC ULTRATERM|ATACADO|MAR27
31 - CPVC ULTRATERM;SAO PAULO INTERIOR;SP;ATACADO;2027-04-01;645,64;SAO PAULO INTERIOR|31 - CPVC ULTRATERM|ATACADO|ABR27
31 - CPVC ULTRATERM;SAO PAULO INTERIOR;SP;ATACADO;2027-05-01;375,25;SAO PAULO INTERIOR|31 - CPVC ULTRATERM|ATACADO|MAI27
31 - CPVC ULTRATERM;SAO PAULO INTERIOR;SP;ATACADO;2027-06-01;477,30;SAO PAULO INTERIOR|31 - CPVC ULTRATERM|ATACADO|JUN27
31 - CPVC ULTRATERM;SAO PAULO INTERIOR;SP;ATACADO;2027-07-01;596,39;SAO PAULO INTERIOR|31 - CPVC ULTRATERM|ATACADO|JUL27
31 - CPVC ULTRATERM;SAO PAULO INTERIOR;SP;ATACADO;2027-08-01;387,16;SAO PAULO INTERIOR|31 - CPVC ULTRATERM|ATACADO|AGO27
31 - CPVC ULTRATERM;SAO PAULO INTERIOR;SP;ATACADO;2027-09-01;404,82;SAO PAULO INTERIOR|31 - CPVC ULTRATERM|ATACADO|SET27
31 - CPVC ULTRATERM;SAO PAULO INTERIOR;SP;ATACADO;2027-10-01;433,10;SAO PAULO INTERIOR|31 - CPVC ULTRATERM|ATACADO|OUT27
31 - CPVC ULTRATERM;SAO PAULO INTERIOR;SP;ATACADO;2027-11-01;423,88;SAO PAULO INTERIOR|31 - CPVC ULTRATERM|ATACADO|NOV27
31 - CPVC ULTRATERM;SAO PAULO INTERIOR;SP;ATACADO;2027-12-01;407,75;SAO PAULO INTERIOR|31 - CPVC ULTRATERM|ATACADO|DEZ27
31 - CPVC ULTRATERM;SAO PAULO INTERIOR;SP;OUTROS;2027-01-01;79,74;SAO PAULO INTERIOR|31 - CPVC ULTRATERM|OUTROS|JAN27
31 - CPVC ULTRATERM;SAO PAULO INTERIOR;SP;OUTROS;2027-02-01;66,39;SAO PAULO INTERIOR|31 - CPVC ULTRATERM|OUTROS|FEV27
31 - CPVC ULTRATERM;SAO PAULO INTERIOR;SP;OUTROS;2027-03-01;71,86;SAO PAULO INTERIOR|31 - CPVC ULTRATERM|OUTROS|MAR27
31 - CPVC ULTRATERM;SAO PAULO INTERIOR;SP;OUTROS;2027-04-01;76,05;SAO PAULO INTERIOR|31 - CPVC ULTRATERM|OUTROS|ABR27
31 - CPVC ULTRATERM;SAO PAULO INTERIOR;SP;OUTROS;2027-05-01;59,21;SAO PAULO INTERIOR|31 - CPVC ULTRATERM|OUTROS|MAI27
31 - CPVC ULTRATERM;SAO PAULO INTERIOR;SP;OUTROS;2027-06-01;64,01;SAO PAULO INTERIOR|31 - CPVC ULTRATERM|OUTROS|JUN27
31 - CPVC ULTRATERM;SAO PAULO INTERIOR;SP;OUTROS;2027-07-01;71,51;SAO PAULO INTERIOR|31 - CPVC ULTRATERM|OUTROS|JUL27
31 - CPVC ULTRATERM;SAO PAULO INTERIOR;SP;OUTROS;2027-08-01;60,39;SAO PAULO INTERIOR|31 - CPVC ULTRATERM|OUTROS|AGO27
31 - CPVC ULTRATERM;SAO PAULO INTERIOR;SP;OUTROS;2027-09-01;59,36;SAO PAULO INTERIOR|31 - CPVC ULTRATERM|OUTROS|SET27
31 - CPVC ULTRATERM;SAO PAULO INTERIOR;SP;OUTROS;2027-10-01;61,79;SAO PAULO INTERIOR|31 - CPVC ULTRATERM|OUTROS|OUT27
31 - CPVC ULTRATERM;SAO PAULO INTERIOR;SP;OUTROS;2027-11-01;61,95;SAO PAULO INTERIOR|31 - CPVC ULTRATERM|OUTROS|NOV27
31 - CPVC ULTRATERM;SAO PAULO INTERIOR;SP;OUTROS;2027-12-01;60,04;SAO PAULO INTERIOR|31 - CPVC ULTRATERM|OUTROS|DEZ27
31 - CPVC ULTRATERM;SAO PAULO INTERIOR;SP;VAREJO;2027-01-01;1427,76;SAO PAULO INTERIOR|31 - CPVC ULTRATERM|VAREJO|JAN27
31 - CPVC ULTRATERM;SAO PAULO INTERIOR;SP;VAREJO;2027-02-01;971,36;SAO PAULO INTERIOR|31 - CPVC ULTRATERM|VAREJO|FEV27
31 - CPVC ULTRATERM;SAO PAULO INTERIOR;SP;VAREJO;2027-03-01;1160,75;SAO PAULO INTERIOR|31 - CPVC ULTRATERM|VAREJO|MAR27
31 - CPVC ULTRATERM;SAO PAULO INTERIOR;SP;VAREJO;2027-04-01;1295,38;SAO PAULO INTERIOR|31 - CPVC ULTRATERM|VAREJO|ABR27
31 - CPVC ULTRATERM;SAO PAULO INTERIOR;SP;VAREJO;2027-05-01;774,50;SAO PAULO INTERIOR|31 - CPVC ULTRATERM|VAREJO|MAI27
31 - CPVC ULTRATERM;SAO PAULO INTERIOR;SP;VAREJO;2027-06-01;968,41;SAO PAULO INTERIOR|31 - CPVC ULTRATERM|VAREJO|JUN27
31 - CPVC ULTRATERM;SAO PAULO INTERIOR;SP;VAREJO;2027-07-01;1190,61;SAO PAULO INTERIOR|31 - CPVC ULTRATERM|VAREJO|JUL27
31 - CPVC ULTRATERM;SAO PAULO INTERIOR;SP;VAREJO;2027-08-01;793,24;SAO PAULO INTERIOR|31 - CPVC ULTRATERM|VAREJO|AGO27
31 - CPVC ULTRATERM;SAO PAULO INTERIOR;SP;VAREJO;2027-09-01;818,02;SAO PAULO INTERIOR|31 - CPVC ULTRATERM|VAREJO|SET27
31 - CPVC ULTRATERM;SAO PAULO INTERIOR;SP;VAREJO;2027-10-01;878,70;SAO PAULO INTERIOR|31 - CPVC ULTRATERM|VAREJO|OUT27
31 - CPVC ULTRATERM;SAO PAULO INTERIOR;SP;VAREJO;2027-11-01;861,61;SAO PAULO INTERIOR|31 - CPVC ULTRATERM|VAREJO|NOV27
31 - CPVC ULTRATERM;SAO PAULO INTERIOR;SP;VAREJO;2027-12-01;801,46;SAO PAULO INTERIOR|31 - CPVC ULTRATERM|VAREJO|DEZ27
31 - CPVC ULTRATERM;TELEVENDAS;TELEVENDAS;OUTROS;2027-01-01;8,72;TELEVENDAS|31 - CPVC ULTRATERM|OUTROS|JAN27
31 - CPVC ULTRATERM;TELEVENDAS;TELEVENDAS;OUTROS;2027-02-01;8,22;TELEVENDAS|31 - CPVC ULTRATERM|OUTROS|FEV27
31 - CPVC ULTRATERM;TELEVENDAS;TELEVENDAS;OUTROS;2027-03-01;9,42;TELEVENDAS|31 - CPVC ULTRATERM|OUTROS|MAR27
31 - CPVC ULTRATERM;TELEVENDAS;TELEVENDAS;OUTROS;2027-04-01;9,54;TELEVENDAS|31 - CPVC ULTRATERM|OUTROS|ABR27
31 - CPVC ULTRATERM;TELEVENDAS;TELEVENDAS;OUTROS;2027-05-01;6,75;TELEVENDAS|31 - CPVC ULTRATERM|OUTROS|MAI27
31 - CPVC ULTRATERM;TELEVENDAS;TELEVENDAS;OUTROS;2027-06-01;9,02;TELEVENDAS|31 - CPVC ULTRATERM|OUTROS|JUN27
31 - CPVC ULTRATERM;TELEVENDAS;TELEVENDAS;OUTROS;2027-07-01;9,73;TELEVENDAS|31 - CPVC ULTRATERM|OUTROS|JUL27
31 - CPVC ULTRATERM;TELEVENDAS;TELEVENDAS;OUTROS;2027-08-01;9,28;TELEVENDAS|31 - CPVC ULTRATERM|OUTROS|AGO27
31 - CPVC ULTRATERM;TELEVENDAS;TELEVENDAS;OUTROS;2027-09-01;8,98;TELEVENDAS|31 - CPVC ULTRATERM|OUTROS|SET27
31 - CPVC ULTRATERM;TELEVENDAS;TELEVENDAS;OUTROS;2027-10-01;8,74;TELEVENDAS|31 - CPVC ULTRATERM|OUTROS|OUT27
31 - CPVC ULTRATERM;TELEVENDAS;TELEVENDAS;OUTROS;2027-11-01;10,28;TELEVENDAS|31 - CPVC ULTRATERM|OUTROS|NOV27
31 - CPVC ULTRATERM;TELEVENDAS;TELEVENDAS;OUTROS;2027-12-01;9,69;TELEVENDAS|31 - CPVC ULTRATERM|OUTROS|DEZ27
31 - CPVC ULTRATERM;TELEVENDAS;TELEVENDAS;VAREJO;2027-01-01;420,32;TELEVENDAS|31 - CPVC ULTRATERM|VAREJO|JAN27
31 - CPVC ULTRATERM;TELEVENDAS;TELEVENDAS;VAREJO;2027-02-01;414,14;TELEVENDAS|31 - CPVC ULTRATERM|VAREJO|FEV27
31 - CPVC ULTRATERM;TELEVENDAS;TELEVENDAS;VAREJO;2027-03-01;529,10;TELEVENDAS|31 - CPVC ULTRATERM|VAREJO|MAR27
31 - CPVC ULTRATERM;TELEVENDAS;TELEVENDAS;VAREJO;2027-04-01;529,99;TELEVENDAS|31 - CPVC ULTRATERM|VAREJO|ABR27
31 - CPVC ULTRATERM;TELEVENDAS;TELEVENDAS;VAREJO;2027-05-01;464,66;TELEVENDAS|31 - CPVC ULTRATERM|VAREJO|MAI27
31 - CPVC ULTRATERM;TELEVENDAS;TELEVENDAS;VAREJO;2027-06-01;540,32;TELEVENDAS|31 - CPVC ULTRATERM|VAREJO|JUN27
31 - CPVC ULTRATERM;TELEVENDAS;TELEVENDAS;VAREJO;2027-07-01;562,36;TELEVENDAS|31 - CPVC ULTRATERM|VAREJO|JUL27
31 - CPVC ULTRATERM;TELEVENDAS;TELEVENDAS;VAREJO;2027-08-01;560,33;TELEVENDAS|31 - CPVC ULTRATERM|VAREJO|AGO27
31 - CPVC ULTRATERM;TELEVENDAS;TELEVENDAS;VAREJO;2027-09-01;512,68;TELEVENDAS|31 - CPVC ULTRATERM|VAREJO|SET27
31 - CPVC ULTRATERM;TELEVENDAS;TELEVENDAS;VAREJO;2027-10-01;494,87;TELEVENDAS|31 - CPVC ULTRATERM|VAREJO|OUT27
31 - CPVC ULTRATERM;TELEVENDAS;TELEVENDAS;VAREJO;2027-11-01;522,71;TELEVENDAS|31 - CPVC ULTRATERM|VAREJO|NOV27
31 - CPVC ULTRATERM;TELEVENDAS;TELEVENDAS;VAREJO;2027-12-01;514,80;TELEVENDAS|31 - CPVC ULTRATERM|VAREJO|DEZ27
