FAMILIA;REGIONAL;REGIONAL_GESTOR;SEGMENTO;PERIODO;VOL_VENDA;ID
00 - TUBOS PVC KRONA;CENTRO OESTE;CO NO;ATACADO;2026-01-01;163828,23;CENTRO OESTE|00 - TUBOS PVC KRONA|ATACADO|JAN26
00 - TUBOS PVC KRONA;CENTRO OESTE;CO NO;ATACADO;2026-02-01;476313,37;CENTRO OESTE|00 - TUBOS PVC KRONA|ATACADO|FEV26
00 - TUBOS PVC KRONA;CENTRO OESTE;CO NO;ATACADO;2026-03-01;597331,95;CENTRO OESTE|00 - TUBOS PVC KRONA|ATACADO|MAR26
00 - TUBOS PVC KRONA;CENTRO OESTE;CO NO;ATACADO;2026-04-01;716704,73;CENTRO OESTE|00 - TUBOS PVC KRONA|ATACADO|ABR26
00 - TUBOS PVC KRONA;CENTRO OESTE;CO NO;ATACADO;2026-05-01;202654,02;CENTRO OESTE|00 - TUBOS PVC KRONA|ATACADO|MAI26
00 - TUBOS PVC KRONA;CENTRO OESTE;CO NO;ATACADO;2026-06-01;431656,54;CENTRO OESTE|00 - TUBOS PVC KRONA|ATACADO|JUN26
00 - TUBOS PVC KRONA;CENTRO OESTE;CO NO;ATACADO;2026-07-01;438406,56;CENTRO OESTE|00 - TUBOS PVC KRONA|ATACADO|JUL26
00 - TUBOS PVC KRONA;CENTRO OESTE;CO NO;ATACADO;2026-08-01;196072,05;CENTRO OESTE|00 - TUBOS PVC KRONA|ATACADO|AGO26
00 - TUBOS PVC KRONA;CENTRO OESTE;CO NO;ATACADO;2026-09-01;630010,28;CENTRO OESTE|00 - TUBOS PVC KRONA|ATACADO|SET26
00 - TUBOS PVC KRONA;CENTRO OESTE;CO NO;ATACADO;2026-10-01;610176,03;CENTRO OESTE|00 - TUBOS PVC KRONA|ATACADO|OUT26
00 - TUBOS PVC KRONA;CENTRO OESTE;CO NO;ATACADO;2026-11-01;581835,85;CENTRO OESTE|00 - TUBOS PVC KRONA|ATACADO|NOV26
00 - TUBOS PVC KRONA;CENTRO OESTE;CO NO;ATACADO;2026-12-01;459720,40;CENTRO OESTE|00 - TUBOS PVC KRONA|ATACADO|DEZ26
00 - TUBOS PVC KRONA;CENTRO OESTE;CO NO;OUTROS;2026-01-01;27,00;CENTRO OESTE|00 - TUBOS PVC KRONA|OUTROS|JAN26
00 - TUBOS PVC KRONA;CENTRO OESTE;CO NO;OUTROS;2026-03-01;199,76;CENTRO OESTE|00 - TUBOS PVC KRONA|OUTROS|MAR26
00 - TUBOS PVC KRONA;CENTRO OESTE;CO NO;OUTROS;2026-04-01;270,51;CENTRO OESTE|00 - TUBOS PVC KRONA|OUTROS|ABR26
00 - TUBOS PVC KRONA;CENTRO OESTE;CO NO;OUTROS;2026-05-01;433,73;CENTRO OESTE|00 - TUBOS PVC KRONA|OUTROS|MAI26
00 - TUBOS PVC KRONA;CENTRO OESTE;CO NO;OUTROS;2026-07-01;225,51;CENTRO OESTE|00 - TUBOS PVC KRONA|OUTROS|JUL26
00 - TUBOS PVC KRONA;CENTRO OESTE;CO NO;OUTROS;2026-08-01;203,26;CENTRO OESTE|00 - TUBOS PVC KRONA|OUTROS|AGO26
00 - TUBOS PVC KRONA;CENTRO OESTE;CO NO;OUTROS;2026-09-01;162,49;CENTRO OESTE|00 - TUBOS PVC KRONA|OUTROS|SET26
00 - TUBOS PVC KRONA;CENTRO OESTE;CO NO;OUTROS;2026-10-01;157,37;CENTRO OESTE|00 - TUBOS PVC KRONA|OUTROS|OUT26
00 - TUBOS PVC KRONA;CENTRO OESTE;CO NO;OUTROS;2026-11-01;150,06;CENTRO OESTE|00 - TUBOS PVC KRONA|OUTROS|NOV26
00 - TUBOS PVC KRONA;CENTRO OESTE;CO NO;OUTROS;2026-12-01;118,57;CENTRO OESTE|00 - TUBOS PVC KRONA|OUTROS|DEZ26
00 - TUBOS PVC KRONA;CENTRO OESTE;CO NO;VAREJO;2026-01-01;89561,33;CENTRO OESTE|00 - TUBOS PVC KRONA|VAREJO|JAN26
00 - TUBOS PVC KRONA;CENTRO OESTE;CO NO;VAREJO;2026-02-01;219307,98;CENTRO OESTE|00 - TUBOS PVC KRONA|VAREJO|FEV26
00 - TUBOS PVC KRONA;CENTRO OESTE;CO NO;VAREJO;2026-03-01;280043,88;CENTRO OESTE|00 - TUBOS PVC KRONA|VAREJO|MAR26
00 - TUBOS PVC KRONA;CENTRO OESTE;CO NO;VAREJO;2026-04-01;373065,91;CENTRO OESTE|00 - TUBOS PVC KRONA|VAREJO|ABR26
00 - TUBOS PVC KRONA;CENTRO OESTE;CO NO;VAREJO;2026-05-01;287581,01;CENTRO OESTE|00 - TUBOS PVC KRONA|VAREJO|MAI26
00 - TUBOS PVC KRONA;CENTRO OESTE;CO NO;VAREJO;2026-06-01;195079,22;CENTRO OESTE|00 - TUBOS PVC KRONA|VAREJO|JUN26
00 - TUBOS PVC KRONA;CENTRO OESTE;CO NO;VAREJO;2026-07-01;179661,59;CENTRO OESTE|00 - TUBOS PVC KRONA|VAREJO|JUL26
00 - TUBOS PVC KRONA;CENTRO OESTE;CO NO;VAREJO;2026-08-01;245485,77;CENTRO OESTE|00 - TUBOS PVC KRONA|VAREJO|AGO26
00 - TUBOS PVC KRONA;CENTRO OESTE;CO NO;VAREJO;2026-09-01;279001,23;CENTRO OESTE|00 - TUBOS PVC KRONA|VAREJO|SET26
00 - TUBOS PVC KRONA;CENTRO OESTE;CO NO;VAREJO;2026-10-01;270217,59;CENTRO OESTE|00 - TUBOS PVC KRONA|VAREJO|OUT26
00 - TUBOS PVC KRONA;CENTRO OESTE;CO NO;VAREJO;2026-11-01;257667,09;CENTRO OESTE|00 - TUBOS PVC KRONA|VAREJO|NOV26
00 - TUBOS PVC KRONA;CENTRO OESTE;CO NO;VAREJO;2026-12-01;203588,03;CENTRO OESTE|00 - TUBOS PVC KRONA|VAREJO|DEZ26
00 - TUBOS PVC KRONA;CONSTR CENTRO OESTE;CONSTRUTORA;CONSTRUTORA;2026-01-01;80506,45;CONSTR CENTRO OESTE|00 - TUBOS PVC KRONA|CONSTRUTORA|JAN26
00 - TUBOS PVC KRONA;CONSTR CENTRO OESTE;CONSTRUTORA;CONSTRUTORA;2026-02-01;104222,87;CONSTR CENTRO OESTE|00 - TUBOS PVC KRONA|CONSTRUTORA|FEV26
00 - TUBOS PVC KRONA;CONSTR CENTRO OESTE;CONSTRUTORA;CONSTRUTORA;2026-03-01;125074,17;CONSTR CENTRO OESTE|00 - TUBOS PVC KRONA|CONSTRUTORA|MAR26
00 - TUBOS PVC KRONA;CONSTR CENTRO OESTE;CONSTRUTORA;CONSTRUTORA;2026-04-01;165473,63;CONSTR CENTRO OESTE|00 - TUBOS PVC KRONA|CONSTRUTORA|ABR26
00 - TUBOS PVC KRONA;CONSTR CENTRO OESTE;CONSTRUTORA;CONSTRUTORA;2026-05-01;214574,09;CONSTR CENTRO OESTE|00 - TUBOS PVC KRONA|CONSTRUTORA|MAI26
00 - TUBOS PVC KRONA;CONSTR CENTRO OESTE;CONSTRUTORA;CONSTRUTORA;2026-06-01;309858,17;CONSTR CENTRO OESTE|00 - TUBOS PVC KRONA|CONSTRUTORA|JUN26
00 - TUBOS PVC KRONA;CONSTR CENTRO OESTE;CONSTRUTORA;CONSTRUTORA;2026-07-01;179033,01;CONSTR CENTRO OESTE|00 - TUBOS PVC KRONA|CONSTRUTORA|JUL26
00 - TUBOS PVC KRONA;CONSTR CENTRO OESTE;CONSTRUTORA;CONSTRUTORA;2026-08-01;261709,77;CONSTR CENTRO OESTE|00 - TUBOS PVC KRONA|CONSTRUTORA|AGO26
00 - TUBOS PVC KRONA;CONSTR NORDESTE;CONSTRUTORA;CONSTRUTORA;2026-01-01;244242,41;CONSTR NORDESTE|00 - TUBOS PVC KRONA|CONSTRUTORA|JAN26
00 - TUBOS PVC KRONA;CONSTR NORDESTE;CONSTRUTORA;CONSTRUTORA;2026-02-01;407024,84;CONSTR NORDESTE|00 - TUBOS PVC KRONA|CONSTRUTORA|FEV26
00 - TUBOS PVC KRONA;CONSTR NORDESTE;CONSTRUTORA;CONSTRUTORA;2026-03-01;491647,35;CONSTR NORDESTE|00 - TUBOS PVC KRONA|CONSTRUTORA|MAR26
00 - TUBOS PVC KRONA;CONSTR NORDESTE;CONSTRUTORA;CONSTRUTORA;2026-04-01;562444,67;CONSTR NORDESTE|00 - TUBOS PVC KRONA|CONSTRUTORA|ABR26
00 - TUBOS PVC KRONA;CONSTR NORDESTE;CONSTRUTORA;CONSTRUTORA;2026-05-01;265557,47;CONSTR NORDESTE|00 - TUBOS PVC KRONA|CONSTRUTORA|MAI26
00 - TUBOS PVC KRONA;CONSTR NORDESTE;CONSTRUTORA;CONSTRUTORA;2026-06-01;274034,95;CONSTR NORDESTE|00 - TUBOS PVC KRONA|CONSTRUTORA|JUN26
00 - TUBOS PVC KRONA;CONSTR NORDESTE;CONSTRUTORA;CONSTRUTORA;2026-07-01;332217,40;CONSTR NORDESTE|00 - TUBOS PVC KRONA|CONSTRUTORA|JUL26
00 - TUBOS PVC KRONA;CONSTR NORDESTE;CONSTRUTORA;CONSTRUTORA;2026-08-01;400102,44;CONSTR NORDESTE|00 - TUBOS PVC KRONA|CONSTRUTORA|AGO26
00 - TUBOS PVC KRONA;CONSTR NORDESTE;CONSTRUTORA;OUTROS;2026-01-01;211,60;CONSTR NORDESTE|00 - TUBOS PVC KRONA|OUTROS|JAN26
00 - TUBOS PVC KRONA;CONSTR NORDESTE;CONSTRUTORA;OUTROS;2026-03-01;132,25;CONSTR NORDESTE|00 - TUBOS PVC KRONA|OUTROS|MAR26
00 - TUBOS PVC KRONA;CONSTR NORDESTE;CONSTRUTORA;OUTROS;2026-04-01;556,98;CONSTR NORDESTE|00 - TUBOS PVC KRONA|OUTROS|ABR26
00 - TUBOS PVC KRONA;CONSTR NORDESTE;CONSTRUTORA;OUTROS;2026-07-01;11,55;CONSTR NORDESTE|00 - TUBOS PVC KRONA|OUTROS|JUL26
00 - TUBOS PVC KRONA;CONSTR NORDESTE;CONSTRUTORA;OUTROS;2026-08-01;343,09;CONSTR NORDESTE|00 - TUBOS PVC KRONA|OUTROS|AGO26
00 - TUBOS PVC KRONA;CONSTR NORTE;CONSTRUTORA;CONSTRUTORA;2026-01-01;8218,66;CONSTR NORTE|00 - TUBOS PVC KRONA|CONSTRUTORA|JAN26
00 - TUBOS PVC KRONA;CONSTR NORTE;CONSTRUTORA;CONSTRUTORA;2026-02-01;12384,16;CONSTR NORTE|00 - TUBOS PVC KRONA|CONSTRUTORA|FEV26
00 - TUBOS PVC KRONA;CONSTR NORTE;CONSTRUTORA;CONSTRUTORA;2026-03-01;9563,83;CONSTR NORTE|00 - TUBOS PVC KRONA|CONSTRUTORA|MAR26
00 - TUBOS PVC KRONA;CONSTR NORTE;CONSTRUTORA;CONSTRUTORA;2026-04-01;3659,58;CONSTR NORTE|00 - TUBOS PVC KRONA|CONSTRUTORA|ABR26
00 - TUBOS PVC KRONA;CONSTR NORTE;CONSTRUTORA;CONSTRUTORA;2026-05-01;10699,74;CONSTR NORTE|00 - TUBOS PVC KRONA|CONSTRUTORA|MAI26
00 - TUBOS PVC KRONA;CONSTR NORTE;CONSTRUTORA;CONSTRUTORA;2026-06-01;16053,89;CONSTR NORTE|00 - TUBOS PVC KRONA|CONSTRUTORA|JUN26
00 - TUBOS PVC KRONA;CONSTR NORTE;CONSTRUTORA;CONSTRUTORA;2026-07-01;14988,58;CONSTR NORTE|00 - TUBOS PVC KRONA|CONSTRUTORA|JUL26
00 - TUBOS PVC KRONA;CONSTR NORTE;CONSTRUTORA;CONSTRUTORA;2026-08-01;13507,08;CONSTR NORTE|00 - TUBOS PVC KRONA|CONSTRUTORA|AGO26
00 - TUBOS PVC KRONA;CONSTR SAO PAULO;CONSTRUTORA;CONSTRUTORA;2026-01-01;70978,40;CONSTR SAO PAULO|00 - TUBOS PVC KRONA|CONSTRUTORA|JAN26
00 - TUBOS PVC KRONA;CONSTR SAO PAULO;CONSTRUTORA;CONSTRUTORA;2026-02-01;173773,42;CONSTR SAO PAULO|00 - TUBOS PVC KRONA|CONSTRUTORA|FEV26
00 - TUBOS PVC KRONA;CONSTR SAO PAULO;CONSTRUTORA;CONSTRUTORA;2026-03-01;126374,06;CONSTR SAO PAULO|00 - TUBOS PVC KRONA|CONSTRUTORA|MAR26
00 - TUBOS PVC KRONA;CONSTR SAO PAULO;CONSTRUTORA;CONSTRUTORA;2026-04-01;174776,00;CONSTR SAO PAULO|00 - TUBOS PVC KRONA|CONSTRUTORA|ABR26
00 - TUBOS PVC KRONA;CONSTR SAO PAULO;CONSTRUTORA;CONSTRUTORA;2026-05-01;161528,45;CONSTR SAO PAULO|00 - TUBOS PVC KRONA|CONSTRUTORA|MAI26
00 - TUBOS PVC KRONA;CONSTR SAO PAULO;CONSTRUTORA;CONSTRUTORA;2026-06-01;139377,15;CONSTR SAO PAULO|00 - TUBOS PVC KRONA|CONSTRUTORA|JUN26
00 - TUBOS PVC KRONA;CONSTR SAO PAULO;CONSTRUTORA;CONSTRUTORA;2026-07-01;91879,46;CONSTR SAO PAULO|00 - TUBOS PVC KRONA|CONSTRUTORA|JUL26
00 - TUBOS PVC KRONA;CONSTR SAO PAULO;CONSTRUTORA;CONSTRUTORA;2026-08-01;138968,16;CONSTR SAO PAULO|00 - TUBOS PVC KRONA|CONSTRUTORA|AGO26
00 - TUBOS PVC KRONA;CONSTR SAO PAULO;CONSTRUTORA;OUTROS;2026-01-01;19,81;CONSTR SAO PAULO|00 - TUBOS PVC KRONA|OUTROS|JAN26
00 - TUBOS PVC KRONA;CONSTR SAO PAULO;CONSTRUTORA;OUTROS;2026-06-01;271,50;CONSTR SAO PAULO|00 - TUBOS PVC KRONA|OUTROS|JUN26
00 - TUBOS PVC KRONA;CONSTR SAO PAULO;CONSTRUTORA;VAREJO;2026-07-01;146,37;CONSTR SAO PAULO|00 - TUBOS PVC KRONA|VAREJO|JUL26
00 - TUBOS PVC KRONA;CONSTR SUDESTE;CONSTRUTORA;CONSTRUTORA;2026-01-01;3562,45;CONSTR SUDESTE|00 - TUBOS PVC KRONA|CONSTRUTORA|JAN26
00 - TUBOS PVC KRONA;CONSTR SUDESTE;CONSTRUTORA;CONSTRUTORA;2026-02-01;34488,53;CONSTR SUDESTE|00 - TUBOS PVC KRONA|CONSTRUTORA|FEV26
00 - TUBOS PVC KRONA;CONSTR SUDESTE;CONSTRUTORA;CONSTRUTORA;2026-03-01;84345,80;CONSTR SUDESTE|00 - TUBOS PVC KRONA|CONSTRUTORA|MAR26
00 - TUBOS PVC KRONA;CONSTR SUDESTE;CONSTRUTORA;CONSTRUTORA;2026-04-01;60887,02;CONSTR SUDESTE|00 - TUBOS PVC KRONA|CONSTRUTORA|ABR26
00 - TUBOS PVC KRONA;CONSTR SUDESTE;CONSTRUTORA;CONSTRUTORA;2026-05-01;53700,63;CONSTR SUDESTE|00 - TUBOS PVC KRONA|CONSTRUTORA|MAI26
00 - TUBOS PVC KRONA;CONSTR SUDESTE;CONSTRUTORA;CONSTRUTORA;2026-06-01;23605,54;CONSTR SUDESTE|00 - TUBOS PVC KRONA|CONSTRUTORA|JUN26
00 - TUBOS PVC KRONA;CONSTR SUDESTE;CONSTRUTORA;CONSTRUTORA;2026-07-01;43254,24;CONSTR SUDESTE|00 - TUBOS PVC KRONA|CONSTRUTORA|JUL26
00 - TUBOS PVC KRONA;CONSTR SUDESTE;CONSTRUTORA;CONSTRUTORA;2026-08-01;56399,49;CONSTR SUDESTE|00 - TUBOS PVC KRONA|CONSTRUTORA|AGO26
00 - TUBOS PVC KRONA;CONSTR SUL;CONSTRUTORA;CONSTRUTORA;2026-01-01;142347,18;CONSTR SUL|00 - TUBOS PVC KRONA|CONSTRUTORA|JAN26
00 - TUBOS PVC KRONA;CONSTR SUL;CONSTRUTORA;CONSTRUTORA;2026-02-01;184616,45;CONSTR SUL|00 - TUBOS PVC KRONA|CONSTRUTORA|FEV26
00 - TUBOS PVC KRONA;CONSTR SUL;CONSTRUTORA;CONSTRUTORA;2026-03-01;244817,75;CONSTR SUL|00 - TUBOS PVC KRONA|CONSTRUTORA|MAR26
00 - TUBOS PVC KRONA;CONSTR SUL;CONSTRUTORA;CONSTRUTORA;2026-04-01;326935,54;CONSTR SUL|00 - TUBOS PVC KRONA|CONSTRUTORA|ABR26
00 - TUBOS PVC KRONA;CONSTR SUL;CONSTRUTORA;CONSTRUTORA;2026-05-01;175955,83;CONSTR SUL|00 - TUBOS PVC KRONA|CONSTRUTORA|MAI26
00 - TUBOS PVC KRONA;CONSTR SUL;CONSTRUTORA;CONSTRUTORA;2026-06-01;164201,26;CONSTR SUL|00 - TUBOS PVC KRONA|CONSTRUTORA|JUN26
00 - TUBOS PVC KRONA;CONSTR SUL;CONSTRUTORA;CONSTRUTORA;2026-07-01;212898,82;CONSTR SUL|00 - TUBOS PVC KRONA|CONSTRUTORA|JUL26
00 - TUBOS PVC KRONA;CONSTR SUL;CONSTRUTORA;CONSTRUTORA;2026-08-01;181821,03;CONSTR SUL|00 - TUBOS PVC KRONA|CONSTRUTORA|AGO26
00 - TUBOS PVC KRONA;CONSTR SUL;CONSTRUTORA;OUTROS;2026-07-01;60,18;CONSTR SUL|00 - TUBOS PVC KRONA|OUTROS|JUL26
00 - TUBOS PVC KRONA;EXPORTACAO;EXPORTACAO;EXPORTACAO;2026-01-01;8227,41;EXPORTACAO|00 - TUBOS PVC KRONA|EXPORTACAO|JAN26
00 - TUBOS PVC KRONA;EXPORTACAO;EXPORTACAO;EXPORTACAO;2026-02-01;1121,50;EXPORTACAO|00 - TUBOS PVC KRONA|EXPORTACAO|FEV26
00 - TUBOS PVC KRONA;EXPORTACAO;EXPORTACAO;EXPORTACAO;2026-03-01;14565,30;EXPORTACAO|00 - TUBOS PVC KRONA|EXPORTACAO|MAR26
00 - TUBOS PVC KRONA;EXPORTACAO;EXPORTACAO;EXPORTACAO;2026-04-01;23316,25;EXPORTACAO|00 - TUBOS PVC KRONA|EXPORTACAO|ABR26
00 - TUBOS PVC KRONA;EXPORTACAO;EXPORTACAO;EXPORTACAO;2026-05-01;24637,25;EXPORTACAO|00 - TUBOS PVC KRONA|EXPORTACAO|MAI26
00 - TUBOS PVC KRONA;EXPORTACAO;EXPORTACAO;EXPORTACAO;2026-06-01;9930,15;EXPORTACAO|00 - TUBOS PVC KRONA|EXPORTACAO|JUN26
00 - TUBOS PVC KRONA;EXPORTACAO;EXPORTACAO;EXPORTACAO;2026-07-01;5172,11;EXPORTACAO|00 - TUBOS PVC KRONA|EXPORTACAO|JUL26
00 - TUBOS PVC KRONA;EXPORTACAO;EXPORTACAO;EXPORTACAO;2026-08-01;9166,11;EXPORTACAO|00 - TUBOS PVC KRONA|EXPORTACAO|AGO26
00 - TUBOS PVC KRONA;EXPORTACAO;EXPORTACAO;EXPORTACAO;2026-09-01;15000,00;EXPORTACAO|00 - TUBOS PVC KRONA|EXPORTACAO|SET26
00 - TUBOS PVC KRONA;EXPORTACAO;EXPORTACAO;EXPORTACAO;2026-10-01;15000,00;EXPORTACAO|00 - TUBOS PVC KRONA|EXPORTACAO|OUT26
00 - TUBOS PVC KRONA;EXPORTACAO;EXPORTACAO;EXPORTACAO;2026-11-01;15000,00;EXPORTACAO|00 - TUBOS PVC KRONA|EXPORTACAO|NOV26
00 - TUBOS PVC KRONA;EXPORTACAO;EXPORTACAO;EXPORTACAO;2026-12-01;16824,00;EXPORTACAO|00 - TUBOS PVC KRONA|EXPORTACAO|DEZ26
00 - TUBOS PVC KRONA;IRRIGACAO 1;IRRIGACAO;IRRIGACAO;2026-01-01;9125,60;IRRIGACAO 1|00 - TUBOS PVC KRONA|IRRIGACAO|JAN26
00 - TUBOS PVC KRONA;IRRIGACAO 1;IRRIGACAO;IRRIGACAO;2026-02-01;9500,68;IRRIGACAO 1|00 - TUBOS PVC KRONA|IRRIGACAO|FEV26
00 - TUBOS PVC KRONA;IRRIGACAO 1;IRRIGACAO;IRRIGACAO;2026-03-01;9889,20;IRRIGACAO 1|00 - TUBOS PVC KRONA|IRRIGACAO|MAR26
00 - TUBOS PVC KRONA;IRRIGACAO 1;IRRIGACAO;IRRIGACAO;2026-04-01;8029,03;IRRIGACAO 1|00 - TUBOS PVC KRONA|IRRIGACAO|ABR26
00 - TUBOS PVC KRONA;IRRIGACAO 1;IRRIGACAO;IRRIGACAO;2026-05-01;10059,56;IRRIGACAO 1|00 - TUBOS PVC KRONA|IRRIGACAO|MAI26
00 - TUBOS PVC KRONA;IRRIGACAO 1;IRRIGACAO;IRRIGACAO;2026-06-01;5225,56;IRRIGACAO 1|00 - TUBOS PVC KRONA|IRRIGACAO|JUN26
00 - TUBOS PVC KRONA;IRRIGACAO 1;IRRIGACAO;IRRIGACAO;2026-07-01;2446,70;IRRIGACAO 1|00 - TUBOS PVC KRONA|IRRIGACAO|JUL26
00 - TUBOS PVC KRONA;IRRIGACAO 1;IRRIGACAO;IRRIGACAO;2026-08-01;3600,37;IRRIGACAO 1|00 - TUBOS PVC KRONA|IRRIGACAO|AGO26
00 - TUBOS PVC KRONA;IRRIGACAO 1;IRRIGACAO;IRRIGACAO;2026-09-01;11000,00;IRRIGACAO 1|00 - TUBOS PVC KRONA|IRRIGACAO|SET26
00 - TUBOS PVC KRONA;IRRIGACAO 1;IRRIGACAO;IRRIGACAO;2026-10-01;9500,00;IRRIGACAO 1|00 - TUBOS PVC KRONA|IRRIGACAO|OUT26
00 - TUBOS PVC KRONA;IRRIGACAO 1;IRRIGACAO;IRRIGACAO;2026-11-01;7793,00;IRRIGACAO 1|00 - TUBOS PVC KRONA|IRRIGACAO|NOV26
00 - TUBOS PVC KRONA;IRRIGACAO 1;IRRIGACAO;IRRIGACAO;2026-12-01;6680,00;IRRIGACAO 1|00 - TUBOS PVC KRONA|IRRIGACAO|DEZ26
00 - TUBOS PVC KRONA;IRRIGACAO 2;IRRIGACAO;IRRIGACAO;2026-01-01;4708,23;IRRIGACAO 2|00 - TUBOS PVC KRONA|IRRIGACAO|JAN26
00 - TUBOS PVC KRONA;IRRIGACAO 2;IRRIGACAO;IRRIGACAO;2026-02-01;3225,01;IRRIGACAO 2|00 - TUBOS PVC KRONA|IRRIGACAO|FEV26
00 - TUBOS PVC KRONA;IRRIGACAO 2;IRRIGACAO;IRRIGACAO;2026-03-01;8500,18;IRRIGACAO 2|00 - TUBOS PVC KRONA|IRRIGACAO|MAR26
00 - TUBOS PVC KRONA;IRRIGACAO 2;IRRIGACAO;IRRIGACAO;2026-04-01;2721,26;IRRIGACAO 2|00 - TUBOS PVC KRONA|IRRIGACAO|ABR26
00 - TUBOS PVC KRONA;IRRIGACAO 2;IRRIGACAO;IRRIGACAO;2026-05-01;5136,17;IRRIGACAO 2|00 - TUBOS PVC KRONA|IRRIGACAO|MAI26
00 - TUBOS PVC KRONA;IRRIGACAO 2;IRRIGACAO;IRRIGACAO;2026-06-01;634,81;IRRIGACAO 2|00 - TUBOS PVC KRONA|IRRIGACAO|JUN26
00 - TUBOS PVC KRONA;IRRIGACAO 2;IRRIGACAO;IRRIGACAO;2026-07-01;3010,48;IRRIGACAO 2|00 - TUBOS PVC KRONA|IRRIGACAO|JUL26
00 - TUBOS PVC KRONA;IRRIGACAO 2;IRRIGACAO;IRRIGACAO;2026-08-01;5370,58;IRRIGACAO 2|00 - TUBOS PVC KRONA|IRRIGACAO|AGO26
00 - TUBOS PVC KRONA;IRRIGACAO 2;IRRIGACAO;IRRIGACAO;2026-09-01;5230,97;IRRIGACAO 2|00 - TUBOS PVC KRONA|IRRIGACAO|SET26
00 - TUBOS PVC KRONA;IRRIGACAO 2;IRRIGACAO;IRRIGACAO;2026-10-01;4185,93;IRRIGACAO 2|00 - TUBOS PVC KRONA|IRRIGACAO|OUT26
00 - TUBOS PVC KRONA;IRRIGACAO 2;IRRIGACAO;IRRIGACAO;2026-11-01;4069,07;IRRIGACAO 2|00 - TUBOS PVC KRONA|IRRIGACAO|NOV26
00 - TUBOS PVC KRONA;IRRIGACAO 2;IRRIGACAO;IRRIGACAO;2026-12-01;3487,63;IRRIGACAO 2|00 - TUBOS PVC KRONA|IRRIGACAO|DEZ26
00 - TUBOS PVC KRONA;IRRIGACAO 2;IRRIGACAO;VAREJO;2026-03-01;1983,72;IRRIGACAO 2|00 - TUBOS PVC KRONA|VAREJO|MAR26
00 - TUBOS PVC KRONA;IRRIGACAO 2;IRRIGACAO;VAREJO;2026-04-01;355,38;IRRIGACAO 2|00 - TUBOS PVC KRONA|VAREJO|ABR26
00 - TUBOS PVC KRONA;IRRIGACAO 2;IRRIGACAO;VAREJO;2026-06-01;78,65;IRRIGACAO 2|00 - TUBOS PVC KRONA|VAREJO|JUN26
00 - TUBOS PVC KRONA;IRRIGACAO 2;IRRIGACAO;VAREJO;2026-09-01;230,03;IRRIGACAO 2|00 - TUBOS PVC KRONA|VAREJO|SET26
00 - TUBOS PVC KRONA;IRRIGACAO 2;IRRIGACAO;VAREJO;2026-10-01;184,07;IRRIGACAO 2|00 - TUBOS PVC KRONA|VAREJO|OUT26
00 - TUBOS PVC KRONA;IRRIGACAO 2;IRRIGACAO;VAREJO;2026-11-01;178,93;IRRIGACAO 2|00 - TUBOS PVC KRONA|VAREJO|NOV26
00 - TUBOS PVC KRONA;IRRIGACAO 2;IRRIGACAO;VAREJO;2026-12-01;153,37;IRRIGACAO 2|00 - TUBOS PVC KRONA|VAREJO|DEZ26
00 - TUBOS PVC KRONA;MINAS GERAIS;MINAS RJ/ES;ATACADO;2026-01-01;276583,19;MINAS GERAIS|00 - TUBOS PVC KRONA|ATACADO|JAN26
00 - TUBOS PVC KRONA;MINAS GERAIS;MINAS RJ/ES;ATACADO;2026-02-01;644937,05;MINAS GERAIS|00 - TUBOS PVC KRONA|ATACADO|FEV26
00 - TUBOS PVC KRONA;MINAS GERAIS;MINAS RJ/ES;ATACADO;2026-03-01;396668,45;MINAS GERAIS|00 - TUBOS PVC KRONA|ATACADO|MAR26
00 - TUBOS PVC KRONA;MINAS GERAIS;MINAS RJ/ES;ATACADO;2026-04-01;539883,68;MINAS GERAIS|00 - TUBOS PVC KRONA|ATACADO|ABR26
00 - TUBOS PVC KRONA;MINAS GERAIS;MINAS RJ/ES;ATACADO;2026-05-01;51441,22;MINAS GERAIS|00 - TUBOS PVC KRONA|ATACADO|MAI26
00 - TUBOS PVC KRONA;MINAS GERAIS;MINAS RJ/ES;ATACADO;2026-06-01;106645,01;MINAS GERAIS|00 - TUBOS PVC KRONA|ATACADO|JUN26
00 - TUBOS PVC KRONA;MINAS GERAIS;MINAS RJ/ES;ATACADO;2026-07-01;473880,08;MINAS GERAIS|00 - TUBOS PVC KRONA|ATACADO|JUL26
00 - TUBOS PVC KRONA;MINAS GERAIS;MINAS RJ/ES;ATACADO;2026-08-01;249113,82;MINAS GERAIS|00 - TUBOS PVC KRONA|ATACADO|AGO26
00 - TUBOS PVC KRONA;MINAS GERAIS;MINAS RJ/ES;ATACADO;2026-09-01;420412,96;MINAS GERAIS|00 - TUBOS PVC KRONA|ATACADO|SET26
00 - TUBOS PVC KRONA;MINAS GERAIS;MINAS RJ/ES;ATACADO;2026-10-01;305138,44;MINAS GERAIS|00 - TUBOS PVC KRONA|ATACADO|OUT26
00 - TUBOS PVC KRONA;MINAS GERAIS;MINAS RJ/ES;ATACADO;2026-11-01;366166,13;MINAS GERAIS|00 - TUBOS PVC KRONA|ATACADO|NOV26
00 - TUBOS PVC KRONA;MINAS GERAIS;MINAS RJ/ES;ATACADO;2026-12-01;406851,25;MINAS GERAIS|00 - TUBOS PVC KRONA|ATACADO|DEZ26
00 - TUBOS PVC KRONA;MINAS GERAIS;MINAS RJ/ES;OUTROS;2026-01-01;627,91;MINAS GERAIS|00 - TUBOS PVC KRONA|OUTROS|JAN26
00 - TUBOS PVC KRONA;MINAS GERAIS;MINAS RJ/ES;OUTROS;2026-03-01;52,55;MINAS GERAIS|00 - TUBOS PVC KRONA|OUTROS|MAR26
00 - TUBOS PVC KRONA;MINAS GERAIS;MINAS RJ/ES;OUTROS;2026-04-01;8,25;MINAS GERAIS|00 - TUBOS PVC KRONA|OUTROS|ABR26
00 - TUBOS PVC KRONA;MINAS GERAIS;MINAS RJ/ES;OUTROS;2026-05-01;65,56;MINAS GERAIS|00 - TUBOS PVC KRONA|OUTROS|MAI26
00 - TUBOS PVC KRONA;MINAS GERAIS;MINAS RJ/ES;OUTROS;2026-06-01;54,89;MINAS GERAIS|00 - TUBOS PVC KRONA|OUTROS|JUN26
00 - TUBOS PVC KRONA;MINAS GERAIS;MINAS RJ/ES;OUTROS;2026-08-01;1076,34;MINAS GERAIS|00 - TUBOS PVC KRONA|OUTROS|AGO26
00 - TUBOS PVC KRONA;MINAS GERAIS;MINAS RJ/ES;OUTROS;2026-09-01;218,28;MINAS GERAIS|00 - TUBOS PVC KRONA|OUTROS|SET26
00 - TUBOS PVC KRONA;MINAS GERAIS;MINAS RJ/ES;OUTROS;2026-10-01;158,43;MINAS GERAIS|00 - TUBOS PVC KRONA|OUTROS|OUT26
00 - TUBOS PVC KRONA;MINAS GERAIS;MINAS RJ/ES;OUTROS;2026-11-01;190,12;MINAS GERAIS|00 - TUBOS PVC KRONA|OUTROS|NOV26
00 - TUBOS PVC KRONA;MINAS GERAIS;MINAS RJ/ES;OUTROS;2026-12-01;211,24;MINAS GERAIS|00 - TUBOS PVC KRONA|OUTROS|DEZ26
00 - TUBOS PVC KRONA;MINAS GERAIS;MINAS RJ/ES;VAREJO;2026-01-01;101418,90;MINAS GERAIS|00 - TUBOS PVC KRONA|VAREJO|JAN26
00 - TUBOS PVC KRONA;MINAS GERAIS;MINAS RJ/ES;VAREJO;2026-02-01;212426,59;MINAS GERAIS|00 - TUBOS PVC KRONA|VAREJO|FEV26
00 - TUBOS PVC KRONA;MINAS GERAIS;MINAS RJ/ES;VAREJO;2026-03-01;262798,68;MINAS GERAIS|00 - TUBOS PVC KRONA|VAREJO|MAR26
00 - TUBOS PVC KRONA;MINAS GERAIS;MINAS RJ/ES;VAREJO;2026-04-01;247273,80;MINAS GERAIS|00 - TUBOS PVC KRONA|VAREJO|ABR26
00 - TUBOS PVC KRONA;MINAS GERAIS;MINAS RJ/ES;VAREJO;2026-05-01;316750,86;MINAS GERAIS|00 - TUBOS PVC KRONA|VAREJO|MAI26
00 - TUBOS PVC KRONA;MINAS GERAIS;MINAS RJ/ES;VAREJO;2026-06-01;76606,22;MINAS GERAIS|00 - TUBOS PVC KRONA|VAREJO|JUN26
00 - TUBOS PVC KRONA;MINAS GERAIS;MINAS RJ/ES;VAREJO;2026-07-01;166671,34;MINAS GERAIS|00 - TUBOS PVC KRONA|VAREJO|JUL26
00 - TUBOS PVC KRONA;MINAS GERAIS;MINAS RJ/ES;VAREJO;2026-08-01;175692,66;MINAS GERAIS|00 - TUBOS PVC KRONA|VAREJO|AGO26
00 - TUBOS PVC KRONA;MINAS GERAIS;MINAS RJ/ES;VAREJO;2026-09-01;199368,76;MINAS GERAIS|00 - TUBOS PVC KRONA|VAREJO|SET26
00 - TUBOS PVC KRONA;MINAS GERAIS;MINAS RJ/ES;VAREJO;2026-10-01;144703,13;MINAS GERAIS|00 - TUBOS PVC KRONA|VAREJO|OUT26
00 - TUBOS PVC KRONA;MINAS GERAIS;MINAS RJ/ES;VAREJO;2026-11-01;173643,76;MINAS GERAIS|00 - TUBOS PVC KRONA|VAREJO|NOV26
00 - TUBOS PVC KRONA;MINAS GERAIS;MINAS RJ/ES;VAREJO;2026-12-01;192937,51;MINAS GERAIS|00 - TUBOS PVC KRONA|VAREJO|DEZ26
00 - TUBOS PVC KRONA;NORDESTE 1;NORDESTE;ATACADO;2026-01-01;20966,20;NORDESTE 1|00 - TUBOS PVC KRONA|ATACADO|JAN26
00 - TUBOS PVC KRONA;NORDESTE 1;NORDESTE;ATACADO;2026-02-01;67395,56;NORDESTE 1|00 - TUBOS PVC KRONA|ATACADO|FEV26
00 - TUBOS PVC KRONA;NORDESTE 1;NORDESTE;ATACADO;2026-03-01;353488,58;NORDESTE 1|00 - TUBOS PVC KRONA|ATACADO|MAR26
00 - TUBOS PVC KRONA;NORDESTE 1;NORDESTE;ATACADO;2026-04-01;294810,38;NORDESTE 1|00 - TUBOS PVC KRONA|ATACADO|ABR26
00 - TUBOS PVC KRONA;NORDESTE 1;NORDESTE;ATACADO;2026-05-01;23787,45;NORDESTE 1|00 - TUBOS PVC KRONA|ATACADO|MAI26
00 - TUBOS PVC KRONA;NORDESTE 1;NORDESTE;ATACADO;2026-06-01;232631,67;NORDESTE 1|00 - TUBOS PVC KRONA|ATACADO|JUN26
00 - TUBOS PVC KRONA;NORDESTE 1;NORDESTE;ATACADO;2026-07-01;40186,29;NORDESTE 1|00 - TUBOS PVC KRONA|ATACADO|JUL26
00 - TUBOS PVC KRONA;NORDESTE 1;NORDESTE;ATACADO;2026-08-01;44492,37;NORDESTE 1|00 - TUBOS PVC KRONA|ATACADO|AGO26
00 - TUBOS PVC KRONA;NORDESTE 1;NORDESTE;ATACADO;2026-09-01;99762,38;NORDESTE 1|00 - TUBOS PVC KRONA|ATACADO|SET26
00 - TUBOS PVC KRONA;NORDESTE 1;NORDESTE;ATACADO;2026-10-01;143696,35;NORDESTE 1|00 - TUBOS PVC KRONA|ATACADO|OUT26
00 - TUBOS PVC KRONA;NORDESTE 1;NORDESTE;ATACADO;2026-11-01;169637,95;NORDESTE 1|00 - TUBOS PVC KRONA|ATACADO|NOV26
00 - TUBOS PVC KRONA;NORDESTE 1;NORDESTE;ATACADO;2026-12-01;197910,94;NORDESTE 1|00 - TUBOS PVC KRONA|ATACADO|DEZ26
00 - TUBOS PVC KRONA;NORDESTE 1;NORDESTE;OUTROS;2026-02-01;5210,77;NORDESTE 1|00 - TUBOS PVC KRONA|OUTROS|FEV26
00 - TUBOS PVC KRONA;NORDESTE 1;NORDESTE;OUTROS;2026-03-01;1409,01;NORDESTE 1|00 - TUBOS PVC KRONA|OUTROS|MAR26
00 - TUBOS PVC KRONA;NORDESTE 1;NORDESTE;OUTROS;2026-04-01;3407,80;NORDESTE 1|00 - TUBOS PVC KRONA|OUTROS|ABR26
00 - TUBOS PVC KRONA;NORDESTE 1;NORDESTE;OUTROS;2026-09-01;728,86;NORDESTE 1|00 - TUBOS PVC KRONA|OUTROS|SET26
00 - TUBOS PVC KRONA;NORDESTE 1;NORDESTE;OUTROS;2026-10-01;1049,84;NORDESTE 1|00 - TUBOS PVC KRONA|OUTROS|OUT26
00 - TUBOS PVC KRONA;NORDESTE 1;NORDESTE;OUTROS;2026-11-01;1239,37;NORDESTE 1|00 - TUBOS PVC KRONA|OUTROS|NOV26
00 - TUBOS PVC KRONA;NORDESTE 1;NORDESTE;OUTROS;2026-12-01;1445,93;NORDESTE 1|00 - TUBOS PVC KRONA|OUTROS|DEZ26
00 - TUBOS PVC KRONA;NORDESTE 1;NORDESTE;VAREJO;2026-01-01;95620,12;NORDESTE 1|00 - TUBOS PVC KRONA|VAREJO|JAN26
00 - TUBOS PVC KRONA;NORDESTE 1;NORDESTE;VAREJO;2026-02-01;153362,24;NORDESTE 1|00 - TUBOS PVC KRONA|VAREJO|FEV26
00 - TUBOS PVC KRONA;NORDESTE 1;NORDESTE;VAREJO;2026-03-01;166844,31;NORDESTE 1|00 - TUBOS PVC KRONA|VAREJO|MAR26
00 - TUBOS PVC KRONA;NORDESTE 1;NORDESTE;VAREJO;2026-04-01;193654,61;NORDESTE 1|00 - TUBOS PVC KRONA|VAREJO|ABR26
00 - TUBOS PVC KRONA;NORDESTE 1;NORDESTE;VAREJO;2026-05-01;95039,37;NORDESTE 1|00 - TUBOS PVC KRONA|VAREJO|MAI26
00 - TUBOS PVC KRONA;NORDESTE 1;NORDESTE;VAREJO;2026-06-01;65858,53;NORDESTE 1|00 - TUBOS PVC KRONA|VAREJO|JUN26
00 - TUBOS PVC KRONA;NORDESTE 1;NORDESTE;VAREJO;2026-07-01;101765,25;NORDESTE 1|00 - TUBOS PVC KRONA|VAREJO|JUL26
00 - TUBOS PVC KRONA;NORDESTE 1;NORDESTE;VAREJO;2026-08-01;149560,24;NORDESTE 1|00 - TUBOS PVC KRONA|VAREJO|AGO26
00 - TUBOS PVC KRONA;NORDESTE 1;NORDESTE;VAREJO;2026-09-01;75935,76;NORDESTE 1|00 - TUBOS PVC KRONA|VAREJO|SET26
00 - TUBOS PVC KRONA;NORDESTE 1;NORDESTE;VAREJO;2026-10-01;109376,81;NORDESTE 1|00 - TUBOS PVC KRONA|VAREJO|OUT26
00 - TUBOS PVC KRONA;NORDESTE 1;NORDESTE;VAREJO;2026-11-01;129122,68;NORDESTE 1|00 - TUBOS PVC KRONA|VAREJO|NOV26
00 - TUBOS PVC KRONA;NORDESTE 1;NORDESTE;VAREJO;2026-12-01;150643,13;NORDESTE 1|00 - TUBOS PVC KRONA|VAREJO|DEZ26
00 - TUBOS PVC KRONA;NORDESTE 2;NORDESTE;ATACADO;2026-01-01;445219,52;NORDESTE 2|00 - TUBOS PVC KRONA|ATACADO|JAN26
00 - TUBOS PVC KRONA;NORDESTE 2;NORDESTE;ATACADO;2026-02-01;661124,41;NORDESTE 2|00 - TUBOS PVC KRONA|ATACADO|FEV26
00 - TUBOS PVC KRONA;NORDESTE 2;NORDESTE;ATACADO;2026-03-01;880363,49;NORDESTE 2|00 - TUBOS PVC KRONA|ATACADO|MAR26
00 - TUBOS PVC KRONA;NORDESTE 2;NORDESTE;ATACADO;2026-04-01;1004023,36;NORDESTE 2|00 - TUBOS PVC KRONA|ATACADO|ABR26
00 - TUBOS PVC KRONA;NORDESTE 2;NORDESTE;ATACADO;2026-05-01;51544,30;NORDESTE 2|00 - TUBOS PVC KRONA|ATACADO|MAI26
00 - TUBOS PVC KRONA;NORDESTE 2;NORDESTE;ATACADO;2026-06-01;997153,99;NORDESTE 2|00 - TUBOS PVC KRONA|ATACADO|JUN26
00 - TUBOS PVC KRONA;NORDESTE 2;NORDESTE;ATACADO;2026-07-01;25521,33;NORDESTE 2|00 - TUBOS PVC KRONA|ATACADO|JUL26
00 - TUBOS PVC KRONA;NORDESTE 2;NORDESTE;ATACADO;2026-08-01;659268,38;NORDESTE 2|00 - TUBOS PVC KRONA|ATACADO|AGO26
00 - TUBOS PVC KRONA;NORDESTE 2;NORDESTE;ATACADO;2026-09-01;754445,82;NORDESTE 2|00 - TUBOS PVC KRONA|ATACADO|SET26
00 - TUBOS PVC KRONA;NORDESTE 2;NORDESTE;ATACADO;2026-10-01;829890,40;NORDESTE 2|00 - TUBOS PVC KRONA|ATACADO|OUT26
00 - TUBOS PVC KRONA;NORDESTE 2;NORDESTE;ATACADO;2026-11-01;756769,51;NORDESTE 2|00 - TUBOS PVC KRONA|ATACADO|NOV26
00 - TUBOS PVC KRONA;NORDESTE 2;NORDESTE;ATACADO;2026-12-01;679499,17;NORDESTE 2|00 - TUBOS PVC KRONA|ATACADO|DEZ26
00 - TUBOS PVC KRONA;NORDESTE 2;NORDESTE;OUTROS;2026-04-01;356,29;NORDESTE 2|00 - TUBOS PVC KRONA|OUTROS|ABR26
00 - TUBOS PVC KRONA;NORDESTE 2;NORDESTE;OUTROS;2026-05-01;9,84;NORDESTE 2|00 - TUBOS PVC KRONA|OUTROS|MAI26
00 - TUBOS PVC KRONA;NORDESTE 2;NORDESTE;OUTROS;2026-06-01;816,27;NORDESTE 2|00 - TUBOS PVC KRONA|OUTROS|JUN26
00 - TUBOS PVC KRONA;NORDESTE 2;NORDESTE;OUTROS;2026-07-01;491,87;NORDESTE 2|00 - TUBOS PVC KRONA|OUTROS|JUL26
00 - TUBOS PVC KRONA;NORDESTE 2;NORDESTE;OUTROS;2026-08-01;759,81;NORDESTE 2|00 - TUBOS PVC KRONA|OUTROS|AGO26
00 - TUBOS PVC KRONA;NORDESTE 2;NORDESTE;OUTROS;2026-09-01;497,25;NORDESTE 2|00 - TUBOS PVC KRONA|OUTROS|SET26
00 - TUBOS PVC KRONA;NORDESTE 2;NORDESTE;OUTROS;2026-10-01;546,98;NORDESTE 2|00 - TUBOS PVC KRONA|OUTROS|OUT26
00 - TUBOS PVC KRONA;NORDESTE 2;NORDESTE;OUTROS;2026-11-01;498,79;NORDESTE 2|00 - TUBOS PVC KRONA|OUTROS|NOV26
00 - TUBOS PVC KRONA;NORDESTE 2;NORDESTE;OUTROS;2026-12-01;447,86;NORDESTE 2|00 - TUBOS PVC KRONA|OUTROS|DEZ26
00 - TUBOS PVC KRONA;NORDESTE 2;NORDESTE;VAREJO;2026-01-01;114441,17;NORDESTE 2|00 - TUBOS PVC KRONA|VAREJO|JAN26
00 - TUBOS PVC KRONA;NORDESTE 2;NORDESTE;VAREJO;2026-02-01;216393,57;NORDESTE 2|00 - TUBOS PVC KRONA|VAREJO|FEV26
00 - TUBOS PVC KRONA;NORDESTE 2;NORDESTE;VAREJO;2026-03-01;256816,16;NORDESTE 2|00 - TUBOS PVC KRONA|VAREJO|MAR26
00 - TUBOS PVC KRONA;NORDESTE 2;NORDESTE;VAREJO;2026-04-01;294098,46;NORDESTE 2|00 - TUBOS PVC KRONA|VAREJO|ABR26
00 - TUBOS PVC KRONA;NORDESTE 2;NORDESTE;VAREJO;2026-05-01;175025,31;NORDESTE 2|00 - TUBOS PVC KRONA|VAREJO|MAI26
00 - TUBOS PVC KRONA;NORDESTE 2;NORDESTE;VAREJO;2026-06-01;216065,01;NORDESTE 2|00 - TUBOS PVC KRONA|VAREJO|JUN26
00 - TUBOS PVC KRONA;NORDESTE 2;NORDESTE;VAREJO;2026-07-01;132006,13;NORDESTE 2|00 - TUBOS PVC KRONA|VAREJO|JUL26
00 - TUBOS PVC KRONA;NORDESTE 2;NORDESTE;VAREJO;2026-08-01;330841,79;NORDESTE 2|00 - TUBOS PVC KRONA|VAREJO|AGO26
00 - TUBOS PVC KRONA;NORDESTE 2;NORDESTE;VAREJO;2026-09-01;245056,93;NORDESTE 2|00 - TUBOS PVC KRONA|VAREJO|SET26
00 - TUBOS PVC KRONA;NORDESTE 2;NORDESTE;VAREJO;2026-10-01;269562,62;NORDESTE 2|00 - TUBOS PVC KRONA|VAREJO|OUT26
00 - TUBOS PVC KRONA;NORDESTE 2;NORDESTE;VAREJO;2026-11-01;245811,70;NORDESTE 2|00 - TUBOS PVC KRONA|VAREJO|NOV26
00 - TUBOS PVC KRONA;NORDESTE 2;NORDESTE;VAREJO;2026-12-01;220712,97;NORDESTE 2|00 - TUBOS PVC KRONA|VAREJO|DEZ26
00 - TUBOS PVC KRONA;NORDESTE 3;NORDESTE;ATACADO;2026-01-01;207562,26;NORDESTE 3|00 - TUBOS PVC KRONA|ATACADO|JAN26
00 - TUBOS PVC KRONA;NORDESTE 3;NORDESTE;ATACADO;2026-02-01;514193,95;NORDESTE 3|00 - TUBOS PVC KRONA|ATACADO|FEV26
00 - TUBOS PVC KRONA;NORDESTE 3;NORDESTE;ATACADO;2026-03-01;941360,65;NORDESTE 3|00 - TUBOS PVC KRONA|ATACADO|MAR26
00 - TUBOS PVC KRONA;NORDESTE 3;NORDESTE;ATACADO;2026-04-01;927710,45;NORDESTE 3|00 - TUBOS PVC KRONA|ATACADO|ABR26
00 - TUBOS PVC KRONA;NORDESTE 3;NORDESTE;ATACADO;2026-05-01;90602,29;NORDESTE 3|00 - TUBOS PVC KRONA|ATACADO|MAI26
00 - TUBOS PVC KRONA;NORDESTE 3;NORDESTE;ATACADO;2026-06-01;122085,21;NORDESTE 3|00 - TUBOS PVC KRONA|ATACADO|JUN26
00 - TUBOS PVC KRONA;NORDESTE 3;NORDESTE;ATACADO;2026-07-01;320424,44;NORDESTE 3|00 - TUBOS PVC KRONA|ATACADO|JUL26
00 - TUBOS PVC KRONA;NORDESTE 3;NORDESTE;ATACADO;2026-08-01;431748,52;NORDESTE 3|00 - TUBOS PVC KRONA|ATACADO|AGO26
00 - TUBOS PVC KRONA;NORDESTE 3;NORDESTE;ATACADO;2026-09-01;498014,26;NORDESTE 3|00 - TUBOS PVC KRONA|ATACADO|SET26
00 - TUBOS PVC KRONA;NORDESTE 3;NORDESTE;ATACADO;2026-10-01;620664,11;NORDESTE 3|00 - TUBOS PVC KRONA|ATACADO|OUT26
00 - TUBOS PVC KRONA;NORDESTE 3;NORDESTE;ATACADO;2026-11-01;573118,00;NORDESTE 3|00 - TUBOS PVC KRONA|ATACADO|NOV26
00 - TUBOS PVC KRONA;NORDESTE 3;NORDESTE;ATACADO;2026-12-01;464733,06;NORDESTE 3|00 - TUBOS PVC KRONA|ATACADO|DEZ26
00 - TUBOS PVC KRONA;NORDESTE 3;NORDESTE;OUTROS;2026-03-01;477,66;NORDESTE 3|00 - TUBOS PVC KRONA|OUTROS|MAR26
00 - TUBOS PVC KRONA;NORDESTE 3;NORDESTE;OUTROS;2026-04-01;959,31;NORDESTE 3|00 - TUBOS PVC KRONA|OUTROS|ABR26
00 - TUBOS PVC KRONA;NORDESTE 3;NORDESTE;OUTROS;2026-06-01;28,13;NORDESTE 3|00 - TUBOS PVC KRONA|OUTROS|JUN26
00 - TUBOS PVC KRONA;NORDESTE 3;NORDESTE;OUTROS;2026-07-01;494,12;NORDESTE 3|00 - TUBOS PVC KRONA|OUTROS|JUL26
00 - TUBOS PVC KRONA;NORDESTE 3;NORDESTE;OUTROS;2026-08-01;1165,88;NORDESTE 3|00 - TUBOS PVC KRONA|OUTROS|AGO26
00 - TUBOS PVC KRONA;NORDESTE 3;NORDESTE;OUTROS;2026-09-01;446,25;NORDESTE 3|00 - TUBOS PVC KRONA|OUTROS|SET26
00 - TUBOS PVC KRONA;NORDESTE 3;NORDESTE;OUTROS;2026-10-01;556,16;NORDESTE 3|00 - TUBOS PVC KRONA|OUTROS|OUT26
00 - TUBOS PVC KRONA;NORDESTE 3;NORDESTE;OUTROS;2026-11-01;513,55;NORDESTE 3|00 - TUBOS PVC KRONA|OUTROS|NOV26
00 - TUBOS PVC KRONA;NORDESTE 3;NORDESTE;OUTROS;2026-12-01;416,43;NORDESTE 3|00 - TUBOS PVC KRONA|OUTROS|DEZ26
00 - TUBOS PVC KRONA;NORDESTE 3;NORDESTE;VAREJO;2026-01-01;151386,67;NORDESTE 3|00 - TUBOS PVC KRONA|VAREJO|JAN26
00 - TUBOS PVC KRONA;NORDESTE 3;NORDESTE;VAREJO;2026-02-01;277218,68;NORDESTE 3|00 - TUBOS PVC KRONA|VAREJO|FEV26
00 - TUBOS PVC KRONA;NORDESTE 3;NORDESTE;VAREJO;2026-03-01;442265,69;NORDESTE 3|00 - TUBOS PVC KRONA|VAREJO|MAR26
00 - TUBOS PVC KRONA;NORDESTE 3;NORDESTE;VAREJO;2026-04-01;471950,49;NORDESTE 3|00 - TUBOS PVC KRONA|VAREJO|ABR26
00 - TUBOS PVC KRONA;NORDESTE 3;NORDESTE;VAREJO;2026-05-01;409907,16;NORDESTE 3|00 - TUBOS PVC KRONA|VAREJO|MAI26
00 - TUBOS PVC KRONA;NORDESTE 3;NORDESTE;VAREJO;2026-06-01;223811,16;NORDESTE 3|00 - TUBOS PVC KRONA|VAREJO|JUN26
00 - TUBOS PVC KRONA;NORDESTE 3;NORDESTE;VAREJO;2026-07-01;265022,20;NORDESTE 3|00 - TUBOS PVC KRONA|VAREJO|JUL26
00 - TUBOS PVC KRONA;NORDESTE 3;NORDESTE;VAREJO;2026-08-01;548136,34;NORDESTE 3|00 - TUBOS PVC KRONA|VAREJO|AGO26
00 - TUBOS PVC KRONA;NORDESTE 3;NORDESTE;VAREJO;2026-09-01;323729,86;NORDESTE 3|00 - TUBOS PVC KRONA|VAREJO|SET26
00 - TUBOS PVC KRONA;NORDESTE 3;NORDESTE;VAREJO;2026-10-01;403457,33;NORDESTE 3|00 - TUBOS PVC KRONA|VAREJO|OUT26
00 - TUBOS PVC KRONA;NORDESTE 3;NORDESTE;VAREJO;2026-11-01;372550,40;NORDESTE 3|00 - TUBOS PVC KRONA|VAREJO|NOV26
00 - TUBOS PVC KRONA;NORDESTE 3;NORDESTE;VAREJO;2026-12-01;302095,71;NORDESTE 3|00 - TUBOS PVC KRONA|VAREJO|DEZ26
00 - TUBOS PVC KRONA;NORTE;CO NO;ATACADO;2026-01-01;168278,57;NORTE|00 - TUBOS PVC KRONA|ATACADO|JAN26
00 - TUBOS PVC KRONA;NORTE;CO NO;ATACADO;2026-02-01;334295,33;NORTE|00 - TUBOS PVC KRONA|ATACADO|FEV26
00 - TUBOS PVC KRONA;NORTE;CO NO;ATACADO;2026-03-01;255581,97;NORTE|00 - TUBOS PVC KRONA|ATACADO|MAR26
00 - TUBOS PVC KRONA;NORTE;CO NO;ATACADO;2026-04-01;284872,83;NORTE|00 - TUBOS PVC KRONA|ATACADO|ABR26
00 - TUBOS PVC KRONA;NORTE;CO NO;ATACADO;2026-05-01;89471,91;NORTE|00 - TUBOS PVC KRONA|ATACADO|MAI26
00 - TUBOS PVC KRONA;NORTE;CO NO;ATACADO;2026-06-01;186056,10;NORTE|00 - TUBOS PVC KRONA|ATACADO|JUN26
00 - TUBOS PVC KRONA;NORTE;CO NO;ATACADO;2026-07-01;73285,64;NORTE|00 - TUBOS PVC KRONA|ATACADO|JUL26
00 - TUBOS PVC KRONA;NORTE;CO NO;ATACADO;2026-08-01;79328,29;NORTE|00 - TUBOS PVC KRONA|ATACADO|AGO26
00 - TUBOS PVC KRONA;NORTE;CO NO;ATACADO;2026-09-01;218142,96;NORTE|00 - TUBOS PVC KRONA|ATACADO|SET26
00 - TUBOS PVC KRONA;NORTE;CO NO;ATACADO;2026-10-01;198324,78;NORTE|00 - TUBOS PVC KRONA|ATACADO|OUT26
00 - TUBOS PVC KRONA;NORTE;CO NO;ATACADO;2026-11-01;223453,13;NORTE|00 - TUBOS PVC KRONA|ATACADO|NOV26
00 - TUBOS PVC KRONA;NORTE;CO NO;ATACADO;2026-12-01;139772,74;NORTE|00 - TUBOS PVC KRONA|ATACADO|DEZ26
00 - TUBOS PVC KRONA;NORTE;CO NO;VAREJO;2026-01-01;71656,33;NORTE|00 - TUBOS PVC KRONA|VAREJO|JAN26
00 - TUBOS PVC KRONA;NORTE;CO NO;VAREJO;2026-02-01;156470,24;NORTE|00 - TUBOS PVC KRONA|VAREJO|FEV26
00 - TUBOS PVC KRONA;NORTE;CO NO;VAREJO;2026-03-01;197037,73;NORTE|00 - TUBOS PVC KRONA|VAREJO|MAR26
00 - TUBOS PVC KRONA;NORTE;CO NO;VAREJO;2026-04-01;244865,25;NORTE|00 - TUBOS PVC KRONA|VAREJO|ABR26
00 - TUBOS PVC KRONA;NORTE;CO NO;VAREJO;2026-05-01;298676,58;NORTE|00 - TUBOS PVC KRONA|VAREJO|MAI26
00 - TUBOS PVC KRONA;NORTE;CO NO;VAREJO;2026-06-01;131873,73;NORTE|00 - TUBOS PVC KRONA|VAREJO|JUN26
00 - TUBOS PVC KRONA;NORTE;CO NO;VAREJO;2026-07-01;164044,93;NORTE|00 - TUBOS PVC KRONA|VAREJO|JUL26
00 - TUBOS PVC KRONA;NORTE;CO NO;VAREJO;2026-08-01;168311,84;NORTE|00 - TUBOS PVC KRONA|VAREJO|AGO26
00 - TUBOS PVC KRONA;NORTE;CO NO;VAREJO;2026-09-01;178733,04;NORTE|00 - TUBOS PVC KRONA|VAREJO|SET26
00 - TUBOS PVC KRONA;NORTE;CO NO;VAREJO;2026-10-01;162495,22;NORTE|00 - TUBOS PVC KRONA|VAREJO|OUT26
00 - TUBOS PVC KRONA;NORTE;CO NO;VAREJO;2026-11-01;183083,87;NORTE|00 - TUBOS PVC KRONA|VAREJO|NOV26
00 - TUBOS PVC KRONA;NORTE;CO NO;VAREJO;2026-12-01;114521,26;NORTE|00 - TUBOS PVC KRONA|VAREJO|DEZ26
00 - TUBOS PVC KRONA;PARANA;SUL;ATACADO;2026-01-01;8600,51;PARANA|00 - TUBOS PVC KRONA|ATACADO|JAN26
00 - TUBOS PVC KRONA;PARANA;SUL;ATACADO;2026-02-01;23857,56;PARANA|00 - TUBOS PVC KRONA|ATACADO|FEV26
00 - TUBOS PVC KRONA;PARANA;SUL;ATACADO;2026-03-01;63529,40;PARANA|00 - TUBOS PVC KRONA|ATACADO|MAR26
00 - TUBOS PVC KRONA;PARANA;SUL;ATACADO;2026-04-01;54522,08;PARANA|00 - TUBOS PVC KRONA|ATACADO|ABR26
00 - TUBOS PVC KRONA;PARANA;SUL;ATACADO;2026-05-01;14260,77;PARANA|00 - TUBOS PVC KRONA|ATACADO|MAI26
00 - TUBOS PVC KRONA;PARANA;SUL;ATACADO;2026-06-01;6806,48;PARANA|00 - TUBOS PVC KRONA|ATACADO|JUN26
00 - TUBOS PVC KRONA;PARANA;SUL;ATACADO;2026-07-01;40473,39;PARANA|00 - TUBOS PVC KRONA|ATACADO|JUL26
00 - TUBOS PVC KRONA;PARANA;SUL;ATACADO;2026-08-01;19585,66;PARANA|00 - TUBOS PVC KRONA|ATACADO|AGO26
00 - TUBOS PVC KRONA;PARANA;SUL;ATACADO;2026-09-01;30373,57;PARANA|00 - TUBOS PVC KRONA|ATACADO|SET26
00 - TUBOS PVC KRONA;PARANA;SUL;ATACADO;2026-10-01;29430,39;PARANA|00 - TUBOS PVC KRONA|ATACADO|OUT26
00 - TUBOS PVC KRONA;PARANA;SUL;ATACADO;2026-11-01;32630,27;PARANA|00 - TUBOS PVC KRONA|ATACADO|NOV26
00 - TUBOS PVC KRONA;PARANA;SUL;ATACADO;2026-12-01;25263,83;PARANA|00 - TUBOS PVC KRONA|ATACADO|DEZ26
00 - TUBOS PVC KRONA;PARANA;SUL;IRRIGACAO;2026-03-01;9,38;PARANA|00 - TUBOS PVC KRONA|IRRIGACAO|MAR26
00 - TUBOS PVC KRONA;PARANA;SUL;IRRIGACAO;2026-04-01;13,22;PARANA|00 - TUBOS PVC KRONA|IRRIGACAO|ABR26
00 - TUBOS PVC KRONA;PARANA;SUL;IRRIGACAO;2026-09-01;13,29;PARANA|00 - TUBOS PVC KRONA|IRRIGACAO|SET26
00 - TUBOS PVC KRONA;PARANA;SUL;IRRIGACAO;2026-10-01;12,87;PARANA|00 - TUBOS PVC KRONA|IRRIGACAO|OUT26
00 - TUBOS PVC KRONA;PARANA;SUL;IRRIGACAO;2026-11-01;14,27;PARANA|00 - TUBOS PVC KRONA|IRRIGACAO|NOV26
00 - TUBOS PVC KRONA;PARANA;SUL;IRRIGACAO;2026-12-01;11,05;PARANA|00 - TUBOS PVC KRONA|IRRIGACAO|DEZ26
00 - TUBOS PVC KRONA;PARANA;SUL;OUTROS;2026-01-01;357,69;PARANA|00 - TUBOS PVC KRONA|OUTROS|JAN26
00 - TUBOS PVC KRONA;PARANA;SUL;OUTROS;2026-02-01;495,13;PARANA|00 - TUBOS PVC KRONA|OUTROS|FEV26
00 - TUBOS PVC KRONA;PARANA;SUL;OUTROS;2026-03-01;405,86;PARANA|00 - TUBOS PVC KRONA|OUTROS|MAR26
00 - TUBOS PVC KRONA;PARANA;SUL;OUTROS;2026-04-01;1577,47;PARANA|00 - TUBOS PVC KRONA|OUTROS|ABR26
00 - TUBOS PVC KRONA;PARANA;SUL;OUTROS;2026-05-01;1075,54;PARANA|00 - TUBOS PVC KRONA|OUTROS|MAI26
00 - TUBOS PVC KRONA;PARANA;SUL;OUTROS;2026-06-01;183,05;PARANA|00 - TUBOS PVC KRONA|OUTROS|JUN26
00 - TUBOS PVC KRONA;PARANA;SUL;OUTROS;2026-07-01;1600,35;PARANA|00 - TUBOS PVC KRONA|OUTROS|JUL26
00 - TUBOS PVC KRONA;PARANA;SUL;OUTROS;2026-08-01;1314,06;PARANA|00 - TUBOS PVC KRONA|OUTROS|AGO26
00 - TUBOS PVC KRONA;PARANA;SUL;OUTROS;2026-09-01;794,52;PARANA|00 - TUBOS PVC KRONA|OUTROS|SET26
00 - TUBOS PVC KRONA;PARANA;SUL;OUTROS;2026-10-01;769,85;PARANA|00 - TUBOS PVC KRONA|OUTROS|OUT26
00 - TUBOS PVC KRONA;PARANA;SUL;OUTROS;2026-11-01;853,55;PARANA|00 - TUBOS PVC KRONA|OUTROS|NOV26
00 - TUBOS PVC KRONA;PARANA;SUL;OUTROS;2026-12-01;660,86;PARANA|00 - TUBOS PVC KRONA|OUTROS|DEZ26
00 - TUBOS PVC KRONA;PARANA;SUL;VAREJO;2026-01-01;92773,38;PARANA|00 - TUBOS PVC KRONA|VAREJO|JAN26
00 - TUBOS PVC KRONA;PARANA;SUL;VAREJO;2026-02-01;163572,99;PARANA|00 - TUBOS PVC KRONA|VAREJO|FEV26
00 - TUBOS PVC KRONA;PARANA;SUL;VAREJO;2026-03-01;230937,06;PARANA|00 - TUBOS PVC KRONA|VAREJO|MAR26
00 - TUBOS PVC KRONA;PARANA;SUL;VAREJO;2026-04-01;183324,32;PARANA|00 - TUBOS PVC KRONA|VAREJO|ABR26
00 - TUBOS PVC KRONA;PARANA;SUL;VAREJO;2026-05-01;185323,21;PARANA|00 - TUBOS PVC KRONA|VAREJO|MAI26
00 - TUBOS PVC KRONA;PARANA;SUL;VAREJO;2026-06-01;71848,68;PARANA|00 - TUBOS PVC KRONA|VAREJO|JUN26
00 - TUBOS PVC KRONA;PARANA;SUL;VAREJO;2026-07-01;82876,51;PARANA|00 - TUBOS PVC KRONA|VAREJO|JUL26
00 - TUBOS PVC KRONA;PARANA;SUL;VAREJO;2026-08-01;159549,75;PARANA|00 - TUBOS PVC KRONA|VAREJO|AGO26
00 - TUBOS PVC KRONA;PARANA;SUL;VAREJO;2026-09-01;154986,63;PARANA|00 - TUBOS PVC KRONA|VAREJO|SET26
00 - TUBOS PVC KRONA;PARANA;SUL;VAREJO;2026-10-01;150173,89;PARANA|00 - TUBOS PVC KRONA|VAREJO|OUT26
00 - TUBOS PVC KRONA;PARANA;SUL;VAREJO;2026-11-01;166501,90;PARANA|00 - TUBOS PVC KRONA|VAREJO|NOV26
00 - TUBOS PVC KRONA;PARANA;SUL;VAREJO;2026-12-01;128913,26;PARANA|00 - TUBOS PVC KRONA|VAREJO|DEZ26
00 - TUBOS PVC KRONA;RIO GRANDE DO SUL;SUL;ATACADO;2026-01-01;4026,18;RIO GRANDE DO SUL|00 - TUBOS PVC KRONA|ATACADO|JAN26
00 - TUBOS PVC KRONA;RIO GRANDE DO SUL;SUL;ATACADO;2026-02-01;171256,59;RIO GRANDE DO SUL|00 - TUBOS PVC KRONA|ATACADO|FEV26
00 - TUBOS PVC KRONA;RIO GRANDE DO SUL;SUL;ATACADO;2026-03-01;315303,06;RIO GRANDE DO SUL|00 - TUBOS PVC KRONA|ATACADO|MAR26
00 - TUBOS PVC KRONA;RIO GRANDE DO SUL;SUL;ATACADO;2026-04-01;475353,31;RIO GRANDE DO SUL|00 - TUBOS PVC KRONA|ATACADO|ABR26
00 - TUBOS PVC KRONA;RIO GRANDE DO SUL;SUL;ATACADO;2026-05-01;30236,22;RIO GRANDE DO SUL|00 - TUBOS PVC KRONA|ATACADO|MAI26
00 - TUBOS PVC KRONA;RIO GRANDE DO SUL;SUL;ATACADO;2026-06-01;33103,82;RIO GRANDE DO SUL|00 - TUBOS PVC KRONA|ATACADO|JUN26
00 - TUBOS PVC KRONA;RIO GRANDE DO SUL;SUL;ATACADO;2026-07-01;74320,26;RIO GRANDE DO SUL|00 - TUBOS PVC KRONA|ATACADO|JUL26
00 - TUBOS PVC KRONA;RIO GRANDE DO SUL;SUL;ATACADO;2026-08-01;59558,15;RIO GRANDE DO SUL|00 - TUBOS PVC KRONA|ATACADO|AGO26
00 - TUBOS PVC KRONA;RIO GRANDE DO SUL;SUL;ATACADO;2026-09-01;165455,88;RIO GRANDE DO SUL|00 - TUBOS PVC KRONA|ATACADO|SET26
00 - TUBOS PVC KRONA;RIO GRANDE DO SUL;SUL;ATACADO;2026-10-01;165455,88;RIO GRANDE DO SUL|00 - TUBOS PVC KRONA|ATACADO|OUT26
00 - TUBOS PVC KRONA;RIO GRANDE DO SUL;SUL;ATACADO;2026-11-01;151568,20;RIO GRANDE DO SUL|00 - TUBOS PVC KRONA|ATACADO|NOV26
00 - TUBOS PVC KRONA;RIO GRANDE DO SUL;SUL;ATACADO;2026-12-01;113223,31;RIO GRANDE DO SUL|00 - TUBOS PVC KRONA|ATACADO|DEZ26
00 - TUBOS PVC KRONA;RIO GRANDE DO SUL;SUL;OUTROS;2026-01-01;1374,00;RIO GRANDE DO SUL|00 - TUBOS PVC KRONA|OUTROS|JAN26
00 - TUBOS PVC KRONA;RIO GRANDE DO SUL;SUL;OUTROS;2026-02-01;3077,77;RIO GRANDE DO SUL|00 - TUBOS PVC KRONA|OUTROS|FEV26
00 - TUBOS PVC KRONA;RIO GRANDE DO SUL;SUL;OUTROS;2026-03-01;8235,60;RIO GRANDE DO SUL|00 - TUBOS PVC KRONA|OUTROS|MAR26
00 - TUBOS PVC KRONA;RIO GRANDE DO SUL;SUL;OUTROS;2026-04-01;7461,04;RIO GRANDE DO SUL|00 - TUBOS PVC KRONA|OUTROS|ABR26
00 - TUBOS PVC KRONA;RIO GRANDE DO SUL;SUL;OUTROS;2026-05-01;3184,33;RIO GRANDE DO SUL|00 - TUBOS PVC KRONA|OUTROS|MAI26
00 - TUBOS PVC KRONA;RIO GRANDE DO SUL;SUL;OUTROS;2026-06-01;1404,59;RIO GRANDE DO SUL|00 - TUBOS PVC KRONA|OUTROS|JUN26
00 - TUBOS PVC KRONA;RIO GRANDE DO SUL;SUL;OUTROS;2026-07-01;2245,97;RIO GRANDE DO SUL|00 - TUBOS PVC KRONA|OUTROS|JUL26
00 - TUBOS PVC KRONA;RIO GRANDE DO SUL;SUL;OUTROS;2026-08-01;1960,99;RIO GRANDE DO SUL|00 - TUBOS PVC KRONA|OUTROS|AGO26
00 - TUBOS PVC KRONA;RIO GRANDE DO SUL;SUL;OUTROS;2026-09-01;4008,58;RIO GRANDE DO SUL|00 - TUBOS PVC KRONA|OUTROS|SET26
00 - TUBOS PVC KRONA;RIO GRANDE DO SUL;SUL;OUTROS;2026-10-01;4008,58;RIO GRANDE DO SUL|00 - TUBOS PVC KRONA|OUTROS|OUT26
00 - TUBOS PVC KRONA;RIO GRANDE DO SUL;SUL;OUTROS;2026-11-01;3672,12;RIO GRANDE DO SUL|00 - TUBOS PVC KRONA|OUTROS|NOV26
00 - TUBOS PVC KRONA;RIO GRANDE DO SUL;SUL;OUTROS;2026-12-01;2743,12;RIO GRANDE DO SUL|00 - TUBOS PVC KRONA|OUTROS|DEZ26
00 - TUBOS PVC KRONA;RIO GRANDE DO SUL;SUL;VAREJO;2026-01-01;79248,13;RIO GRANDE DO SUL|00 - TUBOS PVC KRONA|VAREJO|JAN26
00 - TUBOS PVC KRONA;RIO GRANDE DO SUL;SUL;VAREJO;2026-02-01;129640,99;RIO GRANDE DO SUL|00 - TUBOS PVC KRONA|VAREJO|FEV26
00 - TUBOS PVC KRONA;RIO GRANDE DO SUL;SUL;VAREJO;2026-03-01;201351,26;RIO GRANDE DO SUL|00 - TUBOS PVC KRONA|VAREJO|MAR26
00 - TUBOS PVC KRONA;RIO GRANDE DO SUL;SUL;VAREJO;2026-04-01;202101,34;RIO GRANDE DO SUL|00 - TUBOS PVC KRONA|VAREJO|ABR26
00 - TUBOS PVC KRONA;RIO GRANDE DO SUL;SUL;VAREJO;2026-05-01;202997,03;RIO GRANDE DO SUL|00 - TUBOS PVC KRONA|VAREJO|MAI26
00 - TUBOS PVC KRONA;RIO GRANDE DO SUL;SUL;VAREJO;2026-06-01;82577,96;RIO GRANDE DO SUL|00 - TUBOS PVC KRONA|VAREJO|JUN26
00 - TUBOS PVC KRONA;RIO GRANDE DO SUL;SUL;VAREJO;2026-07-01;59731,36;RIO GRANDE DO SUL|00 - TUBOS PVC KRONA|VAREJO|JUL26
00 - TUBOS PVC KRONA;RIO GRANDE DO SUL;SUL;VAREJO;2026-08-01;117708,88;RIO GRANDE DO SUL|00 - TUBOS PVC KRONA|VAREJO|AGO26
00 - TUBOS PVC KRONA;RIO GRANDE DO SUL;SUL;VAREJO;2026-09-01;150535,54;RIO GRANDE DO SUL|00 - TUBOS PVC KRONA|VAREJO|SET26
00 - TUBOS PVC KRONA;RIO GRANDE DO SUL;SUL;VAREJO;2026-10-01;150535,54;RIO GRANDE DO SUL|00 - TUBOS PVC KRONA|VAREJO|OUT26
00 - TUBOS PVC KRONA;RIO GRANDE DO SUL;SUL;VAREJO;2026-11-01;137900,20;RIO GRANDE DO SUL|00 - TUBOS PVC KRONA|VAREJO|NOV26
00 - TUBOS PVC KRONA;RIO GRANDE DO SUL;SUL;VAREJO;2026-12-01;103013,15;RIO GRANDE DO SUL|00 - TUBOS PVC KRONA|VAREJO|DEZ26
00 - TUBOS PVC KRONA;RJ/ES;MINAS RJ/ES;ATACADO;2026-01-01;63057,28;RJ/ES|00 - TUBOS PVC KRONA|ATACADO|JAN26
00 - TUBOS PVC KRONA;RJ/ES;MINAS RJ/ES;ATACADO;2026-02-01;265208,14;RJ/ES|00 - TUBOS PVC KRONA|ATACADO|FEV26
00 - TUBOS PVC KRONA;RJ/ES;MINAS RJ/ES;ATACADO;2026-03-01;417738,07;RJ/ES|00 - TUBOS PVC KRONA|ATACADO|MAR26
00 - TUBOS PVC KRONA;RJ/ES;MINAS RJ/ES;ATACADO;2026-04-01;436550,03;RJ/ES|00 - TUBOS PVC KRONA|ATACADO|ABR26
00 - TUBOS PVC KRONA;RJ/ES;MINAS RJ/ES;ATACADO;2026-05-01;5810,94;RJ/ES|00 - TUBOS PVC KRONA|ATACADO|MAI26
00 - TUBOS PVC KRONA;RJ/ES;MINAS RJ/ES;ATACADO;2026-06-01;121657,26;RJ/ES|00 - TUBOS PVC KRONA|ATACADO|JUN26
00 - TUBOS PVC KRONA;RJ/ES;MINAS RJ/ES;ATACADO;2026-07-01;152238,79;RJ/ES|00 - TUBOS PVC KRONA|ATACADO|JUL26
00 - TUBOS PVC KRONA;RJ/ES;MINAS RJ/ES;ATACADO;2026-08-01;198757,25;RJ/ES|00 - TUBOS PVC KRONA|ATACADO|AGO26
00 - TUBOS PVC KRONA;RJ/ES;MINAS RJ/ES;ATACADO;2026-09-01;205146,61;RJ/ES|00 - TUBOS PVC KRONA|ATACADO|SET26
00 - TUBOS PVC KRONA;RJ/ES;MINAS RJ/ES;ATACADO;2026-10-01;202877,69;RJ/ES|00 - TUBOS PVC KRONA|ATACADO|OUT26
00 - TUBOS PVC KRONA;RJ/ES;MINAS RJ/ES;ATACADO;2026-11-01;202877,69;RJ/ES|00 - TUBOS PVC KRONA|ATACADO|NOV26
00 - TUBOS PVC KRONA;RJ/ES;MINAS RJ/ES;ATACADO;2026-12-01;202877,69;RJ/ES|00 - TUBOS PVC KRONA|ATACADO|DEZ26
00 - TUBOS PVC KRONA;RJ/ES;MINAS RJ/ES;OUTROS;2026-01-01;221,27;RJ/ES|00 - TUBOS PVC KRONA|OUTROS|JAN26
00 - TUBOS PVC KRONA;RJ/ES;MINAS RJ/ES;OUTROS;2026-02-01;5721,18;RJ/ES|00 - TUBOS PVC KRONA|OUTROS|FEV26
00 - TUBOS PVC KRONA;RJ/ES;MINAS RJ/ES;OUTROS;2026-03-01;9022,31;RJ/ES|00 - TUBOS PVC KRONA|OUTROS|MAR26
00 - TUBOS PVC KRONA;RJ/ES;MINAS RJ/ES;OUTROS;2026-04-01;2151,72;RJ/ES|00 - TUBOS PVC KRONA|OUTROS|ABR26
00 - TUBOS PVC KRONA;RJ/ES;MINAS RJ/ES;OUTROS;2026-05-01;3859,96;RJ/ES|00 - TUBOS PVC KRONA|OUTROS|MAI26
00 - TUBOS PVC KRONA;RJ/ES;MINAS RJ/ES;OUTROS;2026-07-01;5714,82;RJ/ES|00 - TUBOS PVC KRONA|OUTROS|JUL26
00 - TUBOS PVC KRONA;RJ/ES;MINAS RJ/ES;OUTROS;2026-08-01;3491,38;RJ/ES|00 - TUBOS PVC KRONA|OUTROS|AGO26
00 - TUBOS PVC KRONA;RJ/ES;MINAS RJ/ES;OUTROS;2026-09-01;3197,62;RJ/ES|00 - TUBOS PVC KRONA|OUTROS|SET26
00 - TUBOS PVC KRONA;RJ/ES;MINAS RJ/ES;OUTROS;2026-10-01;3162,26;RJ/ES|00 - TUBOS PVC KRONA|OUTROS|OUT26
00 - TUBOS PVC KRONA;RJ/ES;MINAS RJ/ES;OUTROS;2026-11-01;3162,26;RJ/ES|00 - TUBOS PVC KRONA|OUTROS|NOV26
00 - TUBOS PVC KRONA;RJ/ES;MINAS RJ/ES;OUTROS;2026-12-01;3162,26;RJ/ES|00 - TUBOS PVC KRONA|OUTROS|DEZ26
00 - TUBOS PVC KRONA;RJ/ES;MINAS RJ/ES;VAREJO;2026-01-01;27741,33;RJ/ES|00 - TUBOS PVC KRONA|VAREJO|JAN26
00 - TUBOS PVC KRONA;RJ/ES;MINAS RJ/ES;VAREJO;2026-02-01;112316,87;RJ/ES|00 - TUBOS PVC KRONA|VAREJO|FEV26
00 - TUBOS PVC KRONA;RJ/ES;MINAS RJ/ES;VAREJO;2026-03-01;110899,28;RJ/ES|00 - TUBOS PVC KRONA|VAREJO|MAR26
00 - TUBOS PVC KRONA;RJ/ES;MINAS RJ/ES;VAREJO;2026-04-01;147672,76;RJ/ES|00 - TUBOS PVC KRONA|VAREJO|ABR26
00 - TUBOS PVC KRONA;RJ/ES;MINAS RJ/ES;VAREJO;2026-05-01;129373,19;RJ/ES|00 - TUBOS PVC KRONA|VAREJO|MAI26
00 - TUBOS PVC KRONA;RJ/ES;MINAS RJ/ES;VAREJO;2026-06-01;22982,67;RJ/ES|00 - TUBOS PVC KRONA|VAREJO|JUN26
00 - TUBOS PVC KRONA;RJ/ES;MINAS RJ/ES;VAREJO;2026-07-01;114143,29;RJ/ES|00 - TUBOS PVC KRONA|VAREJO|JUL26
00 - TUBOS PVC KRONA;RJ/ES;MINAS RJ/ES;VAREJO;2026-08-01;48326,60;RJ/ES|00 - TUBOS PVC KRONA|VAREJO|AGO26
00 - TUBOS PVC KRONA;RJ/ES;MINAS RJ/ES;VAREJO;2026-09-01;91655,76;RJ/ES|00 - TUBOS PVC KRONA|VAREJO|SET26
00 - TUBOS PVC KRONA;RJ/ES;MINAS RJ/ES;VAREJO;2026-10-01;90642,05;RJ/ES|00 - TUBOS PVC KRONA|VAREJO|OUT26
00 - TUBOS PVC KRONA;RJ/ES;MINAS RJ/ES;VAREJO;2026-11-01;90642,05;RJ/ES|00 - TUBOS PVC KRONA|VAREJO|NOV26
00 - TUBOS PVC KRONA;RJ/ES;MINAS RJ/ES;VAREJO;2026-12-01;90642,05;RJ/ES|00 - TUBOS PVC KRONA|VAREJO|DEZ26
00 - TUBOS PVC KRONA;SANTA CATARINA 01;SUL;ATACADO;2026-01-01;7667,66;SANTA CATARINA 01|00 - TUBOS PVC KRONA|ATACADO|JAN26
00 - TUBOS PVC KRONA;SANTA CATARINA 01;SUL;ATACADO;2026-02-01;70652,32;SANTA CATARINA 01|00 - TUBOS PVC KRONA|ATACADO|FEV26
00 - TUBOS PVC KRONA;SANTA CATARINA 01;SUL;ATACADO;2026-03-01;71444,81;SANTA CATARINA 01|00 - TUBOS PVC KRONA|ATACADO|MAR26
00 - TUBOS PVC KRONA;SANTA CATARINA 01;SUL;ATACADO;2026-04-01;63236,65;SANTA CATARINA 01|00 - TUBOS PVC KRONA|ATACADO|ABR26
00 - TUBOS PVC KRONA;SANTA CATARINA 01;SUL;ATACADO;2026-05-01;10475,11;SANTA CATARINA 01|00 - TUBOS PVC KRONA|ATACADO|MAI26
00 - TUBOS PVC KRONA;SANTA CATARINA 01;SUL;ATACADO;2026-06-01;23613,23;SANTA CATARINA 01|00 - TUBOS PVC KRONA|ATACADO|JUN26
00 - TUBOS PVC KRONA;SANTA CATARINA 01;SUL;ATACADO;2026-07-01;13275,35;SANTA CATARINA 01|00 - TUBOS PVC KRONA|ATACADO|JUL26
00 - TUBOS PVC KRONA;SANTA CATARINA 01;SUL;ATACADO;2026-08-01;26960,38;SANTA CATARINA 01|00 - TUBOS PVC KRONA|ATACADO|AGO26
00 - TUBOS PVC KRONA;SANTA CATARINA 01;SUL;ATACADO;2026-09-01;35166,38;SANTA CATARINA 01|00 - TUBOS PVC KRONA|ATACADO|SET26
00 - TUBOS PVC KRONA;SANTA CATARINA 01;SUL;ATACADO;2026-10-01;40282,58;SANTA CATARINA 01|00 - TUBOS PVC KRONA|ATACADO|OUT26
00 - TUBOS PVC KRONA;SANTA CATARINA 01;SUL;ATACADO;2026-11-01;41129,84;SANTA CATARINA 01|00 - TUBOS PVC KRONA|ATACADO|NOV26
00 - TUBOS PVC KRONA;SANTA CATARINA 01;SUL;ATACADO;2026-12-01;41334,35;SANTA CATARINA 01|00 - TUBOS PVC KRONA|ATACADO|DEZ26
00 - TUBOS PVC KRONA;SANTA CATARINA 01;SUL;OUTROS;2026-01-01;1341,93;SANTA CATARINA 01|00 - TUBOS PVC KRONA|OUTROS|JAN26
00 - TUBOS PVC KRONA;SANTA CATARINA 01;SUL;OUTROS;2026-02-01;1368,93;SANTA CATARINA 01|00 - TUBOS PVC KRONA|OUTROS|FEV26
00 - TUBOS PVC KRONA;SANTA CATARINA 01;SUL;OUTROS;2026-03-01;2076,74;SANTA CATARINA 01|00 - TUBOS PVC KRONA|OUTROS|MAR26
00 - TUBOS PVC KRONA;SANTA CATARINA 01;SUL;OUTROS;2026-04-01;999,14;SANTA CATARINA 01|00 - TUBOS PVC KRONA|OUTROS|ABR26
00 - TUBOS PVC KRONA;SANTA CATARINA 01;SUL;OUTROS;2026-05-01;1384,46;SANTA CATARINA 01|00 - TUBOS PVC KRONA|OUTROS|MAI26
00 - TUBOS PVC KRONA;SANTA CATARINA 01;SUL;OUTROS;2026-06-01;312,04;SANTA CATARINA 01|00 - TUBOS PVC KRONA|OUTROS|JUN26
00 - TUBOS PVC KRONA;SANTA CATARINA 01;SUL;OUTROS;2026-07-01;59,30;SANTA CATARINA 01|00 - TUBOS PVC KRONA|OUTROS|JUL26
00 - TUBOS PVC KRONA;SANTA CATARINA 01;SUL;OUTROS;2026-08-01;88,78;SANTA CATARINA 01|00 - TUBOS PVC KRONA|OUTROS|AGO26
00 - TUBOS PVC KRONA;SANTA CATARINA 01;SUL;OUTROS;2026-09-01;760,26;SANTA CATARINA 01|00 - TUBOS PVC KRONA|OUTROS|SET26
00 - TUBOS PVC KRONA;SANTA CATARINA 01;SUL;OUTROS;2026-10-01;870,87;SANTA CATARINA 01|00 - TUBOS PVC KRONA|OUTROS|OUT26
00 - TUBOS PVC KRONA;SANTA CATARINA 01;SUL;OUTROS;2026-11-01;889,18;SANTA CATARINA 01|00 - TUBOS PVC KRONA|OUTROS|NOV26
00 - TUBOS PVC KRONA;SANTA CATARINA 01;SUL;OUTROS;2026-12-01;893,60;SANTA CATARINA 01|00 - TUBOS PVC KRONA|OUTROS|DEZ26
00 - TUBOS PVC KRONA;SANTA CATARINA 01;SUL;VAREJO;2026-01-01;62308,26;SANTA CATARINA 01|00 - TUBOS PVC KRONA|VAREJO|JAN26
00 - TUBOS PVC KRONA;SANTA CATARINA 01;SUL;VAREJO;2026-02-01;132509,82;SANTA CATARINA 01|00 - TUBOS PVC KRONA|VAREJO|FEV26
00 - TUBOS PVC KRONA;SANTA CATARINA 01;SUL;VAREJO;2026-03-01;139151,16;SANTA CATARINA 01|00 - TUBOS PVC KRONA|VAREJO|MAR26
00 - TUBOS PVC KRONA;SANTA CATARINA 01;SUL;VAREJO;2026-04-01;153496,12;SANTA CATARINA 01|00 - TUBOS PVC KRONA|VAREJO|ABR26
00 - TUBOS PVC KRONA;SANTA CATARINA 01;SUL;VAREJO;2026-05-01;210822,81;SANTA CATARINA 01|00 - TUBOS PVC KRONA|VAREJO|MAI26
00 - TUBOS PVC KRONA;SANTA CATARINA 01;SUL;VAREJO;2026-06-01;47627,69;SANTA CATARINA 01|00 - TUBOS PVC KRONA|VAREJO|JUN26
00 - TUBOS PVC KRONA;SANTA CATARINA 01;SUL;VAREJO;2026-07-01;49184,38;SANTA CATARINA 01|00 - TUBOS PVC KRONA|VAREJO|JUL26
00 - TUBOS PVC KRONA;SANTA CATARINA 01;SUL;VAREJO;2026-08-01;115932,79;SANTA CATARINA 01|00 - TUBOS PVC KRONA|VAREJO|AGO26
00 - TUBOS PVC KRONA;SANTA CATARINA 01;SUL;VAREJO;2026-09-01;104073,36;SANTA CATARINA 01|00 - TUBOS PVC KRONA|VAREJO|SET26
00 - TUBOS PVC KRONA;SANTA CATARINA 01;SUL;VAREJO;2026-10-01;119214,55;SANTA CATARINA 01|00 - TUBOS PVC KRONA|VAREJO|OUT26
00 - TUBOS PVC KRONA;SANTA CATARINA 01;SUL;VAREJO;2026-11-01;121721,98;SANTA CATARINA 01|00 - TUBOS PVC KRONA|VAREJO|NOV26
00 - TUBOS PVC KRONA;SANTA CATARINA 01;SUL;VAREJO;2026-12-01;122327,22;SANTA CATARINA 01|00 - TUBOS PVC KRONA|VAREJO|DEZ26
00 - TUBOS PVC KRONA;SANTA CATARINA 02;SUL;ATACADO;2026-01-01;31572,93;SANTA CATARINA 02|00 - TUBOS PVC KRONA|ATACADO|JAN26
00 - TUBOS PVC KRONA;SANTA CATARINA 02;SUL;ATACADO;2026-02-01;78828,34;SANTA CATARINA 02|00 - TUBOS PVC KRONA|ATACADO|FEV26
00 - TUBOS PVC KRONA;SANTA CATARINA 02;SUL;ATACADO;2026-03-01;103751,33;SANTA CATARINA 02|00 - TUBOS PVC KRONA|ATACADO|MAR26
00 - TUBOS PVC KRONA;SANTA CATARINA 02;SUL;ATACADO;2026-04-01;155858,01;SANTA CATARINA 02|00 - TUBOS PVC KRONA|ATACADO|ABR26
00 - TUBOS PVC KRONA;SANTA CATARINA 02;SUL;ATACADO;2026-05-01;55948,18;SANTA CATARINA 02|00 - TUBOS PVC KRONA|ATACADO|MAI26
00 - TUBOS PVC KRONA;SANTA CATARINA 02;SUL;ATACADO;2026-06-01;38677,71;SANTA CATARINA 02|00 - TUBOS PVC KRONA|ATACADO|JUN26
00 - TUBOS PVC KRONA;SANTA CATARINA 02;SUL;ATACADO;2026-07-01;37671,08;SANTA CATARINA 02|00 - TUBOS PVC KRONA|ATACADO|JUL26
00 - TUBOS PVC KRONA;SANTA CATARINA 02;SUL;ATACADO;2026-08-01;37591,16;SANTA CATARINA 02|00 - TUBOS PVC KRONA|ATACADO|AGO26
00 - TUBOS PVC KRONA;SANTA CATARINA 02;SUL;ATACADO;2026-09-01;59784,85;SANTA CATARINA 02|00 - TUBOS PVC KRONA|ATACADO|SET26
00 - TUBOS PVC KRONA;SANTA CATARINA 02;SUL;ATACADO;2026-10-01;54091,05;SANTA CATARINA 02|00 - TUBOS PVC KRONA|ATACADO|OUT26
00 - TUBOS PVC KRONA;SANTA CATARINA 02;SUL;ATACADO;2026-11-01;51244,15;SANTA CATARINA 02|00 - TUBOS PVC KRONA|ATACADO|NOV26
00 - TUBOS PVC KRONA;SANTA CATARINA 02;SUL;ATACADO;2026-12-01;39999,65;SANTA CATARINA 02|00 - TUBOS PVC KRONA|ATACADO|DEZ26
00 - TUBOS PVC KRONA;SANTA CATARINA 02;SUL;OUTROS;2026-01-01;3109,53;SANTA CATARINA 02|00 - TUBOS PVC KRONA|OUTROS|JAN26
00 - TUBOS PVC KRONA;SANTA CATARINA 02;SUL;OUTROS;2026-02-01;3247,23;SANTA CATARINA 02|00 - TUBOS PVC KRONA|OUTROS|FEV26
00 - TUBOS PVC KRONA;SANTA CATARINA 02;SUL;OUTROS;2026-03-01;9111,88;SANTA CATARINA 02|00 - TUBOS PVC KRONA|OUTROS|MAR26
00 - TUBOS PVC KRONA;SANTA CATARINA 02;SUL;OUTROS;2026-04-01;9207,07;SANTA CATARINA 02|00 - TUBOS PVC KRONA|OUTROS|ABR26
00 - TUBOS PVC KRONA;SANTA CATARINA 02;SUL;OUTROS;2026-05-01;15827,32;SANTA CATARINA 02|00 - TUBOS PVC KRONA|OUTROS|MAI26
00 - TUBOS PVC KRONA;SANTA CATARINA 02;SUL;OUTROS;2026-06-01;1184,70;SANTA CATARINA 02|00 - TUBOS PVC KRONA|OUTROS|JUN26
00 - TUBOS PVC KRONA;SANTA CATARINA 02;SUL;OUTROS;2026-07-01;1124,81;SANTA CATARINA 02|00 - TUBOS PVC KRONA|OUTROS|JUL26
00 - TUBOS PVC KRONA;SANTA CATARINA 02;SUL;OUTROS;2026-08-01;1698,61;SANTA CATARINA 02|00 - TUBOS PVC KRONA|OUTROS|AGO26
00 - TUBOS PVC KRONA;SANTA CATARINA 02;SUL;OUTROS;2026-09-01;4191,53;SANTA CATARINA 02|00 - TUBOS PVC KRONA|OUTROS|SET26
00 - TUBOS PVC KRONA;SANTA CATARINA 02;SUL;OUTROS;2026-10-01;3792,34;SANTA CATARINA 02|00 - TUBOS PVC KRONA|OUTROS|OUT26
00 - TUBOS PVC KRONA;SANTA CATARINA 02;SUL;OUTROS;2026-11-01;3592,74;SANTA CATARINA 02|00 - TUBOS PVC KRONA|OUTROS|NOV26
00 - TUBOS PVC KRONA;SANTA CATARINA 02;SUL;OUTROS;2026-12-01;2804,39;SANTA CATARINA 02|00 - TUBOS PVC KRONA|OUTROS|DEZ26
00 - TUBOS PVC KRONA;SANTA CATARINA 02;SUL;VAREJO;2026-01-01;104785,17;SANTA CATARINA 02|00 - TUBOS PVC KRONA|VAREJO|JAN26
00 - TUBOS PVC KRONA;SANTA CATARINA 02;SUL;VAREJO;2026-02-01;155043,77;SANTA CATARINA 02|00 - TUBOS PVC KRONA|VAREJO|FEV26
00 - TUBOS PVC KRONA;SANTA CATARINA 02;SUL;VAREJO;2026-03-01;214476,27;SANTA CATARINA 02|00 - TUBOS PVC KRONA|VAREJO|MAR26
00 - TUBOS PVC KRONA;SANTA CATARINA 02;SUL;VAREJO;2026-04-01;219796,86;SANTA CATARINA 02|00 - TUBOS PVC KRONA|VAREJO|ABR26
00 - TUBOS PVC KRONA;SANTA CATARINA 02;SUL;VAREJO;2026-05-01;261190,38;SANTA CATARINA 02|00 - TUBOS PVC KRONA|VAREJO|MAI26
00 - TUBOS PVC KRONA;SANTA CATARINA 02;SUL;VAREJO;2026-06-01;76300,10;SANTA CATARINA 02|00 - TUBOS PVC KRONA|VAREJO|JUN26
00 - TUBOS PVC KRONA;SANTA CATARINA 02;SUL;VAREJO;2026-07-01;82637,39;SANTA CATARINA 02|00 - TUBOS PVC KRONA|VAREJO|JUL26
00 - TUBOS PVC KRONA;SANTA CATARINA 02;SUL;VAREJO;2026-08-01;154747,15;SANTA CATARINA 02|00 - TUBOS PVC KRONA|VAREJO|AGO26
00 - TUBOS PVC KRONA;SANTA CATARINA 02;SUL;VAREJO;2026-09-01;146023,62;SANTA CATARINA 02|00 - TUBOS PVC KRONA|VAREJO|SET26
00 - TUBOS PVC KRONA;SANTA CATARINA 02;SUL;VAREJO;2026-10-01;132116,61;SANTA CATARINA 02|00 - TUBOS PVC KRONA|VAREJO|OUT26
00 - TUBOS PVC KRONA;SANTA CATARINA 02;SUL;VAREJO;2026-11-01;125163,11;SANTA CATARINA 02|00 - TUBOS PVC KRONA|VAREJO|NOV26
00 - TUBOS PVC KRONA;SANTA CATARINA 02;SUL;VAREJO;2026-12-01;97698,56;SANTA CATARINA 02|00 - TUBOS PVC KRONA|VAREJO|DEZ26
00 - TUBOS PVC KRONA;SAO PAULO CAPITAL;SP;ATACADO;2026-01-01;7107,59;SAO PAULO CAPITAL|00 - TUBOS PVC KRONA|ATACADO|JAN26
00 - TUBOS PVC KRONA;SAO PAULO CAPITAL;SP;ATACADO;2026-02-01;15825,03;SAO PAULO CAPITAL|00 - TUBOS PVC KRONA|ATACADO|FEV26
00 - TUBOS PVC KRONA;SAO PAULO CAPITAL;SP;ATACADO;2026-03-01;14030,72;SAO PAULO CAPITAL|00 - TUBOS PVC KRONA|ATACADO|MAR26
00 - TUBOS PVC KRONA;SAO PAULO CAPITAL;SP;ATACADO;2026-04-01;22796,96;SAO PAULO CAPITAL|00 - TUBOS PVC KRONA|ATACADO|ABR26
00 - TUBOS PVC KRONA;SAO PAULO CAPITAL;SP;ATACADO;2026-05-01;310,19;SAO PAULO CAPITAL|00 - TUBOS PVC KRONA|ATACADO|MAI26
00 - TUBOS PVC KRONA;SAO PAULO CAPITAL;SP;ATACADO;2026-06-01;20603,66;SAO PAULO CAPITAL|00 - TUBOS PVC KRONA|ATACADO|JUN26
00 - TUBOS PVC KRONA;SAO PAULO CAPITAL;SP;ATACADO;2026-07-01;2374,25;SAO PAULO CAPITAL|00 - TUBOS PVC KRONA|ATACADO|JUL26
00 - TUBOS PVC KRONA;SAO PAULO CAPITAL;SP;ATACADO;2026-08-01;12182,19;SAO PAULO CAPITAL|00 - TUBOS PVC KRONA|ATACADO|AGO26
00 - TUBOS PVC KRONA;SAO PAULO CAPITAL;SP;ATACADO;2026-09-01;14369,66;SAO PAULO CAPITAL|00 - TUBOS PVC KRONA|ATACADO|SET26
00 - TUBOS PVC KRONA;SAO PAULO CAPITAL;SP;ATACADO;2026-10-01;16084,48;SAO PAULO CAPITAL|00 - TUBOS PVC KRONA|ATACADO|OUT26
00 - TUBOS PVC KRONA;SAO PAULO CAPITAL;SP;ATACADO;2026-11-01;13007,45;SAO PAULO CAPITAL|00 - TUBOS PVC KRONA|ATACADO|NOV26
00 - TUBOS PVC KRONA;SAO PAULO CAPITAL;SP;ATACADO;2026-12-01;10940,17;SAO PAULO CAPITAL|00 - TUBOS PVC KRONA|ATACADO|DEZ26
00 - TUBOS PVC KRONA;SAO PAULO CAPITAL;SP;OUTROS;2026-01-01;99,10;SAO PAULO CAPITAL|00 - TUBOS PVC KRONA|OUTROS|JAN26
00 - TUBOS PVC KRONA;SAO PAULO CAPITAL;SP;OUTROS;2026-02-01;986,65;SAO PAULO CAPITAL|00 - TUBOS PVC KRONA|OUTROS|FEV26
00 - TUBOS PVC KRONA;SAO PAULO CAPITAL;SP;OUTROS;2026-03-01;453,29;SAO PAULO CAPITAL|00 - TUBOS PVC KRONA|OUTROS|MAR26
00 - TUBOS PVC KRONA;SAO PAULO CAPITAL;SP;OUTROS;2026-04-01;391,72;SAO PAULO CAPITAL|00 - TUBOS PVC KRONA|OUTROS|ABR26
00 - TUBOS PVC KRONA;SAO PAULO CAPITAL;SP;OUTROS;2026-05-01;282,53;SAO PAULO CAPITAL|00 - TUBOS PVC KRONA|OUTROS|MAI26
00 - TUBOS PVC KRONA;SAO PAULO CAPITAL;SP;OUTROS;2026-06-01;579,87;SAO PAULO CAPITAL|00 - TUBOS PVC KRONA|OUTROS|JUN26
00 - TUBOS PVC KRONA;SAO PAULO CAPITAL;SP;OUTROS;2026-08-01;493,83;SAO PAULO CAPITAL|00 - TUBOS PVC KRONA|OUTROS|AGO26
00 - TUBOS PVC KRONA;SAO PAULO CAPITAL;SP;OUTROS;2026-09-01;463,26;SAO PAULO CAPITAL|00 - TUBOS PVC KRONA|OUTROS|SET26
00 - TUBOS PVC KRONA;SAO PAULO CAPITAL;SP;OUTROS;2026-10-01;518,54;SAO PAULO CAPITAL|00 - TUBOS PVC KRONA|OUTROS|OUT26
00 - TUBOS PVC KRONA;SAO PAULO CAPITAL;SP;OUTROS;2026-11-01;419,34;SAO PAULO CAPITAL|00 - TUBOS PVC KRONA|OUTROS|NOV26
00 - TUBOS PVC KRONA;SAO PAULO CAPITAL;SP;OUTROS;2026-12-01;352,69;SAO PAULO CAPITAL|00 - TUBOS PVC KRONA|OUTROS|DEZ26
00 - TUBOS PVC KRONA;SAO PAULO CAPITAL;SP;VAREJO;2026-01-01;69333,45;SAO PAULO CAPITAL|00 - TUBOS PVC KRONA|VAREJO|JAN26
00 - TUBOS PVC KRONA;SAO PAULO CAPITAL;SP;VAREJO;2026-02-01;164890,21;SAO PAULO CAPITAL|00 - TUBOS PVC KRONA|VAREJO|FEV26
00 - TUBOS PVC KRONA;SAO PAULO CAPITAL;SP;VAREJO;2026-03-01;216201,85;SAO PAULO CAPITAL|00 - TUBOS PVC KRONA|VAREJO|MAR26
00 - TUBOS PVC KRONA;SAO PAULO CAPITAL;SP;VAREJO;2026-04-01;200126,42;SAO PAULO CAPITAL|00 - TUBOS PVC KRONA|VAREJO|ABR26
00 - TUBOS PVC KRONA;SAO PAULO CAPITAL;SP;VAREJO;2026-05-01;226793,33;SAO PAULO CAPITAL|00 - TUBOS PVC KRONA|VAREJO|MAI26
00 - TUBOS PVC KRONA;SAO PAULO CAPITAL;SP;VAREJO;2026-06-01;87721,21;SAO PAULO CAPITAL|00 - TUBOS PVC KRONA|VAREJO|JUN26
00 - TUBOS PVC KRONA;SAO PAULO CAPITAL;SP;VAREJO;2026-07-01;77999,66;SAO PAULO CAPITAL|00 - TUBOS PVC KRONA|VAREJO|JUL26
00 - TUBOS PVC KRONA;SAO PAULO CAPITAL;SP;VAREJO;2026-08-01;140731,22;SAO PAULO CAPITAL|00 - TUBOS PVC KRONA|VAREJO|AGO26
00 - TUBOS PVC KRONA;SAO PAULO CAPITAL;SP;VAREJO;2026-09-01;190646,08;SAO PAULO CAPITAL|00 - TUBOS PVC KRONA|VAREJO|SET26
00 - TUBOS PVC KRONA;SAO PAULO CAPITAL;SP;VAREJO;2026-10-01;213396,98;SAO PAULO CAPITAL|00 - TUBOS PVC KRONA|VAREJO|OUT26
00 - TUBOS PVC KRONA;SAO PAULO CAPITAL;SP;VAREJO;2026-11-01;172573,21;SAO PAULO CAPITAL|00 - TUBOS PVC KRONA|VAREJO|NOV26
00 - TUBOS PVC KRONA;SAO PAULO CAPITAL;SP;VAREJO;2026-12-01;145146,13;SAO PAULO CAPITAL|00 - TUBOS PVC KRONA|VAREJO|DEZ26
00 - TUBOS PVC KRONA;SAO PAULO CAPITAL 2;SP;ATACADO;2026-01-01;733,85;SAO PAULO CAPITAL 2|00 - TUBOS PVC KRONA|ATACADO|JAN26
00 - TUBOS PVC KRONA;SAO PAULO CAPITAL 2;SP;ATACADO;2026-02-01;85267,83;SAO PAULO CAPITAL 2|00 - TUBOS PVC KRONA|ATACADO|FEV26
00 - TUBOS PVC KRONA;SAO PAULO CAPITAL 2;SP;ATACADO;2026-03-01;827373,05;SAO PAULO CAPITAL 2|00 - TUBOS PVC KRONA|ATACADO|MAR26
00 - TUBOS PVC KRONA;SAO PAULO CAPITAL 2;SP;ATACADO;2026-04-01;437972,79;SAO PAULO CAPITAL 2|00 - TUBOS PVC KRONA|ATACADO|ABR26
00 - TUBOS PVC KRONA;SAO PAULO CAPITAL 2;SP;ATACADO;2026-05-01;7603,74;SAO PAULO CAPITAL 2|00 - TUBOS PVC KRONA|ATACADO|MAI26
00 - TUBOS PVC KRONA;SAO PAULO CAPITAL 2;SP;ATACADO;2026-06-01;92915,52;SAO PAULO CAPITAL 2|00 - TUBOS PVC KRONA|ATACADO|JUN26
00 - TUBOS PVC KRONA;SAO PAULO CAPITAL 2;SP;ATACADO;2026-07-01;185232,42;SAO PAULO CAPITAL 2|00 - TUBOS PVC KRONA|ATACADO|JUL26
00 - TUBOS PVC KRONA;SAO PAULO CAPITAL 2;SP;ATACADO;2026-08-01;115363,33;SAO PAULO CAPITAL 2|00 - TUBOS PVC KRONA|ATACADO|AGO26
00 - TUBOS PVC KRONA;SAO PAULO CAPITAL 2;SP;ATACADO;2026-09-01;320000,00;SAO PAULO CAPITAL 2|00 - TUBOS PVC KRONA|ATACADO|SET26
00 - TUBOS PVC KRONA;SAO PAULO CAPITAL 2;SP;ATACADO;2026-10-01;265552,00;SAO PAULO CAPITAL 2|00 - TUBOS PVC KRONA|ATACADO|OUT26
00 - TUBOS PVC KRONA;SAO PAULO CAPITAL 2;SP;ATACADO;2026-11-01;229372,00;SAO PAULO CAPITAL 2|00 - TUBOS PVC KRONA|ATACADO|NOV26
00 - TUBOS PVC KRONA;SAO PAULO CAPITAL 2;SP;ATACADO;2026-12-01;289419,00;SAO PAULO CAPITAL 2|00 - TUBOS PVC KRONA|ATACADO|DEZ26
00 - TUBOS PVC KRONA;SAO PAULO INTERIOR;SP;ATACADO;2026-01-01;11791,21;SAO PAULO INTERIOR|00 - TUBOS PVC KRONA|ATACADO|JAN26
00 - TUBOS PVC KRONA;SAO PAULO INTERIOR;SP;ATACADO;2026-02-01;63086,53;SAO PAULO INTERIOR|00 - TUBOS PVC KRONA|ATACADO|FEV26
00 - TUBOS PVC KRONA;SAO PAULO INTERIOR;SP;ATACADO;2026-03-01;426622,11;SAO PAULO INTERIOR|00 - TUBOS PVC KRONA|ATACADO|MAR26
00 - TUBOS PVC KRONA;SAO PAULO INTERIOR;SP;ATACADO;2026-04-01;210075,63;SAO PAULO INTERIOR|00 - TUBOS PVC KRONA|ATACADO|ABR26
00 - TUBOS PVC KRONA;SAO PAULO INTERIOR;SP;ATACADO;2026-05-01;820,80;SAO PAULO INTERIOR|00 - TUBOS PVC KRONA|ATACADO|MAI26
00 - TUBOS PVC KRONA;SAO PAULO INTERIOR;SP;ATACADO;2026-06-01;80910,68;SAO PAULO INTERIOR|00 - TUBOS PVC KRONA|ATACADO|JUN26
00 - TUBOS PVC KRONA;SAO PAULO INTERIOR;SP;ATACADO;2026-07-01;29764,16;SAO PAULO INTERIOR|00 - TUBOS PVC KRONA|ATACADO|JUL26
00 - TUBOS PVC KRONA;SAO PAULO INTERIOR;SP;ATACADO;2026-08-01;34637,90;SAO PAULO INTERIOR|00 - TUBOS PVC KRONA|ATACADO|AGO26
00 - TUBOS PVC KRONA;SAO PAULO INTERIOR;SP;ATACADO;2026-09-01;188560,09;SAO PAULO INTERIOR|00 - TUBOS PVC KRONA|ATACADO|SET26
00 - TUBOS PVC KRONA;SAO PAULO INTERIOR;SP;ATACADO;2026-10-01;160817,84;SAO PAULO INTERIOR|00 - TUBOS PVC KRONA|ATACADO|OUT26
00 - TUBOS PVC KRONA;SAO PAULO INTERIOR;SP;ATACADO;2026-11-01;116352,28;SAO PAULO INTERIOR|00 - TUBOS PVC KRONA|ATACADO|NOV26
00 - TUBOS PVC KRONA;SAO PAULO INTERIOR;SP;ATACADO;2026-12-01;147080,47;SAO PAULO INTERIOR|00 - TUBOS PVC KRONA|ATACADO|DEZ26
00 - TUBOS PVC KRONA;SAO PAULO INTERIOR;SP;OUTROS;2026-01-01;286,42;SAO PAULO INTERIOR|00 - TUBOS PVC KRONA|OUTROS|JAN26
00 - TUBOS PVC KRONA;SAO PAULO INTERIOR;SP;OUTROS;2026-02-01;454,50;SAO PAULO INTERIOR|00 - TUBOS PVC KRONA|OUTROS|FEV26
00 - TUBOS PVC KRONA;SAO PAULO INTERIOR;SP;OUTROS;2026-03-01;1002,91;SAO PAULO INTERIOR|00 - TUBOS PVC KRONA|OUTROS|MAR26
00 - TUBOS PVC KRONA;SAO PAULO INTERIOR;SP;OUTROS;2026-04-01;1713,08;SAO PAULO INTERIOR|00 - TUBOS PVC KRONA|OUTROS|ABR26
00 - TUBOS PVC KRONA;SAO PAULO INTERIOR;SP;OUTROS;2026-05-01;3711,19;SAO PAULO INTERIOR|00 - TUBOS PVC KRONA|OUTROS|MAI26
00 - TUBOS PVC KRONA;SAO PAULO INTERIOR;SP;OUTROS;2026-06-01;544,88;SAO PAULO INTERIOR|00 - TUBOS PVC KRONA|OUTROS|JUN26
00 - TUBOS PVC KRONA;SAO PAULO INTERIOR;SP;OUTROS;2026-07-01;622,20;SAO PAULO INTERIOR|00 - TUBOS PVC KRONA|OUTROS|JUL26
00 - TUBOS PVC KRONA;SAO PAULO INTERIOR;SP;OUTROS;2026-08-01;2271,77;SAO PAULO INTERIOR|00 - TUBOS PVC KRONA|OUTROS|AGO26
00 - TUBOS PVC KRONA;SAO PAULO INTERIOR;SP;OUTROS;2026-09-01;2281,87;SAO PAULO INTERIOR|00 - TUBOS PVC KRONA|OUTROS|SET26
00 - TUBOS PVC KRONA;SAO PAULO INTERIOR;SP;OUTROS;2026-10-01;1946,14;SAO PAULO INTERIOR|00 - TUBOS PVC KRONA|OUTROS|OUT26
00 - TUBOS PVC KRONA;SAO PAULO INTERIOR;SP;OUTROS;2026-11-01;1408,04;SAO PAULO INTERIOR|00 - TUBOS PVC KRONA|OUTROS|NOV26
00 - TUBOS PVC KRONA;SAO PAULO INTERIOR;SP;OUTROS;2026-12-01;1779,90;SAO PAULO INTERIOR|00 - TUBOS PVC KRONA|OUTROS|DEZ26
00 - TUBOS PVC KRONA;SAO PAULO INTERIOR;SP;VAREJO;2026-01-01;67978,12;SAO PAULO INTERIOR|00 - TUBOS PVC KRONA|VAREJO|JAN26
00 - TUBOS PVC KRONA;SAO PAULO INTERIOR;SP;VAREJO;2026-02-01;157241,74;SAO PAULO INTERIOR|00 - TUBOS PVC KRONA|VAREJO|FEV26
00 - TUBOS PVC KRONA;SAO PAULO INTERIOR;SP;VAREJO;2026-03-01;211135,61;SAO PAULO INTERIOR|00 - TUBOS PVC KRONA|VAREJO|MAR26
00 - TUBOS PVC KRONA;SAO PAULO INTERIOR;SP;VAREJO;2026-04-01;173098,20;SAO PAULO INTERIOR|00 - TUBOS PVC KRONA|VAREJO|ABR26
00 - TUBOS PVC KRONA;SAO PAULO INTERIOR;SP;VAREJO;2026-05-01;196976,94;SAO PAULO INTERIOR|00 - TUBOS PVC KRONA|VAREJO|MAI26
00 - TUBOS PVC KRONA;SAO PAULO INTERIOR;SP;VAREJO;2026-06-01;67389,62;SAO PAULO INTERIOR|00 - TUBOS PVC KRONA|VAREJO|JUN26
00 - TUBOS PVC KRONA;SAO PAULO INTERIOR;SP;VAREJO;2026-07-01;75651,69;SAO PAULO INTERIOR|00 - TUBOS PVC KRONA|VAREJO|JUL26
00 - TUBOS PVC KRONA;SAO PAULO INTERIOR;SP;VAREJO;2026-08-01;135179,17;SAO PAULO INTERIOR|00 - TUBOS PVC KRONA|VAREJO|AGO26
00 - TUBOS PVC KRONA;SAO PAULO INTERIOR;SP;VAREJO;2026-09-01;196137,04;SAO PAULO INTERIOR|00 - TUBOS PVC KRONA|VAREJO|SET26
00 - TUBOS PVC KRONA;SAO PAULO INTERIOR;SP;VAREJO;2026-10-01;167280,02;SAO PAULO INTERIOR|00 - TUBOS PVC KRONA|VAREJO|OUT26
00 - TUBOS PVC KRONA;SAO PAULO INTERIOR;SP;VAREJO;2026-11-01;121027,68;SAO PAULO INTERIOR|00 - TUBOS PVC KRONA|VAREJO|NOV26
00 - TUBOS PVC KRONA;SAO PAULO INTERIOR;SP;VAREJO;2026-12-01;152990,63;SAO PAULO INTERIOR|00 - TUBOS PVC KRONA|VAREJO|DEZ26
00 - TUBOS PVC KRONA;TELEVENDAS;TELEVENDAS;ATACADO;2026-02-01;9,00;TELEVENDAS|00 - TUBOS PVC KRONA|ATACADO|FEV26
00 - TUBOS PVC KRONA;TELEVENDAS;TELEVENDAS;ATACADO;2026-04-01;625,83;TELEVENDAS|00 - TUBOS PVC KRONA|ATACADO|ABR26
00 - TUBOS PVC KRONA;TELEVENDAS;TELEVENDAS;ATACADO;2026-07-01;167,57;TELEVENDAS|00 - TUBOS PVC KRONA|ATACADO|JUL26
00 - TUBOS PVC KRONA;TELEVENDAS;TELEVENDAS;ATACADO;2026-08-01;266,71;TELEVENDAS|00 - TUBOS PVC KRONA|ATACADO|AGO26
00 - TUBOS PVC KRONA;TELEVENDAS;TELEVENDAS;ATACADO;2026-09-01;103,21;TELEVENDAS|00 - TUBOS PVC KRONA|ATACADO|SET26
00 - TUBOS PVC KRONA;TELEVENDAS;TELEVENDAS;ATACADO;2026-10-01;99,27;TELEVENDAS|00 - TUBOS PVC KRONA|ATACADO|OUT26
00 - TUBOS PVC KRONA;TELEVENDAS;TELEVENDAS;ATACADO;2026-11-01;89,45;TELEVENDAS|00 - TUBOS PVC KRONA|ATACADO|NOV26
00 - TUBOS PVC KRONA;TELEVENDAS;TELEVENDAS;ATACADO;2026-12-01;81,07;TELEVENDAS|00 - TUBOS PVC KRONA|ATACADO|DEZ26
00 - TUBOS PVC KRONA;TELEVENDAS;TELEVENDAS;IRRIGACAO;2026-03-01;566,76;TELEVENDAS|00 - TUBOS PVC KRONA|IRRIGACAO|MAR26
00 - TUBOS PVC KRONA;TELEVENDAS;TELEVENDAS;IRRIGACAO;2026-09-01;51,85;TELEVENDAS|00 - TUBOS PVC KRONA|IRRIGACAO|SET26
00 - TUBOS PVC KRONA;TELEVENDAS;TELEVENDAS;IRRIGACAO;2026-10-01;49,88;TELEVENDAS|00 - TUBOS PVC KRONA|IRRIGACAO|OUT26
00 - TUBOS PVC KRONA;TELEVENDAS;TELEVENDAS;IRRIGACAO;2026-11-01;44,94;TELEVENDAS|00 - TUBOS PVC KRONA|IRRIGACAO|NOV26
00 - TUBOS PVC KRONA;TELEVENDAS;TELEVENDAS;IRRIGACAO;2026-12-01;40,73;TELEVENDAS|00 - TUBOS PVC KRONA|IRRIGACAO|DEZ26
00 - TUBOS PVC KRONA;TELEVENDAS;TELEVENDAS;OUTROS;2026-01-01;441,42;TELEVENDAS|00 - TUBOS PVC KRONA|OUTROS|JAN26
00 - TUBOS PVC KRONA;TELEVENDAS;TELEVENDAS;OUTROS;2026-02-01;2546,11;TELEVENDAS|00 - TUBOS PVC KRONA|OUTROS|FEV26
00 - TUBOS PVC KRONA;TELEVENDAS;TELEVENDAS;OUTROS;2026-03-01;3215,36;TELEVENDAS|00 - TUBOS PVC KRONA|OUTROS|MAR26
00 - TUBOS PVC KRONA;TELEVENDAS;TELEVENDAS;OUTROS;2026-04-01;1885,03;TELEVENDAS|00 - TUBOS PVC KRONA|OUTROS|ABR26
00 - TUBOS PVC KRONA;TELEVENDAS;TELEVENDAS;OUTROS;2026-05-01;2249,93;TELEVENDAS|00 - TUBOS PVC KRONA|OUTROS|MAI26
00 - TUBOS PVC KRONA;TELEVENDAS;TELEVENDAS;OUTROS;2026-06-01;649,95;TELEVENDAS|00 - TUBOS PVC KRONA|OUTROS|JUN26
00 - TUBOS PVC KRONA;TELEVENDAS;TELEVENDAS;OUTROS;2026-07-01;6857,66;TELEVENDAS|00 - TUBOS PVC KRONA|OUTROS|JUL26
00 - TUBOS PVC KRONA;TELEVENDAS;TELEVENDAS;OUTROS;2026-08-01;6742,08;TELEVENDAS|00 - TUBOS PVC KRONA|OUTROS|AGO26
00 - TUBOS PVC KRONA;TELEVENDAS;TELEVENDAS;OUTROS;2026-09-01;2544,14;TELEVENDAS|00 - TUBOS PVC KRONA|OUTROS|SET26
00 - TUBOS PVC KRONA;TELEVENDAS;TELEVENDAS;OUTROS;2026-10-01;2447,09;TELEVENDAS|00 - TUBOS PVC KRONA|OUTROS|OUT26
00 - TUBOS PVC KRONA;TELEVENDAS;TELEVENDAS;OUTROS;2026-11-01;2204,92;TELEVENDAS|00 - TUBOS PVC KRONA|OUTROS|NOV26
00 - TUBOS PVC KRONA;TELEVENDAS;TELEVENDAS;OUTROS;2026-12-01;1998,33;TELEVENDAS|00 - TUBOS PVC KRONA|OUTROS|DEZ26
00 - TUBOS PVC KRONA;TELEVENDAS;TELEVENDAS;VAREJO;2026-01-01;54670,69;TELEVENDAS|00 - TUBOS PVC KRONA|VAREJO|JAN26
00 - TUBOS PVC KRONA;TELEVENDAS;TELEVENDAS;VAREJO;2026-02-01;83890,80;TELEVENDAS|00 - TUBOS PVC KRONA|VAREJO|FEV26
00 - TUBOS PVC KRONA;TELEVENDAS;TELEVENDAS;VAREJO;2026-03-01;88987,15;TELEVENDAS|00 - TUBOS PVC KRONA|VAREJO|MAR26
00 - TUBOS PVC KRONA;TELEVENDAS;TELEVENDAS;VAREJO;2026-04-01;118117,60;TELEVENDAS|00 - TUBOS PVC KRONA|VAREJO|ABR26
00 - TUBOS PVC KRONA;TELEVENDAS;TELEVENDAS;VAREJO;2026-05-01;91708,14;TELEVENDAS|00 - TUBOS PVC KRONA|VAREJO|MAI26
00 - TUBOS PVC KRONA;TELEVENDAS;TELEVENDAS;VAREJO;2026-06-01;61567,35;TELEVENDAS|00 - TUBOS PVC KRONA|VAREJO|JUN26
00 - TUBOS PVC KRONA;TELEVENDAS;TELEVENDAS;VAREJO;2026-07-01;73346,49;TELEVENDAS|00 - TUBOS PVC KRONA|VAREJO|JUL26
00 - TUBOS PVC KRONA;TELEVENDAS;TELEVENDAS;VAREJO;2026-08-01;96753,04;TELEVENDAS|00 - TUBOS PVC KRONA|VAREJO|AGO26
00 - TUBOS PVC KRONA;TELEVENDAS;TELEVENDAS;VAREJO;2026-09-01;87300,80;TELEVENDAS|00 - TUBOS PVC KRONA|VAREJO|SET26
00 - TUBOS PVC KRONA;TELEVENDAS;TELEVENDAS;VAREJO;2026-10-01;83970,76;TELEVENDAS|00 - TUBOS PVC KRONA|VAREJO|OUT26
00 - TUBOS PVC KRONA;TELEVENDAS;TELEVENDAS;VAREJO;2026-11-01;75660,69;TELEVENDAS|00 - TUBOS PVC KRONA|VAREJO|NOV26
00 - TUBOS PVC KRONA;TELEVENDAS;TELEVENDAS;VAREJO;2026-12-01;68571,87;TELEVENDAS|00 - TUBOS PVC KRONA|VAREJO|DEZ26
01 - TUBOS ELETRODUTOS KRONA;CENTRO OESTE;CO NO;ATACADO;2026-01-01;883,40;CENTRO OESTE|01 - TUBOS ELETRODUTOS KRONA|ATACADO|JAN26
01 - TUBOS ELETRODUTOS KRONA;CENTRO OESTE;CO NO;ATACADO;2026-02-01;10440,69;CENTRO OESTE|01 - TUBOS ELETRODUTOS KRONA|ATACADO|FEV26
01 - TUBOS ELETRODUTOS KRONA;CENTRO OESTE;CO NO;ATACADO;2026-03-01;12001,30;CENTRO OESTE|01 - TUBOS ELETRODUTOS KRONA|ATACADO|MAR26
01 - TUBOS ELETRODUTOS KRONA;CENTRO OESTE;CO NO;ATACADO;2026-04-01;4801,97;CENTRO OESTE|01 - TUBOS ELETRODUTOS KRONA|ATACADO|ABR26
01 - TUBOS ELETRODUTOS KRONA;CENTRO OESTE;CO NO;ATACADO;2026-06-01;8952,07;CENTRO OESTE|01 - TUBOS ELETRODUTOS KRONA|ATACADO|JUN26
01 - TUBOS ELETRODUTOS KRONA;CENTRO OESTE;CO NO;ATACADO;2026-07-01;9567,97;CENTRO OESTE|01 - TUBOS ELETRODUTOS KRONA|ATACADO|JUL26
01 - TUBOS ELETRODUTOS KRONA;CENTRO OESTE;CO NO;ATACADO;2026-08-01;1467,18;CENTRO OESTE|01 - TUBOS ELETRODUTOS KRONA|ATACADO|AGO26
01 - TUBOS ELETRODUTOS KRONA;CENTRO OESTE;CO NO;ATACADO;2026-09-01;5927,49;CENTRO OESTE|01 - TUBOS ELETRODUTOS KRONA|ATACADO|SET26
01 - TUBOS ELETRODUTOS KRONA;CENTRO OESTE;CO NO;ATACADO;2026-10-01;5613,85;CENTRO OESTE|01 - TUBOS ELETRODUTOS KRONA|ATACADO|OUT26
01 - TUBOS ELETRODUTOS KRONA;CENTRO OESTE;CO NO;ATACADO;2026-11-01;5678,86;CENTRO OESTE|01 - TUBOS ELETRODUTOS KRONA|ATACADO|NOV26
01 - TUBOS ELETRODUTOS KRONA;CENTRO OESTE;CO NO;ATACADO;2026-12-01;4327,67;CENTRO OESTE|01 - TUBOS ELETRODUTOS KRONA|ATACADO|DEZ26
01 - TUBOS ELETRODUTOS KRONA;CENTRO OESTE;CO NO;VAREJO;2026-01-01;610,64;CENTRO OESTE|01 - TUBOS ELETRODUTOS KRONA|VAREJO|JAN26
01 - TUBOS ELETRODUTOS KRONA;CENTRO OESTE;CO NO;VAREJO;2026-02-01;1480,97;CENTRO OESTE|01 - TUBOS ELETRODUTOS KRONA|VAREJO|FEV26
01 - TUBOS ELETRODUTOS KRONA;CENTRO OESTE;CO NO;VAREJO;2026-03-01;1607,43;CENTRO OESTE|01 - TUBOS ELETRODUTOS KRONA|VAREJO|MAR26
01 - TUBOS ELETRODUTOS KRONA;CENTRO OESTE;CO NO;VAREJO;2026-04-01;974,32;CENTRO OESTE|01 - TUBOS ELETRODUTOS KRONA|VAREJO|ABR26
01 - TUBOS ELETRODUTOS KRONA;CENTRO OESTE;CO NO;VAREJO;2026-05-01;759,46;CENTRO OESTE|01 - TUBOS ELETRODUTOS KRONA|VAREJO|MAI26
01 - TUBOS ELETRODUTOS KRONA;CENTRO OESTE;CO NO;VAREJO;2026-06-01;554,33;CENTRO OESTE|01 - TUBOS ELETRODUTOS KRONA|VAREJO|JUN26
01 - TUBOS ELETRODUTOS KRONA;CENTRO OESTE;CO NO;VAREJO;2026-07-01;661,47;CENTRO OESTE|01 - TUBOS ELETRODUTOS KRONA|VAREJO|JUL26
01 - TUBOS ELETRODUTOS KRONA;CENTRO OESTE;CO NO;VAREJO;2026-08-01;1444,84;CENTRO OESTE|01 - TUBOS ELETRODUTOS KRONA|VAREJO|AGO26
01 - TUBOS ELETRODUTOS KRONA;CENTRO OESTE;CO NO;VAREJO;2026-09-01;819,51;CENTRO OESTE|01 - TUBOS ELETRODUTOS KRONA|VAREJO|SET26
01 - TUBOS ELETRODUTOS KRONA;CENTRO OESTE;CO NO;VAREJO;2026-10-01;776,15;CENTRO OESTE|01 - TUBOS ELETRODUTOS KRONA|VAREJO|OUT26
01 - TUBOS ELETRODUTOS KRONA;CENTRO OESTE;CO NO;VAREJO;2026-11-01;785,14;CENTRO OESTE|01 - TUBOS ELETRODUTOS KRONA|VAREJO|NOV26
01 - TUBOS ELETRODUTOS KRONA;CENTRO OESTE;CO NO;VAREJO;2026-12-01;598,33;CENTRO OESTE|01 - TUBOS ELETRODUTOS KRONA|VAREJO|DEZ26
01 - TUBOS ELETRODUTOS KRONA;CONSTR CENTRO OESTE;CONSTRUTORA;CONSTRUTORA;2026-01-01;82,37;CONSTR CENTRO OESTE|01 - TUBOS ELETRODUTOS KRONA|CONSTRUTORA|JAN26
01 - TUBOS ELETRODUTOS KRONA;CONSTR CENTRO OESTE;CONSTRUTORA;CONSTRUTORA;2026-02-01;1288,30;CONSTR CENTRO OESTE|01 - TUBOS ELETRODUTOS KRONA|CONSTRUTORA|FEV26
01 - TUBOS ELETRODUTOS KRONA;CONSTR CENTRO OESTE;CONSTRUTORA;CONSTRUTORA;2026-03-01;9,00;CONSTR CENTRO OESTE|01 - TUBOS ELETRODUTOS KRONA|CONSTRUTORA|MAR26
01 - TUBOS ELETRODUTOS KRONA;CONSTR CENTRO OESTE;CONSTRUTORA;CONSTRUTORA;2026-04-01;87,10;CONSTR CENTRO OESTE|01 - TUBOS ELETRODUTOS KRONA|CONSTRUTORA|ABR26
01 - TUBOS ELETRODUTOS KRONA;CONSTR CENTRO OESTE;CONSTRUTORA;CONSTRUTORA;2026-05-01;1695,40;CONSTR CENTRO OESTE|01 - TUBOS ELETRODUTOS KRONA|CONSTRUTORA|MAI26
01 - TUBOS ELETRODUTOS KRONA;CONSTR CENTRO OESTE;CONSTRUTORA;CONSTRUTORA;2026-06-01;207,00;CONSTR CENTRO OESTE|01 - TUBOS ELETRODUTOS KRONA|CONSTRUTORA|JUN26
01 - TUBOS ELETRODUTOS KRONA;CONSTR CENTRO OESTE;CONSTRUTORA;CONSTRUTORA;2026-07-01;247,66;CONSTR CENTRO OESTE|01 - TUBOS ELETRODUTOS KRONA|CONSTRUTORA|JUL26
01 - TUBOS ELETRODUTOS KRONA;CONSTR CENTRO OESTE;CONSTRUTORA;CONSTRUTORA;2026-08-01;1045,73;CONSTR CENTRO OESTE|01 - TUBOS ELETRODUTOS KRONA|CONSTRUTORA|AGO26
01 - TUBOS ELETRODUTOS KRONA;CONSTR NORDESTE;CONSTRUTORA;CONSTRUTORA;2026-01-01;23162,29;CONSTR NORDESTE|01 - TUBOS ELETRODUTOS KRONA|CONSTRUTORA|JAN26
01 - TUBOS ELETRODUTOS KRONA;CONSTR NORDESTE;CONSTRUTORA;CONSTRUTORA;2026-02-01;42991,05;CONSTR NORDESTE|01 - TUBOS ELETRODUTOS KRONA|CONSTRUTORA|FEV26
01 - TUBOS ELETRODUTOS KRONA;CONSTR NORDESTE;CONSTRUTORA;CONSTRUTORA;2026-03-01;40923,78;CONSTR NORDESTE|01 - TUBOS ELETRODUTOS KRONA|CONSTRUTORA|MAR26
01 - TUBOS ELETRODUTOS KRONA;CONSTR NORDESTE;CONSTRUTORA;CONSTRUTORA;2026-04-01;52094,31;CONSTR NORDESTE|01 - TUBOS ELETRODUTOS KRONA|CONSTRUTORA|ABR26
01 - TUBOS ELETRODUTOS KRONA;CONSTR NORDESTE;CONSTRUTORA;CONSTRUTORA;2026-05-01;25508,62;CONSTR NORDESTE|01 - TUBOS ELETRODUTOS KRONA|CONSTRUTORA|MAI26
01 - TUBOS ELETRODUTOS KRONA;CONSTR NORDESTE;CONSTRUTORA;CONSTRUTORA;2026-06-01;28928,59;CONSTR NORDESTE|01 - TUBOS ELETRODUTOS KRONA|CONSTRUTORA|JUN26
01 - TUBOS ELETRODUTOS KRONA;CONSTR NORDESTE;CONSTRUTORA;CONSTRUTORA;2026-07-01;31484,23;CONSTR NORDESTE|01 - TUBOS ELETRODUTOS KRONA|CONSTRUTORA|JUL26
01 - TUBOS ELETRODUTOS KRONA;CONSTR NORDESTE;CONSTRUTORA;CONSTRUTORA;2026-08-01;38454,02;CONSTR NORDESTE|01 - TUBOS ELETRODUTOS KRONA|CONSTRUTORA|AGO26
01 - TUBOS ELETRODUTOS KRONA;CONSTR NORTE;CONSTRUTORA;CONSTRUTORA;2026-01-01;842,80;CONSTR NORTE|01 - TUBOS ELETRODUTOS KRONA|CONSTRUTORA|JAN26
01 - TUBOS ELETRODUTOS KRONA;CONSTR NORTE;CONSTRUTORA;CONSTRUTORA;2026-02-01;47,40;CONSTR NORTE|01 - TUBOS ELETRODUTOS KRONA|CONSTRUTORA|FEV26
01 - TUBOS ELETRODUTOS KRONA;CONSTR NORTE;CONSTRUTORA;CONSTRUTORA;2026-04-01;406,25;CONSTR NORTE|01 - TUBOS ELETRODUTOS KRONA|CONSTRUTORA|ABR26
01 - TUBOS ELETRODUTOS KRONA;CONSTR NORTE;CONSTRUTORA;CONSTRUTORA;2026-07-01;488,50;CONSTR NORTE|01 - TUBOS ELETRODUTOS KRONA|CONSTRUTORA|JUL26
01 - TUBOS ELETRODUTOS KRONA;CONSTR NORTE;CONSTRUTORA;CONSTRUTORA;2026-08-01;193,60;CONSTR NORTE|01 - TUBOS ELETRODUTOS KRONA|CONSTRUTORA|AGO26
01 - TUBOS ELETRODUTOS KRONA;CONSTR SAO PAULO;CONSTRUTORA;CONSTRUTORA;2026-01-01;2931,15;CONSTR SAO PAULO|01 - TUBOS ELETRODUTOS KRONA|CONSTRUTORA|JAN26
01 - TUBOS ELETRODUTOS KRONA;CONSTR SAO PAULO;CONSTRUTORA;CONSTRUTORA;2026-02-01;1698,16;CONSTR SAO PAULO|01 - TUBOS ELETRODUTOS KRONA|CONSTRUTORA|FEV26
01 - TUBOS ELETRODUTOS KRONA;CONSTR SAO PAULO;CONSTRUTORA;CONSTRUTORA;2026-03-01;968,55;CONSTR SAO PAULO|01 - TUBOS ELETRODUTOS KRONA|CONSTRUTORA|MAR26
01 - TUBOS ELETRODUTOS KRONA;CONSTR SAO PAULO;CONSTRUTORA;CONSTRUTORA;2026-04-01;1356,83;CONSTR SAO PAULO|01 - TUBOS ELETRODUTOS KRONA|CONSTRUTORA|ABR26
01 - TUBOS ELETRODUTOS KRONA;CONSTR SAO PAULO;CONSTRUTORA;CONSTRUTORA;2026-05-01;937,41;CONSTR SAO PAULO|01 - TUBOS ELETRODUTOS KRONA|CONSTRUTORA|MAI26
01 - TUBOS ELETRODUTOS KRONA;CONSTR SAO PAULO;CONSTRUTORA;CONSTRUTORA;2026-06-01;821,82;CONSTR SAO PAULO|01 - TUBOS ELETRODUTOS KRONA|CONSTRUTORA|JUN26
01 - TUBOS ELETRODUTOS KRONA;CONSTR SAO PAULO;CONSTRUTORA;CONSTRUTORA;2026-07-01;286,73;CONSTR SAO PAULO|01 - TUBOS ELETRODUTOS KRONA|CONSTRUTORA|JUL26
01 - TUBOS ELETRODUTOS KRONA;CONSTR SAO PAULO;CONSTRUTORA;CONSTRUTORA;2026-08-01;953,75;CONSTR SAO PAULO|01 - TUBOS ELETRODUTOS KRONA|CONSTRUTORA|AGO26
01 - TUBOS ELETRODUTOS KRONA;CONSTR SUDESTE;CONSTRUTORA;CONSTRUTORA;2026-01-01;189,00;CONSTR SUDESTE|01 - TUBOS ELETRODUTOS KRONA|CONSTRUTORA|JAN26
01 - TUBOS ELETRODUTOS KRONA;CONSTR SUDESTE;CONSTRUTORA;CONSTRUTORA;2026-02-01;627,00;CONSTR SUDESTE|01 - TUBOS ELETRODUTOS KRONA|CONSTRUTORA|FEV26
01 - TUBOS ELETRODUTOS KRONA;CONSTR SUDESTE;CONSTRUTORA;CONSTRUTORA;2026-03-01;646,00;CONSTR SUDESTE|01 - TUBOS ELETRODUTOS KRONA|CONSTRUTORA|MAR26
01 - TUBOS ELETRODUTOS KRONA;CONSTR SUDESTE;CONSTRUTORA;CONSTRUTORA;2026-04-01;300,36;CONSTR SUDESTE|01 - TUBOS ELETRODUTOS KRONA|CONSTRUTORA|ABR26
01 - TUBOS ELETRODUTOS KRONA;CONSTR SUDESTE;CONSTRUTORA;CONSTRUTORA;2026-05-01;18,00;CONSTR SUDESTE|01 - TUBOS ELETRODUTOS KRONA|CONSTRUTORA|MAI26
01 - TUBOS ELETRODUTOS KRONA;CONSTR SUDESTE;CONSTRUTORA;CONSTRUTORA;2026-06-01;2614,74;CONSTR SUDESTE|01 - TUBOS ELETRODUTOS KRONA|CONSTRUTORA|JUN26
01 - TUBOS ELETRODUTOS KRONA;CONSTR SUDESTE;CONSTRUTORA;CONSTRUTORA;2026-07-01;927,46;CONSTR SUDESTE|01 - TUBOS ELETRODUTOS KRONA|CONSTRUTORA|JUL26
01 - TUBOS ELETRODUTOS KRONA;CONSTR SUDESTE;CONSTRUTORA;CONSTRUTORA;2026-08-01;17411,11;CONSTR SUDESTE|01 - TUBOS ELETRODUTOS KRONA|CONSTRUTORA|AGO26
01 - TUBOS ELETRODUTOS KRONA;CONSTR SUL;CONSTRUTORA;CONSTRUTORA;2026-01-01;694,41;CONSTR SUL|01 - TUBOS ELETRODUTOS KRONA|CONSTRUTORA|JAN26
01 - TUBOS ELETRODUTOS KRONA;CONSTR SUL;CONSTRUTORA;CONSTRUTORA;2026-02-01;5802,87;CONSTR SUL|01 - TUBOS ELETRODUTOS KRONA|CONSTRUTORA|FEV26
01 - TUBOS ELETRODUTOS KRONA;CONSTR SUL;CONSTRUTORA;CONSTRUTORA;2026-03-01;844,50;CONSTR SUL|01 - TUBOS ELETRODUTOS KRONA|CONSTRUTORA|MAR26
01 - TUBOS ELETRODUTOS KRONA;CONSTR SUL;CONSTRUTORA;CONSTRUTORA;2026-04-01;8152,37;CONSTR SUL|01 - TUBOS ELETRODUTOS KRONA|CONSTRUTORA|ABR26
01 - TUBOS ELETRODUTOS KRONA;CONSTR SUL;CONSTRUTORA;CONSTRUTORA;2026-05-01;2470,82;CONSTR SUL|01 - TUBOS ELETRODUTOS KRONA|CONSTRUTORA|MAI26
01 - TUBOS ELETRODUTOS KRONA;CONSTR SUL;CONSTRUTORA;CONSTRUTORA;2026-06-01;1514,47;CONSTR SUL|01 - TUBOS ELETRODUTOS KRONA|CONSTRUTORA|JUN26
01 - TUBOS ELETRODUTOS KRONA;CONSTR SUL;CONSTRUTORA;CONSTRUTORA;2026-07-01;10268,06;CONSTR SUL|01 - TUBOS ELETRODUTOS KRONA|CONSTRUTORA|JUL26
01 - TUBOS ELETRODUTOS KRONA;CONSTR SUL;CONSTRUTORA;CONSTRUTORA;2026-08-01;6291,07;CONSTR SUL|01 - TUBOS ELETRODUTOS KRONA|CONSTRUTORA|AGO26
01 - TUBOS ELETRODUTOS KRONA;EXPORTACAO;EXPORTACAO;EXPORTACAO;2026-03-01;1210,26;EXPORTACAO|01 - TUBOS ELETRODUTOS KRONA|EXPORTACAO|MAR26
01 - TUBOS ELETRODUTOS KRONA;EXPORTACAO;EXPORTACAO;EXPORTACAO;2026-05-01;67,20;EXPORTACAO|01 - TUBOS ELETRODUTOS KRONA|EXPORTACAO|MAI26
01 - TUBOS ELETRODUTOS KRONA;EXPORTACAO;EXPORTACAO;EXPORTACAO;2026-08-01;230,00;EXPORTACAO|01 - TUBOS ELETRODUTOS KRONA|EXPORTACAO|AGO26
01 - TUBOS ELETRODUTOS KRONA;EXPORTACAO;EXPORTACAO;EXPORTACAO;2026-09-01;46,00;EXPORTACAO|01 - TUBOS ELETRODUTOS KRONA|EXPORTACAO|SET26
01 - TUBOS ELETRODUTOS KRONA;EXPORTACAO;EXPORTACAO;EXPORTACAO;2026-10-01;46,00;EXPORTACAO|01 - TUBOS ELETRODUTOS KRONA|EXPORTACAO|OUT26
01 - TUBOS ELETRODUTOS KRONA;EXPORTACAO;EXPORTACAO;EXPORTACAO;2026-11-01;46,00;EXPORTACAO|01 - TUBOS ELETRODUTOS KRONA|EXPORTACAO|NOV26
01 - TUBOS ELETRODUTOS KRONA;EXPORTACAO;EXPORTACAO;EXPORTACAO;2026-12-01;46,00;EXPORTACAO|01 - TUBOS ELETRODUTOS KRONA|EXPORTACAO|DEZ26
01 - TUBOS ELETRODUTOS KRONA;IRRIGACAO 1;IRRIGACAO;IRRIGACAO;2026-03-01;48,22;IRRIGACAO 1|01 - TUBOS ELETRODUTOS KRONA|IRRIGACAO|MAR26
01 - TUBOS ELETRODUTOS KRONA;IRRIGACAO 1;IRRIGACAO;IRRIGACAO;2026-07-01;60,00;IRRIGACAO 1|01 - TUBOS ELETRODUTOS KRONA|IRRIGACAO|JUL26
01 - TUBOS ELETRODUTOS KRONA;IRRIGACAO 1;IRRIGACAO;IRRIGACAO;2026-09-01;50,00;IRRIGACAO 1|01 - TUBOS ELETRODUTOS KRONA|IRRIGACAO|SET26
01 - TUBOS ELETRODUTOS KRONA;IRRIGACAO 1;IRRIGACAO;IRRIGACAO;2026-10-01;60,00;IRRIGACAO 1|01 - TUBOS ELETRODUTOS KRONA|IRRIGACAO|OUT26
01 - TUBOS ELETRODUTOS KRONA;IRRIGACAO 1;IRRIGACAO;IRRIGACAO;2026-11-01;50,00;IRRIGACAO 1|01 - TUBOS ELETRODUTOS KRONA|IRRIGACAO|NOV26
01 - TUBOS ELETRODUTOS KRONA;IRRIGACAO 1;IRRIGACAO;IRRIGACAO;2026-12-01;45,00;IRRIGACAO 1|01 - TUBOS ELETRODUTOS KRONA|IRRIGACAO|DEZ26
01 - TUBOS ELETRODUTOS KRONA;IRRIGACAO 2;IRRIGACAO;IRRIGACAO;2026-02-01;334,73;IRRIGACAO 2|01 - TUBOS ELETRODUTOS KRONA|IRRIGACAO|FEV26
01 - TUBOS ELETRODUTOS KRONA;IRRIGACAO 2;IRRIGACAO;IRRIGACAO;2026-03-01;175,20;IRRIGACAO 2|01 - TUBOS ELETRODUTOS KRONA|IRRIGACAO|MAR26
01 - TUBOS ELETRODUTOS KRONA;IRRIGACAO 2;IRRIGACAO;IRRIGACAO;2026-04-01;142,50;IRRIGACAO 2|01 - TUBOS ELETRODUTOS KRONA|IRRIGACAO|ABR26
01 - TUBOS ELETRODUTOS KRONA;IRRIGACAO 2;IRRIGACAO;IRRIGACAO;2026-05-01;160,00;IRRIGACAO 2|01 - TUBOS ELETRODUTOS KRONA|IRRIGACAO|MAI26
01 - TUBOS ELETRODUTOS KRONA;IRRIGACAO 2;IRRIGACAO;IRRIGACAO;2026-07-01;62,10;IRRIGACAO 2|01 - TUBOS ELETRODUTOS KRONA|IRRIGACAO|JUL26
01 - TUBOS ELETRODUTOS KRONA;IRRIGACAO 2;IRRIGACAO;IRRIGACAO;2026-08-01;123,65;IRRIGACAO 2|01 - TUBOS ELETRODUTOS KRONA|IRRIGACAO|AGO26
01 - TUBOS ELETRODUTOS KRONA;IRRIGACAO 2;IRRIGACAO;IRRIGACAO;2026-09-01;82,00;IRRIGACAO 2|01 - TUBOS ELETRODUTOS KRONA|IRRIGACAO|SET26
01 - TUBOS ELETRODUTOS KRONA;IRRIGACAO 2;IRRIGACAO;IRRIGACAO;2026-10-01;161,00;IRRIGACAO 2|01 - TUBOS ELETRODUTOS KRONA|IRRIGACAO|OUT26
01 - TUBOS ELETRODUTOS KRONA;IRRIGACAO 2;IRRIGACAO;IRRIGACAO;2026-11-01;161,00;IRRIGACAO 2|01 - TUBOS ELETRODUTOS KRONA|IRRIGACAO|NOV26
01 - TUBOS ELETRODUTOS KRONA;IRRIGACAO 2;IRRIGACAO;IRRIGACAO;2026-12-01;138,00;IRRIGACAO 2|01 - TUBOS ELETRODUTOS KRONA|IRRIGACAO|DEZ26
01 - TUBOS ELETRODUTOS KRONA;MINAS GERAIS;MINAS RJ/ES;ATACADO;2026-01-01;309,90;MINAS GERAIS|01 - TUBOS ELETRODUTOS KRONA|ATACADO|JAN26
01 - TUBOS ELETRODUTOS KRONA;MINAS GERAIS;MINAS RJ/ES;ATACADO;2026-02-01;14028,67;MINAS GERAIS|01 - TUBOS ELETRODUTOS KRONA|ATACADO|FEV26
01 - TUBOS ELETRODUTOS KRONA;MINAS GERAIS;MINAS RJ/ES;ATACADO;2026-03-01;2579,66;MINAS GERAIS|01 - TUBOS ELETRODUTOS KRONA|ATACADO|MAR26
01 - TUBOS ELETRODUTOS KRONA;MINAS GERAIS;MINAS RJ/ES;ATACADO;2026-04-01;8344,72;MINAS GERAIS|01 - TUBOS ELETRODUTOS KRONA|ATACADO|ABR26
01 - TUBOS ELETRODUTOS KRONA;MINAS GERAIS;MINAS RJ/ES;ATACADO;2026-06-01;16777,40;MINAS GERAIS|01 - TUBOS ELETRODUTOS KRONA|ATACADO|JUN26
01 - TUBOS ELETRODUTOS KRONA;MINAS GERAIS;MINAS RJ/ES;ATACADO;2026-07-01;6870,48;MINAS GERAIS|01 - TUBOS ELETRODUTOS KRONA|ATACADO|JUL26
01 - TUBOS ELETRODUTOS KRONA;MINAS GERAIS;MINAS RJ/ES;ATACADO;2026-08-01;1652,76;MINAS GERAIS|01 - TUBOS ELETRODUTOS KRONA|ATACADO|AGO26
01 - TUBOS ELETRODUTOS KRONA;MINAS GERAIS;MINAS RJ/ES;ATACADO;2026-09-01;8469,78;MINAS GERAIS|01 - TUBOS ELETRODUTOS KRONA|ATACADO|SET26
01 - TUBOS ELETRODUTOS KRONA;MINAS GERAIS;MINAS RJ/ES;ATACADO;2026-10-01;7699,80;MINAS GERAIS|01 - TUBOS ELETRODUTOS KRONA|ATACADO|OUT26
01 - TUBOS ELETRODUTOS KRONA;MINAS GERAIS;MINAS RJ/ES;ATACADO;2026-11-01;6929,82;MINAS GERAIS|01 - TUBOS ELETRODUTOS KRONA|ATACADO|NOV26
01 - TUBOS ELETRODUTOS KRONA;MINAS GERAIS;MINAS RJ/ES;ATACADO;2026-12-01;7738,30;MINAS GERAIS|01 - TUBOS ELETRODUTOS KRONA|ATACADO|DEZ26
01 - TUBOS ELETRODUTOS KRONA;MINAS GERAIS;MINAS RJ/ES;VAREJO;2026-01-01;596,02;MINAS GERAIS|01 - TUBOS ELETRODUTOS KRONA|VAREJO|JAN26
01 - TUBOS ELETRODUTOS KRONA;MINAS GERAIS;MINAS RJ/ES;VAREJO;2026-02-01;3560,89;MINAS GERAIS|01 - TUBOS ELETRODUTOS KRONA|VAREJO|FEV26
01 - TUBOS ELETRODUTOS KRONA;MINAS GERAIS;MINAS RJ/ES;VAREJO;2026-03-01;2140,98;MINAS GERAIS|01 - TUBOS ELETRODUTOS KRONA|VAREJO|MAR26
01 - TUBOS ELETRODUTOS KRONA;MINAS GERAIS;MINAS RJ/ES;VAREJO;2026-04-01;1395,02;MINAS GERAIS|01 - TUBOS ELETRODUTOS KRONA|VAREJO|ABR26
01 - TUBOS ELETRODUTOS KRONA;MINAS GERAIS;MINAS RJ/ES;VAREJO;2026-05-01;4434,16;MINAS GERAIS|01 - TUBOS ELETRODUTOS KRONA|VAREJO|MAI26
01 - TUBOS ELETRODUTOS KRONA;MINAS GERAIS;MINAS RJ/ES;VAREJO;2026-06-01;537,69;MINAS GERAIS|01 - TUBOS ELETRODUTOS KRONA|VAREJO|JUN26
01 - TUBOS ELETRODUTOS KRONA;MINAS GERAIS;MINAS RJ/ES;VAREJO;2026-07-01;3624,70;MINAS GERAIS|01 - TUBOS ELETRODUTOS KRONA|VAREJO|JUL26
01 - TUBOS ELETRODUTOS KRONA;MINAS GERAIS;MINAS RJ/ES;VAREJO;2026-08-01;4252,58;MINAS GERAIS|01 - TUBOS ELETRODUTOS KRONA|VAREJO|AGO26
01 - TUBOS ELETRODUTOS KRONA;MINAS GERAIS;MINAS RJ/ES;VAREJO;2026-09-01;2530,22;MINAS GERAIS|01 - TUBOS ELETRODUTOS KRONA|VAREJO|SET26
01 - TUBOS ELETRODUTOS KRONA;MINAS GERAIS;MINAS RJ/ES;VAREJO;2026-10-01;2300,20;MINAS GERAIS|01 - TUBOS ELETRODUTOS KRONA|VAREJO|OUT26
01 - TUBOS ELETRODUTOS KRONA;MINAS GERAIS;MINAS RJ/ES;VAREJO;2026-11-01;2070,18;MINAS GERAIS|01 - TUBOS ELETRODUTOS KRONA|VAREJO|NOV26
01 - TUBOS ELETRODUTOS KRONA;MINAS GERAIS;MINAS RJ/ES;VAREJO;2026-12-01;2311,70;MINAS GERAIS|01 - TUBOS ELETRODUTOS KRONA|VAREJO|DEZ26
01 - TUBOS ELETRODUTOS KRONA;NORDESTE 1;NORDESTE;ATACADO;2026-01-01;1331,20;NORDESTE 1|01 - TUBOS ELETRODUTOS KRONA|ATACADO|JAN26
01 - TUBOS ELETRODUTOS KRONA;NORDESTE 1;NORDESTE;ATACADO;2026-02-01;1902,75;NORDESTE 1|01 - TUBOS ELETRODUTOS KRONA|ATACADO|FEV26
01 - TUBOS ELETRODUTOS KRONA;NORDESTE 1;NORDESTE;ATACADO;2026-03-01;13319,86;NORDESTE 1|01 - TUBOS ELETRODUTOS KRONA|ATACADO|MAR26
01 - TUBOS ELETRODUTOS KRONA;NORDESTE 1;NORDESTE;ATACADO;2026-04-01;5433,79;NORDESTE 1|01 - TUBOS ELETRODUTOS KRONA|ATACADO|ABR26
01 - TUBOS ELETRODUTOS KRONA;NORDESTE 1;NORDESTE;ATACADO;2026-05-01;4672,82;NORDESTE 1|01 - TUBOS ELETRODUTOS KRONA|ATACADO|MAI26
01 - TUBOS ELETRODUTOS KRONA;NORDESTE 1;NORDESTE;ATACADO;2026-06-01;8724,02;NORDESTE 1|01 - TUBOS ELETRODUTOS KRONA|ATACADO|JUN26
01 - TUBOS ELETRODUTOS KRONA;NORDESTE 1;NORDESTE;ATACADO;2026-07-01;2195,25;NORDESTE 1|01 - TUBOS ELETRODUTOS KRONA|ATACADO|JUL26
01 - TUBOS ELETRODUTOS KRONA;NORDESTE 1;NORDESTE;ATACADO;2026-08-01;3634,33;NORDESTE 1|01 - TUBOS ELETRODUTOS KRONA|ATACADO|AGO26
01 - TUBOS ELETRODUTOS KRONA;NORDESTE 1;NORDESTE;ATACADO;2026-09-01;4762,81;NORDESTE 1|01 - TUBOS ELETRODUTOS KRONA|ATACADO|SET26
01 - TUBOS ELETRODUTOS KRONA;NORDESTE 1;NORDESTE;ATACADO;2026-10-01;6711,21;NORDESTE 1|01 - TUBOS ELETRODUTOS KRONA|ATACADO|OUT26
01 - TUBOS ELETRODUTOS KRONA;NORDESTE 1;NORDESTE;ATACADO;2026-11-01;8333,19;NORDESTE 1|01 - TUBOS ELETRODUTOS KRONA|ATACADO|NOV26
01 - TUBOS ELETRODUTOS KRONA;NORDESTE 1;NORDESTE;ATACADO;2026-12-01;7826,75;NORDESTE 1|01 - TUBOS ELETRODUTOS KRONA|ATACADO|DEZ26
01 - TUBOS ELETRODUTOS KRONA;NORDESTE 1;NORDESTE;OUTROS;2026-04-01;166,20;NORDESTE 1|01 - TUBOS ELETRODUTOS KRONA|OUTROS|ABR26
01 - TUBOS ELETRODUTOS KRONA;NORDESTE 1;NORDESTE;OUTROS;2026-09-01;21,26;NORDESTE 1|01 - TUBOS ELETRODUTOS KRONA|OUTROS|SET26
01 - TUBOS ELETRODUTOS KRONA;NORDESTE 1;NORDESTE;OUTROS;2026-10-01;29,96;NORDESTE 1|01 - TUBOS ELETRODUTOS KRONA|OUTROS|OUT26
01 - TUBOS ELETRODUTOS KRONA;NORDESTE 1;NORDESTE;OUTROS;2026-11-01;37,20;NORDESTE 1|01 - TUBOS ELETRODUTOS KRONA|OUTROS|NOV26
01 - TUBOS ELETRODUTOS KRONA;NORDESTE 1;NORDESTE;OUTROS;2026-12-01;34,94;NORDESTE 1|01 - TUBOS ELETRODUTOS KRONA|OUTROS|DEZ26
01 - TUBOS ELETRODUTOS KRONA;NORDESTE 1;NORDESTE;VAREJO;2026-01-01;5374,20;NORDESTE 1|01 - TUBOS ELETRODUTOS KRONA|VAREJO|JAN26
01 - TUBOS ELETRODUTOS KRONA;NORDESTE 1;NORDESTE;VAREJO;2026-02-01;13083,16;NORDESTE 1|01 - TUBOS ELETRODUTOS KRONA|VAREJO|FEV26
01 - TUBOS ELETRODUTOS KRONA;NORDESTE 1;NORDESTE;VAREJO;2026-03-01;11847,56;NORDESTE 1|01 - TUBOS ELETRODUTOS KRONA|VAREJO|MAR26
01 - TUBOS ELETRODUTOS KRONA;NORDESTE 1;NORDESTE;VAREJO;2026-04-01;12695,97;NORDESTE 1|01 - TUBOS ELETRODUTOS KRONA|VAREJO|ABR26
01 - TUBOS ELETRODUTOS KRONA;NORDESTE 1;NORDESTE;VAREJO;2026-05-01;5779,48;NORDESTE 1|01 - TUBOS ELETRODUTOS KRONA|VAREJO|MAI26
01 - TUBOS ELETRODUTOS KRONA;NORDESTE 1;NORDESTE;VAREJO;2026-06-01;6517,38;NORDESTE 1|01 - TUBOS ELETRODUTOS KRONA|VAREJO|JUN26
01 - TUBOS ELETRODUTOS KRONA;NORDESTE 1;NORDESTE;VAREJO;2026-07-01;6545,59;NORDESTE 1|01 - TUBOS ELETRODUTOS KRONA|VAREJO|JUL26
01 - TUBOS ELETRODUTOS KRONA;NORDESTE 1;NORDESTE;VAREJO;2026-08-01;10405,48;NORDESTE 1|01 - TUBOS ELETRODUTOS KRONA|VAREJO|AGO26
01 - TUBOS ELETRODUTOS KRONA;NORDESTE 1;NORDESTE;VAREJO;2026-09-01;5560,93;NORDESTE 1|01 - TUBOS ELETRODUTOS KRONA|VAREJO|SET26
01 - TUBOS ELETRODUTOS KRONA;NORDESTE 1;NORDESTE;VAREJO;2026-10-01;7835,83;NORDESTE 1|01 - TUBOS ELETRODUTOS KRONA|VAREJO|OUT26
01 - TUBOS ELETRODUTOS KRONA;NORDESTE 1;NORDESTE;VAREJO;2026-11-01;9729,62;NORDESTE 1|01 - TUBOS ELETRODUTOS KRONA|VAREJO|NOV26
01 - TUBOS ELETRODUTOS KRONA;NORDESTE 1;NORDESTE;VAREJO;2026-12-01;9138,31;NORDESTE 1|01 - TUBOS ELETRODUTOS KRONA|VAREJO|DEZ26
01 - TUBOS ELETRODUTOS KRONA;NORDESTE 2;NORDESTE;ATACADO;2026-01-01;11215,62;NORDESTE 2|01 - TUBOS ELETRODUTOS KRONA|ATACADO|JAN26
01 - TUBOS ELETRODUTOS KRONA;NORDESTE 2;NORDESTE;ATACADO;2026-02-01;14766,30;NORDESTE 2|01 - TUBOS ELETRODUTOS KRONA|ATACADO|FEV26
01 - TUBOS ELETRODUTOS KRONA;NORDESTE 2;NORDESTE;ATACADO;2026-03-01;22379,90;NORDESTE 2|01 - TUBOS ELETRODUTOS KRONA|ATACADO|MAR26
01 - TUBOS ELETRODUTOS KRONA;NORDESTE 2;NORDESTE;ATACADO;2026-04-01;23273,31;NORDESTE 2|01 - TUBOS ELETRODUTOS KRONA|ATACADO|ABR26
01 - TUBOS ELETRODUTOS KRONA;NORDESTE 2;NORDESTE;ATACADO;2026-05-01;439,39;NORDESTE 2|01 - TUBOS ELETRODUTOS KRONA|ATACADO|MAI26
01 - TUBOS ELETRODUTOS KRONA;NORDESTE 2;NORDESTE;ATACADO;2026-06-01;25760,52;NORDESTE 2|01 - TUBOS ELETRODUTOS KRONA|ATACADO|JUN26
01 - TUBOS ELETRODUTOS KRONA;NORDESTE 2;NORDESTE;ATACADO;2026-07-01;2245,60;NORDESTE 2|01 - TUBOS ELETRODUTOS KRONA|ATACADO|JUL26
01 - TUBOS ELETRODUTOS KRONA;NORDESTE 2;NORDESTE;ATACADO;2026-08-01;12282,83;NORDESTE 2|01 - TUBOS ELETRODUTOS KRONA|ATACADO|AGO26
01 - TUBOS ELETRODUTOS KRONA;NORDESTE 2;NORDESTE;ATACADO;2026-09-01;15453,44;NORDESTE 2|01 - TUBOS ELETRODUTOS KRONA|ATACADO|SET26
01 - TUBOS ELETRODUTOS KRONA;NORDESTE 2;NORDESTE;ATACADO;2026-10-01;15338,49;NORDESTE 2|01 - TUBOS ELETRODUTOS KRONA|ATACADO|OUT26
01 - TUBOS ELETRODUTOS KRONA;NORDESTE 2;NORDESTE;ATACADO;2026-11-01;15482,79;NORDESTE 2|01 - TUBOS ELETRODUTOS KRONA|ATACADO|NOV26
01 - TUBOS ELETRODUTOS KRONA;NORDESTE 2;NORDESTE;ATACADO;2026-12-01;15668,89;NORDESTE 2|01 - TUBOS ELETRODUTOS KRONA|ATACADO|DEZ26
01 - TUBOS ELETRODUTOS KRONA;NORDESTE 2;NORDESTE;OUTROS;2026-04-01;208,00;NORDESTE 2|01 - TUBOS ELETRODUTOS KRONA|OUTROS|ABR26
01 - TUBOS ELETRODUTOS KRONA;NORDESTE 2;NORDESTE;OUTROS;2026-07-01;42,00;NORDESTE 2|01 - TUBOS ELETRODUTOS KRONA|OUTROS|JUL26
01 - TUBOS ELETRODUTOS KRONA;NORDESTE 2;NORDESTE;OUTROS;2026-09-01;17,72;NORDESTE 2|01 - TUBOS ELETRODUTOS KRONA|OUTROS|SET26
01 - TUBOS ELETRODUTOS KRONA;NORDESTE 2;NORDESTE;OUTROS;2026-10-01;17,59;NORDESTE 2|01 - TUBOS ELETRODUTOS KRONA|OUTROS|OUT26
01 - TUBOS ELETRODUTOS KRONA;NORDESTE 2;NORDESTE;OUTROS;2026-11-01;17,76;NORDESTE 2|01 - TUBOS ELETRODUTOS KRONA|OUTROS|NOV26
01 - TUBOS ELETRODUTOS KRONA;NORDESTE 2;NORDESTE;OUTROS;2026-12-01;17,97;NORDESTE 2|01 - TUBOS ELETRODUTOS KRONA|OUTROS|DEZ26
01 - TUBOS ELETRODUTOS KRONA;NORDESTE 2;NORDESTE;VAREJO;2026-01-01;7833,15;NORDESTE 2|01 - TUBOS ELETRODUTOS KRONA|VAREJO|JAN26
01 - TUBOS ELETRODUTOS KRONA;NORDESTE 2;NORDESTE;VAREJO;2026-02-01;14385,83;NORDESTE 2|01 - TUBOS ELETRODUTOS KRONA|VAREJO|FEV26
01 - TUBOS ELETRODUTOS KRONA;NORDESTE 2;NORDESTE;VAREJO;2026-03-01;36835,87;NORDESTE 2|01 - TUBOS ELETRODUTOS KRONA|VAREJO|MAR26
01 - TUBOS ELETRODUTOS KRONA;NORDESTE 2;NORDESTE;VAREJO;2026-04-01;34666,23;NORDESTE 2|01 - TUBOS ELETRODUTOS KRONA|VAREJO|ABR26
01 - TUBOS ELETRODUTOS KRONA;NORDESTE 2;NORDESTE;VAREJO;2026-05-01;29337,83;NORDESTE 2|01 - TUBOS ELETRODUTOS KRONA|VAREJO|MAI26
01 - TUBOS ELETRODUTOS KRONA;NORDESTE 2;NORDESTE;VAREJO;2026-06-01;17458,90;NORDESTE 2|01 - TUBOS ELETRODUTOS KRONA|VAREJO|JUN26
01 - TUBOS ELETRODUTOS KRONA;NORDESTE 2;NORDESTE;VAREJO;2026-07-01;12385,48;NORDESTE 2|01 - TUBOS ELETRODUTOS KRONA|VAREJO|JUL26
01 - TUBOS ELETRODUTOS KRONA;NORDESTE 2;NORDESTE;VAREJO;2026-08-01;25096,92;NORDESTE 2|01 - TUBOS ELETRODUTOS KRONA|VAREJO|AGO26
01 - TUBOS ELETRODUTOS KRONA;NORDESTE 2;NORDESTE;VAREJO;2026-09-01;22974,84;NORDESTE 2|01 - TUBOS ELETRODUTOS KRONA|VAREJO|SET26
01 - TUBOS ELETRODUTOS KRONA;NORDESTE 2;NORDESTE;VAREJO;2026-10-01;22803,93;NORDESTE 2|01 - TUBOS ELETRODUTOS KRONA|VAREJO|OUT26
01 - TUBOS ELETRODUTOS KRONA;NORDESTE 2;NORDESTE;VAREJO;2026-11-01;23018,46;NORDESTE 2|01 - TUBOS ELETRODUTOS KRONA|VAREJO|NOV26
01 - TUBOS ELETRODUTOS KRONA;NORDESTE 2;NORDESTE;VAREJO;2026-12-01;23295,14;NORDESTE 2|01 - TUBOS ELETRODUTOS KRONA|VAREJO|DEZ26
01 - TUBOS ELETRODUTOS KRONA;NORDESTE 3;NORDESTE;ATACADO;2026-01-01;947,45;NORDESTE 3|01 - TUBOS ELETRODUTOS KRONA|ATACADO|JAN26
01 - TUBOS ELETRODUTOS KRONA;NORDESTE 3;NORDESTE;ATACADO;2026-02-01;11232,28;NORDESTE 3|01 - TUBOS ELETRODUTOS KRONA|ATACADO|FEV26
01 - TUBOS ELETRODUTOS KRONA;NORDESTE 3;NORDESTE;ATACADO;2026-03-01;33370,78;NORDESTE 3|01 - TUBOS ELETRODUTOS KRONA|ATACADO|MAR26
01 - TUBOS ELETRODUTOS KRONA;NORDESTE 3;NORDESTE;ATACADO;2026-04-01;23804,72;NORDESTE 3|01 - TUBOS ELETRODUTOS KRONA|ATACADO|ABR26
01 - TUBOS ELETRODUTOS KRONA;NORDESTE 3;NORDESTE;ATACADO;2026-05-01;2932,21;NORDESTE 3|01 - TUBOS ELETRODUTOS KRONA|ATACADO|MAI26
01 - TUBOS ELETRODUTOS KRONA;NORDESTE 3;NORDESTE;ATACADO;2026-06-01;7690,72;NORDESTE 3|01 - TUBOS ELETRODUTOS KRONA|ATACADO|JUN26
01 - TUBOS ELETRODUTOS KRONA;NORDESTE 3;NORDESTE;ATACADO;2026-07-01;20731,36;NORDESTE 3|01 - TUBOS ELETRODUTOS KRONA|ATACADO|JUL26
01 - TUBOS ELETRODUTOS KRONA;NORDESTE 3;NORDESTE;ATACADO;2026-08-01;17428,06;NORDESTE 3|01 - TUBOS ELETRODUTOS KRONA|ATACADO|AGO26
01 - TUBOS ELETRODUTOS KRONA;NORDESTE 3;NORDESTE;ATACADO;2026-09-01;16754,18;NORDESTE 3|01 - TUBOS ELETRODUTOS KRONA|ATACADO|SET26
01 - TUBOS ELETRODUTOS KRONA;NORDESTE 3;NORDESTE;ATACADO;2026-10-01;21780,29;NORDESTE 3|01 - TUBOS ELETRODUTOS KRONA|ATACADO|OUT26
01 - TUBOS ELETRODUTOS KRONA;NORDESTE 3;NORDESTE;ATACADO;2026-11-01;19895,70;NORDESTE 3|01 - TUBOS ELETRODUTOS KRONA|ATACADO|NOV26
01 - TUBOS ELETRODUTOS KRONA;NORDESTE 3;NORDESTE;ATACADO;2026-12-01;15078,62;NORDESTE 3|01 - TUBOS ELETRODUTOS KRONA|ATACADO|DEZ26
01 - TUBOS ELETRODUTOS KRONA;NORDESTE 3;NORDESTE;OUTROS;2026-08-01;160,00;NORDESTE 3|01 - TUBOS ELETRODUTOS KRONA|OUTROS|AGO26
01 - TUBOS ELETRODUTOS KRONA;NORDESTE 3;NORDESTE;OUTROS;2026-09-01;15,89;NORDESTE 3|01 - TUBOS ELETRODUTOS KRONA|OUTROS|SET26
01 - TUBOS ELETRODUTOS KRONA;NORDESTE 3;NORDESTE;OUTROS;2026-10-01;20,66;NORDESTE 3|01 - TUBOS ELETRODUTOS KRONA|OUTROS|OUT26
01 - TUBOS ELETRODUTOS KRONA;NORDESTE 3;NORDESTE;OUTROS;2026-11-01;18,87;NORDESTE 3|01 - TUBOS ELETRODUTOS KRONA|OUTROS|NOV26
01 - TUBOS ELETRODUTOS KRONA;NORDESTE 3;NORDESTE;OUTROS;2026-12-01;14,30;NORDESTE 3|01 - TUBOS ELETRODUTOS KRONA|OUTROS|DEZ26
01 - TUBOS ELETRODUTOS KRONA;NORDESTE 3;NORDESTE;VAREJO;2026-01-01;3921,75;NORDESTE 3|01 - TUBOS ELETRODUTOS KRONA|VAREJO|JAN26
01 - TUBOS ELETRODUTOS KRONA;NORDESTE 3;NORDESTE;VAREJO;2026-02-01;15559,34;NORDESTE 3|01 - TUBOS ELETRODUTOS KRONA|VAREJO|FEV26
01 - TUBOS ELETRODUTOS KRONA;NORDESTE 3;NORDESTE;VAREJO;2026-03-01;23504,72;NORDESTE 3|01 - TUBOS ELETRODUTOS KRONA|VAREJO|MAR26
01 - TUBOS ELETRODUTOS KRONA;NORDESTE 3;NORDESTE;VAREJO;2026-04-01;36846,94;NORDESTE 3|01 - TUBOS ELETRODUTOS KRONA|VAREJO|ABR26
01 - TUBOS ELETRODUTOS KRONA;NORDESTE 3;NORDESTE;VAREJO;2026-05-01;23793,28;NORDESTE 3|01 - TUBOS ELETRODUTOS KRONA|VAREJO|MAI26
01 - TUBOS ELETRODUTOS KRONA;NORDESTE 3;NORDESTE;VAREJO;2026-06-01;9564,93;NORDESTE 3|01 - TUBOS ELETRODUTOS KRONA|VAREJO|JUN26
01 - TUBOS ELETRODUTOS KRONA;NORDESTE 3;NORDESTE;VAREJO;2026-07-01;14851,66;NORDESTE 3|01 - TUBOS ELETRODUTOS KRONA|VAREJO|JUL26
01 - TUBOS ELETRODUTOS KRONA;NORDESTE 3;NORDESTE;VAREJO;2026-08-01;19739,09;NORDESTE 3|01 - TUBOS ELETRODUTOS KRONA|VAREJO|AGO26
01 - TUBOS ELETRODUTOS KRONA;NORDESTE 3;NORDESTE;VAREJO;2026-09-01;18732,92;NORDESTE 3|01 - TUBOS ELETRODUTOS KRONA|VAREJO|SET26
01 - TUBOS ELETRODUTOS KRONA;NORDESTE 3;NORDESTE;VAREJO;2026-10-01;24352,64;NORDESTE 3|01 - TUBOS ELETRODUTOS KRONA|VAREJO|OUT26
01 - TUBOS ELETRODUTOS KRONA;NORDESTE 3;NORDESTE;VAREJO;2026-11-01;22245,47;NORDESTE 3|01 - TUBOS ELETRODUTOS KRONA|VAREJO|NOV26
01 - TUBOS ELETRODUTOS KRONA;NORDESTE 3;NORDESTE;VAREJO;2026-12-01;16859,47;NORDESTE 3|01 - TUBOS ELETRODUTOS KRONA|VAREJO|DEZ26
01 - TUBOS ELETRODUTOS KRONA;NORTE;CO NO;ATACADO;2026-01-01;3217,00;NORTE|01 - TUBOS ELETRODUTOS KRONA|ATACADO|JAN26
01 - TUBOS ELETRODUTOS KRONA;NORTE;CO NO;ATACADO;2026-02-01;6348,27;NORTE|01 - TUBOS ELETRODUTOS KRONA|ATACADO|FEV26
01 - TUBOS ELETRODUTOS KRONA;NORTE;CO NO;ATACADO;2026-03-01;2851,25;NORTE|01 - TUBOS ELETRODUTOS KRONA|ATACADO|MAR26
01 - TUBOS ELETRODUTOS KRONA;NORTE;CO NO;ATACADO;2026-04-01;3553,90;NORTE|01 - TUBOS ELETRODUTOS KRONA|ATACADO|ABR26
01 - TUBOS ELETRODUTOS KRONA;NORTE;CO NO;ATACADO;2026-05-01;1642,10;NORTE|01 - TUBOS ELETRODUTOS KRONA|ATACADO|MAI26
01 - TUBOS ELETRODUTOS KRONA;NORTE;CO NO;ATACADO;2026-06-01;3348,05;NORTE|01 - TUBOS ELETRODUTOS KRONA|ATACADO|JUN26
01 - TUBOS ELETRODUTOS KRONA;NORTE;CO NO;ATACADO;2026-07-01;4644,00;NORTE|01 - TUBOS ELETRODUTOS KRONA|ATACADO|JUL26
01 - TUBOS ELETRODUTOS KRONA;NORTE;CO NO;ATACADO;2026-08-01;5122,50;NORTE|01 - TUBOS ELETRODUTOS KRONA|ATACADO|AGO26
01 - TUBOS ELETRODUTOS KRONA;NORTE;CO NO;ATACADO;2026-09-01;4129,55;NORTE|01 - TUBOS ELETRODUTOS KRONA|ATACADO|SET26
01 - TUBOS ELETRODUTOS KRONA;NORTE;CO NO;ATACADO;2026-10-01;3740,59;NORTE|01 - TUBOS ELETRODUTOS KRONA|ATACADO|OUT26
01 - TUBOS ELETRODUTOS KRONA;NORTE;CO NO;ATACADO;2026-11-01;4272,70;NORTE|01 - TUBOS ELETRODUTOS KRONA|ATACADO|NOV26
01 - TUBOS ELETRODUTOS KRONA;NORTE;CO NO;ATACADO;2026-12-01;2461,45;NORTE|01 - TUBOS ELETRODUTOS KRONA|ATACADO|DEZ26
01 - TUBOS ELETRODUTOS KRONA;NORTE;CO NO;VAREJO;2026-01-01;1580,57;NORTE|01 - TUBOS ELETRODUTOS KRONA|VAREJO|JAN26
01 - TUBOS ELETRODUTOS KRONA;NORTE;CO NO;VAREJO;2026-02-01;3089,36;NORTE|01 - TUBOS ELETRODUTOS KRONA|VAREJO|FEV26
01 - TUBOS ELETRODUTOS KRONA;NORTE;CO NO;VAREJO;2026-03-01;9504,29;NORTE|01 - TUBOS ELETRODUTOS KRONA|VAREJO|MAR26
01 - TUBOS ELETRODUTOS KRONA;NORTE;CO NO;VAREJO;2026-04-01;6005,70;NORTE|01 - TUBOS ELETRODUTOS KRONA|VAREJO|ABR26
01 - TUBOS ELETRODUTOS KRONA;NORTE;CO NO;VAREJO;2026-05-01;9051,34;NORTE|01 - TUBOS ELETRODUTOS KRONA|VAREJO|MAI26
01 - TUBOS ELETRODUTOS KRONA;NORTE;CO NO;VAREJO;2026-06-01;4582,48;NORTE|01 - TUBOS ELETRODUTOS KRONA|VAREJO|JUN26
01 - TUBOS ELETRODUTOS KRONA;NORTE;CO NO;VAREJO;2026-07-01;7256,27;NORTE|01 - TUBOS ELETRODUTOS KRONA|VAREJO|JUL26
01 - TUBOS ELETRODUTOS KRONA;NORTE;CO NO;VAREJO;2026-08-01;8650,00;NORTE|01 - TUBOS ELETRODUTOS KRONA|VAREJO|AGO26
01 - TUBOS ELETRODUTOS KRONA;NORTE;CO NO;VAREJO;2026-09-01;5765,45;NORTE|01 - TUBOS ELETRODUTOS KRONA|VAREJO|SET26
01 - TUBOS ELETRODUTOS KRONA;NORTE;CO NO;VAREJO;2026-10-01;5222,41;NORTE|01 - TUBOS ELETRODUTOS KRONA|VAREJO|OUT26
01 - TUBOS ELETRODUTOS KRONA;NORTE;CO NO;VAREJO;2026-11-01;5965,30;NORTE|01 - TUBOS ELETRODUTOS KRONA|VAREJO|NOV26
01 - TUBOS ELETRODUTOS KRONA;NORTE;CO NO;VAREJO;2026-12-01;3436,55;NORTE|01 - TUBOS ELETRODUTOS KRONA|VAREJO|DEZ26
01 - TUBOS ELETRODUTOS KRONA;PARANA;SUL;ATACADO;2026-04-01;83,95;PARANA|01 - TUBOS ELETRODUTOS KRONA|ATACADO|ABR26
01 - TUBOS ELETRODUTOS KRONA;PARANA;SUL;ATACADO;2026-06-01;39,22;PARANA|01 - TUBOS ELETRODUTOS KRONA|ATACADO|JUN26
01 - TUBOS ELETRODUTOS KRONA;PARANA;SUL;ATACADO;2026-09-01;29,36;PARANA|01 - TUBOS ELETRODUTOS KRONA|ATACADO|SET26
01 - TUBOS ELETRODUTOS KRONA;PARANA;SUL;ATACADO;2026-10-01;28,81;PARANA|01 - TUBOS ELETRODUTOS KRONA|ATACADO|OUT26
01 - TUBOS ELETRODUTOS KRONA;PARANA;SUL;ATACADO;2026-11-01;25,49;PARANA|01 - TUBOS ELETRODUTOS KRONA|ATACADO|NOV26
01 - TUBOS ELETRODUTOS KRONA;PARANA;SUL;ATACADO;2026-12-01;11,17;PARANA|01 - TUBOS ELETRODUTOS KRONA|ATACADO|DEZ26
01 - TUBOS ELETRODUTOS KRONA;PARANA;SUL;OUTROS;2026-07-01;243,30;PARANA|01 - TUBOS ELETRODUTOS KRONA|OUTROS|JUL26
01 - TUBOS ELETRODUTOS KRONA;PARANA;SUL;OUTROS;2026-09-01;35,14;PARANA|01 - TUBOS ELETRODUTOS KRONA|OUTROS|SET26
01 - TUBOS ELETRODUTOS KRONA;PARANA;SUL;OUTROS;2026-10-01;34,49;PARANA|01 - TUBOS ELETRODUTOS KRONA|OUTROS|OUT26
01 - TUBOS ELETRODUTOS KRONA;PARANA;SUL;OUTROS;2026-11-01;30,52;PARANA|01 - TUBOS ELETRODUTOS KRONA|OUTROS|NOV26
01 - TUBOS ELETRODUTOS KRONA;PARANA;SUL;OUTROS;2026-12-01;13,38;PARANA|01 - TUBOS ELETRODUTOS KRONA|OUTROS|DEZ26
01 - TUBOS ELETRODUTOS KRONA;PARANA;SUL;VAREJO;2026-01-01;101,36;PARANA|01 - TUBOS ELETRODUTOS KRONA|VAREJO|JAN26
01 - TUBOS ELETRODUTOS KRONA;PARANA;SUL;VAREJO;2026-02-01;511,33;PARANA|01 - TUBOS ELETRODUTOS KRONA|VAREJO|FEV26
01 - TUBOS ELETRODUTOS KRONA;PARANA;SUL;VAREJO;2026-03-01;521,60;PARANA|01 - TUBOS ELETRODUTOS KRONA|VAREJO|MAR26
01 - TUBOS ELETRODUTOS KRONA;PARANA;SUL;VAREJO;2026-04-01;301,03;PARANA|01 - TUBOS ELETRODUTOS KRONA|VAREJO|ABR26
01 - TUBOS ELETRODUTOS KRONA;PARANA;SUL;VAREJO;2026-05-01;785,06;PARANA|01 - TUBOS ELETRODUTOS KRONA|VAREJO|MAI26
01 - TUBOS ELETRODUTOS KRONA;PARANA;SUL;VAREJO;2026-06-01;220,50;PARANA|01 - TUBOS ELETRODUTOS KRONA|VAREJO|JUN26
01 - TUBOS ELETRODUTOS KRONA;PARANA;SUL;VAREJO;2026-07-01;214,47;PARANA|01 - TUBOS ELETRODUTOS KRONA|VAREJO|JUL26
01 - TUBOS ELETRODUTOS KRONA;PARANA;SUL;VAREJO;2026-08-01;143,64;PARANA|01 - TUBOS ELETRODUTOS KRONA|VAREJO|AGO26
01 - TUBOS ELETRODUTOS KRONA;PARANA;SUL;VAREJO;2026-09-01;421,50;PARANA|01 - TUBOS ELETRODUTOS KRONA|VAREJO|SET26
01 - TUBOS ELETRODUTOS KRONA;PARANA;SUL;VAREJO;2026-10-01;413,70;PARANA|01 - TUBOS ELETRODUTOS KRONA|VAREJO|OUT26
01 - TUBOS ELETRODUTOS KRONA;PARANA;SUL;VAREJO;2026-11-01;365,99;PARANA|01 - TUBOS ELETRODUTOS KRONA|VAREJO|NOV26
01 - TUBOS ELETRODUTOS KRONA;PARANA;SUL;VAREJO;2026-12-01;160,45;PARANA|01 - TUBOS ELETRODUTOS KRONA|VAREJO|DEZ26
01 - TUBOS ELETRODUTOS KRONA;RIO GRANDE DO SUL;SUL;ATACADO;2026-01-01;40,40;RIO GRANDE DO SUL|01 - TUBOS ELETRODUTOS KRONA|ATACADO|JAN26
01 - TUBOS ELETRODUTOS KRONA;RIO GRANDE DO SUL;SUL;ATACADO;2026-02-01;490,00;RIO GRANDE DO SUL|01 - TUBOS ELETRODUTOS KRONA|ATACADO|FEV26
01 - TUBOS ELETRODUTOS KRONA;RIO GRANDE DO SUL;SUL;ATACADO;2026-03-01;1145,40;RIO GRANDE DO SUL|01 - TUBOS ELETRODUTOS KRONA|ATACADO|MAR26
01 - TUBOS ELETRODUTOS KRONA;RIO GRANDE DO SUL;SUL;ATACADO;2026-04-01;663,57;RIO GRANDE DO SUL|01 - TUBOS ELETRODUTOS KRONA|ATACADO|ABR26
01 - TUBOS ELETRODUTOS KRONA;RIO GRANDE DO SUL;SUL;ATACADO;2026-06-01;32,55;RIO GRANDE DO SUL|01 - TUBOS ELETRODUTOS KRONA|ATACADO|JUN26
01 - TUBOS ELETRODUTOS KRONA;RIO GRANDE DO SUL;SUL;ATACADO;2026-07-01;124,50;RIO GRANDE DO SUL|01 - TUBOS ELETRODUTOS KRONA|ATACADO|JUL26
01 - TUBOS ELETRODUTOS KRONA;RIO GRANDE DO SUL;SUL;ATACADO;2026-08-01;91,00;RIO GRANDE DO SUL|01 - TUBOS ELETRODUTOS KRONA|ATACADO|AGO26
01 - TUBOS ELETRODUTOS KRONA;RIO GRANDE DO SUL;SUL;ATACADO;2026-09-01;283,66;RIO GRANDE DO SUL|01 - TUBOS ELETRODUTOS KRONA|ATACADO|SET26
01 - TUBOS ELETRODUTOS KRONA;RIO GRANDE DO SUL;SUL;ATACADO;2026-10-01;283,66;RIO GRANDE DO SUL|01 - TUBOS ELETRODUTOS KRONA|ATACADO|OUT26
01 - TUBOS ELETRODUTOS KRONA;RIO GRANDE DO SUL;SUL;ATACADO;2026-11-01;174,63;RIO GRANDE DO SUL|01 - TUBOS ELETRODUTOS KRONA|ATACADO|NOV26
01 - TUBOS ELETRODUTOS KRONA;RIO GRANDE DO SUL;SUL;ATACADO;2026-12-01;164,96;RIO GRANDE DO SUL|01 - TUBOS ELETRODUTOS KRONA|ATACADO|DEZ26
01 - TUBOS ELETRODUTOS KRONA;RIO GRANDE DO SUL;SUL;OUTROS;2026-02-01;165,76;RIO GRANDE DO SUL|01 - TUBOS ELETRODUTOS KRONA|OUTROS|FEV26
01 - TUBOS ELETRODUTOS KRONA;RIO GRANDE DO SUL;SUL;OUTROS;2026-04-01;211,20;RIO GRANDE DO SUL|01 - TUBOS ELETRODUTOS KRONA|OUTROS|ABR26
01 - TUBOS ELETRODUTOS KRONA;RIO GRANDE DO SUL;SUL;OUTROS;2026-07-01;289,57;RIO GRANDE DO SUL|01 - TUBOS ELETRODUTOS KRONA|OUTROS|JUL26
01 - TUBOS ELETRODUTOS KRONA;RIO GRANDE DO SUL;SUL;OUTROS;2026-08-01;158,84;RIO GRANDE DO SUL|01 - TUBOS ELETRODUTOS KRONA|OUTROS|AGO26
01 - TUBOS ELETRODUTOS KRONA;RIO GRANDE DO SUL;SUL;OUTROS;2026-09-01;120,15;RIO GRANDE DO SUL|01 - TUBOS ELETRODUTOS KRONA|OUTROS|SET26
01 - TUBOS ELETRODUTOS KRONA;RIO GRANDE DO SUL;SUL;OUTROS;2026-10-01;120,15;RIO GRANDE DO SUL|01 - TUBOS ELETRODUTOS KRONA|OUTROS|OUT26
01 - TUBOS ELETRODUTOS KRONA;RIO GRANDE DO SUL;SUL;OUTROS;2026-11-01;73,97;RIO GRANDE DO SUL|01 - TUBOS ELETRODUTOS KRONA|OUTROS|NOV26
01 - TUBOS ELETRODUTOS KRONA;RIO GRANDE DO SUL;SUL;OUTROS;2026-12-01;69,87;RIO GRANDE DO SUL|01 - TUBOS ELETRODUTOS KRONA|OUTROS|DEZ26
01 - TUBOS ELETRODUTOS KRONA;RIO GRANDE DO SUL;SUL;VAREJO;2026-01-01;438,14;RIO GRANDE DO SUL|01 - TUBOS ELETRODUTOS KRONA|VAREJO|JAN26
01 - TUBOS ELETRODUTOS KRONA;RIO GRANDE DO SUL;SUL;VAREJO;2026-02-01;4353,01;RIO GRANDE DO SUL|01 - TUBOS ELETRODUTOS KRONA|VAREJO|FEV26
01 - TUBOS ELETRODUTOS KRONA;RIO GRANDE DO SUL;SUL;VAREJO;2026-03-01;1843,33;RIO GRANDE DO SUL|01 - TUBOS ELETRODUTOS KRONA|VAREJO|MAR26
01 - TUBOS ELETRODUTOS KRONA;RIO GRANDE DO SUL;SUL;VAREJO;2026-04-01;779,70;RIO GRANDE DO SUL|01 - TUBOS ELETRODUTOS KRONA|VAREJO|ABR26
01 - TUBOS ELETRODUTOS KRONA;RIO GRANDE DO SUL;SUL;VAREJO;2026-05-01;5334,19;RIO GRANDE DO SUL|01 - TUBOS ELETRODUTOS KRONA|VAREJO|MAI26
01 - TUBOS ELETRODUTOS KRONA;RIO GRANDE DO SUL;SUL;VAREJO;2026-06-01;409,57;RIO GRANDE DO SUL|01 - TUBOS ELETRODUTOS KRONA|VAREJO|JUN26
01 - TUBOS ELETRODUTOS KRONA;RIO GRANDE DO SUL;SUL;VAREJO;2026-07-01;4994,54;RIO GRANDE DO SUL|01 - TUBOS ELETRODUTOS KRONA|VAREJO|JUL26
01 - TUBOS ELETRODUTOS KRONA;RIO GRANDE DO SUL;SUL;VAREJO;2026-08-01;2494,41;RIO GRANDE DO SUL|01 - TUBOS ELETRODUTOS KRONA|VAREJO|AGO26
01 - TUBOS ELETRODUTOS KRONA;RIO GRANDE DO SUL;SUL;VAREJO;2026-09-01;1596,18;RIO GRANDE DO SUL|01 - TUBOS ELETRODUTOS KRONA|VAREJO|SET26
01 - TUBOS ELETRODUTOS KRONA;RIO GRANDE DO SUL;SUL;VAREJO;2026-10-01;1596,18;RIO GRANDE DO SUL|01 - TUBOS ELETRODUTOS KRONA|VAREJO|OUT26
01 - TUBOS ELETRODUTOS KRONA;RIO GRANDE DO SUL;SUL;VAREJO;2026-11-01;982,66;RIO GRANDE DO SUL|01 - TUBOS ELETRODUTOS KRONA|VAREJO|NOV26
01 - TUBOS ELETRODUTOS KRONA;RIO GRANDE DO SUL;SUL;VAREJO;2026-12-01;928,22;RIO GRANDE DO SUL|01 - TUBOS ELETRODUTOS KRONA|VAREJO|DEZ26
01 - TUBOS ELETRODUTOS KRONA;RJ/ES;MINAS RJ/ES;ATACADO;2026-01-01;74,20;RJ/ES|01 - TUBOS ELETRODUTOS KRONA|ATACADO|JAN26
01 - TUBOS ELETRODUTOS KRONA;RJ/ES;MINAS RJ/ES;ATACADO;2026-02-01;757,56;RJ/ES|01 - TUBOS ELETRODUTOS KRONA|ATACADO|FEV26
01 - TUBOS ELETRODUTOS KRONA;RJ/ES;MINAS RJ/ES;ATACADO;2026-03-01;1604,55;RJ/ES|01 - TUBOS ELETRODUTOS KRONA|ATACADO|MAR26
01 - TUBOS ELETRODUTOS KRONA;RJ/ES;MINAS RJ/ES;ATACADO;2026-04-01;2193,04;RJ/ES|01 - TUBOS ELETRODUTOS KRONA|ATACADO|ABR26
01 - TUBOS ELETRODUTOS KRONA;RJ/ES;MINAS RJ/ES;ATACADO;2026-05-01;154,56;RJ/ES|01 - TUBOS ELETRODUTOS KRONA|ATACADO|MAI26
01 - TUBOS ELETRODUTOS KRONA;RJ/ES;MINAS RJ/ES;ATACADO;2026-06-01;532,60;RJ/ES|01 - TUBOS ELETRODUTOS KRONA|ATACADO|JUN26
01 - TUBOS ELETRODUTOS KRONA;RJ/ES;MINAS RJ/ES;ATACADO;2026-07-01;634,24;RJ/ES|01 - TUBOS ELETRODUTOS KRONA|ATACADO|JUL26
01 - TUBOS ELETRODUTOS KRONA;RJ/ES;MINAS RJ/ES;ATACADO;2026-08-01;554,18;RJ/ES|01 - TUBOS ELETRODUTOS KRONA|ATACADO|AGO26
01 - TUBOS ELETRODUTOS KRONA;RJ/ES;MINAS RJ/ES;ATACADO;2026-09-01;588,88;RJ/ES|01 - TUBOS ELETRODUTOS KRONA|ATACADO|SET26
01 - TUBOS ELETRODUTOS KRONA;RJ/ES;MINAS RJ/ES;ATACADO;2026-10-01;560,20;RJ/ES|01 - TUBOS ELETRODUTOS KRONA|ATACADO|OUT26
01 - TUBOS ELETRODUTOS KRONA;RJ/ES;MINAS RJ/ES;ATACADO;2026-11-01;560,20;RJ/ES|01 - TUBOS ELETRODUTOS KRONA|ATACADO|NOV26
01 - TUBOS ELETRODUTOS KRONA;RJ/ES;MINAS RJ/ES;ATACADO;2026-12-01;560,20;RJ/ES|01 - TUBOS ELETRODUTOS KRONA|ATACADO|DEZ26
01 - TUBOS ELETRODUTOS KRONA;RJ/ES;MINAS RJ/ES;OUTROS;2026-03-01;167,83;RJ/ES|01 - TUBOS ELETRODUTOS KRONA|OUTROS|MAR26
01 - TUBOS ELETRODUTOS KRONA;RJ/ES;MINAS RJ/ES;OUTROS;2026-07-01;18,00;RJ/ES|01 - TUBOS ELETRODUTOS KRONA|OUTROS|JUL26
01 - TUBOS ELETRODUTOS KRONA;RJ/ES;MINAS RJ/ES;OUTROS;2026-08-01;56,04;RJ/ES|01 - TUBOS ELETRODUTOS KRONA|OUTROS|AGO26
01 - TUBOS ELETRODUTOS KRONA;RJ/ES;MINAS RJ/ES;OUTROS;2026-09-01;23,58;RJ/ES|01 - TUBOS ELETRODUTOS KRONA|OUTROS|SET26
01 - TUBOS ELETRODUTOS KRONA;RJ/ES;MINAS RJ/ES;OUTROS;2026-10-01;22,43;RJ/ES|01 - TUBOS ELETRODUTOS KRONA|OUTROS|OUT26
01 - TUBOS ELETRODUTOS KRONA;RJ/ES;MINAS RJ/ES;OUTROS;2026-11-01;22,43;RJ/ES|01 - TUBOS ELETRODUTOS KRONA|OUTROS|NOV26
01 - TUBOS ELETRODUTOS KRONA;RJ/ES;MINAS RJ/ES;OUTROS;2026-12-01;22,43;RJ/ES|01 - TUBOS ELETRODUTOS KRONA|OUTROS|DEZ26
01 - TUBOS ELETRODUTOS KRONA;RJ/ES;MINAS RJ/ES;VAREJO;2026-01-01;114,60;RJ/ES|01 - TUBOS ELETRODUTOS KRONA|VAREJO|JAN26
01 - TUBOS ELETRODUTOS KRONA;RJ/ES;MINAS RJ/ES;VAREJO;2026-02-01;1202,61;RJ/ES|01 - TUBOS ELETRODUTOS KRONA|VAREJO|FEV26
01 - TUBOS ELETRODUTOS KRONA;RJ/ES;MINAS RJ/ES;VAREJO;2026-03-01;3801,28;RJ/ES|01 - TUBOS ELETRODUTOS KRONA|VAREJO|MAR26
01 - TUBOS ELETRODUTOS KRONA;RJ/ES;MINAS RJ/ES;VAREJO;2026-04-01;1256,20;RJ/ES|01 - TUBOS ELETRODUTOS KRONA|VAREJO|ABR26
01 - TUBOS ELETRODUTOS KRONA;RJ/ES;MINAS RJ/ES;VAREJO;2026-05-01;6704,24;RJ/ES|01 - TUBOS ELETRODUTOS KRONA|VAREJO|MAI26
01 - TUBOS ELETRODUTOS KRONA;RJ/ES;MINAS RJ/ES;VAREJO;2026-06-01;324,16;RJ/ES|01 - TUBOS ELETRODUTOS KRONA|VAREJO|JUN26
01 - TUBOS ELETRODUTOS KRONA;RJ/ES;MINAS RJ/ES;VAREJO;2026-07-01;3316,16;RJ/ES|01 - TUBOS ELETRODUTOS KRONA|VAREJO|JUL26
01 - TUBOS ELETRODUTOS KRONA;RJ/ES;MINAS RJ/ES;VAREJO;2026-08-01;3154,88;RJ/ES|01 - TUBOS ELETRODUTOS KRONA|VAREJO|AGO26
01 - TUBOS ELETRODUTOS KRONA;RJ/ES;MINAS RJ/ES;VAREJO;2026-09-01;1194,55;RJ/ES|01 - TUBOS ELETRODUTOS KRONA|VAREJO|SET26
01 - TUBOS ELETRODUTOS KRONA;RJ/ES;MINAS RJ/ES;VAREJO;2026-10-01;1136,37;RJ/ES|01 - TUBOS ELETRODUTOS KRONA|VAREJO|OUT26
01 - TUBOS ELETRODUTOS KRONA;RJ/ES;MINAS RJ/ES;VAREJO;2026-11-01;1136,37;RJ/ES|01 - TUBOS ELETRODUTOS KRONA|VAREJO|NOV26
01 - TUBOS ELETRODUTOS KRONA;RJ/ES;MINAS RJ/ES;VAREJO;2026-12-01;1136,37;RJ/ES|01 - TUBOS ELETRODUTOS KRONA|VAREJO|DEZ26
01 - TUBOS ELETRODUTOS KRONA;SANTA CATARINA 01;SUL;ATACADO;2026-02-01;135,00;SANTA CATARINA 01|01 - TUBOS ELETRODUTOS KRONA|ATACADO|FEV26
01 - TUBOS ELETRODUTOS KRONA;SANTA CATARINA 01;SUL;ATACADO;2026-09-01;18,26;SANTA CATARINA 01|01 - TUBOS ELETRODUTOS KRONA|ATACADO|SET26
01 - TUBOS ELETRODUTOS KRONA;SANTA CATARINA 01;SUL;ATACADO;2026-10-01;22,59;SANTA CATARINA 01|01 - TUBOS ELETRODUTOS KRONA|ATACADO|OUT26
01 - TUBOS ELETRODUTOS KRONA;SANTA CATARINA 01;SUL;ATACADO;2026-11-01;24,93;SANTA CATARINA 01|01 - TUBOS ELETRODUTOS KRONA|ATACADO|NOV26
01 - TUBOS ELETRODUTOS KRONA;SANTA CATARINA 01;SUL;ATACADO;2026-12-01;25,53;SANTA CATARINA 01|01 - TUBOS ELETRODUTOS KRONA|ATACADO|DEZ26
01 - TUBOS ELETRODUTOS KRONA;SANTA CATARINA 01;SUL;OUTROS;2026-03-01;9,15;SANTA CATARINA 01|01 - TUBOS ELETRODUTOS KRONA|OUTROS|MAR26
01 - TUBOS ELETRODUTOS KRONA;SANTA CATARINA 01;SUL;OUTROS;2026-09-01;0,53;SANTA CATARINA 01|01 - TUBOS ELETRODUTOS KRONA|OUTROS|SET26
01 - TUBOS ELETRODUTOS KRONA;SANTA CATARINA 01;SUL;OUTROS;2026-10-01;0,66;SANTA CATARINA 01|01 - TUBOS ELETRODUTOS KRONA|OUTROS|OUT26
01 - TUBOS ELETRODUTOS KRONA;SANTA CATARINA 01;SUL;OUTROS;2026-11-01;0,72;SANTA CATARINA 01|01 - TUBOS ELETRODUTOS KRONA|OUTROS|NOV26
01 - TUBOS ELETRODUTOS KRONA;SANTA CATARINA 01;SUL;OUTROS;2026-12-01;0,74;SANTA CATARINA 01|01 - TUBOS ELETRODUTOS KRONA|OUTROS|DEZ26
01 - TUBOS ELETRODUTOS KRONA;SANTA CATARINA 01;SUL;VAREJO;2026-01-01;69,33;SANTA CATARINA 01|01 - TUBOS ELETRODUTOS KRONA|VAREJO|JAN26
01 - TUBOS ELETRODUTOS KRONA;SANTA CATARINA 01;SUL;VAREJO;2026-02-01;510,60;SANTA CATARINA 01|01 - TUBOS ELETRODUTOS KRONA|VAREJO|FEV26
01 - TUBOS ELETRODUTOS KRONA;SANTA CATARINA 01;SUL;VAREJO;2026-03-01;691,30;SANTA CATARINA 01|01 - TUBOS ELETRODUTOS KRONA|VAREJO|MAR26
01 - TUBOS ELETRODUTOS KRONA;SANTA CATARINA 01;SUL;VAREJO;2026-04-01;709,30;SANTA CATARINA 01|01 - TUBOS ELETRODUTOS KRONA|VAREJO|ABR26
01 - TUBOS ELETRODUTOS KRONA;SANTA CATARINA 01;SUL;VAREJO;2026-05-01;714,23;SANTA CATARINA 01|01 - TUBOS ELETRODUTOS KRONA|VAREJO|MAI26
01 - TUBOS ELETRODUTOS KRONA;SANTA CATARINA 01;SUL;VAREJO;2026-06-01;226,75;SANTA CATARINA 01|01 - TUBOS ELETRODUTOS KRONA|VAREJO|JUN26
01 - TUBOS ELETRODUTOS KRONA;SANTA CATARINA 01;SUL;VAREJO;2026-07-01;126,82;SANTA CATARINA 01|01 - TUBOS ELETRODUTOS KRONA|VAREJO|JUL26
01 - TUBOS ELETRODUTOS KRONA;SANTA CATARINA 01;SUL;VAREJO;2026-08-01;612,75;SANTA CATARINA 01|01 - TUBOS ELETRODUTOS KRONA|VAREJO|AGO26
01 - TUBOS ELETRODUTOS KRONA;SANTA CATARINA 01;SUL;VAREJO;2026-09-01;331,21;SANTA CATARINA 01|01 - TUBOS ELETRODUTOS KRONA|VAREJO|SET26
01 - TUBOS ELETRODUTOS KRONA;SANTA CATARINA 01;SUL;VAREJO;2026-10-01;409,76;SANTA CATARINA 01|01 - TUBOS ELETRODUTOS KRONA|VAREJO|OUT26
01 - TUBOS ELETRODUTOS KRONA;SANTA CATARINA 01;SUL;VAREJO;2026-11-01;452,34;SANTA CATARINA 01|01 - TUBOS ELETRODUTOS KRONA|VAREJO|NOV26
01 - TUBOS ELETRODUTOS KRONA;SANTA CATARINA 01;SUL;VAREJO;2026-12-01;463,20;SANTA CATARINA 01|01 - TUBOS ELETRODUTOS KRONA|VAREJO|DEZ26
01 - TUBOS ELETRODUTOS KRONA;SANTA CATARINA 02;SUL;ATACADO;2026-03-01;59,00;SANTA CATARINA 02|01 - TUBOS ELETRODUTOS KRONA|ATACADO|MAR26
01 - TUBOS ELETRODUTOS KRONA;SANTA CATARINA 02;SUL;ATACADO;2026-08-01;1305,91;SANTA CATARINA 02|01 - TUBOS ELETRODUTOS KRONA|ATACADO|AGO26
01 - TUBOS ELETRODUTOS KRONA;SANTA CATARINA 02;SUL;ATACADO;2026-09-01;126,16;SANTA CATARINA 02|01 - TUBOS ELETRODUTOS KRONA|ATACADO|SET26
01 - TUBOS ELETRODUTOS KRONA;SANTA CATARINA 02;SUL;ATACADO;2026-10-01;113,11;SANTA CATARINA 02|01 - TUBOS ELETRODUTOS KRONA|ATACADO|OUT26
01 - TUBOS ELETRODUTOS KRONA;SANTA CATARINA 02;SUL;ATACADO;2026-11-01;96,40;SANTA CATARINA 02|01 - TUBOS ELETRODUTOS KRONA|ATACADO|NOV26
01 - TUBOS ELETRODUTOS KRONA;SANTA CATARINA 02;SUL;ATACADO;2026-12-01;95,44;SANTA CATARINA 02|01 - TUBOS ELETRODUTOS KRONA|ATACADO|DEZ26
01 - TUBOS ELETRODUTOS KRONA;SANTA CATARINA 02;SUL;VAREJO;2026-01-01;125,80;SANTA CATARINA 02|01 - TUBOS ELETRODUTOS KRONA|VAREJO|JAN26
01 - TUBOS ELETRODUTOS KRONA;SANTA CATARINA 02;SUL;VAREJO;2026-02-01;46,36;SANTA CATARINA 02|01 - TUBOS ELETRODUTOS KRONA|VAREJO|FEV26
01 - TUBOS ELETRODUTOS KRONA;SANTA CATARINA 02;SUL;VAREJO;2026-03-01;460,48;SANTA CATARINA 02|01 - TUBOS ELETRODUTOS KRONA|VAREJO|MAR26
01 - TUBOS ELETRODUTOS KRONA;SANTA CATARINA 02;SUL;VAREJO;2026-04-01;147,97;SANTA CATARINA 02|01 - TUBOS ELETRODUTOS KRONA|VAREJO|ABR26
01 - TUBOS ELETRODUTOS KRONA;SANTA CATARINA 02;SUL;VAREJO;2026-05-01;106,81;SANTA CATARINA 02|01 - TUBOS ELETRODUTOS KRONA|VAREJO|MAI26
01 - TUBOS ELETRODUTOS KRONA;SANTA CATARINA 02;SUL;VAREJO;2026-06-01;183,20;SANTA CATARINA 02|01 - TUBOS ELETRODUTOS KRONA|VAREJO|JUN26
01 - TUBOS ELETRODUTOS KRONA;SANTA CATARINA 02;SUL;VAREJO;2026-07-01;562,16;SANTA CATARINA 02|01 - TUBOS ELETRODUTOS KRONA|VAREJO|JUL26
01 - TUBOS ELETRODUTOS KRONA;SANTA CATARINA 02;SUL;VAREJO;2026-08-01;211,86;SANTA CATARINA 02|01 - TUBOS ELETRODUTOS KRONA|VAREJO|AGO26
01 - TUBOS ELETRODUTOS KRONA;SANTA CATARINA 02;SUL;VAREJO;2026-09-01;352,35;SANTA CATARINA 02|01 - TUBOS ELETRODUTOS KRONA|VAREJO|SET26
01 - TUBOS ELETRODUTOS KRONA;SANTA CATARINA 02;SUL;VAREJO;2026-10-01;315,89;SANTA CATARINA 02|01 - TUBOS ELETRODUTOS KRONA|VAREJO|OUT26
01 - TUBOS ELETRODUTOS KRONA;SANTA CATARINA 02;SUL;VAREJO;2026-11-01;269,23;SANTA CATARINA 02|01 - TUBOS ELETRODUTOS KRONA|VAREJO|NOV26
01 - TUBOS ELETRODUTOS KRONA;SANTA CATARINA 02;SUL;VAREJO;2026-12-01;266,55;SANTA CATARINA 02|01 - TUBOS ELETRODUTOS KRONA|VAREJO|DEZ26
01 - TUBOS ELETRODUTOS KRONA;SAO PAULO CAPITAL;SP;ATACADO;2026-02-01;11,20;SAO PAULO CAPITAL|01 - TUBOS ELETRODUTOS KRONA|ATACADO|FEV26
01 - TUBOS ELETRODUTOS KRONA;SAO PAULO CAPITAL;SP;ATACADO;2026-03-01;54,00;SAO PAULO CAPITAL|01 - TUBOS ELETRODUTOS KRONA|ATACADO|MAR26
01 - TUBOS ELETRODUTOS KRONA;SAO PAULO CAPITAL;SP;ATACADO;2026-06-01;35,10;SAO PAULO CAPITAL|01 - TUBOS ELETRODUTOS KRONA|ATACADO|JUN26
01 - TUBOS ELETRODUTOS KRONA;SAO PAULO CAPITAL;SP;ATACADO;2026-09-01;17,55;SAO PAULO CAPITAL|01 - TUBOS ELETRODUTOS KRONA|ATACADO|SET26
01 - TUBOS ELETRODUTOS KRONA;SAO PAULO CAPITAL;SP;ATACADO;2026-10-01;16,28;SAO PAULO CAPITAL|01 - TUBOS ELETRODUTOS KRONA|ATACADO|OUT26
01 - TUBOS ELETRODUTOS KRONA;SAO PAULO CAPITAL;SP;ATACADO;2026-11-01;14,96;SAO PAULO CAPITAL|01 - TUBOS ELETRODUTOS KRONA|ATACADO|NOV26
01 - TUBOS ELETRODUTOS KRONA;SAO PAULO CAPITAL;SP;ATACADO;2026-12-01;12,65;SAO PAULO CAPITAL|01 - TUBOS ELETRODUTOS KRONA|ATACADO|DEZ26
01 - TUBOS ELETRODUTOS KRONA;SAO PAULO CAPITAL;SP;OUTROS;2026-09-01;59,50;SAO PAULO CAPITAL|01 - TUBOS ELETRODUTOS KRONA|OUTROS|SET26
01 - TUBOS ELETRODUTOS KRONA;SAO PAULO CAPITAL;SP;OUTROS;2026-10-01;55,18;SAO PAULO CAPITAL|01 - TUBOS ELETRODUTOS KRONA|OUTROS|OUT26
01 - TUBOS ELETRODUTOS KRONA;SAO PAULO CAPITAL;SP;OUTROS;2026-11-01;50,72;SAO PAULO CAPITAL|01 - TUBOS ELETRODUTOS KRONA|OUTROS|NOV26
01 - TUBOS ELETRODUTOS KRONA;SAO PAULO CAPITAL;SP;OUTROS;2026-12-01;42,88;SAO PAULO CAPITAL|01 - TUBOS ELETRODUTOS KRONA|OUTROS|DEZ26
01 - TUBOS ELETRODUTOS KRONA;SAO PAULO CAPITAL;SP;VAREJO;2026-01-01;105,00;SAO PAULO CAPITAL|01 - TUBOS ELETRODUTOS KRONA|VAREJO|JAN26
01 - TUBOS ELETRODUTOS KRONA;SAO PAULO CAPITAL;SP;VAREJO;2026-02-01;757,46;SAO PAULO CAPITAL|01 - TUBOS ELETRODUTOS KRONA|VAREJO|FEV26
01 - TUBOS ELETRODUTOS KRONA;SAO PAULO CAPITAL;SP;VAREJO;2026-03-01;1025,21;SAO PAULO CAPITAL|01 - TUBOS ELETRODUTOS KRONA|VAREJO|MAR26
01 - TUBOS ELETRODUTOS KRONA;SAO PAULO CAPITAL;SP;VAREJO;2026-04-01;1012,90;SAO PAULO CAPITAL|01 - TUBOS ELETRODUTOS KRONA|VAREJO|ABR26
01 - TUBOS ELETRODUTOS KRONA;SAO PAULO CAPITAL;SP;VAREJO;2026-05-01;858,84;SAO PAULO CAPITAL|01 - TUBOS ELETRODUTOS KRONA|VAREJO|MAI26
01 - TUBOS ELETRODUTOS KRONA;SAO PAULO CAPITAL;SP;VAREJO;2026-06-01;424,81;SAO PAULO CAPITAL|01 - TUBOS ELETRODUTOS KRONA|VAREJO|JUN26
01 - TUBOS ELETRODUTOS KRONA;SAO PAULO CAPITAL;SP;VAREJO;2026-07-01;572,51;SAO PAULO CAPITAL|01 - TUBOS ELETRODUTOS KRONA|VAREJO|JUL26
01 - TUBOS ELETRODUTOS KRONA;SAO PAULO CAPITAL;SP;VAREJO;2026-08-01;555,41;SAO PAULO CAPITAL|01 - TUBOS ELETRODUTOS KRONA|VAREJO|AGO26
01 - TUBOS ELETRODUTOS KRONA;SAO PAULO CAPITAL;SP;VAREJO;2026-09-01;817,95;SAO PAULO CAPITAL|01 - TUBOS ELETRODUTOS KRONA|VAREJO|SET26
01 - TUBOS ELETRODUTOS KRONA;SAO PAULO CAPITAL;SP;VAREJO;2026-10-01;758,54;SAO PAULO CAPITAL|01 - TUBOS ELETRODUTOS KRONA|VAREJO|OUT26
01 - TUBOS ELETRODUTOS KRONA;SAO PAULO CAPITAL;SP;VAREJO;2026-11-01;697,31;SAO PAULO CAPITAL|01 - TUBOS ELETRODUTOS KRONA|VAREJO|NOV26
01 - TUBOS ELETRODUTOS KRONA;SAO PAULO CAPITAL;SP;VAREJO;2026-12-01;589,47;SAO PAULO CAPITAL|01 - TUBOS ELETRODUTOS KRONA|VAREJO|DEZ26
01 - TUBOS ELETRODUTOS KRONA;SAO PAULO CAPITAL 2;SP;ATACADO;2026-02-01;216,00;SAO PAULO CAPITAL 2|01 - TUBOS ELETRODUTOS KRONA|ATACADO|FEV26
01 - TUBOS ELETRODUTOS KRONA;SAO PAULO CAPITAL 2;SP;ATACADO;2026-03-01;477,00;SAO PAULO CAPITAL 2|01 - TUBOS ELETRODUTOS KRONA|ATACADO|MAR26
01 - TUBOS ELETRODUTOS KRONA;SAO PAULO CAPITAL 2;SP;ATACADO;2026-04-01;56,50;SAO PAULO CAPITAL 2|01 - TUBOS ELETRODUTOS KRONA|ATACADO|ABR26
01 - TUBOS ELETRODUTOS KRONA;SAO PAULO CAPITAL 2;SP;ATACADO;2026-09-01;150,00;SAO PAULO CAPITAL 2|01 - TUBOS ELETRODUTOS KRONA|ATACADO|SET26
01 - TUBOS ELETRODUTOS KRONA;SAO PAULO CAPITAL 2;SP;ATACADO;2026-10-01;120,00;SAO PAULO CAPITAL 2|01 - TUBOS ELETRODUTOS KRONA|ATACADO|OUT26
01 - TUBOS ELETRODUTOS KRONA;SAO PAULO CAPITAL 2;SP;ATACADO;2026-11-01;150,00;SAO PAULO CAPITAL 2|01 - TUBOS ELETRODUTOS KRONA|ATACADO|NOV26
01 - TUBOS ELETRODUTOS KRONA;SAO PAULO CAPITAL 2;SP;ATACADO;2026-12-01;150,00;SAO PAULO CAPITAL 2|01 - TUBOS ELETRODUTOS KRONA|ATACADO|DEZ26
01 - TUBOS ELETRODUTOS KRONA;SAO PAULO INTERIOR;SP;VAREJO;2026-01-01;88,52;SAO PAULO INTERIOR|01 - TUBOS ELETRODUTOS KRONA|VAREJO|JAN26
01 - TUBOS ELETRODUTOS KRONA;SAO PAULO INTERIOR;SP;VAREJO;2026-02-01;538,28;SAO PAULO INTERIOR|01 - TUBOS ELETRODUTOS KRONA|VAREJO|FEV26
01 - TUBOS ELETRODUTOS KRONA;SAO PAULO INTERIOR;SP;VAREJO;2026-03-01;616,26;SAO PAULO INTERIOR|01 - TUBOS ELETRODUTOS KRONA|VAREJO|MAR26
01 - TUBOS ELETRODUTOS KRONA;SAO PAULO INTERIOR;SP;VAREJO;2026-04-01;247,46;SAO PAULO INTERIOR|01 - TUBOS ELETRODUTOS KRONA|VAREJO|ABR26
01 - TUBOS ELETRODUTOS KRONA;SAO PAULO INTERIOR;SP;VAREJO;2026-05-01;290,27;SAO PAULO INTERIOR|01 - TUBOS ELETRODUTOS KRONA|VAREJO|MAI26
01 - TUBOS ELETRODUTOS KRONA;SAO PAULO INTERIOR;SP;VAREJO;2026-06-01;72,71;SAO PAULO INTERIOR|01 - TUBOS ELETRODUTOS KRONA|VAREJO|JUN26
01 - TUBOS ELETRODUTOS KRONA;SAO PAULO INTERIOR;SP;VAREJO;2026-07-01;212,66;SAO PAULO INTERIOR|01 - TUBOS ELETRODUTOS KRONA|VAREJO|JUL26
01 - TUBOS ELETRODUTOS KRONA;SAO PAULO INTERIOR;SP;VAREJO;2026-08-01;192,29;SAO PAULO INTERIOR|01 - TUBOS ELETRODUTOS KRONA|VAREJO|AGO26
01 - TUBOS ELETRODUTOS KRONA;SAO PAULO INTERIOR;SP;VAREJO;2026-09-01;496,00;SAO PAULO INTERIOR|01 - TUBOS ELETRODUTOS KRONA|VAREJO|SET26
01 - TUBOS ELETRODUTOS KRONA;SAO PAULO INTERIOR;SP;VAREJO;2026-10-01;459,00;SAO PAULO INTERIOR|01 - TUBOS ELETRODUTOS KRONA|VAREJO|OUT26
01 - TUBOS ELETRODUTOS KRONA;SAO PAULO INTERIOR;SP;VAREJO;2026-11-01;359,00;SAO PAULO INTERIOR|01 - TUBOS ELETRODUTOS KRONA|VAREJO|NOV26
01 - TUBOS ELETRODUTOS KRONA;SAO PAULO INTERIOR;SP;VAREJO;2026-12-01;400,00;SAO PAULO INTERIOR|01 - TUBOS ELETRODUTOS KRONA|VAREJO|DEZ26
01 - TUBOS ELETRODUTOS KRONA;TELEVENDAS;TELEVENDAS;ATACADO;2026-04-01;92,10;TELEVENDAS|01 - TUBOS ELETRODUTOS KRONA|ATACADO|ABR26
01 - TUBOS ELETRODUTOS KRONA;TELEVENDAS;TELEVENDAS;ATACADO;2026-09-01;16,80;TELEVENDAS|01 - TUBOS ELETRODUTOS KRONA|ATACADO|SET26
01 - TUBOS ELETRODUTOS KRONA;TELEVENDAS;TELEVENDAS;ATACADO;2026-10-01;18,16;TELEVENDAS|01 - TUBOS ELETRODUTOS KRONA|ATACADO|OUT26
01 - TUBOS ELETRODUTOS KRONA;TELEVENDAS;TELEVENDAS;ATACADO;2026-11-01;16,33;TELEVENDAS|01 - TUBOS ELETRODUTOS KRONA|ATACADO|NOV26
01 - TUBOS ELETRODUTOS KRONA;TELEVENDAS;TELEVENDAS;ATACADO;2026-12-01;15,69;TELEVENDAS|01 - TUBOS ELETRODUTOS KRONA|ATACADO|DEZ26
01 - TUBOS ELETRODUTOS KRONA;TELEVENDAS;TELEVENDAS;IRRIGACAO;2026-09-01;1,40;TELEVENDAS|01 - TUBOS ELETRODUTOS KRONA|IRRIGACAO|SET26
01 - TUBOS ELETRODUTOS KRONA;TELEVENDAS;TELEVENDAS;IRRIGACAO;2026-10-01;1,51;TELEVENDAS|01 - TUBOS ELETRODUTOS KRONA|IRRIGACAO|OUT26
01 - TUBOS ELETRODUTOS KRONA;TELEVENDAS;TELEVENDAS;IRRIGACAO;2026-11-01;1,36;TELEVENDAS|01 - TUBOS ELETRODUTOS KRONA|IRRIGACAO|NOV26
01 - TUBOS ELETRODUTOS KRONA;TELEVENDAS;TELEVENDAS;IRRIGACAO;2026-12-01;1,31;TELEVENDAS|01 - TUBOS ELETRODUTOS KRONA|IRRIGACAO|DEZ26
01 - TUBOS ELETRODUTOS KRONA;TELEVENDAS;TELEVENDAS;OUTROS;2026-04-01;450,00;TELEVENDAS|01 - TUBOS ELETRODUTOS KRONA|OUTROS|ABR26
01 - TUBOS ELETRODUTOS KRONA;TELEVENDAS;TELEVENDAS;OUTROS;2026-05-01;27,45;TELEVENDAS|01 - TUBOS ELETRODUTOS KRONA|OUTROS|MAI26
01 - TUBOS ELETRODUTOS KRONA;TELEVENDAS;TELEVENDAS;OUTROS;2026-06-01;1,80;TELEVENDAS|01 - TUBOS ELETRODUTOS KRONA|OUTROS|JUN26
01 - TUBOS ELETRODUTOS KRONA;TELEVENDAS;TELEVENDAS;OUTROS;2026-09-01;42,29;TELEVENDAS|01 - TUBOS ELETRODUTOS KRONA|OUTROS|SET26
01 - TUBOS ELETRODUTOS KRONA;TELEVENDAS;TELEVENDAS;OUTROS;2026-10-01;45,71;TELEVENDAS|01 - TUBOS ELETRODUTOS KRONA|OUTROS|OUT26
01 - TUBOS ELETRODUTOS KRONA;TELEVENDAS;TELEVENDAS;OUTROS;2026-11-01;41,12;TELEVENDAS|01 - TUBOS ELETRODUTOS KRONA|OUTROS|NOV26
01 - TUBOS ELETRODUTOS KRONA;TELEVENDAS;TELEVENDAS;OUTROS;2026-12-01;39,50;TELEVENDAS|01 - TUBOS ELETRODUTOS KRONA|OUTROS|DEZ26
01 - TUBOS ELETRODUTOS KRONA;TELEVENDAS;TELEVENDAS;VAREJO;2026-01-01;1507,24;TELEVENDAS|01 - TUBOS ELETRODUTOS KRONA|VAREJO|JAN26
01 - TUBOS ELETRODUTOS KRONA;TELEVENDAS;TELEVENDAS;VAREJO;2026-02-01;1720,50;TELEVENDAS|01 - TUBOS ELETRODUTOS KRONA|VAREJO|FEV26
01 - TUBOS ELETRODUTOS KRONA;TELEVENDAS;TELEVENDAS;VAREJO;2026-03-01;3323,61;TELEVENDAS|01 - TUBOS ELETRODUTOS KRONA|VAREJO|MAR26
01 - TUBOS ELETRODUTOS KRONA;TELEVENDAS;TELEVENDAS;VAREJO;2026-04-01;2284,99;TELEVENDAS|01 - TUBOS ELETRODUTOS KRONA|VAREJO|ABR26
01 - TUBOS ELETRODUTOS KRONA;TELEVENDAS;TELEVENDAS;VAREJO;2026-05-01;1482,63;TELEVENDAS|01 - TUBOS ELETRODUTOS KRONA|VAREJO|MAI26
01 - TUBOS ELETRODUTOS KRONA;TELEVENDAS;TELEVENDAS;VAREJO;2026-06-01;1071,45;TELEVENDAS|01 - TUBOS ELETRODUTOS KRONA|VAREJO|JUN26
01 - TUBOS ELETRODUTOS KRONA;TELEVENDAS;TELEVENDAS;VAREJO;2026-07-01;1629,47;TELEVENDAS|01 - TUBOS ELETRODUTOS KRONA|VAREJO|JUL26
01 - TUBOS ELETRODUTOS KRONA;TELEVENDAS;TELEVENDAS;VAREJO;2026-08-01;1694,21;TELEVENDAS|01 - TUBOS ELETRODUTOS KRONA|VAREJO|AGO26
01 - TUBOS ELETRODUTOS KRONA;TELEVENDAS;TELEVENDAS;VAREJO;2026-09-01;2139,51;TELEVENDAS|01 - TUBOS ELETRODUTOS KRONA|VAREJO|SET26
01 - TUBOS ELETRODUTOS KRONA;TELEVENDAS;TELEVENDAS;VAREJO;2026-10-01;2312,62;TELEVENDAS|01 - TUBOS ELETRODUTOS KRONA|VAREJO|OUT26
01 - TUBOS ELETRODUTOS KRONA;TELEVENDAS;TELEVENDAS;VAREJO;2026-11-01;2080,19;TELEVENDAS|01 - TUBOS ELETRODUTOS KRONA|VAREJO|NOV26
01 - TUBOS ELETRODUTOS KRONA;TELEVENDAS;TELEVENDAS;VAREJO;2026-12-01;1998,50;TELEVENDAS|01 - TUBOS ELETRODUTOS KRONA|VAREJO|DEZ26
02 - CONEXOES KRONA;CENTRO OESTE;CO NO;ATACADO;2026-01-01;17147,48;CENTRO OESTE|02 - CONEXOES KRONA|ATACADO|JAN26
02 - CONEXOES KRONA;CENTRO OESTE;CO NO;ATACADO;2026-02-01;148761,11;CENTRO OESTE|02 - CONEXOES KRONA|ATACADO|FEV26
02 - CONEXOES KRONA;CENTRO OESTE;CO NO;ATACADO;2026-03-01;137724,96;CENTRO OESTE|02 - CONEXOES KRONA|ATACADO|MAR26
02 - CONEXOES KRONA;CENTRO OESTE;CO NO;ATACADO;2026-04-01;161982,72;CENTRO OESTE|02 - CONEXOES KRONA|ATACADO|ABR26
02 - CONEXOES KRONA;CENTRO OESTE;CO NO;ATACADO;2026-05-01;33741,62;CENTRO OESTE|02 - CONEXOES KRONA|ATACADO|MAI26
02 - CONEXOES KRONA;CENTRO OESTE;CO NO;ATACADO;2026-06-01;122303,46;CENTRO OESTE|02 - CONEXOES KRONA|ATACADO|JUN26
02 - CONEXOES KRONA;CENTRO OESTE;CO NO;ATACADO;2026-07-01;130803,66;CENTRO OESTE|02 - CONEXOES KRONA|ATACADO|JUL26
02 - CONEXOES KRONA;CENTRO OESTE;CO NO;ATACADO;2026-08-01;39168,69;CENTRO OESTE|02 - CONEXOES KRONA|ATACADO|AGO26
02 - CONEXOES KRONA;CENTRO OESTE;CO NO;ATACADO;2026-09-01;134031,80;CENTRO OESTE|02 - CONEXOES KRONA|ATACADO|SET26
02 - CONEXOES KRONA;CENTRO OESTE;CO NO;ATACADO;2026-10-01;129977,25;CENTRO OESTE|02 - CONEXOES KRONA|ATACADO|OUT26
02 - CONEXOES KRONA;CENTRO OESTE;CO NO;ATACADO;2026-11-01;125104,20;CENTRO OESTE|02 - CONEXOES KRONA|ATACADO|NOV26
02 - CONEXOES KRONA;CENTRO OESTE;CO NO;ATACADO;2026-12-01;92791,04;CENTRO OESTE|02 - CONEXOES KRONA|ATACADO|DEZ26
02 - CONEXOES KRONA;CENTRO OESTE;CO NO;OUTROS;2026-01-01;169,17;CENTRO OESTE|02 - CONEXOES KRONA|OUTROS|JAN26
02 - CONEXOES KRONA;CENTRO OESTE;CO NO;OUTROS;2026-02-01;102,31;CENTRO OESTE|02 - CONEXOES KRONA|OUTROS|FEV26
02 - CONEXOES KRONA;CENTRO OESTE;CO NO;OUTROS;2026-03-01;319,22;CENTRO OESTE|02 - CONEXOES KRONA|OUTROS|MAR26
02 - CONEXOES KRONA;CENTRO OESTE;CO NO;OUTROS;2026-04-01;309,80;CENTRO OESTE|02 - CONEXOES KRONA|OUTROS|ABR26
02 - CONEXOES KRONA;CENTRO OESTE;CO NO;OUTROS;2026-05-01;589,00;CENTRO OESTE|02 - CONEXOES KRONA|OUTROS|MAI26
02 - CONEXOES KRONA;CENTRO OESTE;CO NO;OUTROS;2026-06-01;26,88;CENTRO OESTE|02 - CONEXOES KRONA|OUTROS|JUN26
02 - CONEXOES KRONA;CENTRO OESTE;CO NO;OUTROS;2026-07-01;205,66;CENTRO OESTE|02 - CONEXOES KRONA|OUTROS|JUL26
02 - CONEXOES KRONA;CENTRO OESTE;CO NO;OUTROS;2026-08-01;153,16;CENTRO OESTE|02 - CONEXOES KRONA|OUTROS|AGO26
02 - CONEXOES KRONA;CENTRO OESTE;CO NO;OUTROS;2026-09-01;265,37;CENTRO OESTE|02 - CONEXOES KRONA|OUTROS|SET26
02 - CONEXOES KRONA;CENTRO OESTE;CO NO;OUTROS;2026-10-01;257,34;CENTRO OESTE|02 - CONEXOES KRONA|OUTROS|OUT26
02 - CONEXOES KRONA;CENTRO OESTE;CO NO;OUTROS;2026-11-01;247,69;CENTRO OESTE|02 - CONEXOES KRONA|OUTROS|NOV26
02 - CONEXOES KRONA;CENTRO OESTE;CO NO;OUTROS;2026-12-01;183,72;CENTRO OESTE|02 - CONEXOES KRONA|OUTROS|DEZ26
02 - CONEXOES KRONA;CENTRO OESTE;CO NO;VAREJO;2026-01-01;24422,51;CENTRO OESTE|02 - CONEXOES KRONA|VAREJO|JAN26
02 - CONEXOES KRONA;CENTRO OESTE;CO NO;VAREJO;2026-02-01;58914,44;CENTRO OESTE|02 - CONEXOES KRONA|VAREJO|FEV26
02 - CONEXOES KRONA;CENTRO OESTE;CO NO;VAREJO;2026-03-01;60865,21;CENTRO OESTE|02 - CONEXOES KRONA|VAREJO|MAR26
02 - CONEXOES KRONA;CENTRO OESTE;CO NO;VAREJO;2026-04-01;69347,67;CENTRO OESTE|02 - CONEXOES KRONA|VAREJO|ABR26
02 - CONEXOES KRONA;CENTRO OESTE;CO NO;VAREJO;2026-05-01;60333,18;CENTRO OESTE|02 - CONEXOES KRONA|VAREJO|MAI26
02 - CONEXOES KRONA;CENTRO OESTE;CO NO;VAREJO;2026-06-01;46121,70;CENTRO OESTE|02 - CONEXOES KRONA|VAREJO|JUN26
02 - CONEXOES KRONA;CENTRO OESTE;CO NO;VAREJO;2026-07-01;44706,63;CENTRO OESTE|02 - CONEXOES KRONA|VAREJO|JUL26
02 - CONEXOES KRONA;CENTRO OESTE;CO NO;VAREJO;2026-08-01;69110,20;CENTRO OESTE|02 - CONEXOES KRONA|VAREJO|AGO26
02 - CONEXOES KRONA;CENTRO OESTE;CO NO;VAREJO;2026-09-01;66954,84;CENTRO OESTE|02 - CONEXOES KRONA|VAREJO|SET26
02 - CONEXOES KRONA;CENTRO OESTE;CO NO;VAREJO;2026-10-01;64929,41;CENTRO OESTE|02 - CONEXOES KRONA|VAREJO|OUT26
02 - CONEXOES KRONA;CENTRO OESTE;CO NO;VAREJO;2026-11-01;62495,11;CENTRO OESTE|02 - CONEXOES KRONA|VAREJO|NOV26
02 - CONEXOES KRONA;CENTRO OESTE;CO NO;VAREJO;2026-12-01;46353,25;CENTRO OESTE|02 - CONEXOES KRONA|VAREJO|DEZ26
02 - CONEXOES KRONA;CONSTR CENTRO OESTE;CONSTRUTORA;CONSTRUTORA;2026-01-01;10161,85;CONSTR CENTRO OESTE|02 - CONEXOES KRONA|CONSTRUTORA|JAN26
02 - CONEXOES KRONA;CONSTR CENTRO OESTE;CONSTRUTORA;CONSTRUTORA;2026-02-01;29170,69;CONSTR CENTRO OESTE|02 - CONEXOES KRONA|CONSTRUTORA|FEV26
02 - CONEXOES KRONA;CONSTR CENTRO OESTE;CONSTRUTORA;CONSTRUTORA;2026-03-01;25919,73;CONSTR CENTRO OESTE|02 - CONEXOES KRONA|CONSTRUTORA|MAR26
02 - CONEXOES KRONA;CONSTR CENTRO OESTE;CONSTRUTORA;CONSTRUTORA;2026-04-01;32490,29;CONSTR CENTRO OESTE|02 - CONEXOES KRONA|CONSTRUTORA|ABR26
02 - CONEXOES KRONA;CONSTR CENTRO OESTE;CONSTRUTORA;CONSTRUTORA;2026-05-01;39305,15;CONSTR CENTRO OESTE|02 - CONEXOES KRONA|CONSTRUTORA|MAI26
02 - CONEXOES KRONA;CONSTR CENTRO OESTE;CONSTRUTORA;CONSTRUTORA;2026-06-01;48746,81;CONSTR CENTRO OESTE|02 - CONEXOES KRONA|CONSTRUTORA|JUN26
02 - CONEXOES KRONA;CONSTR CENTRO OESTE;CONSTRUTORA;CONSTRUTORA;2026-07-01;35231,25;CONSTR CENTRO OESTE|02 - CONEXOES KRONA|CONSTRUTORA|JUL26
02 - CONEXOES KRONA;CONSTR CENTRO OESTE;CONSTRUTORA;CONSTRUTORA;2026-08-01;56352,06;CONSTR CENTRO OESTE|02 - CONEXOES KRONA|CONSTRUTORA|AGO26
02 - CONEXOES KRONA;CONSTR CENTRO OESTE;CONSTRUTORA;OUTROS;2026-01-01;272,51;CONSTR CENTRO OESTE|02 - CONEXOES KRONA|OUTROS|JAN26
02 - CONEXOES KRONA;CONSTR NORDESTE;CONSTRUTORA;CONSTRUTORA;2026-01-01;48684,01;CONSTR NORDESTE|02 - CONEXOES KRONA|CONSTRUTORA|JAN26
02 - CONEXOES KRONA;CONSTR NORDESTE;CONSTRUTORA;CONSTRUTORA;2026-02-01;77602,16;CONSTR NORDESTE|02 - CONEXOES KRONA|CONSTRUTORA|FEV26
02 - CONEXOES KRONA;CONSTR NORDESTE;CONSTRUTORA;CONSTRUTORA;2026-03-01;96299,86;CONSTR NORDESTE|02 - CONEXOES KRONA|CONSTRUTORA|MAR26
02 - CONEXOES KRONA;CONSTR NORDESTE;CONSTRUTORA;CONSTRUTORA;2026-04-01;98984,90;CONSTR NORDESTE|02 - CONEXOES KRONA|CONSTRUTORA|ABR26
02 - CONEXOES KRONA;CONSTR NORDESTE;CONSTRUTORA;CONSTRUTORA;2026-05-01;50574,25;CONSTR NORDESTE|02 - CONEXOES KRONA|CONSTRUTORA|MAI26
02 - CONEXOES KRONA;CONSTR NORDESTE;CONSTRUTORA;CONSTRUTORA;2026-06-01;56190,57;CONSTR NORDESTE|02 - CONEXOES KRONA|CONSTRUTORA|JUN26
02 - CONEXOES KRONA;CONSTR NORDESTE;CONSTRUTORA;CONSTRUTORA;2026-07-01;70302,46;CONSTR NORDESTE|02 - CONEXOES KRONA|CONSTRUTORA|JUL26
02 - CONEXOES KRONA;CONSTR NORDESTE;CONSTRUTORA;CONSTRUTORA;2026-08-01;72113,99;CONSTR NORDESTE|02 - CONEXOES KRONA|CONSTRUTORA|AGO26
02 - CONEXOES KRONA;CONSTR NORDESTE;CONSTRUTORA;OUTROS;2026-03-01;2,12;CONSTR NORDESTE|02 - CONEXOES KRONA|OUTROS|MAR26
02 - CONEXOES KRONA;CONSTR NORDESTE;CONSTRUTORA;OUTROS;2026-04-01;49,99;CONSTR NORDESTE|02 - CONEXOES KRONA|OUTROS|ABR26
02 - CONEXOES KRONA;CONSTR NORDESTE;CONSTRUTORA;OUTROS;2026-07-01;25,22;CONSTR NORDESTE|02 - CONEXOES KRONA|OUTROS|JUL26
02 - CONEXOES KRONA;CONSTR NORDESTE;CONSTRUTORA;OUTROS;2026-08-01;74,26;CONSTR NORDESTE|02 - CONEXOES KRONA|OUTROS|AGO26
02 - CONEXOES KRONA;CONSTR NORTE;CONSTRUTORA;CONSTRUTORA;2026-01-01;1966,98;CONSTR NORTE|02 - CONEXOES KRONA|CONSTRUTORA|JAN26
02 - CONEXOES KRONA;CONSTR NORTE;CONSTRUTORA;CONSTRUTORA;2026-02-01;3152,15;CONSTR NORTE|02 - CONEXOES KRONA|CONSTRUTORA|FEV26
02 - CONEXOES KRONA;CONSTR NORTE;CONSTRUTORA;CONSTRUTORA;2026-03-01;3108,49;CONSTR NORTE|02 - CONEXOES KRONA|CONSTRUTORA|MAR26
02 - CONEXOES KRONA;CONSTR NORTE;CONSTRUTORA;CONSTRUTORA;2026-04-01;1521,48;CONSTR NORTE|02 - CONEXOES KRONA|CONSTRUTORA|ABR26
02 - CONEXOES KRONA;CONSTR NORTE;CONSTRUTORA;CONSTRUTORA;2026-05-01;1797,72;CONSTR NORTE|02 - CONEXOES KRONA|CONSTRUTORA|MAI26
02 - CONEXOES KRONA;CONSTR NORTE;CONSTRUTORA;CONSTRUTORA;2026-06-01;3526,75;CONSTR NORTE|02 - CONEXOES KRONA|CONSTRUTORA|JUN26
02 - CONEXOES KRONA;CONSTR NORTE;CONSTRUTORA;CONSTRUTORA;2026-07-01;3395,40;CONSTR NORTE|02 - CONEXOES KRONA|CONSTRUTORA|JUL26
02 - CONEXOES KRONA;CONSTR NORTE;CONSTRUTORA;CONSTRUTORA;2026-08-01;2870,70;CONSTR NORTE|02 - CONEXOES KRONA|CONSTRUTORA|AGO26
02 - CONEXOES KRONA;CONSTR SAO PAULO;CONSTRUTORA;CONSTRUTORA;2026-01-01;15326,54;CONSTR SAO PAULO|02 - CONEXOES KRONA|CONSTRUTORA|JAN26
02 - CONEXOES KRONA;CONSTR SAO PAULO;CONSTRUTORA;CONSTRUTORA;2026-02-01;35029,44;CONSTR SAO PAULO|02 - CONEXOES KRONA|CONSTRUTORA|FEV26
02 - CONEXOES KRONA;CONSTR SAO PAULO;CONSTRUTORA;CONSTRUTORA;2026-03-01;32426,22;CONSTR SAO PAULO|02 - CONEXOES KRONA|CONSTRUTORA|MAR26
02 - CONEXOES KRONA;CONSTR SAO PAULO;CONSTRUTORA;CONSTRUTORA;2026-04-01;35876,78;CONSTR SAO PAULO|02 - CONEXOES KRONA|CONSTRUTORA|ABR26
02 - CONEXOES KRONA;CONSTR SAO PAULO;CONSTRUTORA;CONSTRUTORA;2026-05-01;29125,78;CONSTR SAO PAULO|02 - CONEXOES KRONA|CONSTRUTORA|MAI26
02 - CONEXOES KRONA;CONSTR SAO PAULO;CONSTRUTORA;CONSTRUTORA;2026-06-01;26848,26;CONSTR SAO PAULO|02 - CONEXOES KRONA|CONSTRUTORA|JUN26
02 - CONEXOES KRONA;CONSTR SAO PAULO;CONSTRUTORA;CONSTRUTORA;2026-07-01;17297,79;CONSTR SAO PAULO|02 - CONEXOES KRONA|CONSTRUTORA|JUL26
02 - CONEXOES KRONA;CONSTR SAO PAULO;CONSTRUTORA;CONSTRUTORA;2026-08-01;28290,69;CONSTR SAO PAULO|02 - CONEXOES KRONA|CONSTRUTORA|AGO26
02 - CONEXOES KRONA;CONSTR SAO PAULO;CONSTRUTORA;OUTROS;2026-06-01;86,33;CONSTR SAO PAULO|02 - CONEXOES KRONA|OUTROS|JUN26
02 - CONEXOES KRONA;CONSTR SAO PAULO;CONSTRUTORA;OUTROS;2026-07-01;30,20;CONSTR SAO PAULO|02 - CONEXOES KRONA|OUTROS|JUL26
02 - CONEXOES KRONA;CONSTR SAO PAULO;CONSTRUTORA;VAREJO;2026-07-01;42,33;CONSTR SAO PAULO|02 - CONEXOES KRONA|VAREJO|JUL26
02 - CONEXOES KRONA;CONSTR SUDESTE;CONSTRUTORA;CONSTRUTORA;2026-01-01;877,97;CONSTR SUDESTE|02 - CONEXOES KRONA|CONSTRUTORA|JAN26
02 - CONEXOES KRONA;CONSTR SUDESTE;CONSTRUTORA;CONSTRUTORA;2026-02-01;9605,02;CONSTR SUDESTE|02 - CONEXOES KRONA|CONSTRUTORA|FEV26
02 - CONEXOES KRONA;CONSTR SUDESTE;CONSTRUTORA;CONSTRUTORA;2026-03-01;14258,12;CONSTR SUDESTE|02 - CONEXOES KRONA|CONSTRUTORA|MAR26
02 - CONEXOES KRONA;CONSTR SUDESTE;CONSTRUTORA;CONSTRUTORA;2026-04-01;16055,67;CONSTR SUDESTE|02 - CONEXOES KRONA|CONSTRUTORA|ABR26
02 - CONEXOES KRONA;CONSTR SUDESTE;CONSTRUTORA;CONSTRUTORA;2026-05-01;10613,14;CONSTR SUDESTE|02 - CONEXOES KRONA|CONSTRUTORA|MAI26
02 - CONEXOES KRONA;CONSTR SUDESTE;CONSTRUTORA;CONSTRUTORA;2026-06-01;7740,68;CONSTR SUDESTE|02 - CONEXOES KRONA|CONSTRUTORA|JUN26
02 - CONEXOES KRONA;CONSTR SUDESTE;CONSTRUTORA;CONSTRUTORA;2026-07-01;16643,45;CONSTR SUDESTE|02 - CONEXOES KRONA|CONSTRUTORA|JUL26
02 - CONEXOES KRONA;CONSTR SUDESTE;CONSTRUTORA;CONSTRUTORA;2026-08-01;12348,18;CONSTR SUDESTE|02 - CONEXOES KRONA|CONSTRUTORA|AGO26
02 - CONEXOES KRONA;CONSTR SUL;CONSTRUTORA;CONSTRUTORA;2026-01-01;33643,21;CONSTR SUL|02 - CONEXOES KRONA|CONSTRUTORA|JAN26
02 - CONEXOES KRONA;CONSTR SUL;CONSTRUTORA;CONSTRUTORA;2026-02-01;42985,33;CONSTR SUL|02 - CONEXOES KRONA|CONSTRUTORA|FEV26
02 - CONEXOES KRONA;CONSTR SUL;CONSTRUTORA;CONSTRUTORA;2026-03-01;55963,89;CONSTR SUL|02 - CONEXOES KRONA|CONSTRUTORA|MAR26
02 - CONEXOES KRONA;CONSTR SUL;CONSTRUTORA;CONSTRUTORA;2026-04-01;76991,15;CONSTR SUL|02 - CONEXOES KRONA|CONSTRUTORA|ABR26
02 - CONEXOES KRONA;CONSTR SUL;CONSTRUTORA;CONSTRUTORA;2026-05-01;46822,08;CONSTR SUL|02 - CONEXOES KRONA|CONSTRUTORA|MAI26
02 - CONEXOES KRONA;CONSTR SUL;CONSTRUTORA;CONSTRUTORA;2026-06-01;36517,37;CONSTR SUL|02 - CONEXOES KRONA|CONSTRUTORA|JUN26
02 - CONEXOES KRONA;CONSTR SUL;CONSTRUTORA;CONSTRUTORA;2026-07-01;49063,26;CONSTR SUL|02 - CONEXOES KRONA|CONSTRUTORA|JUL26
02 - CONEXOES KRONA;CONSTR SUL;CONSTRUTORA;CONSTRUTORA;2026-08-01;48139,59;CONSTR SUL|02 - CONEXOES KRONA|CONSTRUTORA|AGO26
02 - CONEXOES KRONA;CONSTR SUL;CONSTRUTORA;OUTROS;2026-07-01;54,19;CONSTR SUL|02 - CONEXOES KRONA|OUTROS|JUL26
02 - CONEXOES KRONA;EXPORTACAO;EXPORTACAO;EXPORTACAO;2026-01-01;22255,72;EXPORTACAO|02 - CONEXOES KRONA|EXPORTACAO|JAN26
02 - CONEXOES KRONA;EXPORTACAO;EXPORTACAO;EXPORTACAO;2026-02-01;28202,83;EXPORTACAO|02 - CONEXOES KRONA|EXPORTACAO|FEV26
02 - CONEXOES KRONA;EXPORTACAO;EXPORTACAO;EXPORTACAO;2026-03-01;50304,54;EXPORTACAO|02 - CONEXOES KRONA|EXPORTACAO|MAR26
02 - CONEXOES KRONA;EXPORTACAO;EXPORTACAO;EXPORTACAO;2026-04-01;66382,39;EXPORTACAO|02 - CONEXOES KRONA|EXPORTACAO|ABR26
02 - CONEXOES KRONA;EXPORTACAO;EXPORTACAO;EXPORTACAO;2026-05-01;71690,06;EXPORTACAO|02 - CONEXOES KRONA|EXPORTACAO|MAI26
02 - CONEXOES KRONA;EXPORTACAO;EXPORTACAO;EXPORTACAO;2026-06-01;40238,21;EXPORTACAO|02 - CONEXOES KRONA|EXPORTACAO|JUN26
02 - CONEXOES KRONA;EXPORTACAO;EXPORTACAO;EXPORTACAO;2026-07-01;27406,72;EXPORTACAO|02 - CONEXOES KRONA|EXPORTACAO|JUL26
02 - CONEXOES KRONA;EXPORTACAO;EXPORTACAO;EXPORTACAO;2026-08-01;10670,11;EXPORTACAO|02 - CONEXOES KRONA|EXPORTACAO|AGO26
02 - CONEXOES KRONA;EXPORTACAO;EXPORTACAO;EXPORTACAO;2026-09-01;71064,39;EXPORTACAO|02 - CONEXOES KRONA|EXPORTACAO|SET26
02 - CONEXOES KRONA;EXPORTACAO;EXPORTACAO;EXPORTACAO;2026-10-01;62719,12;EXPORTACAO|02 - CONEXOES KRONA|EXPORTACAO|OUT26
02 - CONEXOES KRONA;EXPORTACAO;EXPORTACAO;EXPORTACAO;2026-11-01;67223,07;EXPORTACAO|02 - CONEXOES KRONA|EXPORTACAO|NOV26
02 - CONEXOES KRONA;EXPORTACAO;EXPORTACAO;EXPORTACAO;2026-12-01;67496,76;EXPORTACAO|02 - CONEXOES KRONA|EXPORTACAO|DEZ26
02 - CONEXOES KRONA;EXPORTACAO;EXPORTACAO;VAREJO;2026-06-01;20910,59;EXPORTACAO|02 - CONEXOES KRONA|VAREJO|JUN26
02 - CONEXOES KRONA;EXPORTACAO;EXPORTACAO;VAREJO;2026-09-01;2935,61;EXPORTACAO|02 - CONEXOES KRONA|VAREJO|SET26
02 - CONEXOES KRONA;EXPORTACAO;EXPORTACAO;VAREJO;2026-10-01;2590,88;EXPORTACAO|02 - CONEXOES KRONA|VAREJO|OUT26
02 - CONEXOES KRONA;EXPORTACAO;EXPORTACAO;VAREJO;2026-11-01;2776,93;EXPORTACAO|02 - CONEXOES KRONA|VAREJO|NOV26
02 - CONEXOES KRONA;EXPORTACAO;EXPORTACAO;VAREJO;2026-12-01;2788,24;EXPORTACAO|02 - CONEXOES KRONA|VAREJO|DEZ26
02 - CONEXOES KRONA;IRRIGACAO 1;IRRIGACAO;IRRIGACAO;2026-01-01;4412,45;IRRIGACAO 1|02 - CONEXOES KRONA|IRRIGACAO|JAN26
02 - CONEXOES KRONA;IRRIGACAO 1;IRRIGACAO;IRRIGACAO;2026-02-01;3956,10;IRRIGACAO 1|02 - CONEXOES KRONA|IRRIGACAO|FEV26
02 - CONEXOES KRONA;IRRIGACAO 1;IRRIGACAO;IRRIGACAO;2026-03-01;4371,49;IRRIGACAO 1|02 - CONEXOES KRONA|IRRIGACAO|MAR26
02 - CONEXOES KRONA;IRRIGACAO 1;IRRIGACAO;IRRIGACAO;2026-04-01;4645,24;IRRIGACAO 1|02 - CONEXOES KRONA|IRRIGACAO|ABR26
02 - CONEXOES KRONA;IRRIGACAO 1;IRRIGACAO;IRRIGACAO;2026-05-01;6414,60;IRRIGACAO 1|02 - CONEXOES KRONA|IRRIGACAO|MAI26
02 - CONEXOES KRONA;IRRIGACAO 1;IRRIGACAO;IRRIGACAO;2026-06-01;3828,02;IRRIGACAO 1|02 - CONEXOES KRONA|IRRIGACAO|JUN26
02 - CONEXOES KRONA;IRRIGACAO 1;IRRIGACAO;IRRIGACAO;2026-07-01;2248,17;IRRIGACAO 1|02 - CONEXOES KRONA|IRRIGACAO|JUL26
02 - CONEXOES KRONA;IRRIGACAO 1;IRRIGACAO;IRRIGACAO;2026-08-01;4549,06;IRRIGACAO 1|02 - CONEXOES KRONA|IRRIGACAO|AGO26
02 - CONEXOES KRONA;IRRIGACAO 1;IRRIGACAO;IRRIGACAO;2026-09-01;4752,29;IRRIGACAO 1|02 - CONEXOES KRONA|IRRIGACAO|SET26
02 - CONEXOES KRONA;IRRIGACAO 1;IRRIGACAO;IRRIGACAO;2026-10-01;3925,59;IRRIGACAO 1|02 - CONEXOES KRONA|IRRIGACAO|OUT26
02 - CONEXOES KRONA;IRRIGACAO 1;IRRIGACAO;IRRIGACAO;2026-11-01;3925,59;IRRIGACAO 1|02 - CONEXOES KRONA|IRRIGACAO|NOV26
02 - CONEXOES KRONA;IRRIGACAO 1;IRRIGACAO;IRRIGACAO;2026-12-01;3365,22;IRRIGACAO 1|02 - CONEXOES KRONA|IRRIGACAO|DEZ26
02 - CONEXOES KRONA;IRRIGACAO 1;IRRIGACAO;VAREJO;2026-05-01;125,87;IRRIGACAO 1|02 - CONEXOES KRONA|VAREJO|MAI26
02 - CONEXOES KRONA;IRRIGACAO 1;IRRIGACAO;VAREJO;2026-09-01;47,71;IRRIGACAO 1|02 - CONEXOES KRONA|VAREJO|SET26
02 - CONEXOES KRONA;IRRIGACAO 1;IRRIGACAO;VAREJO;2026-10-01;39,41;IRRIGACAO 1|02 - CONEXOES KRONA|VAREJO|OUT26
02 - CONEXOES KRONA;IRRIGACAO 1;IRRIGACAO;VAREJO;2026-11-01;39,41;IRRIGACAO 1|02 - CONEXOES KRONA|VAREJO|NOV26
02 - CONEXOES KRONA;IRRIGACAO 1;IRRIGACAO;VAREJO;2026-12-01;33,78;IRRIGACAO 1|02 - CONEXOES KRONA|VAREJO|DEZ26
02 - CONEXOES KRONA;IRRIGACAO 2;IRRIGACAO;IRRIGACAO;2026-01-01;2486,75;IRRIGACAO 2|02 - CONEXOES KRONA|IRRIGACAO|JAN26
02 - CONEXOES KRONA;IRRIGACAO 2;IRRIGACAO;IRRIGACAO;2026-02-01;4153,41;IRRIGACAO 2|02 - CONEXOES KRONA|IRRIGACAO|FEV26
02 - CONEXOES KRONA;IRRIGACAO 2;IRRIGACAO;IRRIGACAO;2026-03-01;3439,54;IRRIGACAO 2|02 - CONEXOES KRONA|IRRIGACAO|MAR26
02 - CONEXOES KRONA;IRRIGACAO 2;IRRIGACAO;IRRIGACAO;2026-04-01;2584,87;IRRIGACAO 2|02 - CONEXOES KRONA|IRRIGACAO|ABR26
02 - CONEXOES KRONA;IRRIGACAO 2;IRRIGACAO;IRRIGACAO;2026-05-01;2614,37;IRRIGACAO 2|02 - CONEXOES KRONA|IRRIGACAO|MAI26
02 - CONEXOES KRONA;IRRIGACAO 2;IRRIGACAO;IRRIGACAO;2026-06-01;1661,74;IRRIGACAO 2|02 - CONEXOES KRONA|IRRIGACAO|JUN26
02 - CONEXOES KRONA;IRRIGACAO 2;IRRIGACAO;IRRIGACAO;2026-07-01;2981,45;IRRIGACAO 2|02 - CONEXOES KRONA|IRRIGACAO|JUL26
02 - CONEXOES KRONA;IRRIGACAO 2;IRRIGACAO;IRRIGACAO;2026-08-01;2975,56;IRRIGACAO 2|02 - CONEXOES KRONA|IRRIGACAO|AGO26
02 - CONEXOES KRONA;IRRIGACAO 2;IRRIGACAO;IRRIGACAO;2026-09-01;3200,34;IRRIGACAO 2|02 - CONEXOES KRONA|IRRIGACAO|SET26
02 - CONEXOES KRONA;IRRIGACAO 2;IRRIGACAO;IRRIGACAO;2026-10-01;3502,15;IRRIGACAO 2|02 - CONEXOES KRONA|IRRIGACAO|OUT26
02 - CONEXOES KRONA;IRRIGACAO 2;IRRIGACAO;IRRIGACAO;2026-11-01;3083,73;IRRIGACAO 2|02 - CONEXOES KRONA|IRRIGACAO|NOV26
02 - CONEXOES KRONA;IRRIGACAO 2;IRRIGACAO;IRRIGACAO;2026-12-01;2643,76;IRRIGACAO 2|02 - CONEXOES KRONA|IRRIGACAO|DEZ26
02 - CONEXOES KRONA;IRRIGACAO 2;IRRIGACAO;VAREJO;2026-02-01;87,62;IRRIGACAO 2|02 - CONEXOES KRONA|VAREJO|FEV26
02 - CONEXOES KRONA;IRRIGACAO 2;IRRIGACAO;VAREJO;2026-03-01;540,22;IRRIGACAO 2|02 - CONEXOES KRONA|VAREJO|MAR26
02 - CONEXOES KRONA;IRRIGACAO 2;IRRIGACAO;VAREJO;2026-04-01;81,69;IRRIGACAO 2|02 - CONEXOES KRONA|VAREJO|ABR26
02 - CONEXOES KRONA;IRRIGACAO 2;IRRIGACAO;VAREJO;2026-06-01;29,66;IRRIGACAO 2|02 - CONEXOES KRONA|VAREJO|JUN26
02 - CONEXOES KRONA;IRRIGACAO 2;IRRIGACAO;VAREJO;2026-08-01;31,61;IRRIGACAO 2|02 - CONEXOES KRONA|VAREJO|AGO26
02 - CONEXOES KRONA;IRRIGACAO 2;IRRIGACAO;VAREJO;2026-09-01;65,66;IRRIGACAO 2|02 - CONEXOES KRONA|VAREJO|SET26
02 - CONEXOES KRONA;IRRIGACAO 2;IRRIGACAO;VAREJO;2026-10-01;71,85;IRRIGACAO 2|02 - CONEXOES KRONA|VAREJO|OUT26
02 - CONEXOES KRONA;IRRIGACAO 2;IRRIGACAO;VAREJO;2026-11-01;63,27;IRRIGACAO 2|02 - CONEXOES KRONA|VAREJO|NOV26
02 - CONEXOES KRONA;IRRIGACAO 2;IRRIGACAO;VAREJO;2026-12-01;54,24;IRRIGACAO 2|02 - CONEXOES KRONA|VAREJO|DEZ26
02 - CONEXOES KRONA;MINAS GERAIS;MINAS RJ/ES;ATACADO;2026-01-01;164711,45;MINAS GERAIS|02 - CONEXOES KRONA|ATACADO|JAN26
02 - CONEXOES KRONA;MINAS GERAIS;MINAS RJ/ES;ATACADO;2026-02-01;163687,02;MINAS GERAIS|02 - CONEXOES KRONA|ATACADO|FEV26
02 - CONEXOES KRONA;MINAS GERAIS;MINAS RJ/ES;ATACADO;2026-03-01;270306,09;MINAS GERAIS|02 - CONEXOES KRONA|ATACADO|MAR26
02 - CONEXOES KRONA;MINAS GERAIS;MINAS RJ/ES;ATACADO;2026-04-01;304131,22;MINAS GERAIS|02 - CONEXOES KRONA|ATACADO|ABR26
02 - CONEXOES KRONA;MINAS GERAIS;MINAS RJ/ES;ATACADO;2026-05-01;2882,70;MINAS GERAIS|02 - CONEXOES KRONA|ATACADO|MAI26
02 - CONEXOES KRONA;MINAS GERAIS;MINAS RJ/ES;ATACADO;2026-06-01;30627,82;MINAS GERAIS|02 - CONEXOES KRONA|ATACADO|JUN26
02 - CONEXOES KRONA;MINAS GERAIS;MINAS RJ/ES;ATACADO;2026-07-01;188213,12;MINAS GERAIS|02 - CONEXOES KRONA|ATACADO|JUL26
02 - CONEXOES KRONA;MINAS GERAIS;MINAS RJ/ES;ATACADO;2026-08-01;166607,93;MINAS GERAIS|02 - CONEXOES KRONA|ATACADO|AGO26
02 - CONEXOES KRONA;MINAS GERAIS;MINAS RJ/ES;ATACADO;2026-09-01;159874,85;MINAS GERAIS|02 - CONEXOES KRONA|ATACADO|SET26
02 - CONEXOES KRONA;MINAS GERAIS;MINAS RJ/ES;ATACADO;2026-10-01;151881,11;MINAS GERAIS|02 - CONEXOES KRONA|ATACADO|OUT26
02 - CONEXOES KRONA;MINAS GERAIS;MINAS RJ/ES;ATACADO;2026-11-01;175862,34;MINAS GERAIS|02 - CONEXOES KRONA|ATACADO|NOV26
02 - CONEXOES KRONA;MINAS GERAIS;MINAS RJ/ES;ATACADO;2026-12-01;248478,29;MINAS GERAIS|02 - CONEXOES KRONA|ATACADO|DEZ26
02 - CONEXOES KRONA;MINAS GERAIS;MINAS RJ/ES;OUTROS;2026-01-01;191,91;MINAS GERAIS|02 - CONEXOES KRONA|OUTROS|JAN26
02 - CONEXOES KRONA;MINAS GERAIS;MINAS RJ/ES;OUTROS;2026-02-01;540,58;MINAS GERAIS|02 - CONEXOES KRONA|OUTROS|FEV26
02 - CONEXOES KRONA;MINAS GERAIS;MINAS RJ/ES;OUTROS;2026-03-01;529,99;MINAS GERAIS|02 - CONEXOES KRONA|OUTROS|MAR26
02 - CONEXOES KRONA;MINAS GERAIS;MINAS RJ/ES;OUTROS;2026-04-01;1072,26;MINAS GERAIS|02 - CONEXOES KRONA|OUTROS|ABR26
02 - CONEXOES KRONA;MINAS GERAIS;MINAS RJ/ES;OUTROS;2026-05-01;25,03;MINAS GERAIS|02 - CONEXOES KRONA|OUTROS|MAI26
02 - CONEXOES KRONA;MINAS GERAIS;MINAS RJ/ES;OUTROS;2026-06-01;814,56;MINAS GERAIS|02 - CONEXOES KRONA|OUTROS|JUN26
02 - CONEXOES KRONA;MINAS GERAIS;MINAS RJ/ES;OUTROS;2026-07-01;40,06;MINAS GERAIS|02 - CONEXOES KRONA|OUTROS|JUL26
02 - CONEXOES KRONA;MINAS GERAIS;MINAS RJ/ES;OUTROS;2026-08-01;876,90;MINAS GERAIS|02 - CONEXOES KRONA|OUTROS|AGO26
02 - CONEXOES KRONA;MINAS GERAIS;MINAS RJ/ES;OUTROS;2026-09-01;377,26;MINAS GERAIS|02 - CONEXOES KRONA|OUTROS|SET26
02 - CONEXOES KRONA;MINAS GERAIS;MINAS RJ/ES;OUTROS;2026-10-01;358,40;MINAS GERAIS|02 - CONEXOES KRONA|OUTROS|OUT26
02 - CONEXOES KRONA;MINAS GERAIS;MINAS RJ/ES;OUTROS;2026-11-01;414,99;MINAS GERAIS|02 - CONEXOES KRONA|OUTROS|NOV26
02 - CONEXOES KRONA;MINAS GERAIS;MINAS RJ/ES;OUTROS;2026-12-01;586,34;MINAS GERAIS|02 - CONEXOES KRONA|OUTROS|DEZ26
02 - CONEXOES KRONA;MINAS GERAIS;MINAS RJ/ES;VAREJO;2026-01-01;27371,17;MINAS GERAIS|02 - CONEXOES KRONA|VAREJO|JAN26
02 - CONEXOES KRONA;MINAS GERAIS;MINAS RJ/ES;VAREJO;2026-02-01;51789,90;MINAS GERAIS|02 - CONEXOES KRONA|VAREJO|FEV26
02 - CONEXOES KRONA;MINAS GERAIS;MINAS RJ/ES;VAREJO;2026-03-01;68186,25;MINAS GERAIS|02 - CONEXOES KRONA|VAREJO|MAR26
02 - CONEXOES KRONA;MINAS GERAIS;MINAS RJ/ES;VAREJO;2026-04-01;68530,46;MINAS GERAIS|02 - CONEXOES KRONA|VAREJO|ABR26
02 - CONEXOES KRONA;MINAS GERAIS;MINAS RJ/ES;VAREJO;2026-05-01;78611,56;MINAS GERAIS|02 - CONEXOES KRONA|VAREJO|MAI26
02 - CONEXOES KRONA;MINAS GERAIS;MINAS RJ/ES;VAREJO;2026-06-01;22925,66;MINAS GERAIS|02 - CONEXOES KRONA|VAREJO|JUN26
02 - CONEXOES KRONA;MINAS GERAIS;MINAS RJ/ES;VAREJO;2026-07-01;54181,49;MINAS GERAIS|02 - CONEXOES KRONA|VAREJO|JUL26
02 - CONEXOES KRONA;MINAS GERAIS;MINAS RJ/ES;VAREJO;2026-08-01;50126,70;MINAS GERAIS|02 - CONEXOES KRONA|VAREJO|AGO26
02 - CONEXOES KRONA;MINAS GERAIS;MINAS RJ/ES;VAREJO;2026-09-01;39747,89;MINAS GERAIS|02 - CONEXOES KRONA|VAREJO|SET26
02 - CONEXOES KRONA;MINAS GERAIS;MINAS RJ/ES;VAREJO;2026-10-01;37760,49;MINAS GERAIS|02 - CONEXOES KRONA|VAREJO|OUT26
02 - CONEXOES KRONA;MINAS GERAIS;MINAS RJ/ES;VAREJO;2026-11-01;43722,67;MINAS GERAIS|02 - CONEXOES KRONA|VAREJO|NOV26
02 - CONEXOES KRONA;MINAS GERAIS;MINAS RJ/ES;VAREJO;2026-12-01;61776,36;MINAS GERAIS|02 - CONEXOES KRONA|VAREJO|DEZ26
02 - CONEXOES KRONA;NORDESTE 1;NORDESTE;ATACADO;2026-01-01;4069,39;NORDESTE 1|02 - CONEXOES KRONA|ATACADO|JAN26
02 - CONEXOES KRONA;NORDESTE 1;NORDESTE;ATACADO;2026-02-01;43402,52;NORDESTE 1|02 - CONEXOES KRONA|ATACADO|FEV26
02 - CONEXOES KRONA;NORDESTE 1;NORDESTE;ATACADO;2026-03-01;55366,50;NORDESTE 1|02 - CONEXOES KRONA|ATACADO|MAR26
02 - CONEXOES KRONA;NORDESTE 1;NORDESTE;ATACADO;2026-04-01;44502,18;NORDESTE 1|02 - CONEXOES KRONA|ATACADO|ABR26
02 - CONEXOES KRONA;NORDESTE 1;NORDESTE;ATACADO;2026-05-01;3350,26;NORDESTE 1|02 - CONEXOES KRONA|ATACADO|MAI26
02 - CONEXOES KRONA;NORDESTE 1;NORDESTE;ATACADO;2026-06-01;43154,04;NORDESTE 1|02 - CONEXOES KRONA|ATACADO|JUN26
02 - CONEXOES KRONA;NORDESTE 1;NORDESTE;ATACADO;2026-07-01;4563,98;NORDESTE 1|02 - CONEXOES KRONA|ATACADO|JUL26
02 - CONEXOES KRONA;NORDESTE 1;NORDESTE;ATACADO;2026-08-01;8175,64;NORDESTE 1|02 - CONEXOES KRONA|ATACADO|AGO26
02 - CONEXOES KRONA;NORDESTE 1;NORDESTE;ATACADO;2026-09-01;21886,22;NORDESTE 1|02 - CONEXOES KRONA|ATACADO|SET26
02 - CONEXOES KRONA;NORDESTE 1;NORDESTE;ATACADO;2026-10-01;38448,13;NORDESTE 1|02 - CONEXOES KRONA|ATACADO|OUT26
02 - CONEXOES KRONA;NORDESTE 1;NORDESTE;ATACADO;2026-11-01;45924,74;NORDESTE 1|02 - CONEXOES KRONA|ATACADO|NOV26
02 - CONEXOES KRONA;NORDESTE 1;NORDESTE;ATACADO;2026-12-01;41653,90;NORDESTE 1|02 - CONEXOES KRONA|ATACADO|DEZ26
02 - CONEXOES KRONA;NORDESTE 1;NORDESTE;OUTROS;2026-02-01;1296,71;NORDESTE 1|02 - CONEXOES KRONA|OUTROS|FEV26
02 - CONEXOES KRONA;NORDESTE 1;NORDESTE;OUTROS;2026-03-01;716,41;NORDESTE 1|02 - CONEXOES KRONA|OUTROS|MAR26
02 - CONEXOES KRONA;NORDESTE 1;NORDESTE;OUTROS;2026-04-01;455,87;NORDESTE 1|02 - CONEXOES KRONA|OUTROS|ABR26
02 - CONEXOES KRONA;NORDESTE 1;NORDESTE;OUTROS;2026-06-01;41,41;NORDESTE 1|02 - CONEXOES KRONA|OUTROS|JUN26
02 - CONEXOES KRONA;NORDESTE 1;NORDESTE;OUTROS;2026-07-01;28,55;NORDESTE 1|02 - CONEXOES KRONA|OUTROS|JUL26
02 - CONEXOES KRONA;NORDESTE 1;NORDESTE;OUTROS;2026-09-01;171,25;NORDESTE 1|02 - CONEXOES KRONA|OUTROS|SET26
02 - CONEXOES KRONA;NORDESTE 1;NORDESTE;OUTROS;2026-10-01;300,84;NORDESTE 1|02 - CONEXOES KRONA|OUTROS|OUT26
02 - CONEXOES KRONA;NORDESTE 1;NORDESTE;OUTROS;2026-11-01;359,34;NORDESTE 1|02 - CONEXOES KRONA|OUTROS|NOV26
02 - CONEXOES KRONA;NORDESTE 1;NORDESTE;OUTROS;2026-12-01;325,92;NORDESTE 1|02 - CONEXOES KRONA|OUTROS|DEZ26
02 - CONEXOES KRONA;NORDESTE 1;NORDESTE;VAREJO;2026-01-01;20927,52;NORDESTE 1|02 - CONEXOES KRONA|VAREJO|JAN26
02 - CONEXOES KRONA;NORDESTE 1;NORDESTE;VAREJO;2026-02-01;37624,25;NORDESTE 1|02 - CONEXOES KRONA|VAREJO|FEV26
02 - CONEXOES KRONA;NORDESTE 1;NORDESTE;VAREJO;2026-03-01;37653,41;NORDESTE 1|02 - CONEXOES KRONA|VAREJO|MAR26
02 - CONEXOES KRONA;NORDESTE 1;NORDESTE;VAREJO;2026-04-01;35426,08;NORDESTE 1|02 - CONEXOES KRONA|VAREJO|ABR26
02 - CONEXOES KRONA;NORDESTE 1;NORDESTE;VAREJO;2026-05-01;25943,90;NORDESTE 1|02 - CONEXOES KRONA|VAREJO|MAI26
02 - CONEXOES KRONA;NORDESTE 1;NORDESTE;VAREJO;2026-06-01;20075,60;NORDESTE 1|02 - CONEXOES KRONA|VAREJO|JUN26
02 - CONEXOES KRONA;NORDESTE 1;NORDESTE;VAREJO;2026-07-01;24260,79;NORDESTE 1|02 - CONEXOES KRONA|VAREJO|JUL26
02 - CONEXOES KRONA;NORDESTE 1;NORDESTE;VAREJO;2026-08-01;30026,46;NORDESTE 1|02 - CONEXOES KRONA|VAREJO|AGO26
02 - CONEXOES KRONA;NORDESTE 1;NORDESTE;VAREJO;2026-09-01;19451,53;NORDESTE 1|02 - CONEXOES KRONA|VAREJO|SET26
02 - CONEXOES KRONA;NORDESTE 1;NORDESTE;VAREJO;2026-10-01;34171,03;NORDESTE 1|02 - CONEXOES KRONA|VAREJO|OUT26
02 - CONEXOES KRONA;NORDESTE 1;NORDESTE;VAREJO;2026-11-01;40815,92;NORDESTE 1|02 - CONEXOES KRONA|VAREJO|NOV26
02 - CONEXOES KRONA;NORDESTE 1;NORDESTE;VAREJO;2026-12-01;37020,18;NORDESTE 1|02 - CONEXOES KRONA|VAREJO|DEZ26
02 - CONEXOES KRONA;NORDESTE 2;NORDESTE;ATACADO;2026-01-01;118473,11;NORDESTE 2|02 - CONEXOES KRONA|ATACADO|JAN26
02 - CONEXOES KRONA;NORDESTE 2;NORDESTE;ATACADO;2026-02-01;119922,68;NORDESTE 2|02 - CONEXOES KRONA|ATACADO|FEV26
02 - CONEXOES KRONA;NORDESTE 2;NORDESTE;ATACADO;2026-03-01;152644,31;NORDESTE 2|02 - CONEXOES KRONA|ATACADO|MAR26
02 - CONEXOES KRONA;NORDESTE 2;NORDESTE;ATACADO;2026-04-01;204238,80;NORDESTE 2|02 - CONEXOES KRONA|ATACADO|ABR26
02 - CONEXOES KRONA;NORDESTE 2;NORDESTE;ATACADO;2026-05-01;12085,24;NORDESTE 2|02 - CONEXOES KRONA|ATACADO|MAI26
02 - CONEXOES KRONA;NORDESTE 2;NORDESTE;ATACADO;2026-06-01;163867,76;NORDESTE 2|02 - CONEXOES KRONA|ATACADO|JUN26
02 - CONEXOES KRONA;NORDESTE 2;NORDESTE;ATACADO;2026-07-01;8988,89;NORDESTE 2|02 - CONEXOES KRONA|ATACADO|JUL26
02 - CONEXOES KRONA;NORDESTE 2;NORDESTE;ATACADO;2026-08-01;128100,50;NORDESTE 2|02 - CONEXOES KRONA|ATACADO|AGO26
02 - CONEXOES KRONA;NORDESTE 2;NORDESTE;ATACADO;2026-09-01;132951,02;NORDESTE 2|02 - CONEXOES KRONA|ATACADO|SET26
02 - CONEXOES KRONA;NORDESTE 2;NORDESTE;ATACADO;2026-10-01;139948,44;NORDESTE 2|02 - CONEXOES KRONA|ATACADO|OUT26
02 - CONEXOES KRONA;NORDESTE 2;NORDESTE;ATACADO;2026-11-01;139948,44;NORDESTE 2|02 - CONEXOES KRONA|ATACADO|NOV26
02 - CONEXOES KRONA;NORDESTE 2;NORDESTE;ATACADO;2026-12-01;128236,16;NORDESTE 2|02 - CONEXOES KRONA|ATACADO|DEZ26
02 - CONEXOES KRONA;NORDESTE 2;NORDESTE;OUTROS;2026-04-01;118,09;NORDESTE 2|02 - CONEXOES KRONA|OUTROS|ABR26
02 - CONEXOES KRONA;NORDESTE 2;NORDESTE;OUTROS;2026-05-01;59,56;NORDESTE 2|02 - CONEXOES KRONA|OUTROS|MAI26
02 - CONEXOES KRONA;NORDESTE 2;NORDESTE;OUTROS;2026-06-01;166,64;NORDESTE 2|02 - CONEXOES KRONA|OUTROS|JUN26
02 - CONEXOES KRONA;NORDESTE 2;NORDESTE;OUTROS;2026-07-01;90,32;NORDESTE 2|02 - CONEXOES KRONA|OUTROS|JUL26
02 - CONEXOES KRONA;NORDESTE 2;NORDESTE;OUTROS;2026-08-01;137,20;NORDESTE 2|02 - CONEXOES KRONA|OUTROS|AGO26
02 - CONEXOES KRONA;NORDESTE 2;NORDESTE;OUTROS;2026-09-01;127,39;NORDESTE 2|02 - CONEXOES KRONA|OUTROS|SET26
02 - CONEXOES KRONA;NORDESTE 2;NORDESTE;OUTROS;2026-10-01;134,09;NORDESTE 2|02 - CONEXOES KRONA|OUTROS|OUT26
02 - CONEXOES KRONA;NORDESTE 2;NORDESTE;OUTROS;2026-11-01;134,09;NORDESTE 2|02 - CONEXOES KRONA|OUTROS|NOV26
02 - CONEXOES KRONA;NORDESTE 2;NORDESTE;OUTROS;2026-12-01;122,87;NORDESTE 2|02 - CONEXOES KRONA|OUTROS|DEZ26
02 - CONEXOES KRONA;NORDESTE 2;NORDESTE;VAREJO;2026-01-01;34264,95;NORDESTE 2|02 - CONEXOES KRONA|VAREJO|JAN26
02 - CONEXOES KRONA;NORDESTE 2;NORDESTE;VAREJO;2026-02-01;55009,08;NORDESTE 2|02 - CONEXOES KRONA|VAREJO|FEV26
02 - CONEXOES KRONA;NORDESTE 2;NORDESTE;VAREJO;2026-03-01;59241,36;NORDESTE 2|02 - CONEXOES KRONA|VAREJO|MAR26
02 - CONEXOES KRONA;NORDESTE 2;NORDESTE;VAREJO;2026-04-01;75544,00;NORDESTE 2|02 - CONEXOES KRONA|VAREJO|ABR26
02 - CONEXOES KRONA;NORDESTE 2;NORDESTE;VAREJO;2026-05-01;43657,88;NORDESTE 2|02 - CONEXOES KRONA|VAREJO|MAI26
02 - CONEXOES KRONA;NORDESTE 2;NORDESTE;VAREJO;2026-06-01;52888,42;NORDESTE 2|02 - CONEXOES KRONA|VAREJO|JUN26
02 - CONEXOES KRONA;NORDESTE 2;NORDESTE;VAREJO;2026-07-01;33733,03;NORDESTE 2|02 - CONEXOES KRONA|VAREJO|JUL26
02 - CONEXOES KRONA;NORDESTE 2;NORDESTE;VAREJO;2026-08-01;69455,99;NORDESTE 2|02 - CONEXOES KRONA|VAREJO|AGO26
02 - CONEXOES KRONA;NORDESTE 2;NORDESTE;VAREJO;2026-09-01;56921,59;NORDESTE 2|02 - CONEXOES KRONA|VAREJO|SET26
02 - CONEXOES KRONA;NORDESTE 2;NORDESTE;VAREJO;2026-10-01;59917,46;NORDESTE 2|02 - CONEXOES KRONA|VAREJO|OUT26
02 - CONEXOES KRONA;NORDESTE 2;NORDESTE;VAREJO;2026-11-01;59917,46;NORDESTE 2|02 - CONEXOES KRONA|VAREJO|NOV26
02 - CONEXOES KRONA;NORDESTE 2;NORDESTE;VAREJO;2026-12-01;54902,97;NORDESTE 2|02 - CONEXOES KRONA|VAREJO|DEZ26
02 - CONEXOES KRONA;NORDESTE 3;NORDESTE;ATACADO;2026-01-01;27716,31;NORDESTE 3|02 - CONEXOES KRONA|ATACADO|JAN26
02 - CONEXOES KRONA;NORDESTE 3;NORDESTE;ATACADO;2026-02-01;81874,87;NORDESTE 3|02 - CONEXOES KRONA|ATACADO|FEV26
02 - CONEXOES KRONA;NORDESTE 3;NORDESTE;ATACADO;2026-03-01;186155,67;NORDESTE 3|02 - CONEXOES KRONA|ATACADO|MAR26
02 - CONEXOES KRONA;NORDESTE 3;NORDESTE;ATACADO;2026-04-01;135112,58;NORDESTE 3|02 - CONEXOES KRONA|ATACADO|ABR26
02 - CONEXOES KRONA;NORDESTE 3;NORDESTE;ATACADO;2026-05-01;40068,50;NORDESTE 3|02 - CONEXOES KRONA|ATACADO|MAI26
02 - CONEXOES KRONA;NORDESTE 3;NORDESTE;ATACADO;2026-06-01;29048,69;NORDESTE 3|02 - CONEXOES KRONA|ATACADO|JUN26
02 - CONEXOES KRONA;NORDESTE 3;NORDESTE;ATACADO;2026-07-01;83512,09;NORDESTE 3|02 - CONEXOES KRONA|ATACADO|JUL26
02 - CONEXOES KRONA;NORDESTE 3;NORDESTE;ATACADO;2026-08-01;72070,42;NORDESTE 3|02 - CONEXOES KRONA|ATACADO|AGO26
02 - CONEXOES KRONA;NORDESTE 3;NORDESTE;ATACADO;2026-09-01;90310,15;NORDESTE 3|02 - CONEXOES KRONA|ATACADO|SET26
02 - CONEXOES KRONA;NORDESTE 3;NORDESTE;ATACADO;2026-10-01;115101,58;NORDESTE 3|02 - CONEXOES KRONA|ATACADO|OUT26
02 - CONEXOES KRONA;NORDESTE 3;NORDESTE;ATACADO;2026-11-01;105140,91;NORDESTE 3|02 - CONEXOES KRONA|ATACADO|NOV26
02 - CONEXOES KRONA;NORDESTE 3;NORDESTE;ATACADO;2026-12-01;79685,60;NORDESTE 3|02 - CONEXOES KRONA|ATACADO|DEZ26
02 - CONEXOES KRONA;NORDESTE 3;NORDESTE;OUTROS;2026-01-01;98,42;NORDESTE 3|02 - CONEXOES KRONA|OUTROS|JAN26
02 - CONEXOES KRONA;NORDESTE 3;NORDESTE;OUTROS;2026-03-01;63,32;NORDESTE 3|02 - CONEXOES KRONA|OUTROS|MAR26
02 - CONEXOES KRONA;NORDESTE 3;NORDESTE;OUTROS;2026-04-01;122,75;NORDESTE 3|02 - CONEXOES KRONA|OUTROS|ABR26
02 - CONEXOES KRONA;NORDESTE 3;NORDESTE;OUTROS;2026-05-01;60,35;NORDESTE 3|02 - CONEXOES KRONA|OUTROS|MAI26
02 - CONEXOES KRONA;NORDESTE 3;NORDESTE;OUTROS;2026-06-01;42,35;NORDESTE 3|02 - CONEXOES KRONA|OUTROS|JUN26
02 - CONEXOES KRONA;NORDESTE 3;NORDESTE;OUTROS;2026-08-01;99,96;NORDESTE 3|02 - CONEXOES KRONA|OUTROS|AGO26
02 - CONEXOES KRONA;NORDESTE 3;NORDESTE;OUTROS;2026-09-01;65,59;NORDESTE 3|02 - CONEXOES KRONA|OUTROS|SET26
02 - CONEXOES KRONA;NORDESTE 3;NORDESTE;OUTROS;2026-10-01;83,60;NORDESTE 3|02 - CONEXOES KRONA|OUTROS|OUT26
02 - CONEXOES KRONA;NORDESTE 3;NORDESTE;OUTROS;2026-11-01;76,36;NORDESTE 3|02 - CONEXOES KRONA|OUTROS|NOV26
02 - CONEXOES KRONA;NORDESTE 3;NORDESTE;OUTROS;2026-12-01;57,87;NORDESTE 3|02 - CONEXOES KRONA|OUTROS|DEZ26
02 - CONEXOES KRONA;NORDESTE 3;NORDESTE;VAREJO;2026-01-01;31317,26;NORDESTE 3|02 - CONEXOES KRONA|VAREJO|JAN26
02 - CONEXOES KRONA;NORDESTE 3;NORDESTE;VAREJO;2026-02-01;60011,13;NORDESTE 3|02 - CONEXOES KRONA|VAREJO|FEV26
02 - CONEXOES KRONA;NORDESTE 3;NORDESTE;VAREJO;2026-03-01;78242,08;NORDESTE 3|02 - CONEXOES KRONA|VAREJO|MAR26
02 - CONEXOES KRONA;NORDESTE 3;NORDESTE;VAREJO;2026-04-01;84748,88;NORDESTE 3|02 - CONEXOES KRONA|VAREJO|ABR26
02 - CONEXOES KRONA;NORDESTE 3;NORDESTE;VAREJO;2026-05-01;66429,72;NORDESTE 3|02 - CONEXOES KRONA|VAREJO|MAI26
02 - CONEXOES KRONA;NORDESTE 3;NORDESTE;VAREJO;2026-06-01;52982,66;NORDESTE 3|02 - CONEXOES KRONA|VAREJO|JUN26
02 - CONEXOES KRONA;NORDESTE 3;NORDESTE;VAREJO;2026-07-01;59783,53;NORDESTE 3|02 - CONEXOES KRONA|VAREJO|JUL26
02 - CONEXOES KRONA;NORDESTE 3;NORDESTE;VAREJO;2026-08-01;91564,11;NORDESTE 3|02 - CONEXOES KRONA|VAREJO|AGO26
02 - CONEXOES KRONA;NORDESTE 3;NORDESTE;VAREJO;2026-09-01;62857,84;NORDESTE 3|02 - CONEXOES KRONA|VAREJO|SET26
02 - CONEXOES KRONA;NORDESTE 3;NORDESTE;VAREJO;2026-10-01;80113,22;NORDESTE 3|02 - CONEXOES KRONA|VAREJO|OUT26
02 - CONEXOES KRONA;NORDESTE 3;NORDESTE;VAREJO;2026-11-01;73180,37;NORDESTE 3|02 - CONEXOES KRONA|VAREJO|NOV26
02 - CONEXOES KRONA;NORDESTE 3;NORDESTE;VAREJO;2026-12-01;55462,92;NORDESTE 3|02 - CONEXOES KRONA|VAREJO|DEZ26
02 - CONEXOES KRONA;NORTE;CO NO;ATACADO;2026-01-01;44004,19;NORTE|02 - CONEXOES KRONA|ATACADO|JAN26
02 - CONEXOES KRONA;NORTE;CO NO;ATACADO;2026-02-01;55300,86;NORTE|02 - CONEXOES KRONA|ATACADO|FEV26
02 - CONEXOES KRONA;NORTE;CO NO;ATACADO;2026-03-01;86534,39;NORTE|02 - CONEXOES KRONA|ATACADO|MAR26
02 - CONEXOES KRONA;NORTE;CO NO;ATACADO;2026-04-01;42156,18;NORTE|02 - CONEXOES KRONA|ATACADO|ABR26
02 - CONEXOES KRONA;NORTE;CO NO;ATACADO;2026-05-01;54441,65;NORTE|02 - CONEXOES KRONA|ATACADO|MAI26
02 - CONEXOES KRONA;NORTE;CO NO;ATACADO;2026-06-01;44224,58;NORTE|02 - CONEXOES KRONA|ATACADO|JUN26
02 - CONEXOES KRONA;NORTE;CO NO;ATACADO;2026-07-01;18441,67;NORTE|02 - CONEXOES KRONA|ATACADO|JUL26
02 - CONEXOES KRONA;NORTE;CO NO;ATACADO;2026-08-01;26016,13;NORTE|02 - CONEXOES KRONA|ATACADO|AGO26
02 - CONEXOES KRONA;NORTE;CO NO;ATACADO;2026-09-01;56690,31;NORTE|02 - CONEXOES KRONA|ATACADO|SET26
02 - CONEXOES KRONA;NORTE;CO NO;ATACADO;2026-10-01;42763,25;NORTE|02 - CONEXOES KRONA|ATACADO|OUT26
02 - CONEXOES KRONA;NORTE;CO NO;ATACADO;2026-11-01;48847,30;NORTE|02 - CONEXOES KRONA|ATACADO|NOV26
02 - CONEXOES KRONA;NORTE;CO NO;ATACADO;2026-12-01;28073,08;NORTE|02 - CONEXOES KRONA|ATACADO|DEZ26
02 - CONEXOES KRONA;NORTE;CO NO;VAREJO;2026-01-01;22696,16;NORTE|02 - CONEXOES KRONA|VAREJO|JAN26
02 - CONEXOES KRONA;NORTE;CO NO;VAREJO;2026-02-01;51140,39;NORTE|02 - CONEXOES KRONA|VAREJO|FEV26
02 - CONEXOES KRONA;NORTE;CO NO;VAREJO;2026-03-01;63518,97;NORTE|02 - CONEXOES KRONA|VAREJO|MAR26
02 - CONEXOES KRONA;NORTE;CO NO;VAREJO;2026-04-01;80584,76;NORTE|02 - CONEXOES KRONA|VAREJO|ABR26
02 - CONEXOES KRONA;NORTE;CO NO;VAREJO;2026-05-01;103618,31;NORTE|02 - CONEXOES KRONA|VAREJO|MAI26
02 - CONEXOES KRONA;NORTE;CO NO;VAREJO;2026-06-01;43876,59;NORTE|02 - CONEXOES KRONA|VAREJO|JUN26
02 - CONEXOES KRONA;NORTE;CO NO;VAREJO;2026-07-01;49362,75;NORTE|02 - CONEXOES KRONA|VAREJO|JUL26
02 - CONEXOES KRONA;NORTE;CO NO;VAREJO;2026-08-01;65286,06;NORTE|02 - CONEXOES KRONA|VAREJO|AGO26
02 - CONEXOES KRONA;NORTE;CO NO;VAREJO;2026-09-01;74579,69;NORTE|02 - CONEXOES KRONA|VAREJO|SET26
02 - CONEXOES KRONA;NORTE;CO NO;VAREJO;2026-10-01;56257,75;NORTE|02 - CONEXOES KRONA|VAREJO|OUT26
02 - CONEXOES KRONA;NORTE;CO NO;VAREJO;2026-11-01;64261,70;NORTE|02 - CONEXOES KRONA|VAREJO|NOV26
02 - CONEXOES KRONA;NORTE;CO NO;VAREJO;2026-12-01;36931,92;NORTE|02 - CONEXOES KRONA|VAREJO|DEZ26
02 - CONEXOES KRONA;PARANA;SUL;ATACADO;2026-01-01;2541,70;PARANA|02 - CONEXOES KRONA|ATACADO|JAN26
02 - CONEXOES KRONA;PARANA;SUL;ATACADO;2026-02-01;21879,85;PARANA|02 - CONEXOES KRONA|ATACADO|FEV26
02 - CONEXOES KRONA;PARANA;SUL;ATACADO;2026-03-01;23544,88;PARANA|02 - CONEXOES KRONA|ATACADO|MAR26
02 - CONEXOES KRONA;PARANA;SUL;ATACADO;2026-04-01;29837,01;PARANA|02 - CONEXOES KRONA|ATACADO|ABR26
02 - CONEXOES KRONA;PARANA;SUL;ATACADO;2026-05-01;4990,85;PARANA|02 - CONEXOES KRONA|ATACADO|MAI26
02 - CONEXOES KRONA;PARANA;SUL;ATACADO;2026-06-01;3037,24;PARANA|02 - CONEXOES KRONA|ATACADO|JUN26
02 - CONEXOES KRONA;PARANA;SUL;ATACADO;2026-07-01;19820,23;PARANA|02 - CONEXOES KRONA|ATACADO|JUL26
02 - CONEXOES KRONA;PARANA;SUL;ATACADO;2026-08-01;5521,46;PARANA|02 - CONEXOES KRONA|ATACADO|AGO26
02 - CONEXOES KRONA;PARANA;SUL;ATACADO;2026-09-01;14668,92;PARANA|02 - CONEXOES KRONA|ATACADO|SET26
02 - CONEXOES KRONA;PARANA;SUL;ATACADO;2026-10-01;14112,29;PARANA|02 - CONEXOES KRONA|ATACADO|OUT26
02 - CONEXOES KRONA;PARANA;SUL;ATACADO;2026-11-01;12419,15;PARANA|02 - CONEXOES KRONA|ATACADO|NOV26
02 - CONEXOES KRONA;PARANA;SUL;ATACADO;2026-12-01;12275,53;PARANA|02 - CONEXOES KRONA|ATACADO|DEZ26
02 - CONEXOES KRONA;PARANA;SUL;IRRIGACAO;2026-03-01;67,18;PARANA|02 - CONEXOES KRONA|IRRIGACAO|MAR26
02 - CONEXOES KRONA;PARANA;SUL;IRRIGACAO;2026-04-01;21,80;PARANA|02 - CONEXOES KRONA|IRRIGACAO|ABR26
02 - CONEXOES KRONA;PARANA;SUL;IRRIGACAO;2026-06-01;75,39;PARANA|02 - CONEXOES KRONA|IRRIGACAO|JUN26
02 - CONEXOES KRONA;PARANA;SUL;IRRIGACAO;2026-09-01;15,50;PARANA|02 - CONEXOES KRONA|IRRIGACAO|SET26
02 - CONEXOES KRONA;PARANA;SUL;IRRIGACAO;2026-10-01;14,91;PARANA|02 - CONEXOES KRONA|IRRIGACAO|OUT26
02 - CONEXOES KRONA;PARANA;SUL;IRRIGACAO;2026-11-01;13,12;PARANA|02 - CONEXOES KRONA|IRRIGACAO|NOV26
02 - CONEXOES KRONA;PARANA;SUL;IRRIGACAO;2026-12-01;12,97;PARANA|02 - CONEXOES KRONA|IRRIGACAO|DEZ26
02 - CONEXOES KRONA;PARANA;SUL;OUTROS;2026-01-01;107,54;PARANA|02 - CONEXOES KRONA|OUTROS|JAN26
02 - CONEXOES KRONA;PARANA;SUL;OUTROS;2026-02-01;302,55;PARANA|02 - CONEXOES KRONA|OUTROS|FEV26
02 - CONEXOES KRONA;PARANA;SUL;OUTROS;2026-03-01;778,65;PARANA|02 - CONEXOES KRONA|OUTROS|MAR26
02 - CONEXOES KRONA;PARANA;SUL;OUTROS;2026-04-01;735,96;PARANA|02 - CONEXOES KRONA|OUTROS|ABR26
02 - CONEXOES KRONA;PARANA;SUL;OUTROS;2026-05-01;296,03;PARANA|02 - CONEXOES KRONA|OUTROS|MAI26
02 - CONEXOES KRONA;PARANA;SUL;OUTROS;2026-06-01;395,95;PARANA|02 - CONEXOES KRONA|OUTROS|JUN26
02 - CONEXOES KRONA;PARANA;SUL;OUTROS;2026-07-01;218,44;PARANA|02 - CONEXOES KRONA|OUTROS|JUL26
02 - CONEXOES KRONA;PARANA;SUL;OUTROS;2026-08-01;323,88;PARANA|02 - CONEXOES KRONA|OUTROS|AGO26
02 - CONEXOES KRONA;PARANA;SUL;OUTROS;2026-09-01;378,74;PARANA|02 - CONEXOES KRONA|OUTROS|SET26
02 - CONEXOES KRONA;PARANA;SUL;OUTROS;2026-10-01;364,37;PARANA|02 - CONEXOES KRONA|OUTROS|OUT26
02 - CONEXOES KRONA;PARANA;SUL;OUTROS;2026-11-01;320,66;PARANA|02 - CONEXOES KRONA|OUTROS|NOV26
02 - CONEXOES KRONA;PARANA;SUL;OUTROS;2026-12-01;316,95;PARANA|02 - CONEXOES KRONA|OUTROS|DEZ26
02 - CONEXOES KRONA;PARANA;SUL;VAREJO;2026-01-01;19696,60;PARANA|02 - CONEXOES KRONA|VAREJO|JAN26
02 - CONEXOES KRONA;PARANA;SUL;VAREJO;2026-02-01;32992,36;PARANA|02 - CONEXOES KRONA|VAREJO|FEV26
02 - CONEXOES KRONA;PARANA;SUL;VAREJO;2026-03-01;42999,55;PARANA|02 - CONEXOES KRONA|VAREJO|MAR26
02 - CONEXOES KRONA;PARANA;SUL;VAREJO;2026-04-01;42591,14;PARANA|02 - CONEXOES KRONA|VAREJO|ABR26
02 - CONEXOES KRONA;PARANA;SUL;VAREJO;2026-05-01;38452,53;PARANA|02 - CONEXOES KRONA|VAREJO|MAI26
02 - CONEXOES KRONA;PARANA;SUL;VAREJO;2026-06-01;16246,80;PARANA|02 - CONEXOES KRONA|VAREJO|JUN26
02 - CONEXOES KRONA;PARANA;SUL;VAREJO;2026-07-01;19524,25;PARANA|02 - CONEXOES KRONA|VAREJO|JUL26
02 - CONEXOES KRONA;PARANA;SUL;VAREJO;2026-08-01;31854,47;PARANA|02 - CONEXOES KRONA|VAREJO|AGO26
02 - CONEXOES KRONA;PARANA;SUL;VAREJO;2026-09-01;31001,84;PARANA|02 - CONEXOES KRONA|VAREJO|SET26
02 - CONEXOES KRONA;PARANA;SUL;VAREJO;2026-10-01;29825,43;PARANA|02 - CONEXOES KRONA|VAREJO|OUT26
02 - CONEXOES KRONA;PARANA;SUL;VAREJO;2026-11-01;26247,08;PARANA|02 - CONEXOES KRONA|VAREJO|NOV26
02 - CONEXOES KRONA;PARANA;SUL;VAREJO;2026-12-01;25943,55;PARANA|02 - CONEXOES KRONA|VAREJO|DEZ26
02 - CONEXOES KRONA;RIO GRANDE DO SUL;SUL;ATACADO;2026-01-01;2182,80;RIO GRANDE DO SUL|02 - CONEXOES KRONA|ATACADO|JAN26
02 - CONEXOES KRONA;RIO GRANDE DO SUL;SUL;ATACADO;2026-02-01;76263,89;RIO GRANDE DO SUL|02 - CONEXOES KRONA|ATACADO|FEV26
02 - CONEXOES KRONA;RIO GRANDE DO SUL;SUL;ATACADO;2026-03-01;115529,49;RIO GRANDE DO SUL|02 - CONEXOES KRONA|ATACADO|MAR26
02 - CONEXOES KRONA;RIO GRANDE DO SUL;SUL;ATACADO;2026-04-01;93809,78;RIO GRANDE DO SUL|02 - CONEXOES KRONA|ATACADO|ABR26
02 - CONEXOES KRONA;RIO GRANDE DO SUL;SUL;ATACADO;2026-05-01;2639,95;RIO GRANDE DO SUL|02 - CONEXOES KRONA|ATACADO|MAI26
02 - CONEXOES KRONA;RIO GRANDE DO SUL;SUL;ATACADO;2026-06-01;5879,50;RIO GRANDE DO SUL|02 - CONEXOES KRONA|ATACADO|JUN26
02 - CONEXOES KRONA;RIO GRANDE DO SUL;SUL;ATACADO;2026-07-01;9233,68;RIO GRANDE DO SUL|02 - CONEXOES KRONA|ATACADO|JUL26
02 - CONEXOES KRONA;RIO GRANDE DO SUL;SUL;ATACADO;2026-08-01;25826,63;RIO GRANDE DO SUL|02 - CONEXOES KRONA|ATACADO|AGO26
02 - CONEXOES KRONA;RIO GRANDE DO SUL;SUL;ATACADO;2026-09-01;43331,38;RIO GRANDE DO SUL|02 - CONEXOES KRONA|ATACADO|SET26
02 - CONEXOES KRONA;RIO GRANDE DO SUL;SUL;ATACADO;2026-10-01;46220,14;RIO GRANDE DO SUL|02 - CONEXOES KRONA|ATACADO|OUT26
02 - CONEXOES KRONA;RIO GRANDE DO SUL;SUL;ATACADO;2026-11-01;43581,20;RIO GRANDE DO SUL|02 - CONEXOES KRONA|ATACADO|NOV26
02 - CONEXOES KRONA;RIO GRANDE DO SUL;SUL;ATACADO;2026-12-01;47021,34;RIO GRANDE DO SUL|02 - CONEXOES KRONA|ATACADO|DEZ26
02 - CONEXOES KRONA;RIO GRANDE DO SUL;SUL;OUTROS;2026-01-01;1743,23;RIO GRANDE DO SUL|02 - CONEXOES KRONA|OUTROS|JAN26
02 - CONEXOES KRONA;RIO GRANDE DO SUL;SUL;OUTROS;2026-02-01;1849,68;RIO GRANDE DO SUL|02 - CONEXOES KRONA|OUTROS|FEV26
02 - CONEXOES KRONA;RIO GRANDE DO SUL;SUL;OUTROS;2026-03-01;3143,40;RIO GRANDE DO SUL|02 - CONEXOES KRONA|OUTROS|MAR26
02 - CONEXOES KRONA;RIO GRANDE DO SUL;SUL;OUTROS;2026-04-01;1909,53;RIO GRANDE DO SUL|02 - CONEXOES KRONA|OUTROS|ABR26
02 - CONEXOES KRONA;RIO GRANDE DO SUL;SUL;OUTROS;2026-05-01;1427,39;RIO GRANDE DO SUL|02 - CONEXOES KRONA|OUTROS|MAI26
02 - CONEXOES KRONA;RIO GRANDE DO SUL;SUL;OUTROS;2026-06-01;1894,04;RIO GRANDE DO SUL|02 - CONEXOES KRONA|OUTROS|JUN26
02 - CONEXOES KRONA;RIO GRANDE DO SUL;SUL;OUTROS;2026-07-01;1138,58;RIO GRANDE DO SUL|02 - CONEXOES KRONA|OUTROS|JUL26
02 - CONEXOES KRONA;RIO GRANDE DO SUL;SUL;OUTROS;2026-08-01;1125,34;RIO GRANDE DO SUL|02 - CONEXOES KRONA|OUTROS|AGO26
02 - CONEXOES KRONA;RIO GRANDE DO SUL;SUL;OUTROS;2026-09-01;1661,87;RIO GRANDE DO SUL|02 - CONEXOES KRONA|OUTROS|SET26
02 - CONEXOES KRONA;RIO GRANDE DO SUL;SUL;OUTROS;2026-10-01;1772,66;RIO GRANDE DO SUL|02 - CONEXOES KRONA|OUTROS|OUT26
02 - CONEXOES KRONA;RIO GRANDE DO SUL;SUL;OUTROS;2026-11-01;1671,45;RIO GRANDE DO SUL|02 - CONEXOES KRONA|OUTROS|NOV26
02 - CONEXOES KRONA;RIO GRANDE DO SUL;SUL;OUTROS;2026-12-01;1803,39;RIO GRANDE DO SUL|02 - CONEXOES KRONA|OUTROS|DEZ26
02 - CONEXOES KRONA;RIO GRANDE DO SUL;SUL;VAREJO;2026-01-01;19306,64;RIO GRANDE DO SUL|02 - CONEXOES KRONA|VAREJO|JAN26
02 - CONEXOES KRONA;RIO GRANDE DO SUL;SUL;VAREJO;2026-02-01;28946,11;RIO GRANDE DO SUL|02 - CONEXOES KRONA|VAREJO|FEV26
02 - CONEXOES KRONA;RIO GRANDE DO SUL;SUL;VAREJO;2026-03-01;40078,97;RIO GRANDE DO SUL|02 - CONEXOES KRONA|VAREJO|MAR26
02 - CONEXOES KRONA;RIO GRANDE DO SUL;SUL;VAREJO;2026-04-01;38694,41;RIO GRANDE DO SUL|02 - CONEXOES KRONA|VAREJO|ABR26
02 - CONEXOES KRONA;RIO GRANDE DO SUL;SUL;VAREJO;2026-05-01;38137,94;RIO GRANDE DO SUL|02 - CONEXOES KRONA|VAREJO|MAI26
02 - CONEXOES KRONA;RIO GRANDE DO SUL;SUL;VAREJO;2026-06-01;19419,42;RIO GRANDE DO SUL|02 - CONEXOES KRONA|VAREJO|JUN26
02 - CONEXOES KRONA;RIO GRANDE DO SUL;SUL;VAREJO;2026-07-01;16831,18;RIO GRANDE DO SUL|02 - CONEXOES KRONA|VAREJO|JUL26
02 - CONEXOES KRONA;RIO GRANDE DO SUL;SUL;VAREJO;2026-08-01;32059,42;RIO GRANDE DO SUL|02 - CONEXOES KRONA|VAREJO|AGO26
02 - CONEXOES KRONA;RIO GRANDE DO SUL;SUL;VAREJO;2026-09-01;30006,75;RIO GRANDE DO SUL|02 - CONEXOES KRONA|VAREJO|SET26
02 - CONEXOES KRONA;RIO GRANDE DO SUL;SUL;VAREJO;2026-10-01;32007,20;RIO GRANDE DO SUL|02 - CONEXOES KRONA|VAREJO|OUT26
02 - CONEXOES KRONA;RIO GRANDE DO SUL;SUL;VAREJO;2026-11-01;30179,74;RIO GRANDE DO SUL|02 - CONEXOES KRONA|VAREJO|NOV26
02 - CONEXOES KRONA;RIO GRANDE DO SUL;SUL;VAREJO;2026-12-01;32562,02;RIO GRANDE DO SUL|02 - CONEXOES KRONA|VAREJO|DEZ26
02 - CONEXOES KRONA;RJ/ES;MINAS RJ/ES;ATACADO;2026-01-01;17239,51;RJ/ES|02 - CONEXOES KRONA|ATACADO|JAN26
02 - CONEXOES KRONA;RJ/ES;MINAS RJ/ES;ATACADO;2026-02-01;83385,48;RJ/ES|02 - CONEXOES KRONA|ATACADO|FEV26
02 - CONEXOES KRONA;RJ/ES;MINAS RJ/ES;ATACADO;2026-03-01;137162,79;RJ/ES|02 - CONEXOES KRONA|ATACADO|MAR26
02 - CONEXOES KRONA;RJ/ES;MINAS RJ/ES;ATACADO;2026-04-01;136736,05;RJ/ES|02 - CONEXOES KRONA|ATACADO|ABR26
02 - CONEXOES KRONA;RJ/ES;MINAS RJ/ES;ATACADO;2026-05-01;1931,85;RJ/ES|02 - CONEXOES KRONA|ATACADO|MAI26
02 - CONEXOES KRONA;RJ/ES;MINAS RJ/ES;ATACADO;2026-06-01;23935,51;RJ/ES|02 - CONEXOES KRONA|ATACADO|JUN26
02 - CONEXOES KRONA;RJ/ES;MINAS RJ/ES;ATACADO;2026-07-01;40625,79;RJ/ES|02 - CONEXOES KRONA|ATACADO|JUL26
02 - CONEXOES KRONA;RJ/ES;MINAS RJ/ES;ATACADO;2026-08-01;52254,62;RJ/ES|02 - CONEXOES KRONA|ATACADO|AGO26
02 - CONEXOES KRONA;RJ/ES;MINAS RJ/ES;ATACADO;2026-09-01;55495,03;RJ/ES|02 - CONEXOES KRONA|ATACADO|SET26
02 - CONEXOES KRONA;RJ/ES;MINAS RJ/ES;ATACADO;2026-10-01;55495,03;RJ/ES|02 - CONEXOES KRONA|ATACADO|OUT26
02 - CONEXOES KRONA;RJ/ES;MINAS RJ/ES;ATACADO;2026-11-01;55495,03;RJ/ES|02 - CONEXOES KRONA|ATACADO|NOV26
02 - CONEXOES KRONA;RJ/ES;MINAS RJ/ES;ATACADO;2026-12-01;55495,03;RJ/ES|02 - CONEXOES KRONA|ATACADO|DEZ26
02 - CONEXOES KRONA;RJ/ES;MINAS RJ/ES;OUTROS;2026-01-01;38,35;RJ/ES|02 - CONEXOES KRONA|OUTROS|JAN26
02 - CONEXOES KRONA;RJ/ES;MINAS RJ/ES;OUTROS;2026-02-01;796,61;RJ/ES|02 - CONEXOES KRONA|OUTROS|FEV26
02 - CONEXOES KRONA;RJ/ES;MINAS RJ/ES;OUTROS;2026-03-01;1858,60;RJ/ES|02 - CONEXOES KRONA|OUTROS|MAR26
02 - CONEXOES KRONA;RJ/ES;MINAS RJ/ES;OUTROS;2026-04-01;368,86;RJ/ES|02 - CONEXOES KRONA|OUTROS|ABR26
02 - CONEXOES KRONA;RJ/ES;MINAS RJ/ES;OUTROS;2026-05-01;1519,76;RJ/ES|02 - CONEXOES KRONA|OUTROS|MAI26
02 - CONEXOES KRONA;RJ/ES;MINAS RJ/ES;OUTROS;2026-07-01;1136,55;RJ/ES|02 - CONEXOES KRONA|OUTROS|JUL26
02 - CONEXOES KRONA;RJ/ES;MINAS RJ/ES;OUTROS;2026-08-01;950,95;RJ/ES|02 - CONEXOES KRONA|OUTROS|AGO26
02 - CONEXOES KRONA;RJ/ES;MINAS RJ/ES;OUTROS;2026-09-01;719,27;RJ/ES|02 - CONEXOES KRONA|OUTROS|SET26
02 - CONEXOES KRONA;RJ/ES;MINAS RJ/ES;OUTROS;2026-10-01;719,27;RJ/ES|02 - CONEXOES KRONA|OUTROS|OUT26
02 - CONEXOES KRONA;RJ/ES;MINAS RJ/ES;OUTROS;2026-11-01;719,27;RJ/ES|02 - CONEXOES KRONA|OUTROS|NOV26
02 - CONEXOES KRONA;RJ/ES;MINAS RJ/ES;OUTROS;2026-12-01;719,27;RJ/ES|02 - CONEXOES KRONA|OUTROS|DEZ26
02 - CONEXOES KRONA;RJ/ES;MINAS RJ/ES;VAREJO;2026-01-01;6479,54;RJ/ES|02 - CONEXOES KRONA|VAREJO|JAN26
02 - CONEXOES KRONA;RJ/ES;MINAS RJ/ES;VAREJO;2026-02-01;25659,04;RJ/ES|02 - CONEXOES KRONA|VAREJO|FEV26
02 - CONEXOES KRONA;RJ/ES;MINAS RJ/ES;VAREJO;2026-03-01;27724,94;RJ/ES|02 - CONEXOES KRONA|VAREJO|MAR26
02 - CONEXOES KRONA;RJ/ES;MINAS RJ/ES;VAREJO;2026-04-01;33597,59;RJ/ES|02 - CONEXOES KRONA|VAREJO|ABR26
02 - CONEXOES KRONA;RJ/ES;MINAS RJ/ES;VAREJO;2026-05-01;28209,14;RJ/ES|02 - CONEXOES KRONA|VAREJO|MAI26
02 - CONEXOES KRONA;RJ/ES;MINAS RJ/ES;VAREJO;2026-06-01;9167,42;RJ/ES|02 - CONEXOES KRONA|VAREJO|JUN26
02 - CONEXOES KRONA;RJ/ES;MINAS RJ/ES;VAREJO;2026-07-01;27977,23;RJ/ES|02 - CONEXOES KRONA|VAREJO|JUL26
02 - CONEXOES KRONA;RJ/ES;MINAS RJ/ES;VAREJO;2026-08-01;15254,55;RJ/ES|02 - CONEXOES KRONA|VAREJO|AGO26
02 - CONEXOES KRONA;RJ/ES;MINAS RJ/ES;VAREJO;2026-09-01;20785,71;RJ/ES|02 - CONEXOES KRONA|VAREJO|SET26
02 - CONEXOES KRONA;RJ/ES;MINAS RJ/ES;VAREJO;2026-10-01;20785,71;RJ/ES|02 - CONEXOES KRONA|VAREJO|OUT26
02 - CONEXOES KRONA;RJ/ES;MINAS RJ/ES;VAREJO;2026-11-01;20785,71;RJ/ES|02 - CONEXOES KRONA|VAREJO|NOV26
02 - CONEXOES KRONA;RJ/ES;MINAS RJ/ES;VAREJO;2026-12-01;20785,71;RJ/ES|02 - CONEXOES KRONA|VAREJO|DEZ26
02 - CONEXOES KRONA;SANTA CATARINA 01;SUL;ATACADO;2026-01-01;2476,68;SANTA CATARINA 01|02 - CONEXOES KRONA|ATACADO|JAN26
02 - CONEXOES KRONA;SANTA CATARINA 01;SUL;ATACADO;2026-02-01;17327,67;SANTA CATARINA 01|02 - CONEXOES KRONA|ATACADO|FEV26
02 - CONEXOES KRONA;SANTA CATARINA 01;SUL;ATACADO;2026-03-01;16943,63;SANTA CATARINA 01|02 - CONEXOES KRONA|ATACADO|MAR26
02 - CONEXOES KRONA;SANTA CATARINA 01;SUL;ATACADO;2026-04-01;15519,45;SANTA CATARINA 01|02 - CONEXOES KRONA|ATACADO|ABR26
02 - CONEXOES KRONA;SANTA CATARINA 01;SUL;ATACADO;2026-05-01;3805,61;SANTA CATARINA 01|02 - CONEXOES KRONA|ATACADO|MAI26
02 - CONEXOES KRONA;SANTA CATARINA 01;SUL;ATACADO;2026-06-01;10357,11;SANTA CATARINA 01|02 - CONEXOES KRONA|ATACADO|JUN26
02 - CONEXOES KRONA;SANTA CATARINA 01;SUL;ATACADO;2026-07-01;5608,59;SANTA CATARINA 01|02 - CONEXOES KRONA|ATACADO|JUL26
02 - CONEXOES KRONA;SANTA CATARINA 01;SUL;ATACADO;2026-08-01;11783,37;SANTA CATARINA 01|02 - CONEXOES KRONA|ATACADO|AGO26
02 - CONEXOES KRONA;SANTA CATARINA 01;SUL;ATACADO;2026-09-01;9391,62;SANTA CATARINA 01|02 - CONEXOES KRONA|ATACADO|SET26
02 - CONEXOES KRONA;SANTA CATARINA 01;SUL;ATACADO;2026-10-01;10956,89;SANTA CATARINA 01|02 - CONEXOES KRONA|ATACADO|OUT26
02 - CONEXOES KRONA;SANTA CATARINA 01;SUL;ATACADO;2026-11-01;11752,36;SANTA CATARINA 01|02 - CONEXOES KRONA|ATACADO|NOV26
02 - CONEXOES KRONA;SANTA CATARINA 01;SUL;ATACADO;2026-12-01;17614,49;SANTA CATARINA 01|02 - CONEXOES KRONA|ATACADO|DEZ26
02 - CONEXOES KRONA;SANTA CATARINA 01;SUL;OUTROS;2026-01-01;130,24;SANTA CATARINA 01|02 - CONEXOES KRONA|OUTROS|JAN26
02 - CONEXOES KRONA;SANTA CATARINA 01;SUL;OUTROS;2026-02-01;379,84;SANTA CATARINA 01|02 - CONEXOES KRONA|OUTROS|FEV26
02 - CONEXOES KRONA;SANTA CATARINA 01;SUL;OUTROS;2026-03-01;484,55;SANTA CATARINA 01|02 - CONEXOES KRONA|OUTROS|MAR26
02 - CONEXOES KRONA;SANTA CATARINA 01;SUL;OUTROS;2026-04-01;438,95;SANTA CATARINA 01|02 - CONEXOES KRONA|OUTROS|ABR26
02 - CONEXOES KRONA;SANTA CATARINA 01;SUL;OUTROS;2026-05-01;538,92;SANTA CATARINA 01|02 - CONEXOES KRONA|OUTROS|MAI26
02 - CONEXOES KRONA;SANTA CATARINA 01;SUL;OUTROS;2026-06-01;347,28;SANTA CATARINA 01|02 - CONEXOES KRONA|OUTROS|JUN26
02 - CONEXOES KRONA;SANTA CATARINA 01;SUL;OUTROS;2026-07-01;313,03;SANTA CATARINA 01|02 - CONEXOES KRONA|OUTROS|JUL26
02 - CONEXOES KRONA;SANTA CATARINA 01;SUL;OUTROS;2026-08-01;215,03;SANTA CATARINA 01|02 - CONEXOES KRONA|OUTROS|AGO26
02 - CONEXOES KRONA;SANTA CATARINA 01;SUL;OUTROS;2026-09-01;293,67;SANTA CATARINA 01|02 - CONEXOES KRONA|OUTROS|SET26
02 - CONEXOES KRONA;SANTA CATARINA 01;SUL;OUTROS;2026-10-01;342,62;SANTA CATARINA 01|02 - CONEXOES KRONA|OUTROS|OUT26
02 - CONEXOES KRONA;SANTA CATARINA 01;SUL;OUTROS;2026-11-01;367,49;SANTA CATARINA 01|02 - CONEXOES KRONA|OUTROS|NOV26
02 - CONEXOES KRONA;SANTA CATARINA 01;SUL;OUTROS;2026-12-01;550,80;SANTA CATARINA 01|02 - CONEXOES KRONA|OUTROS|DEZ26
02 - CONEXOES KRONA;SANTA CATARINA 01;SUL;VAREJO;2026-01-01;11513,54;SANTA CATARINA 01|02 - CONEXOES KRONA|VAREJO|JAN26
02 - CONEXOES KRONA;SANTA CATARINA 01;SUL;VAREJO;2026-02-01;29722,46;SANTA CATARINA 01|02 - CONEXOES KRONA|VAREJO|FEV26
02 - CONEXOES KRONA;SANTA CATARINA 01;SUL;VAREJO;2026-03-01;29712,35;SANTA CATARINA 01|02 - CONEXOES KRONA|VAREJO|MAR26
02 - CONEXOES KRONA;SANTA CATARINA 01;SUL;VAREJO;2026-04-01;32078,08;SANTA CATARINA 01|02 - CONEXOES KRONA|VAREJO|ABR26
02 - CONEXOES KRONA;SANTA CATARINA 01;SUL;VAREJO;2026-05-01;36365,48;SANTA CATARINA 01|02 - CONEXOES KRONA|VAREJO|MAI26
02 - CONEXOES KRONA;SANTA CATARINA 01;SUL;VAREJO;2026-06-01;13958,06;SANTA CATARINA 01|02 - CONEXOES KRONA|VAREJO|JUN26
02 - CONEXOES KRONA;SANTA CATARINA 01;SUL;VAREJO;2026-07-01;14718,28;SANTA CATARINA 01|02 - CONEXOES KRONA|VAREJO|JUL26
02 - CONEXOES KRONA;SANTA CATARINA 01;SUL;VAREJO;2026-08-01;31448,57;SANTA CATARINA 01|02 - CONEXOES KRONA|VAREJO|AGO26
02 - CONEXOES KRONA;SANTA CATARINA 01;SUL;VAREJO;2026-09-01;20314,71;SANTA CATARINA 01|02 - CONEXOES KRONA|VAREJO|SET26
02 - CONEXOES KRONA;SANTA CATARINA 01;SUL;VAREJO;2026-10-01;23700,49;SANTA CATARINA 01|02 - CONEXOES KRONA|VAREJO|OUT26
02 - CONEXOES KRONA;SANTA CATARINA 01;SUL;VAREJO;2026-11-01;25421,15;SANTA CATARINA 01|02 - CONEXOES KRONA|VAREJO|NOV26
02 - CONEXOES KRONA;SANTA CATARINA 01;SUL;VAREJO;2026-12-01;38101,32;SANTA CATARINA 01|02 - CONEXOES KRONA|VAREJO|DEZ26
02 - CONEXOES KRONA;SANTA CATARINA 02;SUL;ATACADO;2026-01-01;8378,06;SANTA CATARINA 02|02 - CONEXOES KRONA|ATACADO|JAN26
02 - CONEXOES KRONA;SANTA CATARINA 02;SUL;ATACADO;2026-02-01;29009,73;SANTA CATARINA 02|02 - CONEXOES KRONA|ATACADO|FEV26
02 - CONEXOES KRONA;SANTA CATARINA 02;SUL;ATACADO;2026-03-01;32573,63;SANTA CATARINA 02|02 - CONEXOES KRONA|ATACADO|MAR26
02 - CONEXOES KRONA;SANTA CATARINA 02;SUL;ATACADO;2026-04-01;31427,68;SANTA CATARINA 02|02 - CONEXOES KRONA|ATACADO|ABR26
02 - CONEXOES KRONA;SANTA CATARINA 02;SUL;ATACADO;2026-05-01;10505,45;SANTA CATARINA 02|02 - CONEXOES KRONA|ATACADO|MAI26
02 - CONEXOES KRONA;SANTA CATARINA 02;SUL;ATACADO;2026-06-01;11903,48;SANTA CATARINA 02|02 - CONEXOES KRONA|ATACADO|JUN26
02 - CONEXOES KRONA;SANTA CATARINA 02;SUL;ATACADO;2026-07-01;16308,23;SANTA CATARINA 02|02 - CONEXOES KRONA|ATACADO|JUL26
02 - CONEXOES KRONA;SANTA CATARINA 02;SUL;ATACADO;2026-08-01;14193,84;SANTA CATARINA 02|02 - CONEXOES KRONA|ATACADO|AGO26
02 - CONEXOES KRONA;SANTA CATARINA 02;SUL;ATACADO;2026-09-01;16397,52;SANTA CATARINA 02|02 - CONEXOES KRONA|ATACADO|SET26
02 - CONEXOES KRONA;SANTA CATARINA 02;SUL;ATACADO;2026-10-01;16803,22;SANTA CATARINA 02|02 - CONEXOES KRONA|ATACADO|OUT26
02 - CONEXOES KRONA;SANTA CATARINA 02;SUL;ATACADO;2026-11-01;13848,31;SANTA CATARINA 02|02 - CONEXOES KRONA|ATACADO|NOV26
02 - CONEXOES KRONA;SANTA CATARINA 02;SUL;ATACADO;2026-12-01;16619,64;SANTA CATARINA 02|02 - CONEXOES KRONA|ATACADO|DEZ26
02 - CONEXOES KRONA;SANTA CATARINA 02;SUL;OUTROS;2026-01-01;346,81;SANTA CATARINA 02|02 - CONEXOES KRONA|OUTROS|JAN26
02 - CONEXOES KRONA;SANTA CATARINA 02;SUL;OUTROS;2026-02-01;593,57;SANTA CATARINA 02|02 - CONEXOES KRONA|OUTROS|FEV26
02 - CONEXOES KRONA;SANTA CATARINA 02;SUL;OUTROS;2026-03-01;530,24;SANTA CATARINA 02|02 - CONEXOES KRONA|OUTROS|MAR26
02 - CONEXOES KRONA;SANTA CATARINA 02;SUL;OUTROS;2026-04-01;408,80;SANTA CATARINA 02|02 - CONEXOES KRONA|OUTROS|ABR26
02 - CONEXOES KRONA;SANTA CATARINA 02;SUL;OUTROS;2026-05-01;1585,34;SANTA CATARINA 02|02 - CONEXOES KRONA|OUTROS|MAI26
02 - CONEXOES KRONA;SANTA CATARINA 02;SUL;OUTROS;2026-06-01;546,76;SANTA CATARINA 02|02 - CONEXOES KRONA|OUTROS|JUN26
02 - CONEXOES KRONA;SANTA CATARINA 02;SUL;OUTROS;2026-07-01;273,04;SANTA CATARINA 02|02 - CONEXOES KRONA|OUTROS|JUL26
02 - CONEXOES KRONA;SANTA CATARINA 02;SUL;OUTROS;2026-08-01;545,74;SANTA CATARINA 02|02 - CONEXOES KRONA|OUTROS|AGO26
02 - CONEXOES KRONA;SANTA CATARINA 02;SUL;OUTROS;2026-09-01;497,71;SANTA CATARINA 02|02 - CONEXOES KRONA|OUTROS|SET26
02 - CONEXOES KRONA;SANTA CATARINA 02;SUL;OUTROS;2026-10-01;510,02;SANTA CATARINA 02|02 - CONEXOES KRONA|OUTROS|OUT26
02 - CONEXOES KRONA;SANTA CATARINA 02;SUL;OUTROS;2026-11-01;420,33;SANTA CATARINA 02|02 - CONEXOES KRONA|OUTROS|NOV26
02 - CONEXOES KRONA;SANTA CATARINA 02;SUL;OUTROS;2026-12-01;504,45;SANTA CATARINA 02|02 - CONEXOES KRONA|OUTROS|DEZ26
02 - CONEXOES KRONA;SANTA CATARINA 02;SUL;VAREJO;2026-01-01;22758,56;SANTA CATARINA 02|02 - CONEXOES KRONA|VAREJO|JAN26
02 - CONEXOES KRONA;SANTA CATARINA 02;SUL;VAREJO;2026-02-01;33995,06;SANTA CATARINA 02|02 - CONEXOES KRONA|VAREJO|FEV26
02 - CONEXOES KRONA;SANTA CATARINA 02;SUL;VAREJO;2026-03-01;42073,56;SANTA CATARINA 02|02 - CONEXOES KRONA|VAREJO|MAR26
02 - CONEXOES KRONA;SANTA CATARINA 02;SUL;VAREJO;2026-04-01;42549,42;SANTA CATARINA 02|02 - CONEXOES KRONA|VAREJO|ABR26
02 - CONEXOES KRONA;SANTA CATARINA 02;SUL;VAREJO;2026-05-01;51342,50;SANTA CATARINA 02|02 - CONEXOES KRONA|VAREJO|MAI26
02 - CONEXOES KRONA;SANTA CATARINA 02;SUL;VAREJO;2026-06-01;19298,74;SANTA CATARINA 02|02 - CONEXOES KRONA|VAREJO|JUN26
02 - CONEXOES KRONA;SANTA CATARINA 02;SUL;VAREJO;2026-07-01;23655,37;SANTA CATARINA 02|02 - CONEXOES KRONA|VAREJO|JUL26
02 - CONEXOES KRONA;SANTA CATARINA 02;SUL;VAREJO;2026-08-01;34540,92;SANTA CATARINA 02|02 - CONEXOES KRONA|VAREJO|AGO26
02 - CONEXOES KRONA;SANTA CATARINA 02;SUL;VAREJO;2026-09-01;31104,77;SANTA CATARINA 02|02 - CONEXOES KRONA|VAREJO|SET26
02 - CONEXOES KRONA;SANTA CATARINA 02;SUL;VAREJO;2026-10-01;31874,36;SANTA CATARINA 02|02 - CONEXOES KRONA|VAREJO|OUT26
02 - CONEXOES KRONA;SANTA CATARINA 02;SUL;VAREJO;2026-11-01;26269,14;SANTA CATARINA 02|02 - CONEXOES KRONA|VAREJO|NOV26
02 - CONEXOES KRONA;SANTA CATARINA 02;SUL;VAREJO;2026-12-01;31526,12;SANTA CATARINA 02|02 - CONEXOES KRONA|VAREJO|DEZ26
02 - CONEXOES KRONA;SAO PAULO CAPITAL;SP;ATACADO;2026-01-01;1429,67;SAO PAULO CAPITAL|02 - CONEXOES KRONA|ATACADO|JAN26
02 - CONEXOES KRONA;SAO PAULO CAPITAL;SP;ATACADO;2026-02-01;6188,13;SAO PAULO CAPITAL|02 - CONEXOES KRONA|ATACADO|FEV26
02 - CONEXOES KRONA;SAO PAULO CAPITAL;SP;ATACADO;2026-03-01;5843,71;SAO PAULO CAPITAL|02 - CONEXOES KRONA|ATACADO|MAR26
02 - CONEXOES KRONA;SAO PAULO CAPITAL;SP;ATACADO;2026-04-01;6225,87;SAO PAULO CAPITAL|02 - CONEXOES KRONA|ATACADO|ABR26
02 - CONEXOES KRONA;SAO PAULO CAPITAL;SP;ATACADO;2026-05-01;754,19;SAO PAULO CAPITAL|02 - CONEXOES KRONA|ATACADO|MAI26
02 - CONEXOES KRONA;SAO PAULO CAPITAL;SP;ATACADO;2026-06-01;5535,98;SAO PAULO CAPITAL|02 - CONEXOES KRONA|ATACADO|JUN26
02 - CONEXOES KRONA;SAO PAULO CAPITAL;SP;ATACADO;2026-07-01;1701,27;SAO PAULO CAPITAL|02 - CONEXOES KRONA|ATACADO|JUL26
02 - CONEXOES KRONA;SAO PAULO CAPITAL;SP;ATACADO;2026-08-01;5408,96;SAO PAULO CAPITAL|02 - CONEXOES KRONA|ATACADO|AGO26
02 - CONEXOES KRONA;SAO PAULO CAPITAL;SP;ATACADO;2026-09-01;5480,22;SAO PAULO CAPITAL|02 - CONEXOES KRONA|ATACADO|SET26
02 - CONEXOES KRONA;SAO PAULO CAPITAL;SP;ATACADO;2026-10-01;4766,21;SAO PAULO CAPITAL|02 - CONEXOES KRONA|ATACADO|OUT26
02 - CONEXOES KRONA;SAO PAULO CAPITAL;SP;ATACADO;2026-11-01;5041,18;SAO PAULO CAPITAL|02 - CONEXOES KRONA|ATACADO|NOV26
02 - CONEXOES KRONA;SAO PAULO CAPITAL;SP;ATACADO;2026-12-01;3968,88;SAO PAULO CAPITAL|02 - CONEXOES KRONA|ATACADO|DEZ26
02 - CONEXOES KRONA;SAO PAULO CAPITAL;SP;OUTROS;2026-01-01;199,37;SAO PAULO CAPITAL|02 - CONEXOES KRONA|OUTROS|JAN26
02 - CONEXOES KRONA;SAO PAULO CAPITAL;SP;OUTROS;2026-02-01;474,62;SAO PAULO CAPITAL|02 - CONEXOES KRONA|OUTROS|FEV26
02 - CONEXOES KRONA;SAO PAULO CAPITAL;SP;OUTROS;2026-03-01;46,36;SAO PAULO CAPITAL|02 - CONEXOES KRONA|OUTROS|MAR26
02 - CONEXOES KRONA;SAO PAULO CAPITAL;SP;OUTROS;2026-04-01;175,25;SAO PAULO CAPITAL|02 - CONEXOES KRONA|OUTROS|ABR26
02 - CONEXOES KRONA;SAO PAULO CAPITAL;SP;OUTROS;2026-05-01;118,76;SAO PAULO CAPITAL|02 - CONEXOES KRONA|OUTROS|MAI26
02 - CONEXOES KRONA;SAO PAULO CAPITAL;SP;OUTROS;2026-06-01;391,69;SAO PAULO CAPITAL|02 - CONEXOES KRONA|OUTROS|JUN26
02 - CONEXOES KRONA;SAO PAULO CAPITAL;SP;OUTROS;2026-08-01;245,37;SAO PAULO CAPITAL|02 - CONEXOES KRONA|OUTROS|AGO26
02 - CONEXOES KRONA;SAO PAULO CAPITAL;SP;OUTROS;2026-09-01;206,35;SAO PAULO CAPITAL|02 - CONEXOES KRONA|OUTROS|SET26
02 - CONEXOES KRONA;SAO PAULO CAPITAL;SP;OUTROS;2026-10-01;179,47;SAO PAULO CAPITAL|02 - CONEXOES KRONA|OUTROS|OUT26
02 - CONEXOES KRONA;SAO PAULO CAPITAL;SP;OUTROS;2026-11-01;189,82;SAO PAULO CAPITAL|02 - CONEXOES KRONA|OUTROS|NOV26
02 - CONEXOES KRONA;SAO PAULO CAPITAL;SP;OUTROS;2026-12-01;149,44;SAO PAULO CAPITAL|02 - CONEXOES KRONA|OUTROS|DEZ26
02 - CONEXOES KRONA;SAO PAULO CAPITAL;SP;VAREJO;2026-01-01;32918,25;SAO PAULO CAPITAL|02 - CONEXOES KRONA|VAREJO|JAN26
02 - CONEXOES KRONA;SAO PAULO CAPITAL;SP;VAREJO;2026-02-01;42291,56;SAO PAULO CAPITAL|02 - CONEXOES KRONA|VAREJO|FEV26
02 - CONEXOES KRONA;SAO PAULO CAPITAL;SP;VAREJO;2026-03-01;60996,78;SAO PAULO CAPITAL|02 - CONEXOES KRONA|VAREJO|MAR26
02 - CONEXOES KRONA;SAO PAULO CAPITAL;SP;VAREJO;2026-04-01;52526,47;SAO PAULO CAPITAL|02 - CONEXOES KRONA|VAREJO|ABR26
02 - CONEXOES KRONA;SAO PAULO CAPITAL;SP;VAREJO;2026-05-01;70344,86;SAO PAULO CAPITAL|02 - CONEXOES KRONA|VAREJO|MAI26
02 - CONEXOES KRONA;SAO PAULO CAPITAL;SP;VAREJO;2026-06-01;30834,74;SAO PAULO CAPITAL|02 - CONEXOES KRONA|VAREJO|JUN26
02 - CONEXOES KRONA;SAO PAULO CAPITAL;SP;VAREJO;2026-07-01;26800,74;SAO PAULO CAPITAL|02 - CONEXOES KRONA|VAREJO|JUL26
02 - CONEXOES KRONA;SAO PAULO CAPITAL;SP;VAREJO;2026-08-01;45412,60;SAO PAULO CAPITAL|02 - CONEXOES KRONA|VAREJO|AGO26
02 - CONEXOES KRONA;SAO PAULO CAPITAL;SP;VAREJO;2026-09-01;54103,43;SAO PAULO CAPITAL|02 - CONEXOES KRONA|VAREJO|SET26
02 - CONEXOES KRONA;SAO PAULO CAPITAL;SP;VAREJO;2026-10-01;47054,33;SAO PAULO CAPITAL|02 - CONEXOES KRONA|VAREJO|OUT26
02 - CONEXOES KRONA;SAO PAULO CAPITAL;SP;VAREJO;2026-11-01;49769,00;SAO PAULO CAPITAL|02 - CONEXOES KRONA|VAREJO|NOV26
02 - CONEXOES KRONA;SAO PAULO CAPITAL;SP;VAREJO;2026-12-01;39182,68;SAO PAULO CAPITAL|02 - CONEXOES KRONA|VAREJO|DEZ26
02 - CONEXOES KRONA;SAO PAULO CAPITAL 2;SP;ATACADO;2026-01-01;2586,71;SAO PAULO CAPITAL 2|02 - CONEXOES KRONA|ATACADO|JAN26
02 - CONEXOES KRONA;SAO PAULO CAPITAL 2;SP;ATACADO;2026-02-01;35258,99;SAO PAULO CAPITAL 2|02 - CONEXOES KRONA|ATACADO|FEV26
02 - CONEXOES KRONA;SAO PAULO CAPITAL 2;SP;ATACADO;2026-03-01;273818,54;SAO PAULO CAPITAL 2|02 - CONEXOES KRONA|ATACADO|MAR26
02 - CONEXOES KRONA;SAO PAULO CAPITAL 2;SP;ATACADO;2026-04-01;131023,56;SAO PAULO CAPITAL 2|02 - CONEXOES KRONA|ATACADO|ABR26
02 - CONEXOES KRONA;SAO PAULO CAPITAL 2;SP;ATACADO;2026-05-01;10777,77;SAO PAULO CAPITAL 2|02 - CONEXOES KRONA|ATACADO|MAI26
02 - CONEXOES KRONA;SAO PAULO CAPITAL 2;SP;ATACADO;2026-06-01;32695,61;SAO PAULO CAPITAL 2|02 - CONEXOES KRONA|ATACADO|JUN26
02 - CONEXOES KRONA;SAO PAULO CAPITAL 2;SP;ATACADO;2026-07-01;63121,65;SAO PAULO CAPITAL 2|02 - CONEXOES KRONA|ATACADO|JUL26
02 - CONEXOES KRONA;SAO PAULO CAPITAL 2;SP;ATACADO;2026-08-01;48989,48;SAO PAULO CAPITAL 2|02 - CONEXOES KRONA|ATACADO|AGO26
02 - CONEXOES KRONA;SAO PAULO CAPITAL 2;SP;ATACADO;2026-09-01;100000,00;SAO PAULO CAPITAL 2|02 - CONEXOES KRONA|ATACADO|SET26
02 - CONEXOES KRONA;SAO PAULO CAPITAL 2;SP;ATACADO;2026-10-01;82788,00;SAO PAULO CAPITAL 2|02 - CONEXOES KRONA|ATACADO|OUT26
02 - CONEXOES KRONA;SAO PAULO CAPITAL 2;SP;ATACADO;2026-11-01;83487,00;SAO PAULO CAPITAL 2|02 - CONEXOES KRONA|ATACADO|NOV26
02 - CONEXOES KRONA;SAO PAULO CAPITAL 2;SP;ATACADO;2026-12-01;87095,00;SAO PAULO CAPITAL 2|02 - CONEXOES KRONA|ATACADO|DEZ26
02 - CONEXOES KRONA;SAO PAULO INTERIOR;SP;ATACADO;2026-01-01;3421,12;SAO PAULO INTERIOR|02 - CONEXOES KRONA|ATACADO|JAN26
02 - CONEXOES KRONA;SAO PAULO INTERIOR;SP;ATACADO;2026-02-01;20975,47;SAO PAULO INTERIOR|02 - CONEXOES KRONA|ATACADO|FEV26
02 - CONEXOES KRONA;SAO PAULO INTERIOR;SP;ATACADO;2026-03-01;78674,02;SAO PAULO INTERIOR|02 - CONEXOES KRONA|ATACADO|MAR26
02 - CONEXOES KRONA;SAO PAULO INTERIOR;SP;ATACADO;2026-04-01;39994,36;SAO PAULO INTERIOR|02 - CONEXOES KRONA|ATACADO|ABR26
02 - CONEXOES KRONA;SAO PAULO INTERIOR;SP;ATACADO;2026-05-01;1265,71;SAO PAULO INTERIOR|02 - CONEXOES KRONA|ATACADO|MAI26
02 - CONEXOES KRONA;SAO PAULO INTERIOR;SP;ATACADO;2026-06-01;19486,65;SAO PAULO INTERIOR|02 - CONEXOES KRONA|ATACADO|JUN26
02 - CONEXOES KRONA;SAO PAULO INTERIOR;SP;ATACADO;2026-07-01;9312,65;SAO PAULO INTERIOR|02 - CONEXOES KRONA|ATACADO|JUL26
02 - CONEXOES KRONA;SAO PAULO INTERIOR;SP;ATACADO;2026-08-01;6597,20;SAO PAULO INTERIOR|02 - CONEXOES KRONA|ATACADO|AGO26
02 - CONEXOES KRONA;SAO PAULO INTERIOR;SP;ATACADO;2026-09-01;35060,21;SAO PAULO INTERIOR|02 - CONEXOES KRONA|ATACADO|SET26
02 - CONEXOES KRONA;SAO PAULO INTERIOR;SP;ATACADO;2026-10-01;29654,31;SAO PAULO INTERIOR|02 - CONEXOES KRONA|ATACADO|OUT26
02 - CONEXOES KRONA;SAO PAULO INTERIOR;SP;ATACADO;2026-11-01;20995,66;SAO PAULO INTERIOR|02 - CONEXOES KRONA|ATACADO|NOV26
02 - CONEXOES KRONA;SAO PAULO INTERIOR;SP;ATACADO;2026-12-01;26159,13;SAO PAULO INTERIOR|02 - CONEXOES KRONA|ATACADO|DEZ26
02 - CONEXOES KRONA;SAO PAULO INTERIOR;SP;OUTROS;2026-01-01;819,82;SAO PAULO INTERIOR|02 - CONEXOES KRONA|OUTROS|JAN26
02 - CONEXOES KRONA;SAO PAULO INTERIOR;SP;OUTROS;2026-02-01;508,39;SAO PAULO INTERIOR|02 - CONEXOES KRONA|OUTROS|FEV26
02 - CONEXOES KRONA;SAO PAULO INTERIOR;SP;OUTROS;2026-03-01;2091,73;SAO PAULO INTERIOR|02 - CONEXOES KRONA|OUTROS|MAR26
02 - CONEXOES KRONA;SAO PAULO INTERIOR;SP;OUTROS;2026-04-01;1632,07;SAO PAULO INTERIOR|02 - CONEXOES KRONA|OUTROS|ABR26
02 - CONEXOES KRONA;SAO PAULO INTERIOR;SP;OUTROS;2026-05-01;1803,23;SAO PAULO INTERIOR|02 - CONEXOES KRONA|OUTROS|MAI26
02 - CONEXOES KRONA;SAO PAULO INTERIOR;SP;OUTROS;2026-06-01;932,90;SAO PAULO INTERIOR|02 - CONEXOES KRONA|OUTROS|JUN26
02 - CONEXOES KRONA;SAO PAULO INTERIOR;SP;OUTROS;2026-07-01;742,45;SAO PAULO INTERIOR|02 - CONEXOES KRONA|OUTROS|JUL26
02 - CONEXOES KRONA;SAO PAULO INTERIOR;SP;OUTROS;2026-08-01;858,77;SAO PAULO INTERIOR|02 - CONEXOES KRONA|OUTROS|AGO26
02 - CONEXOES KRONA;SAO PAULO INTERIOR;SP;OUTROS;2026-09-01;1902,20;SAO PAULO INTERIOR|02 - CONEXOES KRONA|OUTROS|SET26
02 - CONEXOES KRONA;SAO PAULO INTERIOR;SP;OUTROS;2026-10-01;1608,90;SAO PAULO INTERIOR|02 - CONEXOES KRONA|OUTROS|OUT26
02 - CONEXOES KRONA;SAO PAULO INTERIOR;SP;OUTROS;2026-11-01;1139,13;SAO PAULO INTERIOR|02 - CONEXOES KRONA|OUTROS|NOV26
02 - CONEXOES KRONA;SAO PAULO INTERIOR;SP;OUTROS;2026-12-01;1419,27;SAO PAULO INTERIOR|02 - CONEXOES KRONA|OUTROS|DEZ26
02 - CONEXOES KRONA;SAO PAULO INTERIOR;SP;VAREJO;2026-01-01;14458,65;SAO PAULO INTERIOR|02 - CONEXOES KRONA|VAREJO|JAN26
02 - CONEXOES KRONA;SAO PAULO INTERIOR;SP;VAREJO;2026-02-01;40256,91;SAO PAULO INTERIOR|02 - CONEXOES KRONA|VAREJO|FEV26
02 - CONEXOES KRONA;SAO PAULO INTERIOR;SP;VAREJO;2026-03-01;49938,91;SAO PAULO INTERIOR|02 - CONEXOES KRONA|VAREJO|MAR26
02 - CONEXOES KRONA;SAO PAULO INTERIOR;SP;VAREJO;2026-04-01;38437,26;SAO PAULO INTERIOR|02 - CONEXOES KRONA|VAREJO|ABR26
02 - CONEXOES KRONA;SAO PAULO INTERIOR;SP;VAREJO;2026-05-01;40323,07;SAO PAULO INTERIOR|02 - CONEXOES KRONA|VAREJO|MAI26
02 - CONEXOES KRONA;SAO PAULO INTERIOR;SP;VAREJO;2026-06-01;12503,61;SAO PAULO INTERIOR|02 - CONEXOES KRONA|VAREJO|JUN26
02 - CONEXOES KRONA;SAO PAULO INTERIOR;SP;VAREJO;2026-07-01;17082,85;SAO PAULO INTERIOR|02 - CONEXOES KRONA|VAREJO|JUL26
02 - CONEXOES KRONA;SAO PAULO INTERIOR;SP;VAREJO;2026-08-01;28434,60;SAO PAULO INTERIOR|02 - CONEXOES KRONA|VAREJO|AGO26
02 - CONEXOES KRONA;SAO PAULO INTERIOR;SP;VAREJO;2026-09-01;39975,59;SAO PAULO INTERIOR|02 - CONEXOES KRONA|VAREJO|SET26
02 - CONEXOES KRONA;SAO PAULO INTERIOR;SP;VAREJO;2026-10-01;33811,79;SAO PAULO INTERIOR|02 - CONEXOES KRONA|VAREJO|OUT26
02 - CONEXOES KRONA;SAO PAULO INTERIOR;SP;VAREJO;2026-11-01;23939,22;SAO PAULO INTERIOR|02 - CONEXOES KRONA|VAREJO|NOV26
02 - CONEXOES KRONA;SAO PAULO INTERIOR;SP;VAREJO;2026-12-01;29826,60;SAO PAULO INTERIOR|02 - CONEXOES KRONA|VAREJO|DEZ26
02 - CONEXOES KRONA;TELEVENDAS;TELEVENDAS;ATACADO;2026-02-01;1000,41;TELEVENDAS|02 - CONEXOES KRONA|ATACADO|FEV26
02 - CONEXOES KRONA;TELEVENDAS;TELEVENDAS;ATACADO;2026-03-01;938,84;TELEVENDAS|02 - CONEXOES KRONA|ATACADO|MAR26
02 - CONEXOES KRONA;TELEVENDAS;TELEVENDAS;ATACADO;2026-04-01;415,72;TELEVENDAS|02 - CONEXOES KRONA|ATACADO|ABR26
02 - CONEXOES KRONA;TELEVENDAS;TELEVENDAS;ATACADO;2026-05-01;197,03;TELEVENDAS|02 - CONEXOES KRONA|ATACADO|MAI26
02 - CONEXOES KRONA;TELEVENDAS;TELEVENDAS;ATACADO;2026-06-01;120,44;TELEVENDAS|02 - CONEXOES KRONA|ATACADO|JUN26
02 - CONEXOES KRONA;TELEVENDAS;TELEVENDAS;ATACADO;2026-07-01;66,81;TELEVENDAS|02 - CONEXOES KRONA|ATACADO|JUL26
02 - CONEXOES KRONA;TELEVENDAS;TELEVENDAS;ATACADO;2026-08-01;74,52;TELEVENDAS|02 - CONEXOES KRONA|ATACADO|AGO26
02 - CONEXOES KRONA;TELEVENDAS;TELEVENDAS;ATACADO;2026-09-01;288,31;TELEVENDAS|02 - CONEXOES KRONA|ATACADO|SET26
02 - CONEXOES KRONA;TELEVENDAS;TELEVENDAS;ATACADO;2026-10-01;268,65;TELEVENDAS|02 - CONEXOES KRONA|ATACADO|OUT26
02 - CONEXOES KRONA;TELEVENDAS;TELEVENDAS;ATACADO;2026-11-01;305,52;TELEVENDAS|02 - CONEXOES KRONA|ATACADO|NOV26
02 - CONEXOES KRONA;TELEVENDAS;TELEVENDAS;ATACADO;2026-12-01;341,87;TELEVENDAS|02 - CONEXOES KRONA|ATACADO|DEZ26
02 - CONEXOES KRONA;TELEVENDAS;TELEVENDAS;IRRIGACAO;2026-03-01;449,53;TELEVENDAS|02 - CONEXOES KRONA|IRRIGACAO|MAR26
02 - CONEXOES KRONA;TELEVENDAS;TELEVENDAS;IRRIGACAO;2026-09-01;42,15;TELEVENDAS|02 - CONEXOES KRONA|IRRIGACAO|SET26
02 - CONEXOES KRONA;TELEVENDAS;TELEVENDAS;IRRIGACAO;2026-10-01;39,28;TELEVENDAS|02 - CONEXOES KRONA|IRRIGACAO|OUT26
02 - CONEXOES KRONA;TELEVENDAS;TELEVENDAS;IRRIGACAO;2026-11-01;44,67;TELEVENDAS|02 - CONEXOES KRONA|IRRIGACAO|NOV26
02 - CONEXOES KRONA;TELEVENDAS;TELEVENDAS;IRRIGACAO;2026-12-01;49,98;TELEVENDAS|02 - CONEXOES KRONA|IRRIGACAO|DEZ26
02 - CONEXOES KRONA;TELEVENDAS;TELEVENDAS;OUTROS;2026-01-01;1261,29;TELEVENDAS|02 - CONEXOES KRONA|OUTROS|JAN26
02 - CONEXOES KRONA;TELEVENDAS;TELEVENDAS;OUTROS;2026-02-01;1582,89;TELEVENDAS|02 - CONEXOES KRONA|OUTROS|FEV26
02 - CONEXOES KRONA;TELEVENDAS;TELEVENDAS;OUTROS;2026-03-01;1261,13;TELEVENDAS|02 - CONEXOES KRONA|OUTROS|MAR26
02 - CONEXOES KRONA;TELEVENDAS;TELEVENDAS;OUTROS;2026-04-01;1746,75;TELEVENDAS|02 - CONEXOES KRONA|OUTROS|ABR26
02 - CONEXOES KRONA;TELEVENDAS;TELEVENDAS;OUTROS;2026-05-01;1278,45;TELEVENDAS|02 - CONEXOES KRONA|OUTROS|MAI26
02 - CONEXOES KRONA;TELEVENDAS;TELEVENDAS;OUTROS;2026-06-01;1930,43;TELEVENDAS|02 - CONEXOES KRONA|OUTROS|JUN26
02 - CONEXOES KRONA;TELEVENDAS;TELEVENDAS;OUTROS;2026-07-01;1778,21;TELEVENDAS|02 - CONEXOES KRONA|OUTROS|JUL26
02 - CONEXOES KRONA;TELEVENDAS;TELEVENDAS;OUTROS;2026-08-01;1969,49;TELEVENDAS|02 - CONEXOES KRONA|OUTROS|AGO26
02 - CONEXOES KRONA;TELEVENDAS;TELEVENDAS;OUTROS;2026-09-01;1415,91;TELEVENDAS|02 - CONEXOES KRONA|OUTROS|SET26
02 - CONEXOES KRONA;TELEVENDAS;TELEVENDAS;OUTROS;2026-10-01;1319,31;TELEVENDAS|02 - CONEXOES KRONA|OUTROS|OUT26
02 - CONEXOES KRONA;TELEVENDAS;TELEVENDAS;OUTROS;2026-11-01;1500,41;TELEVENDAS|02 - CONEXOES KRONA|OUTROS|NOV26
02 - CONEXOES KRONA;TELEVENDAS;TELEVENDAS;OUTROS;2026-12-01;1678,94;TELEVENDAS|02 - CONEXOES KRONA|OUTROS|DEZ26
02 - CONEXOES KRONA;TELEVENDAS;TELEVENDAS;VAREJO;2026-01-01;18573,28;TELEVENDAS|02 - CONEXOES KRONA|VAREJO|JAN26
02 - CONEXOES KRONA;TELEVENDAS;TELEVENDAS;VAREJO;2026-02-01;23925,07;TELEVENDAS|02 - CONEXOES KRONA|VAREJO|FEV26
02 - CONEXOES KRONA;TELEVENDAS;TELEVENDAS;VAREJO;2026-03-01;25974,49;TELEVENDAS|02 - CONEXOES KRONA|VAREJO|MAR26
02 - CONEXOES KRONA;TELEVENDAS;TELEVENDAS;VAREJO;2026-04-01;27883,40;TELEVENDAS|02 - CONEXOES KRONA|VAREJO|ABR26
02 - CONEXOES KRONA;TELEVENDAS;TELEVENDAS;VAREJO;2026-05-01;27800,73;TELEVENDAS|02 - CONEXOES KRONA|VAREJO|MAI26
02 - CONEXOES KRONA;TELEVENDAS;TELEVENDAS;VAREJO;2026-06-01;21522,05;TELEVENDAS|02 - CONEXOES KRONA|VAREJO|JUN26
02 - CONEXOES KRONA;TELEVENDAS;TELEVENDAS;VAREJO;2026-07-01;22085,89;TELEVENDAS|02 - CONEXOES KRONA|VAREJO|JUL26
02 - CONEXOES KRONA;TELEVENDAS;TELEVENDAS;VAREJO;2026-08-01;26647,08;TELEVENDAS|02 - CONEXOES KRONA|VAREJO|AGO26
02 - CONEXOES KRONA;TELEVENDAS;TELEVENDAS;VAREJO;2026-09-01;23553,63;TELEVENDAS|02 - CONEXOES KRONA|VAREJO|SET26
02 - CONEXOES KRONA;TELEVENDAS;TELEVENDAS;VAREJO;2026-10-01;21946,77;TELEVENDAS|02 - CONEXOES KRONA|VAREJO|OUT26
02 - CONEXOES KRONA;TELEVENDAS;TELEVENDAS;VAREJO;2026-11-01;24959,40;TELEVENDAS|02 - CONEXOES KRONA|VAREJO|NOV26
02 - CONEXOES KRONA;TELEVENDAS;TELEVENDAS;VAREJO;2026-12-01;27929,20;TELEVENDAS|02 - CONEXOES KRONA|VAREJO|DEZ26
03 - ACESSORIOS KRONA;CENTRO OESTE;CO NO;ATACADO;2026-01-01;5786,17;CENTRO OESTE|03 - ACESSORIOS KRONA|ATACADO|JAN26
03 - ACESSORIOS KRONA;CENTRO OESTE;CO NO;ATACADO;2026-02-01;48801,32;CENTRO OESTE|03 - ACESSORIOS KRONA|ATACADO|FEV26
03 - ACESSORIOS KRONA;CENTRO OESTE;CO NO;ATACADO;2026-03-01;46133,55;CENTRO OESTE|03 - ACESSORIOS KRONA|ATACADO|MAR26
03 - ACESSORIOS KRONA;CENTRO OESTE;CO NO;ATACADO;2026-04-01;44057,46;CENTRO OESTE|03 - ACESSORIOS KRONA|ATACADO|ABR26
03 - ACESSORIOS KRONA;CENTRO OESTE;CO NO;ATACADO;2026-05-01;7665,81;CENTRO OESTE|03 - ACESSORIOS KRONA|ATACADO|MAI26
03 - ACESSORIOS KRONA;CENTRO OESTE;CO NO;ATACADO;2026-06-01;59178,46;CENTRO OESTE|03 - ACESSORIOS KRONA|ATACADO|JUN26
03 - ACESSORIOS KRONA;CENTRO OESTE;CO NO;ATACADO;2026-07-01;34541,07;CENTRO OESTE|03 - ACESSORIOS KRONA|ATACADO|JUL26
03 - ACESSORIOS KRONA;CENTRO OESTE;CO NO;ATACADO;2026-08-01;7355,99;CENTRO OESTE|03 - ACESSORIOS KRONA|ATACADO|AGO26
03 - ACESSORIOS KRONA;CENTRO OESTE;CO NO;ATACADO;2026-09-01;31566,56;CENTRO OESTE|03 - ACESSORIOS KRONA|ATACADO|SET26
03 - ACESSORIOS KRONA;CENTRO OESTE;CO NO;ATACADO;2026-10-01;30019,30;CENTRO OESTE|03 - ACESSORIOS KRONA|ATACADO|OUT26
03 - ACESSORIOS KRONA;CENTRO OESTE;CO NO;ATACADO;2026-11-01;29250,26;CENTRO OESTE|03 - ACESSORIOS KRONA|ATACADO|NOV26
03 - ACESSORIOS KRONA;CENTRO OESTE;CO NO;ATACADO;2026-12-01;20324,54;CENTRO OESTE|03 - ACESSORIOS KRONA|ATACADO|DEZ26
03 - ACESSORIOS KRONA;CENTRO OESTE;CO NO;OUTROS;2026-01-01;145,43;CENTRO OESTE|03 - ACESSORIOS KRONA|OUTROS|JAN26
03 - ACESSORIOS KRONA;CENTRO OESTE;CO NO;OUTROS;2026-03-01;199,84;CENTRO OESTE|03 - ACESSORIOS KRONA|OUTROS|MAR26
03 - ACESSORIOS KRONA;CENTRO OESTE;CO NO;OUTROS;2026-04-01;133,22;CENTRO OESTE|03 - ACESSORIOS KRONA|OUTROS|ABR26
03 - ACESSORIOS KRONA;CENTRO OESTE;CO NO;OUTROS;2026-05-01;56,29;CENTRO OESTE|03 - ACESSORIOS KRONA|OUTROS|MAI26
03 - ACESSORIOS KRONA;CENTRO OESTE;CO NO;OUTROS;2026-06-01;32,72;CENTRO OESTE|03 - ACESSORIOS KRONA|OUTROS|JUN26
03 - ACESSORIOS KRONA;CENTRO OESTE;CO NO;OUTROS;2026-07-01;4,74;CENTRO OESTE|03 - ACESSORIOS KRONA|OUTROS|JUL26
03 - ACESSORIOS KRONA;CENTRO OESTE;CO NO;OUTROS;2026-08-01;125,87;CENTRO OESTE|03 - ACESSORIOS KRONA|OUTROS|AGO26
03 - ACESSORIOS KRONA;CENTRO OESTE;CO NO;OUTROS;2026-09-01;87,12;CENTRO OESTE|03 - ACESSORIOS KRONA|OUTROS|SET26
03 - ACESSORIOS KRONA;CENTRO OESTE;CO NO;OUTROS;2026-10-01;82,85;CENTRO OESTE|03 - ACESSORIOS KRONA|OUTROS|OUT26
03 - ACESSORIOS KRONA;CENTRO OESTE;CO NO;OUTROS;2026-11-01;80,73;CENTRO OESTE|03 - ACESSORIOS KRONA|OUTROS|NOV26
03 - ACESSORIOS KRONA;CENTRO OESTE;CO NO;OUTROS;2026-12-01;56,10;CENTRO OESTE|03 - ACESSORIOS KRONA|OUTROS|DEZ26
03 - ACESSORIOS KRONA;CENTRO OESTE;CO NO;VAREJO;2026-01-01;2216,05;CENTRO OESTE|03 - ACESSORIOS KRONA|VAREJO|JAN26
03 - ACESSORIOS KRONA;CENTRO OESTE;CO NO;VAREJO;2026-02-01;7535,82;CENTRO OESTE|03 - ACESSORIOS KRONA|VAREJO|FEV26
03 - ACESSORIOS KRONA;CENTRO OESTE;CO NO;VAREJO;2026-03-01;8039,77;CENTRO OESTE|03 - ACESSORIOS KRONA|VAREJO|MAR26
03 - ACESSORIOS KRONA;CENTRO OESTE;CO NO;VAREJO;2026-04-01;5471,23;CENTRO OESTE|03 - ACESSORIOS KRONA|VAREJO|ABR26
03 - ACESSORIOS KRONA;CENTRO OESTE;CO NO;VAREJO;2026-05-01;7057,45;CENTRO OESTE|03 - ACESSORIOS KRONA|VAREJO|MAI26
03 - ACESSORIOS KRONA;CENTRO OESTE;CO NO;VAREJO;2026-06-01;5298,13;CENTRO OESTE|03 - ACESSORIOS KRONA|VAREJO|JUN26
03 - ACESSORIOS KRONA;CENTRO OESTE;CO NO;VAREJO;2026-07-01;6546,24;CENTRO OESTE|03 - ACESSORIOS KRONA|VAREJO|JUL26
03 - ACESSORIOS KRONA;CENTRO OESTE;CO NO;VAREJO;2026-08-01;8698,43;CENTRO OESTE|03 - ACESSORIOS KRONA|VAREJO|AGO26
03 - ACESSORIOS KRONA;CENTRO OESTE;CO NO;VAREJO;2026-09-01;6191,32;CENTRO OESTE|03 - ACESSORIOS KRONA|VAREJO|SET26
03 - ACESSORIOS KRONA;CENTRO OESTE;CO NO;VAREJO;2026-10-01;5887,85;CENTRO OESTE|03 - ACESSORIOS KRONA|VAREJO|OUT26
03 - ACESSORIOS KRONA;CENTRO OESTE;CO NO;VAREJO;2026-11-01;5737,01;CENTRO OESTE|03 - ACESSORIOS KRONA|VAREJO|NOV26
03 - ACESSORIOS KRONA;CENTRO OESTE;CO NO;VAREJO;2026-12-01;3986,36;CENTRO OESTE|03 - ACESSORIOS KRONA|VAREJO|DEZ26
03 - ACESSORIOS KRONA;CONSTR CENTRO OESTE;CONSTRUTORA;CONSTRUTORA;2026-01-01;75,13;CONSTR CENTRO OESTE|03 - ACESSORIOS KRONA|CONSTRUTORA|JAN26
03 - ACESSORIOS KRONA;CONSTR CENTRO OESTE;CONSTRUTORA;CONSTRUTORA;2026-02-01;501,32;CONSTR CENTRO OESTE|03 - ACESSORIOS KRONA|CONSTRUTORA|FEV26
03 - ACESSORIOS KRONA;CONSTR CENTRO OESTE;CONSTRUTORA;CONSTRUTORA;2026-03-01;220,05;CONSTR CENTRO OESTE|03 - ACESSORIOS KRONA|CONSTRUTORA|MAR26
03 - ACESSORIOS KRONA;CONSTR CENTRO OESTE;CONSTRUTORA;CONSTRUTORA;2026-04-01;670,55;CONSTR CENTRO OESTE|03 - ACESSORIOS KRONA|CONSTRUTORA|ABR26
03 - ACESSORIOS KRONA;CONSTR CENTRO OESTE;CONSTRUTORA;CONSTRUTORA;2026-05-01;781,60;CONSTR CENTRO OESTE|03 - ACESSORIOS KRONA|CONSTRUTORA|MAI26
03 - ACESSORIOS KRONA;CONSTR CENTRO OESTE;CONSTRUTORA;CONSTRUTORA;2026-06-01;376,64;CONSTR CENTRO OESTE|03 - ACESSORIOS KRONA|CONSTRUTORA|JUN26
03 - ACESSORIOS KRONA;CONSTR CENTRO OESTE;CONSTRUTORA;CONSTRUTORA;2026-07-01;172,71;CONSTR CENTRO OESTE|03 - ACESSORIOS KRONA|CONSTRUTORA|JUL26
03 - ACESSORIOS KRONA;CONSTR CENTRO OESTE;CONSTRUTORA;CONSTRUTORA;2026-08-01;1104,72;CONSTR CENTRO OESTE|03 - ACESSORIOS KRONA|CONSTRUTORA|AGO26
03 - ACESSORIOS KRONA;CONSTR NORDESTE;CONSTRUTORA;CONSTRUTORA;2026-01-01;2445,20;CONSTR NORDESTE|03 - ACESSORIOS KRONA|CONSTRUTORA|JAN26
03 - ACESSORIOS KRONA;CONSTR NORDESTE;CONSTRUTORA;CONSTRUTORA;2026-02-01;2958,60;CONSTR NORDESTE|03 - ACESSORIOS KRONA|CONSTRUTORA|FEV26
03 - ACESSORIOS KRONA;CONSTR NORDESTE;CONSTRUTORA;CONSTRUTORA;2026-03-01;4046,45;CONSTR NORDESTE|03 - ACESSORIOS KRONA|CONSTRUTORA|MAR26
03 - ACESSORIOS KRONA;CONSTR NORDESTE;CONSTRUTORA;CONSTRUTORA;2026-04-01;5335,83;CONSTR NORDESTE|03 - ACESSORIOS KRONA|CONSTRUTORA|ABR26
03 - ACESSORIOS KRONA;CONSTR NORDESTE;CONSTRUTORA;CONSTRUTORA;2026-05-01;3428,10;CONSTR NORDESTE|03 - ACESSORIOS KRONA|CONSTRUTORA|MAI26
03 - ACESSORIOS KRONA;CONSTR NORDESTE;CONSTRUTORA;CONSTRUTORA;2026-06-01;3807,30;CONSTR NORDESTE|03 - ACESSORIOS KRONA|CONSTRUTORA|JUN26
03 - ACESSORIOS KRONA;CONSTR NORDESTE;CONSTRUTORA;CONSTRUTORA;2026-07-01;3933,29;CONSTR NORDESTE|03 - ACESSORIOS KRONA|CONSTRUTORA|JUL26
03 - ACESSORIOS KRONA;CONSTR NORDESTE;CONSTRUTORA;CONSTRUTORA;2026-08-01;4531,98;CONSTR NORDESTE|03 - ACESSORIOS KRONA|CONSTRUTORA|AGO26
03 - ACESSORIOS KRONA;CONSTR NORDESTE;CONSTRUTORA;OUTROS;2026-07-01;0,74;CONSTR NORDESTE|03 - ACESSORIOS KRONA|OUTROS|JUL26
03 - ACESSORIOS KRONA;CONSTR NORTE;CONSTRUTORA;CONSTRUTORA;2026-01-01;21,10;CONSTR NORTE|03 - ACESSORIOS KRONA|CONSTRUTORA|JAN26
03 - ACESSORIOS KRONA;CONSTR NORTE;CONSTRUTORA;CONSTRUTORA;2026-02-01;2,85;CONSTR NORTE|03 - ACESSORIOS KRONA|CONSTRUTORA|FEV26
03 - ACESSORIOS KRONA;CONSTR NORTE;CONSTRUTORA;CONSTRUTORA;2026-03-01;58,48;CONSTR NORTE|03 - ACESSORIOS KRONA|CONSTRUTORA|MAR26
03 - ACESSORIOS KRONA;CONSTR NORTE;CONSTRUTORA;CONSTRUTORA;2026-04-01;333,53;CONSTR NORTE|03 - ACESSORIOS KRONA|CONSTRUTORA|ABR26
03 - ACESSORIOS KRONA;CONSTR NORTE;CONSTRUTORA;CONSTRUTORA;2026-05-01;11,93;CONSTR NORTE|03 - ACESSORIOS KRONA|CONSTRUTORA|MAI26
03 - ACESSORIOS KRONA;CONSTR NORTE;CONSTRUTORA;CONSTRUTORA;2026-06-01;31,87;CONSTR NORTE|03 - ACESSORIOS KRONA|CONSTRUTORA|JUN26
03 - ACESSORIOS KRONA;CONSTR NORTE;CONSTRUTORA;CONSTRUTORA;2026-07-01;164,71;CONSTR NORTE|03 - ACESSORIOS KRONA|CONSTRUTORA|JUL26
03 - ACESSORIOS KRONA;CONSTR NORTE;CONSTRUTORA;CONSTRUTORA;2026-08-01;30,38;CONSTR NORTE|03 - ACESSORIOS KRONA|CONSTRUTORA|AGO26
03 - ACESSORIOS KRONA;CONSTR SAO PAULO;CONSTRUTORA;CONSTRUTORA;2026-01-01;196,71;CONSTR SAO PAULO|03 - ACESSORIOS KRONA|CONSTRUTORA|JAN26
03 - ACESSORIOS KRONA;CONSTR SAO PAULO;CONSTRUTORA;CONSTRUTORA;2026-02-01;443,27;CONSTR SAO PAULO|03 - ACESSORIOS KRONA|CONSTRUTORA|FEV26
03 - ACESSORIOS KRONA;CONSTR SAO PAULO;CONSTRUTORA;CONSTRUTORA;2026-03-01;242,64;CONSTR SAO PAULO|03 - ACESSORIOS KRONA|CONSTRUTORA|MAR26
03 - ACESSORIOS KRONA;CONSTR SAO PAULO;CONSTRUTORA;CONSTRUTORA;2026-04-01;213,68;CONSTR SAO PAULO|03 - ACESSORIOS KRONA|CONSTRUTORA|ABR26
03 - ACESSORIOS KRONA;CONSTR SAO PAULO;CONSTRUTORA;CONSTRUTORA;2026-05-01;504,47;CONSTR SAO PAULO|03 - ACESSORIOS KRONA|CONSTRUTORA|MAI26
03 - ACESSORIOS KRONA;CONSTR SAO PAULO;CONSTRUTORA;CONSTRUTORA;2026-06-01;1728,46;CONSTR SAO PAULO|03 - ACESSORIOS KRONA|CONSTRUTORA|JUN26
03 - ACESSORIOS KRONA;CONSTR SAO PAULO;CONSTRUTORA;CONSTRUTORA;2026-07-01;445,07;CONSTR SAO PAULO|03 - ACESSORIOS KRONA|CONSTRUTORA|JUL26
03 - ACESSORIOS KRONA;CONSTR SAO PAULO;CONSTRUTORA;CONSTRUTORA;2026-08-01;738,79;CONSTR SAO PAULO|03 - ACESSORIOS KRONA|CONSTRUTORA|AGO26
03 - ACESSORIOS KRONA;CONSTR SAO PAULO;CONSTRUTORA;VAREJO;2026-07-01;3,32;CONSTR SAO PAULO|03 - ACESSORIOS KRONA|VAREJO|JUL26
03 - ACESSORIOS KRONA;CONSTR SUDESTE;CONSTRUTORA;CONSTRUTORA;2026-01-01;46,99;CONSTR SUDESTE|03 - ACESSORIOS KRONA|CONSTRUTORA|JAN26
03 - ACESSORIOS KRONA;CONSTR SUDESTE;CONSTRUTORA;CONSTRUTORA;2026-02-01;166,35;CONSTR SUDESTE|03 - ACESSORIOS KRONA|CONSTRUTORA|FEV26
03 - ACESSORIOS KRONA;CONSTR SUDESTE;CONSTRUTORA;CONSTRUTORA;2026-03-01;149,11;CONSTR SUDESTE|03 - ACESSORIOS KRONA|CONSTRUTORA|MAR26
03 - ACESSORIOS KRONA;CONSTR SUDESTE;CONSTRUTORA;CONSTRUTORA;2026-04-01;226,70;CONSTR SUDESTE|03 - ACESSORIOS KRONA|CONSTRUTORA|ABR26
03 - ACESSORIOS KRONA;CONSTR SUDESTE;CONSTRUTORA;CONSTRUTORA;2026-05-01;15,51;CONSTR SUDESTE|03 - ACESSORIOS KRONA|CONSTRUTORA|MAI26
03 - ACESSORIOS KRONA;CONSTR SUDESTE;CONSTRUTORA;CONSTRUTORA;2026-06-01;757,26;CONSTR SUDESTE|03 - ACESSORIOS KRONA|CONSTRUTORA|JUN26
03 - ACESSORIOS KRONA;CONSTR SUDESTE;CONSTRUTORA;CONSTRUTORA;2026-07-01;1321,51;CONSTR SUDESTE|03 - ACESSORIOS KRONA|CONSTRUTORA|JUL26
03 - ACESSORIOS KRONA;CONSTR SUDESTE;CONSTRUTORA;CONSTRUTORA;2026-08-01;520,03;CONSTR SUDESTE|03 - ACESSORIOS KRONA|CONSTRUTORA|AGO26
03 - ACESSORIOS KRONA;CONSTR SUL;CONSTRUTORA;CONSTRUTORA;2026-01-01;593,69;CONSTR SUL|03 - ACESSORIOS KRONA|CONSTRUTORA|JAN26
03 - ACESSORIOS KRONA;CONSTR SUL;CONSTRUTORA;CONSTRUTORA;2026-02-01;663,84;CONSTR SUL|03 - ACESSORIOS KRONA|CONSTRUTORA|FEV26
03 - ACESSORIOS KRONA;CONSTR SUL;CONSTRUTORA;CONSTRUTORA;2026-03-01;1117,88;CONSTR SUL|03 - ACESSORIOS KRONA|CONSTRUTORA|MAR26
03 - ACESSORIOS KRONA;CONSTR SUL;CONSTRUTORA;CONSTRUTORA;2026-04-01;937,48;CONSTR SUL|03 - ACESSORIOS KRONA|CONSTRUTORA|ABR26
03 - ACESSORIOS KRONA;CONSTR SUL;CONSTRUTORA;CONSTRUTORA;2026-05-01;549,28;CONSTR SUL|03 - ACESSORIOS KRONA|CONSTRUTORA|MAI26
03 - ACESSORIOS KRONA;CONSTR SUL;CONSTRUTORA;CONSTRUTORA;2026-06-01;724,92;CONSTR SUL|03 - ACESSORIOS KRONA|CONSTRUTORA|JUN26
03 - ACESSORIOS KRONA;CONSTR SUL;CONSTRUTORA;CONSTRUTORA;2026-07-01;1645,00;CONSTR SUL|03 - ACESSORIOS KRONA|CONSTRUTORA|JUL26
03 - ACESSORIOS KRONA;CONSTR SUL;CONSTRUTORA;CONSTRUTORA;2026-08-01;1102,56;CONSTR SUL|03 - ACESSORIOS KRONA|CONSTRUTORA|AGO26
03 - ACESSORIOS KRONA;CONSTR SUL;CONSTRUTORA;OUTROS;2026-07-01;1,35;CONSTR SUL|03 - ACESSORIOS KRONA|OUTROS|JUL26
03 - ACESSORIOS KRONA;EXPORTACAO;EXPORTACAO;EXPORTACAO;2026-01-01;4091,23;EXPORTACAO|03 - ACESSORIOS KRONA|EXPORTACAO|JAN26
03 - ACESSORIOS KRONA;EXPORTACAO;EXPORTACAO;EXPORTACAO;2026-02-01;14837,08;EXPORTACAO|03 - ACESSORIOS KRONA|EXPORTACAO|FEV26
03 - ACESSORIOS KRONA;EXPORTACAO;EXPORTACAO;EXPORTACAO;2026-03-01;12636,72;EXPORTACAO|03 - ACESSORIOS KRONA|EXPORTACAO|MAR26
03 - ACESSORIOS KRONA;EXPORTACAO;EXPORTACAO;EXPORTACAO;2026-04-01;16901,05;EXPORTACAO|03 - ACESSORIOS KRONA|EXPORTACAO|ABR26
03 - ACESSORIOS KRONA;EXPORTACAO;EXPORTACAO;EXPORTACAO;2026-05-01;25657,97;EXPORTACAO|03 - ACESSORIOS KRONA|EXPORTACAO|MAI26
03 - ACESSORIOS KRONA;EXPORTACAO;EXPORTACAO;EXPORTACAO;2026-06-01;4618,11;EXPORTACAO|03 - ACESSORIOS KRONA|EXPORTACAO|JUN26
03 - ACESSORIOS KRONA;EXPORTACAO;EXPORTACAO;EXPORTACAO;2026-07-01;5078,90;EXPORTACAO|03 - ACESSORIOS KRONA|EXPORTACAO|JUL26
03 - ACESSORIOS KRONA;EXPORTACAO;EXPORTACAO;EXPORTACAO;2026-08-01;3291,63;EXPORTACAO|03 - ACESSORIOS KRONA|EXPORTACAO|AGO26
03 - ACESSORIOS KRONA;EXPORTACAO;EXPORTACAO;EXPORTACAO;2026-09-01;14408,84;EXPORTACAO|03 - ACESSORIOS KRONA|EXPORTACAO|SET26
03 - ACESSORIOS KRONA;EXPORTACAO;EXPORTACAO;EXPORTACAO;2026-10-01;10366,67;EXPORTACAO|03 - ACESSORIOS KRONA|EXPORTACAO|OUT26
03 - ACESSORIOS KRONA;EXPORTACAO;EXPORTACAO;EXPORTACAO;2026-11-01;24424,90;EXPORTACAO|03 - ACESSORIOS KRONA|EXPORTACAO|NOV26
03 - ACESSORIOS KRONA;EXPORTACAO;EXPORTACAO;EXPORTACAO;2026-12-01;11526,68;EXPORTACAO|03 - ACESSORIOS KRONA|EXPORTACAO|DEZ26
03 - ACESSORIOS KRONA;EXPORTACAO;EXPORTACAO;VAREJO;2026-05-01;562,50;EXPORTACAO|03 - ACESSORIOS KRONA|VAREJO|MAI26
03 - ACESSORIOS KRONA;EXPORTACAO;EXPORTACAO;VAREJO;2026-06-01;4501,30;EXPORTACAO|03 - ACESSORIOS KRONA|VAREJO|JUN26
03 - ACESSORIOS KRONA;EXPORTACAO;EXPORTACAO;VAREJO;2026-09-01;509,16;EXPORTACAO|03 - ACESSORIOS KRONA|VAREJO|SET26
03 - ACESSORIOS KRONA;EXPORTACAO;EXPORTACAO;VAREJO;2026-10-01;366,33;EXPORTACAO|03 - ACESSORIOS KRONA|VAREJO|OUT26
03 - ACESSORIOS KRONA;EXPORTACAO;EXPORTACAO;VAREJO;2026-11-01;863,10;EXPORTACAO|03 - ACESSORIOS KRONA|VAREJO|NOV26
03 - ACESSORIOS KRONA;EXPORTACAO;EXPORTACAO;VAREJO;2026-12-01;407,32;EXPORTACAO|03 - ACESSORIOS KRONA|VAREJO|DEZ26
03 - ACESSORIOS KRONA;IRRIGACAO 1;IRRIGACAO;IRRIGACAO;2026-01-01;42,45;IRRIGACAO 1|03 - ACESSORIOS KRONA|IRRIGACAO|JAN26
03 - ACESSORIOS KRONA;IRRIGACAO 1;IRRIGACAO;IRRIGACAO;2026-02-01;133,03;IRRIGACAO 1|03 - ACESSORIOS KRONA|IRRIGACAO|FEV26
03 - ACESSORIOS KRONA;IRRIGACAO 1;IRRIGACAO;IRRIGACAO;2026-03-01;94,89;IRRIGACAO 1|03 - ACESSORIOS KRONA|IRRIGACAO|MAR26
03 - ACESSORIOS KRONA;IRRIGACAO 1;IRRIGACAO;IRRIGACAO;2026-04-01;81,46;IRRIGACAO 1|03 - ACESSORIOS KRONA|IRRIGACAO|ABR26
03 - ACESSORIOS KRONA;IRRIGACAO 1;IRRIGACAO;IRRIGACAO;2026-05-01;75,16;IRRIGACAO 1|03 - ACESSORIOS KRONA|IRRIGACAO|MAI26
03 - ACESSORIOS KRONA;IRRIGACAO 1;IRRIGACAO;IRRIGACAO;2026-06-01;157,03;IRRIGACAO 1|03 - ACESSORIOS KRONA|IRRIGACAO|JUN26
03 - ACESSORIOS KRONA;IRRIGACAO 1;IRRIGACAO;IRRIGACAO;2026-07-01;29,44;IRRIGACAO 1|03 - ACESSORIOS KRONA|IRRIGACAO|JUL26
03 - ACESSORIOS KRONA;IRRIGACAO 1;IRRIGACAO;IRRIGACAO;2026-08-01;65,59;IRRIGACAO 1|03 - ACESSORIOS KRONA|IRRIGACAO|AGO26
03 - ACESSORIOS KRONA;IRRIGACAO 1;IRRIGACAO;IRRIGACAO;2026-09-01;104,00;IRRIGACAO 1|03 - ACESSORIOS KRONA|IRRIGACAO|SET26
03 - ACESSORIOS KRONA;IRRIGACAO 1;IRRIGACAO;IRRIGACAO;2026-10-01;81,00;IRRIGACAO 1|03 - ACESSORIOS KRONA|IRRIGACAO|OUT26
03 - ACESSORIOS KRONA;IRRIGACAO 1;IRRIGACAO;IRRIGACAO;2026-11-01;85,00;IRRIGACAO 1|03 - ACESSORIOS KRONA|IRRIGACAO|NOV26
03 - ACESSORIOS KRONA;IRRIGACAO 1;IRRIGACAO;IRRIGACAO;2026-12-01;69,00;IRRIGACAO 1|03 - ACESSORIOS KRONA|IRRIGACAO|DEZ26
03 - ACESSORIOS KRONA;IRRIGACAO 2;IRRIGACAO;IRRIGACAO;2026-01-01;10,12;IRRIGACAO 2|03 - ACESSORIOS KRONA|IRRIGACAO|JAN26
03 - ACESSORIOS KRONA;IRRIGACAO 2;IRRIGACAO;IRRIGACAO;2026-02-01;96,21;IRRIGACAO 2|03 - ACESSORIOS KRONA|IRRIGACAO|FEV26
03 - ACESSORIOS KRONA;IRRIGACAO 2;IRRIGACAO;IRRIGACAO;2026-03-01;94,69;IRRIGACAO 2|03 - ACESSORIOS KRONA|IRRIGACAO|MAR26
03 - ACESSORIOS KRONA;IRRIGACAO 2;IRRIGACAO;IRRIGACAO;2026-04-01;74,49;IRRIGACAO 2|03 - ACESSORIOS KRONA|IRRIGACAO|ABR26
03 - ACESSORIOS KRONA;IRRIGACAO 2;IRRIGACAO;IRRIGACAO;2026-05-01;10,77;IRRIGACAO 2|03 - ACESSORIOS KRONA|IRRIGACAO|MAI26
03 - ACESSORIOS KRONA;IRRIGACAO 2;IRRIGACAO;IRRIGACAO;2026-06-01;7,64;IRRIGACAO 2|03 - ACESSORIOS KRONA|IRRIGACAO|JUN26
03 - ACESSORIOS KRONA;IRRIGACAO 2;IRRIGACAO;IRRIGACAO;2026-07-01;24,69;IRRIGACAO 2|03 - ACESSORIOS KRONA|IRRIGACAO|JUL26
03 - ACESSORIOS KRONA;IRRIGACAO 2;IRRIGACAO;IRRIGACAO;2026-08-01;37,08;IRRIGACAO 2|03 - ACESSORIOS KRONA|IRRIGACAO|AGO26
03 - ACESSORIOS KRONA;IRRIGACAO 2;IRRIGACAO;IRRIGACAO;2026-09-01;46,95;IRRIGACAO 2|03 - ACESSORIOS KRONA|IRRIGACAO|SET26
03 - ACESSORIOS KRONA;IRRIGACAO 2;IRRIGACAO;IRRIGACAO;2026-10-01;66,12;IRRIGACAO 2|03 - ACESSORIOS KRONA|IRRIGACAO|OUT26
03 - ACESSORIOS KRONA;IRRIGACAO 2;IRRIGACAO;IRRIGACAO;2026-11-01;46,95;IRRIGACAO 2|03 - ACESSORIOS KRONA|IRRIGACAO|NOV26
03 - ACESSORIOS KRONA;IRRIGACAO 2;IRRIGACAO;IRRIGACAO;2026-12-01;46,95;IRRIGACAO 2|03 - ACESSORIOS KRONA|IRRIGACAO|DEZ26
03 - ACESSORIOS KRONA;IRRIGACAO 2;IRRIGACAO;VAREJO;2026-09-01;2,05;IRRIGACAO 2|03 - ACESSORIOS KRONA|VAREJO|SET26
03 - ACESSORIOS KRONA;IRRIGACAO 2;IRRIGACAO;VAREJO;2026-10-01;2,88;IRRIGACAO 2|03 - ACESSORIOS KRONA|VAREJO|OUT26
03 - ACESSORIOS KRONA;IRRIGACAO 2;IRRIGACAO;VAREJO;2026-11-01;2,05;IRRIGACAO 2|03 - ACESSORIOS KRONA|VAREJO|NOV26
03 - ACESSORIOS KRONA;IRRIGACAO 2;IRRIGACAO;VAREJO;2026-12-01;2,05;IRRIGACAO 2|03 - ACESSORIOS KRONA|VAREJO|DEZ26
03 - ACESSORIOS KRONA;MINAS GERAIS;MINAS RJ/ES;ATACADO;2026-01-01;46961,21;MINAS GERAIS|03 - ACESSORIOS KRONA|ATACADO|JAN26
03 - ACESSORIOS KRONA;MINAS GERAIS;MINAS RJ/ES;ATACADO;2026-02-01;18504,08;MINAS GERAIS|03 - ACESSORIOS KRONA|ATACADO|FEV26
03 - ACESSORIOS KRONA;MINAS GERAIS;MINAS RJ/ES;ATACADO;2026-03-01;128739,62;MINAS GERAIS|03 - ACESSORIOS KRONA|ATACADO|MAR26
03 - ACESSORIOS KRONA;MINAS GERAIS;MINAS RJ/ES;ATACADO;2026-04-01;62050,06;MINAS GERAIS|03 - ACESSORIOS KRONA|ATACADO|ABR26
03 - ACESSORIOS KRONA;MINAS GERAIS;MINAS RJ/ES;ATACADO;2026-05-01;55203,31;MINAS GERAIS|03 - ACESSORIOS KRONA|ATACADO|MAI26
03 - ACESSORIOS KRONA;MINAS GERAIS;MINAS RJ/ES;ATACADO;2026-06-01;5557,33;MINAS GERAIS|03 - ACESSORIOS KRONA|ATACADO|JUN26
03 - ACESSORIOS KRONA;MINAS GERAIS;MINAS RJ/ES;ATACADO;2026-07-01;62735,73;MINAS GERAIS|03 - ACESSORIOS KRONA|ATACADO|JUL26
03 - ACESSORIOS KRONA;MINAS GERAIS;MINAS RJ/ES;ATACADO;2026-08-01;60460,03;MINAS GERAIS|03 - ACESSORIOS KRONA|ATACADO|AGO26
03 - ACESSORIOS KRONA;MINAS GERAIS;MINAS RJ/ES;ATACADO;2026-09-01;55304,37;MINAS GERAIS|03 - ACESSORIOS KRONA|ATACADO|SET26
03 - ACESSORIOS KRONA;MINAS GERAIS;MINAS RJ/ES;ATACADO;2026-10-01;41687,41;MINAS GERAIS|03 - ACESSORIOS KRONA|ATACADO|OUT26
03 - ACESSORIOS KRONA;MINAS GERAIS;MINAS RJ/ES;ATACADO;2026-11-01;41687,41;MINAS GERAIS|03 - ACESSORIOS KRONA|ATACADO|NOV26
03 - ACESSORIOS KRONA;MINAS GERAIS;MINAS RJ/ES;ATACADO;2026-12-01;60934,95;MINAS GERAIS|03 - ACESSORIOS KRONA|ATACADO|DEZ26
03 - ACESSORIOS KRONA;MINAS GERAIS;MINAS RJ/ES;OUTROS;2026-04-01;175,73;MINAS GERAIS|03 - ACESSORIOS KRONA|OUTROS|ABR26
03 - ACESSORIOS KRONA;MINAS GERAIS;MINAS RJ/ES;OUTROS;2026-05-01;17,58;MINAS GERAIS|03 - ACESSORIOS KRONA|OUTROS|MAI26
03 - ACESSORIOS KRONA;MINAS GERAIS;MINAS RJ/ES;OUTROS;2026-06-01;138,70;MINAS GERAIS|03 - ACESSORIOS KRONA|OUTROS|JUN26
03 - ACESSORIOS KRONA;MINAS GERAIS;MINAS RJ/ES;OUTROS;2026-07-01;14,06;MINAS GERAIS|03 - ACESSORIOS KRONA|OUTROS|JUL26
03 - ACESSORIOS KRONA;MINAS GERAIS;MINAS RJ/ES;OUTROS;2026-09-01;125,01;MINAS GERAIS|03 - ACESSORIOS KRONA|OUTROS|SET26
03 - ACESSORIOS KRONA;MINAS GERAIS;MINAS RJ/ES;OUTROS;2026-10-01;94,23;MINAS GERAIS|03 - ACESSORIOS KRONA|OUTROS|OUT26
03 - ACESSORIOS KRONA;MINAS GERAIS;MINAS RJ/ES;OUTROS;2026-11-01;94,23;MINAS GERAIS|03 - ACESSORIOS KRONA|OUTROS|NOV26
03 - ACESSORIOS KRONA;MINAS GERAIS;MINAS RJ/ES;OUTROS;2026-12-01;137,73;MINAS GERAIS|03 - ACESSORIOS KRONA|OUTROS|DEZ26
03 - ACESSORIOS KRONA;MINAS GERAIS;MINAS RJ/ES;VAREJO;2026-01-01;1879,50;MINAS GERAIS|03 - ACESSORIOS KRONA|VAREJO|JAN26
03 - ACESSORIOS KRONA;MINAS GERAIS;MINAS RJ/ES;VAREJO;2026-02-01;4105,10;MINAS GERAIS|03 - ACESSORIOS KRONA|VAREJO|FEV26
03 - ACESSORIOS KRONA;MINAS GERAIS;MINAS RJ/ES;VAREJO;2026-03-01;4471,27;MINAS GERAIS|03 - ACESSORIOS KRONA|VAREJO|MAR26
03 - ACESSORIOS KRONA;MINAS GERAIS;MINAS RJ/ES;VAREJO;2026-04-01;5210,49;MINAS GERAIS|03 - ACESSORIOS KRONA|VAREJO|ABR26
03 - ACESSORIOS KRONA;MINAS GERAIS;MINAS RJ/ES;VAREJO;2026-05-01;5539,86;MINAS GERAIS|03 - ACESSORIOS KRONA|VAREJO|MAI26
03 - ACESSORIOS KRONA;MINAS GERAIS;MINAS RJ/ES;VAREJO;2026-06-01;1742,18;MINAS GERAIS|03 - ACESSORIOS KRONA|VAREJO|JUN26
03 - ACESSORIOS KRONA;MINAS GERAIS;MINAS RJ/ES;VAREJO;2026-07-01;5391,58;MINAS GERAIS|03 - ACESSORIOS KRONA|VAREJO|JUL26
03 - ACESSORIOS KRONA;MINAS GERAIS;MINAS RJ/ES;VAREJO;2026-08-01;4244,55;MINAS GERAIS|03 - ACESSORIOS KRONA|VAREJO|AGO26
03 - ACESSORIOS KRONA;MINAS GERAIS;MINAS RJ/ES;VAREJO;2026-09-01;4269,63;MINAS GERAIS|03 - ACESSORIOS KRONA|VAREJO|SET26
03 - ACESSORIOS KRONA;MINAS GERAIS;MINAS RJ/ES;VAREJO;2026-10-01;3218,37;MINAS GERAIS|03 - ACESSORIOS KRONA|VAREJO|OUT26
03 - ACESSORIOS KRONA;MINAS GERAIS;MINAS RJ/ES;VAREJO;2026-11-01;3218,37;MINAS GERAIS|03 - ACESSORIOS KRONA|VAREJO|NOV26
03 - ACESSORIOS KRONA;MINAS GERAIS;MINAS RJ/ES;VAREJO;2026-12-01;4704,32;MINAS GERAIS|03 - ACESSORIOS KRONA|VAREJO|DEZ26
03 - ACESSORIOS KRONA;NORDESTE 1;NORDESTE;ATACADO;2026-01-01;1396,01;NORDESTE 1|03 - ACESSORIOS KRONA|ATACADO|JAN26
03 - ACESSORIOS KRONA;NORDESTE 1;NORDESTE;ATACADO;2026-02-01;10772,43;NORDESTE 1|03 - ACESSORIOS KRONA|ATACADO|FEV26
03 - ACESSORIOS KRONA;NORDESTE 1;NORDESTE;ATACADO;2026-03-01;7743,25;NORDESTE 1|03 - ACESSORIOS KRONA|ATACADO|MAR26
03 - ACESSORIOS KRONA;NORDESTE 1;NORDESTE;ATACADO;2026-04-01;12109,55;NORDESTE 1|03 - ACESSORIOS KRONA|ATACADO|ABR26
03 - ACESSORIOS KRONA;NORDESTE 1;NORDESTE;ATACADO;2026-05-01;377,67;NORDESTE 1|03 - ACESSORIOS KRONA|ATACADO|MAI26
03 - ACESSORIOS KRONA;NORDESTE 1;NORDESTE;ATACADO;2026-06-01;9779,48;NORDESTE 1|03 - ACESSORIOS KRONA|ATACADO|JUN26
03 - ACESSORIOS KRONA;NORDESTE 1;NORDESTE;ATACADO;2026-07-01;2078,91;NORDESTE 1|03 - ACESSORIOS KRONA|ATACADO|JUL26
03 - ACESSORIOS KRONA;NORDESTE 1;NORDESTE;ATACADO;2026-08-01;3009,88;NORDESTE 1|03 - ACESSORIOS KRONA|ATACADO|AGO26
03 - ACESSORIOS KRONA;NORDESTE 1;NORDESTE;ATACADO;2026-09-01;4029,89;NORDESTE 1|03 - ACESSORIOS KRONA|ATACADO|SET26
03 - ACESSORIOS KRONA;NORDESTE 1;NORDESTE;ATACADO;2026-10-01;6967,28;NORDESTE 1|03 - ACESSORIOS KRONA|ATACADO|OUT26
03 - ACESSORIOS KRONA;NORDESTE 1;NORDESTE;ATACADO;2026-11-01;9333,26;NORDESTE 1|03 - ACESSORIOS KRONA|ATACADO|NOV26
03 - ACESSORIOS KRONA;NORDESTE 1;NORDESTE;ATACADO;2026-12-01;7777,71;NORDESTE 1|03 - ACESSORIOS KRONA|ATACADO|DEZ26
03 - ACESSORIOS KRONA;NORDESTE 1;NORDESTE;OUTROS;2026-02-01;349,84;NORDESTE 1|03 - ACESSORIOS KRONA|OUTROS|FEV26
03 - ACESSORIOS KRONA;NORDESTE 1;NORDESTE;OUTROS;2026-04-01;64,49;NORDESTE 1|03 - ACESSORIOS KRONA|OUTROS|ABR26
03 - ACESSORIOS KRONA;NORDESTE 1;NORDESTE;OUTROS;2026-09-01;26,78;NORDESTE 1|03 - ACESSORIOS KRONA|OUTROS|SET26
03 - ACESSORIOS KRONA;NORDESTE 1;NORDESTE;OUTROS;2026-10-01;46,31;NORDESTE 1|03 - ACESSORIOS KRONA|OUTROS|OUT26
03 - ACESSORIOS KRONA;NORDESTE 1;NORDESTE;OUTROS;2026-11-01;62,03;NORDESTE 1|03 - ACESSORIOS KRONA|OUTROS|NOV26
03 - ACESSORIOS KRONA;NORDESTE 1;NORDESTE;OUTROS;2026-12-01;51,69;NORDESTE 1|03 - ACESSORIOS KRONA|OUTROS|DEZ26
03 - ACESSORIOS KRONA;NORDESTE 1;NORDESTE;VAREJO;2026-01-01;4101,56;NORDESTE 1|03 - ACESSORIOS KRONA|VAREJO|JAN26
03 - ACESSORIOS KRONA;NORDESTE 1;NORDESTE;VAREJO;2026-02-01;7161,88;NORDESTE 1|03 - ACESSORIOS KRONA|VAREJO|FEV26
03 - ACESSORIOS KRONA;NORDESTE 1;NORDESTE;VAREJO;2026-03-01;6956,78;NORDESTE 1|03 - ACESSORIOS KRONA|VAREJO|MAR26
03 - ACESSORIOS KRONA;NORDESTE 1;NORDESTE;VAREJO;2026-04-01;6570,28;NORDESTE 1|03 - ACESSORIOS KRONA|VAREJO|ABR26
03 - ACESSORIOS KRONA;NORDESTE 1;NORDESTE;VAREJO;2026-05-01;4695,53;NORDESTE 1|03 - ACESSORIOS KRONA|VAREJO|MAI26
03 - ACESSORIOS KRONA;NORDESTE 1;NORDESTE;VAREJO;2026-06-01;3719,01;NORDESTE 1|03 - ACESSORIOS KRONA|VAREJO|JUN26
03 - ACESSORIOS KRONA;NORDESTE 1;NORDESTE;VAREJO;2026-07-01;6996,13;NORDESTE 1|03 - ACESSORIOS KRONA|VAREJO|JUL26
03 - ACESSORIOS KRONA;NORDESTE 1;NORDESTE;VAREJO;2026-08-01;5623,14;NORDESTE 1|03 - ACESSORIOS KRONA|VAREJO|AGO26
03 - ACESSORIOS KRONA;NORDESTE 1;NORDESTE;VAREJO;2026-09-01;3715,32;NORDESTE 1|03 - ACESSORIOS KRONA|VAREJO|SET26
03 - ACESSORIOS KRONA;NORDESTE 1;NORDESTE;VAREJO;2026-10-01;6423,42;NORDESTE 1|03 - ACESSORIOS KRONA|VAREJO|OUT26
03 - ACESSORIOS KRONA;NORDESTE 1;NORDESTE;VAREJO;2026-11-01;8604,71;NORDESTE 1|03 - ACESSORIOS KRONA|VAREJO|NOV26
03 - ACESSORIOS KRONA;NORDESTE 1;NORDESTE;VAREJO;2026-12-01;7170,59;NORDESTE 1|03 - ACESSORIOS KRONA|VAREJO|DEZ26
03 - ACESSORIOS KRONA;NORDESTE 2;NORDESTE;ATACADO;2026-01-01;22207,45;NORDESTE 2|03 - ACESSORIOS KRONA|ATACADO|JAN26
03 - ACESSORIOS KRONA;NORDESTE 2;NORDESTE;ATACADO;2026-02-01;17723,95;NORDESTE 2|03 - ACESSORIOS KRONA|ATACADO|FEV26
03 - ACESSORIOS KRONA;NORDESTE 2;NORDESTE;ATACADO;2026-03-01;27400,69;NORDESTE 2|03 - ACESSORIOS KRONA|ATACADO|MAR26
03 - ACESSORIOS KRONA;NORDESTE 2;NORDESTE;ATACADO;2026-04-01;26238,00;NORDESTE 2|03 - ACESSORIOS KRONA|ATACADO|ABR26
03 - ACESSORIOS KRONA;NORDESTE 2;NORDESTE;ATACADO;2026-05-01;2916,14;NORDESTE 2|03 - ACESSORIOS KRONA|ATACADO|MAI26
03 - ACESSORIOS KRONA;NORDESTE 2;NORDESTE;ATACADO;2026-06-01;29990,14;NORDESTE 2|03 - ACESSORIOS KRONA|ATACADO|JUN26
03 - ACESSORIOS KRONA;NORDESTE 2;NORDESTE;ATACADO;2026-07-01;2195,10;NORDESTE 2|03 - ACESSORIOS KRONA|ATACADO|JUL26
03 - ACESSORIOS KRONA;NORDESTE 2;NORDESTE;ATACADO;2026-08-01;28689,44;NORDESTE 2|03 - ACESSORIOS KRONA|ATACADO|AGO26
03 - ACESSORIOS KRONA;NORDESTE 2;NORDESTE;ATACADO;2026-09-01;19807,84;NORDESTE 2|03 - ACESSORIOS KRONA|ATACADO|SET26
03 - ACESSORIOS KRONA;NORDESTE 2;NORDESTE;ATACADO;2026-10-01;21128,37;NORDESTE 2|03 - ACESSORIOS KRONA|ATACADO|OUT26
03 - ACESSORIOS KRONA;NORDESTE 2;NORDESTE;ATACADO;2026-11-01;21128,37;NORDESTE 2|03 - ACESSORIOS KRONA|ATACADO|NOV26
03 - ACESSORIOS KRONA;NORDESTE 2;NORDESTE;ATACADO;2026-12-01;20216,55;NORDESTE 2|03 - ACESSORIOS KRONA|ATACADO|DEZ26
03 - ACESSORIOS KRONA;NORDESTE 2;NORDESTE;VAREJO;2026-01-01;7124,91;NORDESTE 2|03 - ACESSORIOS KRONA|VAREJO|JAN26
03 - ACESSORIOS KRONA;NORDESTE 2;NORDESTE;VAREJO;2026-02-01;10879,00;NORDESTE 2|03 - ACESSORIOS KRONA|VAREJO|FEV26
03 - ACESSORIOS KRONA;NORDESTE 2;NORDESTE;VAREJO;2026-03-01;8671,86;NORDESTE 2|03 - ACESSORIOS KRONA|VAREJO|MAR26
03 - ACESSORIOS KRONA;NORDESTE 2;NORDESTE;VAREJO;2026-04-01;13432,95;NORDESTE 2|03 - ACESSORIOS KRONA|VAREJO|ABR26
03 - ACESSORIOS KRONA;NORDESTE 2;NORDESTE;VAREJO;2026-05-01;5934,88;NORDESTE 2|03 - ACESSORIOS KRONA|VAREJO|MAI26
03 - ACESSORIOS KRONA;NORDESTE 2;NORDESTE;VAREJO;2026-06-01;7943,55;NORDESTE 2|03 - ACESSORIOS KRONA|VAREJO|JUN26
03 - ACESSORIOS KRONA;NORDESTE 2;NORDESTE;VAREJO;2026-07-01;11225,80;NORDESTE 2|03 - ACESSORIOS KRONA|VAREJO|JUL26
03 - ACESSORIOS KRONA;NORDESTE 2;NORDESTE;VAREJO;2026-08-01;14247,80;NORDESTE 2|03 - ACESSORIOS KRONA|VAREJO|AGO26
03 - ACESSORIOS KRONA;NORDESTE 2;NORDESTE;VAREJO;2026-09-01;10192,16;NORDESTE 2|03 - ACESSORIOS KRONA|VAREJO|SET26
03 - ACESSORIOS KRONA;NORDESTE 2;NORDESTE;VAREJO;2026-10-01;10871,63;NORDESTE 2|03 - ACESSORIOS KRONA|VAREJO|OUT26
03 - ACESSORIOS KRONA;NORDESTE 2;NORDESTE;VAREJO;2026-11-01;10871,63;NORDESTE 2|03 - ACESSORIOS KRONA|VAREJO|NOV26
03 - ACESSORIOS KRONA;NORDESTE 2;NORDESTE;VAREJO;2026-12-01;10402,45;NORDESTE 2|03 - ACESSORIOS KRONA|VAREJO|DEZ26
03 - ACESSORIOS KRONA;NORDESTE 3;NORDESTE;ATACADO;2026-01-01;2226,95;NORDESTE 3|03 - ACESSORIOS KRONA|ATACADO|JAN26
03 - ACESSORIOS KRONA;NORDESTE 3;NORDESTE;ATACADO;2026-02-01;13864,09;NORDESTE 3|03 - ACESSORIOS KRONA|ATACADO|FEV26
03 - ACESSORIOS KRONA;NORDESTE 3;NORDESTE;ATACADO;2026-03-01;24707,83;NORDESTE 3|03 - ACESSORIOS KRONA|ATACADO|MAR26
03 - ACESSORIOS KRONA;NORDESTE 3;NORDESTE;ATACADO;2026-04-01;22294,97;NORDESTE 3|03 - ACESSORIOS KRONA|ATACADO|ABR26
03 - ACESSORIOS KRONA;NORDESTE 3;NORDESTE;ATACADO;2026-05-01;6858,12;NORDESTE 3|03 - ACESSORIOS KRONA|ATACADO|MAI26
03 - ACESSORIOS KRONA;NORDESTE 3;NORDESTE;ATACADO;2026-06-01;9192,96;NORDESTE 3|03 - ACESSORIOS KRONA|ATACADO|JUN26
03 - ACESSORIOS KRONA;NORDESTE 3;NORDESTE;ATACADO;2026-07-01;20303,85;NORDESTE 3|03 - ACESSORIOS KRONA|ATACADO|JUL26
03 - ACESSORIOS KRONA;NORDESTE 3;NORDESTE;ATACADO;2026-08-01;21520,88;NORDESTE 3|03 - ACESSORIOS KRONA|ATACADO|AGO26
03 - ACESSORIOS KRONA;NORDESTE 3;NORDESTE;ATACADO;2026-09-01;15232,34;NORDESTE 3|03 - ACESSORIOS KRONA|ATACADO|SET26
03 - ACESSORIOS KRONA;NORDESTE 3;NORDESTE;ATACADO;2026-10-01;19802,40;NORDESTE 3|03 - ACESSORIOS KRONA|ATACADO|OUT26
03 - ACESSORIOS KRONA;NORDESTE 3;NORDESTE;ATACADO;2026-11-01;18088,69;NORDESTE 3|03 - ACESSORIOS KRONA|ATACADO|NOV26
03 - ACESSORIOS KRONA;NORDESTE 3;NORDESTE;ATACADO;2026-12-01;13709,47;NORDESTE 3|03 - ACESSORIOS KRONA|ATACADO|DEZ26
03 - ACESSORIOS KRONA;NORDESTE 3;NORDESTE;OUTROS;2026-01-01;3,57;NORDESTE 3|03 - ACESSORIOS KRONA|OUTROS|JAN26
03 - ACESSORIOS KRONA;NORDESTE 3;NORDESTE;OUTROS;2026-02-01;35,02;NORDESTE 3|03 - ACESSORIOS KRONA|OUTROS|FEV26
03 - ACESSORIOS KRONA;NORDESTE 3;NORDESTE;OUTROS;2026-03-01;57,21;NORDESTE 3|03 - ACESSORIOS KRONA|OUTROS|MAR26
03 - ACESSORIOS KRONA;NORDESTE 3;NORDESTE;OUTROS;2026-04-01;36,78;NORDESTE 3|03 - ACESSORIOS KRONA|OUTROS|ABR26
03 - ACESSORIOS KRONA;NORDESTE 3;NORDESTE;OUTROS;2026-06-01;35,02;NORDESTE 3|03 - ACESSORIOS KRONA|OUTROS|JUN26
03 - ACESSORIOS KRONA;NORDESTE 3;NORDESTE;OUTROS;2026-09-01;16,53;NORDESTE 3|03 - ACESSORIOS KRONA|OUTROS|SET26
03 - ACESSORIOS KRONA;NORDESTE 3;NORDESTE;OUTROS;2026-10-01;21,50;NORDESTE 3|03 - ACESSORIOS KRONA|OUTROS|OUT26
03 - ACESSORIOS KRONA;NORDESTE 3;NORDESTE;OUTROS;2026-11-01;19,63;NORDESTE 3|03 - ACESSORIOS KRONA|OUTROS|NOV26
03 - ACESSORIOS KRONA;NORDESTE 3;NORDESTE;OUTROS;2026-12-01;14,88;NORDESTE 3|03 - ACESSORIOS KRONA|OUTROS|DEZ26
03 - ACESSORIOS KRONA;NORDESTE 3;NORDESTE;VAREJO;2026-01-01;5202,51;NORDESTE 3|03 - ACESSORIOS KRONA|VAREJO|JAN26
03 - ACESSORIOS KRONA;NORDESTE 3;NORDESTE;VAREJO;2026-02-01;9907,25;NORDESTE 3|03 - ACESSORIOS KRONA|VAREJO|FEV26
03 - ACESSORIOS KRONA;NORDESTE 3;NORDESTE;VAREJO;2026-03-01;11638,62;NORDESTE 3|03 - ACESSORIOS KRONA|VAREJO|MAR26
03 - ACESSORIOS KRONA;NORDESTE 3;NORDESTE;VAREJO;2026-04-01;13237,79;NORDESTE 3|03 - ACESSORIOS KRONA|VAREJO|ABR26
03 - ACESSORIOS KRONA;NORDESTE 3;NORDESTE;VAREJO;2026-05-01;10548,08;NORDESTE 3|03 - ACESSORIOS KRONA|VAREJO|MAI26
03 - ACESSORIOS KRONA;NORDESTE 3;NORDESTE;VAREJO;2026-06-01;9559,68;NORDESTE 3|03 - ACESSORIOS KRONA|VAREJO|JUN26
03 - ACESSORIOS KRONA;NORDESTE 3;NORDESTE;VAREJO;2026-07-01;9772,73;NORDESTE 3|03 - ACESSORIOS KRONA|VAREJO|JUL26
03 - ACESSORIOS KRONA;NORDESTE 3;NORDESTE;VAREJO;2026-08-01;17031,78;NORDESTE 3|03 - ACESSORIOS KRONA|VAREJO|AGO26
03 - ACESSORIOS KRONA;NORDESTE 3;NORDESTE;VAREJO;2026-09-01;9593,13;NORDESTE 3|03 - ACESSORIOS KRONA|VAREJO|SET26
03 - ACESSORIOS KRONA;NORDESTE 3;NORDESTE;VAREJO;2026-10-01;12471,30;NORDESTE 3|03 - ACESSORIOS KRONA|VAREJO|OUT26
03 - ACESSORIOS KRONA;NORDESTE 3;NORDESTE;VAREJO;2026-11-01;11392,02;NORDESTE 3|03 - ACESSORIOS KRONA|VAREJO|NOV26
03 - ACESSORIOS KRONA;NORDESTE 3;NORDESTE;VAREJO;2026-12-01;8634,05;NORDESTE 3|03 - ACESSORIOS KRONA|VAREJO|DEZ26
03 - ACESSORIOS KRONA;NORTE;CO NO;ATACADO;2026-01-01;7448,47;NORTE|03 - ACESSORIOS KRONA|ATACADO|JAN26
03 - ACESSORIOS KRONA;NORTE;CO NO;ATACADO;2026-02-01;7628,77;NORTE|03 - ACESSORIOS KRONA|ATACADO|FEV26
03 - ACESSORIOS KRONA;NORTE;CO NO;ATACADO;2026-03-01;9393,66;NORTE|03 - ACESSORIOS KRONA|ATACADO|MAR26
03 - ACESSORIOS KRONA;NORTE;CO NO;ATACADO;2026-04-01;8105,61;NORTE|03 - ACESSORIOS KRONA|ATACADO|ABR26
03 - ACESSORIOS KRONA;NORTE;CO NO;ATACADO;2026-05-01;2965,14;NORTE|03 - ACESSORIOS KRONA|ATACADO|MAI26
03 - ACESSORIOS KRONA;NORTE;CO NO;ATACADO;2026-06-01;7345,15;NORTE|03 - ACESSORIOS KRONA|ATACADO|JUN26
03 - ACESSORIOS KRONA;NORTE;CO NO;ATACADO;2026-07-01;3204,60;NORTE|03 - ACESSORIOS KRONA|ATACADO|JUL26
03 - ACESSORIOS KRONA;NORTE;CO NO;ATACADO;2026-08-01;3985,95;NORTE|03 - ACESSORIOS KRONA|ATACADO|AGO26
03 - ACESSORIOS KRONA;NORTE;CO NO;ATACADO;2026-09-01;5603,52;NORTE|03 - ACESSORIOS KRONA|ATACADO|SET26
03 - ACESSORIOS KRONA;NORTE;CO NO;ATACADO;2026-10-01;5041,78;NORTE|03 - ACESSORIOS KRONA|ATACADO|OUT26
03 - ACESSORIOS KRONA;NORTE;CO NO;ATACADO;2026-11-01;5760,33;NORTE|03 - ACESSORIOS KRONA|ATACADO|NOV26
03 - ACESSORIOS KRONA;NORTE;CO NO;ATACADO;2026-12-01;3239,84;NORTE|03 - ACESSORIOS KRONA|ATACADO|DEZ26
03 - ACESSORIOS KRONA;NORTE;CO NO;VAREJO;2026-01-01;10439,77;NORTE|03 - ACESSORIOS KRONA|VAREJO|JAN26
03 - ACESSORIOS KRONA;NORTE;CO NO;VAREJO;2026-02-01;7072,86;NORTE|03 - ACESSORIOS KRONA|VAREJO|FEV26
03 - ACESSORIOS KRONA;NORTE;CO NO;VAREJO;2026-03-01;7999,10;NORTE|03 - ACESSORIOS KRONA|VAREJO|MAR26
03 - ACESSORIOS KRONA;NORTE;CO NO;VAREJO;2026-04-01;8929,02;NORTE|03 - ACESSORIOS KRONA|VAREJO|ABR26
03 - ACESSORIOS KRONA;NORTE;CO NO;VAREJO;2026-05-01;13920,64;NORTE|03 - ACESSORIOS KRONA|VAREJO|MAI26
03 - ACESSORIOS KRONA;NORTE;CO NO;VAREJO;2026-06-01;15061,93;NORTE|03 - ACESSORIOS KRONA|VAREJO|JUN26
03 - ACESSORIOS KRONA;NORTE;CO NO;VAREJO;2026-07-01;8447,19;NORTE|03 - ACESSORIOS KRONA|VAREJO|JUL26
03 - ACESSORIOS KRONA;NORTE;CO NO;VAREJO;2026-08-01;9128,71;NORTE|03 - ACESSORIOS KRONA|VAREJO|AGO26
03 - ACESSORIOS KRONA;NORTE;CO NO;VAREJO;2026-09-01;8511,48;NORTE|03 - ACESSORIOS KRONA|VAREJO|SET26
03 - ACESSORIOS KRONA;NORTE;CO NO;VAREJO;2026-10-01;7658,22;NORTE|03 - ACESSORIOS KRONA|VAREJO|OUT26
03 - ACESSORIOS KRONA;NORTE;CO NO;VAREJO;2026-11-01;8749,67;NORTE|03 - ACESSORIOS KRONA|VAREJO|NOV26
03 - ACESSORIOS KRONA;NORTE;CO NO;VAREJO;2026-12-01;4921,16;NORTE|03 - ACESSORIOS KRONA|VAREJO|DEZ26
03 - ACESSORIOS KRONA;PARANA;SUL;ATACADO;2026-01-01;609,21;PARANA|03 - ACESSORIOS KRONA|ATACADO|JAN26
03 - ACESSORIOS KRONA;PARANA;SUL;ATACADO;2026-02-01;8803,43;PARANA|03 - ACESSORIOS KRONA|ATACADO|FEV26
03 - ACESSORIOS KRONA;PARANA;SUL;ATACADO;2026-03-01;6734,76;PARANA|03 - ACESSORIOS KRONA|ATACADO|MAR26
03 - ACESSORIOS KRONA;PARANA;SUL;ATACADO;2026-04-01;8786,46;PARANA|03 - ACESSORIOS KRONA|ATACADO|ABR26
03 - ACESSORIOS KRONA;PARANA;SUL;ATACADO;2026-05-01;1410,83;PARANA|03 - ACESSORIOS KRONA|ATACADO|MAI26
03 - ACESSORIOS KRONA;PARANA;SUL;ATACADO;2026-06-01;713,03;PARANA|03 - ACESSORIOS KRONA|ATACADO|JUN26
03 - ACESSORIOS KRONA;PARANA;SUL;ATACADO;2026-07-01;9499,50;PARANA|03 - ACESSORIOS KRONA|ATACADO|JUL26
03 - ACESSORIOS KRONA;PARANA;SUL;ATACADO;2026-08-01;2934,03;PARANA|03 - ACESSORIOS KRONA|ATACADO|AGO26
03 - ACESSORIOS KRONA;PARANA;SUL;ATACADO;2026-09-01;3292,48;PARANA|03 - ACESSORIOS KRONA|ATACADO|SET26
03 - ACESSORIOS KRONA;PARANA;SUL;ATACADO;2026-10-01;2982,12;PARANA|03 - ACESSORIOS KRONA|ATACADO|OUT26
03 - ACESSORIOS KRONA;PARANA;SUL;ATACADO;2026-11-01;3149,11;PARANA|03 - ACESSORIOS KRONA|ATACADO|NOV26
03 - ACESSORIOS KRONA;PARANA;SUL;ATACADO;2026-12-01;3059,86;PARANA|03 - ACESSORIOS KRONA|ATACADO|DEZ26
03 - ACESSORIOS KRONA;PARANA;SUL;IRRIGACAO;2026-03-01;1,19;PARANA|03 - ACESSORIOS KRONA|IRRIGACAO|MAR26
03 - ACESSORIOS KRONA;PARANA;SUL;IRRIGACAO;2026-09-01;0,40;PARANA|03 - ACESSORIOS KRONA|IRRIGACAO|SET26
03 - ACESSORIOS KRONA;PARANA;SUL;IRRIGACAO;2026-10-01;0,36;PARANA|03 - ACESSORIOS KRONA|IRRIGACAO|OUT26
03 - ACESSORIOS KRONA;PARANA;SUL;IRRIGACAO;2026-11-01;0,38;PARANA|03 - ACESSORIOS KRONA|IRRIGACAO|NOV26
03 - ACESSORIOS KRONA;PARANA;SUL;IRRIGACAO;2026-12-01;0,37;PARANA|03 - ACESSORIOS KRONA|IRRIGACAO|DEZ26
03 - ACESSORIOS KRONA;PARANA;SUL;OUTROS;2026-01-01;196,72;PARANA|03 - ACESSORIOS KRONA|OUTROS|JAN26
03 - ACESSORIOS KRONA;PARANA;SUL;OUTROS;2026-02-01;111,48;PARANA|03 - ACESSORIOS KRONA|OUTROS|FEV26
03 - ACESSORIOS KRONA;PARANA;SUL;OUTROS;2026-04-01;66,92;PARANA|03 - ACESSORIOS KRONA|OUTROS|ABR26
03 - ACESSORIOS KRONA;PARANA;SUL;OUTROS;2026-05-01;46,63;PARANA|03 - ACESSORIOS KRONA|OUTROS|MAI26
03 - ACESSORIOS KRONA;PARANA;SUL;OUTROS;2026-06-01;198,43;PARANA|03 - ACESSORIOS KRONA|OUTROS|JUN26
03 - ACESSORIOS KRONA;PARANA;SUL;OUTROS;2026-07-01;24,33;PARANA|03 - ACESSORIOS KRONA|OUTROS|JUL26
03 - ACESSORIOS KRONA;PARANA;SUL;OUTROS;2026-08-01;14,69;PARANA|03 - ACESSORIOS KRONA|OUTROS|AGO26
03 - ACESSORIOS KRONA;PARANA;SUL;OUTROS;2026-09-01;43,85;PARANA|03 - ACESSORIOS KRONA|OUTROS|SET26
03 - ACESSORIOS KRONA;PARANA;SUL;OUTROS;2026-10-01;39,72;PARANA|03 - ACESSORIOS KRONA|OUTROS|OUT26
03 - ACESSORIOS KRONA;PARANA;SUL;OUTROS;2026-11-01;41,94;PARANA|03 - ACESSORIOS KRONA|OUTROS|NOV26
03 - ACESSORIOS KRONA;PARANA;SUL;OUTROS;2026-12-01;40,75;PARANA|03 - ACESSORIOS KRONA|OUTROS|DEZ26
03 - ACESSORIOS KRONA;PARANA;SUL;VAREJO;2026-01-01;3156,86;PARANA|03 - ACESSORIOS KRONA|VAREJO|JAN26
03 - ACESSORIOS KRONA;PARANA;SUL;VAREJO;2026-02-01;4919,09;PARANA|03 - ACESSORIOS KRONA|VAREJO|FEV26
03 - ACESSORIOS KRONA;PARANA;SUL;VAREJO;2026-03-01;3915,96;PARANA|03 - ACESSORIOS KRONA|VAREJO|MAR26
03 - ACESSORIOS KRONA;PARANA;SUL;VAREJO;2026-04-01;3209,40;PARANA|03 - ACESSORIOS KRONA|VAREJO|ABR26
03 - ACESSORIOS KRONA;PARANA;SUL;VAREJO;2026-05-01;3484,95;PARANA|03 - ACESSORIOS KRONA|VAREJO|MAI26
03 - ACESSORIOS KRONA;PARANA;SUL;VAREJO;2026-06-01;1767,94;PARANA|03 - ACESSORIOS KRONA|VAREJO|JUN26
03 - ACESSORIOS KRONA;PARANA;SUL;VAREJO;2026-07-01;3829,75;PARANA|03 - ACESSORIOS KRONA|VAREJO|JUL26
03 - ACESSORIOS KRONA;PARANA;SUL;VAREJO;2026-08-01;4014,39;PARANA|03 - ACESSORIOS KRONA|VAREJO|AGO26
03 - ACESSORIOS KRONA;PARANA;SUL;VAREJO;2026-09-01;2381,27;PARANA|03 - ACESSORIOS KRONA|VAREJO|SET26
03 - ACESSORIOS KRONA;PARANA;SUL;VAREJO;2026-10-01;2156,80;PARANA|03 - ACESSORIOS KRONA|VAREJO|OUT26
03 - ACESSORIOS KRONA;PARANA;SUL;VAREJO;2026-11-01;2277,57;PARANA|03 - ACESSORIOS KRONA|VAREJO|NOV26
03 - ACESSORIOS KRONA;PARANA;SUL;VAREJO;2026-12-01;2213,02;PARANA|03 - ACESSORIOS KRONA|VAREJO|DEZ26
03 - ACESSORIOS KRONA;RIO GRANDE DO SUL;SUL;ATACADO;2026-01-01;389,68;RIO GRANDE DO SUL|03 - ACESSORIOS KRONA|ATACADO|JAN26
03 - ACESSORIOS KRONA;RIO GRANDE DO SUL;SUL;ATACADO;2026-02-01;13449,06;RIO GRANDE DO SUL|03 - ACESSORIOS KRONA|ATACADO|FEV26
03 - ACESSORIOS KRONA;RIO GRANDE DO SUL;SUL;ATACADO;2026-03-01;16502,32;RIO GRANDE DO SUL|03 - ACESSORIOS KRONA|ATACADO|MAR26
03 - ACESSORIOS KRONA;RIO GRANDE DO SUL;SUL;ATACADO;2026-04-01;18140,59;RIO GRANDE DO SUL|03 - ACESSORIOS KRONA|ATACADO|ABR26
03 - ACESSORIOS KRONA;RIO GRANDE DO SUL;SUL;ATACADO;2026-05-01;322,23;RIO GRANDE DO SUL|03 - ACESSORIOS KRONA|ATACADO|MAI26
03 - ACESSORIOS KRONA;RIO GRANDE DO SUL;SUL;ATACADO;2026-06-01;777,86;RIO GRANDE DO SUL|03 - ACESSORIOS KRONA|ATACADO|JUN26
03 - ACESSORIOS KRONA;RIO GRANDE DO SUL;SUL;ATACADO;2026-07-01;1183,79;RIO GRANDE DO SUL|03 - ACESSORIOS KRONA|ATACADO|JUL26
03 - ACESSORIOS KRONA;RIO GRANDE DO SUL;SUL;ATACADO;2026-08-01;10986,77;RIO GRANDE DO SUL|03 - ACESSORIOS KRONA|ATACADO|AGO26
03 - ACESSORIOS KRONA;RIO GRANDE DO SUL;SUL;ATACADO;2026-09-01;7978,97;RIO GRANDE DO SUL|03 - ACESSORIOS KRONA|ATACADO|SET26
03 - ACESSORIOS KRONA;RIO GRANDE DO SUL;SUL;ATACADO;2026-10-01;8739,15;RIO GRANDE DO SUL|03 - ACESSORIOS KRONA|ATACADO|OUT26
03 - ACESSORIOS KRONA;RIO GRANDE DO SUL;SUL;ATACADO;2026-11-01;7253,61;RIO GRANDE DO SUL|03 - ACESSORIOS KRONA|ATACADO|NOV26
03 - ACESSORIOS KRONA;RIO GRANDE DO SUL;SUL;ATACADO;2026-12-01;6095,36;RIO GRANDE DO SUL|03 - ACESSORIOS KRONA|ATACADO|DEZ26
03 - ACESSORIOS KRONA;RIO GRANDE DO SUL;SUL;OUTROS;2026-01-01;559,86;RIO GRANDE DO SUL|03 - ACESSORIOS KRONA|OUTROS|JAN26
03 - ACESSORIOS KRONA;RIO GRANDE DO SUL;SUL;OUTROS;2026-02-01;91,33;RIO GRANDE DO SUL|03 - ACESSORIOS KRONA|OUTROS|FEV26
03 - ACESSORIOS KRONA;RIO GRANDE DO SUL;SUL;OUTROS;2026-03-01;61,53;RIO GRANDE DO SUL|03 - ACESSORIOS KRONA|OUTROS|MAR26
03 - ACESSORIOS KRONA;RIO GRANDE DO SUL;SUL;OUTROS;2026-04-01;9,37;RIO GRANDE DO SUL|03 - ACESSORIOS KRONA|OUTROS|ABR26
03 - ACESSORIOS KRONA;RIO GRANDE DO SUL;SUL;OUTROS;2026-05-01;2,38;RIO GRANDE DO SUL|03 - ACESSORIOS KRONA|OUTROS|MAI26
03 - ACESSORIOS KRONA;RIO GRANDE DO SUL;SUL;OUTROS;2026-06-01;29,95;RIO GRANDE DO SUL|03 - ACESSORIOS KRONA|OUTROS|JUN26
03 - ACESSORIOS KRONA;RIO GRANDE DO SUL;SUL;OUTROS;2026-07-01;445,49;RIO GRANDE DO SUL|03 - ACESSORIOS KRONA|OUTROS|JUL26
03 - ACESSORIOS KRONA;RIO GRANDE DO SUL;SUL;OUTROS;2026-08-01;63,39;RIO GRANDE DO SUL|03 - ACESSORIOS KRONA|OUTROS|AGO26
03 - ACESSORIOS KRONA;RIO GRANDE DO SUL;SUL;OUTROS;2026-09-01;192,19;RIO GRANDE DO SUL|03 - ACESSORIOS KRONA|OUTROS|SET26
03 - ACESSORIOS KRONA;RIO GRANDE DO SUL;SUL;OUTROS;2026-10-01;210,50;RIO GRANDE DO SUL|03 - ACESSORIOS KRONA|OUTROS|OUT26
03 - ACESSORIOS KRONA;RIO GRANDE DO SUL;SUL;OUTROS;2026-11-01;174,72;RIO GRANDE DO SUL|03 - ACESSORIOS KRONA|OUTROS|NOV26
03 - ACESSORIOS KRONA;RIO GRANDE DO SUL;SUL;OUTROS;2026-12-01;146,82;RIO GRANDE DO SUL|03 - ACESSORIOS KRONA|OUTROS|DEZ26
03 - ACESSORIOS KRONA;RIO GRANDE DO SUL;SUL;VAREJO;2026-01-01;2355,93;RIO GRANDE DO SUL|03 - ACESSORIOS KRONA|VAREJO|JAN26
03 - ACESSORIOS KRONA;RIO GRANDE DO SUL;SUL;VAREJO;2026-02-01;3144,16;RIO GRANDE DO SUL|03 - ACESSORIOS KRONA|VAREJO|FEV26
03 - ACESSORIOS KRONA;RIO GRANDE DO SUL;SUL;VAREJO;2026-03-01;3073,60;RIO GRANDE DO SUL|03 - ACESSORIOS KRONA|VAREJO|MAR26
03 - ACESSORIOS KRONA;RIO GRANDE DO SUL;SUL;VAREJO;2026-04-01;2760,20;RIO GRANDE DO SUL|03 - ACESSORIOS KRONA|VAREJO|ABR26
03 - ACESSORIOS KRONA;RIO GRANDE DO SUL;SUL;VAREJO;2026-05-01;2744,96;RIO GRANDE DO SUL|03 - ACESSORIOS KRONA|VAREJO|MAI26
03 - ACESSORIOS KRONA;RIO GRANDE DO SUL;SUL;VAREJO;2026-06-01;1418,41;RIO GRANDE DO SUL|03 - ACESSORIOS KRONA|VAREJO|JUN26
03 - ACESSORIOS KRONA;RIO GRANDE DO SUL;SUL;VAREJO;2026-07-01;3212,62;RIO GRANDE DO SUL|03 - ACESSORIOS KRONA|VAREJO|JUL26
03 - ACESSORIOS KRONA;RIO GRANDE DO SUL;SUL;VAREJO;2026-08-01;3247,43;RIO GRANDE DO SUL|03 - ACESSORIOS KRONA|VAREJO|AGO26
03 - ACESSORIOS KRONA;RIO GRANDE DO SUL;SUL;VAREJO;2026-09-01;2828,83;RIO GRANDE DO SUL|03 - ACESSORIOS KRONA|VAREJO|SET26
03 - ACESSORIOS KRONA;RIO GRANDE DO SUL;SUL;VAREJO;2026-10-01;3098,34;RIO GRANDE DO SUL|03 - ACESSORIOS KRONA|VAREJO|OUT26
03 - ACESSORIOS KRONA;RIO GRANDE DO SUL;SUL;VAREJO;2026-11-01;2571,67;RIO GRANDE DO SUL|03 - ACESSORIOS KRONA|VAREJO|NOV26
03 - ACESSORIOS KRONA;RIO GRANDE DO SUL;SUL;VAREJO;2026-12-01;2161,03;RIO GRANDE DO SUL|03 - ACESSORIOS KRONA|VAREJO|DEZ26
03 - ACESSORIOS KRONA;RJ/ES;MINAS RJ/ES;ATACADO;2026-01-01;5672,79;RJ/ES|03 - ACESSORIOS KRONA|ATACADO|JAN26
03 - ACESSORIOS KRONA;RJ/ES;MINAS RJ/ES;ATACADO;2026-02-01;20270,34;RJ/ES|03 - ACESSORIOS KRONA|ATACADO|FEV26
03 - ACESSORIOS KRONA;RJ/ES;MINAS RJ/ES;ATACADO;2026-03-01;27450,59;RJ/ES|03 - ACESSORIOS KRONA|ATACADO|MAR26
03 - ACESSORIOS KRONA;RJ/ES;MINAS RJ/ES;ATACADO;2026-04-01;30225,28;RJ/ES|03 - ACESSORIOS KRONA|ATACADO|ABR26
03 - ACESSORIOS KRONA;RJ/ES;MINAS RJ/ES;ATACADO;2026-05-01;6522,13;RJ/ES|03 - ACESSORIOS KRONA|ATACADO|MAI26
03 - ACESSORIOS KRONA;RJ/ES;MINAS RJ/ES;ATACADO;2026-06-01;2731,15;RJ/ES|03 - ACESSORIOS KRONA|ATACADO|JUN26
03 - ACESSORIOS KRONA;RJ/ES;MINAS RJ/ES;ATACADO;2026-07-01;50143,70;RJ/ES|03 - ACESSORIOS KRONA|ATACADO|JUL26
03 - ACESSORIOS KRONA;RJ/ES;MINAS RJ/ES;ATACADO;2026-08-01;5923,04;RJ/ES|03 - ACESSORIOS KRONA|ATACADO|AGO26
03 - ACESSORIOS KRONA;RJ/ES;MINAS RJ/ES;ATACADO;2026-09-01;17162,08;RJ/ES|03 - ACESSORIOS KRONA|ATACADO|SET26
03 - ACESSORIOS KRONA;RJ/ES;MINAS RJ/ES;ATACADO;2026-10-01;17096,87;RJ/ES|03 - ACESSORIOS KRONA|ATACADO|OUT26
03 - ACESSORIOS KRONA;RJ/ES;MINAS RJ/ES;ATACADO;2026-11-01;17096,87;RJ/ES|03 - ACESSORIOS KRONA|ATACADO|NOV26
03 - ACESSORIOS KRONA;RJ/ES;MINAS RJ/ES;ATACADO;2026-12-01;17096,87;RJ/ES|03 - ACESSORIOS KRONA|ATACADO|DEZ26
03 - ACESSORIOS KRONA;RJ/ES;MINAS RJ/ES;OUTROS;2026-01-01;7,23;RJ/ES|03 - ACESSORIOS KRONA|OUTROS|JAN26
03 - ACESSORIOS KRONA;RJ/ES;MINAS RJ/ES;OUTROS;2026-02-01;7,11;RJ/ES|03 - ACESSORIOS KRONA|OUTROS|FEV26
03 - ACESSORIOS KRONA;RJ/ES;MINAS RJ/ES;OUTROS;2026-03-01;23,96;RJ/ES|03 - ACESSORIOS KRONA|OUTROS|MAR26
03 - ACESSORIOS KRONA;RJ/ES;MINAS RJ/ES;OUTROS;2026-04-01;6,55;RJ/ES|03 - ACESSORIOS KRONA|OUTROS|ABR26
03 - ACESSORIOS KRONA;RJ/ES;MINAS RJ/ES;OUTROS;2026-05-01;10,16;RJ/ES|03 - ACESSORIOS KRONA|OUTROS|MAI26
03 - ACESSORIOS KRONA;RJ/ES;MINAS RJ/ES;OUTROS;2026-07-01;25,65;RJ/ES|03 - ACESSORIOS KRONA|OUTROS|JUL26
03 - ACESSORIOS KRONA;RJ/ES;MINAS RJ/ES;OUTROS;2026-08-01;87,86;RJ/ES|03 - ACESSORIOS KRONA|OUTROS|AGO26
03 - ACESSORIOS KRONA;RJ/ES;MINAS RJ/ES;OUTROS;2026-09-01;23,06;RJ/ES|03 - ACESSORIOS KRONA|OUTROS|SET26
03 - ACESSORIOS KRONA;RJ/ES;MINAS RJ/ES;OUTROS;2026-10-01;22,98;RJ/ES|03 - ACESSORIOS KRONA|OUTROS|OUT26
03 - ACESSORIOS KRONA;RJ/ES;MINAS RJ/ES;OUTROS;2026-11-01;22,98;RJ/ES|03 - ACESSORIOS KRONA|OUTROS|NOV26
03 - ACESSORIOS KRONA;RJ/ES;MINAS RJ/ES;OUTROS;2026-12-01;22,98;RJ/ES|03 - ACESSORIOS KRONA|OUTROS|DEZ26
03 - ACESSORIOS KRONA;RJ/ES;MINAS RJ/ES;VAREJO;2026-01-01;504,73;RJ/ES|03 - ACESSORIOS KRONA|VAREJO|JAN26
03 - ACESSORIOS KRONA;RJ/ES;MINAS RJ/ES;VAREJO;2026-02-01;3355,03;RJ/ES|03 - ACESSORIOS KRONA|VAREJO|FEV26
03 - ACESSORIOS KRONA;RJ/ES;MINAS RJ/ES;VAREJO;2026-03-01;3540,03;RJ/ES|03 - ACESSORIOS KRONA|VAREJO|MAR26
03 - ACESSORIOS KRONA;RJ/ES;MINAS RJ/ES;VAREJO;2026-04-01;3532,82;RJ/ES|03 - ACESSORIOS KRONA|VAREJO|ABR26
03 - ACESSORIOS KRONA;RJ/ES;MINAS RJ/ES;VAREJO;2026-05-01;4345,41;RJ/ES|03 - ACESSORIOS KRONA|VAREJO|MAI26
03 - ACESSORIOS KRONA;RJ/ES;MINAS RJ/ES;VAREJO;2026-06-01;1127,86;RJ/ES|03 - ACESSORIOS KRONA|VAREJO|JUN26
03 - ACESSORIOS KRONA;RJ/ES;MINAS RJ/ES;VAREJO;2026-07-01;3605,46;RJ/ES|03 - ACESSORIOS KRONA|VAREJO|JUL26
03 - ACESSORIOS KRONA;RJ/ES;MINAS RJ/ES;VAREJO;2026-08-01;2664,49;RJ/ES|03 - ACESSORIOS KRONA|VAREJO|AGO26
03 - ACESSORIOS KRONA;RJ/ES;MINAS RJ/ES;VAREJO;2026-09-01;2814,85;RJ/ES|03 - ACESSORIOS KRONA|VAREJO|SET26
03 - ACESSORIOS KRONA;RJ/ES;MINAS RJ/ES;VAREJO;2026-10-01;2804,16;RJ/ES|03 - ACESSORIOS KRONA|VAREJO|OUT26
03 - ACESSORIOS KRONA;RJ/ES;MINAS RJ/ES;VAREJO;2026-11-01;2804,16;RJ/ES|03 - ACESSORIOS KRONA|VAREJO|NOV26
03 - ACESSORIOS KRONA;RJ/ES;MINAS RJ/ES;VAREJO;2026-12-01;2804,16;RJ/ES|03 - ACESSORIOS KRONA|VAREJO|DEZ26
03 - ACESSORIOS KRONA;SANTA CATARINA 01;SUL;ATACADO;2026-01-01;994,81;SANTA CATARINA 01|03 - ACESSORIOS KRONA|ATACADO|JAN26
03 - ACESSORIOS KRONA;SANTA CATARINA 01;SUL;ATACADO;2026-02-01;3084,75;SANTA CATARINA 01|03 - ACESSORIOS KRONA|ATACADO|FEV26
03 - ACESSORIOS KRONA;SANTA CATARINA 01;SUL;ATACADO;2026-03-01;2232,12;SANTA CATARINA 01|03 - ACESSORIOS KRONA|ATACADO|MAR26
03 - ACESSORIOS KRONA;SANTA CATARINA 01;SUL;ATACADO;2026-04-01;1611,79;SANTA CATARINA 01|03 - ACESSORIOS KRONA|ATACADO|ABR26
03 - ACESSORIOS KRONA;SANTA CATARINA 01;SUL;ATACADO;2026-05-01;246,13;SANTA CATARINA 01|03 - ACESSORIOS KRONA|ATACADO|MAI26
03 - ACESSORIOS KRONA;SANTA CATARINA 01;SUL;ATACADO;2026-06-01;812,97;SANTA CATARINA 01|03 - ACESSORIOS KRONA|ATACADO|JUN26
03 - ACESSORIOS KRONA;SANTA CATARINA 01;SUL;ATACADO;2026-07-01;1079,49;SANTA CATARINA 01|03 - ACESSORIOS KRONA|ATACADO|JUL26
03 - ACESSORIOS KRONA;SANTA CATARINA 01;SUL;ATACADO;2026-08-01;2024,79;SANTA CATARINA 01|03 - ACESSORIOS KRONA|ATACADO|AGO26
03 - ACESSORIOS KRONA;SANTA CATARINA 01;SUL;ATACADO;2026-09-01;1244,19;SANTA CATARINA 01|03 - ACESSORIOS KRONA|ATACADO|SET26
03 - ACESSORIOS KRONA;SANTA CATARINA 01;SUL;ATACADO;2026-10-01;1376,93;SANTA CATARINA 01|03 - ACESSORIOS KRONA|ATACADO|OUT26
03 - ACESSORIOS KRONA;SANTA CATARINA 01;SUL;ATACADO;2026-11-01;1357,60;SANTA CATARINA 01|03 - ACESSORIOS KRONA|ATACADO|NOV26
03 - ACESSORIOS KRONA;SANTA CATARINA 01;SUL;ATACADO;2026-12-01;1116,71;SANTA CATARINA 01|03 - ACESSORIOS KRONA|ATACADO|DEZ26
03 - ACESSORIOS KRONA;SANTA CATARINA 01;SUL;OUTROS;2026-02-01;32,85;SANTA CATARINA 01|03 - ACESSORIOS KRONA|OUTROS|FEV26
03 - ACESSORIOS KRONA;SANTA CATARINA 01;SUL;OUTROS;2026-03-01;61,53;SANTA CATARINA 01|03 - ACESSORIOS KRONA|OUTROS|MAR26
03 - ACESSORIOS KRONA;SANTA CATARINA 01;SUL;OUTROS;2026-05-01;38,17;SANTA CATARINA 01|03 - ACESSORIOS KRONA|OUTROS|MAI26
03 - ACESSORIOS KRONA;SANTA CATARINA 01;SUL;OUTROS;2026-09-01;24,22;SANTA CATARINA 01|03 - ACESSORIOS KRONA|OUTROS|SET26
03 - ACESSORIOS KRONA;SANTA CATARINA 01;SUL;OUTROS;2026-10-01;26,81;SANTA CATARINA 01|03 - ACESSORIOS KRONA|OUTROS|OUT26
03 - ACESSORIOS KRONA;SANTA CATARINA 01;SUL;OUTROS;2026-11-01;26,43;SANTA CATARINA 01|03 - ACESSORIOS KRONA|OUTROS|NOV26
03 - ACESSORIOS KRONA;SANTA CATARINA 01;SUL;OUTROS;2026-12-01;21,74;SANTA CATARINA 01|03 - ACESSORIOS KRONA|OUTROS|DEZ26
03 - ACESSORIOS KRONA;SANTA CATARINA 01;SUL;VAREJO;2026-01-01;1422,17;SANTA CATARINA 01|03 - ACESSORIOS KRONA|VAREJO|JAN26
03 - ACESSORIOS KRONA;SANTA CATARINA 01;SUL;VAREJO;2026-02-01;2637,69;SANTA CATARINA 01|03 - ACESSORIOS KRONA|VAREJO|FEV26
03 - ACESSORIOS KRONA;SANTA CATARINA 01;SUL;VAREJO;2026-03-01;1543,22;SANTA CATARINA 01|03 - ACESSORIOS KRONA|VAREJO|MAR26
03 - ACESSORIOS KRONA;SANTA CATARINA 01;SUL;VAREJO;2026-04-01;1432,47;SANTA CATARINA 01|03 - ACESSORIOS KRONA|VAREJO|ABR26
03 - ACESSORIOS KRONA;SANTA CATARINA 01;SUL;VAREJO;2026-05-01;2447,21;SANTA CATARINA 01|03 - ACESSORIOS KRONA|VAREJO|MAI26
03 - ACESSORIOS KRONA;SANTA CATARINA 01;SUL;VAREJO;2026-06-01;1181,85;SANTA CATARINA 01|03 - ACESSORIOS KRONA|VAREJO|JUN26
03 - ACESSORIOS KRONA;SANTA CATARINA 01;SUL;VAREJO;2026-07-01;2000,68;SANTA CATARINA 01|03 - ACESSORIOS KRONA|VAREJO|JUL26
03 - ACESSORIOS KRONA;SANTA CATARINA 01;SUL;VAREJO;2026-08-01;2666,74;SANTA CATARINA 01|03 - ACESSORIOS KRONA|VAREJO|AGO26
03 - ACESSORIOS KRONA;SANTA CATARINA 01;SUL;VAREJO;2026-09-01;1383,59;SANTA CATARINA 01|03 - ACESSORIOS KRONA|VAREJO|SET26
03 - ACESSORIOS KRONA;SANTA CATARINA 01;SUL;VAREJO;2026-10-01;1531,20;SANTA CATARINA 01|03 - ACESSORIOS KRONA|VAREJO|OUT26
03 - ACESSORIOS KRONA;SANTA CATARINA 01;SUL;VAREJO;2026-11-01;1509,70;SANTA CATARINA 01|03 - ACESSORIOS KRONA|VAREJO|NOV26
03 - ACESSORIOS KRONA;SANTA CATARINA 01;SUL;VAREJO;2026-12-01;1241,82;SANTA CATARINA 01|03 - ACESSORIOS KRONA|VAREJO|DEZ26
03 - ACESSORIOS KRONA;SANTA CATARINA 02;SUL;ATACADO;2026-01-01;911,91;SANTA CATARINA 02|03 - ACESSORIOS KRONA|ATACADO|JAN26
03 - ACESSORIOS KRONA;SANTA CATARINA 02;SUL;ATACADO;2026-02-01;794,42;SANTA CATARINA 02|03 - ACESSORIOS KRONA|ATACADO|FEV26
03 - ACESSORIOS KRONA;SANTA CATARINA 02;SUL;ATACADO;2026-03-01;1027,17;SANTA CATARINA 02|03 - ACESSORIOS KRONA|ATACADO|MAR26
03 - ACESSORIOS KRONA;SANTA CATARINA 02;SUL;ATACADO;2026-04-01;631,00;SANTA CATARINA 02|03 - ACESSORIOS KRONA|ATACADO|ABR26
03 - ACESSORIOS KRONA;SANTA CATARINA 02;SUL;ATACADO;2026-05-01;260,01;SANTA CATARINA 02|03 - ACESSORIOS KRONA|ATACADO|MAI26
03 - ACESSORIOS KRONA;SANTA CATARINA 02;SUL;ATACADO;2026-06-01;323,00;SANTA CATARINA 02|03 - ACESSORIOS KRONA|ATACADO|JUN26
03 - ACESSORIOS KRONA;SANTA CATARINA 02;SUL;ATACADO;2026-07-01;1235,47;SANTA CATARINA 02|03 - ACESSORIOS KRONA|ATACADO|JUL26
03 - ACESSORIOS KRONA;SANTA CATARINA 02;SUL;ATACADO;2026-08-01;863,43;SANTA CATARINA 02|03 - ACESSORIOS KRONA|ATACADO|AGO26
03 - ACESSORIOS KRONA;SANTA CATARINA 02;SUL;ATACADO;2026-09-01;756,71;SANTA CATARINA 02|03 - ACESSORIOS KRONA|ATACADO|SET26
03 - ACESSORIOS KRONA;SANTA CATARINA 02;SUL;ATACADO;2026-10-01;607,96;SANTA CATARINA 02|03 - ACESSORIOS KRONA|ATACADO|OUT26
03 - ACESSORIOS KRONA;SANTA CATARINA 02;SUL;ATACADO;2026-11-01;648,61;SANTA CATARINA 02|03 - ACESSORIOS KRONA|ATACADO|NOV26
03 - ACESSORIOS KRONA;SANTA CATARINA 02;SUL;ATACADO;2026-12-01;664,50;SANTA CATARINA 02|03 - ACESSORIOS KRONA|ATACADO|DEZ26
03 - ACESSORIOS KRONA;SANTA CATARINA 02;SUL;OUTROS;2026-01-01;56,07;SANTA CATARINA 02|03 - ACESSORIOS KRONA|OUTROS|JAN26
03 - ACESSORIOS KRONA;SANTA CATARINA 02;SUL;OUTROS;2026-02-01;53,62;SANTA CATARINA 02|03 - ACESSORIOS KRONA|OUTROS|FEV26
03 - ACESSORIOS KRONA;SANTA CATARINA 02;SUL;OUTROS;2026-03-01;26,99;SANTA CATARINA 02|03 - ACESSORIOS KRONA|OUTROS|MAR26
03 - ACESSORIOS KRONA;SANTA CATARINA 02;SUL;OUTROS;2026-04-01;29,73;SANTA CATARINA 02|03 - ACESSORIOS KRONA|OUTROS|ABR26
03 - ACESSORIOS KRONA;SANTA CATARINA 02;SUL;OUTROS;2026-05-01;23,98;SANTA CATARINA 02|03 - ACESSORIOS KRONA|OUTROS|MAI26
03 - ACESSORIOS KRONA;SANTA CATARINA 02;SUL;OUTROS;2026-06-01;84,65;SANTA CATARINA 02|03 - ACESSORIOS KRONA|OUTROS|JUN26
03 - ACESSORIOS KRONA;SANTA CATARINA 02;SUL;OUTROS;2026-07-01;49,85;SANTA CATARINA 02|03 - ACESSORIOS KRONA|OUTROS|JUL26
03 - ACESSORIOS KRONA;SANTA CATARINA 02;SUL;OUTROS;2026-08-01;36,75;SANTA CATARINA 02|03 - ACESSORIOS KRONA|OUTROS|AGO26
03 - ACESSORIOS KRONA;SANTA CATARINA 02;SUL;OUTROS;2026-09-01;47,00;SANTA CATARINA 02|03 - ACESSORIOS KRONA|OUTROS|SET26
03 - ACESSORIOS KRONA;SANTA CATARINA 02;SUL;OUTROS;2026-10-01;37,76;SANTA CATARINA 02|03 - ACESSORIOS KRONA|OUTROS|OUT26
03 - ACESSORIOS KRONA;SANTA CATARINA 02;SUL;OUTROS;2026-11-01;40,28;SANTA CATARINA 02|03 - ACESSORIOS KRONA|OUTROS|NOV26
03 - ACESSORIOS KRONA;SANTA CATARINA 02;SUL;OUTROS;2026-12-01;41,27;SANTA CATARINA 02|03 - ACESSORIOS KRONA|OUTROS|DEZ26
03 - ACESSORIOS KRONA;SANTA CATARINA 02;SUL;VAREJO;2026-01-01;2473,67;SANTA CATARINA 02|03 - ACESSORIOS KRONA|VAREJO|JAN26
03 - ACESSORIOS KRONA;SANTA CATARINA 02;SUL;VAREJO;2026-02-01;2916,10;SANTA CATARINA 02|03 - ACESSORIOS KRONA|VAREJO|FEV26
03 - ACESSORIOS KRONA;SANTA CATARINA 02;SUL;VAREJO;2026-03-01;2825,60;SANTA CATARINA 02|03 - ACESSORIOS KRONA|VAREJO|MAR26
03 - ACESSORIOS KRONA;SANTA CATARINA 02;SUL;VAREJO;2026-04-01;1422,08;SANTA CATARINA 02|03 - ACESSORIOS KRONA|VAREJO|ABR26
03 - ACESSORIOS KRONA;SANTA CATARINA 02;SUL;VAREJO;2026-05-01;3639,59;SANTA CATARINA 02|03 - ACESSORIOS KRONA|VAREJO|MAI26
03 - ACESSORIOS KRONA;SANTA CATARINA 02;SUL;VAREJO;2026-06-01;987,23;SANTA CATARINA 02|03 - ACESSORIOS KRONA|VAREJO|JUN26
03 - ACESSORIOS KRONA;SANTA CATARINA 02;SUL;VAREJO;2026-07-01;3165,29;SANTA CATARINA 02|03 - ACESSORIOS KRONA|VAREJO|JUL26
03 - ACESSORIOS KRONA;SANTA CATARINA 02;SUL;VAREJO;2026-08-01;2420,87;SANTA CATARINA 02|03 - ACESSORIOS KRONA|VAREJO|AGO26
03 - ACESSORIOS KRONA;SANTA CATARINA 02;SUL;VAREJO;2026-09-01;2696,29;SANTA CATARINA 02|03 - ACESSORIOS KRONA|VAREJO|SET26
03 - ACESSORIOS KRONA;SANTA CATARINA 02;SUL;VAREJO;2026-10-01;2166,28;SANTA CATARINA 02|03 - ACESSORIOS KRONA|VAREJO|OUT26
03 - ACESSORIOS KRONA;SANTA CATARINA 02;SUL;VAREJO;2026-11-01;2311,11;SANTA CATARINA 02|03 - ACESSORIOS KRONA|VAREJO|NOV26
03 - ACESSORIOS KRONA;SANTA CATARINA 02;SUL;VAREJO;2026-12-01;2367,74;SANTA CATARINA 02|03 - ACESSORIOS KRONA|VAREJO|DEZ26
03 - ACESSORIOS KRONA;SAO PAULO CAPITAL;SP;ATACADO;2026-01-01;143,18;SAO PAULO CAPITAL|03 - ACESSORIOS KRONA|ATACADO|JAN26
03 - ACESSORIOS KRONA;SAO PAULO CAPITAL;SP;ATACADO;2026-02-01;481,22;SAO PAULO CAPITAL|03 - ACESSORIOS KRONA|ATACADO|FEV26
03 - ACESSORIOS KRONA;SAO PAULO CAPITAL;SP;ATACADO;2026-03-01;2037,56;SAO PAULO CAPITAL|03 - ACESSORIOS KRONA|ATACADO|MAR26
03 - ACESSORIOS KRONA;SAO PAULO CAPITAL;SP;ATACADO;2026-04-01;504,27;SAO PAULO CAPITAL|03 - ACESSORIOS KRONA|ATACADO|ABR26
03 - ACESSORIOS KRONA;SAO PAULO CAPITAL;SP;ATACADO;2026-05-01;23,09;SAO PAULO CAPITAL|03 - ACESSORIOS KRONA|ATACADO|MAI26
03 - ACESSORIOS KRONA;SAO PAULO CAPITAL;SP;ATACADO;2026-06-01;3414,39;SAO PAULO CAPITAL|03 - ACESSORIOS KRONA|ATACADO|JUN26
03 - ACESSORIOS KRONA;SAO PAULO CAPITAL;SP;ATACADO;2026-07-01;227,66;SAO PAULO CAPITAL|03 - ACESSORIOS KRONA|ATACADO|JUL26
03 - ACESSORIOS KRONA;SAO PAULO CAPITAL;SP;ATACADO;2026-08-01;970,49;SAO PAULO CAPITAL|03 - ACESSORIOS KRONA|ATACADO|AGO26
03 - ACESSORIOS KRONA;SAO PAULO CAPITAL;SP;ATACADO;2026-09-01;863,55;SAO PAULO CAPITAL|03 - ACESSORIOS KRONA|ATACADO|SET26
03 - ACESSORIOS KRONA;SAO PAULO CAPITAL;SP;ATACADO;2026-10-01;959,79;SAO PAULO CAPITAL|03 - ACESSORIOS KRONA|ATACADO|OUT26
03 - ACESSORIOS KRONA;SAO PAULO CAPITAL;SP;ATACADO;2026-11-01;872,54;SAO PAULO CAPITAL|03 - ACESSORIOS KRONA|ATACADO|NOV26
03 - ACESSORIOS KRONA;SAO PAULO CAPITAL;SP;ATACADO;2026-12-01;624,30;SAO PAULO CAPITAL|03 - ACESSORIOS KRONA|ATACADO|DEZ26
03 - ACESSORIOS KRONA;SAO PAULO CAPITAL;SP;OUTROS;2026-02-01;1586,78;SAO PAULO CAPITAL|03 - ACESSORIOS KRONA|OUTROS|FEV26
03 - ACESSORIOS KRONA;SAO PAULO CAPITAL;SP;OUTROS;2026-03-01;1572,30;SAO PAULO CAPITAL|03 - ACESSORIOS KRONA|OUTROS|MAR26
03 - ACESSORIOS KRONA;SAO PAULO CAPITAL;SP;OUTROS;2026-04-01;3146,46;SAO PAULO CAPITAL|03 - ACESSORIOS KRONA|OUTROS|ABR26
03 - ACESSORIOS KRONA;SAO PAULO CAPITAL;SP;OUTROS;2026-05-01;82,48;SAO PAULO CAPITAL|03 - ACESSORIOS KRONA|OUTROS|MAI26
03 - ACESSORIOS KRONA;SAO PAULO CAPITAL;SP;OUTROS;2026-06-01;479,49;SAO PAULO CAPITAL|03 - ACESSORIOS KRONA|OUTROS|JUN26
03 - ACESSORIOS KRONA;SAO PAULO CAPITAL;SP;OUTROS;2026-08-01;372,32;SAO PAULO CAPITAL|03 - ACESSORIOS KRONA|OUTROS|AGO26
03 - ACESSORIOS KRONA;SAO PAULO CAPITAL;SP;OUTROS;2026-09-01;1110,40;SAO PAULO CAPITAL|03 - ACESSORIOS KRONA|OUTROS|SET26
03 - ACESSORIOS KRONA;SAO PAULO CAPITAL;SP;OUTROS;2026-10-01;1234,16;SAO PAULO CAPITAL|03 - ACESSORIOS KRONA|OUTROS|OUT26
03 - ACESSORIOS KRONA;SAO PAULO CAPITAL;SP;OUTROS;2026-11-01;1121,96;SAO PAULO CAPITAL|03 - ACESSORIOS KRONA|OUTROS|NOV26
03 - ACESSORIOS KRONA;SAO PAULO CAPITAL;SP;OUTROS;2026-12-01;802,76;SAO PAULO CAPITAL|03 - ACESSORIOS KRONA|OUTROS|DEZ26
03 - ACESSORIOS KRONA;SAO PAULO CAPITAL;SP;VAREJO;2026-01-01;7080,54;SAO PAULO CAPITAL|03 - ACESSORIOS KRONA|VAREJO|JAN26
03 - ACESSORIOS KRONA;SAO PAULO CAPITAL;SP;VAREJO;2026-02-01;7952,19;SAO PAULO CAPITAL|03 - ACESSORIOS KRONA|VAREJO|FEV26
03 - ACESSORIOS KRONA;SAO PAULO CAPITAL;SP;VAREJO;2026-03-01;8335,42;SAO PAULO CAPITAL|03 - ACESSORIOS KRONA|VAREJO|MAR26
03 - ACESSORIOS KRONA;SAO PAULO CAPITAL;SP;VAREJO;2026-04-01;7112,09;SAO PAULO CAPITAL|03 - ACESSORIOS KRONA|VAREJO|ABR26
03 - ACESSORIOS KRONA;SAO PAULO CAPITAL;SP;VAREJO;2026-05-01;13748,72;SAO PAULO CAPITAL|03 - ACESSORIOS KRONA|VAREJO|MAI26
03 - ACESSORIOS KRONA;SAO PAULO CAPITAL;SP;VAREJO;2026-06-01;5033,41;SAO PAULO CAPITAL|03 - ACESSORIOS KRONA|VAREJO|JUN26
03 - ACESSORIOS KRONA;SAO PAULO CAPITAL;SP;VAREJO;2026-07-01;4762,82;SAO PAULO CAPITAL|03 - ACESSORIOS KRONA|VAREJO|JUL26
03 - ACESSORIOS KRONA;SAO PAULO CAPITAL;SP;VAREJO;2026-08-01;6458,79;SAO PAULO CAPITAL|03 - ACESSORIOS KRONA|VAREJO|AGO26
03 - ACESSORIOS KRONA;SAO PAULO CAPITAL;SP;VAREJO;2026-09-01;7923,05;SAO PAULO CAPITAL|03 - ACESSORIOS KRONA|VAREJO|SET26
03 - ACESSORIOS KRONA;SAO PAULO CAPITAL;SP;VAREJO;2026-10-01;8806,05;SAO PAULO CAPITAL|03 - ACESSORIOS KRONA|VAREJO|OUT26
03 - ACESSORIOS KRONA;SAO PAULO CAPITAL;SP;VAREJO;2026-11-01;8005,50;SAO PAULO CAPITAL|03 - ACESSORIOS KRONA|VAREJO|NOV26
03 - ACESSORIOS KRONA;SAO PAULO CAPITAL;SP;VAREJO;2026-12-01;5727,94;SAO PAULO CAPITAL|03 - ACESSORIOS KRONA|VAREJO|DEZ26
03 - ACESSORIOS KRONA;SAO PAULO CAPITAL 2;SP;ATACADO;2026-01-01;262,18;SAO PAULO CAPITAL 2|03 - ACESSORIOS KRONA|ATACADO|JAN26
03 - ACESSORIOS KRONA;SAO PAULO CAPITAL 2;SP;ATACADO;2026-02-01;6361,47;SAO PAULO CAPITAL 2|03 - ACESSORIOS KRONA|ATACADO|FEV26
03 - ACESSORIOS KRONA;SAO PAULO CAPITAL 2;SP;ATACADO;2026-03-01;27221,77;SAO PAULO CAPITAL 2|03 - ACESSORIOS KRONA|ATACADO|MAR26
03 - ACESSORIOS KRONA;SAO PAULO CAPITAL 2;SP;ATACADO;2026-04-01;21290,64;SAO PAULO CAPITAL 2|03 - ACESSORIOS KRONA|ATACADO|ABR26
03 - ACESSORIOS KRONA;SAO PAULO CAPITAL 2;SP;ATACADO;2026-05-01;1063,69;SAO PAULO CAPITAL 2|03 - ACESSORIOS KRONA|ATACADO|MAI26
03 - ACESSORIOS KRONA;SAO PAULO CAPITAL 2;SP;ATACADO;2026-06-01;3692,08;SAO PAULO CAPITAL 2|03 - ACESSORIOS KRONA|ATACADO|JUN26
03 - ACESSORIOS KRONA;SAO PAULO CAPITAL 2;SP;ATACADO;2026-07-01;10848,43;SAO PAULO CAPITAL 2|03 - ACESSORIOS KRONA|ATACADO|JUL26
03 - ACESSORIOS KRONA;SAO PAULO CAPITAL 2;SP;ATACADO;2026-08-01;9250,83;SAO PAULO CAPITAL 2|03 - ACESSORIOS KRONA|ATACADO|AGO26
03 - ACESSORIOS KRONA;SAO PAULO CAPITAL 2;SP;ATACADO;2026-09-01;14150,00;SAO PAULO CAPITAL 2|03 - ACESSORIOS KRONA|ATACADO|SET26
03 - ACESSORIOS KRONA;SAO PAULO CAPITAL 2;SP;ATACADO;2026-10-01;12324,80;SAO PAULO CAPITAL 2|03 - ACESSORIOS KRONA|ATACADO|OUT26
03 - ACESSORIOS KRONA;SAO PAULO CAPITAL 2;SP;ATACADO;2026-11-01;9417,00;SAO PAULO CAPITAL 2|03 - ACESSORIOS KRONA|ATACADO|NOV26
03 - ACESSORIOS KRONA;SAO PAULO CAPITAL 2;SP;ATACADO;2026-12-01;12993,00;SAO PAULO CAPITAL 2|03 - ACESSORIOS KRONA|ATACADO|DEZ26
03 - ACESSORIOS KRONA;SAO PAULO INTERIOR;SP;ATACADO;2026-01-01;501,90;SAO PAULO INTERIOR|03 - ACESSORIOS KRONA|ATACADO|JAN26
03 - ACESSORIOS KRONA;SAO PAULO INTERIOR;SP;ATACADO;2026-02-01;3093,07;SAO PAULO INTERIOR|03 - ACESSORIOS KRONA|ATACADO|FEV26
03 - ACESSORIOS KRONA;SAO PAULO INTERIOR;SP;ATACADO;2026-03-01;14689,33;SAO PAULO INTERIOR|03 - ACESSORIOS KRONA|ATACADO|MAR26
03 - ACESSORIOS KRONA;SAO PAULO INTERIOR;SP;ATACADO;2026-04-01;6202,51;SAO PAULO INTERIOR|03 - ACESSORIOS KRONA|ATACADO|ABR26
03 - ACESSORIOS KRONA;SAO PAULO INTERIOR;SP;ATACADO;2026-05-01;167,98;SAO PAULO INTERIOR|03 - ACESSORIOS KRONA|ATACADO|MAI26
03 - ACESSORIOS KRONA;SAO PAULO INTERIOR;SP;ATACADO;2026-06-01;1644,70;SAO PAULO INTERIOR|03 - ACESSORIOS KRONA|ATACADO|JUN26
03 - ACESSORIOS KRONA;SAO PAULO INTERIOR;SP;ATACADO;2026-07-01;2013,76;SAO PAULO INTERIOR|03 - ACESSORIOS KRONA|ATACADO|JUL26
03 - ACESSORIOS KRONA;SAO PAULO INTERIOR;SP;ATACADO;2026-08-01;1393,26;SAO PAULO INTERIOR|03 - ACESSORIOS KRONA|ATACADO|AGO26
03 - ACESSORIOS KRONA;SAO PAULO INTERIOR;SP;ATACADO;2026-09-01;7223,86;SAO PAULO INTERIOR|03 - ACESSORIOS KRONA|ATACADO|SET26
03 - ACESSORIOS KRONA;SAO PAULO INTERIOR;SP;ATACADO;2026-10-01;5952,18;SAO PAULO INTERIOR|03 - ACESSORIOS KRONA|ATACADO|OUT26
03 - ACESSORIOS KRONA;SAO PAULO INTERIOR;SP;ATACADO;2026-11-01;4084,45;SAO PAULO INTERIOR|03 - ACESSORIOS KRONA|ATACADO|NOV26
03 - ACESSORIOS KRONA;SAO PAULO INTERIOR;SP;ATACADO;2026-12-01;5273,07;SAO PAULO INTERIOR|03 - ACESSORIOS KRONA|ATACADO|DEZ26
03 - ACESSORIOS KRONA;SAO PAULO INTERIOR;SP;OUTROS;2026-01-01;5,42;SAO PAULO INTERIOR|03 - ACESSORIOS KRONA|OUTROS|JAN26
03 - ACESSORIOS KRONA;SAO PAULO INTERIOR;SP;OUTROS;2026-03-01;0,85;SAO PAULO INTERIOR|03 - ACESSORIOS KRONA|OUTROS|MAR26
03 - ACESSORIOS KRONA;SAO PAULO INTERIOR;SP;OUTROS;2026-04-01;97,01;SAO PAULO INTERIOR|03 - ACESSORIOS KRONA|OUTROS|ABR26
03 - ACESSORIOS KRONA;SAO PAULO INTERIOR;SP;OUTROS;2026-07-01;56,77;SAO PAULO INTERIOR|03 - ACESSORIOS KRONA|OUTROS|JUL26
03 - ACESSORIOS KRONA;SAO PAULO INTERIOR;SP;OUTROS;2026-08-01;42,17;SAO PAULO INTERIOR|03 - ACESSORIOS KRONA|OUTROS|AGO26
03 - ACESSORIOS KRONA;SAO PAULO INTERIOR;SP;OUTROS;2026-09-01;35,75;SAO PAULO INTERIOR|03 - ACESSORIOS KRONA|OUTROS|SET26
03 - ACESSORIOS KRONA;SAO PAULO INTERIOR;SP;OUTROS;2026-10-01;29,46;SAO PAULO INTERIOR|03 - ACESSORIOS KRONA|OUTROS|OUT26
03 - ACESSORIOS KRONA;SAO PAULO INTERIOR;SP;OUTROS;2026-11-01;20,21;SAO PAULO INTERIOR|03 - ACESSORIOS KRONA|OUTROS|NOV26
03 - ACESSORIOS KRONA;SAO PAULO INTERIOR;SP;OUTROS;2026-12-01;26,09;SAO PAULO INTERIOR|03 - ACESSORIOS KRONA|OUTROS|DEZ26
03 - ACESSORIOS KRONA;SAO PAULO INTERIOR;SP;VAREJO;2026-01-01;955,99;SAO PAULO INTERIOR|03 - ACESSORIOS KRONA|VAREJO|JAN26
03 - ACESSORIOS KRONA;SAO PAULO INTERIOR;SP;VAREJO;2026-02-01;2040,09;SAO PAULO INTERIOR|03 - ACESSORIOS KRONA|VAREJO|FEV26
03 - ACESSORIOS KRONA;SAO PAULO INTERIOR;SP;VAREJO;2026-03-01;3381,12;SAO PAULO INTERIOR|03 - ACESSORIOS KRONA|VAREJO|MAR26
03 - ACESSORIOS KRONA;SAO PAULO INTERIOR;SP;VAREJO;2026-04-01;1890,57;SAO PAULO INTERIOR|03 - ACESSORIOS KRONA|VAREJO|ABR26
03 - ACESSORIOS KRONA;SAO PAULO INTERIOR;SP;VAREJO;2026-05-01;2333,71;SAO PAULO INTERIOR|03 - ACESSORIOS KRONA|VAREJO|MAI26
03 - ACESSORIOS KRONA;SAO PAULO INTERIOR;SP;VAREJO;2026-06-01;851,30;SAO PAULO INTERIOR|03 - ACESSORIOS KRONA|VAREJO|JUN26
03 - ACESSORIOS KRONA;SAO PAULO INTERIOR;SP;VAREJO;2026-07-01;1296,83;SAO PAULO INTERIOR|03 - ACESSORIOS KRONA|VAREJO|JUL26
03 - ACESSORIOS KRONA;SAO PAULO INTERIOR;SP;VAREJO;2026-08-01;2026,89;SAO PAULO INTERIOR|03 - ACESSORIOS KRONA|VAREJO|AGO26
03 - ACESSORIOS KRONA;SAO PAULO INTERIOR;SP;VAREJO;2026-09-01;3090,39;SAO PAULO INTERIOR|03 - ACESSORIOS KRONA|VAREJO|SET26
03 - ACESSORIOS KRONA;SAO PAULO INTERIOR;SP;VAREJO;2026-10-01;2546,36;SAO PAULO INTERIOR|03 - ACESSORIOS KRONA|VAREJO|OUT26
03 - ACESSORIOS KRONA;SAO PAULO INTERIOR;SP;VAREJO;2026-11-01;1747,34;SAO PAULO INTERIOR|03 - ACESSORIOS KRONA|VAREJO|NOV26
03 - ACESSORIOS KRONA;SAO PAULO INTERIOR;SP;VAREJO;2026-12-01;2255,84;SAO PAULO INTERIOR|03 - ACESSORIOS KRONA|VAREJO|DEZ26
03 - ACESSORIOS KRONA;TELEVENDAS;TELEVENDAS;ATACADO;2026-02-01;630,12;TELEVENDAS|03 - ACESSORIOS KRONA|ATACADO|FEV26
03 - ACESSORIOS KRONA;TELEVENDAS;TELEVENDAS;ATACADO;2026-04-01;158,93;TELEVENDAS|03 - ACESSORIOS KRONA|ATACADO|ABR26
03 - ACESSORIOS KRONA;TELEVENDAS;TELEVENDAS;ATACADO;2026-06-01;8,43;TELEVENDAS|03 - ACESSORIOS KRONA|ATACADO|JUN26
03 - ACESSORIOS KRONA;TELEVENDAS;TELEVENDAS;ATACADO;2026-07-01;13,88;TELEVENDAS|03 - ACESSORIOS KRONA|ATACADO|JUL26
03 - ACESSORIOS KRONA;TELEVENDAS;TELEVENDAS;ATACADO;2026-08-01;59,80;TELEVENDAS|03 - ACESSORIOS KRONA|ATACADO|AGO26
03 - ACESSORIOS KRONA;TELEVENDAS;TELEVENDAS;ATACADO;2026-09-01;71,58;TELEVENDAS|03 - ACESSORIOS KRONA|ATACADO|SET26
03 - ACESSORIOS KRONA;TELEVENDAS;TELEVENDAS;ATACADO;2026-10-01;71,54;TELEVENDAS|03 - ACESSORIOS KRONA|ATACADO|OUT26
03 - ACESSORIOS KRONA;TELEVENDAS;TELEVENDAS;ATACADO;2026-11-01;83,75;TELEVENDAS|03 - ACESSORIOS KRONA|ATACADO|NOV26
03 - ACESSORIOS KRONA;TELEVENDAS;TELEVENDAS;ATACADO;2026-12-01;69,95;TELEVENDAS|03 - ACESSORIOS KRONA|ATACADO|DEZ26
03 - ACESSORIOS KRONA;TELEVENDAS;TELEVENDAS;IRRIGACAO;2026-03-01;14,27;TELEVENDAS|03 - ACESSORIOS KRONA|IRRIGACAO|MAR26
03 - ACESSORIOS KRONA;TELEVENDAS;TELEVENDAS;IRRIGACAO;2026-09-01;1,07;TELEVENDAS|03 - ACESSORIOS KRONA|IRRIGACAO|SET26
03 - ACESSORIOS KRONA;TELEVENDAS;TELEVENDAS;IRRIGACAO;2026-10-01;1,07;TELEVENDAS|03 - ACESSORIOS KRONA|IRRIGACAO|OUT26
03 - ACESSORIOS KRONA;TELEVENDAS;TELEVENDAS;IRRIGACAO;2026-11-01;1,25;TELEVENDAS|03 - ACESSORIOS KRONA|IRRIGACAO|NOV26
03 - ACESSORIOS KRONA;TELEVENDAS;TELEVENDAS;IRRIGACAO;2026-12-01;1,05;TELEVENDAS|03 - ACESSORIOS KRONA|IRRIGACAO|DEZ26
03 - ACESSORIOS KRONA;TELEVENDAS;TELEVENDAS;OUTROS;2026-01-01;243,47;TELEVENDAS|03 - ACESSORIOS KRONA|OUTROS|JAN26
03 - ACESSORIOS KRONA;TELEVENDAS;TELEVENDAS;OUTROS;2026-02-01;183,31;TELEVENDAS|03 - ACESSORIOS KRONA|OUTROS|FEV26
03 - ACESSORIOS KRONA;TELEVENDAS;TELEVENDAS;OUTROS;2026-03-01;79,22;TELEVENDAS|03 - ACESSORIOS KRONA|OUTROS|MAR26
03 - ACESSORIOS KRONA;TELEVENDAS;TELEVENDAS;OUTROS;2026-04-01;211,50;TELEVENDAS|03 - ACESSORIOS KRONA|OUTROS|ABR26
03 - ACESSORIOS KRONA;TELEVENDAS;TELEVENDAS;OUTROS;2026-05-01;15,60;TELEVENDAS|03 - ACESSORIOS KRONA|OUTROS|MAI26
03 - ACESSORIOS KRONA;TELEVENDAS;TELEVENDAS;OUTROS;2026-06-01;13,64;TELEVENDAS|03 - ACESSORIOS KRONA|OUTROS|JUN26
03 - ACESSORIOS KRONA;TELEVENDAS;TELEVENDAS;OUTROS;2026-07-01;4,96;TELEVENDAS|03 - ACESSORIOS KRONA|OUTROS|JUL26
03 - ACESSORIOS KRONA;TELEVENDAS;TELEVENDAS;OUTROS;2026-08-01;47,38;TELEVENDAS|03 - ACESSORIOS KRONA|OUTROS|AGO26
03 - ACESSORIOS KRONA;TELEVENDAS;TELEVENDAS;OUTROS;2026-09-01;91,64;TELEVENDAS|03 - ACESSORIOS KRONA|OUTROS|SET26
03 - ACESSORIOS KRONA;TELEVENDAS;TELEVENDAS;OUTROS;2026-10-01;91,59;TELEVENDAS|03 - ACESSORIOS KRONA|OUTROS|OUT26
03 - ACESSORIOS KRONA;TELEVENDAS;TELEVENDAS;OUTROS;2026-11-01;107,22;TELEVENDAS|03 - ACESSORIOS KRONA|OUTROS|NOV26
03 - ACESSORIOS KRONA;TELEVENDAS;TELEVENDAS;OUTROS;2026-12-01;89,55;TELEVENDAS|03 - ACESSORIOS KRONA|OUTROS|DEZ26
03 - ACESSORIOS KRONA;TELEVENDAS;TELEVENDAS;VAREJO;2026-01-01;2478,64;TELEVENDAS|03 - ACESSORIOS KRONA|VAREJO|JAN26
03 - ACESSORIOS KRONA;TELEVENDAS;TELEVENDAS;VAREJO;2026-02-01;3650,56;TELEVENDAS|03 - ACESSORIOS KRONA|VAREJO|FEV26
03 - ACESSORIOS KRONA;TELEVENDAS;TELEVENDAS;VAREJO;2026-03-01;3345,01;TELEVENDAS|03 - ACESSORIOS KRONA|VAREJO|MAR26
03 - ACESSORIOS KRONA;TELEVENDAS;TELEVENDAS;VAREJO;2026-04-01;3472,18;TELEVENDAS|03 - ACESSORIOS KRONA|VAREJO|ABR26
03 - ACESSORIOS KRONA;TELEVENDAS;TELEVENDAS;VAREJO;2026-05-01;3952,51;TELEVENDAS|03 - ACESSORIOS KRONA|VAREJO|MAI26
03 - ACESSORIOS KRONA;TELEVENDAS;TELEVENDAS;VAREJO;2026-06-01;3683,70;TELEVENDAS|03 - ACESSORIOS KRONA|VAREJO|JUN26
03 - ACESSORIOS KRONA;TELEVENDAS;TELEVENDAS;VAREJO;2026-07-01;3298,85;TELEVENDAS|03 - ACESSORIOS KRONA|VAREJO|JUL26
03 - ACESSORIOS KRONA;TELEVENDAS;TELEVENDAS;VAREJO;2026-08-01;4361,50;TELEVENDAS|03 - ACESSORIOS KRONA|VAREJO|AGO26
03 - ACESSORIOS KRONA;TELEVENDAS;TELEVENDAS;VAREJO;2026-09-01;3254,70;TELEVENDAS|03 - ACESSORIOS KRONA|VAREJO|SET26
03 - ACESSORIOS KRONA;TELEVENDAS;TELEVENDAS;VAREJO;2026-10-01;3252,80;TELEVENDAS|03 - ACESSORIOS KRONA|VAREJO|OUT26
03 - ACESSORIOS KRONA;TELEVENDAS;TELEVENDAS;VAREJO;2026-11-01;3807,78;TELEVENDAS|03 - ACESSORIOS KRONA|VAREJO|NOV26
03 - ACESSORIOS KRONA;TELEVENDAS;TELEVENDAS;VAREJO;2026-12-01;3180,45;TELEVENDAS|03 - ACESSORIOS KRONA|VAREJO|DEZ26
04 - PRODUTOS REVENDA;CENTRO OESTE;CO NO;ATACADO;2026-01-01;1553,54;CENTRO OESTE|04 - PRODUTOS REVENDA|ATACADO|JAN26
04 - PRODUTOS REVENDA;CENTRO OESTE;CO NO;ATACADO;2026-02-01;10668,56;CENTRO OESTE|04 - PRODUTOS REVENDA|ATACADO|FEV26
04 - PRODUTOS REVENDA;CENTRO OESTE;CO NO;ATACADO;2026-03-01;9704,79;CENTRO OESTE|04 - PRODUTOS REVENDA|ATACADO|MAR26
04 - PRODUTOS REVENDA;CENTRO OESTE;CO NO;ATACADO;2026-04-01;7728,52;CENTRO OESTE|04 - PRODUTOS REVENDA|ATACADO|ABR26
04 - PRODUTOS REVENDA;CENTRO OESTE;CO NO;ATACADO;2026-05-01;1297,01;CENTRO OESTE|04 - PRODUTOS REVENDA|ATACADO|MAI26
04 - PRODUTOS REVENDA;CENTRO OESTE;CO NO;ATACADO;2026-06-01;12674,57;CENTRO OESTE|04 - PRODUTOS REVENDA|ATACADO|JUN26
04 - PRODUTOS REVENDA;CENTRO OESTE;CO NO;ATACADO;2026-07-01;9041,68;CENTRO OESTE|04 - PRODUTOS REVENDA|ATACADO|JUL26
04 - PRODUTOS REVENDA;CENTRO OESTE;CO NO;ATACADO;2026-08-01;1480,40;CENTRO OESTE|04 - PRODUTOS REVENDA|ATACADO|AGO26
04 - PRODUTOS REVENDA;CENTRO OESTE;CO NO;ATACADO;2026-09-01;8492,10;CENTRO OESTE|04 - PRODUTOS REVENDA|ATACADO|SET26
04 - PRODUTOS REVENDA;CENTRO OESTE;CO NO;ATACADO;2026-10-01;8081,90;CENTRO OESTE|04 - PRODUTOS REVENDA|ATACADO|OUT26
04 - PRODUTOS REVENDA;CENTRO OESTE;CO NO;ATACADO;2026-11-01;7655,03;CENTRO OESTE|04 - PRODUTOS REVENDA|ATACADO|NOV26
04 - PRODUTOS REVENDA;CENTRO OESTE;CO NO;ATACADO;2026-12-01;5885,51;CENTRO OESTE|04 - PRODUTOS REVENDA|ATACADO|DEZ26
04 - PRODUTOS REVENDA;CENTRO OESTE;CO NO;OUTROS;2026-01-01;12,30;CENTRO OESTE|04 - PRODUTOS REVENDA|OUTROS|JAN26
04 - PRODUTOS REVENDA;CENTRO OESTE;CO NO;OUTROS;2026-03-01;23,58;CENTRO OESTE|04 - PRODUTOS REVENDA|OUTROS|MAR26
04 - PRODUTOS REVENDA;CENTRO OESTE;CO NO;OUTROS;2026-04-01;31,74;CENTRO OESTE|04 - PRODUTOS REVENDA|OUTROS|ABR26
04 - PRODUTOS REVENDA;CENTRO OESTE;CO NO;OUTROS;2026-05-01;4,20;CENTRO OESTE|04 - PRODUTOS REVENDA|OUTROS|MAI26
04 - PRODUTOS REVENDA;CENTRO OESTE;CO NO;OUTROS;2026-06-01;3,85;CENTRO OESTE|04 - PRODUTOS REVENDA|OUTROS|JUN26
04 - PRODUTOS REVENDA;CENTRO OESTE;CO NO;OUTROS;2026-07-01;3,10;CENTRO OESTE|04 - PRODUTOS REVENDA|OUTROS|JUL26
04 - PRODUTOS REVENDA;CENTRO OESTE;CO NO;OUTROS;2026-08-01;18,13;CENTRO OESTE|04 - PRODUTOS REVENDA|OUTROS|AGO26
04 - PRODUTOS REVENDA;CENTRO OESTE;CO NO;OUTROS;2026-09-01;10,11;CENTRO OESTE|04 - PRODUTOS REVENDA|OUTROS|SET26
04 - PRODUTOS REVENDA;CENTRO OESTE;CO NO;OUTROS;2026-10-01;9,62;CENTRO OESTE|04 - PRODUTOS REVENDA|OUTROS|OUT26
04 - PRODUTOS REVENDA;CENTRO OESTE;CO NO;OUTROS;2026-11-01;9,11;CENTRO OESTE|04 - PRODUTOS REVENDA|OUTROS|NOV26
04 - PRODUTOS REVENDA;CENTRO OESTE;CO NO;OUTROS;2026-12-01;7,01;CENTRO OESTE|04 - PRODUTOS REVENDA|OUTROS|DEZ26
04 - PRODUTOS REVENDA;CENTRO OESTE;CO NO;VAREJO;2026-01-01;1421,54;CENTRO OESTE|04 - PRODUTOS REVENDA|VAREJO|JAN26
04 - PRODUTOS REVENDA;CENTRO OESTE;CO NO;VAREJO;2026-02-01;4017,71;CENTRO OESTE|04 - PRODUTOS REVENDA|VAREJO|FEV26
04 - PRODUTOS REVENDA;CENTRO OESTE;CO NO;VAREJO;2026-03-01;4054,87;CENTRO OESTE|04 - PRODUTOS REVENDA|VAREJO|MAR26
04 - PRODUTOS REVENDA;CENTRO OESTE;CO NO;VAREJO;2026-04-01;4039,81;CENTRO OESTE|04 - PRODUTOS REVENDA|VAREJO|ABR26
04 - PRODUTOS REVENDA;CENTRO OESTE;CO NO;VAREJO;2026-05-01;3869,90;CENTRO OESTE|04 - PRODUTOS REVENDA|VAREJO|MAI26
04 - PRODUTOS REVENDA;CENTRO OESTE;CO NO;VAREJO;2026-06-01;3328,13;CENTRO OESTE|04 - PRODUTOS REVENDA|VAREJO|JUN26
04 - PRODUTOS REVENDA;CENTRO OESTE;CO NO;VAREJO;2026-07-01;3527,50;CENTRO OESTE|04 - PRODUTOS REVENDA|VAREJO|JUL26
04 - PRODUTOS REVENDA;CENTRO OESTE;CO NO;VAREJO;2026-08-01;4474,87;CENTRO OESTE|04 - PRODUTOS REVENDA|VAREJO|AGO26
04 - PRODUTOS REVENDA;CENTRO OESTE;CO NO;VAREJO;2026-09-01;4229,79;CENTRO OESTE|04 - PRODUTOS REVENDA|VAREJO|SET26
04 - PRODUTOS REVENDA;CENTRO OESTE;CO NO;VAREJO;2026-10-01;4025,48;CENTRO OESTE|04 - PRODUTOS REVENDA|VAREJO|OUT26
04 - PRODUTOS REVENDA;CENTRO OESTE;CO NO;VAREJO;2026-11-01;3812,86;CENTRO OESTE|04 - PRODUTOS REVENDA|VAREJO|NOV26
04 - PRODUTOS REVENDA;CENTRO OESTE;CO NO;VAREJO;2026-12-01;2931,49;CENTRO OESTE|04 - PRODUTOS REVENDA|VAREJO|DEZ26
04 - PRODUTOS REVENDA;CONSTR CENTRO OESTE;CONSTRUTORA;CONSTRUTORA;2026-01-01;1471,84;CONSTR CENTRO OESTE|04 - PRODUTOS REVENDA|CONSTRUTORA|JAN26
04 - PRODUTOS REVENDA;CONSTR CENTRO OESTE;CONSTRUTORA;CONSTRUTORA;2026-02-01;2354,93;CONSTR CENTRO OESTE|04 - PRODUTOS REVENDA|CONSTRUTORA|FEV26
04 - PRODUTOS REVENDA;CONSTR CENTRO OESTE;CONSTRUTORA;CONSTRUTORA;2026-03-01;3565,81;CONSTR CENTRO OESTE|04 - PRODUTOS REVENDA|CONSTRUTORA|MAR26
04 - PRODUTOS REVENDA;CONSTR CENTRO OESTE;CONSTRUTORA;CONSTRUTORA;2026-04-01;3556,39;CONSTR CENTRO OESTE|04 - PRODUTOS REVENDA|CONSTRUTORA|ABR26
04 - PRODUTOS REVENDA;CONSTR CENTRO OESTE;CONSTRUTORA;CONSTRUTORA;2026-05-01;6426,79;CONSTR CENTRO OESTE|04 - PRODUTOS REVENDA|CONSTRUTORA|MAI26
04 - PRODUTOS REVENDA;CONSTR CENTRO OESTE;CONSTRUTORA;CONSTRUTORA;2026-06-01;7375,40;CONSTR CENTRO OESTE|04 - PRODUTOS REVENDA|CONSTRUTORA|JUN26
04 - PRODUTOS REVENDA;CONSTR CENTRO OESTE;CONSTRUTORA;CONSTRUTORA;2026-07-01;6449,95;CONSTR CENTRO OESTE|04 - PRODUTOS REVENDA|CONSTRUTORA|JUL26
04 - PRODUTOS REVENDA;CONSTR CENTRO OESTE;CONSTRUTORA;CONSTRUTORA;2026-08-01;7540,62;CONSTR CENTRO OESTE|04 - PRODUTOS REVENDA|CONSTRUTORA|AGO26
04 - PRODUTOS REVENDA;CONSTR NORDESTE;CONSTRUTORA;CONSTRUTORA;2026-01-01;3747,77;CONSTR NORDESTE|04 - PRODUTOS REVENDA|CONSTRUTORA|JAN26
04 - PRODUTOS REVENDA;CONSTR NORDESTE;CONSTRUTORA;CONSTRUTORA;2026-02-01;9467,58;CONSTR NORDESTE|04 - PRODUTOS REVENDA|CONSTRUTORA|FEV26
04 - PRODUTOS REVENDA;CONSTR NORDESTE;CONSTRUTORA;CONSTRUTORA;2026-03-01;8115,39;CONSTR NORDESTE|04 - PRODUTOS REVENDA|CONSTRUTORA|MAR26
04 - PRODUTOS REVENDA;CONSTR NORDESTE;CONSTRUTORA;CONSTRUTORA;2026-04-01;9097,05;CONSTR NORDESTE|04 - PRODUTOS REVENDA|CONSTRUTORA|ABR26
04 - PRODUTOS REVENDA;CONSTR NORDESTE;CONSTRUTORA;CONSTRUTORA;2026-05-01;4718,91;CONSTR NORDESTE|04 - PRODUTOS REVENDA|CONSTRUTORA|MAI26
04 - PRODUTOS REVENDA;CONSTR NORDESTE;CONSTRUTORA;CONSTRUTORA;2026-06-01;6972,75;CONSTR NORDESTE|04 - PRODUTOS REVENDA|CONSTRUTORA|JUN26
04 - PRODUTOS REVENDA;CONSTR NORDESTE;CONSTRUTORA;CONSTRUTORA;2026-07-01;6238,12;CONSTR NORDESTE|04 - PRODUTOS REVENDA|CONSTRUTORA|JUL26
04 - PRODUTOS REVENDA;CONSTR NORDESTE;CONSTRUTORA;CONSTRUTORA;2026-08-01;7349,02;CONSTR NORDESTE|04 - PRODUTOS REVENDA|CONSTRUTORA|AGO26
04 - PRODUTOS REVENDA;CONSTR NORDESTE;CONSTRUTORA;OUTROS;2026-03-01;0,85;CONSTR NORDESTE|04 - PRODUTOS REVENDA|OUTROS|MAR26
04 - PRODUTOS REVENDA;CONSTR NORDESTE;CONSTRUTORA;OUTROS;2026-04-01;6,44;CONSTR NORDESTE|04 - PRODUTOS REVENDA|OUTROS|ABR26
04 - PRODUTOS REVENDA;CONSTR NORDESTE;CONSTRUTORA;OUTROS;2026-07-01;2,40;CONSTR NORDESTE|04 - PRODUTOS REVENDA|OUTROS|JUL26
04 - PRODUTOS REVENDA;CONSTR NORDESTE;CONSTRUTORA;OUTROS;2026-08-01;4,39;CONSTR NORDESTE|04 - PRODUTOS REVENDA|OUTROS|AGO26
04 - PRODUTOS REVENDA;CONSTR NORTE;CONSTRUTORA;CONSTRUTORA;2026-01-01;532,28;CONSTR NORTE|04 - PRODUTOS REVENDA|CONSTRUTORA|JAN26
04 - PRODUTOS REVENDA;CONSTR NORTE;CONSTRUTORA;CONSTRUTORA;2026-02-01;402,76;CONSTR NORTE|04 - PRODUTOS REVENDA|CONSTRUTORA|FEV26
04 - PRODUTOS REVENDA;CONSTR NORTE;CONSTRUTORA;CONSTRUTORA;2026-03-01;450,36;CONSTR NORTE|04 - PRODUTOS REVENDA|CONSTRUTORA|MAR26
04 - PRODUTOS REVENDA;CONSTR NORTE;CONSTRUTORA;CONSTRUTORA;2026-04-01;70,76;CONSTR NORTE|04 - PRODUTOS REVENDA|CONSTRUTORA|ABR26
04 - PRODUTOS REVENDA;CONSTR NORTE;CONSTRUTORA;CONSTRUTORA;2026-05-01;327,31;CONSTR NORTE|04 - PRODUTOS REVENDA|CONSTRUTORA|MAI26
04 - PRODUTOS REVENDA;CONSTR NORTE;CONSTRUTORA;CONSTRUTORA;2026-06-01;803,93;CONSTR NORTE|04 - PRODUTOS REVENDA|CONSTRUTORA|JUN26
04 - PRODUTOS REVENDA;CONSTR NORTE;CONSTRUTORA;CONSTRUTORA;2026-07-01;279,03;CONSTR NORTE|04 - PRODUTOS REVENDA|CONSTRUTORA|JUL26
04 - PRODUTOS REVENDA;CONSTR NORTE;CONSTRUTORA;CONSTRUTORA;2026-08-01;232,07;CONSTR NORTE|04 - PRODUTOS REVENDA|CONSTRUTORA|AGO26
04 - PRODUTOS REVENDA;CONSTR SAO PAULO;CONSTRUTORA;CONSTRUTORA;2026-01-01;2597,78;CONSTR SAO PAULO|04 - PRODUTOS REVENDA|CONSTRUTORA|JAN26
04 - PRODUTOS REVENDA;CONSTR SAO PAULO;CONSTRUTORA;CONSTRUTORA;2026-02-01;5584,31;CONSTR SAO PAULO|04 - PRODUTOS REVENDA|CONSTRUTORA|FEV26
04 - PRODUTOS REVENDA;CONSTR SAO PAULO;CONSTRUTORA;CONSTRUTORA;2026-03-01;4034,63;CONSTR SAO PAULO|04 - PRODUTOS REVENDA|CONSTRUTORA|MAR26
04 - PRODUTOS REVENDA;CONSTR SAO PAULO;CONSTRUTORA;CONSTRUTORA;2026-04-01;5648,53;CONSTR SAO PAULO|04 - PRODUTOS REVENDA|CONSTRUTORA|ABR26
04 - PRODUTOS REVENDA;CONSTR SAO PAULO;CONSTRUTORA;CONSTRUTORA;2026-05-01;4687,39;CONSTR SAO PAULO|04 - PRODUTOS REVENDA|CONSTRUTORA|MAI26
04 - PRODUTOS REVENDA;CONSTR SAO PAULO;CONSTRUTORA;CONSTRUTORA;2026-06-01;4909,01;CONSTR SAO PAULO|04 - PRODUTOS REVENDA|CONSTRUTORA|JUN26
04 - PRODUTOS REVENDA;CONSTR SAO PAULO;CONSTRUTORA;CONSTRUTORA;2026-07-01;3514,21;CONSTR SAO PAULO|04 - PRODUTOS REVENDA|CONSTRUTORA|JUL26
04 - PRODUTOS REVENDA;CONSTR SAO PAULO;CONSTRUTORA;CONSTRUTORA;2026-08-01;4675,35;CONSTR SAO PAULO|04 - PRODUTOS REVENDA|CONSTRUTORA|AGO26
04 - PRODUTOS REVENDA;CONSTR SAO PAULO;CONSTRUTORA;VAREJO;2026-07-01;1,70;CONSTR SAO PAULO|04 - PRODUTOS REVENDA|VAREJO|JUL26
04 - PRODUTOS REVENDA;CONSTR SUDESTE;CONSTRUTORA;CONSTRUTORA;2026-01-01;64,06;CONSTR SUDESTE|04 - PRODUTOS REVENDA|CONSTRUTORA|JAN26
04 - PRODUTOS REVENDA;CONSTR SUDESTE;CONSTRUTORA;CONSTRUTORA;2026-02-01;721,72;CONSTR SUDESTE|04 - PRODUTOS REVENDA|CONSTRUTORA|FEV26
04 - PRODUTOS REVENDA;CONSTR SUDESTE;CONSTRUTORA;CONSTRUTORA;2026-03-01;1737,04;CONSTR SUDESTE|04 - PRODUTOS REVENDA|CONSTRUTORA|MAR26
04 - PRODUTOS REVENDA;CONSTR SUDESTE;CONSTRUTORA;CONSTRUTORA;2026-04-01;1943,29;CONSTR SUDESTE|04 - PRODUTOS REVENDA|CONSTRUTORA|ABR26
04 - PRODUTOS REVENDA;CONSTR SUDESTE;CONSTRUTORA;CONSTRUTORA;2026-05-01;1688,65;CONSTR SUDESTE|04 - PRODUTOS REVENDA|CONSTRUTORA|MAI26
04 - PRODUTOS REVENDA;CONSTR SUDESTE;CONSTRUTORA;CONSTRUTORA;2026-06-01;780,27;CONSTR SUDESTE|04 - PRODUTOS REVENDA|CONSTRUTORA|JUN26
04 - PRODUTOS REVENDA;CONSTR SUDESTE;CONSTRUTORA;CONSTRUTORA;2026-07-01;1467,85;CONSTR SUDESTE|04 - PRODUTOS REVENDA|CONSTRUTORA|JUL26
04 - PRODUTOS REVENDA;CONSTR SUDESTE;CONSTRUTORA;CONSTRUTORA;2026-08-01;1646,86;CONSTR SUDESTE|04 - PRODUTOS REVENDA|CONSTRUTORA|AGO26
04 - PRODUTOS REVENDA;CONSTR SUL;CONSTRUTORA;CONSTRUTORA;2026-01-01;3140,66;CONSTR SUL|04 - PRODUTOS REVENDA|CONSTRUTORA|JAN26
04 - PRODUTOS REVENDA;CONSTR SUL;CONSTRUTORA;CONSTRUTORA;2026-02-01;3793,71;CONSTR SUL|04 - PRODUTOS REVENDA|CONSTRUTORA|FEV26
04 - PRODUTOS REVENDA;CONSTR SUL;CONSTRUTORA;CONSTRUTORA;2026-03-01;4347,14;CONSTR SUL|04 - PRODUTOS REVENDA|CONSTRUTORA|MAR26
04 - PRODUTOS REVENDA;CONSTR SUL;CONSTRUTORA;CONSTRUTORA;2026-04-01;6000,42;CONSTR SUL|04 - PRODUTOS REVENDA|CONSTRUTORA|ABR26
04 - PRODUTOS REVENDA;CONSTR SUL;CONSTRUTORA;CONSTRUTORA;2026-05-01;4182,85;CONSTR SUL|04 - PRODUTOS REVENDA|CONSTRUTORA|MAI26
04 - PRODUTOS REVENDA;CONSTR SUL;CONSTRUTORA;CONSTRUTORA;2026-06-01;3750,89;CONSTR SUL|04 - PRODUTOS REVENDA|CONSTRUTORA|JUN26
04 - PRODUTOS REVENDA;CONSTR SUL;CONSTRUTORA;CONSTRUTORA;2026-07-01;3397,39;CONSTR SUL|04 - PRODUTOS REVENDA|CONSTRUTORA|JUL26
04 - PRODUTOS REVENDA;CONSTR SUL;CONSTRUTORA;CONSTRUTORA;2026-08-01;3875,33;CONSTR SUL|04 - PRODUTOS REVENDA|CONSTRUTORA|AGO26
04 - PRODUTOS REVENDA;CONSTR SUL;CONSTRUTORA;OUTROS;2026-07-01;24,21;CONSTR SUL|04 - PRODUTOS REVENDA|OUTROS|JUL26
04 - PRODUTOS REVENDA;EXPORTACAO;EXPORTACAO;EXPORTACAO;2026-01-01;313,33;EXPORTACAO|04 - PRODUTOS REVENDA|EXPORTACAO|JAN26
04 - PRODUTOS REVENDA;EXPORTACAO;EXPORTACAO;EXPORTACAO;2026-02-01;691,98;EXPORTACAO|04 - PRODUTOS REVENDA|EXPORTACAO|FEV26
04 - PRODUTOS REVENDA;EXPORTACAO;EXPORTACAO;EXPORTACAO;2026-03-01;157,37;EXPORTACAO|04 - PRODUTOS REVENDA|EXPORTACAO|MAR26
04 - PRODUTOS REVENDA;EXPORTACAO;EXPORTACAO;EXPORTACAO;2026-04-01;645,63;EXPORTACAO|04 - PRODUTOS REVENDA|EXPORTACAO|ABR26
04 - PRODUTOS REVENDA;EXPORTACAO;EXPORTACAO;EXPORTACAO;2026-05-01;866,10;EXPORTACAO|04 - PRODUTOS REVENDA|EXPORTACAO|MAI26
04 - PRODUTOS REVENDA;EXPORTACAO;EXPORTACAO;EXPORTACAO;2026-06-01;509,48;EXPORTACAO|04 - PRODUTOS REVENDA|EXPORTACAO|JUN26
04 - PRODUTOS REVENDA;EXPORTACAO;EXPORTACAO;EXPORTACAO;2026-07-01;57,60;EXPORTACAO|04 - PRODUTOS REVENDA|EXPORTACAO|JUL26
04 - PRODUTOS REVENDA;EXPORTACAO;EXPORTACAO;EXPORTACAO;2026-08-01;1000,00;EXPORTACAO|04 - PRODUTOS REVENDA|EXPORTACAO|AGO26
04 - PRODUTOS REVENDA;EXPORTACAO;EXPORTACAO;EXPORTACAO;2026-09-01;354,00;EXPORTACAO|04 - PRODUTOS REVENDA|EXPORTACAO|SET26
04 - PRODUTOS REVENDA;EXPORTACAO;EXPORTACAO;EXPORTACAO;2026-10-01;391,00;EXPORTACAO|04 - PRODUTOS REVENDA|EXPORTACAO|OUT26
04 - PRODUTOS REVENDA;EXPORTACAO;EXPORTACAO;EXPORTACAO;2026-11-01;550,00;EXPORTACAO|04 - PRODUTOS REVENDA|EXPORTACAO|NOV26
04 - PRODUTOS REVENDA;EXPORTACAO;EXPORTACAO;EXPORTACAO;2026-12-01;316,00;EXPORTACAO|04 - PRODUTOS REVENDA|EXPORTACAO|DEZ26
04 - PRODUTOS REVENDA;IRRIGACAO 1;IRRIGACAO;IRRIGACAO;2026-01-01;73,74;IRRIGACAO 1|04 - PRODUTOS REVENDA|IRRIGACAO|JAN26
04 - PRODUTOS REVENDA;IRRIGACAO 1;IRRIGACAO;IRRIGACAO;2026-02-01;110,22;IRRIGACAO 1|04 - PRODUTOS REVENDA|IRRIGACAO|FEV26
04 - PRODUTOS REVENDA;IRRIGACAO 1;IRRIGACAO;IRRIGACAO;2026-03-01;210,49;IRRIGACAO 1|04 - PRODUTOS REVENDA|IRRIGACAO|MAR26
04 - PRODUTOS REVENDA;IRRIGACAO 1;IRRIGACAO;IRRIGACAO;2026-04-01;171,22;IRRIGACAO 1|04 - PRODUTOS REVENDA|IRRIGACAO|ABR26
04 - PRODUTOS REVENDA;IRRIGACAO 1;IRRIGACAO;IRRIGACAO;2026-05-01;160,28;IRRIGACAO 1|04 - PRODUTOS REVENDA|IRRIGACAO|MAI26
04 - PRODUTOS REVENDA;IRRIGACAO 1;IRRIGACAO;IRRIGACAO;2026-06-01;90,30;IRRIGACAO 1|04 - PRODUTOS REVENDA|IRRIGACAO|JUN26
04 - PRODUTOS REVENDA;IRRIGACAO 1;IRRIGACAO;IRRIGACAO;2026-07-01;196,68;IRRIGACAO 1|04 - PRODUTOS REVENDA|IRRIGACAO|JUL26
04 - PRODUTOS REVENDA;IRRIGACAO 1;IRRIGACAO;IRRIGACAO;2026-08-01;272,68;IRRIGACAO 1|04 - PRODUTOS REVENDA|IRRIGACAO|AGO26
04 - PRODUTOS REVENDA;IRRIGACAO 1;IRRIGACAO;IRRIGACAO;2026-09-01;173,43;IRRIGACAO 1|04 - PRODUTOS REVENDA|IRRIGACAO|SET26
04 - PRODUTOS REVENDA;IRRIGACAO 1;IRRIGACAO;IRRIGACAO;2026-10-01;168,48;IRRIGACAO 1|04 - PRODUTOS REVENDA|IRRIGACAO|OUT26
04 - PRODUTOS REVENDA;IRRIGACAO 1;IRRIGACAO;IRRIGACAO;2026-11-01;148,66;IRRIGACAO 1|04 - PRODUTOS REVENDA|IRRIGACAO|NOV26
04 - PRODUTOS REVENDA;IRRIGACAO 1;IRRIGACAO;IRRIGACAO;2026-12-01;138,75;IRRIGACAO 1|04 - PRODUTOS REVENDA|IRRIGACAO|DEZ26
04 - PRODUTOS REVENDA;IRRIGACAO 1;IRRIGACAO;VAREJO;2026-07-01;20,40;IRRIGACAO 1|04 - PRODUTOS REVENDA|VAREJO|JUL26
04 - PRODUTOS REVENDA;IRRIGACAO 1;IRRIGACAO;VAREJO;2026-09-01;1,57;IRRIGACAO 1|04 - PRODUTOS REVENDA|VAREJO|SET26
04 - PRODUTOS REVENDA;IRRIGACAO 1;IRRIGACAO;VAREJO;2026-10-01;1,52;IRRIGACAO 1|04 - PRODUTOS REVENDA|VAREJO|OUT26
04 - PRODUTOS REVENDA;IRRIGACAO 1;IRRIGACAO;VAREJO;2026-11-01;1,34;IRRIGACAO 1|04 - PRODUTOS REVENDA|VAREJO|NOV26
04 - PRODUTOS REVENDA;IRRIGACAO 1;IRRIGACAO;VAREJO;2026-12-01;1,25;IRRIGACAO 1|04 - PRODUTOS REVENDA|VAREJO|DEZ26
04 - PRODUTOS REVENDA;IRRIGACAO 2;IRRIGACAO;IRRIGACAO;2026-01-01;101,85;IRRIGACAO 2|04 - PRODUTOS REVENDA|IRRIGACAO|JAN26
04 - PRODUTOS REVENDA;IRRIGACAO 2;IRRIGACAO;IRRIGACAO;2026-02-01;128,16;IRRIGACAO 2|04 - PRODUTOS REVENDA|IRRIGACAO|FEV26
04 - PRODUTOS REVENDA;IRRIGACAO 2;IRRIGACAO;IRRIGACAO;2026-03-01;97,09;IRRIGACAO 2|04 - PRODUTOS REVENDA|IRRIGACAO|MAR26
04 - PRODUTOS REVENDA;IRRIGACAO 2;IRRIGACAO;IRRIGACAO;2026-04-01;40,46;IRRIGACAO 2|04 - PRODUTOS REVENDA|IRRIGACAO|ABR26
04 - PRODUTOS REVENDA;IRRIGACAO 2;IRRIGACAO;IRRIGACAO;2026-05-01;13,22;IRRIGACAO 2|04 - PRODUTOS REVENDA|IRRIGACAO|MAI26
04 - PRODUTOS REVENDA;IRRIGACAO 2;IRRIGACAO;IRRIGACAO;2026-06-01;133,54;IRRIGACAO 2|04 - PRODUTOS REVENDA|IRRIGACAO|JUN26
04 - PRODUTOS REVENDA;IRRIGACAO 2;IRRIGACAO;IRRIGACAO;2026-07-01;4,29;IRRIGACAO 2|04 - PRODUTOS REVENDA|IRRIGACAO|JUL26
04 - PRODUTOS REVENDA;IRRIGACAO 2;IRRIGACAO;IRRIGACAO;2026-08-01;136,38;IRRIGACAO 2|04 - PRODUTOS REVENDA|IRRIGACAO|AGO26
04 - PRODUTOS REVENDA;IRRIGACAO 2;IRRIGACAO;IRRIGACAO;2026-09-01;116,80;IRRIGACAO 2|04 - PRODUTOS REVENDA|IRRIGACAO|SET26
04 - PRODUTOS REVENDA;IRRIGACAO 2;IRRIGACAO;IRRIGACAO;2026-10-01;91,49;IRRIGACAO 2|04 - PRODUTOS REVENDA|IRRIGACAO|OUT26
04 - PRODUTOS REVENDA;IRRIGACAO 2;IRRIGACAO;IRRIGACAO;2026-11-01;91,49;IRRIGACAO 2|04 - PRODUTOS REVENDA|IRRIGACAO|NOV26
04 - PRODUTOS REVENDA;IRRIGACAO 2;IRRIGACAO;IRRIGACAO;2026-12-01;77,87;IRRIGACAO 2|04 - PRODUTOS REVENDA|IRRIGACAO|DEZ26
04 - PRODUTOS REVENDA;IRRIGACAO 2;IRRIGACAO;VAREJO;2026-03-01;7,48;IRRIGACAO 2|04 - PRODUTOS REVENDA|VAREJO|MAR26
04 - PRODUTOS REVENDA;IRRIGACAO 2;IRRIGACAO;VAREJO;2026-04-01;17,76;IRRIGACAO 2|04 - PRODUTOS REVENDA|VAREJO|ABR26
04 - PRODUTOS REVENDA;IRRIGACAO 2;IRRIGACAO;VAREJO;2026-06-01;2,40;IRRIGACAO 2|04 - PRODUTOS REVENDA|VAREJO|JUN26
04 - PRODUTOS REVENDA;IRRIGACAO 2;IRRIGACAO;VAREJO;2026-09-01;3,20;IRRIGACAO 2|04 - PRODUTOS REVENDA|VAREJO|SET26
04 - PRODUTOS REVENDA;IRRIGACAO 2;IRRIGACAO;VAREJO;2026-10-01;2,51;IRRIGACAO 2|04 - PRODUTOS REVENDA|VAREJO|OUT26
04 - PRODUTOS REVENDA;IRRIGACAO 2;IRRIGACAO;VAREJO;2026-11-01;2,51;IRRIGACAO 2|04 - PRODUTOS REVENDA|VAREJO|NOV26
04 - PRODUTOS REVENDA;IRRIGACAO 2;IRRIGACAO;VAREJO;2026-12-01;2,13;IRRIGACAO 2|04 - PRODUTOS REVENDA|VAREJO|DEZ26
04 - PRODUTOS REVENDA;MINAS GERAIS;MINAS RJ/ES;ATACADO;2026-01-01;14872,62;MINAS GERAIS|04 - PRODUTOS REVENDA|ATACADO|JAN26
04 - PRODUTOS REVENDA;MINAS GERAIS;MINAS RJ/ES;ATACADO;2026-02-01;9174,26;MINAS GERAIS|04 - PRODUTOS REVENDA|ATACADO|FEV26
04 - PRODUTOS REVENDA;MINAS GERAIS;MINAS RJ/ES;ATACADO;2026-03-01;21000,07;MINAS GERAIS|04 - PRODUTOS REVENDA|ATACADO|MAR26
04 - PRODUTOS REVENDA;MINAS GERAIS;MINAS RJ/ES;ATACADO;2026-04-01;18620,55;MINAS GERAIS|04 - PRODUTOS REVENDA|ATACADO|ABR26
04 - PRODUTOS REVENDA;MINAS GERAIS;MINAS RJ/ES;ATACADO;2026-05-01;151,20;MINAS GERAIS|04 - PRODUTOS REVENDA|ATACADO|MAI26
04 - PRODUTOS REVENDA;MINAS GERAIS;MINAS RJ/ES;ATACADO;2026-06-01;6142,84;MINAS GERAIS|04 - PRODUTOS REVENDA|ATACADO|JUN26
04 - PRODUTOS REVENDA;MINAS GERAIS;MINAS RJ/ES;ATACADO;2026-07-01;19645,61;MINAS GERAIS|04 - PRODUTOS REVENDA|ATACADO|JUL26
04 - PRODUTOS REVENDA;MINAS GERAIS;MINAS RJ/ES;ATACADO;2026-08-01;12049,38;MINAS GERAIS|04 - PRODUTOS REVENDA|ATACADO|AGO26
04 - PRODUTOS REVENDA;MINAS GERAIS;MINAS RJ/ES;ATACADO;2026-09-01;14028,40;MINAS GERAIS|04 - PRODUTOS REVENDA|ATACADO|SET26
04 - PRODUTOS REVENDA;MINAS GERAIS;MINAS RJ/ES;ATACADO;2026-10-01;9298,82;MINAS GERAIS|04 - PRODUTOS REVENDA|ATACADO|OUT26
04 - PRODUTOS REVENDA;MINAS GERAIS;MINAS RJ/ES;ATACADO;2026-11-01;10821,91;MINAS GERAIS|04 - PRODUTOS REVENDA|ATACADO|NOV26
04 - PRODUTOS REVENDA;MINAS GERAIS;MINAS RJ/ES;ATACADO;2026-12-01;17205,23;MINAS GERAIS|04 - PRODUTOS REVENDA|ATACADO|DEZ26
04 - PRODUTOS REVENDA;MINAS GERAIS;MINAS RJ/ES;OUTROS;2026-01-01;20,40;MINAS GERAIS|04 - PRODUTOS REVENDA|OUTROS|JAN26
04 - PRODUTOS REVENDA;MINAS GERAIS;MINAS RJ/ES;OUTROS;2026-04-01;4,80;MINAS GERAIS|04 - PRODUTOS REVENDA|OUTROS|ABR26
04 - PRODUTOS REVENDA;MINAS GERAIS;MINAS RJ/ES;OUTROS;2026-05-01;15,25;MINAS GERAIS|04 - PRODUTOS REVENDA|OUTROS|MAI26
04 - PRODUTOS REVENDA;MINAS GERAIS;MINAS RJ/ES;OUTROS;2026-06-01;37,80;MINAS GERAIS|04 - PRODUTOS REVENDA|OUTROS|JUN26
04 - PRODUTOS REVENDA;MINAS GERAIS;MINAS RJ/ES;OUTROS;2026-08-01;20,99;MINAS GERAIS|04 - PRODUTOS REVENDA|OUTROS|AGO26
04 - PRODUTOS REVENDA;MINAS GERAIS;MINAS RJ/ES;OUTROS;2026-09-01;8,26;MINAS GERAIS|04 - PRODUTOS REVENDA|OUTROS|SET26
04 - PRODUTOS REVENDA;MINAS GERAIS;MINAS RJ/ES;OUTROS;2026-10-01;5,48;MINAS GERAIS|04 - PRODUTOS REVENDA|OUTROS|OUT26
04 - PRODUTOS REVENDA;MINAS GERAIS;MINAS RJ/ES;OUTROS;2026-11-01;6,37;MINAS GERAIS|04 - PRODUTOS REVENDA|OUTROS|NOV26
04 - PRODUTOS REVENDA;MINAS GERAIS;MINAS RJ/ES;OUTROS;2026-12-01;10,13;MINAS GERAIS|04 - PRODUTOS REVENDA|OUTROS|DEZ26
04 - PRODUTOS REVENDA;MINAS GERAIS;MINAS RJ/ES;VAREJO;2026-01-01;1617,62;MINAS GERAIS|04 - PRODUTOS REVENDA|VAREJO|JAN26
04 - PRODUTOS REVENDA;MINAS GERAIS;MINAS RJ/ES;VAREJO;2026-02-01;3740,31;MINAS GERAIS|04 - PRODUTOS REVENDA|VAREJO|FEV26
04 - PRODUTOS REVENDA;MINAS GERAIS;MINAS RJ/ES;VAREJO;2026-03-01;5066,31;MINAS GERAIS|04 - PRODUTOS REVENDA|VAREJO|MAR26
04 - PRODUTOS REVENDA;MINAS GERAIS;MINAS RJ/ES;VAREJO;2026-04-01;3593,25;MINAS GERAIS|04 - PRODUTOS REVENDA|VAREJO|ABR26
04 - PRODUTOS REVENDA;MINAS GERAIS;MINAS RJ/ES;VAREJO;2026-05-01;4661,33;MINAS GERAIS|04 - PRODUTOS REVENDA|VAREJO|MAI26
04 - PRODUTOS REVENDA;MINAS GERAIS;MINAS RJ/ES;VAREJO;2026-06-01;1789,73;MINAS GERAIS|04 - PRODUTOS REVENDA|VAREJO|JUN26
04 - PRODUTOS REVENDA;MINAS GERAIS;MINAS RJ/ES;VAREJO;2026-07-01;3554,20;MINAS GERAIS|04 - PRODUTOS REVENDA|VAREJO|JUL26
04 - PRODUTOS REVENDA;MINAS GERAIS;MINAS RJ/ES;VAREJO;2026-08-01;3500,41;MINAS GERAIS|04 - PRODUTOS REVENDA|VAREJO|AGO26
04 - PRODUTOS REVENDA;MINAS GERAIS;MINAS RJ/ES;VAREJO;2026-09-01;3463,34;MINAS GERAIS|04 - PRODUTOS REVENDA|VAREJO|SET26
04 - PRODUTOS REVENDA;MINAS GERAIS;MINAS RJ/ES;VAREJO;2026-10-01;2295,70;MINAS GERAIS|04 - PRODUTOS REVENDA|VAREJO|OUT26
04 - PRODUTOS REVENDA;MINAS GERAIS;MINAS RJ/ES;VAREJO;2026-11-01;2671,72;MINAS GERAIS|04 - PRODUTOS REVENDA|VAREJO|NOV26
04 - PRODUTOS REVENDA;MINAS GERAIS;MINAS RJ/ES;VAREJO;2026-12-01;4247,64;MINAS GERAIS|04 - PRODUTOS REVENDA|VAREJO|DEZ26
04 - PRODUTOS REVENDA;NORDESTE 1;NORDESTE;ATACADO;2026-01-01;36,11;NORDESTE 1|04 - PRODUTOS REVENDA|ATACADO|JAN26
04 - PRODUTOS REVENDA;NORDESTE 1;NORDESTE;ATACADO;2026-02-01;344,87;NORDESTE 1|04 - PRODUTOS REVENDA|ATACADO|FEV26
04 - PRODUTOS REVENDA;NORDESTE 1;NORDESTE;ATACADO;2026-03-01;785,21;NORDESTE 1|04 - PRODUTOS REVENDA|ATACADO|MAR26
04 - PRODUTOS REVENDA;NORDESTE 1;NORDESTE;ATACADO;2026-04-01;966,21;NORDESTE 1|04 - PRODUTOS REVENDA|ATACADO|ABR26
04 - PRODUTOS REVENDA;NORDESTE 1;NORDESTE;ATACADO;2026-05-01;72,16;NORDESTE 1|04 - PRODUTOS REVENDA|ATACADO|MAI26
04 - PRODUTOS REVENDA;NORDESTE 1;NORDESTE;ATACADO;2026-06-01;925,90;NORDESTE 1|04 - PRODUTOS REVENDA|ATACADO|JUN26
04 - PRODUTOS REVENDA;NORDESTE 1;NORDESTE;ATACADO;2026-07-01;109,60;NORDESTE 1|04 - PRODUTOS REVENDA|ATACADO|JUL26
04 - PRODUTOS REVENDA;NORDESTE 1;NORDESTE;ATACADO;2026-08-01;339,31;NORDESTE 1|04 - PRODUTOS REVENDA|ATACADO|AGO26
04 - PRODUTOS REVENDA;NORDESTE 1;NORDESTE;ATACADO;2026-09-01;332,23;NORDESTE 1|04 - PRODUTOS REVENDA|ATACADO|SET26
04 - PRODUTOS REVENDA;NORDESTE 1;NORDESTE;ATACADO;2026-10-01;558,19;NORDESTE 1|04 - PRODUTOS REVENDA|ATACADO|OUT26
04 - PRODUTOS REVENDA;NORDESTE 1;NORDESTE;ATACADO;2026-11-01;565,75;NORDESTE 1|04 - PRODUTOS REVENDA|ATACADO|NOV26
04 - PRODUTOS REVENDA;NORDESTE 1;NORDESTE;ATACADO;2026-12-01;487,51;NORDESTE 1|04 - PRODUTOS REVENDA|ATACADO|DEZ26
04 - PRODUTOS REVENDA;NORDESTE 1;NORDESTE;OUTROS;2026-02-01;19,14;NORDESTE 1|04 - PRODUTOS REVENDA|OUTROS|FEV26
04 - PRODUTOS REVENDA;NORDESTE 1;NORDESTE;OUTROS;2026-04-01;5,81;NORDESTE 1|04 - PRODUTOS REVENDA|OUTROS|ABR26
04 - PRODUTOS REVENDA;NORDESTE 1;NORDESTE;OUTROS;2026-06-01;7,80;NORDESTE 1|04 - PRODUTOS REVENDA|OUTROS|JUN26
04 - PRODUTOS REVENDA;NORDESTE 1;NORDESTE;OUTROS;2026-09-01;7,28;NORDESTE 1|04 - PRODUTOS REVENDA|OUTROS|SET26
04 - PRODUTOS REVENDA;NORDESTE 1;NORDESTE;OUTROS;2026-10-01;12,23;NORDESTE 1|04 - PRODUTOS REVENDA|OUTROS|OUT26
04 - PRODUTOS REVENDA;NORDESTE 1;NORDESTE;OUTROS;2026-11-01;12,39;NORDESTE 1|04 - PRODUTOS REVENDA|OUTROS|NOV26
04 - PRODUTOS REVENDA;NORDESTE 1;NORDESTE;OUTROS;2026-12-01;10,68;NORDESTE 1|04 - PRODUTOS REVENDA|OUTROS|DEZ26
04 - PRODUTOS REVENDA;NORDESTE 1;NORDESTE;VAREJO;2026-01-01;1074,66;NORDESTE 1|04 - PRODUTOS REVENDA|VAREJO|JAN26
04 - PRODUTOS REVENDA;NORDESTE 1;NORDESTE;VAREJO;2026-02-01;1999,59;NORDESTE 1|04 - PRODUTOS REVENDA|VAREJO|FEV26
04 - PRODUTOS REVENDA;NORDESTE 1;NORDESTE;VAREJO;2026-03-01;1844,05;NORDESTE 1|04 - PRODUTOS REVENDA|VAREJO|MAR26
04 - PRODUTOS REVENDA;NORDESTE 1;NORDESTE;VAREJO;2026-04-01;1561,66;NORDESTE 1|04 - PRODUTOS REVENDA|VAREJO|ABR26
04 - PRODUTOS REVENDA;NORDESTE 1;NORDESTE;VAREJO;2026-05-01;1006,46;NORDESTE 1|04 - PRODUTOS REVENDA|VAREJO|MAI26
04 - PRODUTOS REVENDA;NORDESTE 1;NORDESTE;VAREJO;2026-06-01;1161,59;NORDESTE 1|04 - PRODUTOS REVENDA|VAREJO|JUN26
04 - PRODUTOS REVENDA;NORDESTE 1;NORDESTE;VAREJO;2026-07-01;1401,74;NORDESTE 1|04 - PRODUTOS REVENDA|VAREJO|JUL26
04 - PRODUTOS REVENDA;NORDESTE 1;NORDESTE;VAREJO;2026-08-01;1312,51;NORDESTE 1|04 - PRODUTOS REVENDA|VAREJO|AGO26
04 - PRODUTOS REVENDA;NORDESTE 1;NORDESTE;VAREJO;2026-09-01;1023,49;NORDESTE 1|04 - PRODUTOS REVENDA|VAREJO|SET26
04 - PRODUTOS REVENDA;NORDESTE 1;NORDESTE;VAREJO;2026-10-01;1719,58;NORDESTE 1|04 - PRODUTOS REVENDA|VAREJO|OUT26
04 - PRODUTOS REVENDA;NORDESTE 1;NORDESTE;VAREJO;2026-11-01;1742,86;NORDESTE 1|04 - PRODUTOS REVENDA|VAREJO|NOV26
04 - PRODUTOS REVENDA;NORDESTE 1;NORDESTE;VAREJO;2026-12-01;1501,81;NORDESTE 1|04 - PRODUTOS REVENDA|VAREJO|DEZ26
04 - PRODUTOS REVENDA;NORDESTE 2;NORDESTE;ATACADO;2026-01-01;1386,23;NORDESTE 2|04 - PRODUTOS REVENDA|ATACADO|JAN26
04 - PRODUTOS REVENDA;NORDESTE 2;NORDESTE;ATACADO;2026-02-01;1534,76;NORDESTE 2|04 - PRODUTOS REVENDA|ATACADO|FEV26
04 - PRODUTOS REVENDA;NORDESTE 2;NORDESTE;ATACADO;2026-03-01;1660,63;NORDESTE 2|04 - PRODUTOS REVENDA|ATACADO|MAR26
04 - PRODUTOS REVENDA;NORDESTE 2;NORDESTE;ATACADO;2026-04-01;1279,28;NORDESTE 2|04 - PRODUTOS REVENDA|ATACADO|ABR26
04 - PRODUTOS REVENDA;NORDESTE 2;NORDESTE;ATACADO;2026-05-01;28,94;NORDESTE 2|04 - PRODUTOS REVENDA|ATACADO|MAI26
04 - PRODUTOS REVENDA;NORDESTE 2;NORDESTE;ATACADO;2026-06-01;1735,61;NORDESTE 2|04 - PRODUTOS REVENDA|ATACADO|JUN26
04 - PRODUTOS REVENDA;NORDESTE 2;NORDESTE;ATACADO;2026-07-01;242,53;NORDESTE 2|04 - PRODUTOS REVENDA|ATACADO|JUL26
04 - PRODUTOS REVENDA;NORDESTE 2;NORDESTE;ATACADO;2026-08-01;953,71;NORDESTE 2|04 - PRODUTOS REVENDA|ATACADO|AGO26
04 - PRODUTOS REVENDA;NORDESTE 2;NORDESTE;ATACADO;2026-09-01;1115,98;NORDESTE 2|04 - PRODUTOS REVENDA|ATACADO|SET26
04 - PRODUTOS REVENDA;NORDESTE 2;NORDESTE;ATACADO;2026-10-01;1316,11;NORDESTE 2|04 - PRODUTOS REVENDA|ATACADO|OUT26
04 - PRODUTOS REVENDA;NORDESTE 2;NORDESTE;ATACADO;2026-11-01;1252,88;NORDESTE 2|04 - PRODUTOS REVENDA|ATACADO|NOV26
04 - PRODUTOS REVENDA;NORDESTE 2;NORDESTE;ATACADO;2026-12-01;1136,44;NORDESTE 2|04 - PRODUTOS REVENDA|ATACADO|DEZ26
04 - PRODUTOS REVENDA;NORDESTE 2;NORDESTE;OUTROS;2026-04-01;10,98;NORDESTE 2|04 - PRODUTOS REVENDA|OUTROS|ABR26
04 - PRODUTOS REVENDA;NORDESTE 2;NORDESTE;OUTROS;2026-06-01;23,40;NORDESTE 2|04 - PRODUTOS REVENDA|OUTROS|JUN26
04 - PRODUTOS REVENDA;NORDESTE 2;NORDESTE;OUTROS;2026-07-01;7,33;NORDESTE 2|04 - PRODUTOS REVENDA|OUTROS|JUL26
04 - PRODUTOS REVENDA;NORDESTE 2;NORDESTE;OUTROS;2026-09-01;4,38;NORDESTE 2|04 - PRODUTOS REVENDA|OUTROS|SET26
04 - PRODUTOS REVENDA;NORDESTE 2;NORDESTE;OUTROS;2026-10-01;5,17;NORDESTE 2|04 - PRODUTOS REVENDA|OUTROS|OUT26
04 - PRODUTOS REVENDA;NORDESTE 2;NORDESTE;OUTROS;2026-11-01;4,92;NORDESTE 2|04 - PRODUTOS REVENDA|OUTROS|NOV26
04 - PRODUTOS REVENDA;NORDESTE 2;NORDESTE;OUTROS;2026-12-01;4,46;NORDESTE 2|04 - PRODUTOS REVENDA|OUTROS|DEZ26
04 - PRODUTOS REVENDA;NORDESTE 2;NORDESTE;VAREJO;2026-01-01;1299,68;NORDESTE 2|04 - PRODUTOS REVENDA|VAREJO|JAN26
04 - PRODUTOS REVENDA;NORDESTE 2;NORDESTE;VAREJO;2026-02-01;1737,04;NORDESTE 2|04 - PRODUTOS REVENDA|VAREJO|FEV26
04 - PRODUTOS REVENDA;NORDESTE 2;NORDESTE;VAREJO;2026-03-01;1732,53;NORDESTE 2|04 - PRODUTOS REVENDA|VAREJO|MAR26
04 - PRODUTOS REVENDA;NORDESTE 2;NORDESTE;VAREJO;2026-04-01;2248,79;NORDESTE 2|04 - PRODUTOS REVENDA|VAREJO|ABR26
04 - PRODUTOS REVENDA;NORDESTE 2;NORDESTE;VAREJO;2026-05-01;1297,63;NORDESTE 2|04 - PRODUTOS REVENDA|VAREJO|MAI26
04 - PRODUTOS REVENDA;NORDESTE 2;NORDESTE;VAREJO;2026-06-01;1689,28;NORDESTE 2|04 - PRODUTOS REVENDA|VAREJO|JUN26
04 - PRODUTOS REVENDA;NORDESTE 2;NORDESTE;VAREJO;2026-07-01;1614,94;NORDESTE 2|04 - PRODUTOS REVENDA|VAREJO|JUL26
04 - PRODUTOS REVENDA;NORDESTE 2;NORDESTE;VAREJO;2026-08-01;2221,52;NORDESTE 2|04 - PRODUTOS REVENDA|VAREJO|AGO26
04 - PRODUTOS REVENDA;NORDESTE 2;NORDESTE;VAREJO;2026-09-01;1879,64;NORDESTE 2|04 - PRODUTOS REVENDA|VAREJO|SET26
04 - PRODUTOS REVENDA;NORDESTE 2;NORDESTE;VAREJO;2026-10-01;2216,72;NORDESTE 2|04 - PRODUTOS REVENDA|VAREJO|OUT26
04 - PRODUTOS REVENDA;NORDESTE 2;NORDESTE;VAREJO;2026-11-01;2110,20;NORDESTE 2|04 - PRODUTOS REVENDA|VAREJO|NOV26
04 - PRODUTOS REVENDA;NORDESTE 2;NORDESTE;VAREJO;2026-12-01;1914,10;NORDESTE 2|04 - PRODUTOS REVENDA|VAREJO|DEZ26
04 - PRODUTOS REVENDA;NORDESTE 3;NORDESTE;ATACADO;2026-01-01;380,49;NORDESTE 3|04 - PRODUTOS REVENDA|ATACADO|JAN26
04 - PRODUTOS REVENDA;NORDESTE 3;NORDESTE;ATACADO;2026-02-01;579,42;NORDESTE 3|04 - PRODUTOS REVENDA|ATACADO|FEV26
04 - PRODUTOS REVENDA;NORDESTE 3;NORDESTE;ATACADO;2026-03-01;1778,72;NORDESTE 3|04 - PRODUTOS REVENDA|ATACADO|MAR26
04 - PRODUTOS REVENDA;NORDESTE 3;NORDESTE;ATACADO;2026-04-01;1236,57;NORDESTE 3|04 - PRODUTOS REVENDA|ATACADO|ABR26
04 - PRODUTOS REVENDA;NORDESTE 3;NORDESTE;ATACADO;2026-05-01;558,23;NORDESTE 3|04 - PRODUTOS REVENDA|ATACADO|MAI26
04 - PRODUTOS REVENDA;NORDESTE 3;NORDESTE;ATACADO;2026-06-01;424,50;NORDESTE 3|04 - PRODUTOS REVENDA|ATACADO|JUN26
04 - PRODUTOS REVENDA;NORDESTE 3;NORDESTE;ATACADO;2026-07-01;1500,53;NORDESTE 3|04 - PRODUTOS REVENDA|ATACADO|JUL26
04 - PRODUTOS REVENDA;NORDESTE 3;NORDESTE;ATACADO;2026-08-01;939,38;NORDESTE 3|04 - PRODUTOS REVENDA|ATACADO|AGO26
04 - PRODUTOS REVENDA;NORDESTE 3;NORDESTE;ATACADO;2026-09-01;924,58;NORDESTE 3|04 - PRODUTOS REVENDA|ATACADO|SET26
04 - PRODUTOS REVENDA;NORDESTE 3;NORDESTE;ATACADO;2026-10-01;1144,53;NORDESTE 3|04 - PRODUTOS REVENDA|ATACADO|OUT26
04 - PRODUTOS REVENDA;NORDESTE 3;NORDESTE;ATACADO;2026-11-01;1100,59;NORDESTE 3|04 - PRODUTOS REVENDA|ATACADO|NOV26
04 - PRODUTOS REVENDA;NORDESTE 3;NORDESTE;ATACADO;2026-12-01;792,60;NORDESTE 3|04 - PRODUTOS REVENDA|ATACADO|DEZ26
04 - PRODUTOS REVENDA;NORDESTE 3;NORDESTE;OUTROS;2026-01-01;14,55;NORDESTE 3|04 - PRODUTOS REVENDA|OUTROS|JAN26
04 - PRODUTOS REVENDA;NORDESTE 3;NORDESTE;OUTROS;2026-03-01;12,12;NORDESTE 3|04 - PRODUTOS REVENDA|OUTROS|MAR26
04 - PRODUTOS REVENDA;NORDESTE 3;NORDESTE;OUTROS;2026-04-01;4,95;NORDESTE 3|04 - PRODUTOS REVENDA|OUTROS|ABR26
04 - PRODUTOS REVENDA;NORDESTE 3;NORDESTE;OUTROS;2026-07-01;25,20;NORDESTE 3|04 - PRODUTOS REVENDA|OUTROS|JUL26
04 - PRODUTOS REVENDA;NORDESTE 3;NORDESTE;OUTROS;2026-08-01;12,65;NORDESTE 3|04 - PRODUTOS REVENDA|OUTROS|AGO26
04 - PRODUTOS REVENDA;NORDESTE 3;NORDESTE;OUTROS;2026-09-01;7,04;NORDESTE 3|04 - PRODUTOS REVENDA|OUTROS|SET26
04 - PRODUTOS REVENDA;NORDESTE 3;NORDESTE;OUTROS;2026-10-01;8,72;NORDESTE 3|04 - PRODUTOS REVENDA|OUTROS|OUT26
04 - PRODUTOS REVENDA;NORDESTE 3;NORDESTE;OUTROS;2026-11-01;8,38;NORDESTE 3|04 - PRODUTOS REVENDA|OUTROS|NOV26
04 - PRODUTOS REVENDA;NORDESTE 3;NORDESTE;OUTROS;2026-12-01;6,04;NORDESTE 3|04 - PRODUTOS REVENDA|OUTROS|DEZ26
04 - PRODUTOS REVENDA;NORDESTE 3;NORDESTE;VAREJO;2026-01-01;828,52;NORDESTE 3|04 - PRODUTOS REVENDA|VAREJO|JAN26
04 - PRODUTOS REVENDA;NORDESTE 3;NORDESTE;VAREJO;2026-02-01;1767,00;NORDESTE 3|04 - PRODUTOS REVENDA|VAREJO|FEV26
04 - PRODUTOS REVENDA;NORDESTE 3;NORDESTE;VAREJO;2026-03-01;2717,74;NORDESTE 3|04 - PRODUTOS REVENDA|VAREJO|MAR26
04 - PRODUTOS REVENDA;NORDESTE 3;NORDESTE;VAREJO;2026-04-01;2338,65;NORDESTE 3|04 - PRODUTOS REVENDA|VAREJO|ABR26
04 - PRODUTOS REVENDA;NORDESTE 3;NORDESTE;VAREJO;2026-05-01;1609,01;NORDESTE 3|04 - PRODUTOS REVENDA|VAREJO|MAI26
04 - PRODUTOS REVENDA;NORDESTE 3;NORDESTE;VAREJO;2026-06-01;1803,93;NORDESTE 3|04 - PRODUTOS REVENDA|VAREJO|JUN26
04 - PRODUTOS REVENDA;NORDESTE 3;NORDESTE;VAREJO;2026-07-01;1954,51;NORDESTE 3|04 - PRODUTOS REVENDA|VAREJO|JUL26
04 - PRODUTOS REVENDA;NORDESTE 3;NORDESTE;VAREJO;2026-08-01;2963,22;NORDESTE 3|04 - PRODUTOS REVENDA|VAREJO|AGO26
04 - PRODUTOS REVENDA;NORDESTE 3;NORDESTE;VAREJO;2026-09-01;1606,23;NORDESTE 3|04 - PRODUTOS REVENDA|VAREJO|SET26
04 - PRODUTOS REVENDA;NORDESTE 3;NORDESTE;VAREJO;2026-10-01;1988,35;NORDESTE 3|04 - PRODUTOS REVENDA|VAREJO|OUT26
04 - PRODUTOS REVENDA;NORDESTE 3;NORDESTE;VAREJO;2026-11-01;1912,02;NORDESTE 3|04 - PRODUTOS REVENDA|VAREJO|NOV26
04 - PRODUTOS REVENDA;NORDESTE 3;NORDESTE;VAREJO;2026-12-01;1376,96;NORDESTE 3|04 - PRODUTOS REVENDA|VAREJO|DEZ26
04 - PRODUTOS REVENDA;NORTE;CO NO;ATACADO;2026-01-01;427,75;NORTE|04 - PRODUTOS REVENDA|ATACADO|JAN26
04 - PRODUTOS REVENDA;NORTE;CO NO;ATACADO;2026-02-01;406,17;NORTE|04 - PRODUTOS REVENDA|ATACADO|FEV26
04 - PRODUTOS REVENDA;NORTE;CO NO;ATACADO;2026-03-01;286,29;NORTE|04 - PRODUTOS REVENDA|ATACADO|MAR26
04 - PRODUTOS REVENDA;NORTE;CO NO;ATACADO;2026-04-01;57,30;NORTE|04 - PRODUTOS REVENDA|ATACADO|ABR26
04 - PRODUTOS REVENDA;NORTE;CO NO;ATACADO;2026-05-01;103,56;NORTE|04 - PRODUTOS REVENDA|ATACADO|MAI26
04 - PRODUTOS REVENDA;NORTE;CO NO;ATACADO;2026-06-01;566,74;NORTE|04 - PRODUTOS REVENDA|ATACADO|JUN26
04 - PRODUTOS REVENDA;NORTE;CO NO;ATACADO;2026-07-01;223,06;NORTE|04 - PRODUTOS REVENDA|ATACADO|JUL26
04 - PRODUTOS REVENDA;NORTE;CO NO;ATACADO;2026-08-01;160,22;NORTE|04 - PRODUTOS REVENDA|ATACADO|AGO26
04 - PRODUTOS REVENDA;NORTE;CO NO;ATACADO;2026-09-01;385,12;NORTE|04 - PRODUTOS REVENDA|ATACADO|SET26
04 - PRODUTOS REVENDA;NORTE;CO NO;ATACADO;2026-10-01;358,05;NORTE|04 - PRODUTOS REVENDA|ATACADO|OUT26
04 - PRODUTOS REVENDA;NORTE;CO NO;ATACADO;2026-11-01;408,52;NORTE|04 - PRODUTOS REVENDA|ATACADO|NOV26
04 - PRODUTOS REVENDA;NORTE;CO NO;ATACADO;2026-12-01;256,64;NORTE|04 - PRODUTOS REVENDA|ATACADO|DEZ26
04 - PRODUTOS REVENDA;NORTE;CO NO;VAREJO;2026-01-01;683,29;NORTE|04 - PRODUTOS REVENDA|VAREJO|JAN26
04 - PRODUTOS REVENDA;NORTE;CO NO;VAREJO;2026-02-01;1282,23;NORTE|04 - PRODUTOS REVENDA|VAREJO|FEV26
04 - PRODUTOS REVENDA;NORTE;CO NO;VAREJO;2026-03-01;2626,35;NORTE|04 - PRODUTOS REVENDA|VAREJO|MAR26
04 - PRODUTOS REVENDA;NORTE;CO NO;VAREJO;2026-04-01;1832,10;NORTE|04 - PRODUTOS REVENDA|VAREJO|ABR26
04 - PRODUTOS REVENDA;NORTE;CO NO;VAREJO;2026-05-01;2505,72;NORTE|04 - PRODUTOS REVENDA|VAREJO|MAI26
04 - PRODUTOS REVENDA;NORTE;CO NO;VAREJO;2026-06-01;1225,74;NORTE|04 - PRODUTOS REVENDA|VAREJO|JUN26
04 - PRODUTOS REVENDA;NORTE;CO NO;VAREJO;2026-07-01;1370,24;NORTE|04 - PRODUTOS REVENDA|VAREJO|JUL26
04 - PRODUTOS REVENDA;NORTE;CO NO;VAREJO;2026-08-01;2131,62;NORTE|04 - PRODUTOS REVENDA|VAREJO|AGO26
04 - PRODUTOS REVENDA;NORTE;CO NO;VAREJO;2026-09-01;2132,88;NORTE|04 - PRODUTOS REVENDA|VAREJO|SET26
04 - PRODUTOS REVENDA;NORTE;CO NO;VAREJO;2026-10-01;1982,95;NORTE|04 - PRODUTOS REVENDA|VAREJO|OUT26
04 - PRODUTOS REVENDA;NORTE;CO NO;VAREJO;2026-11-01;2262,48;NORTE|04 - PRODUTOS REVENDA|VAREJO|NOV26
04 - PRODUTOS REVENDA;NORTE;CO NO;VAREJO;2026-12-01;1421,36;NORTE|04 - PRODUTOS REVENDA|VAREJO|DEZ26
04 - PRODUTOS REVENDA;PARANA;SUL;ATACADO;2026-01-01;259,23;PARANA|04 - PRODUTOS REVENDA|ATACADO|JAN26
04 - PRODUTOS REVENDA;PARANA;SUL;ATACADO;2026-02-01;2483,52;PARANA|04 - PRODUTOS REVENDA|ATACADO|FEV26
04 - PRODUTOS REVENDA;PARANA;SUL;ATACADO;2026-03-01;2038,97;PARANA|04 - PRODUTOS REVENDA|ATACADO|MAR26
04 - PRODUTOS REVENDA;PARANA;SUL;ATACADO;2026-04-01;2794,20;PARANA|04 - PRODUTOS REVENDA|ATACADO|ABR26
04 - PRODUTOS REVENDA;PARANA;SUL;ATACADO;2026-05-01;687,55;PARANA|04 - PRODUTOS REVENDA|ATACADO|MAI26
04 - PRODUTOS REVENDA;PARANA;SUL;ATACADO;2026-06-01;501,25;PARANA|04 - PRODUTOS REVENDA|ATACADO|JUN26
04 - PRODUTOS REVENDA;PARANA;SUL;ATACADO;2026-07-01;3974,43;PARANA|04 - PRODUTOS REVENDA|ATACADO|JUL26
04 - PRODUTOS REVENDA;PARANA;SUL;ATACADO;2026-08-01;913,05;PARANA|04 - PRODUTOS REVENDA|ATACADO|AGO26
04 - PRODUTOS REVENDA;PARANA;SUL;ATACADO;2026-09-01;1244,87;PARANA|04 - PRODUTOS REVENDA|ATACADO|SET26
04 - PRODUTOS REVENDA;PARANA;SUL;ATACADO;2026-10-01;1142,75;PARANA|04 - PRODUTOS REVENDA|ATACADO|OUT26
04 - PRODUTOS REVENDA;PARANA;SUL;ATACADO;2026-11-01;1443,17;PARANA|04 - PRODUTOS REVENDA|ATACADO|NOV26
04 - PRODUTOS REVENDA;PARANA;SUL;ATACADO;2026-12-01;699,13;PARANA|04 - PRODUTOS REVENDA|ATACADO|DEZ26
04 - PRODUTOS REVENDA;PARANA;SUL;IRRIGACAO;2026-03-01;4,98;PARANA|04 - PRODUTOS REVENDA|IRRIGACAO|MAR26
04 - PRODUTOS REVENDA;PARANA;SUL;IRRIGACAO;2026-09-01;0,40;PARANA|04 - PRODUTOS REVENDA|IRRIGACAO|SET26
04 - PRODUTOS REVENDA;PARANA;SUL;IRRIGACAO;2026-10-01;0,37;PARANA|04 - PRODUTOS REVENDA|IRRIGACAO|OUT26
04 - PRODUTOS REVENDA;PARANA;SUL;IRRIGACAO;2026-11-01;0,47;PARANA|04 - PRODUTOS REVENDA|IRRIGACAO|NOV26
04 - PRODUTOS REVENDA;PARANA;SUL;IRRIGACAO;2026-12-01;0,23;PARANA|04 - PRODUTOS REVENDA|IRRIGACAO|DEZ26
04 - PRODUTOS REVENDA;PARANA;SUL;OUTROS;2026-01-01;51,96;PARANA|04 - PRODUTOS REVENDA|OUTROS|JAN26
04 - PRODUTOS REVENDA;PARANA;SUL;OUTROS;2026-02-01;42,88;PARANA|04 - PRODUTOS REVENDA|OUTROS|FEV26
04 - PRODUTOS REVENDA;PARANA;SUL;OUTROS;2026-03-01;58,98;PARANA|04 - PRODUTOS REVENDA|OUTROS|MAR26
04 - PRODUTOS REVENDA;PARANA;SUL;OUTROS;2026-04-01;13,44;PARANA|04 - PRODUTOS REVENDA|OUTROS|ABR26
04 - PRODUTOS REVENDA;PARANA;SUL;OUTROS;2026-05-01;57,47;PARANA|04 - PRODUTOS REVENDA|OUTROS|MAI26
04 - PRODUTOS REVENDA;PARANA;SUL;OUTROS;2026-06-01;49,47;PARANA|04 - PRODUTOS REVENDA|OUTROS|JUN26
04 - PRODUTOS REVENDA;PARANA;SUL;OUTROS;2026-08-01;68,88;PARANA|04 - PRODUTOS REVENDA|OUTROS|AGO26
04 - PRODUTOS REVENDA;PARANA;SUL;OUTROS;2026-09-01;28,71;PARANA|04 - PRODUTOS REVENDA|OUTROS|SET26
04 - PRODUTOS REVENDA;PARANA;SUL;OUTROS;2026-10-01;26,35;PARANA|04 - PRODUTOS REVENDA|OUTROS|OUT26
04 - PRODUTOS REVENDA;PARANA;SUL;OUTROS;2026-11-01;33,28;PARANA|04 - PRODUTOS REVENDA|OUTROS|NOV26
04 - PRODUTOS REVENDA;PARANA;SUL;OUTROS;2026-12-01;16,12;PARANA|04 - PRODUTOS REVENDA|OUTROS|DEZ26
04 - PRODUTOS REVENDA;PARANA;SUL;VAREJO;2026-01-01;1664,43;PARANA|04 - PRODUTOS REVENDA|VAREJO|JAN26
04 - PRODUTOS REVENDA;PARANA;SUL;VAREJO;2026-02-01;2446,64;PARANA|04 - PRODUTOS REVENDA|VAREJO|FEV26
04 - PRODUTOS REVENDA;PARANA;SUL;VAREJO;2026-03-01;3633,21;PARANA|04 - PRODUTOS REVENDA|VAREJO|MAR26
04 - PRODUTOS REVENDA;PARANA;SUL;VAREJO;2026-04-01;2697,69;PARANA|04 - PRODUTOS REVENDA|VAREJO|ABR26
04 - PRODUTOS REVENDA;PARANA;SUL;VAREJO;2026-05-01;2669,77;PARANA|04 - PRODUTOS REVENDA|VAREJO|MAI26
04 - PRODUTOS REVENDA;PARANA;SUL;VAREJO;2026-06-01;1138,16;PARANA|04 - PRODUTOS REVENDA|VAREJO|JUN26
04 - PRODUTOS REVENDA;PARANA;SUL;VAREJO;2026-07-01;1565,40;PARANA|04 - PRODUTOS REVENDA|VAREJO|JUL26
04 - PRODUTOS REVENDA;PARANA;SUL;VAREJO;2026-08-01;2675,29;PARANA|04 - PRODUTOS REVENDA|VAREJO|AGO26
04 - PRODUTOS REVENDA;PARANA;SUL;VAREJO;2026-09-01;1664,02;PARANA|04 - PRODUTOS REVENDA|VAREJO|SET26
04 - PRODUTOS REVENDA;PARANA;SUL;VAREJO;2026-10-01;1527,52;PARANA|04 - PRODUTOS REVENDA|VAREJO|OUT26
04 - PRODUTOS REVENDA;PARANA;SUL;VAREJO;2026-11-01;1929,09;PARANA|04 - PRODUTOS REVENDA|VAREJO|NOV26
04 - PRODUTOS REVENDA;PARANA;SUL;VAREJO;2026-12-01;934,53;PARANA|04 - PRODUTOS REVENDA|VAREJO|DEZ26
04 - PRODUTOS REVENDA;RIO GRANDE DO SUL;SUL;ATACADO;2026-01-01;296,57;RIO GRANDE DO SUL|04 - PRODUTOS REVENDA|ATACADO|JAN26
04 - PRODUTOS REVENDA;RIO GRANDE DO SUL;SUL;ATACADO;2026-02-01;7747,87;RIO GRANDE DO SUL|04 - PRODUTOS REVENDA|ATACADO|FEV26
04 - PRODUTOS REVENDA;RIO GRANDE DO SUL;SUL;ATACADO;2026-03-01;8190,58;RIO GRANDE DO SUL|04 - PRODUTOS REVENDA|ATACADO|MAR26
04 - PRODUTOS REVENDA;RIO GRANDE DO SUL;SUL;ATACADO;2026-04-01;8897,84;RIO GRANDE DO SUL|04 - PRODUTOS REVENDA|ATACADO|ABR26
04 - PRODUTOS REVENDA;RIO GRANDE DO SUL;SUL;ATACADO;2026-05-01;293,47;RIO GRANDE DO SUL|04 - PRODUTOS REVENDA|ATACADO|MAI26
04 - PRODUTOS REVENDA;RIO GRANDE DO SUL;SUL;ATACADO;2026-06-01;296,63;RIO GRANDE DO SUL|04 - PRODUTOS REVENDA|ATACADO|JUN26
04 - PRODUTOS REVENDA;RIO GRANDE DO SUL;SUL;ATACADO;2026-07-01;1173,02;RIO GRANDE DO SUL|04 - PRODUTOS REVENDA|ATACADO|JUL26
04 - PRODUTOS REVENDA;RIO GRANDE DO SUL;SUL;ATACADO;2026-08-01;3482,32;RIO GRANDE DO SUL|04 - PRODUTOS REVENDA|ATACADO|AGO26
04 - PRODUTOS REVENDA;RIO GRANDE DO SUL;SUL;ATACADO;2026-09-01;3342,86;RIO GRANDE DO SUL|04 - PRODUTOS REVENDA|ATACADO|SET26
04 - PRODUTOS REVENDA;RIO GRANDE DO SUL;SUL;ATACADO;2026-10-01;2714,92;RIO GRANDE DO SUL|04 - PRODUTOS REVENDA|ATACADO|OUT26
04 - PRODUTOS REVENDA;RIO GRANDE DO SUL;SUL;ATACADO;2026-11-01;3603,15;RIO GRANDE DO SUL|04 - PRODUTOS REVENDA|ATACADO|NOV26
04 - PRODUTOS REVENDA;RIO GRANDE DO SUL;SUL;ATACADO;2026-12-01;2840,14;RIO GRANDE DO SUL|04 - PRODUTOS REVENDA|ATACADO|DEZ26
04 - PRODUTOS REVENDA;RIO GRANDE DO SUL;SUL;OUTROS;2026-01-01;309,01;RIO GRANDE DO SUL|04 - PRODUTOS REVENDA|OUTROS|JAN26
04 - PRODUTOS REVENDA;RIO GRANDE DO SUL;SUL;OUTROS;2026-02-01;336,31;RIO GRANDE DO SUL|04 - PRODUTOS REVENDA|OUTROS|FEV26
04 - PRODUTOS REVENDA;RIO GRANDE DO SUL;SUL;OUTROS;2026-03-01;279,97;RIO GRANDE DO SUL|04 - PRODUTOS REVENDA|OUTROS|MAR26
04 - PRODUTOS REVENDA;RIO GRANDE DO SUL;SUL;OUTROS;2026-04-01;252,68;RIO GRANDE DO SUL|04 - PRODUTOS REVENDA|OUTROS|ABR26
04 - PRODUTOS REVENDA;RIO GRANDE DO SUL;SUL;OUTROS;2026-05-01;203,19;RIO GRANDE DO SUL|04 - PRODUTOS REVENDA|OUTROS|MAI26
04 - PRODUTOS REVENDA;RIO GRANDE DO SUL;SUL;OUTROS;2026-06-01;369,81;RIO GRANDE DO SUL|04 - PRODUTOS REVENDA|OUTROS|JUN26
04 - PRODUTOS REVENDA;RIO GRANDE DO SUL;SUL;OUTROS;2026-07-01;141,06;RIO GRANDE DO SUL|04 - PRODUTOS REVENDA|OUTROS|JUL26
04 - PRODUTOS REVENDA;RIO GRANDE DO SUL;SUL;OUTROS;2026-08-01;233,10;RIO GRANDE DO SUL|04 - PRODUTOS REVENDA|OUTROS|AGO26
04 - PRODUTOS REVENDA;RIO GRANDE DO SUL;SUL;OUTROS;2026-09-01;223,73;RIO GRANDE DO SUL|04 - PRODUTOS REVENDA|OUTROS|SET26
04 - PRODUTOS REVENDA;RIO GRANDE DO SUL;SUL;OUTROS;2026-10-01;181,70;RIO GRANDE DO SUL|04 - PRODUTOS REVENDA|OUTROS|OUT26
04 - PRODUTOS REVENDA;RIO GRANDE DO SUL;SUL;OUTROS;2026-11-01;241,15;RIO GRANDE DO SUL|04 - PRODUTOS REVENDA|OUTROS|NOV26
04 - PRODUTOS REVENDA;RIO GRANDE DO SUL;SUL;OUTROS;2026-12-01;190,08;RIO GRANDE DO SUL|04 - PRODUTOS REVENDA|OUTROS|DEZ26
04 - PRODUTOS REVENDA;RIO GRANDE DO SUL;SUL;VAREJO;2026-01-01;1331,88;RIO GRANDE DO SUL|04 - PRODUTOS REVENDA|VAREJO|JAN26
04 - PRODUTOS REVENDA;RIO GRANDE DO SUL;SUL;VAREJO;2026-02-01;1742,84;RIO GRANDE DO SUL|04 - PRODUTOS REVENDA|VAREJO|FEV26
04 - PRODUTOS REVENDA;RIO GRANDE DO SUL;SUL;VAREJO;2026-03-01;2571,53;RIO GRANDE DO SUL|04 - PRODUTOS REVENDA|VAREJO|MAR26
04 - PRODUTOS REVENDA;RIO GRANDE DO SUL;SUL;VAREJO;2026-04-01;2602,53;RIO GRANDE DO SUL|04 - PRODUTOS REVENDA|VAREJO|ABR26
04 - PRODUTOS REVENDA;RIO GRANDE DO SUL;SUL;VAREJO;2026-05-01;2220,04;RIO GRANDE DO SUL|04 - PRODUTOS REVENDA|VAREJO|MAI26
04 - PRODUTOS REVENDA;RIO GRANDE DO SUL;SUL;VAREJO;2026-06-01;1492,69;RIO GRANDE DO SUL|04 - PRODUTOS REVENDA|VAREJO|JUN26
04 - PRODUTOS REVENDA;RIO GRANDE DO SUL;SUL;VAREJO;2026-07-01;1054,09;RIO GRANDE DO SUL|04 - PRODUTOS REVENDA|VAREJO|JUL26
04 - PRODUTOS REVENDA;RIO GRANDE DO SUL;SUL;VAREJO;2026-08-01;2304,81;RIO GRANDE DO SUL|04 - PRODUTOS REVENDA|VAREJO|AGO26
04 - PRODUTOS REVENDA;RIO GRANDE DO SUL;SUL;VAREJO;2026-09-01;1738,40;RIO GRANDE DO SUL|04 - PRODUTOS REVENDA|VAREJO|SET26
04 - PRODUTOS REVENDA;RIO GRANDE DO SUL;SUL;VAREJO;2026-10-01;1411,85;RIO GRANDE DO SUL|04 - PRODUTOS REVENDA|VAREJO|OUT26
04 - PRODUTOS REVENDA;RIO GRANDE DO SUL;SUL;VAREJO;2026-11-01;1873,76;RIO GRANDE DO SUL|04 - PRODUTOS REVENDA|VAREJO|NOV26
04 - PRODUTOS REVENDA;RIO GRANDE DO SUL;SUL;VAREJO;2026-12-01;1476,97;RIO GRANDE DO SUL|04 - PRODUTOS REVENDA|VAREJO|DEZ26
04 - PRODUTOS REVENDA;RJ/ES;MINAS RJ/ES;ATACADO;2026-01-01;341,03;RJ/ES|04 - PRODUTOS REVENDA|ATACADO|JAN26
04 - PRODUTOS REVENDA;RJ/ES;MINAS RJ/ES;ATACADO;2026-02-01;1808,25;RJ/ES|04 - PRODUTOS REVENDA|ATACADO|FEV26
04 - PRODUTOS REVENDA;RJ/ES;MINAS RJ/ES;ATACADO;2026-03-01;3042,59;RJ/ES|04 - PRODUTOS REVENDA|ATACADO|MAR26
04 - PRODUTOS REVENDA;RJ/ES;MINAS RJ/ES;ATACADO;2026-04-01;3826,57;RJ/ES|04 - PRODUTOS REVENDA|ATACADO|ABR26
04 - PRODUTOS REVENDA;RJ/ES;MINAS RJ/ES;ATACADO;2026-05-01;160,63;RJ/ES|04 - PRODUTOS REVENDA|ATACADO|MAI26
04 - PRODUTOS REVENDA;RJ/ES;MINAS RJ/ES;ATACADO;2026-06-01;1063,33;RJ/ES|04 - PRODUTOS REVENDA|ATACADO|JUN26
04 - PRODUTOS REVENDA;RJ/ES;MINAS RJ/ES;ATACADO;2026-07-01;1391,29;RJ/ES|04 - PRODUTOS REVENDA|ATACADO|JUL26
04 - PRODUTOS REVENDA;RJ/ES;MINAS RJ/ES;ATACADO;2026-08-01;1298,19;RJ/ES|04 - PRODUTOS REVENDA|ATACADO|AGO26
04 - PRODUTOS REVENDA;RJ/ES;MINAS RJ/ES;ATACADO;2026-09-01;1475,95;RJ/ES|04 - PRODUTOS REVENDA|ATACADO|SET26
04 - PRODUTOS REVENDA;RJ/ES;MINAS RJ/ES;ATACADO;2026-10-01;1433,94;RJ/ES|04 - PRODUTOS REVENDA|ATACADO|OUT26
04 - PRODUTOS REVENDA;RJ/ES;MINAS RJ/ES;ATACADO;2026-11-01;1433,94;RJ/ES|04 - PRODUTOS REVENDA|ATACADO|NOV26
04 - PRODUTOS REVENDA;RJ/ES;MINAS RJ/ES;ATACADO;2026-12-01;1433,94;RJ/ES|04 - PRODUTOS REVENDA|ATACADO|DEZ26
04 - PRODUTOS REVENDA;RJ/ES;MINAS RJ/ES;OUTROS;2026-01-01;2,10;RJ/ES|04 - PRODUTOS REVENDA|OUTROS|JAN26
04 - PRODUTOS REVENDA;RJ/ES;MINAS RJ/ES;OUTROS;2026-02-01;63,40;RJ/ES|04 - PRODUTOS REVENDA|OUTROS|FEV26
04 - PRODUTOS REVENDA;RJ/ES;MINAS RJ/ES;OUTROS;2026-03-01;124,54;RJ/ES|04 - PRODUTOS REVENDA|OUTROS|MAR26
04 - PRODUTOS REVENDA;RJ/ES;MINAS RJ/ES;OUTROS;2026-04-01;18,14;RJ/ES|04 - PRODUTOS REVENDA|OUTROS|ABR26
04 - PRODUTOS REVENDA;RJ/ES;MINAS RJ/ES;OUTROS;2026-05-01;21,31;RJ/ES|04 - PRODUTOS REVENDA|OUTROS|MAI26
04 - PRODUTOS REVENDA;RJ/ES;MINAS RJ/ES;OUTROS;2026-07-01;118,78;RJ/ES|04 - PRODUTOS REVENDA|OUTROS|JUL26
04 - PRODUTOS REVENDA;RJ/ES;MINAS RJ/ES;OUTROS;2026-08-01;60,27;RJ/ES|04 - PRODUTOS REVENDA|OUTROS|AGO26
04 - PRODUTOS REVENDA;RJ/ES;MINAS RJ/ES;OUTROS;2026-09-01;40,23;RJ/ES|04 - PRODUTOS REVENDA|OUTROS|SET26
04 - PRODUTOS REVENDA;RJ/ES;MINAS RJ/ES;OUTROS;2026-10-01;39,09;RJ/ES|04 - PRODUTOS REVENDA|OUTROS|OUT26
04 - PRODUTOS REVENDA;RJ/ES;MINAS RJ/ES;OUTROS;2026-11-01;39,09;RJ/ES|04 - PRODUTOS REVENDA|OUTROS|NOV26
04 - PRODUTOS REVENDA;RJ/ES;MINAS RJ/ES;OUTROS;2026-12-01;39,09;RJ/ES|04 - PRODUTOS REVENDA|OUTROS|DEZ26
04 - PRODUTOS REVENDA;RJ/ES;MINAS RJ/ES;VAREJO;2026-01-01;232,43;RJ/ES|04 - PRODUTOS REVENDA|VAREJO|JAN26
04 - PRODUTOS REVENDA;RJ/ES;MINAS RJ/ES;VAREJO;2026-02-01;1571,77;RJ/ES|04 - PRODUTOS REVENDA|VAREJO|FEV26
04 - PRODUTOS REVENDA;RJ/ES;MINAS RJ/ES;VAREJO;2026-03-01;1672,39;RJ/ES|04 - PRODUTOS REVENDA|VAREJO|MAR26
04 - PRODUTOS REVENDA;RJ/ES;MINAS RJ/ES;VAREJO;2026-04-01;1473,92;RJ/ES|04 - PRODUTOS REVENDA|VAREJO|ABR26
04 - PRODUTOS REVENDA;RJ/ES;MINAS RJ/ES;VAREJO;2026-05-01;1960,97;RJ/ES|04 - PRODUTOS REVENDA|VAREJO|MAI26
04 - PRODUTOS REVENDA;RJ/ES;MINAS RJ/ES;VAREJO;2026-06-01;454,41;RJ/ES|04 - PRODUTOS REVENDA|VAREJO|JUN26
04 - PRODUTOS REVENDA;RJ/ES;MINAS RJ/ES;VAREJO;2026-07-01;1768,55;RJ/ES|04 - PRODUTOS REVENDA|VAREJO|JUL26
04 - PRODUTOS REVENDA;RJ/ES;MINAS RJ/ES;VAREJO;2026-08-01;909,74;RJ/ES|04 - PRODUTOS REVENDA|VAREJO|AGO26
04 - PRODUTOS REVENDA;RJ/ES;MINAS RJ/ES;VAREJO;2026-09-01;1083,82;RJ/ES|04 - PRODUTOS REVENDA|VAREJO|SET26
04 - PRODUTOS REVENDA;RJ/ES;MINAS RJ/ES;VAREJO;2026-10-01;1052,97;RJ/ES|04 - PRODUTOS REVENDA|VAREJO|OUT26
04 - PRODUTOS REVENDA;RJ/ES;MINAS RJ/ES;VAREJO;2026-11-01;1052,97;RJ/ES|04 - PRODUTOS REVENDA|VAREJO|NOV26
04 - PRODUTOS REVENDA;RJ/ES;MINAS RJ/ES;VAREJO;2026-12-01;1052,97;RJ/ES|04 - PRODUTOS REVENDA|VAREJO|DEZ26
04 - PRODUTOS REVENDA;SANTA CATARINA 01;SUL;ATACADO;2026-01-01;377,47;SANTA CATARINA 01|04 - PRODUTOS REVENDA|ATACADO|JAN26
04 - PRODUTOS REVENDA;SANTA CATARINA 01;SUL;ATACADO;2026-02-01;2561,94;SANTA CATARINA 01|04 - PRODUTOS REVENDA|ATACADO|FEV26
04 - PRODUTOS REVENDA;SANTA CATARINA 01;SUL;ATACADO;2026-03-01;1731,49;SANTA CATARINA 01|04 - PRODUTOS REVENDA|ATACADO|MAR26
04 - PRODUTOS REVENDA;SANTA CATARINA 01;SUL;ATACADO;2026-04-01;1201,72;SANTA CATARINA 01|04 - PRODUTOS REVENDA|ATACADO|ABR26
04 - PRODUTOS REVENDA;SANTA CATARINA 01;SUL;ATACADO;2026-05-01;223,92;SANTA CATARINA 01|04 - PRODUTOS REVENDA|ATACADO|MAI26
04 - PRODUTOS REVENDA;SANTA CATARINA 01;SUL;ATACADO;2026-06-01;741,29;SANTA CATARINA 01|04 - PRODUTOS REVENDA|ATACADO|JUN26
04 - PRODUTOS REVENDA;SANTA CATARINA 01;SUL;ATACADO;2026-07-01;707,71;SANTA CATARINA 01|04 - PRODUTOS REVENDA|ATACADO|JUL26
04 - PRODUTOS REVENDA;SANTA CATARINA 01;SUL;ATACADO;2026-08-01;1489,63;SANTA CATARINA 01|04 - PRODUTOS REVENDA|ATACADO|AGO26
04 - PRODUTOS REVENDA;SANTA CATARINA 01;SUL;ATACADO;2026-09-01;1094,30;SANTA CATARINA 01|04 - PRODUTOS REVENDA|ATACADO|SET26
04 - PRODUTOS REVENDA;SANTA CATARINA 01;SUL;ATACADO;2026-10-01;838,91;SANTA CATARINA 01|04 - PRODUTOS REVENDA|ATACADO|OUT26
04 - PRODUTOS REVENDA;SANTA CATARINA 01;SUL;ATACADO;2026-11-01;1064,68;SANTA CATARINA 01|04 - PRODUTOS REVENDA|ATACADO|NOV26
04 - PRODUTOS REVENDA;SANTA CATARINA 01;SUL;ATACADO;2026-12-01;962,68;SANTA CATARINA 01|04 - PRODUTOS REVENDA|ATACADO|DEZ26
04 - PRODUTOS REVENDA;SANTA CATARINA 01;SUL;OUTROS;2026-02-01;10,98;SANTA CATARINA 01|04 - PRODUTOS REVENDA|OUTROS|FEV26
04 - PRODUTOS REVENDA;SANTA CATARINA 01;SUL;OUTROS;2026-03-01;10,20;SANTA CATARINA 01|04 - PRODUTOS REVENDA|OUTROS|MAR26
04 - PRODUTOS REVENDA;SANTA CATARINA 01;SUL;OUTROS;2026-04-01;4,20;SANTA CATARINA 01|04 - PRODUTOS REVENDA|OUTROS|ABR26
04 - PRODUTOS REVENDA;SANTA CATARINA 01;SUL;OUTROS;2026-06-01;8,76;SANTA CATARINA 01|04 - PRODUTOS REVENDA|OUTROS|JUN26
04 - PRODUTOS REVENDA;SANTA CATARINA 01;SUL;OUTROS;2026-07-01;14,34;SANTA CATARINA 01|04 - PRODUTOS REVENDA|OUTROS|JUL26
04 - PRODUTOS REVENDA;SANTA CATARINA 01;SUL;OUTROS;2026-08-01;27,30;SANTA CATARINA 01|04 - PRODUTOS REVENDA|OUTROS|AGO26
04 - PRODUTOS REVENDA;SANTA CATARINA 01;SUL;OUTROS;2026-09-01;7,23;SANTA CATARINA 01|04 - PRODUTOS REVENDA|OUTROS|SET26
04 - PRODUTOS REVENDA;SANTA CATARINA 01;SUL;OUTROS;2026-10-01;5,54;SANTA CATARINA 01|04 - PRODUTOS REVENDA|OUTROS|OUT26
04 - PRODUTOS REVENDA;SANTA CATARINA 01;SUL;OUTROS;2026-11-01;7,03;SANTA CATARINA 01|04 - PRODUTOS REVENDA|OUTROS|NOV26
04 - PRODUTOS REVENDA;SANTA CATARINA 01;SUL;OUTROS;2026-12-01;6,36;SANTA CATARINA 01|04 - PRODUTOS REVENDA|OUTROS|DEZ26
04 - PRODUTOS REVENDA;SANTA CATARINA 01;SUL;VAREJO;2026-01-01;946,48;SANTA CATARINA 01|04 - PRODUTOS REVENDA|VAREJO|JAN26
04 - PRODUTOS REVENDA;SANTA CATARINA 01;SUL;VAREJO;2026-02-01;2145,31;SANTA CATARINA 01|04 - PRODUTOS REVENDA|VAREJO|FEV26
04 - PRODUTOS REVENDA;SANTA CATARINA 01;SUL;VAREJO;2026-03-01;1940,19;SANTA CATARINA 01|04 - PRODUTOS REVENDA|VAREJO|MAR26
04 - PRODUTOS REVENDA;SANTA CATARINA 01;SUL;VAREJO;2026-04-01;2108,99;SANTA CATARINA 01|04 - PRODUTOS REVENDA|VAREJO|ABR26
04 - PRODUTOS REVENDA;SANTA CATARINA 01;SUL;VAREJO;2026-05-01;1966,71;SANTA CATARINA 01|04 - PRODUTOS REVENDA|VAREJO|MAI26
04 - PRODUTOS REVENDA;SANTA CATARINA 01;SUL;VAREJO;2026-06-01;1241,12;SANTA CATARINA 01|04 - PRODUTOS REVENDA|VAREJO|JUN26
04 - PRODUTOS REVENDA;SANTA CATARINA 01;SUL;VAREJO;2026-07-01;1251,94;SANTA CATARINA 01|04 - PRODUTOS REVENDA|VAREJO|JUL26
04 - PRODUTOS REVENDA;SANTA CATARINA 01;SUL;VAREJO;2026-08-01;2083,11;SANTA CATARINA 01|04 - PRODUTOS REVENDA|VAREJO|AGO26
04 - PRODUTOS REVENDA;SANTA CATARINA 01;SUL;VAREJO;2026-09-01;1484,47;SANTA CATARINA 01|04 - PRODUTOS REVENDA|VAREJO|SET26
04 - PRODUTOS REVENDA;SANTA CATARINA 01;SUL;VAREJO;2026-10-01;1138,02;SANTA CATARINA 01|04 - PRODUTOS REVENDA|VAREJO|OUT26
04 - PRODUTOS REVENDA;SANTA CATARINA 01;SUL;VAREJO;2026-11-01;1444,29;SANTA CATARINA 01|04 - PRODUTOS REVENDA|VAREJO|NOV26
04 - PRODUTOS REVENDA;SANTA CATARINA 01;SUL;VAREJO;2026-12-01;1305,92;SANTA CATARINA 01|04 - PRODUTOS REVENDA|VAREJO|DEZ26
04 - PRODUTOS REVENDA;SANTA CATARINA 02;SUL;ATACADO;2026-01-01;466,78;SANTA CATARINA 02|04 - PRODUTOS REVENDA|ATACADO|JAN26
04 - PRODUTOS REVENDA;SANTA CATARINA 02;SUL;ATACADO;2026-02-01;935,89;SANTA CATARINA 02|04 - PRODUTOS REVENDA|ATACADO|FEV26
04 - PRODUTOS REVENDA;SANTA CATARINA 02;SUL;ATACADO;2026-03-01;1770,37;SANTA CATARINA 02|04 - PRODUTOS REVENDA|ATACADO|MAR26
04 - PRODUTOS REVENDA;SANTA CATARINA 02;SUL;ATACADO;2026-04-01;863,56;SANTA CATARINA 02|04 - PRODUTOS REVENDA|ATACADO|ABR26
04 - PRODUTOS REVENDA;SANTA CATARINA 02;SUL;ATACADO;2026-05-01;960,11;SANTA CATARINA 02|04 - PRODUTOS REVENDA|ATACADO|MAI26
04 - PRODUTOS REVENDA;SANTA CATARINA 02;SUL;ATACADO;2026-06-01;829,06;SANTA CATARINA 02|04 - PRODUTOS REVENDA|ATACADO|JUN26
04 - PRODUTOS REVENDA;SANTA CATARINA 02;SUL;ATACADO;2026-07-01;879,76;SANTA CATARINA 02|04 - PRODUTOS REVENDA|ATACADO|JUL26
04 - PRODUTOS REVENDA;SANTA CATARINA 02;SUL;ATACADO;2026-08-01;1081,51;SANTA CATARINA 02|04 - PRODUTOS REVENDA|ATACADO|AGO26
04 - PRODUTOS REVENDA;SANTA CATARINA 02;SUL;ATACADO;2026-09-01;752,98;SANTA CATARINA 02|04 - PRODUTOS REVENDA|ATACADO|SET26
04 - PRODUTOS REVENDA;SANTA CATARINA 02;SUL;ATACADO;2026-10-01;640,86;SANTA CATARINA 02|04 - PRODUTOS REVENDA|ATACADO|OUT26
04 - PRODUTOS REVENDA;SANTA CATARINA 02;SUL;ATACADO;2026-11-01;721,02;SANTA CATARINA 02|04 - PRODUTOS REVENDA|ATACADO|NOV26
04 - PRODUTOS REVENDA;SANTA CATARINA 02;SUL;ATACADO;2026-12-01;732,22;SANTA CATARINA 02|04 - PRODUTOS REVENDA|ATACADO|DEZ26
04 - PRODUTOS REVENDA;SANTA CATARINA 02;SUL;OUTROS;2026-01-01;19,93;SANTA CATARINA 02|04 - PRODUTOS REVENDA|OUTROS|JAN26
04 - PRODUTOS REVENDA;SANTA CATARINA 02;SUL;OUTROS;2026-02-01;58,29;SANTA CATARINA 02|04 - PRODUTOS REVENDA|OUTROS|FEV26
04 - PRODUTOS REVENDA;SANTA CATARINA 02;SUL;OUTROS;2026-03-01;36,38;SANTA CATARINA 02|04 - PRODUTOS REVENDA|OUTROS|MAR26
04 - PRODUTOS REVENDA;SANTA CATARINA 02;SUL;OUTROS;2026-04-01;23,55;SANTA CATARINA 02|04 - PRODUTOS REVENDA|OUTROS|ABR26
04 - PRODUTOS REVENDA;SANTA CATARINA 02;SUL;OUTROS;2026-05-01;50,50;SANTA CATARINA 02|04 - PRODUTOS REVENDA|OUTROS|MAI26
04 - PRODUTOS REVENDA;SANTA CATARINA 02;SUL;OUTROS;2026-06-01;22,18;SANTA CATARINA 02|04 - PRODUTOS REVENDA|OUTROS|JUN26
04 - PRODUTOS REVENDA;SANTA CATARINA 02;SUL;OUTROS;2026-07-01;33,77;SANTA CATARINA 02|04 - PRODUTOS REVENDA|OUTROS|JUL26
04 - PRODUTOS REVENDA;SANTA CATARINA 02;SUL;OUTROS;2026-08-01;51,98;SANTA CATARINA 02|04 - PRODUTOS REVENDA|OUTROS|AGO26
04 - PRODUTOS REVENDA;SANTA CATARINA 02;SUL;OUTROS;2026-09-01;32,78;SANTA CATARINA 02|04 - PRODUTOS REVENDA|OUTROS|SET26
04 - PRODUTOS REVENDA;SANTA CATARINA 02;SUL;OUTROS;2026-10-01;27,90;SANTA CATARINA 02|04 - PRODUTOS REVENDA|OUTROS|OUT26
04 - PRODUTOS REVENDA;SANTA CATARINA 02;SUL;OUTROS;2026-11-01;31,39;SANTA CATARINA 02|04 - PRODUTOS REVENDA|OUTROS|NOV26
04 - PRODUTOS REVENDA;SANTA CATARINA 02;SUL;OUTROS;2026-12-01;31,88;SANTA CATARINA 02|04 - PRODUTOS REVENDA|OUTROS|DEZ26
04 - PRODUTOS REVENDA;SANTA CATARINA 02;SUL;VAREJO;2026-01-01;2191,32;SANTA CATARINA 02|04 - PRODUTOS REVENDA|VAREJO|JAN26
04 - PRODUTOS REVENDA;SANTA CATARINA 02;SUL;VAREJO;2026-02-01;2764,04;SANTA CATARINA 02|04 - PRODUTOS REVENDA|VAREJO|FEV26
04 - PRODUTOS REVENDA;SANTA CATARINA 02;SUL;VAREJO;2026-03-01;3529,27;SANTA CATARINA 02|04 - PRODUTOS REVENDA|VAREJO|MAR26
04 - PRODUTOS REVENDA;SANTA CATARINA 02;SUL;VAREJO;2026-04-01;3200,12;SANTA CATARINA 02|04 - PRODUTOS REVENDA|VAREJO|ABR26
04 - PRODUTOS REVENDA;SANTA CATARINA 02;SUL;VAREJO;2026-05-01;3823,07;SANTA CATARINA 02|04 - PRODUTOS REVENDA|VAREJO|MAI26
04 - PRODUTOS REVENDA;SANTA CATARINA 02;SUL;VAREJO;2026-06-01;1760,31;SANTA CATARINA 02|04 - PRODUTOS REVENDA|VAREJO|JUN26
04 - PRODUTOS REVENDA;SANTA CATARINA 02;SUL;VAREJO;2026-07-01;1965,16;SANTA CATARINA 02|04 - PRODUTOS REVENDA|VAREJO|JUL26
04 - PRODUTOS REVENDA;SANTA CATARINA 02;SUL;VAREJO;2026-08-01;3228,43;SANTA CATARINA 02|04 - PRODUTOS REVENDA|VAREJO|AGO26
04 - PRODUTOS REVENDA;SANTA CATARINA 02;SUL;VAREJO;2026-09-01;2294,24;SANTA CATARINA 02|04 - PRODUTOS REVENDA|VAREJO|SET26
04 - PRODUTOS REVENDA;SANTA CATARINA 02;SUL;VAREJO;2026-10-01;1952,62;SANTA CATARINA 02|04 - PRODUTOS REVENDA|VAREJO|OUT26
04 - PRODUTOS REVENDA;SANTA CATARINA 02;SUL;VAREJO;2026-11-01;2196,86;SANTA CATARINA 02|04 - PRODUTOS REVENDA|VAREJO|NOV26
04 - PRODUTOS REVENDA;SANTA CATARINA 02;SUL;VAREJO;2026-12-01;2231,00;SANTA CATARINA 02|04 - PRODUTOS REVENDA|VAREJO|DEZ26
04 - PRODUTOS REVENDA;SAO PAULO CAPITAL;SP;ATACADO;2026-01-01;22,29;SAO PAULO CAPITAL|04 - PRODUTOS REVENDA|ATACADO|JAN26
04 - PRODUTOS REVENDA;SAO PAULO CAPITAL;SP;ATACADO;2026-02-01;403,61;SAO PAULO CAPITAL|04 - PRODUTOS REVENDA|ATACADO|FEV26
04 - PRODUTOS REVENDA;SAO PAULO CAPITAL;SP;ATACADO;2026-03-01;457,75;SAO PAULO CAPITAL|04 - PRODUTOS REVENDA|ATACADO|MAR26
04 - PRODUTOS REVENDA;SAO PAULO CAPITAL;SP;ATACADO;2026-04-01;401,72;SAO PAULO CAPITAL|04 - PRODUTOS REVENDA|ATACADO|ABR26
04 - PRODUTOS REVENDA;SAO PAULO CAPITAL;SP;ATACADO;2026-05-01;100,20;SAO PAULO CAPITAL|04 - PRODUTOS REVENDA|ATACADO|MAI26
04 - PRODUTOS REVENDA;SAO PAULO CAPITAL;SP;ATACADO;2026-06-01;447,69;SAO PAULO CAPITAL|04 - PRODUTOS REVENDA|ATACADO|JUN26
04 - PRODUTOS REVENDA;SAO PAULO CAPITAL;SP;ATACADO;2026-07-01;179,83;SAO PAULO CAPITAL|04 - PRODUTOS REVENDA|ATACADO|JUL26
04 - PRODUTOS REVENDA;SAO PAULO CAPITAL;SP;ATACADO;2026-08-01;1365,27;SAO PAULO CAPITAL|04 - PRODUTOS REVENDA|ATACADO|AGO26
04 - PRODUTOS REVENDA;SAO PAULO CAPITAL;SP;ATACADO;2026-09-01;503,45;SAO PAULO CAPITAL|04 - PRODUTOS REVENDA|ATACADO|SET26
04 - PRODUTOS REVENDA;SAO PAULO CAPITAL;SP;ATACADO;2026-10-01;479,06;SAO PAULO CAPITAL|04 - PRODUTOS REVENDA|ATACADO|OUT26
04 - PRODUTOS REVENDA;SAO PAULO CAPITAL;SP;ATACADO;2026-11-01;512,91;SAO PAULO CAPITAL|04 - PRODUTOS REVENDA|ATACADO|NOV26
04 - PRODUTOS REVENDA;SAO PAULO CAPITAL;SP;ATACADO;2026-12-01;368,84;SAO PAULO CAPITAL|04 - PRODUTOS REVENDA|ATACADO|DEZ26
04 - PRODUTOS REVENDA;SAO PAULO CAPITAL;SP;OUTROS;2026-02-01;18,59;SAO PAULO CAPITAL|04 - PRODUTOS REVENDA|OUTROS|FEV26
04 - PRODUTOS REVENDA;SAO PAULO CAPITAL;SP;OUTROS;2026-03-01;11,75;SAO PAULO CAPITAL|04 - PRODUTOS REVENDA|OUTROS|MAR26
04 - PRODUTOS REVENDA;SAO PAULO CAPITAL;SP;OUTROS;2026-05-01;8,15;SAO PAULO CAPITAL|04 - PRODUTOS REVENDA|OUTROS|MAI26
04 - PRODUTOS REVENDA;SAO PAULO CAPITAL;SP;OUTROS;2026-06-01;15,14;SAO PAULO CAPITAL|04 - PRODUTOS REVENDA|OUTROS|JUN26
04 - PRODUTOS REVENDA;SAO PAULO CAPITAL;SP;OUTROS;2026-08-01;8,10;SAO PAULO CAPITAL|04 - PRODUTOS REVENDA|OUTROS|AGO26
04 - PRODUTOS REVENDA;SAO PAULO CAPITAL;SP;OUTROS;2026-09-01;11,95;SAO PAULO CAPITAL|04 - PRODUTOS REVENDA|OUTROS|SET26
04 - PRODUTOS REVENDA;SAO PAULO CAPITAL;SP;OUTROS;2026-10-01;11,37;SAO PAULO CAPITAL|04 - PRODUTOS REVENDA|OUTROS|OUT26
04 - PRODUTOS REVENDA;SAO PAULO CAPITAL;SP;OUTROS;2026-11-01;12,17;SAO PAULO CAPITAL|04 - PRODUTOS REVENDA|OUTROS|NOV26
04 - PRODUTOS REVENDA;SAO PAULO CAPITAL;SP;OUTROS;2026-12-01;8,75;SAO PAULO CAPITAL|04 - PRODUTOS REVENDA|OUTROS|DEZ26
04 - PRODUTOS REVENDA;SAO PAULO CAPITAL;SP;VAREJO;2026-01-01;1351,58;SAO PAULO CAPITAL|04 - PRODUTOS REVENDA|VAREJO|JAN26
04 - PRODUTOS REVENDA;SAO PAULO CAPITAL;SP;VAREJO;2026-02-01;3090,94;SAO PAULO CAPITAL|04 - PRODUTOS REVENDA|VAREJO|FEV26
04 - PRODUTOS REVENDA;SAO PAULO CAPITAL;SP;VAREJO;2026-03-01;4808,41;SAO PAULO CAPITAL|04 - PRODUTOS REVENDA|VAREJO|MAR26
04 - PRODUTOS REVENDA;SAO PAULO CAPITAL;SP;VAREJO;2026-04-01;3442,30;SAO PAULO CAPITAL|04 - PRODUTOS REVENDA|VAREJO|ABR26
04 - PRODUTOS REVENDA;SAO PAULO CAPITAL;SP;VAREJO;2026-05-01;4250,78;SAO PAULO CAPITAL|04 - PRODUTOS REVENDA|VAREJO|MAI26
04 - PRODUTOS REVENDA;SAO PAULO CAPITAL;SP;VAREJO;2026-06-01;1920,42;SAO PAULO CAPITAL|04 - PRODUTOS REVENDA|VAREJO|JUN26
04 - PRODUTOS REVENDA;SAO PAULO CAPITAL;SP;VAREJO;2026-07-01;2099,51;SAO PAULO CAPITAL|04 - PRODUTOS REVENDA|VAREJO|JUL26
04 - PRODUTOS REVENDA;SAO PAULO CAPITAL;SP;VAREJO;2026-08-01;3258,81;SAO PAULO CAPITAL|04 - PRODUTOS REVENDA|VAREJO|AGO26
04 - PRODUTOS REVENDA;SAO PAULO CAPITAL;SP;VAREJO;2026-09-01;3901,60;SAO PAULO CAPITAL|04 - PRODUTOS REVENDA|VAREJO|SET26
04 - PRODUTOS REVENDA;SAO PAULO CAPITAL;SP;VAREJO;2026-10-01;3712,57;SAO PAULO CAPITAL|04 - PRODUTOS REVENDA|VAREJO|OUT26
04 - PRODUTOS REVENDA;SAO PAULO CAPITAL;SP;VAREJO;2026-11-01;3974,91;SAO PAULO CAPITAL|04 - PRODUTOS REVENDA|VAREJO|NOV26
04 - PRODUTOS REVENDA;SAO PAULO CAPITAL;SP;VAREJO;2026-12-01;2858,41;SAO PAULO CAPITAL|04 - PRODUTOS REVENDA|VAREJO|DEZ26
04 - PRODUTOS REVENDA;SAO PAULO CAPITAL 2;SP;ATACADO;2026-01-01;166,31;SAO PAULO CAPITAL 2|04 - PRODUTOS REVENDA|ATACADO|JAN26
04 - PRODUTOS REVENDA;SAO PAULO CAPITAL 2;SP;ATACADO;2026-02-01;2031,02;SAO PAULO CAPITAL 2|04 - PRODUTOS REVENDA|ATACADO|FEV26
04 - PRODUTOS REVENDA;SAO PAULO CAPITAL 2;SP;ATACADO;2026-03-01;9577,37;SAO PAULO CAPITAL 2|04 - PRODUTOS REVENDA|ATACADO|MAR26
04 - PRODUTOS REVENDA;SAO PAULO CAPITAL 2;SP;ATACADO;2026-04-01;6347,07;SAO PAULO CAPITAL 2|04 - PRODUTOS REVENDA|ATACADO|ABR26
04 - PRODUTOS REVENDA;SAO PAULO CAPITAL 2;SP;ATACADO;2026-05-01;667,12;SAO PAULO CAPITAL 2|04 - PRODUTOS REVENDA|ATACADO|MAI26
04 - PRODUTOS REVENDA;SAO PAULO CAPITAL 2;SP;ATACADO;2026-06-01;1404,22;SAO PAULO CAPITAL 2|04 - PRODUTOS REVENDA|ATACADO|JUN26
04 - PRODUTOS REVENDA;SAO PAULO CAPITAL 2;SP;ATACADO;2026-07-01;3736,40;SAO PAULO CAPITAL 2|04 - PRODUTOS REVENDA|ATACADO|JUL26
04 - PRODUTOS REVENDA;SAO PAULO CAPITAL 2;SP;ATACADO;2026-08-01;2869,17;SAO PAULO CAPITAL 2|04 - PRODUTOS REVENDA|ATACADO|AGO26
04 - PRODUTOS REVENDA;SAO PAULO CAPITAL 2;SP;ATACADO;2026-09-01;5500,00;SAO PAULO CAPITAL 2|04 - PRODUTOS REVENDA|ATACADO|SET26
04 - PRODUTOS REVENDA;SAO PAULO CAPITAL 2;SP;ATACADO;2026-10-01;4429,60;SAO PAULO CAPITAL 2|04 - PRODUTOS REVENDA|ATACADO|OUT26
04 - PRODUTOS REVENDA;SAO PAULO CAPITAL 2;SP;ATACADO;2026-11-01;4000,00;SAO PAULO CAPITAL 2|04 - PRODUTOS REVENDA|ATACADO|NOV26
04 - PRODUTOS REVENDA;SAO PAULO CAPITAL 2;SP;ATACADO;2026-12-01;4670,00;SAO PAULO CAPITAL 2|04 - PRODUTOS REVENDA|ATACADO|DEZ26
04 - PRODUTOS REVENDA;SAO PAULO INTERIOR;SP;ATACADO;2026-01-01;193,28;SAO PAULO INTERIOR|04 - PRODUTOS REVENDA|ATACADO|JAN26
04 - PRODUTOS REVENDA;SAO PAULO INTERIOR;SP;ATACADO;2026-02-01;1481,70;SAO PAULO INTERIOR|04 - PRODUTOS REVENDA|ATACADO|FEV26
04 - PRODUTOS REVENDA;SAO PAULO INTERIOR;SP;ATACADO;2026-03-01;4959,06;SAO PAULO INTERIOR|04 - PRODUTOS REVENDA|ATACADO|MAR26
04 - PRODUTOS REVENDA;SAO PAULO INTERIOR;SP;ATACADO;2026-04-01;2985,66;SAO PAULO INTERIOR|04 - PRODUTOS REVENDA|ATACADO|ABR26
04 - PRODUTOS REVENDA;SAO PAULO INTERIOR;SP;ATACADO;2026-05-01;123,03;SAO PAULO INTERIOR|04 - PRODUTOS REVENDA|ATACADO|MAI26
04 - PRODUTOS REVENDA;SAO PAULO INTERIOR;SP;ATACADO;2026-06-01;1206,12;SAO PAULO INTERIOR|04 - PRODUTOS REVENDA|ATACADO|JUN26
04 - PRODUTOS REVENDA;SAO PAULO INTERIOR;SP;ATACADO;2026-07-01;454,26;SAO PAULO INTERIOR|04 - PRODUTOS REVENDA|ATACADO|JUL26
04 - PRODUTOS REVENDA;SAO PAULO INTERIOR;SP;ATACADO;2026-08-01;942,53;SAO PAULO INTERIOR|04 - PRODUTOS REVENDA|ATACADO|AGO26
04 - PRODUTOS REVENDA;SAO PAULO INTERIOR;SP;ATACADO;2026-09-01;2139,49;SAO PAULO INTERIOR|04 - PRODUTOS REVENDA|ATACADO|SET26
04 - PRODUTOS REVENDA;SAO PAULO INTERIOR;SP;ATACADO;2026-10-01;1839,07;SAO PAULO INTERIOR|04 - PRODUTOS REVENDA|ATACADO|OUT26
04 - PRODUTOS REVENDA;SAO PAULO INTERIOR;SP;ATACADO;2026-11-01;1326,33;SAO PAULO INTERIOR|04 - PRODUTOS REVENDA|ATACADO|NOV26
04 - PRODUTOS REVENDA;SAO PAULO INTERIOR;SP;ATACADO;2026-12-01;1618,02;SAO PAULO INTERIOR|04 - PRODUTOS REVENDA|ATACADO|DEZ26
04 - PRODUTOS REVENDA;SAO PAULO INTERIOR;SP;OUTROS;2026-01-01;25,77;SAO PAULO INTERIOR|04 - PRODUTOS REVENDA|OUTROS|JAN26
04 - PRODUTOS REVENDA;SAO PAULO INTERIOR;SP;OUTROS;2026-02-01;20,45;SAO PAULO INTERIOR|04 - PRODUTOS REVENDA|OUTROS|FEV26
04 - PRODUTOS REVENDA;SAO PAULO INTERIOR;SP;OUTROS;2026-03-01;77,24;SAO PAULO INTERIOR|04 - PRODUTOS REVENDA|OUTROS|MAR26
04 - PRODUTOS REVENDA;SAO PAULO INTERIOR;SP;OUTROS;2026-04-01;14,31;SAO PAULO INTERIOR|04 - PRODUTOS REVENDA|OUTROS|ABR26
04 - PRODUTOS REVENDA;SAO PAULO INTERIOR;SP;OUTROS;2026-05-01;30,90;SAO PAULO INTERIOR|04 - PRODUTOS REVENDA|OUTROS|MAI26
04 - PRODUTOS REVENDA;SAO PAULO INTERIOR;SP;OUTROS;2026-06-01;44,63;SAO PAULO INTERIOR|04 - PRODUTOS REVENDA|OUTROS|JUN26
04 - PRODUTOS REVENDA;SAO PAULO INTERIOR;SP;OUTROS;2026-07-01;0,78;SAO PAULO INTERIOR|04 - PRODUTOS REVENDA|OUTROS|JUL26
04 - PRODUTOS REVENDA;SAO PAULO INTERIOR;SP;OUTROS;2026-08-01;80,76;SAO PAULO INTERIOR|04 - PRODUTOS REVENDA|OUTROS|AGO26
04 - PRODUTOS REVENDA;SAO PAULO INTERIOR;SP;OUTROS;2026-09-01;65,09;SAO PAULO INTERIOR|04 - PRODUTOS REVENDA|OUTROS|SET26
04 - PRODUTOS REVENDA;SAO PAULO INTERIOR;SP;OUTROS;2026-10-01;55,95;SAO PAULO INTERIOR|04 - PRODUTOS REVENDA|OUTROS|OUT26
04 - PRODUTOS REVENDA;SAO PAULO INTERIOR;SP;OUTROS;2026-11-01;40,35;SAO PAULO INTERIOR|04 - PRODUTOS REVENDA|OUTROS|NOV26
04 - PRODUTOS REVENDA;SAO PAULO INTERIOR;SP;OUTROS;2026-12-01;49,22;SAO PAULO INTERIOR|04 - PRODUTOS REVENDA|OUTROS|DEZ26
04 - PRODUTOS REVENDA;SAO PAULO INTERIOR;SP;VAREJO;2026-01-01;1191,54;SAO PAULO INTERIOR|04 - PRODUTOS REVENDA|VAREJO|JAN26
04 - PRODUTOS REVENDA;SAO PAULO INTERIOR;SP;VAREJO;2026-02-01;3115,62;SAO PAULO INTERIOR|04 - PRODUTOS REVENDA|VAREJO|FEV26
04 - PRODUTOS REVENDA;SAO PAULO INTERIOR;SP;VAREJO;2026-03-01;4012,98;SAO PAULO INTERIOR|04 - PRODUTOS REVENDA|VAREJO|MAR26
04 - PRODUTOS REVENDA;SAO PAULO INTERIOR;SP;VAREJO;2026-04-01;2874,45;SAO PAULO INTERIOR|04 - PRODUTOS REVENDA|VAREJO|ABR26
04 - PRODUTOS REVENDA;SAO PAULO INTERIOR;SP;VAREJO;2026-05-01;2898,66;SAO PAULO INTERIOR|04 - PRODUTOS REVENDA|VAREJO|MAI26
04 - PRODUTOS REVENDA;SAO PAULO INTERIOR;SP;VAREJO;2026-06-01;864,52;SAO PAULO INTERIOR|04 - PRODUTOS REVENDA|VAREJO|JUN26
04 - PRODUTOS REVENDA;SAO PAULO INTERIOR;SP;VAREJO;2026-07-01;1246,80;SAO PAULO INTERIOR|04 - PRODUTOS REVENDA|VAREJO|JUL26
04 - PRODUTOS REVENDA;SAO PAULO INTERIOR;SP;VAREJO;2026-08-01;2340,07;SAO PAULO INTERIOR|04 - PRODUTOS REVENDA|VAREJO|AGO26
04 - PRODUTOS REVENDA;SAO PAULO INTERIOR;SP;VAREJO;2026-09-01;2944,42;SAO PAULO INTERIOR|04 - PRODUTOS REVENDA|VAREJO|SET26
04 - PRODUTOS REVENDA;SAO PAULO INTERIOR;SP;VAREJO;2026-10-01;2530,98;SAO PAULO INTERIOR|04 - PRODUTOS REVENDA|VAREJO|OUT26
04 - PRODUTOS REVENDA;SAO PAULO INTERIOR;SP;VAREJO;2026-11-01;1825,32;SAO PAULO INTERIOR|04 - PRODUTOS REVENDA|VAREJO|NOV26
04 - PRODUTOS REVENDA;SAO PAULO INTERIOR;SP;VAREJO;2026-12-01;2226,76;SAO PAULO INTERIOR|04 - PRODUTOS REVENDA|VAREJO|DEZ26
04 - PRODUTOS REVENDA;TELEVENDAS;TELEVENDAS;ATACADO;2026-02-01;9,60;TELEVENDAS|04 - PRODUTOS REVENDA|ATACADO|FEV26
04 - PRODUTOS REVENDA;TELEVENDAS;TELEVENDAS;ATACADO;2026-03-01;28,86;TELEVENDAS|04 - PRODUTOS REVENDA|ATACADO|MAR26
04 - PRODUTOS REVENDA;TELEVENDAS;TELEVENDAS;ATACADO;2026-04-01;9,50;TELEVENDAS|04 - PRODUTOS REVENDA|ATACADO|ABR26
04 - PRODUTOS REVENDA;TELEVENDAS;TELEVENDAS;ATACADO;2026-05-01;40,20;TELEVENDAS|04 - PRODUTOS REVENDA|ATACADO|MAI26
04 - PRODUTOS REVENDA;TELEVENDAS;TELEVENDAS;ATACADO;2026-07-01;12,60;TELEVENDAS|04 - PRODUTOS REVENDA|ATACADO|JUL26
04 - PRODUTOS REVENDA;TELEVENDAS;TELEVENDAS;ATACADO;2026-08-01;51,42;TELEVENDAS|04 - PRODUTOS REVENDA|ATACADO|AGO26
04 - PRODUTOS REVENDA;TELEVENDAS;TELEVENDAS;ATACADO;2026-09-01;13,58;TELEVENDAS|04 - PRODUTOS REVENDA|ATACADO|SET26
04 - PRODUTOS REVENDA;TELEVENDAS;TELEVENDAS;ATACADO;2026-10-01;12,54;TELEVENDAS|04 - PRODUTOS REVENDA|ATACADO|OUT26
04 - PRODUTOS REVENDA;TELEVENDAS;TELEVENDAS;ATACADO;2026-11-01;15,69;TELEVENDAS|04 - PRODUTOS REVENDA|ATACADO|NOV26
04 - PRODUTOS REVENDA;TELEVENDAS;TELEVENDAS;ATACADO;2026-12-01;15,27;TELEVENDAS|04 - PRODUTOS REVENDA|ATACADO|DEZ26
04 - PRODUTOS REVENDA;TELEVENDAS;TELEVENDAS;IRRIGACAO;2026-09-01;3,08;TELEVENDAS|04 - PRODUTOS REVENDA|IRRIGACAO|SET26
04 - PRODUTOS REVENDA;TELEVENDAS;TELEVENDAS;IRRIGACAO;2026-10-01;2,85;TELEVENDAS|04 - PRODUTOS REVENDA|IRRIGACAO|OUT26
04 - PRODUTOS REVENDA;TELEVENDAS;TELEVENDAS;IRRIGACAO;2026-11-01;3,56;TELEVENDAS|04 - PRODUTOS REVENDA|IRRIGACAO|NOV26
04 - PRODUTOS REVENDA;TELEVENDAS;TELEVENDAS;IRRIGACAO;2026-12-01;3,47;TELEVENDAS|04 - PRODUTOS REVENDA|IRRIGACAO|DEZ26
04 - PRODUTOS REVENDA;TELEVENDAS;TELEVENDAS;OUTROS;2026-01-01;0,25;TELEVENDAS|04 - PRODUTOS REVENDA|OUTROS|JAN26
04 - PRODUTOS REVENDA;TELEVENDAS;TELEVENDAS;OUTROS;2026-02-01;32,46;TELEVENDAS|04 - PRODUTOS REVENDA|OUTROS|FEV26
04 - PRODUTOS REVENDA;TELEVENDAS;TELEVENDAS;OUTROS;2026-03-01;20,06;TELEVENDAS|04 - PRODUTOS REVENDA|OUTROS|MAR26
04 - PRODUTOS REVENDA;TELEVENDAS;TELEVENDAS;OUTROS;2026-04-01;19,07;TELEVENDAS|04 - PRODUTOS REVENDA|OUTROS|ABR26
04 - PRODUTOS REVENDA;TELEVENDAS;TELEVENDAS;OUTROS;2026-05-01;61,33;TELEVENDAS|04 - PRODUTOS REVENDA|OUTROS|MAI26
04 - PRODUTOS REVENDA;TELEVENDAS;TELEVENDAS;OUTROS;2026-06-01;61,25;TELEVENDAS|04 - PRODUTOS REVENDA|OUTROS|JUN26
04 - PRODUTOS REVENDA;TELEVENDAS;TELEVENDAS;OUTROS;2026-07-01;1,28;TELEVENDAS|04 - PRODUTOS REVENDA|OUTROS|JUL26
04 - PRODUTOS REVENDA;TELEVENDAS;TELEVENDAS;OUTROS;2026-08-01;36,10;TELEVENDAS|04 - PRODUTOS REVENDA|OUTROS|AGO26
04 - PRODUTOS REVENDA;TELEVENDAS;TELEVENDAS;OUTROS;2026-09-01;26,34;TELEVENDAS|04 - PRODUTOS REVENDA|OUTROS|SET26
04 - PRODUTOS REVENDA;TELEVENDAS;TELEVENDAS;OUTROS;2026-10-01;24,32;TELEVENDAS|04 - PRODUTOS REVENDA|OUTROS|OUT26
04 - PRODUTOS REVENDA;TELEVENDAS;TELEVENDAS;OUTROS;2026-11-01;30,43;TELEVENDAS|04 - PRODUTOS REVENDA|OUTROS|NOV26
04 - PRODUTOS REVENDA;TELEVENDAS;TELEVENDAS;OUTROS;2026-12-01;29,62;TELEVENDAS|04 - PRODUTOS REVENDA|OUTROS|DEZ26
04 - PRODUTOS REVENDA;TELEVENDAS;TELEVENDAS;VAREJO;2026-01-01;1363,04;TELEVENDAS|04 - PRODUTOS REVENDA|VAREJO|JAN26
04 - PRODUTOS REVENDA;TELEVENDAS;TELEVENDAS;VAREJO;2026-02-01;1710,38;TELEVENDAS|04 - PRODUTOS REVENDA|VAREJO|FEV26
04 - PRODUTOS REVENDA;TELEVENDAS;TELEVENDAS;VAREJO;2026-03-01;1765,49;TELEVENDAS|04 - PRODUTOS REVENDA|VAREJO|MAR26
04 - PRODUTOS REVENDA;TELEVENDAS;TELEVENDAS;VAREJO;2026-04-01;1582,30;TELEVENDAS|04 - PRODUTOS REVENDA|VAREJO|ABR26
04 - PRODUTOS REVENDA;TELEVENDAS;TELEVENDAS;VAREJO;2026-05-01;1353,70;TELEVENDAS|04 - PRODUTOS REVENDA|VAREJO|MAI26
04 - PRODUTOS REVENDA;TELEVENDAS;TELEVENDAS;VAREJO;2026-06-01;1288,16;TELEVENDAS|04 - PRODUTOS REVENDA|VAREJO|JUN26
04 - PRODUTOS REVENDA;TELEVENDAS;TELEVENDAS;VAREJO;2026-07-01;1851,79;TELEVENDAS|04 - PRODUTOS REVENDA|VAREJO|JUL26
04 - PRODUTOS REVENDA;TELEVENDAS;TELEVENDAS;VAREJO;2026-08-01;2015,69;TELEVENDAS|04 - PRODUTOS REVENDA|VAREJO|AGO26
04 - PRODUTOS REVENDA;TELEVENDAS;TELEVENDAS;VAREJO;2026-09-01;1354,00;TELEVENDAS|04 - PRODUTOS REVENDA|VAREJO|SET26
04 - PRODUTOS REVENDA;TELEVENDAS;TELEVENDAS;VAREJO;2026-10-01;1250,30;TELEVENDAS|04 - PRODUTOS REVENDA|VAREJO|OUT26
04 - PRODUTOS REVENDA;TELEVENDAS;TELEVENDAS;VAREJO;2026-11-01;1564,32;TELEVENDAS|04 - PRODUTOS REVENDA|VAREJO|NOV26
04 - PRODUTOS REVENDA;TELEVENDAS;TELEVENDAS;VAREJO;2026-12-01;1522,65;TELEVENDAS|04 - PRODUTOS REVENDA|VAREJO|DEZ26
29 - PPR;CENTRO OESTE;CO NO;VAREJO;2026-01-01;19,80;CENTRO OESTE|29 - PPR|VAREJO|JAN26
29 - PPR;CENTRO OESTE;CO NO;VAREJO;2026-02-01;1,70;CENTRO OESTE|29 - PPR|VAREJO|FEV26
29 - PPR;CENTRO OESTE;CO NO;VAREJO;2026-03-01;4,05;CENTRO OESTE|29 - PPR|VAREJO|MAR26
29 - PPR;CENTRO OESTE;CO NO;VAREJO;2026-04-01;14,63;CENTRO OESTE|29 - PPR|VAREJO|ABR26
29 - PPR;CENTRO OESTE;CO NO;VAREJO;2026-05-01;1,89;CENTRO OESTE|29 - PPR|VAREJO|MAI26
29 - PPR;CENTRO OESTE;CO NO;VAREJO;2026-06-01;39,60;CENTRO OESTE|29 - PPR|VAREJO|JUN26
29 - PPR;CENTRO OESTE;CO NO;VAREJO;2026-07-01;34,87;CENTRO OESTE|29 - PPR|VAREJO|JUL26
29 - PPR;CENTRO OESTE;CO NO;VAREJO;2026-08-01;48,76;CENTRO OESTE|29 - PPR|VAREJO|AGO26
29 - PPR;CENTRO OESTE;CO NO;VAREJO;2026-09-01;0,00;CENTRO OESTE|29 - PPR|VAREJO|SET26
29 - PPR;CENTRO OESTE;CO NO;VAREJO;2026-10-01;0,00;CENTRO OESTE|29 - PPR|VAREJO|OUT26
29 - PPR;CENTRO OESTE;CO NO;VAREJO;2026-11-01;0,00;CENTRO OESTE|29 - PPR|VAREJO|NOV26
29 - PPR;CENTRO OESTE;CO NO;VAREJO;2026-12-01;0,00;CENTRO OESTE|29 - PPR|VAREJO|DEZ26
29 - PPR;CONSTR CENTRO OESTE;CONSTRUTORA;CONSTRUTORA;2026-01-01;82,21;CONSTR CENTRO OESTE|29 - PPR|CONSTRUTORA|JAN26
29 - PPR;CONSTR CENTRO OESTE;CONSTRUTORA;CONSTRUTORA;2026-02-01;7,02;CONSTR CENTRO OESTE|29 - PPR|CONSTRUTORA|FEV26
29 - PPR;CONSTR CENTRO OESTE;CONSTRUTORA;CONSTRUTORA;2026-03-01;206,04;CONSTR CENTRO OESTE|29 - PPR|CONSTRUTORA|MAR26
29 - PPR;CONSTR CENTRO OESTE;CONSTRUTORA;CONSTRUTORA;2026-04-01;32,98;CONSTR CENTRO OESTE|29 - PPR|CONSTRUTORA|ABR26
29 - PPR;CONSTR CENTRO OESTE;CONSTRUTORA;CONSTRUTORA;2026-05-01;66,11;CONSTR CENTRO OESTE|29 - PPR|CONSTRUTORA|MAI26
29 - PPR;CONSTR CENTRO OESTE;CONSTRUTORA;CONSTRUTORA;2026-07-01;0,69;CONSTR CENTRO OESTE|29 - PPR|CONSTRUTORA|JUL26
29 - PPR;CONSTR NORDESTE;CONSTRUTORA;CONSTRUTORA;2026-01-01;1434,03;CONSTR NORDESTE|29 - PPR|CONSTRUTORA|JAN26
29 - PPR;CONSTR NORDESTE;CONSTRUTORA;CONSTRUTORA;2026-02-01;8196,39;CONSTR NORDESTE|29 - PPR|CONSTRUTORA|FEV26
29 - PPR;CONSTR NORDESTE;CONSTRUTORA;CONSTRUTORA;2026-03-01;9595,46;CONSTR NORDESTE|29 - PPR|CONSTRUTORA|MAR26
29 - PPR;CONSTR NORDESTE;CONSTRUTORA;CONSTRUTORA;2026-04-01;5700,25;CONSTR NORDESTE|29 - PPR|CONSTRUTORA|ABR26
29 - PPR;CONSTR NORDESTE;CONSTRUTORA;CONSTRUTORA;2026-05-01;2972,37;CONSTR NORDESTE|29 - PPR|CONSTRUTORA|MAI26
29 - PPR;CONSTR NORDESTE;CONSTRUTORA;CONSTRUTORA;2026-06-01;953,56;CONSTR NORDESTE|29 - PPR|CONSTRUTORA|JUN26
29 - PPR;CONSTR NORDESTE;CONSTRUTORA;CONSTRUTORA;2026-07-01;3495,49;CONSTR NORDESTE|29 - PPR|CONSTRUTORA|JUL26
29 - PPR;CONSTR NORDESTE;CONSTRUTORA;CONSTRUTORA;2026-08-01;2849,62;CONSTR NORDESTE|29 - PPR|CONSTRUTORA|AGO26
29 - PPR;CONSTR NORDESTE;CONSTRUTORA;OUTROS;2026-04-01;212,92;CONSTR NORDESTE|29 - PPR|OUTROS|ABR26
29 - PPR;CONSTR NORDESTE;CONSTRUTORA;OUTROS;2026-08-01;29,02;CONSTR NORDESTE|29 - PPR|OUTROS|AGO26
29 - PPR;CONSTR NORTE;CONSTRUTORA;CONSTRUTORA;2026-03-01;35,75;CONSTR NORTE|29 - PPR|CONSTRUTORA|MAR26
29 - PPR;CONSTR NORTE;CONSTRUTORA;CONSTRUTORA;2026-04-01;109,53;CONSTR NORTE|29 - PPR|CONSTRUTORA|ABR26
29 - PPR;CONSTR SAO PAULO;CONSTRUTORA;CONSTRUTORA;2026-02-01;998,57;CONSTR SAO PAULO|29 - PPR|CONSTRUTORA|FEV26
29 - PPR;CONSTR SAO PAULO;CONSTRUTORA;CONSTRUTORA;2026-03-01;274,99;CONSTR SAO PAULO|29 - PPR|CONSTRUTORA|MAR26
29 - PPR;CONSTR SAO PAULO;CONSTRUTORA;CONSTRUTORA;2026-04-01;910,51;CONSTR SAO PAULO|29 - PPR|CONSTRUTORA|ABR26
29 - PPR;CONSTR SAO PAULO;CONSTRUTORA;CONSTRUTORA;2026-05-01;6,05;CONSTR SAO PAULO|29 - PPR|CONSTRUTORA|MAI26
29 - PPR;CONSTR SAO PAULO;CONSTRUTORA;CONSTRUTORA;2026-07-01;36,78;CONSTR SAO PAULO|29 - PPR|CONSTRUTORA|JUL26
29 - PPR;CONSTR SAO PAULO;CONSTRUTORA;CONSTRUTORA;2026-08-01;428,20;CONSTR SAO PAULO|29 - PPR|CONSTRUTORA|AGO26
29 - PPR;CONSTR SUDESTE;CONSTRUTORA;CONSTRUTORA;2026-02-01;36,32;CONSTR SUDESTE|29 - PPR|CONSTRUTORA|FEV26
29 - PPR;CONSTR SUDESTE;CONSTRUTORA;CONSTRUTORA;2026-04-01;128,64;CONSTR SUDESTE|29 - PPR|CONSTRUTORA|ABR26
29 - PPR;CONSTR SUDESTE;CONSTRUTORA;CONSTRUTORA;2026-05-01;7,12;CONSTR SUDESTE|29 - PPR|CONSTRUTORA|MAI26
29 - PPR;CONSTR SUDESTE;CONSTRUTORA;CONSTRUTORA;2026-06-01;453,93;CONSTR SUDESTE|29 - PPR|CONSTRUTORA|JUN26
29 - PPR;CONSTR SUDESTE;CONSTRUTORA;CONSTRUTORA;2026-07-01;796,34;CONSTR SUDESTE|29 - PPR|CONSTRUTORA|JUL26
29 - PPR;CONSTR SUL;CONSTRUTORA;CONSTRUTORA;2026-01-01;6105,70;CONSTR SUL|29 - PPR|CONSTRUTORA|JAN26
29 - PPR;CONSTR SUL;CONSTRUTORA;CONSTRUTORA;2026-02-01;12316,53;CONSTR SUL|29 - PPR|CONSTRUTORA|FEV26
29 - PPR;CONSTR SUL;CONSTRUTORA;CONSTRUTORA;2026-03-01;10039,61;CONSTR SUL|29 - PPR|CONSTRUTORA|MAR26
29 - PPR;CONSTR SUL;CONSTRUTORA;CONSTRUTORA;2026-04-01;14804,75;CONSTR SUL|29 - PPR|CONSTRUTORA|ABR26
29 - PPR;CONSTR SUL;CONSTRUTORA;CONSTRUTORA;2026-05-01;6864,48;CONSTR SUL|29 - PPR|CONSTRUTORA|MAI26
29 - PPR;CONSTR SUL;CONSTRUTORA;CONSTRUTORA;2026-06-01;4445,72;CONSTR SUL|29 - PPR|CONSTRUTORA|JUN26
29 - PPR;CONSTR SUL;CONSTRUTORA;CONSTRUTORA;2026-07-01;4530,87;CONSTR SUL|29 - PPR|CONSTRUTORA|JUL26
29 - PPR;CONSTR SUL;CONSTRUTORA;CONSTRUTORA;2026-08-01;7360,35;CONSTR SUL|29 - PPR|CONSTRUTORA|AGO26
29 - PPR;IRRIGACAO 1;IRRIGACAO;IRRIGACAO;2026-03-01;31,43;IRRIGACAO 1|29 - PPR|IRRIGACAO|MAR26
29 - PPR;IRRIGACAO 1;IRRIGACAO;IRRIGACAO;2026-04-01;39,11;IRRIGACAO 1|29 - PPR|IRRIGACAO|ABR26
29 - PPR;IRRIGACAO 1;IRRIGACAO;IRRIGACAO;2026-09-01;0,00;IRRIGACAO 1|29 - PPR|IRRIGACAO|SET26
29 - PPR;IRRIGACAO 1;IRRIGACAO;IRRIGACAO;2026-10-01;0,00;IRRIGACAO 1|29 - PPR|IRRIGACAO|OUT26
29 - PPR;IRRIGACAO 1;IRRIGACAO;IRRIGACAO;2026-11-01;0,00;IRRIGACAO 1|29 - PPR|IRRIGACAO|NOV26
29 - PPR;IRRIGACAO 1;IRRIGACAO;IRRIGACAO;2026-12-01;0,00;IRRIGACAO 1|29 - PPR|IRRIGACAO|DEZ26
29 - PPR;MINAS GERAIS;MINAS RJ/ES;VAREJO;2026-02-01;37,44;MINAS GERAIS|29 - PPR|VAREJO|FEV26
29 - PPR;MINAS GERAIS;MINAS RJ/ES;VAREJO;2026-03-01;0,67;MINAS GERAIS|29 - PPR|VAREJO|MAR26
29 - PPR;MINAS GERAIS;MINAS RJ/ES;VAREJO;2026-04-01;15,43;MINAS GERAIS|29 - PPR|VAREJO|ABR26
29 - PPR;MINAS GERAIS;MINAS RJ/ES;VAREJO;2026-05-01;39,52;MINAS GERAIS|29 - PPR|VAREJO|MAI26
29 - PPR;MINAS GERAIS;MINAS RJ/ES;VAREJO;2026-07-01;37,36;MINAS GERAIS|29 - PPR|VAREJO|JUL26
29 - PPR;MINAS GERAIS;MINAS RJ/ES;VAREJO;2026-08-01;0,84;MINAS GERAIS|29 - PPR|VAREJO|AGO26
29 - PPR;MINAS GERAIS;MINAS RJ/ES;VAREJO;2026-09-01;0,00;MINAS GERAIS|29 - PPR|VAREJO|SET26
29 - PPR;MINAS GERAIS;MINAS RJ/ES;VAREJO;2026-10-01;0,00;MINAS GERAIS|29 - PPR|VAREJO|OUT26
29 - PPR;MINAS GERAIS;MINAS RJ/ES;VAREJO;2026-11-01;0,00;MINAS GERAIS|29 - PPR|VAREJO|NOV26
29 - PPR;MINAS GERAIS;MINAS RJ/ES;VAREJO;2026-12-01;0,00;MINAS GERAIS|29 - PPR|VAREJO|DEZ26
29 - PPR;NORDESTE 1;NORDESTE;VAREJO;2026-02-01;37,05;NORDESTE 1|29 - PPR|VAREJO|FEV26
29 - PPR;NORDESTE 1;NORDESTE;VAREJO;2026-03-01;0,37;NORDESTE 1|29 - PPR|VAREJO|MAR26
29 - PPR;NORDESTE 1;NORDESTE;VAREJO;2026-05-01;141,42;NORDESTE 1|29 - PPR|VAREJO|MAI26
29 - PPR;NORDESTE 1;NORDESTE;VAREJO;2026-06-01;3,63;NORDESTE 1|29 - PPR|VAREJO|JUN26
29 - PPR;NORDESTE 1;NORDESTE;VAREJO;2026-09-01;0,00;NORDESTE 1|29 - PPR|VAREJO|SET26
29 - PPR;NORDESTE 1;NORDESTE;VAREJO;2026-10-01;0,00;NORDESTE 1|29 - PPR|VAREJO|OUT26
29 - PPR;NORDESTE 1;NORDESTE;VAREJO;2026-11-01;0,00;NORDESTE 1|29 - PPR|VAREJO|NOV26
29 - PPR;NORDESTE 1;NORDESTE;VAREJO;2026-12-01;0,00;NORDESTE 1|29 - PPR|VAREJO|DEZ26
29 - PPR;NORDESTE 2;NORDESTE;VAREJO;2026-01-01;0,37;NORDESTE 2|29 - PPR|VAREJO|JAN26
29 - PPR;NORDESTE 2;NORDESTE;VAREJO;2026-03-01;52,92;NORDESTE 2|29 - PPR|VAREJO|MAR26
29 - PPR;NORDESTE 2;NORDESTE;VAREJO;2026-04-01;51,21;NORDESTE 2|29 - PPR|VAREJO|ABR26
29 - PPR;NORDESTE 2;NORDESTE;VAREJO;2026-06-01;1,10;NORDESTE 2|29 - PPR|VAREJO|JUN26
29 - PPR;NORDESTE 2;NORDESTE;VAREJO;2026-09-01;20,00;NORDESTE 2|29 - PPR|VAREJO|SET26
29 - PPR;NORDESTE 2;NORDESTE;VAREJO;2026-10-01;20,00;NORDESTE 2|29 - PPR|VAREJO|OUT26
29 - PPR;NORDESTE 2;NORDESTE;VAREJO;2026-11-01;20,00;NORDESTE 2|29 - PPR|VAREJO|NOV26
29 - PPR;NORDESTE 2;NORDESTE;VAREJO;2026-12-01;20,00;NORDESTE 2|29 - PPR|VAREJO|DEZ26
29 - PPR;NORDESTE 3;NORDESTE;ATACADO;2026-06-01;0,28;NORDESTE 3|29 - PPR|ATACADO|JUN26
29 - PPR;NORDESTE 3;NORDESTE;ATACADO;2026-09-01;0,05;NORDESTE 3|29 - PPR|ATACADO|SET26
29 - PPR;NORDESTE 3;NORDESTE;ATACADO;2026-10-01;0,08;NORDESTE 3|29 - PPR|ATACADO|OUT26
29 - PPR;NORDESTE 3;NORDESTE;ATACADO;2026-11-01;0,06;NORDESTE 3|29 - PPR|ATACADO|NOV26
29 - PPR;NORDESTE 3;NORDESTE;ATACADO;2026-12-01;0,04;NORDESTE 3|29 - PPR|ATACADO|DEZ26
29 - PPR;NORDESTE 3;NORDESTE;OUTROS;2026-03-01;16,52;NORDESTE 3|29 - PPR|OUTROS|MAR26
29 - PPR;NORDESTE 3;NORDESTE;OUTROS;2026-04-01;94,03;NORDESTE 3|29 - PPR|OUTROS|ABR26
29 - PPR;NORDESTE 3;NORDESTE;OUTROS;2026-09-01;14,79;NORDESTE 3|29 - PPR|OUTROS|SET26
29 - PPR;NORDESTE 3;NORDESTE;OUTROS;2026-10-01;24,10;NORDESTE 3|29 - PPR|OUTROS|OUT26
29 - PPR;NORDESTE 3;NORDESTE;OUTROS;2026-11-01;18,62;NORDESTE 3|29 - PPR|OUTROS|NOV26
29 - PPR;NORDESTE 3;NORDESTE;OUTROS;2026-12-01;10,95;NORDESTE 3|29 - PPR|OUTROS|DEZ26
29 - PPR;NORDESTE 3;NORDESTE;VAREJO;2026-02-01;2,72;NORDESTE 3|29 - PPR|VAREJO|FEV26
29 - PPR;NORDESTE 3;NORDESTE;VAREJO;2026-04-01;46,07;NORDESTE 3|29 - PPR|VAREJO|ABR26
29 - PPR;NORDESTE 3;NORDESTE;VAREJO;2026-09-01;12,16;NORDESTE 3|29 - PPR|VAREJO|SET26
29 - PPR;NORDESTE 3;NORDESTE;VAREJO;2026-10-01;19,82;NORDESTE 3|29 - PPR|VAREJO|OUT26
29 - PPR;NORDESTE 3;NORDESTE;VAREJO;2026-11-01;15,32;NORDESTE 3|29 - PPR|VAREJO|NOV26
29 - PPR;NORDESTE 3;NORDESTE;VAREJO;2026-12-01;9,01;NORDESTE 3|29 - PPR|VAREJO|DEZ26
29 - PPR;NORTE;CO NO;VAREJO;2026-01-01;1,33;NORTE|29 - PPR|VAREJO|JAN26
29 - PPR;NORTE;CO NO;VAREJO;2026-02-01;27,76;NORTE|29 - PPR|VAREJO|FEV26
29 - PPR;NORTE;CO NO;VAREJO;2026-03-01;1,37;NORTE|29 - PPR|VAREJO|MAR26
29 - PPR;NORTE;CO NO;VAREJO;2026-04-01;2,49;NORTE|29 - PPR|VAREJO|ABR26
29 - PPR;NORTE;CO NO;VAREJO;2026-05-01;34,35;NORTE|29 - PPR|VAREJO|MAI26
29 - PPR;NORTE;CO NO;VAREJO;2026-09-01;0,00;NORTE|29 - PPR|VAREJO|SET26
29 - PPR;NORTE;CO NO;VAREJO;2026-10-01;0,00;NORTE|29 - PPR|VAREJO|OUT26
29 - PPR;NORTE;CO NO;VAREJO;2026-11-01;0,00;NORTE|29 - PPR|VAREJO|NOV26
29 - PPR;NORTE;CO NO;VAREJO;2026-12-01;0,00;NORTE|29 - PPR|VAREJO|DEZ26
29 - PPR;PARANA;SUL;ATACADO;2026-01-01;45,12;PARANA|29 - PPR|ATACADO|JAN26
29 - PPR;PARANA;SUL;ATACADO;2026-02-01;158,67;PARANA|29 - PPR|ATACADO|FEV26
29 - PPR;PARANA;SUL;ATACADO;2026-03-01;0,24;PARANA|29 - PPR|ATACADO|MAR26
29 - PPR;PARANA;SUL;ATACADO;2026-09-01;35,57;PARANA|29 - PPR|ATACADO|SET26
29 - PPR;PARANA;SUL;ATACADO;2026-10-01;29,78;PARANA|29 - PPR|ATACADO|OUT26
29 - PPR;PARANA;SUL;ATACADO;2026-11-01;28,50;PARANA|29 - PPR|ATACADO|NOV26
29 - PPR;PARANA;SUL;ATACADO;2026-12-01;19,07;PARANA|29 - PPR|ATACADO|DEZ26
29 - PPR;PARANA;SUL;VAREJO;2026-01-01;64,99;PARANA|29 - PPR|VAREJO|JAN26
29 - PPR;PARANA;SUL;VAREJO;2026-02-01;83,38;PARANA|29 - PPR|VAREJO|FEV26
29 - PPR;PARANA;SUL;VAREJO;2026-03-01;514,13;PARANA|29 - PPR|VAREJO|MAR26
29 - PPR;PARANA;SUL;VAREJO;2026-04-01;136,16;PARANA|29 - PPR|VAREJO|ABR26
29 - PPR;PARANA;SUL;VAREJO;2026-05-01;358,67;PARANA|29 - PPR|VAREJO|MAI26
29 - PPR;PARANA;SUL;VAREJO;2026-06-01;118,75;PARANA|29 - PPR|VAREJO|JUN26
29 - PPR;PARANA;SUL;VAREJO;2026-07-01;368,49;PARANA|29 - PPR|VAREJO|JUL26
29 - PPR;PARANA;SUL;VAREJO;2026-08-01;205,21;PARANA|29 - PPR|VAREJO|AGO26
29 - PPR;PARANA;SUL;VAREJO;2026-09-01;130,43;PARANA|29 - PPR|VAREJO|SET26
29 - PPR;PARANA;SUL;VAREJO;2026-10-01;109,22;PARANA|29 - PPR|VAREJO|OUT26
29 - PPR;PARANA;SUL;VAREJO;2026-11-01;104,50;PARANA|29 - PPR|VAREJO|NOV26
29 - PPR;PARANA;SUL;VAREJO;2026-12-01;69,93;PARANA|29 - PPR|VAREJO|DEZ26
29 - PPR;RIO GRANDE DO SUL;SUL;ATACADO;2026-01-01;6,35;RIO GRANDE DO SUL|29 - PPR|ATACADO|JAN26
29 - PPR;RIO GRANDE DO SUL;SUL;ATACADO;2026-02-01;1000,12;RIO GRANDE DO SUL|29 - PPR|ATACADO|FEV26
29 - PPR;RIO GRANDE DO SUL;SUL;ATACADO;2026-03-01;920,16;RIO GRANDE DO SUL|29 - PPR|ATACADO|MAR26
29 - PPR;RIO GRANDE DO SUL;SUL;ATACADO;2026-04-01;1753,30;RIO GRANDE DO SUL|29 - PPR|ATACADO|ABR26
29 - PPR;RIO GRANDE DO SUL;SUL;ATACADO;2026-05-01;206,41;RIO GRANDE DO SUL|29 - PPR|ATACADO|MAI26
29 - PPR;RIO GRANDE DO SUL;SUL;ATACADO;2026-06-01;652,26;RIO GRANDE DO SUL|29 - PPR|ATACADO|JUN26
29 - PPR;RIO GRANDE DO SUL;SUL;ATACADO;2026-07-01;826,14;RIO GRANDE DO SUL|29 - PPR|ATACADO|JUL26
29 - PPR;RIO GRANDE DO SUL;SUL;ATACADO;2026-08-01;1416,55;RIO GRANDE DO SUL|29 - PPR|ATACADO|AGO26
29 - PPR;RIO GRANDE DO SUL;SUL;ATACADO;2026-09-01;773,58;RIO GRANDE DO SUL|29 - PPR|ATACADO|SET26
29 - PPR;RIO GRANDE DO SUL;SUL;ATACADO;2026-10-01;881,60;RIO GRANDE DO SUL|29 - PPR|ATACADO|OUT26
29 - PPR;RIO GRANDE DO SUL;SUL;ATACADO;2026-11-01;752,70;RIO GRANDE DO SUL|29 - PPR|ATACADO|NOV26
29 - PPR;RIO GRANDE DO SUL;SUL;ATACADO;2026-12-01;618,35;RIO GRANDE DO SUL|29 - PPR|ATACADO|DEZ26
29 - PPR;RIO GRANDE DO SUL;SUL;OUTROS;2026-02-01;22,80;RIO GRANDE DO SUL|29 - PPR|OUTROS|FEV26
29 - PPR;RIO GRANDE DO SUL;SUL;OUTROS;2026-03-01;18,20;RIO GRANDE DO SUL|29 - PPR|OUTROS|MAR26
29 - PPR;RIO GRANDE DO SUL;SUL;OUTROS;2026-04-01;25,24;RIO GRANDE DO SUL|29 - PPR|OUTROS|ABR26
29 - PPR;RIO GRANDE DO SUL;SUL;OUTROS;2026-05-01;34,15;RIO GRANDE DO SUL|29 - PPR|OUTROS|MAI26
29 - PPR;RIO GRANDE DO SUL;SUL;OUTROS;2026-06-01;13,93;RIO GRANDE DO SUL|29 - PPR|OUTROS|JUN26
29 - PPR;RIO GRANDE DO SUL;SUL;OUTROS;2026-07-01;1,45;RIO GRANDE DO SUL|29 - PPR|OUTROS|JUL26
29 - PPR;RIO GRANDE DO SUL;SUL;OUTROS;2026-08-01;37,54;RIO GRANDE DO SUL|29 - PPR|OUTROS|AGO26
29 - PPR;RIO GRANDE DO SUL;SUL;OUTROS;2026-09-01;23,16;RIO GRANDE DO SUL|29 - PPR|OUTROS|SET26
29 - PPR;RIO GRANDE DO SUL;SUL;OUTROS;2026-10-01;26,39;RIO GRANDE DO SUL|29 - PPR|OUTROS|OUT26
29 - PPR;RIO GRANDE DO SUL;SUL;OUTROS;2026-11-01;22,53;RIO GRANDE DO SUL|29 - PPR|OUTROS|NOV26
29 - PPR;RIO GRANDE DO SUL;SUL;OUTROS;2026-12-01;18,51;RIO GRANDE DO SUL|29 - PPR|OUTROS|DEZ26
29 - PPR;RIO GRANDE DO SUL;SUL;VAREJO;2026-01-01;413,38;RIO GRANDE DO SUL|29 - PPR|VAREJO|JAN26
29 - PPR;RIO GRANDE DO SUL;SUL;VAREJO;2026-02-01;1589,57;RIO GRANDE DO SUL|29 - PPR|VAREJO|FEV26
29 - PPR;RIO GRANDE DO SUL;SUL;VAREJO;2026-03-01;1638,71;RIO GRANDE DO SUL|29 - PPR|VAREJO|MAR26
29 - PPR;RIO GRANDE DO SUL;SUL;VAREJO;2026-04-01;1598,83;RIO GRANDE DO SUL|29 - PPR|VAREJO|ABR26
29 - PPR;RIO GRANDE DO SUL;SUL;VAREJO;2026-05-01;2556,10;RIO GRANDE DO SUL|29 - PPR|VAREJO|MAI26
29 - PPR;RIO GRANDE DO SUL;SUL;VAREJO;2026-06-01;994,01;RIO GRANDE DO SUL|29 - PPR|VAREJO|JUN26
29 - PPR;RIO GRANDE DO SUL;SUL;VAREJO;2026-07-01;719,44;RIO GRANDE DO SUL|29 - PPR|VAREJO|JUL26
29 - PPR;RIO GRANDE DO SUL;SUL;VAREJO;2026-08-01;1164,20;RIO GRANDE DO SUL|29 - PPR|VAREJO|AGO26
29 - PPR;RIO GRANDE DO SUL;SUL;VAREJO;2026-09-01;1115,26;RIO GRANDE DO SUL|29 - PPR|VAREJO|SET26
29 - PPR;RIO GRANDE DO SUL;SUL;VAREJO;2026-10-01;1271,00;RIO GRANDE DO SUL|29 - PPR|VAREJO|OUT26
29 - PPR;RIO GRANDE DO SUL;SUL;VAREJO;2026-11-01;1085,16;RIO GRANDE DO SUL|29 - PPR|VAREJO|NOV26
29 - PPR;RIO GRANDE DO SUL;SUL;VAREJO;2026-12-01;891,48;RIO GRANDE DO SUL|29 - PPR|VAREJO|DEZ26
29 - PPR;RJ/ES;MINAS RJ/ES;VAREJO;2026-09-01;0,00;RJ/ES|29 - PPR|VAREJO|SET26
29 - PPR;RJ/ES;MINAS RJ/ES;VAREJO;2026-10-01;0,00;RJ/ES|29 - PPR|VAREJO|OUT26
29 - PPR;RJ/ES;MINAS RJ/ES;VAREJO;2026-11-01;0,00;RJ/ES|29 - PPR|VAREJO|NOV26
29 - PPR;RJ/ES;MINAS RJ/ES;VAREJO;2026-12-01;0,00;RJ/ES|29 - PPR|VAREJO|DEZ26
29 - PPR;SANTA CATARINA 01;SUL;ATACADO;2026-01-01;89,89;SANTA CATARINA 01|29 - PPR|ATACADO|JAN26
29 - PPR;SANTA CATARINA 01;SUL;ATACADO;2026-02-01;176,49;SANTA CATARINA 01|29 - PPR|ATACADO|FEV26
29 - PPR;SANTA CATARINA 01;SUL;ATACADO;2026-03-01;320,39;SANTA CATARINA 01|29 - PPR|ATACADO|MAR26
29 - PPR;SANTA CATARINA 01;SUL;ATACADO;2026-04-01;1375,95;SANTA CATARINA 01|29 - PPR|ATACADO|ABR26
29 - PPR;SANTA CATARINA 01;SUL;ATACADO;2026-05-01;275,55;SANTA CATARINA 01|29 - PPR|ATACADO|MAI26
29 - PPR;SANTA CATARINA 01;SUL;ATACADO;2026-06-01;394,93;SANTA CATARINA 01|29 - PPR|ATACADO|JUN26
29 - PPR;SANTA CATARINA 01;SUL;ATACADO;2026-07-01;609,94;SANTA CATARINA 01|29 - PPR|ATACADO|JUL26
29 - PPR;SANTA CATARINA 01;SUL;ATACADO;2026-08-01;320,66;SANTA CATARINA 01|29 - PPR|ATACADO|AGO26
29 - PPR;SANTA CATARINA 01;SUL;ATACADO;2026-09-01;462,43;SANTA CATARINA 01|29 - PPR|ATACADO|SET26
29 - PPR;SANTA CATARINA 01;SUL;ATACADO;2026-10-01;358,78;SANTA CATARINA 01|29 - PPR|ATACADO|OUT26
29 - PPR;SANTA CATARINA 01;SUL;ATACADO;2026-11-01;362,07;SANTA CATARINA 01|29 - PPR|ATACADO|NOV26
29 - PPR;SANTA CATARINA 01;SUL;ATACADO;2026-12-01;238,04;SANTA CATARINA 01|29 - PPR|ATACADO|DEZ26
29 - PPR;SANTA CATARINA 01;SUL;VAREJO;2026-01-01;225,53;SANTA CATARINA 01|29 - PPR|VAREJO|JAN26
29 - PPR;SANTA CATARINA 01;SUL;VAREJO;2026-02-01;582,99;SANTA CATARINA 01|29 - PPR|VAREJO|FEV26
29 - PPR;SANTA CATARINA 01;SUL;VAREJO;2026-03-01;711,78;SANTA CATARINA 01|29 - PPR|VAREJO|MAR26
29 - PPR;SANTA CATARINA 01;SUL;VAREJO;2026-04-01;647,10;SANTA CATARINA 01|29 - PPR|VAREJO|ABR26
29 - PPR;SANTA CATARINA 01;SUL;VAREJO;2026-05-01;513,12;SANTA CATARINA 01|29 - PPR|VAREJO|MAI26
29 - PPR;SANTA CATARINA 01;SUL;VAREJO;2026-06-01;1345,33;SANTA CATARINA 01|29 - PPR|VAREJO|JUN26
29 - PPR;SANTA CATARINA 01;SUL;VAREJO;2026-07-01;614,30;SANTA CATARINA 01|29 - PPR|VAREJO|JUL26
29 - PPR;SANTA CATARINA 01;SUL;VAREJO;2026-08-01;377,35;SANTA CATARINA 01|29 - PPR|VAREJO|AGO26
29 - PPR;SANTA CATARINA 01;SUL;VAREJO;2026-09-01;712,57;SANTA CATARINA 01|29 - PPR|VAREJO|SET26
29 - PPR;SANTA CATARINA 01;SUL;VAREJO;2026-10-01;552,87;SANTA CATARINA 01|29 - PPR|VAREJO|OUT26
29 - PPR;SANTA CATARINA 01;SUL;VAREJO;2026-11-01;557,93;SANTA CATARINA 01|29 - PPR|VAREJO|NOV26
29 - PPR;SANTA CATARINA 01;SUL;VAREJO;2026-12-01;366,81;SANTA CATARINA 01|29 - PPR|VAREJO|DEZ26
29 - PPR;SANTA CATARINA 02;SUL;ATACADO;2026-01-01;197,37;SANTA CATARINA 02|29 - PPR|ATACADO|JAN26
29 - PPR;SANTA CATARINA 02;SUL;ATACADO;2026-02-01;618,57;SANTA CATARINA 02|29 - PPR|ATACADO|FEV26
29 - PPR;SANTA CATARINA 02;SUL;ATACADO;2026-03-01;149,59;SANTA CATARINA 02|29 - PPR|ATACADO|MAR26
29 - PPR;SANTA CATARINA 02;SUL;ATACADO;2026-04-01;745,08;SANTA CATARINA 02|29 - PPR|ATACADO|ABR26
29 - PPR;SANTA CATARINA 02;SUL;ATACADO;2026-05-01;121,49;SANTA CATARINA 02|29 - PPR|ATACADO|MAI26
29 - PPR;SANTA CATARINA 02;SUL;ATACADO;2026-06-01;111,36;SANTA CATARINA 02|29 - PPR|ATACADO|JUN26
29 - PPR;SANTA CATARINA 02;SUL;ATACADO;2026-07-01;224,94;SANTA CATARINA 02|29 - PPR|ATACADO|JUL26
29 - PPR;SANTA CATARINA 02;SUL;ATACADO;2026-08-01;98,60;SANTA CATARINA 02|29 - PPR|ATACADO|AGO26
29 - PPR;SANTA CATARINA 02;SUL;ATACADO;2026-09-01;375,77;SANTA CATARINA 02|29 - PPR|ATACADO|SET26
29 - PPR;SANTA CATARINA 02;SUL;ATACADO;2026-10-01;303,21;SANTA CATARINA 02|29 - PPR|ATACADO|OUT26
29 - PPR;SANTA CATARINA 02;SUL;ATACADO;2026-11-01;308,41;SANTA CATARINA 02|29 - PPR|ATACADO|NOV26
29 - PPR;SANTA CATARINA 02;SUL;ATACADO;2026-12-01;201,14;SANTA CATARINA 02|29 - PPR|ATACADO|DEZ26
29 - PPR;SANTA CATARINA 02;SUL;VAREJO;2026-01-01;240,78;SANTA CATARINA 02|29 - PPR|VAREJO|JAN26
29 - PPR;SANTA CATARINA 02;SUL;VAREJO;2026-02-01;119,46;SANTA CATARINA 02|29 - PPR|VAREJO|FEV26
29 - PPR;SANTA CATARINA 02;SUL;VAREJO;2026-03-01;778,69;SANTA CATARINA 02|29 - PPR|VAREJO|MAR26
29 - PPR;SANTA CATARINA 02;SUL;VAREJO;2026-04-01;968,45;SANTA CATARINA 02|29 - PPR|VAREJO|ABR26
29 - PPR;SANTA CATARINA 02;SUL;VAREJO;2026-05-01;1652,53;SANTA CATARINA 02|29 - PPR|VAREJO|MAI26
29 - PPR;SANTA CATARINA 02;SUL;VAREJO;2026-06-01;269,16;SANTA CATARINA 02|29 - PPR|VAREJO|JUN26
29 - PPR;SANTA CATARINA 02;SUL;VAREJO;2026-07-01;278,24;SANTA CATARINA 02|29 - PPR|VAREJO|JUL26
29 - PPR;SANTA CATARINA 02;SUL;VAREJO;2026-08-01;389,96;SANTA CATARINA 02|29 - PPR|VAREJO|AGO26
29 - PPR;SANTA CATARINA 02;SUL;VAREJO;2026-09-01;511,23;SANTA CATARINA 02|29 - PPR|VAREJO|SET26
29 - PPR;SANTA CATARINA 02;SUL;VAREJO;2026-10-01;412,52;SANTA CATARINA 02|29 - PPR|VAREJO|OUT26
29 - PPR;SANTA CATARINA 02;SUL;VAREJO;2026-11-01;419,59;SANTA CATARINA 02|29 - PPR|VAREJO|NOV26
29 - PPR;SANTA CATARINA 02;SUL;VAREJO;2026-12-01;273,65;SANTA CATARINA 02|29 - PPR|VAREJO|DEZ26
29 - PPR;SAO PAULO CAPITAL;SP;VAREJO;2026-01-01;3,69;SAO PAULO CAPITAL|29 - PPR|VAREJO|JAN26
29 - PPR;SAO PAULO CAPITAL;SP;VAREJO;2026-02-01;22,25;SAO PAULO CAPITAL|29 - PPR|VAREJO|FEV26
29 - PPR;SAO PAULO CAPITAL;SP;VAREJO;2026-03-01;93,14;SAO PAULO CAPITAL|29 - PPR|VAREJO|MAR26
29 - PPR;SAO PAULO CAPITAL;SP;VAREJO;2026-04-01;63,71;SAO PAULO CAPITAL|29 - PPR|VAREJO|ABR26
29 - PPR;SAO PAULO CAPITAL;SP;VAREJO;2026-05-01;72,93;SAO PAULO CAPITAL|29 - PPR|VAREJO|MAI26
29 - PPR;SAO PAULO CAPITAL;SP;VAREJO;2026-06-01;236,86;SAO PAULO CAPITAL|29 - PPR|VAREJO|JUN26
29 - PPR;SAO PAULO CAPITAL;SP;VAREJO;2026-07-01;88,47;SAO PAULO CAPITAL|29 - PPR|VAREJO|JUL26
29 - PPR;SAO PAULO CAPITAL;SP;VAREJO;2026-08-01;113,48;SAO PAULO CAPITAL|29 - PPR|VAREJO|AGO26
29 - PPR;SAO PAULO CAPITAL;SP;VAREJO;2026-09-01;84,00;SAO PAULO CAPITAL|29 - PPR|VAREJO|SET26
29 - PPR;SAO PAULO CAPITAL;SP;VAREJO;2026-10-01;100,00;SAO PAULO CAPITAL|29 - PPR|VAREJO|OUT26
29 - PPR;SAO PAULO CAPITAL;SP;VAREJO;2026-11-01;71,00;SAO PAULO CAPITAL|29 - PPR|VAREJO|NOV26
29 - PPR;SAO PAULO CAPITAL;SP;VAREJO;2026-12-01;61,00;SAO PAULO CAPITAL|29 - PPR|VAREJO|DEZ26
29 - PPR;SAO PAULO INTERIOR;SP;VAREJO;2026-03-01;0,91;SAO PAULO INTERIOR|29 - PPR|VAREJO|MAR26
29 - PPR;SAO PAULO INTERIOR;SP;VAREJO;2026-05-01;0,97;SAO PAULO INTERIOR|29 - PPR|VAREJO|MAI26
29 - PPR;SAO PAULO INTERIOR;SP;VAREJO;2026-07-01;62,22;SAO PAULO INTERIOR|29 - PPR|VAREJO|JUL26
29 - PPR;SAO PAULO INTERIOR;SP;VAREJO;2026-08-01;23,13;SAO PAULO INTERIOR|29 - PPR|VAREJO|AGO26
29 - PPR;SAO PAULO INTERIOR;SP;VAREJO;2026-09-01;33,00;SAO PAULO INTERIOR|29 - PPR|VAREJO|SET26
29 - PPR;SAO PAULO INTERIOR;SP;VAREJO;2026-10-01;30,00;SAO PAULO INTERIOR|29 - PPR|VAREJO|OUT26
29 - PPR;SAO PAULO INTERIOR;SP;VAREJO;2026-11-01;23,00;SAO PAULO INTERIOR|29 - PPR|VAREJO|NOV26
29 - PPR;SAO PAULO INTERIOR;SP;VAREJO;2026-12-01;26,00;SAO PAULO INTERIOR|29 - PPR|VAREJO|DEZ26
29 - PPR;TELEVENDAS;TELEVENDAS;OUTROS;2026-03-01;0,13;TELEVENDAS|29 - PPR|OUTROS|MAR26
29 - PPR;TELEVENDAS;TELEVENDAS;OUTROS;2026-04-01;26,70;TELEVENDAS|29 - PPR|OUTROS|ABR26
29 - PPR;TELEVENDAS;TELEVENDAS;OUTROS;2026-08-01;20,41;TELEVENDAS|29 - PPR|OUTROS|AGO26
29 - PPR;TELEVENDAS;TELEVENDAS;OUTROS;2026-09-01;3,65;TELEVENDAS|29 - PPR|OUTROS|SET26
29 - PPR;TELEVENDAS;TELEVENDAS;OUTROS;2026-10-01;4,82;TELEVENDAS|29 - PPR|OUTROS|OUT26
29 - PPR;TELEVENDAS;TELEVENDAS;OUTROS;2026-11-01;3,29;TELEVENDAS|29 - PPR|OUTROS|NOV26
29 - PPR;TELEVENDAS;TELEVENDAS;OUTROS;2026-12-01;3,65;TELEVENDAS|29 - PPR|OUTROS|DEZ26
29 - PPR;TELEVENDAS;TELEVENDAS;VAREJO;2026-01-01;62,20;TELEVENDAS|29 - PPR|VAREJO|JAN26
29 - PPR;TELEVENDAS;TELEVENDAS;VAREJO;2026-02-01;117,71;TELEVENDAS|29 - PPR|VAREJO|FEV26
29 - PPR;TELEVENDAS;TELEVENDAS;VAREJO;2026-03-01;131,13;TELEVENDAS|29 - PPR|VAREJO|MAR26
29 - PPR;TELEVENDAS;TELEVENDAS;VAREJO;2026-04-01;99,66;TELEVENDAS|29 - PPR|VAREJO|ABR26
29 - PPR;TELEVENDAS;TELEVENDAS;VAREJO;2026-05-01;84,54;TELEVENDAS|29 - PPR|VAREJO|MAI26
29 - PPR;TELEVENDAS;TELEVENDAS;VAREJO;2026-06-01;340,09;TELEVENDAS|29 - PPR|VAREJO|JUN26
29 - PPR;TELEVENDAS;TELEVENDAS;VAREJO;2026-07-01;76,45;TELEVENDAS|29 - PPR|VAREJO|JUL26
29 - PPR;TELEVENDAS;TELEVENDAS;VAREJO;2026-08-01;17,07;TELEVENDAS|29 - PPR|VAREJO|AGO26
29 - PPR;TELEVENDAS;TELEVENDAS;VAREJO;2026-09-01;96,35;TELEVENDAS|29 - PPR|VAREJO|SET26
29 - PPR;TELEVENDAS;TELEVENDAS;VAREJO;2026-10-01;127,18;TELEVENDAS|29 - PPR|VAREJO|OUT26
29 - PPR;TELEVENDAS;TELEVENDAS;VAREJO;2026-11-01;86,71;TELEVENDAS|29 - PPR|VAREJO|NOV26
29 - PPR;TELEVENDAS;TELEVENDAS;VAREJO;2026-12-01;96,35;TELEVENDAS|29 - PPR|VAREJO|DEZ26
30 - ELETRODUTOS CORRUGADOS KRONA;CENTRO OESTE;CO NO;ATACADO;2026-01-01;13278,90;CENTRO OESTE|30 - ELETRODUTOS CORRUGADOS KRONA|ATACADO|JAN26
30 - ELETRODUTOS CORRUGADOS KRONA;CENTRO OESTE;CO NO;ATACADO;2026-02-01;96619,25;CENTRO OESTE|30 - ELETRODUTOS CORRUGADOS KRONA|ATACADO|FEV26
30 - ELETRODUTOS CORRUGADOS KRONA;CENTRO OESTE;CO NO;ATACADO;2026-03-01;71170,11;CENTRO OESTE|30 - ELETRODUTOS CORRUGADOS KRONA|ATACADO|MAR26
30 - ELETRODUTOS CORRUGADOS KRONA;CENTRO OESTE;CO NO;ATACADO;2026-04-01;113308,66;CENTRO OESTE|30 - ELETRODUTOS CORRUGADOS KRONA|ATACADO|ABR26
30 - ELETRODUTOS CORRUGADOS KRONA;CENTRO OESTE;CO NO;ATACADO;2026-05-01;17755,88;CENTRO OESTE|30 - ELETRODUTOS CORRUGADOS KRONA|ATACADO|MAI26
30 - ELETRODUTOS CORRUGADOS KRONA;CENTRO OESTE;CO NO;ATACADO;2026-06-01;53635,07;CENTRO OESTE|30 - ELETRODUTOS CORRUGADOS KRONA|ATACADO|JUN26
30 - ELETRODUTOS CORRUGADOS KRONA;CENTRO OESTE;CO NO;ATACADO;2026-07-01;124761,24;CENTRO OESTE|30 - ELETRODUTOS CORRUGADOS KRONA|ATACADO|JUL26
30 - ELETRODUTOS CORRUGADOS KRONA;CENTRO OESTE;CO NO;ATACADO;2026-08-01;23925,58;CENTRO OESTE|30 - ELETRODUTOS CORRUGADOS KRONA|ATACADO|AGO26
30 - ELETRODUTOS CORRUGADOS KRONA;CENTRO OESTE;CO NO;ATACADO;2026-09-01;73185,41;CENTRO OESTE|30 - ELETRODUTOS CORRUGADOS KRONA|ATACADO|SET26
30 - ELETRODUTOS CORRUGADOS KRONA;CENTRO OESTE;CO NO;ATACADO;2026-10-01;70614,84;CENTRO OESTE|30 - ELETRODUTOS CORRUGADOS KRONA|ATACADO|OUT26
30 - ELETRODUTOS CORRUGADOS KRONA;CENTRO OESTE;CO NO;ATACADO;2026-11-01;67218,93;CENTRO OESTE|30 - ELETRODUTOS CORRUGADOS KRONA|ATACADO|NOV26
30 - ELETRODUTOS CORRUGADOS KRONA;CENTRO OESTE;CO NO;ATACADO;2026-12-01;43996,78;CENTRO OESTE|30 - ELETRODUTOS CORRUGADOS KRONA|ATACADO|DEZ26
30 - ELETRODUTOS CORRUGADOS KRONA;CENTRO OESTE;CO NO;VAREJO;2026-01-01;4747,84;CENTRO OESTE|30 - ELETRODUTOS CORRUGADOS KRONA|VAREJO|JAN26
30 - ELETRODUTOS CORRUGADOS KRONA;CENTRO OESTE;CO NO;VAREJO;2026-02-01;21137,33;CENTRO OESTE|30 - ELETRODUTOS CORRUGADOS KRONA|VAREJO|FEV26
30 - ELETRODUTOS CORRUGADOS KRONA;CENTRO OESTE;CO NO;VAREJO;2026-03-01;37940,64;CENTRO OESTE|30 - ELETRODUTOS CORRUGADOS KRONA|VAREJO|MAR26
30 - ELETRODUTOS CORRUGADOS KRONA;CENTRO OESTE;CO NO;VAREJO;2026-04-01;37266,64;CENTRO OESTE|30 - ELETRODUTOS CORRUGADOS KRONA|VAREJO|ABR26
30 - ELETRODUTOS CORRUGADOS KRONA;CENTRO OESTE;CO NO;VAREJO;2026-05-01;24364,69;CENTRO OESTE|30 - ELETRODUTOS CORRUGADOS KRONA|VAREJO|MAI26
30 - ELETRODUTOS CORRUGADOS KRONA;CENTRO OESTE;CO NO;VAREJO;2026-06-01;19787,75;CENTRO OESTE|30 - ELETRODUTOS CORRUGADOS KRONA|VAREJO|JUN26
30 - ELETRODUTOS CORRUGADOS KRONA;CENTRO OESTE;CO NO;VAREJO;2026-07-01;26421,69;CENTRO OESTE|30 - ELETRODUTOS CORRUGADOS KRONA|VAREJO|JUL26
30 - ELETRODUTOS CORRUGADOS KRONA;CENTRO OESTE;CO NO;VAREJO;2026-08-01;32191,67;CENTRO OESTE|30 - ELETRODUTOS CORRUGADOS KRONA|VAREJO|AGO26
30 - ELETRODUTOS CORRUGADOS KRONA;CENTRO OESTE;CO NO;VAREJO;2026-09-01;24354,59;CENTRO OESTE|30 - ELETRODUTOS CORRUGADOS KRONA|VAREJO|SET26
30 - ELETRODUTOS CORRUGADOS KRONA;CENTRO OESTE;CO NO;VAREJO;2026-10-01;23499,16;CENTRO OESTE|30 - ELETRODUTOS CORRUGADOS KRONA|VAREJO|OUT26
30 - ELETRODUTOS CORRUGADOS KRONA;CENTRO OESTE;CO NO;VAREJO;2026-11-01;22369,07;CENTRO OESTE|30 - ELETRODUTOS CORRUGADOS KRONA|VAREJO|NOV26
30 - ELETRODUTOS CORRUGADOS KRONA;CENTRO OESTE;CO NO;VAREJO;2026-12-01;14641,22;CENTRO OESTE|30 - ELETRODUTOS CORRUGADOS KRONA|VAREJO|DEZ26
30 - ELETRODUTOS CORRUGADOS KRONA;CONSTR CENTRO OESTE;CONSTRUTORA;CONSTRUTORA;2026-01-01;5862,14;CONSTR CENTRO OESTE|30 - ELETRODUTOS CORRUGADOS KRONA|CONSTRUTORA|JAN26
30 - ELETRODUTOS CORRUGADOS KRONA;CONSTR CENTRO OESTE;CONSTRUTORA;CONSTRUTORA;2026-02-01;27692,54;CONSTR CENTRO OESTE|30 - ELETRODUTOS CORRUGADOS KRONA|CONSTRUTORA|FEV26
30 - ELETRODUTOS CORRUGADOS KRONA;CONSTR CENTRO OESTE;CONSTRUTORA;CONSTRUTORA;2026-03-01;25700,48;CONSTR CENTRO OESTE|30 - ELETRODUTOS CORRUGADOS KRONA|CONSTRUTORA|MAR26
30 - ELETRODUTOS CORRUGADOS KRONA;CONSTR CENTRO OESTE;CONSTRUTORA;CONSTRUTORA;2026-04-01;28217,84;CONSTR CENTRO OESTE|30 - ELETRODUTOS CORRUGADOS KRONA|CONSTRUTORA|ABR26
30 - ELETRODUTOS CORRUGADOS KRONA;CONSTR CENTRO OESTE;CONSTRUTORA;CONSTRUTORA;2026-05-01;38049,43;CONSTR CENTRO OESTE|30 - ELETRODUTOS CORRUGADOS KRONA|CONSTRUTORA|MAI26
30 - ELETRODUTOS CORRUGADOS KRONA;CONSTR CENTRO OESTE;CONSTRUTORA;CONSTRUTORA;2026-06-01;41089,58;CONSTR CENTRO OESTE|30 - ELETRODUTOS CORRUGADOS KRONA|CONSTRUTORA|JUN26
30 - ELETRODUTOS CORRUGADOS KRONA;CONSTR CENTRO OESTE;CONSTRUTORA;CONSTRUTORA;2026-07-01;23055,65;CONSTR CENTRO OESTE|30 - ELETRODUTOS CORRUGADOS KRONA|CONSTRUTORA|JUL26
30 - ELETRODUTOS CORRUGADOS KRONA;CONSTR CENTRO OESTE;CONSTRUTORA;CONSTRUTORA;2026-08-01;47343,83;CONSTR CENTRO OESTE|30 - ELETRODUTOS CORRUGADOS KRONA|CONSTRUTORA|AGO26
30 - ELETRODUTOS CORRUGADOS KRONA;CONSTR NORDESTE;CONSTRUTORA;CONSTRUTORA;2026-01-01;59126,84;CONSTR NORDESTE|30 - ELETRODUTOS CORRUGADOS KRONA|CONSTRUTORA|JAN26
30 - ELETRODUTOS CORRUGADOS KRONA;CONSTR NORDESTE;CONSTRUTORA;CONSTRUTORA;2026-02-01;55143,30;CONSTR NORDESTE|30 - ELETRODUTOS CORRUGADOS KRONA|CONSTRUTORA|FEV26
30 - ELETRODUTOS CORRUGADOS KRONA;CONSTR NORDESTE;CONSTRUTORA;CONSTRUTORA;2026-03-01;53424,90;CONSTR NORDESTE|30 - ELETRODUTOS CORRUGADOS KRONA|CONSTRUTORA|MAR26
30 - ELETRODUTOS CORRUGADOS KRONA;CONSTR NORDESTE;CONSTRUTORA;CONSTRUTORA;2026-04-01;82930,58;CONSTR NORDESTE|30 - ELETRODUTOS CORRUGADOS KRONA|CONSTRUTORA|ABR26
30 - ELETRODUTOS CORRUGADOS KRONA;CONSTR NORDESTE;CONSTRUTORA;CONSTRUTORA;2026-05-01;47917,87;CONSTR NORDESTE|30 - ELETRODUTOS CORRUGADOS KRONA|CONSTRUTORA|MAI26
30 - ELETRODUTOS CORRUGADOS KRONA;CONSTR NORDESTE;CONSTRUTORA;CONSTRUTORA;2026-06-01;51695,37;CONSTR NORDESTE|30 - ELETRODUTOS CORRUGADOS KRONA|CONSTRUTORA|JUN26
30 - ELETRODUTOS CORRUGADOS KRONA;CONSTR NORDESTE;CONSTRUTORA;CONSTRUTORA;2026-07-01;46345,76;CONSTR NORDESTE|30 - ELETRODUTOS CORRUGADOS KRONA|CONSTRUTORA|JUL26
30 - ELETRODUTOS CORRUGADOS KRONA;CONSTR NORDESTE;CONSTRUTORA;CONSTRUTORA;2026-08-01;49936,31;CONSTR NORDESTE|30 - ELETRODUTOS CORRUGADOS KRONA|CONSTRUTORA|AGO26
30 - ELETRODUTOS CORRUGADOS KRONA;CONSTR NORDESTE;CONSTRUTORA;OUTROS;2026-06-01;329,80;CONSTR NORDESTE|30 - ELETRODUTOS CORRUGADOS KRONA|OUTROS|JUN26
30 - ELETRODUTOS CORRUGADOS KRONA;CONSTR NORTE;CONSTRUTORA;CONSTRUTORA;2026-01-01;717,48;CONSTR NORTE|30 - ELETRODUTOS CORRUGADOS KRONA|CONSTRUTORA|JAN26
30 - ELETRODUTOS CORRUGADOS KRONA;CONSTR NORTE;CONSTRUTORA;CONSTRUTORA;2026-02-01;2335,57;CONSTR NORTE|30 - ELETRODUTOS CORRUGADOS KRONA|CONSTRUTORA|FEV26
30 - ELETRODUTOS CORRUGADOS KRONA;CONSTR NORTE;CONSTRUTORA;CONSTRUTORA;2026-03-01;3633,70;CONSTR NORTE|30 - ELETRODUTOS CORRUGADOS KRONA|CONSTRUTORA|MAR26
30 - ELETRODUTOS CORRUGADOS KRONA;CONSTR NORTE;CONSTRUTORA;CONSTRUTORA;2026-04-01;385,88;CONSTR NORTE|30 - ELETRODUTOS CORRUGADOS KRONA|CONSTRUTORA|ABR26
30 - ELETRODUTOS CORRUGADOS KRONA;CONSTR NORTE;CONSTRUTORA;CONSTRUTORA;2026-05-01;84,15;CONSTR NORTE|30 - ELETRODUTOS CORRUGADOS KRONA|CONSTRUTORA|MAI26
30 - ELETRODUTOS CORRUGADOS KRONA;CONSTR NORTE;CONSTRUTORA;CONSTRUTORA;2026-06-01;1697,97;CONSTR NORTE|30 - ELETRODUTOS CORRUGADOS KRONA|CONSTRUTORA|JUN26
30 - ELETRODUTOS CORRUGADOS KRONA;CONSTR NORTE;CONSTRUTORA;CONSTRUTORA;2026-07-01;565,34;CONSTR NORTE|30 - ELETRODUTOS CORRUGADOS KRONA|CONSTRUTORA|JUL26
30 - ELETRODUTOS CORRUGADOS KRONA;CONSTR NORTE;CONSTRUTORA;CONSTRUTORA;2026-08-01;4470,80;CONSTR NORTE|30 - ELETRODUTOS CORRUGADOS KRONA|CONSTRUTORA|AGO26
30 - ELETRODUTOS CORRUGADOS KRONA;CONSTR SAO PAULO;CONSTRUTORA;CONSTRUTORA;2026-01-01;10272,13;CONSTR SAO PAULO|30 - ELETRODUTOS CORRUGADOS KRONA|CONSTRUTORA|JAN26
30 - ELETRODUTOS CORRUGADOS KRONA;CONSTR SAO PAULO;CONSTRUTORA;CONSTRUTORA;2026-02-01;39107,52;CONSTR SAO PAULO|30 - ELETRODUTOS CORRUGADOS KRONA|CONSTRUTORA|FEV26
30 - ELETRODUTOS CORRUGADOS KRONA;CONSTR SAO PAULO;CONSTRUTORA;CONSTRUTORA;2026-03-01;46320,00;CONSTR SAO PAULO|30 - ELETRODUTOS CORRUGADOS KRONA|CONSTRUTORA|MAR26
30 - ELETRODUTOS CORRUGADOS KRONA;CONSTR SAO PAULO;CONSTRUTORA;CONSTRUTORA;2026-04-01;26341,60;CONSTR SAO PAULO|30 - ELETRODUTOS CORRUGADOS KRONA|CONSTRUTORA|ABR26
30 - ELETRODUTOS CORRUGADOS KRONA;CONSTR SAO PAULO;CONSTRUTORA;CONSTRUTORA;2026-05-01;35371,84;CONSTR SAO PAULO|30 - ELETRODUTOS CORRUGADOS KRONA|CONSTRUTORA|MAI26
30 - ELETRODUTOS CORRUGADOS KRONA;CONSTR SAO PAULO;CONSTRUTORA;CONSTRUTORA;2026-06-01;25505,55;CONSTR SAO PAULO|30 - ELETRODUTOS CORRUGADOS KRONA|CONSTRUTORA|JUN26
30 - ELETRODUTOS CORRUGADOS KRONA;CONSTR SAO PAULO;CONSTRUTORA;CONSTRUTORA;2026-07-01;26161,22;CONSTR SAO PAULO|30 - ELETRODUTOS CORRUGADOS KRONA|CONSTRUTORA|JUL26
30 - ELETRODUTOS CORRUGADOS KRONA;CONSTR SAO PAULO;CONSTRUTORA;CONSTRUTORA;2026-08-01;71385,18;CONSTR SAO PAULO|30 - ELETRODUTOS CORRUGADOS KRONA|CONSTRUTORA|AGO26
30 - ELETRODUTOS CORRUGADOS KRONA;CONSTR SAO PAULO;CONSTRUTORA;VAREJO;2026-07-01;3,26;CONSTR SAO PAULO|30 - ELETRODUTOS CORRUGADOS KRONA|VAREJO|JUL26
30 - ELETRODUTOS CORRUGADOS KRONA;CONSTR SUDESTE;CONSTRUTORA;CONSTRUTORA;2026-01-01;18505,08;CONSTR SUDESTE|30 - ELETRODUTOS CORRUGADOS KRONA|CONSTRUTORA|JAN26
30 - ELETRODUTOS CORRUGADOS KRONA;CONSTR SUDESTE;CONSTRUTORA;CONSTRUTORA;2026-02-01;22832,43;CONSTR SUDESTE|30 - ELETRODUTOS CORRUGADOS KRONA|CONSTRUTORA|FEV26
30 - ELETRODUTOS CORRUGADOS KRONA;CONSTR SUDESTE;CONSTRUTORA;CONSTRUTORA;2026-03-01;20675,52;CONSTR SUDESTE|30 - ELETRODUTOS CORRUGADOS KRONA|CONSTRUTORA|MAR26
30 - ELETRODUTOS CORRUGADOS KRONA;CONSTR SUDESTE;CONSTRUTORA;CONSTRUTORA;2026-04-01;38756,68;CONSTR SUDESTE|30 - ELETRODUTOS CORRUGADOS KRONA|CONSTRUTORA|ABR26
30 - ELETRODUTOS CORRUGADOS KRONA;CONSTR SUDESTE;CONSTRUTORA;CONSTRUTORA;2026-05-01;31628,10;CONSTR SUDESTE|30 - ELETRODUTOS CORRUGADOS KRONA|CONSTRUTORA|MAI26
30 - ELETRODUTOS CORRUGADOS KRONA;CONSTR SUDESTE;CONSTRUTORA;CONSTRUTORA;2026-06-01;9724,59;CONSTR SUDESTE|30 - ELETRODUTOS CORRUGADOS KRONA|CONSTRUTORA|JUN26
30 - ELETRODUTOS CORRUGADOS KRONA;CONSTR SUDESTE;CONSTRUTORA;CONSTRUTORA;2026-07-01;40848,72;CONSTR SUDESTE|30 - ELETRODUTOS CORRUGADOS KRONA|CONSTRUTORA|JUL26
30 - ELETRODUTOS CORRUGADOS KRONA;CONSTR SUDESTE;CONSTRUTORA;CONSTRUTORA;2026-08-01;20607,72;CONSTR SUDESTE|30 - ELETRODUTOS CORRUGADOS KRONA|CONSTRUTORA|AGO26
30 - ELETRODUTOS CORRUGADOS KRONA;CONSTR SUL;CONSTRUTORA;CONSTRUTORA;2026-01-01;21337,43;CONSTR SUL|30 - ELETRODUTOS CORRUGADOS KRONA|CONSTRUTORA|JAN26
30 - ELETRODUTOS CORRUGADOS KRONA;CONSTR SUL;CONSTRUTORA;CONSTRUTORA;2026-02-01;40546,23;CONSTR SUL|30 - ELETRODUTOS CORRUGADOS KRONA|CONSTRUTORA|FEV26
30 - ELETRODUTOS CORRUGADOS KRONA;CONSTR SUL;CONSTRUTORA;CONSTRUTORA;2026-03-01;44036,36;CONSTR SUL|30 - ELETRODUTOS CORRUGADOS KRONA|CONSTRUTORA|MAR26
30 - ELETRODUTOS CORRUGADOS KRONA;CONSTR SUL;CONSTRUTORA;CONSTRUTORA;2026-04-01;87492,70;CONSTR SUL|30 - ELETRODUTOS CORRUGADOS KRONA|CONSTRUTORA|ABR26
30 - ELETRODUTOS CORRUGADOS KRONA;CONSTR SUL;CONSTRUTORA;CONSTRUTORA;2026-05-01;42429,62;CONSTR SUL|30 - ELETRODUTOS CORRUGADOS KRONA|CONSTRUTORA|MAI26
30 - ELETRODUTOS CORRUGADOS KRONA;CONSTR SUL;CONSTRUTORA;CONSTRUTORA;2026-06-01;29339,45;CONSTR SUL|30 - ELETRODUTOS CORRUGADOS KRONA|CONSTRUTORA|JUN26
30 - ELETRODUTOS CORRUGADOS KRONA;CONSTR SUL;CONSTRUTORA;CONSTRUTORA;2026-07-01;35825,13;CONSTR SUL|30 - ELETRODUTOS CORRUGADOS KRONA|CONSTRUTORA|JUL26
30 - ELETRODUTOS CORRUGADOS KRONA;CONSTR SUL;CONSTRUTORA;CONSTRUTORA;2026-08-01;51211,07;CONSTR SUL|30 - ELETRODUTOS CORRUGADOS KRONA|CONSTRUTORA|AGO26
30 - ELETRODUTOS CORRUGADOS KRONA;CONSTR SUL;CONSTRUTORA;OUTROS;2026-07-01;127,92;CONSTR SUL|30 - ELETRODUTOS CORRUGADOS KRONA|OUTROS|JUL26
30 - ELETRODUTOS CORRUGADOS KRONA;EXPORTACAO;EXPORTACAO;EXPORTACAO;2026-02-01;1223,10;EXPORTACAO|30 - ELETRODUTOS CORRUGADOS KRONA|EXPORTACAO|FEV26
30 - ELETRODUTOS CORRUGADOS KRONA;EXPORTACAO;EXPORTACAO;EXPORTACAO;2026-03-01;2577,28;EXPORTACAO|30 - ELETRODUTOS CORRUGADOS KRONA|EXPORTACAO|MAR26
30 - ELETRODUTOS CORRUGADOS KRONA;EXPORTACAO;EXPORTACAO;EXPORTACAO;2026-04-01;655,20;EXPORTACAO|30 - ELETRODUTOS CORRUGADOS KRONA|EXPORTACAO|ABR26
30 - ELETRODUTOS CORRUGADOS KRONA;EXPORTACAO;EXPORTACAO;EXPORTACAO;2026-05-01;5014,40;EXPORTACAO|30 - ELETRODUTOS CORRUGADOS KRONA|EXPORTACAO|MAI26
30 - ELETRODUTOS CORRUGADOS KRONA;EXPORTACAO;EXPORTACAO;EXPORTACAO;2026-06-01;2813,00;EXPORTACAO|30 - ELETRODUTOS CORRUGADOS KRONA|EXPORTACAO|JUN26
30 - ELETRODUTOS CORRUGADOS KRONA;EXPORTACAO;EXPORTACAO;EXPORTACAO;2026-07-01;1416,00;EXPORTACAO|30 - ELETRODUTOS CORRUGADOS KRONA|EXPORTACAO|JUL26
30 - ELETRODUTOS CORRUGADOS KRONA;EXPORTACAO;EXPORTACAO;EXPORTACAO;2026-08-01;86,40;EXPORTACAO|30 - ELETRODUTOS CORRUGADOS KRONA|EXPORTACAO|AGO26
30 - ELETRODUTOS CORRUGADOS KRONA;EXPORTACAO;EXPORTACAO;EXPORTACAO;2026-09-01;2288,83;EXPORTACAO|30 - ELETRODUTOS CORRUGADOS KRONA|EXPORTACAO|SET26
30 - ELETRODUTOS CORRUGADOS KRONA;EXPORTACAO;EXPORTACAO;EXPORTACAO;2026-10-01;858,20;EXPORTACAO|30 - ELETRODUTOS CORRUGADOS KRONA|EXPORTACAO|OUT26
30 - ELETRODUTOS CORRUGADOS KRONA;EXPORTACAO;EXPORTACAO;EXPORTACAO;2026-11-01;1591,97;EXPORTACAO|30 - ELETRODUTOS CORRUGADOS KRONA|EXPORTACAO|NOV26
30 - ELETRODUTOS CORRUGADOS KRONA;EXPORTACAO;EXPORTACAO;EXPORTACAO;2026-12-01;1287,31;EXPORTACAO|30 - ELETRODUTOS CORRUGADOS KRONA|EXPORTACAO|DEZ26
30 - ELETRODUTOS CORRUGADOS KRONA;EXPORTACAO;EXPORTACAO;VAREJO;2026-06-01;4128,00;EXPORTACAO|30 - ELETRODUTOS CORRUGADOS KRONA|VAREJO|JUN26
30 - ELETRODUTOS CORRUGADOS KRONA;EXPORTACAO;EXPORTACAO;VAREJO;2026-09-01;378,17;EXPORTACAO|30 - ELETRODUTOS CORRUGADOS KRONA|VAREJO|SET26
30 - ELETRODUTOS CORRUGADOS KRONA;EXPORTACAO;EXPORTACAO;VAREJO;2026-10-01;141,80;EXPORTACAO|30 - ELETRODUTOS CORRUGADOS KRONA|VAREJO|OUT26
30 - ELETRODUTOS CORRUGADOS KRONA;EXPORTACAO;EXPORTACAO;VAREJO;2026-11-01;263,03;EXPORTACAO|30 - ELETRODUTOS CORRUGADOS KRONA|VAREJO|NOV26
30 - ELETRODUTOS CORRUGADOS KRONA;EXPORTACAO;EXPORTACAO;VAREJO;2026-12-01;212,69;EXPORTACAO|30 - ELETRODUTOS CORRUGADOS KRONA|VAREJO|DEZ26
30 - ELETRODUTOS CORRUGADOS KRONA;IRRIGACAO 1;IRRIGACAO;IRRIGACAO;2026-01-01;3,12;IRRIGACAO 1|30 - ELETRODUTOS CORRUGADOS KRONA|IRRIGACAO|JAN26
30 - ELETRODUTOS CORRUGADOS KRONA;IRRIGACAO 1;IRRIGACAO;IRRIGACAO;2026-02-01;30,36;IRRIGACAO 1|30 - ELETRODUTOS CORRUGADOS KRONA|IRRIGACAO|FEV26
30 - ELETRODUTOS CORRUGADOS KRONA;IRRIGACAO 1;IRRIGACAO;IRRIGACAO;2026-03-01;13,00;IRRIGACAO 1|30 - ELETRODUTOS CORRUGADOS KRONA|IRRIGACAO|MAR26
30 - ELETRODUTOS CORRUGADOS KRONA;IRRIGACAO 1;IRRIGACAO;IRRIGACAO;2026-05-01;4,80;IRRIGACAO 1|30 - ELETRODUTOS CORRUGADOS KRONA|IRRIGACAO|MAI26
30 - ELETRODUTOS CORRUGADOS KRONA;IRRIGACAO 1;IRRIGACAO;IRRIGACAO;2026-07-01;24,96;IRRIGACAO 1|30 - ELETRODUTOS CORRUGADOS KRONA|IRRIGACAO|JUL26
30 - ELETRODUTOS CORRUGADOS KRONA;IRRIGACAO 1;IRRIGACAO;IRRIGACAO;2026-08-01;218,44;IRRIGACAO 1|30 - ELETRODUTOS CORRUGADOS KRONA|IRRIGACAO|AGO26
30 - ELETRODUTOS CORRUGADOS KRONA;IRRIGACAO 1;IRRIGACAO;IRRIGACAO;2026-09-01;38,04;IRRIGACAO 1|30 - ELETRODUTOS CORRUGADOS KRONA|IRRIGACAO|SET26
30 - ELETRODUTOS CORRUGADOS KRONA;IRRIGACAO 1;IRRIGACAO;IRRIGACAO;2026-10-01;38,04;IRRIGACAO 1|30 - ELETRODUTOS CORRUGADOS KRONA|IRRIGACAO|OUT26
30 - ELETRODUTOS CORRUGADOS KRONA;IRRIGACAO 1;IRRIGACAO;IRRIGACAO;2026-11-01;40,89;IRRIGACAO 1|30 - ELETRODUTOS CORRUGADOS KRONA|IRRIGACAO|NOV26
30 - ELETRODUTOS CORRUGADOS KRONA;IRRIGACAO 1;IRRIGACAO;IRRIGACAO;2026-12-01;28,53;IRRIGACAO 1|30 - ELETRODUTOS CORRUGADOS KRONA|IRRIGACAO|DEZ26
30 - ELETRODUTOS CORRUGADOS KRONA;IRRIGACAO 1;IRRIGACAO;VAREJO;2026-05-01;45,28;IRRIGACAO 1|30 - ELETRODUTOS CORRUGADOS KRONA|VAREJO|MAI26
30 - ELETRODUTOS CORRUGADOS KRONA;IRRIGACAO 1;IRRIGACAO;VAREJO;2026-09-01;1,96;IRRIGACAO 1|30 - ELETRODUTOS CORRUGADOS KRONA|VAREJO|SET26
30 - ELETRODUTOS CORRUGADOS KRONA;IRRIGACAO 1;IRRIGACAO;VAREJO;2026-10-01;1,96;IRRIGACAO 1|30 - ELETRODUTOS CORRUGADOS KRONA|VAREJO|OUT26
30 - ELETRODUTOS CORRUGADOS KRONA;IRRIGACAO 1;IRRIGACAO;VAREJO;2026-11-01;2,11;IRRIGACAO 1|30 - ELETRODUTOS CORRUGADOS KRONA|VAREJO|NOV26
30 - ELETRODUTOS CORRUGADOS KRONA;IRRIGACAO 1;IRRIGACAO;VAREJO;2026-12-01;1,47;IRRIGACAO 1|30 - ELETRODUTOS CORRUGADOS KRONA|VAREJO|DEZ26
30 - ELETRODUTOS CORRUGADOS KRONA;IRRIGACAO 2;IRRIGACAO;IRRIGACAO;2026-03-01;9,96;IRRIGACAO 2|30 - ELETRODUTOS CORRUGADOS KRONA|IRRIGACAO|MAR26
30 - ELETRODUTOS CORRUGADOS KRONA;IRRIGACAO 2;IRRIGACAO;IRRIGACAO;2026-05-01;79,70;IRRIGACAO 2|30 - ELETRODUTOS CORRUGADOS KRONA|IRRIGACAO|MAI26
30 - ELETRODUTOS CORRUGADOS KRONA;IRRIGACAO 2;IRRIGACAO;IRRIGACAO;2026-07-01;6,84;IRRIGACAO 2|30 - ELETRODUTOS CORRUGADOS KRONA|IRRIGACAO|JUL26
30 - ELETRODUTOS CORRUGADOS KRONA;IRRIGACAO 2;IRRIGACAO;IRRIGACAO;2026-09-01;39,00;IRRIGACAO 2|30 - ELETRODUTOS CORRUGADOS KRONA|IRRIGACAO|SET26
30 - ELETRODUTOS CORRUGADOS KRONA;IRRIGACAO 2;IRRIGACAO;IRRIGACAO;2026-10-01;47,00;IRRIGACAO 2|30 - ELETRODUTOS CORRUGADOS KRONA|IRRIGACAO|OUT26
30 - ELETRODUTOS CORRUGADOS KRONA;IRRIGACAO 2;IRRIGACAO;IRRIGACAO;2026-11-01;47,00;IRRIGACAO 2|30 - ELETRODUTOS CORRUGADOS KRONA|IRRIGACAO|NOV26
30 - ELETRODUTOS CORRUGADOS KRONA;IRRIGACAO 2;IRRIGACAO;IRRIGACAO;2026-12-01;40,00;IRRIGACAO 2|30 - ELETRODUTOS CORRUGADOS KRONA|IRRIGACAO|DEZ26
30 - ELETRODUTOS CORRUGADOS KRONA;MINAS GERAIS;MINAS RJ/ES;ATACADO;2026-01-01;85422,77;MINAS GERAIS|30 - ELETRODUTOS CORRUGADOS KRONA|ATACADO|JAN26
30 - ELETRODUTOS CORRUGADOS KRONA;MINAS GERAIS;MINAS RJ/ES;ATACADO;2026-02-01;52353,48;MINAS GERAIS|30 - ELETRODUTOS CORRUGADOS KRONA|ATACADO|FEV26
30 - ELETRODUTOS CORRUGADOS KRONA;MINAS GERAIS;MINAS RJ/ES;ATACADO;2026-03-01;145335,09;MINAS GERAIS|30 - ELETRODUTOS CORRUGADOS KRONA|ATACADO|MAR26
30 - ELETRODUTOS CORRUGADOS KRONA;MINAS GERAIS;MINAS RJ/ES;ATACADO;2026-04-01;82839,93;MINAS GERAIS|30 - ELETRODUTOS CORRUGADOS KRONA|ATACADO|ABR26
30 - ELETRODUTOS CORRUGADOS KRONA;MINAS GERAIS;MINAS RJ/ES;ATACADO;2026-05-01;1880,69;MINAS GERAIS|30 - ELETRODUTOS CORRUGADOS KRONA|ATACADO|MAI26
30 - ELETRODUTOS CORRUGADOS KRONA;MINAS GERAIS;MINAS RJ/ES;ATACADO;2026-06-01;15937,19;MINAS GERAIS|30 - ELETRODUTOS CORRUGADOS KRONA|ATACADO|JUN26
30 - ELETRODUTOS CORRUGADOS KRONA;MINAS GERAIS;MINAS RJ/ES;ATACADO;2026-07-01;65971,24;MINAS GERAIS|30 - ELETRODUTOS CORRUGADOS KRONA|ATACADO|JUL26
30 - ELETRODUTOS CORRUGADOS KRONA;MINAS GERAIS;MINAS RJ/ES;ATACADO;2026-08-01;42324,82;MINAS GERAIS|30 - ELETRODUTOS CORRUGADOS KRONA|ATACADO|AGO26
30 - ELETRODUTOS CORRUGADOS KRONA;MINAS GERAIS;MINAS RJ/ES;ATACADO;2026-09-01;85595,16;MINAS GERAIS|30 - ELETRODUTOS CORRUGADOS KRONA|ATACADO|SET26
30 - ELETRODUTOS CORRUGADOS KRONA;MINAS GERAIS;MINAS RJ/ES;ATACADO;2026-10-01;66987,52;MINAS GERAIS|30 - ELETRODUTOS CORRUGADOS KRONA|ATACADO|OUT26
30 - ELETRODUTOS CORRUGADOS KRONA;MINAS GERAIS;MINAS RJ/ES;ATACADO;2026-11-01;66987,52;MINAS GERAIS|30 - ELETRODUTOS CORRUGADOS KRONA|ATACADO|NOV26
30 - ELETRODUTOS CORRUGADOS KRONA;MINAS GERAIS;MINAS RJ/ES;ATACADO;2026-12-01;92711,47;MINAS GERAIS|30 - ELETRODUTOS CORRUGADOS KRONA|ATACADO|DEZ26
30 - ELETRODUTOS CORRUGADOS KRONA;MINAS GERAIS;MINAS RJ/ES;OUTROS;2026-08-01;143,88;MINAS GERAIS|30 - ELETRODUTOS CORRUGADOS KRONA|OUTROS|AGO26
30 - ELETRODUTOS CORRUGADOS KRONA;MINAS GERAIS;MINAS RJ/ES;OUTROS;2026-09-01;11,51;MINAS GERAIS|30 - ELETRODUTOS CORRUGADOS KRONA|OUTROS|SET26
30 - ELETRODUTOS CORRUGADOS KRONA;MINAS GERAIS;MINAS RJ/ES;OUTROS;2026-10-01;9,01;MINAS GERAIS|30 - ELETRODUTOS CORRUGADOS KRONA|OUTROS|OUT26
30 - ELETRODUTOS CORRUGADOS KRONA;MINAS GERAIS;MINAS RJ/ES;OUTROS;2026-11-01;9,01;MINAS GERAIS|30 - ELETRODUTOS CORRUGADOS KRONA|OUTROS|NOV26
30 - ELETRODUTOS CORRUGADOS KRONA;MINAS GERAIS;MINAS RJ/ES;OUTROS;2026-12-01;12,47;MINAS GERAIS|30 - ELETRODUTOS CORRUGADOS KRONA|OUTROS|DEZ26
30 - ELETRODUTOS CORRUGADOS KRONA;MINAS GERAIS;MINAS RJ/ES;VAREJO;2026-01-01;6993,52;MINAS GERAIS|30 - ELETRODUTOS CORRUGADOS KRONA|VAREJO|JAN26
30 - ELETRODUTOS CORRUGADOS KRONA;MINAS GERAIS;MINAS RJ/ES;VAREJO;2026-02-01;23495,66;MINAS GERAIS|30 - ELETRODUTOS CORRUGADOS KRONA|VAREJO|FEV26
30 - ELETRODUTOS CORRUGADOS KRONA;MINAS GERAIS;MINAS RJ/ES;VAREJO;2026-03-01;32572,26;MINAS GERAIS|30 - ELETRODUTOS CORRUGADOS KRONA|VAREJO|MAR26
30 - ELETRODUTOS CORRUGADOS KRONA;MINAS GERAIS;MINAS RJ/ES;VAREJO;2026-04-01;33278,79;MINAS GERAIS|30 - ELETRODUTOS CORRUGADOS KRONA|VAREJO|ABR26
30 - ELETRODUTOS CORRUGADOS KRONA;MINAS GERAIS;MINAS RJ/ES;VAREJO;2026-05-01;45264,43;MINAS GERAIS|30 - ELETRODUTOS CORRUGADOS KRONA|VAREJO|MAI26
30 - ELETRODUTOS CORRUGADOS KRONA;MINAS GERAIS;MINAS RJ/ES;VAREJO;2026-06-01;7342,51;MINAS GERAIS|30 - ELETRODUTOS CORRUGADOS KRONA|VAREJO|JUN26
30 - ELETRODUTOS CORRUGADOS KRONA;MINAS GERAIS;MINAS RJ/ES;VAREJO;2026-07-01;36934,26;MINAS GERAIS|30 - ELETRODUTOS CORRUGADOS KRONA|VAREJO|JUL26
30 - ELETRODUTOS CORRUGADOS KRONA;MINAS GERAIS;MINAS RJ/ES;VAREJO;2026-08-01;31054,64;MINAS GERAIS|30 - ELETRODUTOS CORRUGADOS KRONA|VAREJO|AGO26
30 - ELETRODUTOS CORRUGADOS KRONA;MINAS GERAIS;MINAS RJ/ES;VAREJO;2026-09-01;29393,33;MINAS GERAIS|30 - ELETRODUTOS CORRUGADOS KRONA|VAREJO|SET26
30 - ELETRODUTOS CORRUGADOS KRONA;MINAS GERAIS;MINAS RJ/ES;VAREJO;2026-10-01;23003,47;MINAS GERAIS|30 - ELETRODUTOS CORRUGADOS KRONA|VAREJO|OUT26
30 - ELETRODUTOS CORRUGADOS KRONA;MINAS GERAIS;MINAS RJ/ES;VAREJO;2026-11-01;23003,47;MINAS GERAIS|30 - ELETRODUTOS CORRUGADOS KRONA|VAREJO|NOV26
30 - ELETRODUTOS CORRUGADOS KRONA;MINAS GERAIS;MINAS RJ/ES;VAREJO;2026-12-01;31837,06;MINAS GERAIS|30 - ELETRODUTOS CORRUGADOS KRONA|VAREJO|DEZ26
30 - ELETRODUTOS CORRUGADOS KRONA;NORDESTE 1;NORDESTE;ATACADO;2026-01-01;238,20;NORDESTE 1|30 - ELETRODUTOS CORRUGADOS KRONA|ATACADO|JAN26
30 - ELETRODUTOS CORRUGADOS KRONA;NORDESTE 1;NORDESTE;ATACADO;2026-02-01;14128,51;NORDESTE 1|30 - ELETRODUTOS CORRUGADOS KRONA|ATACADO|FEV26
30 - ELETRODUTOS CORRUGADOS KRONA;NORDESTE 1;NORDESTE;ATACADO;2026-03-01;6474,30;NORDESTE 1|30 - ELETRODUTOS CORRUGADOS KRONA|ATACADO|MAR26
30 - ELETRODUTOS CORRUGADOS KRONA;NORDESTE 1;NORDESTE;ATACADO;2026-04-01;5735,80;NORDESTE 1|30 - ELETRODUTOS CORRUGADOS KRONA|ATACADO|ABR26
30 - ELETRODUTOS CORRUGADOS KRONA;NORDESTE 1;NORDESTE;ATACADO;2026-05-01;186,45;NORDESTE 1|30 - ELETRODUTOS CORRUGADOS KRONA|ATACADO|MAI26
30 - ELETRODUTOS CORRUGADOS KRONA;NORDESTE 1;NORDESTE;ATACADO;2026-06-01;8150,20;NORDESTE 1|30 - ELETRODUTOS CORRUGADOS KRONA|ATACADO|JUN26
30 - ELETRODUTOS CORRUGADOS KRONA;NORDESTE 1;NORDESTE;ATACADO;2026-07-01;1260,42;NORDESTE 1|30 - ELETRODUTOS CORRUGADOS KRONA|ATACADO|JUL26
30 - ELETRODUTOS CORRUGADOS KRONA;NORDESTE 1;NORDESTE;ATACADO;2026-08-01;5473,27;NORDESTE 1|30 - ELETRODUTOS CORRUGADOS KRONA|ATACADO|AGO26
30 - ELETRODUTOS CORRUGADOS KRONA;NORDESTE 1;NORDESTE;ATACADO;2026-09-01;9524,50;NORDESTE 1|30 - ELETRODUTOS CORRUGADOS KRONA|ATACADO|SET26
30 - ELETRODUTOS CORRUGADOS KRONA;NORDESTE 1;NORDESTE;ATACADO;2026-10-01;14333,34;NORDESTE 1|30 - ELETRODUTOS CORRUGADOS KRONA|ATACADO|OUT26
30 - ELETRODUTOS CORRUGADOS KRONA;NORDESTE 1;NORDESTE;ATACADO;2026-11-01;13138,89;NORDESTE 1|30 - ELETRODUTOS CORRUGADOS KRONA|ATACADO|NOV26
30 - ELETRODUTOS CORRUGADOS KRONA;NORDESTE 1;NORDESTE;ATACADO;2026-12-01;13138,89;NORDESTE 1|30 - ELETRODUTOS CORRUGADOS KRONA|ATACADO|DEZ26
30 - ELETRODUTOS CORRUGADOS KRONA;NORDESTE 1;NORDESTE;OUTROS;2026-04-01;253,50;NORDESTE 1|30 - ELETRODUTOS CORRUGADOS KRONA|OUTROS|ABR26
30 - ELETRODUTOS CORRUGADOS KRONA;NORDESTE 1;NORDESTE;OUTROS;2026-09-01;35,49;NORDESTE 1|30 - ELETRODUTOS CORRUGADOS KRONA|OUTROS|SET26
30 - ELETRODUTOS CORRUGADOS KRONA;NORDESTE 1;NORDESTE;OUTROS;2026-10-01;53,41;NORDESTE 1|30 - ELETRODUTOS CORRUGADOS KRONA|OUTROS|OUT26
30 - ELETRODUTOS CORRUGADOS KRONA;NORDESTE 1;NORDESTE;OUTROS;2026-11-01;48,96;NORDESTE 1|30 - ELETRODUTOS CORRUGADOS KRONA|OUTROS|NOV26
30 - ELETRODUTOS CORRUGADOS KRONA;NORDESTE 1;NORDESTE;OUTROS;2026-12-01;48,96;NORDESTE 1|30 - ELETRODUTOS CORRUGADOS KRONA|OUTROS|DEZ26
30 - ELETRODUTOS CORRUGADOS KRONA;NORDESTE 1;NORDESTE;VAREJO;2026-01-01;4056,43;NORDESTE 1|30 - ELETRODUTOS CORRUGADOS KRONA|VAREJO|JAN26
30 - ELETRODUTOS CORRUGADOS KRONA;NORDESTE 1;NORDESTE;VAREJO;2026-02-01;7730,48;NORDESTE 1|30 - ELETRODUTOS CORRUGADOS KRONA|VAREJO|FEV26
30 - ELETRODUTOS CORRUGADOS KRONA;NORDESTE 1;NORDESTE;VAREJO;2026-03-01;11217,23;NORDESTE 1|30 - ELETRODUTOS CORRUGADOS KRONA|VAREJO|MAR26
30 - ELETRODUTOS CORRUGADOS KRONA;NORDESTE 1;NORDESTE;VAREJO;2026-04-01;9732,34;NORDESTE 1|30 - ELETRODUTOS CORRUGADOS KRONA|VAREJO|ABR26
30 - ELETRODUTOS CORRUGADOS KRONA;NORDESTE 1;NORDESTE;VAREJO;2026-05-01;4246,81;NORDESTE 1|30 - ELETRODUTOS CORRUGADOS KRONA|VAREJO|MAI26
30 - ELETRODUTOS CORRUGADOS KRONA;NORDESTE 1;NORDESTE;VAREJO;2026-06-01;6689,08;NORDESTE 1|30 - ELETRODUTOS CORRUGADOS KRONA|VAREJO|JUN26
30 - ELETRODUTOS CORRUGADOS KRONA;NORDESTE 1;NORDESTE;VAREJO;2026-07-01;5517,93;NORDESTE 1|30 - ELETRODUTOS CORRUGADOS KRONA|VAREJO|JUL26
30 - ELETRODUTOS CORRUGADOS KRONA;NORDESTE 1;NORDESTE;VAREJO;2026-08-01;7415,37;NORDESTE 1|30 - ELETRODUTOS CORRUGADOS KRONA|VAREJO|AGO26
30 - ELETRODUTOS CORRUGADOS KRONA;NORDESTE 1;NORDESTE;VAREJO;2026-09-01;6388,01;NORDESTE 1|30 - ELETRODUTOS CORRUGADOS KRONA|VAREJO|SET26
30 - ELETRODUTOS CORRUGADOS KRONA;NORDESTE 1;NORDESTE;VAREJO;2026-10-01;9613,26;NORDESTE 1|30 - ELETRODUTOS CORRUGADOS KRONA|VAREJO|OUT26
30 - ELETRODUTOS CORRUGADOS KRONA;NORDESTE 1;NORDESTE;VAREJO;2026-11-01;8812,15;NORDESTE 1|30 - ELETRODUTOS CORRUGADOS KRONA|VAREJO|NOV26
30 - ELETRODUTOS CORRUGADOS KRONA;NORDESTE 1;NORDESTE;VAREJO;2026-12-01;8812,15;NORDESTE 1|30 - ELETRODUTOS CORRUGADOS KRONA|VAREJO|DEZ26
30 - ELETRODUTOS CORRUGADOS KRONA;NORDESTE 2;NORDESTE;ATACADO;2026-01-01;43046,00;NORDESTE 2|30 - ELETRODUTOS CORRUGADOS KRONA|ATACADO|JAN26
30 - ELETRODUTOS CORRUGADOS KRONA;NORDESTE 2;NORDESTE;ATACADO;2026-02-01;21018,93;NORDESTE 2|30 - ELETRODUTOS CORRUGADOS KRONA|ATACADO|FEV26
30 - ELETRODUTOS CORRUGADOS KRONA;NORDESTE 2;NORDESTE;ATACADO;2026-03-01;47551,12;NORDESTE 2|30 - ELETRODUTOS CORRUGADOS KRONA|ATACADO|MAR26
30 - ELETRODUTOS CORRUGADOS KRONA;NORDESTE 2;NORDESTE;ATACADO;2026-04-01;37033,90;NORDESTE 2|30 - ELETRODUTOS CORRUGADOS KRONA|ATACADO|ABR26
30 - ELETRODUTOS CORRUGADOS KRONA;NORDESTE 2;NORDESTE;ATACADO;2026-05-01;13172,96;NORDESTE 2|30 - ELETRODUTOS CORRUGADOS KRONA|ATACADO|MAI26
30 - ELETRODUTOS CORRUGADOS KRONA;NORDESTE 2;NORDESTE;ATACADO;2026-06-01;21693,84;NORDESTE 2|30 - ELETRODUTOS CORRUGADOS KRONA|ATACADO|JUN26
30 - ELETRODUTOS CORRUGADOS KRONA;NORDESTE 2;NORDESTE;ATACADO;2026-07-01;2455,24;NORDESTE 2|30 - ELETRODUTOS CORRUGADOS KRONA|ATACADO|JUL26
30 - ELETRODUTOS CORRUGADOS KRONA;NORDESTE 2;NORDESTE;ATACADO;2026-08-01;52937,49;NORDESTE 2|30 - ELETRODUTOS CORRUGADOS KRONA|ATACADO|AGO26
30 - ELETRODUTOS CORRUGADOS KRONA;NORDESTE 2;NORDESTE;ATACADO;2026-09-01;48018,74;NORDESTE 2|30 - ELETRODUTOS CORRUGADOS KRONA|ATACADO|SET26
30 - ELETRODUTOS CORRUGADOS KRONA;NORDESTE 2;NORDESTE;ATACADO;2026-10-01;48018,74;NORDESTE 2|30 - ELETRODUTOS CORRUGADOS KRONA|ATACADO|OUT26
30 - ELETRODUTOS CORRUGADOS KRONA;NORDESTE 2;NORDESTE;ATACADO;2026-11-01;48018,74;NORDESTE 2|30 - ELETRODUTOS CORRUGADOS KRONA|ATACADO|NOV26
30 - ELETRODUTOS CORRUGADOS KRONA;NORDESTE 2;NORDESTE;ATACADO;2026-12-01;48018,74;NORDESTE 2|30 - ELETRODUTOS CORRUGADOS KRONA|ATACADO|DEZ26
30 - ELETRODUTOS CORRUGADOS KRONA;NORDESTE 2;NORDESTE;OUTROS;2026-04-01;91,20;NORDESTE 2|30 - ELETRODUTOS CORRUGADOS KRONA|OUTROS|ABR26
30 - ELETRODUTOS CORRUGADOS KRONA;NORDESTE 2;NORDESTE;OUTROS;2026-09-01;12,05;NORDESTE 2|30 - ELETRODUTOS CORRUGADOS KRONA|OUTROS|SET26
30 - ELETRODUTOS CORRUGADOS KRONA;NORDESTE 2;NORDESTE;OUTROS;2026-10-01;12,05;NORDESTE 2|30 - ELETRODUTOS CORRUGADOS KRONA|OUTROS|OUT26
30 - ELETRODUTOS CORRUGADOS KRONA;NORDESTE 2;NORDESTE;OUTROS;2026-11-01;12,05;NORDESTE 2|30 - ELETRODUTOS CORRUGADOS KRONA|OUTROS|NOV26
30 - ELETRODUTOS CORRUGADOS KRONA;NORDESTE 2;NORDESTE;OUTROS;2026-12-01;12,05;NORDESTE 2|30 - ELETRODUTOS CORRUGADOS KRONA|OUTROS|DEZ26
30 - ELETRODUTOS CORRUGADOS KRONA;NORDESTE 2;NORDESTE;VAREJO;2026-01-01;12523,37;NORDESTE 2|30 - ELETRODUTOS CORRUGADOS KRONA|VAREJO|JAN26
30 - ELETRODUTOS CORRUGADOS KRONA;NORDESTE 2;NORDESTE;VAREJO;2026-02-01;8637,56;NORDESTE 2|30 - ELETRODUTOS CORRUGADOS KRONA|VAREJO|FEV26
30 - ELETRODUTOS CORRUGADOS KRONA;NORDESTE 2;NORDESTE;VAREJO;2026-03-01;14500,06;NORDESTE 2|30 - ELETRODUTOS CORRUGADOS KRONA|VAREJO|MAR26
30 - ELETRODUTOS CORRUGADOS KRONA;NORDESTE 2;NORDESTE;VAREJO;2026-04-01;19352,56;NORDESTE 2|30 - ELETRODUTOS CORRUGADOS KRONA|VAREJO|ABR26
30 - ELETRODUTOS CORRUGADOS KRONA;NORDESTE 2;NORDESTE;VAREJO;2026-05-01;10607,53;NORDESTE 2|30 - ELETRODUTOS CORRUGADOS KRONA|VAREJO|MAI26
30 - ELETRODUTOS CORRUGADOS KRONA;NORDESTE 2;NORDESTE;VAREJO;2026-06-01;9077,09;NORDESTE 2|30 - ELETRODUTOS CORRUGADOS KRONA|VAREJO|JUN26
30 - ELETRODUTOS CORRUGADOS KRONA;NORDESTE 2;NORDESTE;VAREJO;2026-07-01;9906,75;NORDESTE 2|30 - ELETRODUTOS CORRUGADOS KRONA|VAREJO|JUL26
30 - ELETRODUTOS CORRUGADOS KRONA;NORDESTE 2;NORDESTE;VAREJO;2026-08-01;15718,70;NORDESTE 2|30 - ELETRODUTOS CORRUGADOS KRONA|VAREJO|AGO26
30 - ELETRODUTOS CORRUGADOS KRONA;NORDESTE 2;NORDESTE;VAREJO;2026-09-01;21969,21;NORDESTE 2|30 - ELETRODUTOS CORRUGADOS KRONA|VAREJO|SET26
30 - ELETRODUTOS CORRUGADOS KRONA;NORDESTE 2;NORDESTE;VAREJO;2026-10-01;21969,21;NORDESTE 2|30 - ELETRODUTOS CORRUGADOS KRONA|VAREJO|OUT26
30 - ELETRODUTOS CORRUGADOS KRONA;NORDESTE 2;NORDESTE;VAREJO;2026-11-01;21969,21;NORDESTE 2|30 - ELETRODUTOS CORRUGADOS KRONA|VAREJO|NOV26
30 - ELETRODUTOS CORRUGADOS KRONA;NORDESTE 2;NORDESTE;VAREJO;2026-12-01;21969,21;NORDESTE 2|30 - ELETRODUTOS CORRUGADOS KRONA|VAREJO|DEZ26
30 - ELETRODUTOS CORRUGADOS KRONA;NORDESTE 3;NORDESTE;ATACADO;2026-01-01;16129,25;NORDESTE 3|30 - ELETRODUTOS CORRUGADOS KRONA|ATACADO|JAN26
30 - ELETRODUTOS CORRUGADOS KRONA;NORDESTE 3;NORDESTE;ATACADO;2026-02-01;23591,71;NORDESTE 3|30 - ELETRODUTOS CORRUGADOS KRONA|ATACADO|FEV26
30 - ELETRODUTOS CORRUGADOS KRONA;NORDESTE 3;NORDESTE;ATACADO;2026-03-01;40791,32;NORDESTE 3|30 - ELETRODUTOS CORRUGADOS KRONA|ATACADO|MAR26
30 - ELETRODUTOS CORRUGADOS KRONA;NORDESTE 3;NORDESTE;ATACADO;2026-04-01;92177,38;NORDESTE 3|30 - ELETRODUTOS CORRUGADOS KRONA|ATACADO|ABR26
30 - ELETRODUTOS CORRUGADOS KRONA;NORDESTE 3;NORDESTE;ATACADO;2026-05-01;9685,60;NORDESTE 3|30 - ELETRODUTOS CORRUGADOS KRONA|ATACADO|MAI26
30 - ELETRODUTOS CORRUGADOS KRONA;NORDESTE 3;NORDESTE;ATACADO;2026-06-01;9384,35;NORDESTE 3|30 - ELETRODUTOS CORRUGADOS KRONA|ATACADO|JUN26
30 - ELETRODUTOS CORRUGADOS KRONA;NORDESTE 3;NORDESTE;ATACADO;2026-07-01;35822,70;NORDESTE 3|30 - ELETRODUTOS CORRUGADOS KRONA|ATACADO|JUL26
30 - ELETRODUTOS CORRUGADOS KRONA;NORDESTE 3;NORDESTE;ATACADO;2026-08-01;30093,31;NORDESTE 3|30 - ELETRODUTOS CORRUGADOS KRONA|ATACADO|AGO26
30 - ELETRODUTOS CORRUGADOS KRONA;NORDESTE 3;NORDESTE;ATACADO;2026-09-01;48572,59;NORDESTE 3|30 - ELETRODUTOS CORRUGADOS KRONA|ATACADO|SET26
30 - ELETRODUTOS CORRUGADOS KRONA;NORDESTE 3;NORDESTE;ATACADO;2026-10-01;59964,69;NORDESTE 3|30 - ELETRODUTOS CORRUGADOS KRONA|ATACADO|OUT26
30 - ELETRODUTOS CORRUGADOS KRONA;NORDESTE 3;NORDESTE;ATACADO;2026-11-01;59965,05;NORDESTE 3|30 - ELETRODUTOS CORRUGADOS KRONA|ATACADO|NOV26
30 - ELETRODUTOS CORRUGADOS KRONA;NORDESTE 3;NORDESTE;ATACADO;2026-12-01;42501,02;NORDESTE 3|30 - ELETRODUTOS CORRUGADOS KRONA|ATACADO|DEZ26
30 - ELETRODUTOS CORRUGADOS KRONA;NORDESTE 3;NORDESTE;OUTROS;2026-04-01;6,24;NORDESTE 3|30 - ELETRODUTOS CORRUGADOS KRONA|OUTROS|ABR26
30 - ELETRODUTOS CORRUGADOS KRONA;NORDESTE 3;NORDESTE;OUTROS;2026-07-01;31,20;NORDESTE 3|30 - ELETRODUTOS CORRUGADOS KRONA|OUTROS|JUL26
30 - ELETRODUTOS CORRUGADOS KRONA;NORDESTE 3;NORDESTE;OUTROS;2026-09-01;3,50;NORDESTE 3|30 - ELETRODUTOS CORRUGADOS KRONA|OUTROS|SET26
30 - ELETRODUTOS CORRUGADOS KRONA;NORDESTE 3;NORDESTE;OUTROS;2026-10-01;4,32;NORDESTE 3|30 - ELETRODUTOS CORRUGADOS KRONA|OUTROS|OUT26
30 - ELETRODUTOS CORRUGADOS KRONA;NORDESTE 3;NORDESTE;OUTROS;2026-11-01;4,32;NORDESTE 3|30 - ELETRODUTOS CORRUGADOS KRONA|OUTROS|NOV26
30 - ELETRODUTOS CORRUGADOS KRONA;NORDESTE 3;NORDESTE;OUTROS;2026-12-01;3,06;NORDESTE 3|30 - ELETRODUTOS CORRUGADOS KRONA|OUTROS|DEZ26
30 - ELETRODUTOS CORRUGADOS KRONA;NORDESTE 3;NORDESTE;VAREJO;2026-01-01;12656,10;NORDESTE 3|30 - ELETRODUTOS CORRUGADOS KRONA|VAREJO|JAN26
30 - ELETRODUTOS CORRUGADOS KRONA;NORDESTE 3;NORDESTE;VAREJO;2026-02-01;21590,92;NORDESTE 3|30 - ELETRODUTOS CORRUGADOS KRONA|VAREJO|FEV26
30 - ELETRODUTOS CORRUGADOS KRONA;NORDESTE 3;NORDESTE;VAREJO;2026-03-01;31972,96;NORDESTE 3|30 - ELETRODUTOS CORRUGADOS KRONA|VAREJO|MAR26
30 - ELETRODUTOS CORRUGADOS KRONA;NORDESTE 3;NORDESTE;VAREJO;2026-04-01;39810,35;NORDESTE 3|30 - ELETRODUTOS CORRUGADOS KRONA|VAREJO|ABR26
30 - ELETRODUTOS CORRUGADOS KRONA;NORDESTE 3;NORDESTE;VAREJO;2026-05-01;26781,69;NORDESTE 3|30 - ELETRODUTOS CORRUGADOS KRONA|VAREJO|MAI26
30 - ELETRODUTOS CORRUGADOS KRONA;NORDESTE 3;NORDESTE;VAREJO;2026-06-01;14997,05;NORDESTE 3|30 - ELETRODUTOS CORRUGADOS KRONA|VAREJO|JUN26
30 - ELETRODUTOS CORRUGADOS KRONA;NORDESTE 3;NORDESTE;VAREJO;2026-07-01;24841,43;NORDESTE 3|30 - ELETRODUTOS CORRUGADOS KRONA|VAREJO|JUL26
30 - ELETRODUTOS CORRUGADOS KRONA;NORDESTE 3;NORDESTE;VAREJO;2026-08-01;31778,20;NORDESTE 3|30 - ELETRODUTOS CORRUGADOS KRONA|VAREJO|AGO26
30 - ELETRODUTOS CORRUGADOS KRONA;NORDESTE 3;NORDESTE;VAREJO;2026-09-01;31423,91;NORDESTE 3|30 - ELETRODUTOS CORRUGADOS KRONA|VAREJO|SET26
30 - ELETRODUTOS CORRUGADOS KRONA;NORDESTE 3;NORDESTE;VAREJO;2026-10-01;38793,99;NORDESTE 3|30 - ELETRODUTOS CORRUGADOS KRONA|VAREJO|OUT26
30 - ELETRODUTOS CORRUGADOS KRONA;NORDESTE 3;NORDESTE;VAREJO;2026-11-01;38794,23;NORDESTE 3|30 - ELETRODUTOS CORRUGADOS KRONA|VAREJO|NOV26
30 - ELETRODUTOS CORRUGADOS KRONA;NORDESTE 3;NORDESTE;VAREJO;2026-12-01;27495,92;NORDESTE 3|30 - ELETRODUTOS CORRUGADOS KRONA|VAREJO|DEZ26
30 - ELETRODUTOS CORRUGADOS KRONA;NORTE;CO NO;ATACADO;2026-01-01;8174,40;NORTE|30 - ELETRODUTOS CORRUGADOS KRONA|ATACADO|JAN26
30 - ELETRODUTOS CORRUGADOS KRONA;NORTE;CO NO;ATACADO;2026-02-01;13697,65;NORTE|30 - ELETRODUTOS CORRUGADOS KRONA|ATACADO|FEV26
30 - ELETRODUTOS CORRUGADOS KRONA;NORTE;CO NO;ATACADO;2026-03-01;5301,38;NORTE|30 - ELETRODUTOS CORRUGADOS KRONA|ATACADO|MAR26
30 - ELETRODUTOS CORRUGADOS KRONA;NORTE;CO NO;ATACADO;2026-04-01;21971,72;NORTE|30 - ELETRODUTOS CORRUGADOS KRONA|ATACADO|ABR26
30 - ELETRODUTOS CORRUGADOS KRONA;NORTE;CO NO;ATACADO;2026-05-01;3353,85;NORTE|30 - ELETRODUTOS CORRUGADOS KRONA|ATACADO|MAI26
30 - ELETRODUTOS CORRUGADOS KRONA;NORTE;CO NO;ATACADO;2026-06-01;1909,80;NORTE|30 - ELETRODUTOS CORRUGADOS KRONA|ATACADO|JUN26
30 - ELETRODUTOS CORRUGADOS KRONA;NORTE;CO NO;ATACADO;2026-07-01;5090,64;NORTE|30 - ELETRODUTOS CORRUGADOS KRONA|ATACADO|JUL26
30 - ELETRODUTOS CORRUGADOS KRONA;NORTE;CO NO;ATACADO;2026-08-01;6780,70;NORTE|30 - ELETRODUTOS CORRUGADOS KRONA|ATACADO|AGO26
30 - ELETRODUTOS CORRUGADOS KRONA;NORTE;CO NO;ATACADO;2026-09-01;6719,29;NORTE|30 - ELETRODUTOS CORRUGADOS KRONA|ATACADO|SET26
30 - ELETRODUTOS CORRUGADOS KRONA;NORTE;CO NO;ATACADO;2026-10-01;6135,92;NORTE|30 - ELETRODUTOS CORRUGADOS KRONA|ATACADO|OUT26
30 - ELETRODUTOS CORRUGADOS KRONA;NORTE;CO NO;ATACADO;2026-11-01;7006,38;NORTE|30 - ELETRODUTOS CORRUGADOS KRONA|ATACADO|NOV26
30 - ELETRODUTOS CORRUGADOS KRONA;NORTE;CO NO;ATACADO;2026-12-01;5635,80;NORTE|30 - ELETRODUTOS CORRUGADOS KRONA|ATACADO|DEZ26
30 - ELETRODUTOS CORRUGADOS KRONA;NORTE;CO NO;VAREJO;2026-01-01;7748,51;NORTE|30 - ELETRODUTOS CORRUGADOS KRONA|VAREJO|JAN26
30 - ELETRODUTOS CORRUGADOS KRONA;NORTE;CO NO;VAREJO;2026-02-01;13849,54;NORTE|30 - ELETRODUTOS CORRUGADOS KRONA|VAREJO|FEV26
30 - ELETRODUTOS CORRUGADOS KRONA;NORTE;CO NO;VAREJO;2026-03-01;16149,63;NORTE|30 - ELETRODUTOS CORRUGADOS KRONA|VAREJO|MAR26
30 - ELETRODUTOS CORRUGADOS KRONA;NORTE;CO NO;VAREJO;2026-04-01;26452,25;NORTE|30 - ELETRODUTOS CORRUGADOS KRONA|VAREJO|ABR26
30 - ELETRODUTOS CORRUGADOS KRONA;NORTE;CO NO;VAREJO;2026-05-01;19525,84;NORTE|30 - ELETRODUTOS CORRUGADOS KRONA|VAREJO|MAI26
30 - ELETRODUTOS CORRUGADOS KRONA;NORTE;CO NO;VAREJO;2026-06-01;21586,99;NORTE|30 - ELETRODUTOS CORRUGADOS KRONA|VAREJO|JUN26
30 - ELETRODUTOS CORRUGADOS KRONA;NORTE;CO NO;VAREJO;2026-07-01;11688,44;NORTE|30 - ELETRODUTOS CORRUGADOS KRONA|VAREJO|JUL26
30 - ELETRODUTOS CORRUGADOS KRONA;NORTE;CO NO;VAREJO;2026-08-01;21289,17;NORTE|30 - ELETRODUTOS CORRUGADOS KRONA|VAREJO|AGO26
30 - ELETRODUTOS CORRUGADOS KRONA;NORTE;CO NO;VAREJO;2026-09-01;15959,71;NORTE|30 - ELETRODUTOS CORRUGADOS KRONA|VAREJO|SET26
30 - ELETRODUTOS CORRUGADOS KRONA;NORTE;CO NO;VAREJO;2026-10-01;14574,08;NORTE|30 - ELETRODUTOS CORRUGADOS KRONA|VAREJO|OUT26
30 - ELETRODUTOS CORRUGADOS KRONA;NORTE;CO NO;VAREJO;2026-11-01;16641,62;NORTE|30 - ELETRODUTOS CORRUGADOS KRONA|VAREJO|NOV26
30 - ELETRODUTOS CORRUGADOS KRONA;NORTE;CO NO;VAREJO;2026-12-01;13386,20;NORTE|30 - ELETRODUTOS CORRUGADOS KRONA|VAREJO|DEZ26
30 - ELETRODUTOS CORRUGADOS KRONA;PARANA;SUL;ATACADO;2026-01-01;1577,62;PARANA|30 - ELETRODUTOS CORRUGADOS KRONA|ATACADO|JAN26
30 - ELETRODUTOS CORRUGADOS KRONA;PARANA;SUL;ATACADO;2026-02-01;4511,84;PARANA|30 - ELETRODUTOS CORRUGADOS KRONA|ATACADO|FEV26
30 - ELETRODUTOS CORRUGADOS KRONA;PARANA;SUL;ATACADO;2026-03-01;9486,01;PARANA|30 - ELETRODUTOS CORRUGADOS KRONA|ATACADO|MAR26
30 - ELETRODUTOS CORRUGADOS KRONA;PARANA;SUL;ATACADO;2026-04-01;7466,39;PARANA|30 - ELETRODUTOS CORRUGADOS KRONA|ATACADO|ABR26
30 - ELETRODUTOS CORRUGADOS KRONA;PARANA;SUL;ATACADO;2026-05-01;1469,39;PARANA|30 - ELETRODUTOS CORRUGADOS KRONA|ATACADO|MAI26
30 - ELETRODUTOS CORRUGADOS KRONA;PARANA;SUL;ATACADO;2026-06-01;2257,70;PARANA|30 - ELETRODUTOS CORRUGADOS KRONA|ATACADO|JUN26
30 - ELETRODUTOS CORRUGADOS KRONA;PARANA;SUL;ATACADO;2026-07-01;4839,55;PARANA|30 - ELETRODUTOS CORRUGADOS KRONA|ATACADO|JUL26
30 - ELETRODUTOS CORRUGADOS KRONA;PARANA;SUL;ATACADO;2026-08-01;5779,97;PARANA|30 - ELETRODUTOS CORRUGADOS KRONA|ATACADO|AGO26
30 - ELETRODUTOS CORRUGADOS KRONA;PARANA;SUL;ATACADO;2026-09-01;5254,52;PARANA|30 - ELETRODUTOS CORRUGADOS KRONA|ATACADO|SET26
30 - ELETRODUTOS CORRUGADOS KRONA;PARANA;SUL;ATACADO;2026-10-01;4482,16;PARANA|30 - ELETRODUTOS CORRUGADOS KRONA|ATACADO|OUT26
30 - ELETRODUTOS CORRUGADOS KRONA;PARANA;SUL;ATACADO;2026-11-01;3264,28;PARANA|30 - ELETRODUTOS CORRUGADOS KRONA|ATACADO|NOV26
30 - ELETRODUTOS CORRUGADOS KRONA;PARANA;SUL;ATACADO;2026-12-01;2968,82;PARANA|30 - ELETRODUTOS CORRUGADOS KRONA|ATACADO|DEZ26
30 - ELETRODUTOS CORRUGADOS KRONA;PARANA;SUL;OUTROS;2026-05-01;15,60;PARANA|30 - ELETRODUTOS CORRUGADOS KRONA|OUTROS|MAI26
30 - ELETRODUTOS CORRUGADOS KRONA;PARANA;SUL;OUTROS;2026-08-01;26,96;PARANA|30 - ELETRODUTOS CORRUGADOS KRONA|OUTROS|AGO26
30 - ELETRODUTOS CORRUGADOS KRONA;PARANA;SUL;OUTROS;2026-09-01;4,13;PARANA|30 - ELETRODUTOS CORRUGADOS KRONA|OUTROS|SET26
30 - ELETRODUTOS CORRUGADOS KRONA;PARANA;SUL;OUTROS;2026-10-01;3,52;PARANA|30 - ELETRODUTOS CORRUGADOS KRONA|OUTROS|OUT26
30 - ELETRODUTOS CORRUGADOS KRONA;PARANA;SUL;OUTROS;2026-11-01;2,56;PARANA|30 - ELETRODUTOS CORRUGADOS KRONA|OUTROS|NOV26
30 - ELETRODUTOS CORRUGADOS KRONA;PARANA;SUL;OUTROS;2026-12-01;2,33;PARANA|30 - ELETRODUTOS CORRUGADOS KRONA|OUTROS|DEZ26
30 - ELETRODUTOS CORRUGADOS KRONA;PARANA;SUL;VAREJO;2026-01-01;9591,80;PARANA|30 - ELETRODUTOS CORRUGADOS KRONA|VAREJO|JAN26
30 - ELETRODUTOS CORRUGADOS KRONA;PARANA;SUL;VAREJO;2026-02-01;15318,07;PARANA|30 - ELETRODUTOS CORRUGADOS KRONA|VAREJO|FEV26
30 - ELETRODUTOS CORRUGADOS KRONA;PARANA;SUL;VAREJO;2026-03-01;20588,00;PARANA|30 - ELETRODUTOS CORRUGADOS KRONA|VAREJO|MAR26
30 - ELETRODUTOS CORRUGADOS KRONA;PARANA;SUL;VAREJO;2026-04-01;21738,75;PARANA|30 - ELETRODUTOS CORRUGADOS KRONA|VAREJO|ABR26
30 - ELETRODUTOS CORRUGADOS KRONA;PARANA;SUL;VAREJO;2026-05-01;26368,01;PARANA|30 - ELETRODUTOS CORRUGADOS KRONA|VAREJO|MAI26
30 - ELETRODUTOS CORRUGADOS KRONA;PARANA;SUL;VAREJO;2026-06-01;7148,71;PARANA|30 - ELETRODUTOS CORRUGADOS KRONA|VAREJO|JUN26
30 - ELETRODUTOS CORRUGADOS KRONA;PARANA;SUL;VAREJO;2026-07-01;12675,85;PARANA|30 - ELETRODUTOS CORRUGADOS KRONA|VAREJO|JUL26
30 - ELETRODUTOS CORRUGADOS KRONA;PARANA;SUL;VAREJO;2026-08-01;18639,75;PARANA|30 - ELETRODUTOS CORRUGADOS KRONA|VAREJO|AGO26
30 - ELETRODUTOS CORRUGADOS KRONA;PARANA;SUL;VAREJO;2026-09-01;19355,35;PARANA|30 - ELETRODUTOS CORRUGADOS KRONA|VAREJO|SET26
30 - ELETRODUTOS CORRUGADOS KRONA;PARANA;SUL;VAREJO;2026-10-01;16510,32;PARANA|30 - ELETRODUTOS CORRUGADOS KRONA|VAREJO|OUT26
30 - ELETRODUTOS CORRUGADOS KRONA;PARANA;SUL;VAREJO;2026-11-01;12024,16;PARANA|30 - ELETRODUTOS CORRUGADOS KRONA|VAREJO|NOV26
30 - ELETRODUTOS CORRUGADOS KRONA;PARANA;SUL;VAREJO;2026-12-01;10935,84;PARANA|30 - ELETRODUTOS CORRUGADOS KRONA|VAREJO|DEZ26
30 - ELETRODUTOS CORRUGADOS KRONA;RIO GRANDE DO SUL;SUL;ATACADO;2026-02-01;16177,46;RIO GRANDE DO SUL|30 - ELETRODUTOS CORRUGADOS KRONA|ATACADO|FEV26
30 - ELETRODUTOS CORRUGADOS KRONA;RIO GRANDE DO SUL;SUL;ATACADO;2026-03-01;26083,35;RIO GRANDE DO SUL|30 - ELETRODUTOS CORRUGADOS KRONA|ATACADO|MAR26
30 - ELETRODUTOS CORRUGADOS KRONA;RIO GRANDE DO SUL;SUL;ATACADO;2026-04-01;31528,06;RIO GRANDE DO SUL|30 - ELETRODUTOS CORRUGADOS KRONA|ATACADO|ABR26
30 - ELETRODUTOS CORRUGADOS KRONA;RIO GRANDE DO SUL;SUL;ATACADO;2026-05-01;859,09;RIO GRANDE DO SUL|30 - ELETRODUTOS CORRUGADOS KRONA|ATACADO|MAI26
30 - ELETRODUTOS CORRUGADOS KRONA;RIO GRANDE DO SUL;SUL;ATACADO;2026-06-01;200,16;RIO GRANDE DO SUL|30 - ELETRODUTOS CORRUGADOS KRONA|ATACADO|JUN26
30 - ELETRODUTOS CORRUGADOS KRONA;RIO GRANDE DO SUL;SUL;ATACADO;2026-07-01;2990,87;RIO GRANDE DO SUL|30 - ELETRODUTOS CORRUGADOS KRONA|ATACADO|JUL26
30 - ELETRODUTOS CORRUGADOS KRONA;RIO GRANDE DO SUL;SUL;ATACADO;2026-08-01;6013,26;RIO GRANDE DO SUL|30 - ELETRODUTOS CORRUGADOS KRONA|ATACADO|AGO26
30 - ELETRODUTOS CORRUGADOS KRONA;RIO GRANDE DO SUL;SUL;ATACADO;2026-09-01;12392,28;RIO GRANDE DO SUL|30 - ELETRODUTOS CORRUGADOS KRONA|ATACADO|SET26
30 - ELETRODUTOS CORRUGADOS KRONA;RIO GRANDE DO SUL;SUL;ATACADO;2026-10-01;13117,86;RIO GRANDE DO SUL|30 - ELETRODUTOS CORRUGADOS KRONA|ATACADO|OUT26
30 - ELETRODUTOS CORRUGADOS KRONA;RIO GRANDE DO SUL;SUL;ATACADO;2026-11-01;11133,84;RIO GRANDE DO SUL|30 - ELETRODUTOS CORRUGADOS KRONA|ATACADO|NOV26
30 - ELETRODUTOS CORRUGADOS KRONA;RIO GRANDE DO SUL;SUL;ATACADO;2026-12-01;9025,02;RIO GRANDE DO SUL|30 - ELETRODUTOS CORRUGADOS KRONA|ATACADO|DEZ26
30 - ELETRODUTOS CORRUGADOS KRONA;RIO GRANDE DO SUL;SUL;OUTROS;2026-01-01;96,00;RIO GRANDE DO SUL|30 - ELETRODUTOS CORRUGADOS KRONA|OUTROS|JAN26
30 - ELETRODUTOS CORRUGADOS KRONA;RIO GRANDE DO SUL;SUL;OUTROS;2026-02-01;51,12;RIO GRANDE DO SUL|30 - ELETRODUTOS CORRUGADOS KRONA|OUTROS|FEV26
30 - ELETRODUTOS CORRUGADOS KRONA;RIO GRANDE DO SUL;SUL;OUTROS;2026-03-01;134,40;RIO GRANDE DO SUL|30 - ELETRODUTOS CORRUGADOS KRONA|OUTROS|MAR26
30 - ELETRODUTOS CORRUGADOS KRONA;RIO GRANDE DO SUL;SUL;OUTROS;2026-04-01;155,50;RIO GRANDE DO SUL|30 - ELETRODUTOS CORRUGADOS KRONA|OUTROS|ABR26
30 - ELETRODUTOS CORRUGADOS KRONA;RIO GRANDE DO SUL;SUL;OUTROS;2026-05-01;72,00;RIO GRANDE DO SUL|30 - ELETRODUTOS CORRUGADOS KRONA|OUTROS|MAI26
30 - ELETRODUTOS CORRUGADOS KRONA;RIO GRANDE DO SUL;SUL;OUTROS;2026-06-01;96,00;RIO GRANDE DO SUL|30 - ELETRODUTOS CORRUGADOS KRONA|OUTROS|JUN26
30 - ELETRODUTOS CORRUGADOS KRONA;RIO GRANDE DO SUL;SUL;OUTROS;2026-07-01;72,00;RIO GRANDE DO SUL|30 - ELETRODUTOS CORRUGADOS KRONA|OUTROS|JUL26
30 - ELETRODUTOS CORRUGADOS KRONA;RIO GRANDE DO SUL;SUL;OUTROS;2026-08-01;89,35;RIO GRANDE DO SUL|30 - ELETRODUTOS CORRUGADOS KRONA|OUTROS|AGO26
30 - ELETRODUTOS CORRUGADOS KRONA;RIO GRANDE DO SUL;SUL;OUTROS;2026-09-01;104,98;RIO GRANDE DO SUL|30 - ELETRODUTOS CORRUGADOS KRONA|OUTROS|SET26
30 - ELETRODUTOS CORRUGADOS KRONA;RIO GRANDE DO SUL;SUL;OUTROS;2026-10-01;111,13;RIO GRANDE DO SUL|30 - ELETRODUTOS CORRUGADOS KRONA|OUTROS|OUT26
30 - ELETRODUTOS CORRUGADOS KRONA;RIO GRANDE DO SUL;SUL;OUTROS;2026-11-01;94,32;RIO GRANDE DO SUL|30 - ELETRODUTOS CORRUGADOS KRONA|OUTROS|NOV26
30 - ELETRODUTOS CORRUGADOS KRONA;RIO GRANDE DO SUL;SUL;OUTROS;2026-12-01;76,46;RIO GRANDE DO SUL|30 - ELETRODUTOS CORRUGADOS KRONA|OUTROS|DEZ26
30 - ELETRODUTOS CORRUGADOS KRONA;RIO GRANDE DO SUL;SUL;VAREJO;2026-01-01;3207,45;RIO GRANDE DO SUL|30 - ELETRODUTOS CORRUGADOS KRONA|VAREJO|JAN26
30 - ELETRODUTOS CORRUGADOS KRONA;RIO GRANDE DO SUL;SUL;VAREJO;2026-02-01;5110,65;RIO GRANDE DO SUL|30 - ELETRODUTOS CORRUGADOS KRONA|VAREJO|FEV26
30 - ELETRODUTOS CORRUGADOS KRONA;RIO GRANDE DO SUL;SUL;VAREJO;2026-03-01;11329,39;RIO GRANDE DO SUL|30 - ELETRODUTOS CORRUGADOS KRONA|VAREJO|MAR26
30 - ELETRODUTOS CORRUGADOS KRONA;RIO GRANDE DO SUL;SUL;VAREJO;2026-04-01;12086,73;RIO GRANDE DO SUL|30 - ELETRODUTOS CORRUGADOS KRONA|VAREJO|ABR26
30 - ELETRODUTOS CORRUGADOS KRONA;RIO GRANDE DO SUL;SUL;VAREJO;2026-05-01;13302,87;RIO GRANDE DO SUL|30 - ELETRODUTOS CORRUGADOS KRONA|VAREJO|MAI26
30 - ELETRODUTOS CORRUGADOS KRONA;RIO GRANDE DO SUL;SUL;VAREJO;2026-06-01;3859,19;RIO GRANDE DO SUL|30 - ELETRODUTOS CORRUGADOS KRONA|VAREJO|JUN26
30 - ELETRODUTOS CORRUGADOS KRONA;RIO GRANDE DO SUL;SUL;VAREJO;2026-07-01;3894,57;RIO GRANDE DO SUL|30 - ELETRODUTOS CORRUGADOS KRONA|VAREJO|JUL26
30 - ELETRODUTOS CORRUGADOS KRONA;RIO GRANDE DO SUL;SUL;VAREJO;2026-08-01;13224,91;RIO GRANDE DO SUL|30 - ELETRODUTOS CORRUGADOS KRONA|VAREJO|AGO26
30 - ELETRODUTOS CORRUGADOS KRONA;RIO GRANDE DO SUL;SUL;VAREJO;2026-09-01;8677,73;RIO GRANDE DO SUL|30 - ELETRODUTOS CORRUGADOS KRONA|VAREJO|SET26
30 - ELETRODUTOS CORRUGADOS KRONA;RIO GRANDE DO SUL;SUL;VAREJO;2026-10-01;9185,82;RIO GRANDE DO SUL|30 - ELETRODUTOS CORRUGADOS KRONA|VAREJO|OUT26
30 - ELETRODUTOS CORRUGADOS KRONA;RIO GRANDE DO SUL;SUL;VAREJO;2026-11-01;7796,51;RIO GRANDE DO SUL|30 - ELETRODUTOS CORRUGADOS KRONA|VAREJO|NOV26
30 - ELETRODUTOS CORRUGADOS KRONA;RIO GRANDE DO SUL;SUL;VAREJO;2026-12-01;6319,80;RIO GRANDE DO SUL|30 - ELETRODUTOS CORRUGADOS KRONA|VAREJO|DEZ26
30 - ELETRODUTOS CORRUGADOS KRONA;RJ/ES;MINAS RJ/ES;ATACADO;2026-01-01;1386,92;RJ/ES|30 - ELETRODUTOS CORRUGADOS KRONA|ATACADO|JAN26
30 - ELETRODUTOS CORRUGADOS KRONA;RJ/ES;MINAS RJ/ES;ATACADO;2026-02-01;7733,63;RJ/ES|30 - ELETRODUTOS CORRUGADOS KRONA|ATACADO|FEV26
30 - ELETRODUTOS CORRUGADOS KRONA;RJ/ES;MINAS RJ/ES;ATACADO;2026-03-01;26931,19;RJ/ES|30 - ELETRODUTOS CORRUGADOS KRONA|ATACADO|MAR26
30 - ELETRODUTOS CORRUGADOS KRONA;RJ/ES;MINAS RJ/ES;ATACADO;2026-04-01;10027,10;RJ/ES|30 - ELETRODUTOS CORRUGADOS KRONA|ATACADO|ABR26
30 - ELETRODUTOS CORRUGADOS KRONA;RJ/ES;MINAS RJ/ES;ATACADO;2026-05-01;930,10;RJ/ES|30 - ELETRODUTOS CORRUGADOS KRONA|ATACADO|MAI26
30 - ELETRODUTOS CORRUGADOS KRONA;RJ/ES;MINAS RJ/ES;ATACADO;2026-06-01;10718,43;RJ/ES|30 - ELETRODUTOS CORRUGADOS KRONA|ATACADO|JUN26
30 - ELETRODUTOS CORRUGADOS KRONA;RJ/ES;MINAS RJ/ES;ATACADO;2026-07-01;14976,60;RJ/ES|30 - ELETRODUTOS CORRUGADOS KRONA|ATACADO|JUL26
30 - ELETRODUTOS CORRUGADOS KRONA;RJ/ES;MINAS RJ/ES;ATACADO;2026-08-01;13938,51;RJ/ES|30 - ELETRODUTOS CORRUGADOS KRONA|ATACADO|AGO26
30 - ELETRODUTOS CORRUGADOS KRONA;RJ/ES;MINAS RJ/ES;ATACADO;2026-09-01;12180,81;RJ/ES|30 - ELETRODUTOS CORRUGADOS KRONA|ATACADO|SET26
30 - ELETRODUTOS CORRUGADOS KRONA;RJ/ES;MINAS RJ/ES;ATACADO;2026-10-01;12180,81;RJ/ES|30 - ELETRODUTOS CORRUGADOS KRONA|ATACADO|OUT26
30 - ELETRODUTOS CORRUGADOS KRONA;RJ/ES;MINAS RJ/ES;ATACADO;2026-11-01;12180,81;RJ/ES|30 - ELETRODUTOS CORRUGADOS KRONA|ATACADO|NOV26
30 - ELETRODUTOS CORRUGADOS KRONA;RJ/ES;MINAS RJ/ES;ATACADO;2026-12-01;12180,81;RJ/ES|30 - ELETRODUTOS CORRUGADOS KRONA|ATACADO|DEZ26
30 - ELETRODUTOS CORRUGADOS KRONA;RJ/ES;MINAS RJ/ES;OUTROS;2026-03-01;25,00;RJ/ES|30 - ELETRODUTOS CORRUGADOS KRONA|OUTROS|MAR26
30 - ELETRODUTOS CORRUGADOS KRONA;RJ/ES;MINAS RJ/ES;OUTROS;2026-04-01;294,88;RJ/ES|30 - ELETRODUTOS CORRUGADOS KRONA|OUTROS|ABR26
30 - ELETRODUTOS CORRUGADOS KRONA;RJ/ES;MINAS RJ/ES;OUTROS;2026-07-01;25,00;RJ/ES|30 - ELETRODUTOS CORRUGADOS KRONA|OUTROS|JUL26
30 - ELETRODUTOS CORRUGADOS KRONA;RJ/ES;MINAS RJ/ES;OUTROS;2026-08-01;237,50;RJ/ES|30 - ELETRODUTOS CORRUGADOS KRONA|OUTROS|AGO26
30 - ELETRODUTOS CORRUGADOS KRONA;RJ/ES;MINAS RJ/ES;OUTROS;2026-09-01;103,50;RJ/ES|30 - ELETRODUTOS CORRUGADOS KRONA|OUTROS|SET26
30 - ELETRODUTOS CORRUGADOS KRONA;RJ/ES;MINAS RJ/ES;OUTROS;2026-10-01;103,50;RJ/ES|30 - ELETRODUTOS CORRUGADOS KRONA|OUTROS|OUT26
30 - ELETRODUTOS CORRUGADOS KRONA;RJ/ES;MINAS RJ/ES;OUTROS;2026-11-01;103,50;RJ/ES|30 - ELETRODUTOS CORRUGADOS KRONA|OUTROS|NOV26
30 - ELETRODUTOS CORRUGADOS KRONA;RJ/ES;MINAS RJ/ES;OUTROS;2026-12-01;103,50;RJ/ES|30 - ELETRODUTOS CORRUGADOS KRONA|OUTROS|DEZ26
30 - ELETRODUTOS CORRUGADOS KRONA;RJ/ES;MINAS RJ/ES;VAREJO;2026-01-01;1397,86;RJ/ES|30 - ELETRODUTOS CORRUGADOS KRONA|VAREJO|JAN26
30 - ELETRODUTOS CORRUGADOS KRONA;RJ/ES;MINAS RJ/ES;VAREJO;2026-02-01;11287,05;RJ/ES|30 - ELETRODUTOS CORRUGADOS KRONA|VAREJO|FEV26
30 - ELETRODUTOS CORRUGADOS KRONA;RJ/ES;MINAS RJ/ES;VAREJO;2026-03-01;4117,95;RJ/ES|30 - ELETRODUTOS CORRUGADOS KRONA|VAREJO|MAR26
30 - ELETRODUTOS CORRUGADOS KRONA;RJ/ES;MINAS RJ/ES;VAREJO;2026-04-01;10210,09;RJ/ES|30 - ELETRODUTOS CORRUGADOS KRONA|VAREJO|ABR26
30 - ELETRODUTOS CORRUGADOS KRONA;RJ/ES;MINAS RJ/ES;VAREJO;2026-05-01;9079,14;RJ/ES|30 - ELETRODUTOS CORRUGADOS KRONA|VAREJO|MAI26
30 - ELETRODUTOS CORRUGADOS KRONA;RJ/ES;MINAS RJ/ES;VAREJO;2026-06-01;2868,51;RJ/ES|30 - ELETRODUTOS CORRUGADOS KRONA|VAREJO|JUN26
30 - ELETRODUTOS CORRUGADOS KRONA;RJ/ES;MINAS RJ/ES;VAREJO;2026-07-01;8361,50;RJ/ES|30 - ELETRODUTOS CORRUGADOS KRONA|VAREJO|JUL26
30 - ELETRODUTOS CORRUGADOS KRONA;RJ/ES;MINAS RJ/ES;VAREJO;2026-08-01;6086,95;RJ/ES|30 - ELETRODUTOS CORRUGADOS KRONA|VAREJO|AGO26
30 - ELETRODUTOS CORRUGADOS KRONA;RJ/ES;MINAS RJ/ES;VAREJO;2026-09-01;7715,69;RJ/ES|30 - ELETRODUTOS CORRUGADOS KRONA|VAREJO|SET26
30 - ELETRODUTOS CORRUGADOS KRONA;RJ/ES;MINAS RJ/ES;VAREJO;2026-10-01;7715,69;RJ/ES|30 - ELETRODUTOS CORRUGADOS KRONA|VAREJO|OUT26
30 - ELETRODUTOS CORRUGADOS KRONA;RJ/ES;MINAS RJ/ES;VAREJO;2026-11-01;7715,69;RJ/ES|30 - ELETRODUTOS CORRUGADOS KRONA|VAREJO|NOV26
30 - ELETRODUTOS CORRUGADOS KRONA;RJ/ES;MINAS RJ/ES;VAREJO;2026-12-01;7715,69;RJ/ES|30 - ELETRODUTOS CORRUGADOS KRONA|VAREJO|DEZ26
30 - ELETRODUTOS CORRUGADOS KRONA;SANTA CATARINA 01;SUL;ATACADO;2026-01-01;502,59;SANTA CATARINA 01|30 - ELETRODUTOS CORRUGADOS KRONA|ATACADO|JAN26
30 - ELETRODUTOS CORRUGADOS KRONA;SANTA CATARINA 01;SUL;ATACADO;2026-02-01;4733,20;SANTA CATARINA 01|30 - ELETRODUTOS CORRUGADOS KRONA|ATACADO|FEV26
30 - ELETRODUTOS CORRUGADOS KRONA;SANTA CATARINA 01;SUL;ATACADO;2026-03-01;3201,43;SANTA CATARINA 01|30 - ELETRODUTOS CORRUGADOS KRONA|ATACADO|MAR26
30 - ELETRODUTOS CORRUGADOS KRONA;SANTA CATARINA 01;SUL;ATACADO;2026-04-01;5217,40;SANTA CATARINA 01|30 - ELETRODUTOS CORRUGADOS KRONA|ATACADO|ABR26
30 - ELETRODUTOS CORRUGADOS KRONA;SANTA CATARINA 01;SUL;ATACADO;2026-05-01;828,00;SANTA CATARINA 01|30 - ELETRODUTOS CORRUGADOS KRONA|ATACADO|MAI26
30 - ELETRODUTOS CORRUGADOS KRONA;SANTA CATARINA 01;SUL;ATACADO;2026-06-01;2349,88;SANTA CATARINA 01|30 - ELETRODUTOS CORRUGADOS KRONA|ATACADO|JUN26
30 - ELETRODUTOS CORRUGADOS KRONA;SANTA CATARINA 01;SUL;ATACADO;2026-07-01;1216,05;SANTA CATARINA 01|30 - ELETRODUTOS CORRUGADOS KRONA|ATACADO|JUL26
30 - ELETRODUTOS CORRUGADOS KRONA;SANTA CATARINA 01;SUL;ATACADO;2026-08-01;6564,19;SANTA CATARINA 01|30 - ELETRODUTOS CORRUGADOS KRONA|ATACADO|AGO26
30 - ELETRODUTOS CORRUGADOS KRONA;SANTA CATARINA 01;SUL;ATACADO;2026-09-01;3379,74;SANTA CATARINA 01|30 - ELETRODUTOS CORRUGADOS KRONA|ATACADO|SET26
30 - ELETRODUTOS CORRUGADOS KRONA;SANTA CATARINA 01;SUL;ATACADO;2026-10-01;3980,41;SANTA CATARINA 01|30 - ELETRODUTOS CORRUGADOS KRONA|ATACADO|OUT26
30 - ELETRODUTOS CORRUGADOS KRONA;SANTA CATARINA 01;SUL;ATACADO;2026-11-01;3051,00;SANTA CATARINA 01|30 - ELETRODUTOS CORRUGADOS KRONA|ATACADO|NOV26
30 - ELETRODUTOS CORRUGADOS KRONA;SANTA CATARINA 01;SUL;ATACADO;2026-12-01;1557,46;SANTA CATARINA 01|30 - ELETRODUTOS CORRUGADOS KRONA|ATACADO|DEZ26
30 - ELETRODUTOS CORRUGADOS KRONA;SANTA CATARINA 01;SUL;OUTROS;2026-09-01;4,71;SANTA CATARINA 01|30 - ELETRODUTOS CORRUGADOS KRONA|OUTROS|SET26
30 - ELETRODUTOS CORRUGADOS KRONA;SANTA CATARINA 01;SUL;OUTROS;2026-10-01;5,55;SANTA CATARINA 01|30 - ELETRODUTOS CORRUGADOS KRONA|OUTROS|OUT26
30 - ELETRODUTOS CORRUGADOS KRONA;SANTA CATARINA 01;SUL;OUTROS;2026-11-01;4,25;SANTA CATARINA 01|30 - ELETRODUTOS CORRUGADOS KRONA|OUTROS|NOV26
30 - ELETRODUTOS CORRUGADOS KRONA;SANTA CATARINA 01;SUL;OUTROS;2026-12-01;2,17;SANTA CATARINA 01|30 - ELETRODUTOS CORRUGADOS KRONA|OUTROS|DEZ26
30 - ELETRODUTOS CORRUGADOS KRONA;SANTA CATARINA 01;SUL;VAREJO;2026-01-01;1142,84;SANTA CATARINA 01|30 - ELETRODUTOS CORRUGADOS KRONA|VAREJO|JAN26
30 - ELETRODUTOS CORRUGADOS KRONA;SANTA CATARINA 01;SUL;VAREJO;2026-02-01;4767,74;SANTA CATARINA 01|30 - ELETRODUTOS CORRUGADOS KRONA|VAREJO|FEV26
30 - ELETRODUTOS CORRUGADOS KRONA;SANTA CATARINA 01;SUL;VAREJO;2026-03-01;5294,35;SANTA CATARINA 01|30 - ELETRODUTOS CORRUGADOS KRONA|VAREJO|MAR26
30 - ELETRODUTOS CORRUGADOS KRONA;SANTA CATARINA 01;SUL;VAREJO;2026-04-01;5477,64;SANTA CATARINA 01|30 - ELETRODUTOS CORRUGADOS KRONA|VAREJO|ABR26
30 - ELETRODUTOS CORRUGADOS KRONA;SANTA CATARINA 01;SUL;VAREJO;2026-05-01;8115,98;SANTA CATARINA 01|30 - ELETRODUTOS CORRUGADOS KRONA|VAREJO|MAI26
30 - ELETRODUTOS CORRUGADOS KRONA;SANTA CATARINA 01;SUL;VAREJO;2026-06-01;3785,56;SANTA CATARINA 01|30 - ELETRODUTOS CORRUGADOS KRONA|VAREJO|JUN26
30 - ELETRODUTOS CORRUGADOS KRONA;SANTA CATARINA 01;SUL;VAREJO;2026-07-01;3151,06;SANTA CATARINA 01|30 - ELETRODUTOS CORRUGADOS KRONA|VAREJO|JUL26
30 - ELETRODUTOS CORRUGADOS KRONA;SANTA CATARINA 01;SUL;VAREJO;2026-08-01;8105,92;SANTA CATARINA 01|30 - ELETRODUTOS CORRUGADOS KRONA|VAREJO|AGO26
30 - ELETRODUTOS CORRUGADOS KRONA;SANTA CATARINA 01;SUL;VAREJO;2026-09-01;5477,54;SANTA CATARINA 01|30 - ELETRODUTOS CORRUGADOS KRONA|VAREJO|SET26
30 - ELETRODUTOS CORRUGADOS KRONA;SANTA CATARINA 01;SUL;VAREJO;2026-10-01;6451,04;SANTA CATARINA 01|30 - ELETRODUTOS CORRUGADOS KRONA|VAREJO|OUT26
30 - ELETRODUTOS CORRUGADOS KRONA;SANTA CATARINA 01;SUL;VAREJO;2026-11-01;4944,75;SANTA CATARINA 01|30 - ELETRODUTOS CORRUGADOS KRONA|VAREJO|NOV26
30 - ELETRODUTOS CORRUGADOS KRONA;SANTA CATARINA 01;SUL;VAREJO;2026-12-01;2524,18;SANTA CATARINA 01|30 - ELETRODUTOS CORRUGADOS KRONA|VAREJO|DEZ26
30 - ELETRODUTOS CORRUGADOS KRONA;SANTA CATARINA 02;SUL;ATACADO;2026-01-01;1330,99;SANTA CATARINA 02|30 - ELETRODUTOS CORRUGADOS KRONA|ATACADO|JAN26
30 - ELETRODUTOS CORRUGADOS KRONA;SANTA CATARINA 02;SUL;ATACADO;2026-02-01;5005,45;SANTA CATARINA 02|30 - ELETRODUTOS CORRUGADOS KRONA|ATACADO|FEV26
30 - ELETRODUTOS CORRUGADOS KRONA;SANTA CATARINA 02;SUL;ATACADO;2026-03-01;3155,56;SANTA CATARINA 02|30 - ELETRODUTOS CORRUGADOS KRONA|ATACADO|MAR26
30 - ELETRODUTOS CORRUGADOS KRONA;SANTA CATARINA 02;SUL;ATACADO;2026-04-01;4172,78;SANTA CATARINA 02|30 - ELETRODUTOS CORRUGADOS KRONA|ATACADO|ABR26
30 - ELETRODUTOS CORRUGADOS KRONA;SANTA CATARINA 02;SUL;ATACADO;2026-05-01;2534,41;SANTA CATARINA 02|30 - ELETRODUTOS CORRUGADOS KRONA|ATACADO|MAI26
30 - ELETRODUTOS CORRUGADOS KRONA;SANTA CATARINA 02;SUL;ATACADO;2026-06-01;6372,95;SANTA CATARINA 02|30 - ELETRODUTOS CORRUGADOS KRONA|ATACADO|JUN26
30 - ELETRODUTOS CORRUGADOS KRONA;SANTA CATARINA 02;SUL;ATACADO;2026-07-01;1969,49;SANTA CATARINA 02|30 - ELETRODUTOS CORRUGADOS KRONA|ATACADO|JUL26
30 - ELETRODUTOS CORRUGADOS KRONA;SANTA CATARINA 02;SUL;ATACADO;2026-08-01;6914,92;SANTA CATARINA 02|30 - ELETRODUTOS CORRUGADOS KRONA|ATACADO|AGO26
30 - ELETRODUTOS CORRUGADOS KRONA;SANTA CATARINA 02;SUL;ATACADO;2026-09-01;3584,04;SANTA CATARINA 02|30 - ELETRODUTOS CORRUGADOS KRONA|ATACADO|SET26
30 - ELETRODUTOS CORRUGADOS KRONA;SANTA CATARINA 02;SUL;ATACADO;2026-10-01;3483,47;SANTA CATARINA 02|30 - ELETRODUTOS CORRUGADOS KRONA|ATACADO|OUT26
30 - ELETRODUTOS CORRUGADOS KRONA;SANTA CATARINA 02;SUL;ATACADO;2026-11-01;3188,29;SANTA CATARINA 02|30 - ELETRODUTOS CORRUGADOS KRONA|ATACADO|NOV26
30 - ELETRODUTOS CORRUGADOS KRONA;SANTA CATARINA 02;SUL;ATACADO;2026-12-01;1657,16;SANTA CATARINA 02|30 - ELETRODUTOS CORRUGADOS KRONA|ATACADO|DEZ26
30 - ELETRODUTOS CORRUGADOS KRONA;SANTA CATARINA 02;SUL;OUTROS;2026-01-01;3,12;SANTA CATARINA 02|30 - ELETRODUTOS CORRUGADOS KRONA|OUTROS|JAN26
30 - ELETRODUTOS CORRUGADOS KRONA;SANTA CATARINA 02;SUL;OUTROS;2026-03-01;3,12;SANTA CATARINA 02|30 - ELETRODUTOS CORRUGADOS KRONA|OUTROS|MAR26
30 - ELETRODUTOS CORRUGADOS KRONA;SANTA CATARINA 02;SUL;OUTROS;2026-04-01;3,12;SANTA CATARINA 02|30 - ELETRODUTOS CORRUGADOS KRONA|OUTROS|ABR26
30 - ELETRODUTOS CORRUGADOS KRONA;SANTA CATARINA 02;SUL;OUTROS;2026-07-01;31,20;SANTA CATARINA 02|30 - ELETRODUTOS CORRUGADOS KRONA|OUTROS|JUL26
30 - ELETRODUTOS CORRUGADOS KRONA;SANTA CATARINA 02;SUL;OUTROS;2026-08-01;43,20;SANTA CATARINA 02|30 - ELETRODUTOS CORRUGADOS KRONA|OUTROS|AGO26
30 - ELETRODUTOS CORRUGADOS KRONA;SANTA CATARINA 02;SUL;OUTROS;2026-09-01;11,27;SANTA CATARINA 02|30 - ELETRODUTOS CORRUGADOS KRONA|OUTROS|SET26
30 - ELETRODUTOS CORRUGADOS KRONA;SANTA CATARINA 02;SUL;OUTROS;2026-10-01;10,95;SANTA CATARINA 02|30 - ELETRODUTOS CORRUGADOS KRONA|OUTROS|OUT26
30 - ELETRODUTOS CORRUGADOS KRONA;SANTA CATARINA 02;SUL;OUTROS;2026-11-01;10,03;SANTA CATARINA 02|30 - ELETRODUTOS CORRUGADOS KRONA|OUTROS|NOV26
30 - ELETRODUTOS CORRUGADOS KRONA;SANTA CATARINA 02;SUL;OUTROS;2026-12-01;5,21;SANTA CATARINA 02|30 - ELETRODUTOS CORRUGADOS KRONA|OUTROS|DEZ26
30 - ELETRODUTOS CORRUGADOS KRONA;SANTA CATARINA 02;SUL;VAREJO;2026-01-01;3974,16;SANTA CATARINA 02|30 - ELETRODUTOS CORRUGADOS KRONA|VAREJO|JAN26
30 - ELETRODUTOS CORRUGADOS KRONA;SANTA CATARINA 02;SUL;VAREJO;2026-02-01;8211,09;SANTA CATARINA 02|30 - ELETRODUTOS CORRUGADOS KRONA|VAREJO|FEV26
30 - ELETRODUTOS CORRUGADOS KRONA;SANTA CATARINA 02;SUL;VAREJO;2026-03-01;15232,54;SANTA CATARINA 02|30 - ELETRODUTOS CORRUGADOS KRONA|VAREJO|MAR26
30 - ELETRODUTOS CORRUGADOS KRONA;SANTA CATARINA 02;SUL;VAREJO;2026-04-01;14003,06;SANTA CATARINA 02|30 - ELETRODUTOS CORRUGADOS KRONA|VAREJO|ABR26
30 - ELETRODUTOS CORRUGADOS KRONA;SANTA CATARINA 02;SUL;VAREJO;2026-05-01;16038,96;SANTA CATARINA 02|30 - ELETRODUTOS CORRUGADOS KRONA|VAREJO|MAI26
30 - ELETRODUTOS CORRUGADOS KRONA;SANTA CATARINA 02;SUL;VAREJO;2026-06-01;5250,99;SANTA CATARINA 02|30 - ELETRODUTOS CORRUGADOS KRONA|VAREJO|JUN26
30 - ELETRODUTOS CORRUGADOS KRONA;SANTA CATARINA 02;SUL;VAREJO;2026-07-01;6176,38;SANTA CATARINA 02|30 - ELETRODUTOS CORRUGADOS KRONA|VAREJO|JUL26
30 - ELETRODUTOS CORRUGADOS KRONA;SANTA CATARINA 02;SUL;VAREJO;2026-08-01;10218,10;SANTA CATARINA 02|30 - ELETRODUTOS CORRUGADOS KRONA|VAREJO|AGO26
30 - ELETRODUTOS CORRUGADOS KRONA;SANTA CATARINA 02;SUL;VAREJO;2026-09-01;9894,21;SANTA CATARINA 02|30 - ELETRODUTOS CORRUGADOS KRONA|VAREJO|SET26
30 - ELETRODUTOS CORRUGADOS KRONA;SANTA CATARINA 02;SUL;VAREJO;2026-10-01;9616,57;SANTA CATARINA 02|30 - ELETRODUTOS CORRUGADOS KRONA|VAREJO|OUT26
30 - ELETRODUTOS CORRUGADOS KRONA;SANTA CATARINA 02;SUL;VAREJO;2026-11-01;8801,68;SANTA CATARINA 02|30 - ELETRODUTOS CORRUGADOS KRONA|VAREJO|NOV26
30 - ELETRODUTOS CORRUGADOS KRONA;SANTA CATARINA 02;SUL;VAREJO;2026-12-01;4574,80;SANTA CATARINA 02|30 - ELETRODUTOS CORRUGADOS KRONA|VAREJO|DEZ26
30 - ELETRODUTOS CORRUGADOS KRONA;SAO PAULO CAPITAL;SP;ATACADO;2026-04-01;62,40;SAO PAULO CAPITAL|30 - ELETRODUTOS CORRUGADOS KRONA|ATACADO|ABR26
30 - ELETRODUTOS CORRUGADOS KRONA;SAO PAULO CAPITAL;SP;ATACADO;2026-06-01;43,95;SAO PAULO CAPITAL|30 - ELETRODUTOS CORRUGADOS KRONA|ATACADO|JUN26
30 - ELETRODUTOS CORRUGADOS KRONA;SAO PAULO CAPITAL;SP;ATACADO;2026-08-01;62,40;SAO PAULO CAPITAL|30 - ELETRODUTOS CORRUGADOS KRONA|ATACADO|AGO26
30 - ELETRODUTOS CORRUGADOS KRONA;SAO PAULO CAPITAL;SP;ATACADO;2026-09-01;98,08;SAO PAULO CAPITAL|30 - ELETRODUTOS CORRUGADOS KRONA|ATACADO|SET26
30 - ELETRODUTOS CORRUGADOS KRONA;SAO PAULO CAPITAL;SP;ATACADO;2026-10-01;82,13;SAO PAULO CAPITAL|30 - ELETRODUTOS CORRUGADOS KRONA|ATACADO|OUT26
30 - ELETRODUTOS CORRUGADOS KRONA;SAO PAULO CAPITAL;SP;ATACADO;2026-11-01;82,77;SAO PAULO CAPITAL|30 - ELETRODUTOS CORRUGADOS KRONA|ATACADO|NOV26
30 - ELETRODUTOS CORRUGADOS KRONA;SAO PAULO CAPITAL;SP;ATACADO;2026-12-01;70,50;SAO PAULO CAPITAL|30 - ELETRODUTOS CORRUGADOS KRONA|ATACADO|DEZ26
30 - ELETRODUTOS CORRUGADOS KRONA;SAO PAULO CAPITAL;SP;OUTROS;2026-06-01;148,12;SAO PAULO CAPITAL|30 - ELETRODUTOS CORRUGADOS KRONA|OUTROS|JUN26
30 - ELETRODUTOS CORRUGADOS KRONA;SAO PAULO CAPITAL;SP;OUTROS;2026-09-01;29,77;SAO PAULO CAPITAL|30 - ELETRODUTOS CORRUGADOS KRONA|OUTROS|SET26
30 - ELETRODUTOS CORRUGADOS KRONA;SAO PAULO CAPITAL;SP;OUTROS;2026-10-01;24,93;SAO PAULO CAPITAL|30 - ELETRODUTOS CORRUGADOS KRONA|OUTROS|OUT26
30 - ELETRODUTOS CORRUGADOS KRONA;SAO PAULO CAPITAL;SP;OUTROS;2026-11-01;25,12;SAO PAULO CAPITAL|30 - ELETRODUTOS CORRUGADOS KRONA|OUTROS|NOV26
30 - ELETRODUTOS CORRUGADOS KRONA;SAO PAULO CAPITAL;SP;OUTROS;2026-12-01;21,40;SAO PAULO CAPITAL|30 - ELETRODUTOS CORRUGADOS KRONA|OUTROS|DEZ26
30 - ELETRODUTOS CORRUGADOS KRONA;SAO PAULO CAPITAL;SP;VAREJO;2026-01-01;1411,27;SAO PAULO CAPITAL|30 - ELETRODUTOS CORRUGADOS KRONA|VAREJO|JAN26
30 - ELETRODUTOS CORRUGADOS KRONA;SAO PAULO CAPITAL;SP;VAREJO;2026-02-01;13755,49;SAO PAULO CAPITAL|30 - ELETRODUTOS CORRUGADOS KRONA|VAREJO|FEV26
30 - ELETRODUTOS CORRUGADOS KRONA;SAO PAULO CAPITAL;SP;VAREJO;2026-03-01;14568,42;SAO PAULO CAPITAL|30 - ELETRODUTOS CORRUGADOS KRONA|VAREJO|MAR26
30 - ELETRODUTOS CORRUGADOS KRONA;SAO PAULO CAPITAL;SP;VAREJO;2026-04-01;24193,88;SAO PAULO CAPITAL|30 - ELETRODUTOS CORRUGADOS KRONA|VAREJO|ABR26
30 - ELETRODUTOS CORRUGADOS KRONA;SAO PAULO CAPITAL;SP;VAREJO;2026-05-01;15907,77;SAO PAULO CAPITAL|30 - ELETRODUTOS CORRUGADOS KRONA|VAREJO|MAI26
30 - ELETRODUTOS CORRUGADOS KRONA;SAO PAULO CAPITAL;SP;VAREJO;2026-06-01;7154,90;SAO PAULO CAPITAL|30 - ELETRODUTOS CORRUGADOS KRONA|VAREJO|JUN26
30 - ELETRODUTOS CORRUGADOS KRONA;SAO PAULO CAPITAL;SP;VAREJO;2026-07-01;5154,66;SAO PAULO CAPITAL|30 - ELETRODUTOS CORRUGADOS KRONA|VAREJO|JUL26
30 - ELETRODUTOS CORRUGADOS KRONA;SAO PAULO CAPITAL;SP;VAREJO;2026-08-01;12680,72;SAO PAULO CAPITAL|30 - ELETRODUTOS CORRUGADOS KRONA|VAREJO|AGO26
30 - ELETRODUTOS CORRUGADOS KRONA;SAO PAULO CAPITAL;SP;VAREJO;2026-09-01;18979,15;SAO PAULO CAPITAL|30 - ELETRODUTOS CORRUGADOS KRONA|VAREJO|SET26
30 - ELETRODUTOS CORRUGADOS KRONA;SAO PAULO CAPITAL;SP;VAREJO;2026-10-01;15892,94;SAO PAULO CAPITAL|30 - ELETRODUTOS CORRUGADOS KRONA|VAREJO|OUT26
30 - ELETRODUTOS CORRUGADOS KRONA;SAO PAULO CAPITAL;SP;VAREJO;2026-11-01;16016,11;SAO PAULO CAPITAL|30 - ELETRODUTOS CORRUGADOS KRONA|VAREJO|NOV26
30 - ELETRODUTOS CORRUGADOS KRONA;SAO PAULO CAPITAL;SP;VAREJO;2026-12-01;13642,10;SAO PAULO CAPITAL|30 - ELETRODUTOS CORRUGADOS KRONA|VAREJO|DEZ26
30 - ELETRODUTOS CORRUGADOS KRONA;SAO PAULO CAPITAL 2;SP;ATACADO;2026-02-01;1376,09;SAO PAULO CAPITAL 2|30 - ELETRODUTOS CORRUGADOS KRONA|ATACADO|FEV26
30 - ELETRODUTOS CORRUGADOS KRONA;SAO PAULO CAPITAL 2;SP;ATACADO;2026-03-01;15324,53;SAO PAULO CAPITAL 2|30 - ELETRODUTOS CORRUGADOS KRONA|ATACADO|MAR26
30 - ELETRODUTOS CORRUGADOS KRONA;SAO PAULO CAPITAL 2;SP;ATACADO;2026-04-01;10641,82;SAO PAULO CAPITAL 2|30 - ELETRODUTOS CORRUGADOS KRONA|ATACADO|ABR26
30 - ELETRODUTOS CORRUGADOS KRONA;SAO PAULO CAPITAL 2;SP;ATACADO;2026-05-01;2428,06;SAO PAULO CAPITAL 2|30 - ELETRODUTOS CORRUGADOS KRONA|ATACADO|MAI26
30 - ELETRODUTOS CORRUGADOS KRONA;SAO PAULO CAPITAL 2;SP;ATACADO;2026-06-01;707,94;SAO PAULO CAPITAL 2|30 - ELETRODUTOS CORRUGADOS KRONA|ATACADO|JUN26
30 - ELETRODUTOS CORRUGADOS KRONA;SAO PAULO CAPITAL 2;SP;ATACADO;2026-07-01;5156,14;SAO PAULO CAPITAL 2|30 - ELETRODUTOS CORRUGADOS KRONA|ATACADO|JUL26
30 - ELETRODUTOS CORRUGADOS KRONA;SAO PAULO CAPITAL 2;SP;ATACADO;2026-08-01;5114,73;SAO PAULO CAPITAL 2|30 - ELETRODUTOS CORRUGADOS KRONA|ATACADO|AGO26
30 - ELETRODUTOS CORRUGADOS KRONA;SAO PAULO CAPITAL 2;SP;ATACADO;2026-09-01;15000,00;SAO PAULO CAPITAL 2|30 - ELETRODUTOS CORRUGADOS KRONA|ATACADO|SET26
30 - ELETRODUTOS CORRUGADOS KRONA;SAO PAULO CAPITAL 2;SP;ATACADO;2026-10-01;9646,00;SAO PAULO CAPITAL 2|30 - ELETRODUTOS CORRUGADOS KRONA|ATACADO|OUT26
30 - ELETRODUTOS CORRUGADOS KRONA;SAO PAULO CAPITAL 2;SP;ATACADO;2026-11-01;10000,00;SAO PAULO CAPITAL 2|30 - ELETRODUTOS CORRUGADOS KRONA|ATACADO|NOV26
30 - ELETRODUTOS CORRUGADOS KRONA;SAO PAULO CAPITAL 2;SP;ATACADO;2026-12-01;12660,00;SAO PAULO CAPITAL 2|30 - ELETRODUTOS CORRUGADOS KRONA|ATACADO|DEZ26
30 - ELETRODUTOS CORRUGADOS KRONA;SAO PAULO INTERIOR;SP;ATACADO;2026-01-01;194,50;SAO PAULO INTERIOR|30 - ELETRODUTOS CORRUGADOS KRONA|ATACADO|JAN26
30 - ELETRODUTOS CORRUGADOS KRONA;SAO PAULO INTERIOR;SP;ATACADO;2026-02-01;3824,42;SAO PAULO INTERIOR|30 - ELETRODUTOS CORRUGADOS KRONA|ATACADO|FEV26
30 - ELETRODUTOS CORRUGADOS KRONA;SAO PAULO INTERIOR;SP;ATACADO;2026-03-01;5426,22;SAO PAULO INTERIOR|30 - ELETRODUTOS CORRUGADOS KRONA|ATACADO|MAR26
30 - ELETRODUTOS CORRUGADOS KRONA;SAO PAULO INTERIOR;SP;ATACADO;2026-04-01;9551,47;SAO PAULO INTERIOR|30 - ELETRODUTOS CORRUGADOS KRONA|ATACADO|ABR26
30 - ELETRODUTOS CORRUGADOS KRONA;SAO PAULO INTERIOR;SP;ATACADO;2026-05-01;100,32;SAO PAULO INTERIOR|30 - ELETRODUTOS CORRUGADOS KRONA|ATACADO|MAI26
30 - ELETRODUTOS CORRUGADOS KRONA;SAO PAULO INTERIOR;SP;ATACADO;2026-06-01;4640,23;SAO PAULO INTERIOR|30 - ELETRODUTOS CORRUGADOS KRONA|ATACADO|JUN26
30 - ELETRODUTOS CORRUGADOS KRONA;SAO PAULO INTERIOR;SP;ATACADO;2026-07-01;2211,01;SAO PAULO INTERIOR|30 - ELETRODUTOS CORRUGADOS KRONA|ATACADO|JUL26
30 - ELETRODUTOS CORRUGADOS KRONA;SAO PAULO INTERIOR;SP;ATACADO;2026-08-01;923,48;SAO PAULO INTERIOR|30 - ELETRODUTOS CORRUGADOS KRONA|ATACADO|AGO26
30 - ELETRODUTOS CORRUGADOS KRONA;SAO PAULO INTERIOR;SP;ATACADO;2026-09-01;7369,74;SAO PAULO INTERIOR|30 - ELETRODUTOS CORRUGADOS KRONA|ATACADO|SET26
30 - ELETRODUTOS CORRUGADOS KRONA;SAO PAULO INTERIOR;SP;ATACADO;2026-10-01;6433,16;SAO PAULO INTERIOR|30 - ELETRODUTOS CORRUGADOS KRONA|ATACADO|OUT26
30 - ELETRODUTOS CORRUGADOS KRONA;SAO PAULO INTERIOR;SP;ATACADO;2026-11-01;5613,85;SAO PAULO INTERIOR|30 - ELETRODUTOS CORRUGADOS KRONA|ATACADO|NOV26
30 - ELETRODUTOS CORRUGADOS KRONA;SAO PAULO INTERIOR;SP;ATACADO;2026-12-01;5645,97;SAO PAULO INTERIOR|30 - ELETRODUTOS CORRUGADOS KRONA|ATACADO|DEZ26
30 - ELETRODUTOS CORRUGADOS KRONA;SAO PAULO INTERIOR;SP;OUTROS;2026-07-01;430,50;SAO PAULO INTERIOR|30 - ELETRODUTOS CORRUGADOS KRONA|OUTROS|JUL26
30 - ELETRODUTOS CORRUGADOS KRONA;SAO PAULO INTERIOR;SP;OUTROS;2026-09-01;85,82;SAO PAULO INTERIOR|30 - ELETRODUTOS CORRUGADOS KRONA|OUTROS|SET26
30 - ELETRODUTOS CORRUGADOS KRONA;SAO PAULO INTERIOR;SP;OUTROS;2026-10-01;74,91;SAO PAULO INTERIOR|30 - ELETRODUTOS CORRUGADOS KRONA|OUTROS|OUT26
30 - ELETRODUTOS CORRUGADOS KRONA;SAO PAULO INTERIOR;SP;OUTROS;2026-11-01;65,37;SAO PAULO INTERIOR|30 - ELETRODUTOS CORRUGADOS KRONA|OUTROS|NOV26
30 - ELETRODUTOS CORRUGADOS KRONA;SAO PAULO INTERIOR;SP;OUTROS;2026-12-01;65,74;SAO PAULO INTERIOR|30 - ELETRODUTOS CORRUGADOS KRONA|OUTROS|DEZ26
30 - ELETRODUTOS CORRUGADOS KRONA;SAO PAULO INTERIOR;SP;VAREJO;2026-01-01;3532,02;SAO PAULO INTERIOR|30 - ELETRODUTOS CORRUGADOS KRONA|VAREJO|JAN26
30 - ELETRODUTOS CORRUGADOS KRONA;SAO PAULO INTERIOR;SP;VAREJO;2026-02-01;11028,24;SAO PAULO INTERIOR|30 - ELETRODUTOS CORRUGADOS KRONA|VAREJO|FEV26
30 - ELETRODUTOS CORRUGADOS KRONA;SAO PAULO INTERIOR;SP;VAREJO;2026-03-01;11429,42;SAO PAULO INTERIOR|30 - ELETRODUTOS CORRUGADOS KRONA|VAREJO|MAR26
30 - ELETRODUTOS CORRUGADOS KRONA;SAO PAULO INTERIOR;SP;VAREJO;2026-04-01;15068,33;SAO PAULO INTERIOR|30 - ELETRODUTOS CORRUGADOS KRONA|VAREJO|ABR26
30 - ELETRODUTOS CORRUGADOS KRONA;SAO PAULO INTERIOR;SP;VAREJO;2026-05-01;20591,04;SAO PAULO INTERIOR|30 - ELETRODUTOS CORRUGADOS KRONA|VAREJO|MAI26
30 - ELETRODUTOS CORRUGADOS KRONA;SAO PAULO INTERIOR;SP;VAREJO;2026-06-01;9343,80;SAO PAULO INTERIOR|30 - ELETRODUTOS CORRUGADOS KRONA|VAREJO|JUN26
30 - ELETRODUTOS CORRUGADOS KRONA;SAO PAULO INTERIOR;SP;VAREJO;2026-07-01;10879,46;SAO PAULO INTERIOR|30 - ELETRODUTOS CORRUGADOS KRONA|VAREJO|JUL26
30 - ELETRODUTOS CORRUGADOS KRONA;SAO PAULO INTERIOR;SP;VAREJO;2026-08-01;17599,68;SAO PAULO INTERIOR|30 - ELETRODUTOS CORRUGADOS KRONA|VAREJO|AGO26
30 - ELETRODUTOS CORRUGADOS KRONA;SAO PAULO INTERIOR;SP;VAREJO;2026-09-01;16174,45;SAO PAULO INTERIOR|30 - ELETRODUTOS CORRUGADOS KRONA|VAREJO|SET26
30 - ELETRODUTOS CORRUGADOS KRONA;SAO PAULO INTERIOR;SP;VAREJO;2026-10-01;14118,93;SAO PAULO INTERIOR|30 - ELETRODUTOS CORRUGADOS KRONA|VAREJO|OUT26
30 - ELETRODUTOS CORRUGADOS KRONA;SAO PAULO INTERIOR;SP;VAREJO;2026-11-01;12320,78;SAO PAULO INTERIOR|30 - ELETRODUTOS CORRUGADOS KRONA|VAREJO|NOV26
30 - ELETRODUTOS CORRUGADOS KRONA;SAO PAULO INTERIOR;SP;VAREJO;2026-12-01;12391,28;SAO PAULO INTERIOR|30 - ELETRODUTOS CORRUGADOS KRONA|VAREJO|DEZ26
30 - ELETRODUTOS CORRUGADOS KRONA;TELEVENDAS;TELEVENDAS;ATACADO;2026-03-01;1560,00;TELEVENDAS|30 - ELETRODUTOS CORRUGADOS KRONA|ATACADO|MAR26
30 - ELETRODUTOS CORRUGADOS KRONA;TELEVENDAS;TELEVENDAS;ATACADO;2026-09-01;127,93;TELEVENDAS|30 - ELETRODUTOS CORRUGADOS KRONA|ATACADO|SET26
30 - ELETRODUTOS CORRUGADOS KRONA;TELEVENDAS;TELEVENDAS;ATACADO;2026-10-01;111,40;TELEVENDAS|30 - ELETRODUTOS CORRUGADOS KRONA|ATACADO|OUT26
30 - ELETRODUTOS CORRUGADOS KRONA;TELEVENDAS;TELEVENDAS;ATACADO;2026-11-01;120,55;TELEVENDAS|30 - ELETRODUTOS CORRUGADOS KRONA|ATACADO|NOV26
30 - ELETRODUTOS CORRUGADOS KRONA;TELEVENDAS;TELEVENDAS;ATACADO;2026-12-01;119,59;TELEVENDAS|30 - ELETRODUTOS CORRUGADOS KRONA|ATACADO|DEZ26
30 - ELETRODUTOS CORRUGADOS KRONA;TELEVENDAS;TELEVENDAS;OUTROS;2026-01-01;6,24;TELEVENDAS|30 - ELETRODUTOS CORRUGADOS KRONA|OUTROS|JAN26
30 - ELETRODUTOS CORRUGADOS KRONA;TELEVENDAS;TELEVENDAS;OUTROS;2026-03-01;33,60;TELEVENDAS|30 - ELETRODUTOS CORRUGADOS KRONA|OUTROS|MAR26
30 - ELETRODUTOS CORRUGADOS KRONA;TELEVENDAS;TELEVENDAS;OUTROS;2026-04-01;1,27;TELEVENDAS|30 - ELETRODUTOS CORRUGADOS KRONA|OUTROS|ABR26
30 - ELETRODUTOS CORRUGADOS KRONA;TELEVENDAS;TELEVENDAS;OUTROS;2026-05-01;57,13;TELEVENDAS|30 - ELETRODUTOS CORRUGADOS KRONA|OUTROS|MAI26
30 - ELETRODUTOS CORRUGADOS KRONA;TELEVENDAS;TELEVENDAS;OUTROS;2026-06-01;4,04;TELEVENDAS|30 - ELETRODUTOS CORRUGADOS KRONA|OUTROS|JUN26
30 - ELETRODUTOS CORRUGADOS KRONA;TELEVENDAS;TELEVENDAS;OUTROS;2026-07-01;9,36;TELEVENDAS|30 - ELETRODUTOS CORRUGADOS KRONA|OUTROS|JUL26
30 - ELETRODUTOS CORRUGADOS KRONA;TELEVENDAS;TELEVENDAS;OUTROS;2026-08-01;3,85;TELEVENDAS|30 - ELETRODUTOS CORRUGADOS KRONA|OUTROS|AGO26
30 - ELETRODUTOS CORRUGADOS KRONA;TELEVENDAS;TELEVENDAS;OUTROS;2026-09-01;33,10;TELEVENDAS|30 - ELETRODUTOS CORRUGADOS KRONA|OUTROS|SET26
30 - ELETRODUTOS CORRUGADOS KRONA;TELEVENDAS;TELEVENDAS;OUTROS;2026-10-01;28,83;TELEVENDAS|30 - ELETRODUTOS CORRUGADOS KRONA|OUTROS|OUT26
30 - ELETRODUTOS CORRUGADOS KRONA;TELEVENDAS;TELEVENDAS;OUTROS;2026-11-01;31,19;TELEVENDAS|30 - ELETRODUTOS CORRUGADOS KRONA|OUTROS|NOV26
30 - ELETRODUTOS CORRUGADOS KRONA;TELEVENDAS;TELEVENDAS;OUTROS;2026-12-01;30,95;TELEVENDAS|30 - ELETRODUTOS CORRUGADOS KRONA|OUTROS|DEZ26
30 - ELETRODUTOS CORRUGADOS KRONA;TELEVENDAS;TELEVENDAS;VAREJO;2026-01-01;3262,78;TELEVENDAS|30 - ELETRODUTOS CORRUGADOS KRONA|VAREJO|JAN26
30 - ELETRODUTOS CORRUGADOS KRONA;TELEVENDAS;TELEVENDAS;VAREJO;2026-02-01;4746,30;TELEVENDAS|30 - ELETRODUTOS CORRUGADOS KRONA|VAREJO|FEV26
30 - ELETRODUTOS CORRUGADOS KRONA;TELEVENDAS;TELEVENDAS;VAREJO;2026-03-01;7907,12;TELEVENDAS|30 - ELETRODUTOS CORRUGADOS KRONA|VAREJO|MAR26
30 - ELETRODUTOS CORRUGADOS KRONA;TELEVENDAS;TELEVENDAS;VAREJO;2026-04-01;11483,57;TELEVENDAS|30 - ELETRODUTOS CORRUGADOS KRONA|VAREJO|ABR26
30 - ELETRODUTOS CORRUGADOS KRONA;TELEVENDAS;TELEVENDAS;VAREJO;2026-05-01;5295,60;TELEVENDAS|30 - ELETRODUTOS CORRUGADOS KRONA|VAREJO|MAI26
30 - ELETRODUTOS CORRUGADOS KRONA;TELEVENDAS;TELEVENDAS;VAREJO;2026-06-01;6518,85;TELEVENDAS|30 - ELETRODUTOS CORRUGADOS KRONA|VAREJO|JUN26
30 - ELETRODUTOS CORRUGADOS KRONA;TELEVENDAS;TELEVENDAS;VAREJO;2026-07-01;7191,52;TELEVENDAS|30 - ELETRODUTOS CORRUGADOS KRONA|VAREJO|JUL26
30 - ELETRODUTOS CORRUGADOS KRONA;TELEVENDAS;TELEVENDAS;VAREJO;2026-08-01;7059,55;TELEVENDAS|30 - ELETRODUTOS CORRUGADOS KRONA|VAREJO|AGO26
30 - ELETRODUTOS CORRUGADOS KRONA;TELEVENDAS;TELEVENDAS;VAREJO;2026-09-01;6741,97;TELEVENDAS|30 - ELETRODUTOS CORRUGADOS KRONA|VAREJO|SET26
30 - ELETRODUTOS CORRUGADOS KRONA;TELEVENDAS;TELEVENDAS;VAREJO;2026-10-01;5870,77;TELEVENDAS|30 - ELETRODUTOS CORRUGADOS KRONA|VAREJO|OUT26
30 - ELETRODUTOS CORRUGADOS KRONA;TELEVENDAS;TELEVENDAS;VAREJO;2026-11-01;6353,25;TELEVENDAS|30 - ELETRODUTOS CORRUGADOS KRONA|VAREJO|NOV26
30 - ELETRODUTOS CORRUGADOS KRONA;TELEVENDAS;TELEVENDAS;VAREJO;2026-12-01;6302,46;TELEVENDAS|30 - ELETRODUTOS CORRUGADOS KRONA|VAREJO|DEZ26
31 - CPVC ULTRATERM;CENTRO OESTE;CO NO;ATACADO;2026-01-01;20,02;CENTRO OESTE|31 - CPVC ULTRATERM|ATACADO|JAN26
31 - CPVC ULTRATERM;CENTRO OESTE;CO NO;ATACADO;2026-02-01;2214,33;CENTRO OESTE|31 - CPVC ULTRATERM|ATACADO|FEV26
31 - CPVC ULTRATERM;CENTRO OESTE;CO NO;ATACADO;2026-03-01;3079,28;CENTRO OESTE|31 - CPVC ULTRATERM|ATACADO|MAR26
31 - CPVC ULTRATERM;CENTRO OESTE;CO NO;ATACADO;2026-04-01;2467,71;CENTRO OESTE|31 - CPVC ULTRATERM|ATACADO|ABR26
31 - CPVC ULTRATERM;CENTRO OESTE;CO NO;ATACADO;2026-05-01;38,60;CENTRO OESTE|31 - CPVC ULTRATERM|ATACADO|MAI26
31 - CPVC ULTRATERM;CENTRO OESTE;CO NO;ATACADO;2026-06-01;2100,61;CENTRO OESTE|31 - CPVC ULTRATERM|ATACADO|JUN26
31 - CPVC ULTRATERM;CENTRO OESTE;CO NO;ATACADO;2026-07-01;4169,16;CENTRO OESTE|31 - CPVC ULTRATERM|ATACADO|JUL26
31 - CPVC ULTRATERM;CENTRO OESTE;CO NO;ATACADO;2026-08-01;149,62;CENTRO OESTE|31 - CPVC ULTRATERM|ATACADO|AGO26
31 - CPVC ULTRATERM;CENTRO OESTE;CO NO;ATACADO;2026-09-01;3048,14;CENTRO OESTE|31 - CPVC ULTRATERM|ATACADO|SET26
31 - CPVC ULTRATERM;CENTRO OESTE;CO NO;ATACADO;2026-10-01;2890,24;CENTRO OESTE|31 - CPVC ULTRATERM|ATACADO|OUT26
31 - CPVC ULTRATERM;CENTRO OESTE;CO NO;ATACADO;2026-11-01;2660,86;CENTRO OESTE|31 - CPVC ULTRATERM|ATACADO|NOV26
31 - CPVC ULTRATERM;CENTRO OESTE;CO NO;ATACADO;2026-12-01;2419,15;CENTRO OESTE|31 - CPVC ULTRATERM|ATACADO|DEZ26
31 - CPVC ULTRATERM;CENTRO OESTE;CO NO;VAREJO;2026-01-01;387,22;CENTRO OESTE|31 - CPVC ULTRATERM|VAREJO|JAN26
31 - CPVC ULTRATERM;CENTRO OESTE;CO NO;VAREJO;2026-02-01;1347,24;CENTRO OESTE|31 - CPVC ULTRATERM|VAREJO|FEV26
31 - CPVC ULTRATERM;CENTRO OESTE;CO NO;VAREJO;2026-03-01;1351,61;CENTRO OESTE|31 - CPVC ULTRATERM|VAREJO|MAR26
31 - CPVC ULTRATERM;CENTRO OESTE;CO NO;VAREJO;2026-04-01;1619,93;CENTRO OESTE|31 - CPVC ULTRATERM|VAREJO|ABR26
31 - CPVC ULTRATERM;CENTRO OESTE;CO NO;VAREJO;2026-05-01;1193,02;CENTRO OESTE|31 - CPVC ULTRATERM|VAREJO|MAI26
31 - CPVC ULTRATERM;CENTRO OESTE;CO NO;VAREJO;2026-06-01;761,77;CENTRO OESTE|31 - CPVC ULTRATERM|VAREJO|JUN26
31 - CPVC ULTRATERM;CENTRO OESTE;CO NO;VAREJO;2026-07-01;1231,38;CENTRO OESTE|31 - CPVC ULTRATERM|VAREJO|JUL26
31 - CPVC ULTRATERM;CENTRO OESTE;CO NO;VAREJO;2026-08-01;1016,61;CENTRO OESTE|31 - CPVC ULTRATERM|VAREJO|AGO26
31 - CPVC ULTRATERM;CENTRO OESTE;CO NO;VAREJO;2026-09-01;1642,86;CENTRO OESTE|31 - CPVC ULTRATERM|VAREJO|SET26
31 - CPVC ULTRATERM;CENTRO OESTE;CO NO;VAREJO;2026-10-01;1557,76;CENTRO OESTE|31 - CPVC ULTRATERM|VAREJO|OUT26
31 - CPVC ULTRATERM;CENTRO OESTE;CO NO;VAREJO;2026-11-01;1434,14;CENTRO OESTE|31 - CPVC ULTRATERM|VAREJO|NOV26
31 - CPVC ULTRATERM;CENTRO OESTE;CO NO;VAREJO;2026-12-01;1303,85;CENTRO OESTE|31 - CPVC ULTRATERM|VAREJO|DEZ26
31 - CPVC ULTRATERM;CONSTR CENTRO OESTE;CONSTRUTORA;CONSTRUTORA;2026-01-01;223,97;CONSTR CENTRO OESTE|31 - CPVC ULTRATERM|CONSTRUTORA|JAN26
31 - CPVC ULTRATERM;CONSTR CENTRO OESTE;CONSTRUTORA;CONSTRUTORA;2026-02-01;679,20;CONSTR CENTRO OESTE|31 - CPVC ULTRATERM|CONSTRUTORA|FEV26
31 - CPVC ULTRATERM;CONSTR CENTRO OESTE;CONSTRUTORA;CONSTRUTORA;2026-03-01;536,44;CONSTR CENTRO OESTE|31 - CPVC ULTRATERM|CONSTRUTORA|MAR26
31 - CPVC ULTRATERM;CONSTR CENTRO OESTE;CONSTRUTORA;CONSTRUTORA;2026-04-01;2830,97;CONSTR CENTRO OESTE|31 - CPVC ULTRATERM|CONSTRUTORA|ABR26
31 - CPVC ULTRATERM;CONSTR CENTRO OESTE;CONSTRUTORA;CONSTRUTORA;2026-05-01;1900,01;CONSTR CENTRO OESTE|31 - CPVC ULTRATERM|CONSTRUTORA|MAI26
31 - CPVC ULTRATERM;CONSTR CENTRO OESTE;CONSTRUTORA;CONSTRUTORA;2026-06-01;1705,42;CONSTR CENTRO OESTE|31 - CPVC ULTRATERM|CONSTRUTORA|JUN26
31 - CPVC ULTRATERM;CONSTR CENTRO OESTE;CONSTRUTORA;CONSTRUTORA;2026-07-01;3098,00;CONSTR CENTRO OESTE|31 - CPVC ULTRATERM|CONSTRUTORA|JUL26
31 - CPVC ULTRATERM;CONSTR CENTRO OESTE;CONSTRUTORA;CONSTRUTORA;2026-08-01;2551,10;CONSTR CENTRO OESTE|31 - CPVC ULTRATERM|CONSTRUTORA|AGO26
31 - CPVC ULTRATERM;CONSTR NORDESTE;CONSTRUTORA;CONSTRUTORA;2026-01-01;2221,51;CONSTR NORDESTE|31 - CPVC ULTRATERM|CONSTRUTORA|JAN26
31 - CPVC ULTRATERM;CONSTR NORDESTE;CONSTRUTORA;CONSTRUTORA;2026-02-01;658,35;CONSTR NORDESTE|31 - CPVC ULTRATERM|CONSTRUTORA|FEV26
31 - CPVC ULTRATERM;CONSTR NORDESTE;CONSTRUTORA;CONSTRUTORA;2026-03-01;1347,72;CONSTR NORDESTE|31 - CPVC ULTRATERM|CONSTRUTORA|MAR26
31 - CPVC ULTRATERM;CONSTR NORDESTE;CONSTRUTORA;CONSTRUTORA;2026-04-01;5779,71;CONSTR NORDESTE|31 - CPVC ULTRATERM|CONSTRUTORA|ABR26
31 - CPVC ULTRATERM;CONSTR NORDESTE;CONSTRUTORA;CONSTRUTORA;2026-05-01;2220,08;CONSTR NORDESTE|31 - CPVC ULTRATERM|CONSTRUTORA|MAI26
31 - CPVC ULTRATERM;CONSTR NORDESTE;CONSTRUTORA;CONSTRUTORA;2026-06-01;3906,31;CONSTR NORDESTE|31 - CPVC ULTRATERM|CONSTRUTORA|JUN26
31 - CPVC ULTRATERM;CONSTR NORDESTE;CONSTRUTORA;CONSTRUTORA;2026-07-01;1709,71;CONSTR NORDESTE|31 - CPVC ULTRATERM|CONSTRUTORA|JUL26
31 - CPVC ULTRATERM;CONSTR NORDESTE;CONSTRUTORA;CONSTRUTORA;2026-08-01;1574,20;CONSTR NORDESTE|31 - CPVC ULTRATERM|CONSTRUTORA|AGO26
31 - CPVC ULTRATERM;CONSTR NORTE;CONSTRUTORA;CONSTRUTORA;2026-03-01;836,94;CONSTR NORTE|31 - CPVC ULTRATERM|CONSTRUTORA|MAR26
31 - CPVC ULTRATERM;CONSTR NORTE;CONSTRUTORA;CONSTRUTORA;2026-06-01;33,77;CONSTR NORTE|31 - CPVC ULTRATERM|CONSTRUTORA|JUN26
31 - CPVC ULTRATERM;CONSTR NORTE;CONSTRUTORA;CONSTRUTORA;2026-07-01;42,35;CONSTR NORTE|31 - CPVC ULTRATERM|CONSTRUTORA|JUL26
31 - CPVC ULTRATERM;CONSTR NORTE;CONSTRUTORA;CONSTRUTORA;2026-08-01;663,30;CONSTR NORTE|31 - CPVC ULTRATERM|CONSTRUTORA|AGO26
31 - CPVC ULTRATERM;CONSTR SAO PAULO;CONSTRUTORA;CONSTRUTORA;2026-01-01;682,05;CONSTR SAO PAULO|31 - CPVC ULTRATERM|CONSTRUTORA|JAN26
31 - CPVC ULTRATERM;CONSTR SAO PAULO;CONSTRUTORA;CONSTRUTORA;2026-02-01;276,23;CONSTR SAO PAULO|31 - CPVC ULTRATERM|CONSTRUTORA|FEV26
31 - CPVC ULTRATERM;CONSTR SAO PAULO;CONSTRUTORA;CONSTRUTORA;2026-03-01;574,47;CONSTR SAO PAULO|31 - CPVC ULTRATERM|CONSTRUTORA|MAR26
31 - CPVC ULTRATERM;CONSTR SAO PAULO;CONSTRUTORA;CONSTRUTORA;2026-04-01;838,94;CONSTR SAO PAULO|31 - CPVC ULTRATERM|CONSTRUTORA|ABR26
31 - CPVC ULTRATERM;CONSTR SAO PAULO;CONSTRUTORA;CONSTRUTORA;2026-05-01;231,97;CONSTR SAO PAULO|31 - CPVC ULTRATERM|CONSTRUTORA|MAI26
31 - CPVC ULTRATERM;CONSTR SAO PAULO;CONSTRUTORA;CONSTRUTORA;2026-06-01;629,90;CONSTR SAO PAULO|31 - CPVC ULTRATERM|CONSTRUTORA|JUN26
31 - CPVC ULTRATERM;CONSTR SAO PAULO;CONSTRUTORA;CONSTRUTORA;2026-07-01;996,14;CONSTR SAO PAULO|31 - CPVC ULTRATERM|CONSTRUTORA|JUL26
31 - CPVC ULTRATERM;CONSTR SAO PAULO;CONSTRUTORA;CONSTRUTORA;2026-08-01;539,63;CONSTR SAO PAULO|31 - CPVC ULTRATERM|CONSTRUTORA|AGO26
31 - CPVC ULTRATERM;CONSTR SAO PAULO;CONSTRUTORA;OUTROS;2026-06-01;21,12;CONSTR SAO PAULO|31 - CPVC ULTRATERM|OUTROS|JUN26
31 - CPVC ULTRATERM;CONSTR SUDESTE;CONSTRUTORA;CONSTRUTORA;2026-02-01;5404,30;CONSTR SUDESTE|31 - CPVC ULTRATERM|CONSTRUTORA|FEV26
31 - CPVC ULTRATERM;CONSTR SUDESTE;CONSTRUTORA;CONSTRUTORA;2026-03-01;1391,55;CONSTR SUDESTE|31 - CPVC ULTRATERM|CONSTRUTORA|MAR26
31 - CPVC ULTRATERM;CONSTR SUDESTE;CONSTRUTORA;CONSTRUTORA;2026-04-01;4007,02;CONSTR SUDESTE|31 - CPVC ULTRATERM|CONSTRUTORA|ABR26
31 - CPVC ULTRATERM;CONSTR SUDESTE;CONSTRUTORA;CONSTRUTORA;2026-05-01;573,95;CONSTR SUDESTE|31 - CPVC ULTRATERM|CONSTRUTORA|MAI26
31 - CPVC ULTRATERM;CONSTR SUDESTE;CONSTRUTORA;CONSTRUTORA;2026-06-01;1044,90;CONSTR SUDESTE|31 - CPVC ULTRATERM|CONSTRUTORA|JUN26
31 - CPVC ULTRATERM;CONSTR SUDESTE;CONSTRUTORA;CONSTRUTORA;2026-07-01;2183,08;CONSTR SUDESTE|31 - CPVC ULTRATERM|CONSTRUTORA|JUL26
31 - CPVC ULTRATERM;CONSTR SUDESTE;CONSTRUTORA;CONSTRUTORA;2026-08-01;2821,48;CONSTR SUDESTE|31 - CPVC ULTRATERM|CONSTRUTORA|AGO26
31 - CPVC ULTRATERM;CONSTR SUL;CONSTRUTORA;CONSTRUTORA;2026-01-01;1243,02;CONSTR SUL|31 - CPVC ULTRATERM|CONSTRUTORA|JAN26
31 - CPVC ULTRATERM;CONSTR SUL;CONSTRUTORA;CONSTRUTORA;2026-02-01;1996,73;CONSTR SUL|31 - CPVC ULTRATERM|CONSTRUTORA|FEV26
31 - CPVC ULTRATERM;CONSTR SUL;CONSTRUTORA;CONSTRUTORA;2026-03-01;2801,98;CONSTR SUL|31 - CPVC ULTRATERM|CONSTRUTORA|MAR26
31 - CPVC ULTRATERM;CONSTR SUL;CONSTRUTORA;CONSTRUTORA;2026-04-01;5741,05;CONSTR SUL|31 - CPVC ULTRATERM|CONSTRUTORA|ABR26
31 - CPVC ULTRATERM;CONSTR SUL;CONSTRUTORA;CONSTRUTORA;2026-05-01;3391,27;CONSTR SUL|31 - CPVC ULTRATERM|CONSTRUTORA|MAI26
31 - CPVC ULTRATERM;CONSTR SUL;CONSTRUTORA;CONSTRUTORA;2026-06-01;1861,28;CONSTR SUL|31 - CPVC ULTRATERM|CONSTRUTORA|JUN26
31 - CPVC ULTRATERM;CONSTR SUL;CONSTRUTORA;CONSTRUTORA;2026-07-01;2788,16;CONSTR SUL|31 - CPVC ULTRATERM|CONSTRUTORA|JUL26
31 - CPVC ULTRATERM;CONSTR SUL;CONSTRUTORA;CONSTRUTORA;2026-08-01;1704,16;CONSTR SUL|31 - CPVC ULTRATERM|CONSTRUTORA|AGO26
31 - CPVC ULTRATERM;EXPORTACAO;EXPORTACAO;EXPORTACAO;2026-05-01;0,82;EXPORTACAO|31 - CPVC ULTRATERM|EXPORTACAO|MAI26
31 - CPVC ULTRATERM;EXPORTACAO;EXPORTACAO;EXPORTACAO;2026-09-01;0,00;EXPORTACAO|31 - CPVC ULTRATERM|EXPORTACAO|SET26
31 - CPVC ULTRATERM;EXPORTACAO;EXPORTACAO;EXPORTACAO;2026-10-01;0,00;EXPORTACAO|31 - CPVC ULTRATERM|EXPORTACAO|OUT26
31 - CPVC ULTRATERM;EXPORTACAO;EXPORTACAO;EXPORTACAO;2026-11-01;0,00;EXPORTACAO|31 - CPVC ULTRATERM|EXPORTACAO|NOV26
31 - CPVC ULTRATERM;EXPORTACAO;EXPORTACAO;EXPORTACAO;2026-12-01;0,00;EXPORTACAO|31 - CPVC ULTRATERM|EXPORTACAO|DEZ26
31 - CPVC ULTRATERM;IRRIGACAO 1;IRRIGACAO;IRRIGACAO;2026-01-01;85,80;IRRIGACAO 1|31 - CPVC ULTRATERM|IRRIGACAO|JAN26
31 - CPVC ULTRATERM;IRRIGACAO 1;IRRIGACAO;IRRIGACAO;2026-05-01;34,87;IRRIGACAO 1|31 - CPVC ULTRATERM|IRRIGACAO|MAI26
31 - CPVC ULTRATERM;IRRIGACAO 1;IRRIGACAO;IRRIGACAO;2026-09-01;0,00;IRRIGACAO 1|31 - CPVC ULTRATERM|IRRIGACAO|SET26
31 - CPVC ULTRATERM;IRRIGACAO 1;IRRIGACAO;IRRIGACAO;2026-10-01;0,00;IRRIGACAO 1|31 - CPVC ULTRATERM|IRRIGACAO|OUT26
31 - CPVC ULTRATERM;IRRIGACAO 1;IRRIGACAO;IRRIGACAO;2026-11-01;0,00;IRRIGACAO 1|31 - CPVC ULTRATERM|IRRIGACAO|NOV26
31 - CPVC ULTRATERM;IRRIGACAO 1;IRRIGACAO;IRRIGACAO;2026-12-01;0,00;IRRIGACAO 1|31 - CPVC ULTRATERM|IRRIGACAO|DEZ26
31 - CPVC ULTRATERM;IRRIGACAO 2;IRRIGACAO;IRRIGACAO;2026-01-01;28,58;IRRIGACAO 2|31 - CPVC ULTRATERM|IRRIGACAO|JAN26
31 - CPVC ULTRATERM;IRRIGACAO 2;IRRIGACAO;IRRIGACAO;2026-03-01;1,75;IRRIGACAO 2|31 - CPVC ULTRATERM|IRRIGACAO|MAR26
31 - CPVC ULTRATERM;IRRIGACAO 2;IRRIGACAO;IRRIGACAO;2026-08-01;81,74;IRRIGACAO 2|31 - CPVC ULTRATERM|IRRIGACAO|AGO26
31 - CPVC ULTRATERM;IRRIGACAO 2;IRRIGACAO;IRRIGACAO;2026-09-01;0,00;IRRIGACAO 2|31 - CPVC ULTRATERM|IRRIGACAO|SET26
31 - CPVC ULTRATERM;IRRIGACAO 2;IRRIGACAO;IRRIGACAO;2026-10-01;0,00;IRRIGACAO 2|31 - CPVC ULTRATERM|IRRIGACAO|OUT26
31 - CPVC ULTRATERM;IRRIGACAO 2;IRRIGACAO;IRRIGACAO;2026-11-01;0,00;IRRIGACAO 2|31 - CPVC ULTRATERM|IRRIGACAO|NOV26
31 - CPVC ULTRATERM;IRRIGACAO 2;IRRIGACAO;IRRIGACAO;2026-12-01;0,00;IRRIGACAO 2|31 - CPVC ULTRATERM|IRRIGACAO|DEZ26
31 - CPVC ULTRATERM;MINAS GERAIS;MINAS RJ/ES;ATACADO;2026-01-01;10542,06;MINAS GERAIS|31 - CPVC ULTRATERM|ATACADO|JAN26
31 - CPVC ULTRATERM;MINAS GERAIS;MINAS RJ/ES;ATACADO;2026-02-01;8821,15;MINAS GERAIS|31 - CPVC ULTRATERM|ATACADO|FEV26
31 - CPVC ULTRATERM;MINAS GERAIS;MINAS RJ/ES;ATACADO;2026-03-01;10086,30;MINAS GERAIS|31 - CPVC ULTRATERM|ATACADO|MAR26
31 - CPVC ULTRATERM;MINAS GERAIS;MINAS RJ/ES;ATACADO;2026-04-01;11900,64;MINAS GERAIS|31 - CPVC ULTRATERM|ATACADO|ABR26
31 - CPVC ULTRATERM;MINAS GERAIS;MINAS RJ/ES;ATACADO;2026-05-01;32,42;MINAS GERAIS|31 - CPVC ULTRATERM|ATACADO|MAI26
31 - CPVC ULTRATERM;MINAS GERAIS;MINAS RJ/ES;ATACADO;2026-06-01;3514,63;MINAS GERAIS|31 - CPVC ULTRATERM|ATACADO|JUN26
31 - CPVC ULTRATERM;MINAS GERAIS;MINAS RJ/ES;ATACADO;2026-07-01;14232,73;MINAS GERAIS|31 - CPVC ULTRATERM|ATACADO|JUL26
31 - CPVC ULTRATERM;MINAS GERAIS;MINAS RJ/ES;ATACADO;2026-08-01;8305,98;MINAS GERAIS|31 - CPVC ULTRATERM|ATACADO|AGO26
31 - CPVC ULTRATERM;MINAS GERAIS;MINAS RJ/ES;ATACADO;2026-09-01;6360,63;MINAS GERAIS|31 - CPVC ULTRATERM|ATACADO|SET26
31 - CPVC ULTRATERM;MINAS GERAIS;MINAS RJ/ES;ATACADO;2026-10-01;7875,97;MINAS GERAIS|31 - CPVC ULTRATERM|ATACADO|OUT26
31 - CPVC ULTRATERM;MINAS GERAIS;MINAS RJ/ES;ATACADO;2026-11-01;7088,37;MINAS GERAIS|31 - CPVC ULTRATERM|ATACADO|NOV26
31 - CPVC ULTRATERM;MINAS GERAIS;MINAS RJ/ES;ATACADO;2026-12-01;11627,29;MINAS GERAIS|31 - CPVC ULTRATERM|ATACADO|DEZ26
31 - CPVC ULTRATERM;MINAS GERAIS;MINAS RJ/ES;OUTROS;2026-05-01;74,24;MINAS GERAIS|31 - CPVC ULTRATERM|OUTROS|MAI26
31 - CPVC ULTRATERM;MINAS GERAIS;MINAS RJ/ES;OUTROS;2026-07-01;52,66;MINAS GERAIS|31 - CPVC ULTRATERM|OUTROS|JUL26
31 - CPVC ULTRATERM;MINAS GERAIS;MINAS RJ/ES;OUTROS;2026-09-01;9,11;MINAS GERAIS|31 - CPVC ULTRATERM|OUTROS|SET26
31 - CPVC ULTRATERM;MINAS GERAIS;MINAS RJ/ES;OUTROS;2026-10-01;11,28;MINAS GERAIS|31 - CPVC ULTRATERM|OUTROS|OUT26
31 - CPVC ULTRATERM;MINAS GERAIS;MINAS RJ/ES;OUTROS;2026-11-01;10,15;MINAS GERAIS|31 - CPVC ULTRATERM|OUTROS|NOV26
31 - CPVC ULTRATERM;MINAS GERAIS;MINAS RJ/ES;OUTROS;2026-12-01;16,66;MINAS GERAIS|31 - CPVC ULTRATERM|OUTROS|DEZ26
31 - CPVC ULTRATERM;MINAS GERAIS;MINAS RJ/ES;VAREJO;2026-01-01;1442,81;MINAS GERAIS|31 - CPVC ULTRATERM|VAREJO|JAN26
31 - CPVC ULTRATERM;MINAS GERAIS;MINAS RJ/ES;VAREJO;2026-02-01;3898,11;MINAS GERAIS|31 - CPVC ULTRATERM|VAREJO|FEV26
31 - CPVC ULTRATERM;MINAS GERAIS;MINAS RJ/ES;VAREJO;2026-03-01;3134,49;MINAS GERAIS|31 - CPVC ULTRATERM|VAREJO|MAR26
31 - CPVC ULTRATERM;MINAS GERAIS;MINAS RJ/ES;VAREJO;2026-04-01;3212,86;MINAS GERAIS|31 - CPVC ULTRATERM|VAREJO|ABR26
31 - CPVC ULTRATERM;MINAS GERAIS;MINAS RJ/ES;VAREJO;2026-05-01;4722,90;MINAS GERAIS|31 - CPVC ULTRATERM|VAREJO|MAI26
31 - CPVC ULTRATERM;MINAS GERAIS;MINAS RJ/ES;VAREJO;2026-06-01;795,45;MINAS GERAIS|31 - CPVC ULTRATERM|VAREJO|JUN26
31 - CPVC ULTRATERM;MINAS GERAIS;MINAS RJ/ES;VAREJO;2026-07-01;2377,03;MINAS GERAIS|31 - CPVC ULTRATERM|VAREJO|JUL26
31 - CPVC ULTRATERM;MINAS GERAIS;MINAS RJ/ES;VAREJO;2026-08-01;3414,18;MINAS GERAIS|31 - CPVC ULTRATERM|VAREJO|AGO26
31 - CPVC ULTRATERM;MINAS GERAIS;MINAS RJ/ES;VAREJO;2026-09-01;1706,25;MINAS GERAIS|31 - CPVC ULTRATERM|VAREJO|SET26
31 - CPVC ULTRATERM;MINAS GERAIS;MINAS RJ/ES;VAREJO;2026-10-01;2112,75;MINAS GERAIS|31 - CPVC ULTRATERM|VAREJO|OUT26
31 - CPVC ULTRATERM;MINAS GERAIS;MINAS RJ/ES;VAREJO;2026-11-01;1901,47;MINAS GERAIS|31 - CPVC ULTRATERM|VAREJO|NOV26
31 - CPVC ULTRATERM;MINAS GERAIS;MINAS RJ/ES;VAREJO;2026-12-01;3119,05;MINAS GERAIS|31 - CPVC ULTRATERM|VAREJO|DEZ26
31 - CPVC ULTRATERM;NORDESTE 1;NORDESTE;ATACADO;2026-01-01;3,58;NORDESTE 1|31 - CPVC ULTRATERM|ATACADO|JAN26
31 - CPVC ULTRATERM;NORDESTE 1;NORDESTE;ATACADO;2026-03-01;17,55;NORDESTE 1|31 - CPVC ULTRATERM|ATACADO|MAR26
31 - CPVC ULTRATERM;NORDESTE 1;NORDESTE;ATACADO;2026-07-01;23,10;NORDESTE 1|31 - CPVC ULTRATERM|ATACADO|JUL26
31 - CPVC ULTRATERM;NORDESTE 1;NORDESTE;ATACADO;2026-09-01;3,34;NORDESTE 1|31 - CPVC ULTRATERM|ATACADO|SET26
31 - CPVC ULTRATERM;NORDESTE 1;NORDESTE;ATACADO;2026-10-01;6,11;NORDESTE 1|31 - CPVC ULTRATERM|ATACADO|OUT26
31 - CPVC ULTRATERM;NORDESTE 1;NORDESTE;ATACADO;2026-11-01;4,58;NORDESTE 1|31 - CPVC ULTRATERM|ATACADO|NOV26
31 - CPVC ULTRATERM;NORDESTE 1;NORDESTE;ATACADO;2026-12-01;4,35;NORDESTE 1|31 - CPVC ULTRATERM|ATACADO|DEZ26
31 - CPVC ULTRATERM;NORDESTE 1;NORDESTE;OUTROS;2026-01-01;20,64;NORDESTE 1|31 - CPVC ULTRATERM|OUTROS|JAN26
31 - CPVC ULTRATERM;NORDESTE 1;NORDESTE;OUTROS;2026-02-01;44,72;NORDESTE 1|31 - CPVC ULTRATERM|OUTROS|FEV26
31 - CPVC ULTRATERM;NORDESTE 1;NORDESTE;OUTROS;2026-04-01;46,27;NORDESTE 1|31 - CPVC ULTRATERM|OUTROS|ABR26
31 - CPVC ULTRATERM;NORDESTE 1;NORDESTE;OUTROS;2026-06-01;52,90;NORDESTE 1|31 - CPVC ULTRATERM|OUTROS|JUN26
31 - CPVC ULTRATERM;NORDESTE 1;NORDESTE;OUTROS;2026-07-01;6,45;NORDESTE 1|31 - CPVC ULTRATERM|OUTROS|JUL26
31 - CPVC ULTRATERM;NORDESTE 1;NORDESTE;OUTROS;2026-08-01;45,52;NORDESTE 1|31 - CPVC ULTRATERM|OUTROS|AGO26
31 - CPVC ULTRATERM;NORDESTE 1;NORDESTE;OUTROS;2026-09-01;15,20;NORDESTE 1|31 - CPVC ULTRATERM|OUTROS|SET26
31 - CPVC ULTRATERM;NORDESTE 1;NORDESTE;OUTROS;2026-10-01;27,79;NORDESTE 1|31 - CPVC ULTRATERM|OUTROS|OUT26
31 - CPVC ULTRATERM;NORDESTE 1;NORDESTE;OUTROS;2026-11-01;20,82;NORDESTE 1|31 - CPVC ULTRATERM|OUTROS|NOV26
31 - CPVC ULTRATERM;NORDESTE 1;NORDESTE;OUTROS;2026-12-01;19,77;NORDESTE 1|31 - CPVC ULTRATERM|OUTROS|DEZ26
31 - CPVC ULTRATERM;NORDESTE 1;NORDESTE;VAREJO;2026-01-01;61,34;NORDESTE 1|31 - CPVC ULTRATERM|VAREJO|JAN26
31 - CPVC ULTRATERM;NORDESTE 1;NORDESTE;VAREJO;2026-02-01;389,41;NORDESTE 1|31 - CPVC ULTRATERM|VAREJO|FEV26
31 - CPVC ULTRATERM;NORDESTE 1;NORDESTE;VAREJO;2026-03-01;340,53;NORDESTE 1|31 - CPVC ULTRATERM|VAREJO|MAR26
31 - CPVC ULTRATERM;NORDESTE 1;NORDESTE;VAREJO;2026-04-01;117,46;NORDESTE 1|31 - CPVC ULTRATERM|VAREJO|ABR26
31 - CPVC ULTRATERM;NORDESTE 1;NORDESTE;VAREJO;2026-05-01;102,34;NORDESTE 1|31 - CPVC ULTRATERM|VAREJO|MAI26
31 - CPVC ULTRATERM;NORDESTE 1;NORDESTE;VAREJO;2026-06-01;363,66;NORDESTE 1|31 - CPVC ULTRATERM|VAREJO|JUN26
31 - CPVC ULTRATERM;NORDESTE 1;NORDESTE;VAREJO;2026-07-01;411,83;NORDESTE 1|31 - CPVC ULTRATERM|VAREJO|JUL26
31 - CPVC ULTRATERM;NORDESTE 1;NORDESTE;VAREJO;2026-08-01;300,27;NORDESTE 1|31 - CPVC ULTRATERM|VAREJO|AGO26
31 - CPVC ULTRATERM;NORDESTE 1;NORDESTE;VAREJO;2026-09-01;127,46;NORDESTE 1|31 - CPVC ULTRATERM|VAREJO|SET26
31 - CPVC ULTRATERM;NORDESTE 1;NORDESTE;VAREJO;2026-10-01;233,10;NORDESTE 1|31 - CPVC ULTRATERM|VAREJO|OUT26
31 - CPVC ULTRATERM;NORDESTE 1;NORDESTE;VAREJO;2026-11-01;174,61;NORDESTE 1|31 - CPVC ULTRATERM|VAREJO|NOV26
31 - CPVC ULTRATERM;NORDESTE 1;NORDESTE;VAREJO;2026-12-01;165,88;NORDESTE 1|31 - CPVC ULTRATERM|VAREJO|DEZ26
31 - CPVC ULTRATERM;NORDESTE 2;NORDESTE;ATACADO;2026-01-01;34,23;NORDESTE 2|31 - CPVC ULTRATERM|ATACADO|JAN26
31 - CPVC ULTRATERM;NORDESTE 2;NORDESTE;ATACADO;2026-02-01;71,32;NORDESTE 2|31 - CPVC ULTRATERM|ATACADO|FEV26
31 - CPVC ULTRATERM;NORDESTE 2;NORDESTE;ATACADO;2026-03-01;278,87;NORDESTE 2|31 - CPVC ULTRATERM|ATACADO|MAR26
31 - CPVC ULTRATERM;NORDESTE 2;NORDESTE;ATACADO;2026-04-01;85,61;NORDESTE 2|31 - CPVC ULTRATERM|ATACADO|ABR26
31 - CPVC ULTRATERM;NORDESTE 2;NORDESTE;ATACADO;2026-06-01;577,76;NORDESTE 2|31 - CPVC ULTRATERM|ATACADO|JUN26
31 - CPVC ULTRATERM;NORDESTE 2;NORDESTE;ATACADO;2026-07-01;154,68;NORDESTE 2|31 - CPVC ULTRATERM|ATACADO|JUL26
31 - CPVC ULTRATERM;NORDESTE 2;NORDESTE;ATACADO;2026-08-01;320,96;NORDESTE 2|31 - CPVC ULTRATERM|ATACADO|AGO26
31 - CPVC ULTRATERM;NORDESTE 2;NORDESTE;ATACADO;2026-09-01;203,28;NORDESTE 2|31 - CPVC ULTRATERM|ATACADO|SET26
31 - CPVC ULTRATERM;NORDESTE 2;NORDESTE;ATACADO;2026-10-01;203,28;NORDESTE 2|31 - CPVC ULTRATERM|ATACADO|OUT26
31 - CPVC ULTRATERM;NORDESTE 2;NORDESTE;ATACADO;2026-11-01;203,28;NORDESTE 2|31 - CPVC ULTRATERM|ATACADO|NOV26
31 - CPVC ULTRATERM;NORDESTE 2;NORDESTE;ATACADO;2026-12-01;203,28;NORDESTE 2|31 - CPVC ULTRATERM|ATACADO|DEZ26
31 - CPVC ULTRATERM;NORDESTE 2;NORDESTE;OUTROS;2026-01-01;97,62;NORDESTE 2|31 - CPVC ULTRATERM|OUTROS|JAN26
31 - CPVC ULTRATERM;NORDESTE 2;NORDESTE;OUTROS;2026-03-01;36,30;NORDESTE 2|31 - CPVC ULTRATERM|OUTROS|MAR26
31 - CPVC ULTRATERM;NORDESTE 2;NORDESTE;OUTROS;2026-04-01;176,04;NORDESTE 2|31 - CPVC ULTRATERM|OUTROS|ABR26
31 - CPVC ULTRATERM;NORDESTE 2;NORDESTE;OUTROS;2026-05-01;63,57;NORDESTE 2|31 - CPVC ULTRATERM|OUTROS|MAI26
31 - CPVC ULTRATERM;NORDESTE 2;NORDESTE;OUTROS;2026-06-01;176,38;NORDESTE 2|31 - CPVC ULTRATERM|OUTROS|JUN26
31 - CPVC ULTRATERM;NORDESTE 2;NORDESTE;OUTROS;2026-07-01;144,24;NORDESTE 2|31 - CPVC ULTRATERM|OUTROS|JUL26
31 - CPVC ULTRATERM;NORDESTE 2;NORDESTE;OUTROS;2026-09-01;101,00;NORDESTE 2|31 - CPVC ULTRATERM|OUTROS|SET26
31 - CPVC ULTRATERM;NORDESTE 2;NORDESTE;OUTROS;2026-10-01;101,00;NORDESTE 2|31 - CPVC ULTRATERM|OUTROS|OUT26
31 - CPVC ULTRATERM;NORDESTE 2;NORDESTE;OUTROS;2026-11-01;101,00;NORDESTE 2|31 - CPVC ULTRATERM|OUTROS|NOV26
31 - CPVC ULTRATERM;NORDESTE 2;NORDESTE;OUTROS;2026-12-01;101,00;NORDESTE 2|31 - CPVC ULTRATERM|OUTROS|DEZ26
31 - CPVC ULTRATERM;NORDESTE 2;NORDESTE;VAREJO;2026-01-01;229,66;NORDESTE 2|31 - CPVC ULTRATERM|VAREJO|JAN26
31 - CPVC ULTRATERM;NORDESTE 2;NORDESTE;VAREJO;2026-02-01;148,58;NORDESTE 2|31 - CPVC ULTRATERM|VAREJO|FEV26
31 - CPVC ULTRATERM;NORDESTE 2;NORDESTE;VAREJO;2026-03-01;95,95;NORDESTE 2|31 - CPVC ULTRATERM|VAREJO|MAR26
31 - CPVC ULTRATERM;NORDESTE 2;NORDESTE;VAREJO;2026-04-01;382,36;NORDESTE 2|31 - CPVC ULTRATERM|VAREJO|ABR26
31 - CPVC ULTRATERM;NORDESTE 2;NORDESTE;VAREJO;2026-05-01;56,30;NORDESTE 2|31 - CPVC ULTRATERM|VAREJO|MAI26
31 - CPVC ULTRATERM;NORDESTE 2;NORDESTE;VAREJO;2026-06-01;700,73;NORDESTE 2|31 - CPVC ULTRATERM|VAREJO|JUN26
31 - CPVC ULTRATERM;NORDESTE 2;NORDESTE;VAREJO;2026-07-01;215,80;NORDESTE 2|31 - CPVC ULTRATERM|VAREJO|JUL26
31 - CPVC ULTRATERM;NORDESTE 2;NORDESTE;VAREJO;2026-08-01;402,81;NORDESTE 2|31 - CPVC ULTRATERM|VAREJO|AGO26
31 - CPVC ULTRATERM;NORDESTE 2;NORDESTE;VAREJO;2026-09-01;395,72;NORDESTE 2|31 - CPVC ULTRATERM|VAREJO|SET26
31 - CPVC ULTRATERM;NORDESTE 2;NORDESTE;VAREJO;2026-10-01;395,72;NORDESTE 2|31 - CPVC ULTRATERM|VAREJO|OUT26
31 - CPVC ULTRATERM;NORDESTE 2;NORDESTE;VAREJO;2026-11-01;395,72;NORDESTE 2|31 - CPVC ULTRATERM|VAREJO|NOV26
31 - CPVC ULTRATERM;NORDESTE 2;NORDESTE;VAREJO;2026-12-01;395,72;NORDESTE 2|31 - CPVC ULTRATERM|VAREJO|DEZ26
31 - CPVC ULTRATERM;NORDESTE 3;NORDESTE;ATACADO;2026-02-01;7,47;NORDESTE 3|31 - CPVC ULTRATERM|ATACADO|FEV26
31 - CPVC ULTRATERM;NORDESTE 3;NORDESTE;ATACADO;2026-03-01;670,15;NORDESTE 3|31 - CPVC ULTRATERM|ATACADO|MAR26
31 - CPVC ULTRATERM;NORDESTE 3;NORDESTE;ATACADO;2026-04-01;1095,08;NORDESTE 3|31 - CPVC ULTRATERM|ATACADO|ABR26
31 - CPVC ULTRATERM;NORDESTE 3;NORDESTE;ATACADO;2026-05-01;11,75;NORDESTE 3|31 - CPVC ULTRATERM|ATACADO|MAI26
31 - CPVC ULTRATERM;NORDESTE 3;NORDESTE;ATACADO;2026-06-01;150,04;NORDESTE 3|31 - CPVC ULTRATERM|ATACADO|JUN26
31 - CPVC ULTRATERM;NORDESTE 3;NORDESTE;ATACADO;2026-07-01;182,76;NORDESTE 3|31 - CPVC ULTRATERM|ATACADO|JUL26
31 - CPVC ULTRATERM;NORDESTE 3;NORDESTE;ATACADO;2026-08-01;417,83;NORDESTE 3|31 - CPVC ULTRATERM|ATACADO|AGO26
31 - CPVC ULTRATERM;NORDESTE 3;NORDESTE;ATACADO;2026-09-01;388,40;NORDESTE 3|31 - CPVC ULTRATERM|ATACADO|SET26
31 - CPVC ULTRATERM;NORDESTE 3;NORDESTE;ATACADO;2026-10-01;631,05;NORDESTE 3|31 - CPVC ULTRATERM|ATACADO|OUT26
31 - CPVC ULTRATERM;NORDESTE 3;NORDESTE;ATACADO;2026-11-01;485,31;NORDESTE 3|31 - CPVC ULTRATERM|ATACADO|NOV26
31 - CPVC ULTRATERM;NORDESTE 3;NORDESTE;ATACADO;2026-12-01;291,49;NORDESTE 3|31 - CPVC ULTRATERM|ATACADO|DEZ26
31 - CPVC ULTRATERM;NORDESTE 3;NORDESTE;OUTROS;2026-01-01;66,70;NORDESTE 3|31 - CPVC ULTRATERM|OUTROS|JAN26
31 - CPVC ULTRATERM;NORDESTE 3;NORDESTE;OUTROS;2026-04-01;52,76;NORDESTE 3|31 - CPVC ULTRATERM|OUTROS|ABR26
31 - CPVC ULTRATERM;NORDESTE 3;NORDESTE;OUTROS;2026-08-01;40,13;NORDESTE 3|31 - CPVC ULTRATERM|OUTROS|AGO26
31 - CPVC ULTRATERM;NORDESTE 3;NORDESTE;OUTROS;2026-09-01;12,77;NORDESTE 3|31 - CPVC ULTRATERM|OUTROS|SET26
31 - CPVC ULTRATERM;NORDESTE 3;NORDESTE;OUTROS;2026-10-01;20,75;NORDESTE 3|31 - CPVC ULTRATERM|OUTROS|OUT26
31 - CPVC ULTRATERM;NORDESTE 3;NORDESTE;OUTROS;2026-11-01;15,96;NORDESTE 3|31 - CPVC ULTRATERM|OUTROS|NOV26
31 - CPVC ULTRATERM;NORDESTE 3;NORDESTE;OUTROS;2026-12-01;9,58;NORDESTE 3|31 - CPVC ULTRATERM|OUTROS|DEZ26
31 - CPVC ULTRATERM;NORDESTE 3;NORDESTE;VAREJO;2026-01-01;113,15;NORDESTE 3|31 - CPVC ULTRATERM|VAREJO|JAN26
31 - CPVC ULTRATERM;NORDESTE 3;NORDESTE;VAREJO;2026-02-01;70,51;NORDESTE 3|31 - CPVC ULTRATERM|VAREJO|FEV26
31 - CPVC ULTRATERM;NORDESTE 3;NORDESTE;VAREJO;2026-03-01;16,10;NORDESTE 3|31 - CPVC ULTRATERM|VAREJO|MAR26
31 - CPVC ULTRATERM;NORDESTE 3;NORDESTE;VAREJO;2026-04-01;193,64;NORDESTE 3|31 - CPVC ULTRATERM|VAREJO|ABR26
31 - CPVC ULTRATERM;NORDESTE 3;NORDESTE;VAREJO;2026-05-01;87,62;NORDESTE 3|31 - CPVC ULTRATERM|VAREJO|MAI26
31 - CPVC ULTRATERM;NORDESTE 3;NORDESTE;VAREJO;2026-06-01;206,71;NORDESTE 3|31 - CPVC ULTRATERM|VAREJO|JUN26
31 - CPVC ULTRATERM;NORDESTE 3;NORDESTE;VAREJO;2026-07-01;21,69;NORDESTE 3|31 - CPVC ULTRATERM|VAREJO|JUL26
31 - CPVC ULTRATERM;NORDESTE 3;NORDESTE;VAREJO;2026-08-01;322,89;NORDESTE 3|31 - CPVC ULTRATERM|VAREJO|AGO26
31 - CPVC ULTRATERM;NORDESTE 3;NORDESTE;VAREJO;2026-09-01;115,83;NORDESTE 3|31 - CPVC ULTRATERM|VAREJO|SET26
31 - CPVC ULTRATERM;NORDESTE 3;NORDESTE;VAREJO;2026-10-01;188,20;NORDESTE 3|31 - CPVC ULTRATERM|VAREJO|OUT26
31 - CPVC ULTRATERM;NORDESTE 3;NORDESTE;VAREJO;2026-11-01;144,73;NORDESTE 3|31 - CPVC ULTRATERM|VAREJO|NOV26
31 - CPVC ULTRATERM;NORDESTE 3;NORDESTE;VAREJO;2026-12-01;86,93;NORDESTE 3|31 - CPVC ULTRATERM|VAREJO|DEZ26
31 - CPVC ULTRATERM;NORTE;CO NO;ATACADO;2026-02-01;39,57;NORTE|31 - CPVC ULTRATERM|ATACADO|FEV26
31 - CPVC ULTRATERM;NORTE;CO NO;ATACADO;2026-04-01;7,03;NORTE|31 - CPVC ULTRATERM|ATACADO|ABR26
31 - CPVC ULTRATERM;NORTE;CO NO;ATACADO;2026-07-01;78,84;NORTE|31 - CPVC ULTRATERM|ATACADO|JUL26
31 - CPVC ULTRATERM;NORTE;CO NO;ATACADO;2026-08-01;89,53;NORTE|31 - CPVC ULTRATERM|ATACADO|AGO26
31 - CPVC ULTRATERM;NORTE;CO NO;ATACADO;2026-09-01;21,11;NORTE|31 - CPVC ULTRATERM|ATACADO|SET26
31 - CPVC ULTRATERM;NORTE;CO NO;ATACADO;2026-10-01;20,18;NORTE|31 - CPVC ULTRATERM|ATACADO|OUT26
31 - CPVC ULTRATERM;NORTE;CO NO;ATACADO;2026-11-01;22,97;NORTE|31 - CPVC ULTRATERM|ATACADO|NOV26
31 - CPVC ULTRATERM;NORTE;CO NO;ATACADO;2026-12-01;15,72;NORTE|31 - CPVC ULTRATERM|ATACADO|DEZ26
31 - CPVC ULTRATERM;NORTE;CO NO;VAREJO;2026-01-01;152,54;NORTE|31 - CPVC ULTRATERM|VAREJO|JAN26
31 - CPVC ULTRATERM;NORTE;CO NO;VAREJO;2026-02-01;69,41;NORTE|31 - CPVC ULTRATERM|VAREJO|FEV26
31 - CPVC ULTRATERM;NORTE;CO NO;VAREJO;2026-03-01;610,86;NORTE|31 - CPVC ULTRATERM|VAREJO|MAR26
31 - CPVC ULTRATERM;NORTE;CO NO;VAREJO;2026-04-01;77,25;NORTE|31 - CPVC ULTRATERM|VAREJO|ABR26
31 - CPVC ULTRATERM;NORTE;CO NO;VAREJO;2026-05-01;138,17;NORTE|31 - CPVC ULTRATERM|VAREJO|MAI26
31 - CPVC ULTRATERM;NORTE;CO NO;VAREJO;2026-06-01;84,52;NORTE|31 - CPVC ULTRATERM|VAREJO|JUN26
31 - CPVC ULTRATERM;NORTE;CO NO;VAREJO;2026-07-01;57,10;NORTE|31 - CPVC ULTRATERM|VAREJO|JUL26
31 - CPVC ULTRATERM;NORTE;CO NO;VAREJO;2026-08-01;154,65;NORTE|31 - CPVC ULTRATERM|VAREJO|AGO26
31 - CPVC ULTRATERM;NORTE;CO NO;VAREJO;2026-09-01;205,89;NORTE|31 - CPVC ULTRATERM|VAREJO|SET26
31 - CPVC ULTRATERM;NORTE;CO NO;VAREJO;2026-10-01;196,82;NORTE|31 - CPVC ULTRATERM|VAREJO|OUT26
31 - CPVC ULTRATERM;NORTE;CO NO;VAREJO;2026-11-01;224,03;NORTE|31 - CPVC ULTRATERM|VAREJO|NOV26
31 - CPVC ULTRATERM;NORTE;CO NO;VAREJO;2026-12-01;153,28;NORTE|31 - CPVC ULTRATERM|VAREJO|DEZ26
31 - CPVC ULTRATERM;PARANA;SUL;ATACADO;2026-01-01;30,68;PARANA|31 - CPVC ULTRATERM|ATACADO|JAN26
31 - CPVC ULTRATERM;PARANA;SUL;ATACADO;2026-02-01;428,34;PARANA|31 - CPVC ULTRATERM|ATACADO|FEV26
31 - CPVC ULTRATERM;PARANA;SUL;ATACADO;2026-03-01;574,69;PARANA|31 - CPVC ULTRATERM|ATACADO|MAR26
31 - CPVC ULTRATERM;PARANA;SUL;ATACADO;2026-04-01;154,37;PARANA|31 - CPVC ULTRATERM|ATACADO|ABR26
31 - CPVC ULTRATERM;PARANA;SUL;ATACADO;2026-05-01;70,92;PARANA|31 - CPVC ULTRATERM|ATACADO|MAI26
31 - CPVC ULTRATERM;PARANA;SUL;ATACADO;2026-06-01;81,77;PARANA|31 - CPVC ULTRATERM|ATACADO|JUN26
31 - CPVC ULTRATERM;PARANA;SUL;ATACADO;2026-07-01;303,47;PARANA|31 - CPVC ULTRATERM|ATACADO|JUL26
31 - CPVC ULTRATERM;PARANA;SUL;ATACADO;2026-08-01;256,47;PARANA|31 - CPVC ULTRATERM|ATACADO|AGO26
31 - CPVC ULTRATERM;PARANA;SUL;ATACADO;2026-09-01;211,22;PARANA|31 - CPVC ULTRATERM|ATACADO|SET26
31 - CPVC ULTRATERM;PARANA;SUL;ATACADO;2026-10-01;220,10;PARANA|31 - CPVC ULTRATERM|ATACADO|OUT26
31 - CPVC ULTRATERM;PARANA;SUL;ATACADO;2026-11-01;206,68;PARANA|31 - CPVC ULTRATERM|ATACADO|NOV26
31 - CPVC ULTRATERM;PARANA;SUL;ATACADO;2026-12-01;183,96;PARANA|31 - CPVC ULTRATERM|ATACADO|DEZ26
31 - CPVC ULTRATERM;PARANA;SUL;OUTROS;2026-06-01;13,81;PARANA|31 - CPVC ULTRATERM|OUTROS|JUN26
31 - CPVC ULTRATERM;PARANA;SUL;OUTROS;2026-09-01;1,03;PARANA|31 - CPVC ULTRATERM|OUTROS|SET26
31 - CPVC ULTRATERM;PARANA;SUL;OUTROS;2026-10-01;1,07;PARANA|31 - CPVC ULTRATERM|OUTROS|OUT26
31 - CPVC ULTRATERM;PARANA;SUL;OUTROS;2026-11-01;1,01;PARANA|31 - CPVC ULTRATERM|OUTROS|NOV26
31 - CPVC ULTRATERM;PARANA;SUL;OUTROS;2026-12-01;0,90;PARANA|31 - CPVC ULTRATERM|OUTROS|DEZ26
31 - CPVC ULTRATERM;PARANA;SUL;VAREJO;2026-01-01;329,82;PARANA|31 - CPVC ULTRATERM|VAREJO|JAN26
31 - CPVC ULTRATERM;PARANA;SUL;VAREJO;2026-02-01;854,11;PARANA|31 - CPVC ULTRATERM|VAREJO|FEV26
31 - CPVC ULTRATERM;PARANA;SUL;VAREJO;2026-03-01;1064,71;PARANA|31 - CPVC ULTRATERM|VAREJO|MAR26
31 - CPVC ULTRATERM;PARANA;SUL;VAREJO;2026-04-01;1188,29;PARANA|31 - CPVC ULTRATERM|VAREJO|ABR26
31 - CPVC ULTRATERM;PARANA;SUL;VAREJO;2026-05-01;1366,90;PARANA|31 - CPVC ULTRATERM|VAREJO|MAI26
31 - CPVC ULTRATERM;PARANA;SUL;VAREJO;2026-06-01;404,45;PARANA|31 - CPVC ULTRATERM|VAREJO|JUN26
31 - CPVC ULTRATERM;PARANA;SUL;VAREJO;2026-07-01;836,14;PARANA|31 - CPVC ULTRATERM|VAREJO|JUL26
31 - CPVC ULTRATERM;PARANA;SUL;VAREJO;2026-08-01;809,95;PARANA|31 - CPVC ULTRATERM|VAREJO|AGO26
31 - CPVC ULTRATERM;PARANA;SUL;VAREJO;2026-09-01;810,75;PARANA|31 - CPVC ULTRATERM|VAREJO|SET26
31 - CPVC ULTRATERM;PARANA;SUL;VAREJO;2026-10-01;844,83;PARANA|31 - CPVC ULTRATERM|VAREJO|OUT26
31 - CPVC ULTRATERM;PARANA;SUL;VAREJO;2026-11-01;793,32;PARANA|31 - CPVC ULTRATERM|VAREJO|NOV26
31 - CPVC ULTRATERM;PARANA;SUL;VAREJO;2026-12-01;706,14;PARANA|31 - CPVC ULTRATERM|VAREJO|DEZ26
31 - CPVC ULTRATERM;RIO GRANDE DO SUL;SUL;ATACADO;2026-01-01;2,42;RIO GRANDE DO SUL|31 - CPVC ULTRATERM|ATACADO|JAN26
31 - CPVC ULTRATERM;RIO GRANDE DO SUL;SUL;ATACADO;2026-02-01;1351,51;RIO GRANDE DO SUL|31 - CPVC ULTRATERM|ATACADO|FEV26
31 - CPVC ULTRATERM;RIO GRANDE DO SUL;SUL;ATACADO;2026-03-01;3351,06;RIO GRANDE DO SUL|31 - CPVC ULTRATERM|ATACADO|MAR26
31 - CPVC ULTRATERM;RIO GRANDE DO SUL;SUL;ATACADO;2026-04-01;2529,70;RIO GRANDE DO SUL|31 - CPVC ULTRATERM|ATACADO|ABR26
31 - CPVC ULTRATERM;RIO GRANDE DO SUL;SUL;ATACADO;2026-05-01;29,82;RIO GRANDE DO SUL|31 - CPVC ULTRATERM|ATACADO|MAI26
31 - CPVC ULTRATERM;RIO GRANDE DO SUL;SUL;ATACADO;2026-06-01;209,16;RIO GRANDE DO SUL|31 - CPVC ULTRATERM|ATACADO|JUN26
31 - CPVC ULTRATERM;RIO GRANDE DO SUL;SUL;ATACADO;2026-07-01;1491,60;RIO GRANDE DO SUL|31 - CPVC ULTRATERM|ATACADO|JUL26
31 - CPVC ULTRATERM;RIO GRANDE DO SUL;SUL;ATACADO;2026-08-01;1829,16;RIO GRANDE DO SUL|31 - CPVC ULTRATERM|ATACADO|AGO26
31 - CPVC ULTRATERM;RIO GRANDE DO SUL;SUL;ATACADO;2026-09-01;1213,80;RIO GRANDE DO SUL|31 - CPVC ULTRATERM|ATACADO|SET26
31 - CPVC ULTRATERM;RIO GRANDE DO SUL;SUL;ATACADO;2026-10-01;1156,00;RIO GRANDE DO SUL|31 - CPVC ULTRATERM|ATACADO|OUT26
31 - CPVC ULTRATERM;RIO GRANDE DO SUL;SUL;ATACADO;2026-11-01;1156,00;RIO GRANDE DO SUL|31 - CPVC ULTRATERM|ATACADO|NOV26
31 - CPVC ULTRATERM;RIO GRANDE DO SUL;SUL;ATACADO;2026-12-01;854,45;RIO GRANDE DO SUL|31 - CPVC ULTRATERM|ATACADO|DEZ26
31 - CPVC ULTRATERM;RIO GRANDE DO SUL;SUL;OUTROS;2026-01-01;0,98;RIO GRANDE DO SUL|31 - CPVC ULTRATERM|OUTROS|JAN26
31 - CPVC ULTRATERM;RIO GRANDE DO SUL;SUL;OUTROS;2026-03-01;176,54;RIO GRANDE DO SUL|31 - CPVC ULTRATERM|OUTROS|MAR26
31 - CPVC ULTRATERM;RIO GRANDE DO SUL;SUL;OUTROS;2026-04-01;0,98;RIO GRANDE DO SUL|31 - CPVC ULTRATERM|OUTROS|ABR26
31 - CPVC ULTRATERM;RIO GRANDE DO SUL;SUL;OUTROS;2026-07-01;0,98;RIO GRANDE DO SUL|31 - CPVC ULTRATERM|OUTROS|JUL26
31 - CPVC ULTRATERM;RIO GRANDE DO SUL;SUL;OUTROS;2026-09-01;14,91;RIO GRANDE DO SUL|31 - CPVC ULTRATERM|OUTROS|SET26
31 - CPVC ULTRATERM;RIO GRANDE DO SUL;SUL;OUTROS;2026-10-01;14,20;RIO GRANDE DO SUL|31 - CPVC ULTRATERM|OUTROS|OUT26
31 - CPVC ULTRATERM;RIO GRANDE DO SUL;SUL;OUTROS;2026-11-01;14,20;RIO GRANDE DO SUL|31 - CPVC ULTRATERM|OUTROS|NOV26
31 - CPVC ULTRATERM;RIO GRANDE DO SUL;SUL;OUTROS;2026-12-01;10,49;RIO GRANDE DO SUL|31 - CPVC ULTRATERM|OUTROS|DEZ26
31 - CPVC ULTRATERM;RIO GRANDE DO SUL;SUL;VAREJO;2026-01-01;426,07;RIO GRANDE DO SUL|31 - CPVC ULTRATERM|VAREJO|JAN26
31 - CPVC ULTRATERM;RIO GRANDE DO SUL;SUL;VAREJO;2026-02-01;620,78;RIO GRANDE DO SUL|31 - CPVC ULTRATERM|VAREJO|FEV26
31 - CPVC ULTRATERM;RIO GRANDE DO SUL;SUL;VAREJO;2026-03-01;909,57;RIO GRANDE DO SUL|31 - CPVC ULTRATERM|VAREJO|MAR26
31 - CPVC ULTRATERM;RIO GRANDE DO SUL;SUL;VAREJO;2026-04-01;1210,62;RIO GRANDE DO SUL|31 - CPVC ULTRATERM|VAREJO|ABR26
31 - CPVC ULTRATERM;RIO GRANDE DO SUL;SUL;VAREJO;2026-05-01;1073,14;RIO GRANDE DO SUL|31 - CPVC ULTRATERM|VAREJO|MAI26
31 - CPVC ULTRATERM;RIO GRANDE DO SUL;SUL;VAREJO;2026-06-01;1007,07;RIO GRANDE DO SUL|31 - CPVC ULTRATERM|VAREJO|JUN26
31 - CPVC ULTRATERM;RIO GRANDE DO SUL;SUL;VAREJO;2026-07-01;677,04;RIO GRANDE DO SUL|31 - CPVC ULTRATERM|VAREJO|JUL26
31 - CPVC ULTRATERM;RIO GRANDE DO SUL;SUL;VAREJO;2026-08-01;1348,94;RIO GRANDE DO SUL|31 - CPVC ULTRATERM|VAREJO|AGO26
31 - CPVC ULTRATERM;RIO GRANDE DO SUL;SUL;VAREJO;2026-09-01;871,29;RIO GRANDE DO SUL|31 - CPVC ULTRATERM|VAREJO|SET26
31 - CPVC ULTRATERM;RIO GRANDE DO SUL;SUL;VAREJO;2026-10-01;829,80;RIO GRANDE DO SUL|31 - CPVC ULTRATERM|VAREJO|OUT26
31 - CPVC ULTRATERM;RIO GRANDE DO SUL;SUL;VAREJO;2026-11-01;829,80;RIO GRANDE DO SUL|31 - CPVC ULTRATERM|VAREJO|NOV26
31 - CPVC ULTRATERM;RIO GRANDE DO SUL;SUL;VAREJO;2026-12-01;613,35;RIO GRANDE DO SUL|31 - CPVC ULTRATERM|VAREJO|DEZ26
31 - CPVC ULTRATERM;RJ/ES;MINAS RJ/ES;ATACADO;2026-01-01;1,77;RJ/ES|31 - CPVC ULTRATERM|ATACADO|JAN26
31 - CPVC ULTRATERM;RJ/ES;MINAS RJ/ES;ATACADO;2026-02-01;900,78;RJ/ES|31 - CPVC ULTRATERM|ATACADO|FEV26
31 - CPVC ULTRATERM;RJ/ES;MINAS RJ/ES;ATACADO;2026-03-01;2148,39;RJ/ES|31 - CPVC ULTRATERM|ATACADO|MAR26
31 - CPVC ULTRATERM;RJ/ES;MINAS RJ/ES;ATACADO;2026-04-01;2272,42;RJ/ES|31 - CPVC ULTRATERM|ATACADO|ABR26
31 - CPVC ULTRATERM;RJ/ES;MINAS RJ/ES;ATACADO;2026-05-01;2,89;RJ/ES|31 - CPVC ULTRATERM|ATACADO|MAI26
31 - CPVC ULTRATERM;RJ/ES;MINAS RJ/ES;ATACADO;2026-06-01;535,04;RJ/ES|31 - CPVC ULTRATERM|ATACADO|JUN26
31 - CPVC ULTRATERM;RJ/ES;MINAS RJ/ES;ATACADO;2026-07-01;392,34;RJ/ES|31 - CPVC ULTRATERM|ATACADO|JUL26
31 - CPVC ULTRATERM;RJ/ES;MINAS RJ/ES;ATACADO;2026-08-01;682,43;RJ/ES|31 - CPVC ULTRATERM|ATACADO|AGO26
31 - CPVC ULTRATERM;RJ/ES;MINAS RJ/ES;ATACADO;2026-09-01;1039,69;RJ/ES|31 - CPVC ULTRATERM|ATACADO|SET26
31 - CPVC ULTRATERM;RJ/ES;MINAS RJ/ES;ATACADO;2026-10-01;1002,14;RJ/ES|31 - CPVC ULTRATERM|ATACADO|OUT26
31 - CPVC ULTRATERM;RJ/ES;MINAS RJ/ES;ATACADO;2026-11-01;1002,14;RJ/ES|31 - CPVC ULTRATERM|ATACADO|NOV26
31 - CPVC ULTRATERM;RJ/ES;MINAS RJ/ES;ATACADO;2026-12-01;1002,14;RJ/ES|31 - CPVC ULTRATERM|ATACADO|DEZ26
31 - CPVC ULTRATERM;RJ/ES;MINAS RJ/ES;OUTROS;2026-02-01;40,53;RJ/ES|31 - CPVC ULTRATERM|OUTROS|FEV26
31 - CPVC ULTRATERM;RJ/ES;MINAS RJ/ES;OUTROS;2026-03-01;243,04;RJ/ES|31 - CPVC ULTRATERM|OUTROS|MAR26
31 - CPVC ULTRATERM;RJ/ES;MINAS RJ/ES;OUTROS;2026-04-01;8,40;RJ/ES|31 - CPVC ULTRATERM|OUTROS|ABR26
31 - CPVC ULTRATERM;RJ/ES;MINAS RJ/ES;OUTROS;2026-05-01;132,75;RJ/ES|31 - CPVC ULTRATERM|OUTROS|MAI26
31 - CPVC ULTRATERM;RJ/ES;MINAS RJ/ES;OUTROS;2026-07-01;17,94;RJ/ES|31 - CPVC ULTRATERM|OUTROS|JUL26
31 - CPVC ULTRATERM;RJ/ES;MINAS RJ/ES;OUTROS;2026-08-01;140,59;RJ/ES|31 - CPVC ULTRATERM|OUTROS|AGO26
31 - CPVC ULTRATERM;RJ/ES;MINAS RJ/ES;OUTROS;2026-09-01;75,50;RJ/ES|31 - CPVC ULTRATERM|OUTROS|SET26
31 - CPVC ULTRATERM;RJ/ES;MINAS RJ/ES;OUTROS;2026-10-01;72,77;RJ/ES|31 - CPVC ULTRATERM|OUTROS|OUT26
31 - CPVC ULTRATERM;RJ/ES;MINAS RJ/ES;OUTROS;2026-11-01;72,77;RJ/ES|31 - CPVC ULTRATERM|OUTROS|NOV26
31 - CPVC ULTRATERM;RJ/ES;MINAS RJ/ES;OUTROS;2026-12-01;72,77;RJ/ES|31 - CPVC ULTRATERM|OUTROS|DEZ26
31 - CPVC ULTRATERM;RJ/ES;MINAS RJ/ES;VAREJO;2026-01-01;283,96;RJ/ES|31 - CPVC ULTRATERM|VAREJO|JAN26
31 - CPVC ULTRATERM;RJ/ES;MINAS RJ/ES;VAREJO;2026-02-01;438,38;RJ/ES|31 - CPVC ULTRATERM|VAREJO|FEV26
31 - CPVC ULTRATERM;RJ/ES;MINAS RJ/ES;VAREJO;2026-03-01;806,27;RJ/ES|31 - CPVC ULTRATERM|VAREJO|MAR26
31 - CPVC ULTRATERM;RJ/ES;MINAS RJ/ES;VAREJO;2026-04-01;797,37;RJ/ES|31 - CPVC ULTRATERM|VAREJO|ABR26
31 - CPVC ULTRATERM;RJ/ES;MINAS RJ/ES;VAREJO;2026-05-01;803,99;RJ/ES|31 - CPVC ULTRATERM|VAREJO|MAI26
31 - CPVC ULTRATERM;RJ/ES;MINAS RJ/ES;VAREJO;2026-06-01;138,14;RJ/ES|31 - CPVC ULTRATERM|VAREJO|JUN26
31 - CPVC ULTRATERM;RJ/ES;MINAS RJ/ES;VAREJO;2026-07-01;1133,96;RJ/ES|31 - CPVC ULTRATERM|VAREJO|JUL26
31 - CPVC ULTRATERM;RJ/ES;MINAS RJ/ES;VAREJO;2026-08-01;547,30;RJ/ES|31 - CPVC ULTRATERM|VAREJO|AGO26
31 - CPVC ULTRATERM;RJ/ES;MINAS RJ/ES;VAREJO;2026-09-01;684,81;RJ/ES|31 - CPVC ULTRATERM|VAREJO|SET26
31 - CPVC ULTRATERM;RJ/ES;MINAS RJ/ES;VAREJO;2026-10-01;660,08;RJ/ES|31 - CPVC ULTRATERM|VAREJO|OUT26
31 - CPVC ULTRATERM;RJ/ES;MINAS RJ/ES;VAREJO;2026-11-01;660,08;RJ/ES|31 - CPVC ULTRATERM|VAREJO|NOV26
31 - CPVC ULTRATERM;RJ/ES;MINAS RJ/ES;VAREJO;2026-12-01;660,08;RJ/ES|31 - CPVC ULTRATERM|VAREJO|DEZ26
31 - CPVC ULTRATERM;SANTA CATARINA 01;SUL;ATACADO;2026-01-01;68,53;SANTA CATARINA 01|31 - CPVC ULTRATERM|ATACADO|JAN26
31 - CPVC ULTRATERM;SANTA CATARINA 01;SUL;ATACADO;2026-02-01;437,08;SANTA CATARINA 01|31 - CPVC ULTRATERM|ATACADO|FEV26
31 - CPVC ULTRATERM;SANTA CATARINA 01;SUL;ATACADO;2026-03-01;529,96;SANTA CATARINA 01|31 - CPVC ULTRATERM|ATACADO|MAR26
31 - CPVC ULTRATERM;SANTA CATARINA 01;SUL;ATACADO;2026-04-01;774,39;SANTA CATARINA 01|31 - CPVC ULTRATERM|ATACADO|ABR26
31 - CPVC ULTRATERM;SANTA CATARINA 01;SUL;ATACADO;2026-05-01;267,67;SANTA CATARINA 01|31 - CPVC ULTRATERM|ATACADO|MAI26
31 - CPVC ULTRATERM;SANTA CATARINA 01;SUL;ATACADO;2026-06-01;278,82;SANTA CATARINA 01|31 - CPVC ULTRATERM|ATACADO|JUN26
31 - CPVC ULTRATERM;SANTA CATARINA 01;SUL;ATACADO;2026-07-01;291,77;SANTA CATARINA 01|31 - CPVC ULTRATERM|ATACADO|JUL26
31 - CPVC ULTRATERM;SANTA CATARINA 01;SUL;ATACADO;2026-08-01;296,00;SANTA CATARINA 01|31 - CPVC ULTRATERM|ATACADO|AGO26
31 - CPVC ULTRATERM;SANTA CATARINA 01;SUL;ATACADO;2026-09-01;481,88;SANTA CATARINA 01|31 - CPVC ULTRATERM|ATACADO|SET26
31 - CPVC ULTRATERM;SANTA CATARINA 01;SUL;ATACADO;2026-10-01;507,79;SANTA CATARINA 01|31 - CPVC ULTRATERM|ATACADO|OUT26
31 - CPVC ULTRATERM;SANTA CATARINA 01;SUL;ATACADO;2026-11-01;420,74;SANTA CATARINA 01|31 - CPVC ULTRATERM|ATACADO|NOV26
31 - CPVC ULTRATERM;SANTA CATARINA 01;SUL;ATACADO;2026-12-01;321,70;SANTA CATARINA 01|31 - CPVC ULTRATERM|ATACADO|DEZ26
31 - CPVC ULTRATERM;SANTA CATARINA 01;SUL;OUTROS;2026-02-01;17,14;SANTA CATARINA 01|31 - CPVC ULTRATERM|OUTROS|FEV26
31 - CPVC ULTRATERM;SANTA CATARINA 01;SUL;OUTROS;2026-05-01;17,14;SANTA CATARINA 01|31 - CPVC ULTRATERM|OUTROS|MAI26
31 - CPVC ULTRATERM;SANTA CATARINA 01;SUL;OUTROS;2026-09-01;4,61;SANTA CATARINA 01|31 - CPVC ULTRATERM|OUTROS|SET26
31 - CPVC ULTRATERM;SANTA CATARINA 01;SUL;OUTROS;2026-10-01;4,85;SANTA CATARINA 01|31 - CPVC ULTRATERM|OUTROS|OUT26
31 - CPVC ULTRATERM;SANTA CATARINA 01;SUL;OUTROS;2026-11-01;4,02;SANTA CATARINA 01|31 - CPVC ULTRATERM|OUTROS|NOV26
31 - CPVC ULTRATERM;SANTA CATARINA 01;SUL;OUTROS;2026-12-01;3,08;SANTA CATARINA 01|31 - CPVC ULTRATERM|OUTROS|DEZ26
31 - CPVC ULTRATERM;SANTA CATARINA 01;SUL;VAREJO;2026-01-01;228,74;SANTA CATARINA 01|31 - CPVC ULTRATERM|VAREJO|JAN26
31 - CPVC ULTRATERM;SANTA CATARINA 01;SUL;VAREJO;2026-02-01;241,76;SANTA CATARINA 01|31 - CPVC ULTRATERM|VAREJO|FEV26
31 - CPVC ULTRATERM;SANTA CATARINA 01;SUL;VAREJO;2026-03-01;316,81;SANTA CATARINA 01|31 - CPVC ULTRATERM|VAREJO|MAR26
31 - CPVC ULTRATERM;SANTA CATARINA 01;SUL;VAREJO;2026-04-01;401,75;SANTA CATARINA 01|31 - CPVC ULTRATERM|VAREJO|ABR26
31 - CPVC ULTRATERM;SANTA CATARINA 01;SUL;VAREJO;2026-05-01;779,00;SANTA CATARINA 01|31 - CPVC ULTRATERM|VAREJO|MAI26
31 - CPVC ULTRATERM;SANTA CATARINA 01;SUL;VAREJO;2026-06-01;263,45;SANTA CATARINA 01|31 - CPVC ULTRATERM|VAREJO|JUN26
31 - CPVC ULTRATERM;SANTA CATARINA 01;SUL;VAREJO;2026-07-01;405,57;SANTA CATARINA 01|31 - CPVC ULTRATERM|VAREJO|JUL26
31 - CPVC ULTRATERM;SANTA CATARINA 01;SUL;VAREJO;2026-08-01;998,42;SANTA CATARINA 01|31 - CPVC ULTRATERM|VAREJO|AGO26
31 - CPVC ULTRATERM;SANTA CATARINA 01;SUL;VAREJO;2026-09-01;443,51;SANTA CATARINA 01|31 - CPVC ULTRATERM|VAREJO|SET26
31 - CPVC ULTRATERM;SANTA CATARINA 01;SUL;VAREJO;2026-10-01;467,36;SANTA CATARINA 01|31 - CPVC ULTRATERM|VAREJO|OUT26
31 - CPVC ULTRATERM;SANTA CATARINA 01;SUL;VAREJO;2026-11-01;387,24;SANTA CATARINA 01|31 - CPVC ULTRATERM|VAREJO|NOV26
31 - CPVC ULTRATERM;SANTA CATARINA 01;SUL;VAREJO;2026-12-01;296,09;SANTA CATARINA 01|31 - CPVC ULTRATERM|VAREJO|DEZ26
31 - CPVC ULTRATERM;SANTA CATARINA 02;SUL;ATACADO;2026-01-01;1002,52;SANTA CATARINA 02|31 - CPVC ULTRATERM|ATACADO|JAN26
31 - CPVC ULTRATERM;SANTA CATARINA 02;SUL;ATACADO;2026-02-01;548,69;SANTA CATARINA 02|31 - CPVC ULTRATERM|ATACADO|FEV26
31 - CPVC ULTRATERM;SANTA CATARINA 02;SUL;ATACADO;2026-03-01;1658,53;SANTA CATARINA 02|31 - CPVC ULTRATERM|ATACADO|MAR26
31 - CPVC ULTRATERM;SANTA CATARINA 02;SUL;ATACADO;2026-04-01;1379,99;SANTA CATARINA 02|31 - CPVC ULTRATERM|ATACADO|ABR26
31 - CPVC ULTRATERM;SANTA CATARINA 02;SUL;ATACADO;2026-05-01;949,35;SANTA CATARINA 02|31 - CPVC ULTRATERM|ATACADO|MAI26
31 - CPVC ULTRATERM;SANTA CATARINA 02;SUL;ATACADO;2026-06-01;745,74;SANTA CATARINA 02|31 - CPVC ULTRATERM|ATACADO|JUN26
31 - CPVC ULTRATERM;SANTA CATARINA 02;SUL;ATACADO;2026-07-01;553,43;SANTA CATARINA 02|31 - CPVC ULTRATERM|ATACADO|JUL26
31 - CPVC ULTRATERM;SANTA CATARINA 02;SUL;ATACADO;2026-08-01;388,84;SANTA CATARINA 02|31 - CPVC ULTRATERM|ATACADO|AGO26
31 - CPVC ULTRATERM;SANTA CATARINA 02;SUL;ATACADO;2026-09-01;922,76;SANTA CATARINA 02|31 - CPVC ULTRATERM|ATACADO|SET26
31 - CPVC ULTRATERM;SANTA CATARINA 02;SUL;ATACADO;2026-10-01;852,39;SANTA CATARINA 02|31 - CPVC ULTRATERM|ATACADO|OUT26
31 - CPVC ULTRATERM;SANTA CATARINA 02;SUL;ATACADO;2026-11-01;884,56;SANTA CATARINA 02|31 - CPVC ULTRATERM|ATACADO|NOV26
31 - CPVC ULTRATERM;SANTA CATARINA 02;SUL;ATACADO;2026-12-01;579,81;SANTA CATARINA 02|31 - CPVC ULTRATERM|ATACADO|DEZ26
31 - CPVC ULTRATERM;SANTA CATARINA 02;SUL;VAREJO;2026-01-01;405,60;SANTA CATARINA 02|31 - CPVC ULTRATERM|VAREJO|JAN26
31 - CPVC ULTRATERM;SANTA CATARINA 02;SUL;VAREJO;2026-02-01;585,77;SANTA CATARINA 02|31 - CPVC ULTRATERM|VAREJO|FEV26
31 - CPVC ULTRATERM;SANTA CATARINA 02;SUL;VAREJO;2026-03-01;629,26;SANTA CATARINA 02|31 - CPVC ULTRATERM|VAREJO|MAR26
31 - CPVC ULTRATERM;SANTA CATARINA 02;SUL;VAREJO;2026-04-01;636,93;SANTA CATARINA 02|31 - CPVC ULTRATERM|VAREJO|ABR26
31 - CPVC ULTRATERM;SANTA CATARINA 02;SUL;VAREJO;2026-05-01;966,13;SANTA CATARINA 02|31 - CPVC ULTRATERM|VAREJO|MAI26
31 - CPVC ULTRATERM;SANTA CATARINA 02;SUL;VAREJO;2026-06-01;483,69;SANTA CATARINA 02|31 - CPVC ULTRATERM|VAREJO|JUN26
31 - CPVC ULTRATERM;SANTA CATARINA 02;SUL;VAREJO;2026-07-01;1166,05;SANTA CATARINA 02|31 - CPVC ULTRATERM|VAREJO|JUL26
31 - CPVC ULTRATERM;SANTA CATARINA 02;SUL;VAREJO;2026-08-01;1001,53;SANTA CATARINA 02|31 - CPVC ULTRATERM|VAREJO|AGO26
31 - CPVC ULTRATERM;SANTA CATARINA 02;SUL;VAREJO;2026-09-01;913,24;SANTA CATARINA 02|31 - CPVC ULTRATERM|VAREJO|SET26
31 - CPVC ULTRATERM;SANTA CATARINA 02;SUL;VAREJO;2026-10-01;843,61;SANTA CATARINA 02|31 - CPVC ULTRATERM|VAREJO|OUT26
31 - CPVC ULTRATERM;SANTA CATARINA 02;SUL;VAREJO;2026-11-01;875,44;SANTA CATARINA 02|31 - CPVC ULTRATERM|VAREJO|NOV26
31 - CPVC ULTRATERM;SANTA CATARINA 02;SUL;VAREJO;2026-12-01;573,83;SANTA CATARINA 02|31 - CPVC ULTRATERM|VAREJO|DEZ26
31 - CPVC ULTRATERM;SAO PAULO CAPITAL;SP;ATACADO;2026-01-01;324,57;SAO PAULO CAPITAL|31 - CPVC ULTRATERM|ATACADO|JAN26
31 - CPVC ULTRATERM;SAO PAULO CAPITAL;SP;ATACADO;2026-02-01;3,72;SAO PAULO CAPITAL|31 - CPVC ULTRATERM|ATACADO|FEV26
31 - CPVC ULTRATERM;SAO PAULO CAPITAL;SP;ATACADO;2026-03-01;126,74;SAO PAULO CAPITAL|31 - CPVC ULTRATERM|ATACADO|MAR26
31 - CPVC ULTRATERM;SAO PAULO CAPITAL;SP;ATACADO;2026-04-01;3,00;SAO PAULO CAPITAL|31 - CPVC ULTRATERM|ATACADO|ABR26
31 - CPVC ULTRATERM;SAO PAULO CAPITAL;SP;ATACADO;2026-05-01;162,00;SAO PAULO CAPITAL|31 - CPVC ULTRATERM|ATACADO|MAI26
31 - CPVC ULTRATERM;SAO PAULO CAPITAL;SP;ATACADO;2026-06-01;16,62;SAO PAULO CAPITAL|31 - CPVC ULTRATERM|ATACADO|JUN26
31 - CPVC ULTRATERM;SAO PAULO CAPITAL;SP;ATACADO;2026-08-01;341,60;SAO PAULO CAPITAL|31 - CPVC ULTRATERM|ATACADO|AGO26
31 - CPVC ULTRATERM;SAO PAULO CAPITAL;SP;ATACADO;2026-09-01;153,36;SAO PAULO CAPITAL|31 - CPVC ULTRATERM|ATACADO|SET26
31 - CPVC ULTRATERM;SAO PAULO CAPITAL;SP;ATACADO;2026-10-01;142,66;SAO PAULO CAPITAL|31 - CPVC ULTRATERM|ATACADO|OUT26
31 - CPVC ULTRATERM;SAO PAULO CAPITAL;SP;ATACADO;2026-11-01;131,67;SAO PAULO CAPITAL|31 - CPVC ULTRATERM|ATACADO|NOV26
31 - CPVC ULTRATERM;SAO PAULO CAPITAL;SP;ATACADO;2026-12-01;110,70;SAO PAULO CAPITAL|31 - CPVC ULTRATERM|ATACADO|DEZ26
31 - CPVC ULTRATERM;SAO PAULO CAPITAL;SP;VAREJO;2026-01-01;226,01;SAO PAULO CAPITAL|31 - CPVC ULTRATERM|VAREJO|JAN26
31 - CPVC ULTRATERM;SAO PAULO CAPITAL;SP;VAREJO;2026-02-01;637,21;SAO PAULO CAPITAL|31 - CPVC ULTRATERM|VAREJO|FEV26
31 - CPVC ULTRATERM;SAO PAULO CAPITAL;SP;VAREJO;2026-03-01;968,57;SAO PAULO CAPITAL|31 - CPVC ULTRATERM|VAREJO|MAR26
31 - CPVC ULTRATERM;SAO PAULO CAPITAL;SP;VAREJO;2026-04-01;833,13;SAO PAULO CAPITAL|31 - CPVC ULTRATERM|VAREJO|ABR26
31 - CPVC ULTRATERM;SAO PAULO CAPITAL;SP;VAREJO;2026-05-01;768,29;SAO PAULO CAPITAL|31 - CPVC ULTRATERM|VAREJO|MAI26
31 - CPVC ULTRATERM;SAO PAULO CAPITAL;SP;VAREJO;2026-06-01;556,42;SAO PAULO CAPITAL|31 - CPVC ULTRATERM|VAREJO|JUN26
31 - CPVC ULTRATERM;SAO PAULO CAPITAL;SP;VAREJO;2026-07-01;570,71;SAO PAULO CAPITAL|31 - CPVC ULTRATERM|VAREJO|JUL26
31 - CPVC ULTRATERM;SAO PAULO CAPITAL;SP;VAREJO;2026-08-01;545,05;SAO PAULO CAPITAL|31 - CPVC ULTRATERM|VAREJO|AGO26
31 - CPVC ULTRATERM;SAO PAULO CAPITAL;SP;VAREJO;2026-09-01;921,64;SAO PAULO CAPITAL|31 - CPVC ULTRATERM|VAREJO|SET26
31 - CPVC ULTRATERM;SAO PAULO CAPITAL;SP;VAREJO;2026-10-01;857,34;SAO PAULO CAPITAL|31 - CPVC ULTRATERM|VAREJO|OUT26
31 - CPVC ULTRATERM;SAO PAULO CAPITAL;SP;VAREJO;2026-11-01;791,33;SAO PAULO CAPITAL|31 - CPVC ULTRATERM|VAREJO|NOV26
31 - CPVC ULTRATERM;SAO PAULO CAPITAL;SP;VAREJO;2026-12-01;665,30;SAO PAULO CAPITAL|31 - CPVC ULTRATERM|VAREJO|DEZ26
31 - CPVC ULTRATERM;SAO PAULO CAPITAL 2;SP;ATACADO;2026-01-01;344,34;SAO PAULO CAPITAL 2|31 - CPVC ULTRATERM|ATACADO|JAN26
31 - CPVC ULTRATERM;SAO PAULO CAPITAL 2;SP;ATACADO;2026-02-01;491,00;SAO PAULO CAPITAL 2|31 - CPVC ULTRATERM|ATACADO|FEV26
31 - CPVC ULTRATERM;SAO PAULO CAPITAL 2;SP;ATACADO;2026-03-01;3302,22;SAO PAULO CAPITAL 2|31 - CPVC ULTRATERM|ATACADO|MAR26
31 - CPVC ULTRATERM;SAO PAULO CAPITAL 2;SP;ATACADO;2026-04-01;4060,49;SAO PAULO CAPITAL 2|31 - CPVC ULTRATERM|ATACADO|ABR26
31 - CPVC ULTRATERM;SAO PAULO CAPITAL 2;SP;ATACADO;2026-05-01;189,24;SAO PAULO CAPITAL 2|31 - CPVC ULTRATERM|ATACADO|MAI26
31 - CPVC ULTRATERM;SAO PAULO CAPITAL 2;SP;ATACADO;2026-06-01;352,02;SAO PAULO CAPITAL 2|31 - CPVC ULTRATERM|ATACADO|JUN26
31 - CPVC ULTRATERM;SAO PAULO CAPITAL 2;SP;ATACADO;2026-07-01;1283,06;SAO PAULO CAPITAL 2|31 - CPVC ULTRATERM|ATACADO|JUL26
31 - CPVC ULTRATERM;SAO PAULO CAPITAL 2;SP;ATACADO;2026-08-01;919,40;SAO PAULO CAPITAL 2|31 - CPVC ULTRATERM|ATACADO|AGO26
31 - CPVC ULTRATERM;SAO PAULO CAPITAL 2;SP;ATACADO;2026-09-01;1677,00;SAO PAULO CAPITAL 2|31 - CPVC ULTRATERM|ATACADO|SET26
31 - CPVC ULTRATERM;SAO PAULO CAPITAL 2;SP;ATACADO;2026-10-01;1460,80;SAO PAULO CAPITAL 2|31 - CPVC ULTRATERM|ATACADO|OUT26
31 - CPVC ULTRATERM;SAO PAULO CAPITAL 2;SP;ATACADO;2026-11-01;1116,00;SAO PAULO CAPITAL 2|31 - CPVC ULTRATERM|ATACADO|NOV26
31 - CPVC ULTRATERM;SAO PAULO CAPITAL 2;SP;ATACADO;2026-12-01;1540,00;SAO PAULO CAPITAL 2|31 - CPVC ULTRATERM|ATACADO|DEZ26
31 - CPVC ULTRATERM;SAO PAULO INTERIOR;SP;ATACADO;2026-01-01;15,48;SAO PAULO INTERIOR|31 - CPVC ULTRATERM|ATACADO|JAN26
31 - CPVC ULTRATERM;SAO PAULO INTERIOR;SP;ATACADO;2026-02-01;164,61;SAO PAULO INTERIOR|31 - CPVC ULTRATERM|ATACADO|FEV26
31 - CPVC ULTRATERM;SAO PAULO INTERIOR;SP;ATACADO;2026-03-01;717,49;SAO PAULO INTERIOR|31 - CPVC ULTRATERM|ATACADO|MAR26
31 - CPVC ULTRATERM;SAO PAULO INTERIOR;SP;ATACADO;2026-04-01;1564,55;SAO PAULO INTERIOR|31 - CPVC ULTRATERM|ATACADO|ABR26
31 - CPVC ULTRATERM;SAO PAULO INTERIOR;SP;ATACADO;2026-06-01;416,48;SAO PAULO INTERIOR|31 - CPVC ULTRATERM|ATACADO|JUN26
31 - CPVC ULTRATERM;SAO PAULO INTERIOR;SP;ATACADO;2026-07-01;1,50;SAO PAULO INTERIOR|31 - CPVC ULTRATERM|ATACADO|JUL26
31 - CPVC ULTRATERM;SAO PAULO INTERIOR;SP;ATACADO;2026-08-01;437,88;SAO PAULO INTERIOR|31 - CPVC ULTRATERM|ATACADO|AGO26
31 - CPVC ULTRATERM;SAO PAULO INTERIOR;SP;ATACADO;2026-09-01;1183,30;SAO PAULO INTERIOR|31 - CPVC ULTRATERM|ATACADO|SET26
31 - CPVC ULTRATERM;SAO PAULO INTERIOR;SP;ATACADO;2026-10-01;1043,25;SAO PAULO INTERIOR|31 - CPVC ULTRATERM|ATACADO|OUT26
31 - CPVC ULTRATERM;SAO PAULO INTERIOR;SP;ATACADO;2026-11-01;773,75;SAO PAULO INTERIOR|31 - CPVC ULTRATERM|ATACADO|NOV26
31 - CPVC ULTRATERM;SAO PAULO INTERIOR;SP;ATACADO;2026-12-01;914,13;SAO PAULO INTERIOR|31 - CPVC ULTRATERM|ATACADO|DEZ26
31 - CPVC ULTRATERM;SAO PAULO INTERIOR;SP;OUTROS;2026-02-01;3,57;SAO PAULO INTERIOR|31 - CPVC ULTRATERM|OUTROS|FEV26
31 - CPVC ULTRATERM;SAO PAULO INTERIOR;SP;OUTROS;2026-03-01;269,88;SAO PAULO INTERIOR|31 - CPVC ULTRATERM|OUTROS|MAR26
31 - CPVC ULTRATERM;SAO PAULO INTERIOR;SP;OUTROS;2026-06-01;227,00;SAO PAULO INTERIOR|31 - CPVC ULTRATERM|OUTROS|JUN26
31 - CPVC ULTRATERM;SAO PAULO INTERIOR;SP;OUTROS;2026-08-01;81,95;SAO PAULO INTERIOR|31 - CPVC ULTRATERM|OUTROS|AGO26
31 - CPVC ULTRATERM;SAO PAULO INTERIOR;SP;OUTROS;2026-09-01;119,21;SAO PAULO INTERIOR|31 - CPVC ULTRATERM|OUTROS|SET26
31 - CPVC ULTRATERM;SAO PAULO INTERIOR;SP;OUTROS;2026-10-01;105,10;SAO PAULO INTERIOR|31 - CPVC ULTRATERM|OUTROS|OUT26
31 - CPVC ULTRATERM;SAO PAULO INTERIOR;SP;OUTROS;2026-11-01;77,95;SAO PAULO INTERIOR|31 - CPVC ULTRATERM|OUTROS|NOV26
31 - CPVC ULTRATERM;SAO PAULO INTERIOR;SP;OUTROS;2026-12-01;92,09;SAO PAULO INTERIOR|31 - CPVC ULTRATERM|OUTROS|DEZ26
31 - CPVC ULTRATERM;SAO PAULO INTERIOR;SP;VAREJO;2026-01-01;1027,00;SAO PAULO INTERIOR|31 - CPVC ULTRATERM|VAREJO|JAN26
31 - CPVC ULTRATERM;SAO PAULO INTERIOR;SP;VAREJO;2026-02-01;1525,47;SAO PAULO INTERIOR|31 - CPVC ULTRATERM|VAREJO|FEV26
31 - CPVC ULTRATERM;SAO PAULO INTERIOR;SP;VAREJO;2026-03-01;2491,21;SAO PAULO INTERIOR|31 - CPVC ULTRATERM|VAREJO|MAR26
31 - CPVC ULTRATERM;SAO PAULO INTERIOR;SP;VAREJO;2026-04-01;1614,43;SAO PAULO INTERIOR|31 - CPVC ULTRATERM|VAREJO|ABR26
31 - CPVC ULTRATERM;SAO PAULO INTERIOR;SP;VAREJO;2026-05-01;1892,05;SAO PAULO INTERIOR|31 - CPVC ULTRATERM|VAREJO|MAI26
31 - CPVC ULTRATERM;SAO PAULO INTERIOR;SP;VAREJO;2026-06-01;665,06;SAO PAULO INTERIOR|31 - CPVC ULTRATERM|VAREJO|JUN26
31 - CPVC ULTRATERM;SAO PAULO INTERIOR;SP;VAREJO;2026-07-01;777,69;SAO PAULO INTERIOR|31 - CPVC ULTRATERM|VAREJO|JUL26
31 - CPVC ULTRATERM;SAO PAULO INTERIOR;SP;VAREJO;2026-08-01;1062,37;SAO PAULO INTERIOR|31 - CPVC ULTRATERM|VAREJO|AGO26
31 - CPVC ULTRATERM;SAO PAULO INTERIOR;SP;VAREJO;2026-09-01;2271,49;SAO PAULO INTERIOR|31 - CPVC ULTRATERM|VAREJO|SET26
31 - CPVC ULTRATERM;SAO PAULO INTERIOR;SP;VAREJO;2026-10-01;2002,65;SAO PAULO INTERIOR|31 - CPVC ULTRATERM|VAREJO|OUT26
31 - CPVC ULTRATERM;SAO PAULO INTERIOR;SP;VAREJO;2026-11-01;1485,31;SAO PAULO INTERIOR|31 - CPVC ULTRATERM|VAREJO|NOV26
31 - CPVC ULTRATERM;SAO PAULO INTERIOR;SP;VAREJO;2026-12-01;1754,78;SAO PAULO INTERIOR|31 - CPVC ULTRATERM|VAREJO|DEZ26
31 - CPVC ULTRATERM;TELEVENDAS;TELEVENDAS;OUTROS;2026-05-01;5,90;TELEVENDAS|31 - CPVC ULTRATERM|OUTROS|MAI26
31 - CPVC ULTRATERM;TELEVENDAS;TELEVENDAS;OUTROS;2026-09-01;10,09;TELEVENDAS|31 - CPVC ULTRATERM|OUTROS|SET26
31 - CPVC ULTRATERM;TELEVENDAS;TELEVENDAS;OUTROS;2026-10-01;9,13;TELEVENDAS|31 - CPVC ULTRATERM|OUTROS|OUT26
31 - CPVC ULTRATERM;TELEVENDAS;TELEVENDAS;OUTROS;2026-11-01;7,98;TELEVENDAS|31 - CPVC ULTRATERM|OUTROS|NOV26
31 - CPVC ULTRATERM;TELEVENDAS;TELEVENDAS;OUTROS;2026-12-01;10,57;TELEVENDAS|31 - CPVC ULTRATERM|OUTROS|DEZ26
31 - CPVC ULTRATERM;TELEVENDAS;TELEVENDAS;VAREJO;2026-01-01;305,34;TELEVENDAS|31 - CPVC ULTRATERM|VAREJO|JAN26
31 - CPVC ULTRATERM;TELEVENDAS;TELEVENDAS;VAREJO;2026-02-01;400,07;TELEVENDAS|31 - CPVC ULTRATERM|VAREJO|FEV26
31 - CPVC ULTRATERM;TELEVENDAS;TELEVENDAS;VAREJO;2026-03-01;676,28;TELEVENDAS|31 - CPVC ULTRATERM|VAREJO|MAR26
31 - CPVC ULTRATERM;TELEVENDAS;TELEVENDAS;VAREJO;2026-04-01;274,58;TELEVENDAS|31 - CPVC ULTRATERM|VAREJO|ABR26
31 - CPVC ULTRATERM;TELEVENDAS;TELEVENDAS;VAREJO;2026-05-01;465,77;TELEVENDAS|31 - CPVC ULTRATERM|VAREJO|MAI26
31 - CPVC ULTRATERM;TELEVENDAS;TELEVENDAS;VAREJO;2026-06-01;563,61;TELEVENDAS|31 - CPVC ULTRATERM|VAREJO|JUN26
31 - CPVC ULTRATERM;TELEVENDAS;TELEVENDAS;VAREJO;2026-07-01;581,91;TELEVENDAS|31 - CPVC ULTRATERM|VAREJO|JUL26
31 - CPVC ULTRATERM;TELEVENDAS;TELEVENDAS;VAREJO;2026-08-01;689,65;TELEVENDAS|31 - CPVC ULTRATERM|VAREJO|AGO26
31 - CPVC ULTRATERM;TELEVENDAS;TELEVENDAS;VAREJO;2026-09-01;495,91;TELEVENDAS|31 - CPVC ULTRATERM|VAREJO|SET26
31 - CPVC ULTRATERM;TELEVENDAS;TELEVENDAS;VAREJO;2026-10-01;448,87;TELEVENDAS|31 - CPVC ULTRATERM|VAREJO|OUT26
31 - CPVC ULTRATERM;TELEVENDAS;TELEVENDAS;VAREJO;2026-11-01;392,02;TELEVENDAS|31 - CPVC ULTRATERM|VAREJO|NOV26
31 - CPVC ULTRATERM;TELEVENDAS;TELEVENDAS;VAREJO;2026-12-01;519,43;TELEVENDAS|31 - CPVC ULTRATERM|VAREJO|DEZ26
